2025-07-20 20:35:48 [INFO] GripperOptimized:__init__:72 - 夾爪模組啟動 (CASE優化版本) - 專注PGC夾爪
2025-07-20 20:35:48 [INFO] GripperOptimized:__init__:73 - 基地址: 500-519 (狀態), 520-539 (指令)
2025-07-20 20:35:48 [INFO] GripperOptimized:__init__:74 - 性能參數: 主循環=20.0ms, 狀態更新=50.0ms
2025-07-20 20:35:48 [INFO] GripperOptimized:optimized_main_loop:459 - 夾爪主循環啟動 - CASE優化模式 (20ms穩定)
2025-07-20 20:35:48 [INFO] GripperOptimized:start:535 - 夾爪模組已啟動 - CASE優化模式
2025-07-20 20:35:48 [INFO] GripperOptimized:start:536 - 配置: 20ms穩定循環, 50ms狀態更新, 專注PGC夾爪
2025-07-20 20:35:48 [INFO] GripperOptimized:start:537 - 優化功能: 狀態緩存, 批量讀取, 性能監控, 完整日誌
2025-07-20 20:35:48 [INFO] GripperOptimized:connect_main_server:174 - 主服務器連接成功: 127.0.0.1:502
2025-07-20 20:35:48 [INFO] GripperOptimized:connect_rtu_devices:200 - RTU設備連接成功: COM3
2025-07-20 20:35:48 [WARNING] GripperOptimized:optimized_main_loop:518 - 主循環執行時間過長: 52.5ms
2025-07-20 20:35:56 [WARNING] GripperOptimized:optimized_main_loop:518 - 主循環執行時間過長: 35.4ms
2025-07-20 20:35:57 [WARNING] GripperOptimized:optimized_main_loop:518 - 主循環執行時間過長: 32.8ms
2025-07-20 20:35:58 [WARNING] GripperOptimized:optimized_main_loop:518 - 主循環執行時間過長: 37.4ms
2025-07-20 20:36:04 [WARNING] GripperOptimized:optimized_main_loop:518 - 主循環執行時間過長: 38.5ms
2025-07-20 20:36:08 [WARNING] GripperOptimized:optimized_main_loop:518 - 主循環執行時間過長: 31.0ms
2025-07-20 20:36:09 [INFO] GripperOptimized:optimized_main_loop:506 - 性能統計: 循環=1000, 運行時間=21.1s, 平均循環耗時=5.7ms, 最大循環耗時=52.5ms, 指令數=0, 錯誤數=0, 平均響應=0.0ms
2025-07-20 20:36:09 [WARNING] GripperOptimized:optimized_main_loop:518 - 主循環執行時間過長: 38.2ms
2025-07-20 20:36:13 [WARNING] GripperOptimized:optimized_main_loop:518 - 主循環執行時間過長: 31.5ms
2025-07-20 20:36:25 [WARNING] GripperOptimized:optimized_main_loop:518 - 主循環執行時間過長: 35.0ms
2025-07-20 20:36:30 [INFO] GripperOptimized:optimized_main_loop:506 - 性能統計: 循環=2000, 運行時間=42.3s, 平均循環耗時=4.5ms, 最大循環耗時=52.5ms, 指令數=0, 錯誤數=0, 平均響應=0.0ms
2025-07-20 20:36:32 [WARNING] GripperOptimized:optimized_main_loop:518 - 主循環執行時間過長: 36.4ms
2025-07-20 20:36:33 [WARNING] GripperOptimized:optimized_main_loop:518 - 主循環執行時間過長: 37.8ms
2025-07-20 20:36:35 [WARNING] GripperOptimized:optimized_main_loop:518 - 主循環執行時間過長: 35.6ms
2025-07-20 20:36:42 [WARNING] GripperOptimized:optimized_main_loop:518 - 主循環執行時間過長: 38.4ms
2025-07-20 20:36:43 [WARNING] GripperOptimized:optimized_main_loop:518 - 主循環執行時間過長: 36.2ms
2025-07-20 20:36:47 [WARNING] GripperOptimized:optimized_main_loop:518 - 主循環執行時間過長: 33.6ms
2025-07-20 20:36:48 [WARNING] GripperOptimized:optimized_main_loop:518 - 主循環執行時間過長: 35.2ms
2025-07-20 20:36:49 [WARNING] GripperOptimized:optimized_main_loop:518 - 主循環執行時間過長: 37.2ms
2025-07-20 20:36:51 [INFO] GripperOptimized:optimized_main_loop:506 - 性能統計: 循環=3000, 運行時間=63.6s, 平均循環耗時=4.5ms, 最大循環耗時=52.5ms, 指令數=0, 錯誤數=0, 平均響應=0.0ms
2025-07-20 20:36:54 [WARNING] GripperOptimized:optimized_main_loop:518 - 主循環執行時間過長: 34.0ms
2025-07-20 20:37:01 [WARNING] GripperOptimized:optimized_main_loop:518 - 主循環執行時間過長: 38.6ms
2025-07-20 20:37:02 [WARNING] GripperOptimized:optimized_main_loop:518 - 主循環執行時間過長: 38.1ms
2025-07-20 20:37:03 [WARNING] GripperOptimized:optimized_main_loop:518 - 主循環執行時間過長: 36.5ms
2025-07-20 20:37:07 [WARNING] GripperOptimized:optimized_main_loop:518 - 主循環執行時間過長: 31.1ms
2025-07-20 20:37:08 [WARNING] GripperOptimized:optimized_main_loop:518 - 主循環執行時間過長: 36.2ms
2025-07-20 20:37:13 [INFO] GripperOptimized:optimized_main_loop:506 - 性能統計: 循環=4000, 運行時間=84.8s, 平均循環耗時=5.1ms, 最大循環耗時=52.5ms, 指令數=0, 錯誤數=0, 平均響應=0.0ms
2025-07-20 20:37:13 [WARNING] GripperOptimized:optimized_main_loop:518 - 主循環執行時間過長: 32.6ms
2025-07-20 20:37:17 [WARNING] GripperOptimized:optimized_main_loop:518 - 主循環執行時間過長: 33.6ms
2025-07-20 20:37:24 [WARNING] GripperOptimized:optimized_main_loop:518 - 主循環執行時間過長: 34.5ms
2025-07-20 20:37:25 [WARNING] GripperOptimized:optimized_main_loop:518 - 主循環執行時間過長: 35.9ms
2025-07-20 20:37:26 [WARNING] GripperOptimized:optimized_main_loop:518 - 主循環執行時間過長: 37.3ms
2025-07-20 20:37:28 [WARNING] GripperOptimized:optimized_main_loop:518 - 主循環執行時間過長: 37.7ms
2025-07-20 20:37:29 [WARNING] GripperOptimized:optimized_main_loop:518 - 主循環執行時間過長: 37.1ms
2025-07-20 20:37:30 [WARNING] GripperOptimized:optimized_main_loop:518 - 主循環執行時間過長: 38.4ms
2025-07-20 20:37:34 [INFO] GripperOptimized:optimized_main_loop:506 - 性能統計: 循環=5000, 運行時間=106.0s, 平均循環耗時=3.7ms, 最大循環耗時=52.5ms, 指令數=0, 錯誤數=0, 平均響應=0.0ms
2025-07-20 20:37:47 [WARNING] GripperOptimized:optimized_main_loop:518 - 主循環執行時間過長: 39.0ms
2025-07-20 20:37:48 [WARNING] GripperOptimized:optimized_main_loop:518 - 主循環執行時間過長: 36.0ms
2025-07-20 20:37:55 [INFO] GripperOptimized:optimized_main_loop:506 - 性能統計: 循環=6000, 運行時間=127.2s, 平均循環耗時=4.5ms, 最大循環耗時=52.5ms, 指令數=0, 錯誤數=0, 平均響應=0.0ms
2025-07-20 20:37:55 [WARNING] GripperOptimized:optimized_main_loop:518 - 主循環執行時間過長: 33.0ms
2025-07-20 20:38:02 [WARNING] GripperOptimized:optimized_main_loop:518 - 主循環執行時間過長: 37.9ms
2025-07-20 20:38:07 [WARNING] GripperOptimized:optimized_main_loop:518 - 主循環執行時間過長: 37.8ms
2025-07-20 20:38:08 [WARNING] GripperOptimized:optimized_main_loop:518 - 主循環執行時間過長: 37.6ms
2025-07-20 20:38:16 [INFO] GripperOptimized:optimized_main_loop:506 - 性能統計: 循環=7000, 運行時間=148.3s, 平均循環耗時=3.5ms, 最大循環耗時=52.5ms, 指令數=0, 錯誤數=0, 平均響應=0.0ms
2025-07-20 20:38:19 [WARNING] GripperOptimized:optimized_main_loop:518 - 主循環執行時間過長: 31.0ms
2025-07-20 20:38:24 [WARNING] GripperOptimized:optimized_main_loop:518 - 主循環執行時間過長: 36.5ms
2025-07-20 20:38:25 [WARNING] GripperOptimized:optimized_main_loop:518 - 主循環執行時間過長: 37.1ms
2025-07-20 20:38:32 [WARNING] GripperOptimized:optimized_main_loop:518 - 主循環執行時間過長: 37.8ms
2025-07-20 20:38:33 [WARNING] GripperOptimized:optimized_main_loop:518 - 主循環執行時間過長: 37.5ms
2025-07-20 20:38:34 [WARNING] GripperOptimized:optimized_main_loop:518 - 主循環執行時間過長: 38.4ms
2025-07-20 20:38:35 [WARNING] GripperOptimized:optimized_main_loop:518 - 主循環執行時間過長: 37.2ms
2025-07-20 20:38:36 [WARNING] GripperOptimized:optimized_main_loop:518 - 主循環執行時間過長: 38.1ms
2025-07-20 20:38:37 [INFO] GripperOptimized:optimized_main_loop:506 - 性能統計: 循環=8000, 運行時間=169.6s, 平均循環耗時=5.6ms, 最大循環耗時=52.5ms, 指令數=0, 錯誤數=0, 平均響應=0.0ms
2025-07-20 20:38:37 [WARNING] GripperOptimized:optimized_main_loop:518 - 主循環執行時間過長: 38.8ms
2025-07-20 20:38:39 [WARNING] GripperOptimized:optimized_main_loop:518 - 主循環執行時間過長: 36.4ms
2025-07-20 20:38:40 [WARNING] GripperOptimized:optimized_main_loop:518 - 主循環執行時間過長: 38.1ms
2025-07-20 20:38:47 [WARNING] GripperOptimized:optimized_main_loop:518 - 主循環執行時間過長: 36.0ms
2025-07-20 20:38:59 [INFO] GripperOptimized:optimized_main_loop:506 - 性能統計: 循環=9000, 運行時間=190.7s, 平均循環耗時=6.3ms, 最大循環耗時=52.5ms, 指令數=0, 錯誤數=0, 平均響應=0.0ms
2025-07-20 20:38:59 [WARNING] GripperOptimized:optimized_main_loop:518 - 主循環執行時間過長: 37.3ms
2025-07-20 20:39:03 [WARNING] GripperOptimized:optimized_main_loop:518 - 主循環執行時間過長: 32.3ms
2025-07-20 20:39:04 [WARNING] GripperOptimized:optimized_main_loop:518 - 主循環執行時間過長: 35.8ms
2025-07-20 20:39:05 [WARNING] GripperOptimized:optimized_main_loop:518 - 主循環執行時間過長: 36.6ms
2025-07-20 20:39:09 [WARNING] GripperOptimized:optimized_main_loop:518 - 主循環執行時間過長: 37.1ms
2025-07-20 20:39:10 [WARNING] GripperOptimized:optimized_main_loop:518 - 主循環執行時間過長: 33.7ms
2025-07-20 20:39:15 [WARNING] GripperOptimized:optimized_main_loop:518 - 主循環執行時間過長: 35.6ms
2025-07-20 20:39:16 [WARNING] GripperOptimized:optimized_main_loop:518 - 主循環執行時間過長: 37.9ms
2025-07-20 20:39:17 [WARNING] GripperOptimized:optimized_main_loop:518 - 主循環執行時間過長: 37.1ms
2025-07-20 20:39:18 [WARNING] GripperOptimized:optimized_main_loop:518 - 主循環執行時間過長: 35.0ms
2025-07-20 20:39:20 [INFO] GripperOptimized:optimized_main_loop:506 - 性能統計: 循環=10000, 運行時間=212.0s, 平均循環耗時=6.4ms, 最大循環耗時=52.5ms, 指令數=0, 錯誤數=0, 平均響應=0.0ms
2025-07-20 20:39:22 [WARNING] GripperOptimized:optimized_main_loop:518 - 主循環執行時間過長: 33.5ms
2025-07-20 20:39:26 [WARNING] GripperOptimized:optimized_main_loop:518 - 主循環執行時間過長: 37.6ms
2025-07-20 20:39:27 [WARNING] GripperOptimized:optimized_main_loop:518 - 主循環執行時間過長: 37.5ms
2025-07-20 20:39:32 [WARNING] GripperOptimized:optimized_main_loop:518 - 主循環執行時間過長: 31.6ms
2025-07-20 20:39:33 [WARNING] GripperOptimized:optimized_main_loop:518 - 主循環執行時間過長: 32.9ms
2025-07-20 20:39:34 [WARNING] GripperOptimized:optimized_main_loop:518 - 主循環執行時間過長: 37.8ms
2025-07-20 20:39:35 [WARNING] GripperOptimized:optimized_main_loop:518 - 主循環執行時間過長: 35.2ms
2025-07-20 20:39:36 [WARNING] GripperOptimized:optimized_main_loop:518 - 主循環執行時間過長: 36.9ms
2025-07-20 20:39:37 [WARNING] GripperOptimized:optimized_main_loop:518 - 主循環執行時間過長: 37.2ms
2025-07-20 20:39:38 [WARNING] GripperOptimized:optimized_main_loop:518 - 主循環執行時間過長: 33.2ms
2025-07-20 20:39:39 [WARNING] GripperOptimized:optimized_main_loop:518 - 主循環執行時間過長: 37.2ms
2025-07-20 20:39:40 [WARNING] GripperOptimized:optimized_main_loop:518 - 主循環執行時間過長: 38.3ms
2025-07-20 20:39:41 [INFO] GripperOptimized:optimized_main_loop:506 - 性能統計: 循環=11000, 運行時間=233.3s, 平均循環耗時=6.0ms, 最大循環耗時=52.5ms, 指令數=0, 錯誤數=0, 平均響應=0.0ms
2025-07-20 20:39:41 [WARNING] GripperOptimized:optimized_main_loop:518 - 主循環執行時間過長: 36.9ms
2025-07-20 20:39:42 [WARNING] GripperOptimized:optimized_main_loop:518 - 主循環執行時間過長: 37.0ms
2025-07-20 20:39:47 [WARNING] GripperOptimized:optimized_main_loop:518 - 主循環執行時間過長: 33.5ms
2025-07-20 20:39:48 [WARNING] GripperOptimized:optimized_main_loop:518 - 主循環執行時間過長: 37.5ms
2025-07-20 20:39:49 [WARNING] GripperOptimized:optimized_main_loop:518 - 主循環執行時間過長: 36.2ms
2025-07-20 20:39:53 [WARNING] GripperOptimized:optimized_main_loop:518 - 主循環執行時間過長: 34.1ms
2025-07-20 20:40:00 [WARNING] GripperOptimized:optimized_main_loop:518 - 主循環執行時間過長: 30.5ms
2025-07-20 20:40:01 [WARNING] GripperOptimized:optimized_main_loop:518 - 主循環執行時間過長: 37.3ms
2025-07-20 20:40:02 [INFO] GripperOptimized:optimized_main_loop:506 - 性能統計: 循環=12000, 運行時間=254.5s, 平均循環耗時=4.0ms, 最大循環耗時=52.5ms, 指令數=0, 錯誤數=0, 平均響應=0.0ms
2025-07-20 20:40:02 [WARNING] GripperOptimized:optimized_main_loop:518 - 主循環執行時間過長: 30.1ms
2025-07-20 20:40:10 [WARNING] GripperOptimized:optimized_main_loop:518 - 主循環執行時間過長: 34.1ms
2025-07-20 20:40:11 [WARNING] GripperOptimized:optimized_main_loop:518 - 主循環執行時間過長: 38.4ms
2025-07-20 20:40:15 [WARNING] GripperOptimized:optimized_main_loop:518 - 主循環執行時間過長: 38.7ms
2025-07-20 20:40:19 [WARNING] GripperOptimized:optimized_main_loop:518 - 主循環執行時間過長: 36.9ms
2025-07-20 20:40:24 [INFO] GripperOptimized:optimized_main_loop:506 - 性能統計: 循環=13000, 運行時間=275.7s, 平均循環耗時=6.0ms, 最大循環耗時=52.5ms, 指令數=0, 錯誤數=0, 平均響應=0.0ms
2025-07-20 20:40:24 [WARNING] GripperOptimized:optimized_main_loop:518 - 主循環執行時間過長: 37.6ms
2025-07-20 20:40:25 [WARNING] GripperOptimized:optimized_main_loop:518 - 主循環執行時間過長: 38.8ms
2025-07-20 20:40:26 [WARNING] GripperOptimized:optimized_main_loop:518 - 主循環執行時間過長: 38.1ms
2025-07-20 20:40:27 [WARNING] GripperOptimized:optimized_main_loop:518 - 主循環執行時間過長: 38.6ms
2025-07-20 20:40:28 [WARNING] GripperOptimized:optimized_main_loop:518 - 主循環執行時間過長: 37.9ms
2025-07-20 20:40:30 [WARNING] GripperOptimized:optimized_main_loop:518 - 主循環執行時間過長: 35.9ms
2025-07-20 20:40:31 [WARNING] GripperOptimized:optimized_main_loop:518 - 主循環執行時間過長: 36.9ms
2025-07-20 20:40:45 [INFO] GripperOptimized:optimized_main_loop:506 - 性能統計: 循環=14000, 運行時間=296.9s, 平均循環耗時=6.3ms, 最大循環耗時=52.5ms, 指令數=0, 錯誤數=0, 平均響應=0.0ms
2025-07-20 20:40:45 [WARNING] GripperOptimized:optimized_main_loop:518 - 主循環執行時間過長: 36.7ms
2025-07-20 20:40:46 [WARNING] GripperOptimized:optimized_main_loop:518 - 主循環執行時間過長: 30.4ms
2025-07-20 20:40:50 [WARNING] GripperOptimized:optimized_main_loop:518 - 主循環執行時間過長: 31.9ms
2025-07-20 20:40:52 [WARNING] GripperOptimized:optimized_main_loop:518 - 主循環執行時間過長: 30.7ms
2025-07-20 20:41:00 [WARNING] GripperOptimized:optimized_main_loop:518 - 主循環執行時間過長: 30.2ms
2025-07-20 20:41:01 [WARNING] GripperOptimized:optimized_main_loop:518 - 主循環執行時間過長: 35.1ms
2025-07-20 20:41:02 [WARNING] GripperOptimized:optimized_main_loop:518 - 主循環執行時間過長: 37.6ms
2025-07-20 20:41:06 [INFO] GripperOptimized:optimized_main_loop:506 - 性能統計: 循環=15000, 運行時間=318.0s, 平均循環耗時=6.6ms, 最大循環耗時=52.5ms, 指令數=0, 錯誤數=0, 平均響應=0.0ms
2025-07-20 20:41:09 [WARNING] GripperOptimized:optimized_main_loop:518 - 主循環執行時間過長: 36.3ms
2025-07-20 20:41:13 [WARNING] GripperOptimized:optimized_main_loop:518 - 主循環執行時間過長: 30.9ms
2025-07-20 20:41:14 [WARNING] GripperOptimized:optimized_main_loop:518 - 主循環執行時間過長: 36.7ms
2025-07-20 20:41:19 [WARNING] GripperOptimized:optimized_main_loop:518 - 主循環執行時間過長: 33.6ms
2025-07-20 20:41:27 [INFO] GripperOptimized:optimized_main_loop:506 - 性能統計: 循環=16000, 運行時間=339.1s, 平均循環耗時=4.8ms, 最大循環耗時=52.5ms, 指令數=0, 錯誤數=0, 平均響應=0.0ms
2025-07-20 20:41:29 [WARNING] GripperOptimized:optimized_main_loop:518 - 主循環執行時間過長: 32.5ms
2025-07-20 20:41:30 [WARNING] GripperOptimized:optimized_main_loop:518 - 主循環執行時間過長: 36.6ms
2025-07-20 20:41:34 [WARNING] GripperOptimized:optimized_main_loop:518 - 主循環執行時間過長: 36.3ms
2025-07-20 20:41:35 [WARNING] GripperOptimized:optimized_main_loop:518 - 主循環執行時間過長: 37.9ms
2025-07-20 20:41:37 [WARNING] GripperOptimized:optimized_main_loop:518 - 主循環執行時間過長: 38.4ms
2025-07-20 20:41:41 [WARNING] GripperOptimized:optimized_main_loop:518 - 主循環執行時間過長: 38.2ms
2025-07-20 20:41:42 [WARNING] GripperOptimized:optimized_main_loop:518 - 主循環執行時間過長: 37.3ms
2025-07-20 20:41:43 [WARNING] GripperOptimized:optimized_main_loop:518 - 主循環執行時間過長: 38.1ms
2025-07-20 20:41:44 [WARNING] GripperOptimized:optimized_main_loop:518 - 主循環執行時間過長: 36.3ms
2025-07-20 20:41:45 [WARNING] GripperOptimized:optimized_main_loop:518 - 主循環執行時間過長: 35.3ms
2025-07-20 20:41:48 [INFO] GripperOptimized:optimized_main_loop:506 - 性能統計: 循環=17000, 運行時間=360.4s, 平均循環耗時=4.3ms, 最大循環耗時=52.5ms, 指令數=0, 錯誤數=0, 平均響應=0.0ms
2025-07-20 20:41:49 [WARNING] GripperOptimized:optimized_main_loop:518 - 主循環執行時間過長: 38.1ms
2025-07-20 20:41:50 [WARNING] GripperOptimized:optimized_main_loop:518 - 主循環執行時間過長: 36.3ms
2025-07-20 20:41:55 [WARNING] GripperOptimized:optimized_main_loop:518 - 主循環執行時間過長: 38.2ms
2025-07-20 20:41:56 [WARNING] GripperOptimized:optimized_main_loop:518 - 主循環執行時間過長: 36.7ms
2025-07-20 20:42:03 [WARNING] GripperOptimized:optimized_main_loop:518 - 主循環執行時間過長: 34.8ms
2025-07-20 20:42:07 [WARNING] GripperOptimized:optimized_main_loop:518 - 主循環執行時間過長: 32.3ms
2025-07-20 20:42:08 [WARNING] GripperOptimized:optimized_main_loop:518 - 主循環執行時間過長: 37.1ms
2025-07-20 20:42:09 [INFO] GripperOptimized:optimized_main_loop:506 - 性能統計: 循環=18000, 運行時間=381.6s, 平均循環耗時=5.5ms, 最大循環耗時=52.5ms, 指令數=0, 錯誤數=0, 平均響應=0.0ms
2025-07-20 20:42:13 [WARNING] GripperOptimized:optimized_main_loop:518 - 主循環執行時間過長: 36.4ms
2025-07-20 20:42:17 [WARNING] GripperOptimized:optimized_main_loop:518 - 主循環執行時間過長: 35.8ms
2025-07-20 20:42:18 [WARNING] GripperOptimized:optimized_main_loop:518 - 主循環執行時間過長: 31.1ms
2025-07-20 20:42:19 [WARNING] GripperOptimized:optimized_main_loop:518 - 主循環執行時間過長: 37.3ms
2025-07-20 20:42:20 [WARNING] GripperOptimized:optimized_main_loop:518 - 主循環執行時間過長: 37.5ms
2025-07-20 20:42:24 [WARNING] GripperOptimized:optimized_main_loop:518 - 主循環執行時間過長: 38.3ms
2025-07-20 20:42:25 [WARNING] GripperOptimized:optimized_main_loop:518 - 主循環執行時間過長: 36.0ms
2025-07-20 20:42:31 [INFO] GripperOptimized:optimized_main_loop:506 - 性能統計: 循環=19000, 運行時間=402.7s, 平均循環耗時=4.3ms, 最大循環耗時=52.5ms, 指令數=0, 錯誤數=0, 平均響應=0.0ms
2025-07-20 20:42:36 [WARNING] GripperOptimized:optimized_main_loop:518 - 主循環執行時間過長: 30.6ms
2025-07-20 20:42:40 [WARNING] GripperOptimized:optimized_main_loop:518 - 主循環執行時間過長: 36.9ms
2025-07-20 20:42:44 [WARNING] GripperOptimized:optimized_main_loop:518 - 主循環執行時間過長: 33.6ms
2025-07-20 20:42:45 [WARNING] GripperOptimized:optimized_main_loop:518 - 主循環執行時間過長: 37.8ms
2025-07-20 20:42:47 [WARNING] GripperOptimized:optimized_main_loop:518 - 主循環執行時間過長: 38.6ms
2025-07-20 20:42:51 [WARNING] GripperOptimized:optimized_main_loop:518 - 主循環執行時間過長: 31.5ms
2025-07-20 20:42:52 [INFO] GripperOptimized:optimized_main_loop:506 - 性能統計: 循環=20000, 運行時間=423.9s, 平均循環耗時=3.9ms, 最大循環耗時=52.5ms, 指令數=0, 錯誤數=0, 平均響應=0.0ms
2025-07-20 20:42:55 [WARNING] GripperOptimized:optimized_main_loop:518 - 主循環執行時間過長: 32.8ms
2025-07-20 20:42:59 [WARNING] GripperOptimized:optimized_main_loop:518 - 主循環執行時間過長: 36.3ms
2025-07-20 20:43:00 [WARNING] GripperOptimized:optimized_main_loop:518 - 主循環執行時間過長: 37.6ms
2025-07-20 20:43:01 [WARNING] GripperOptimized:optimized_main_loop:518 - 主循環執行時間過長: 35.5ms
2025-07-20 20:43:06 [WARNING] GripperOptimized:optimized_main_loop:518 - 主循環執行時間過長: 31.4ms
2025-07-20 20:43:13 [INFO] GripperOptimized:optimized_main_loop:506 - 性能統計: 循環=21000, 運行時間=445.1s, 平均循環耗時=4.2ms, 最大循環耗時=52.5ms, 指令數=0, 錯誤數=0, 平均響應=0.0ms
2025-07-20 20:43:16 [WARNING] GripperOptimized:optimized_main_loop:518 - 主循環執行時間過長: 36.8ms
2025-07-20 20:43:17 [WARNING] GripperOptimized:optimized_main_loop:518 - 主循環執行時間過長: 37.1ms
2025-07-20 20:43:18 [WARNING] GripperOptimized:optimized_main_loop:518 - 主循環執行時間過長: 36.1ms
2025-07-20 20:43:19 [WARNING] GripperOptimized:optimized_main_loop:518 - 主循環執行時間過長: 36.6ms
2025-07-20 20:43:25 [WARNING] GripperOptimized:optimized_main_loop:518 - 主循環執行時間過長: 38.3ms
2025-07-20 20:43:26 [WARNING] GripperOptimized:optimized_main_loop:518 - 主循環執行時間過長: 36.5ms
2025-07-20 20:43:30 [WARNING] GripperOptimized:optimized_main_loop:518 - 主循環執行時間過長: 33.4ms
2025-07-20 20:43:31 [WARNING] GripperOptimized:optimized_main_loop:518 - 主循環執行時間過長: 37.5ms
2025-07-20 20:43:34 [INFO] GripperOptimized:optimized_main_loop:506 - 性能統計: 循環=22000, 運行時間=466.4s, 平均循環耗時=6.2ms, 最大循環耗時=52.5ms, 指令數=0, 錯誤數=0, 平均響應=0.0ms
2025-07-20 20:43:38 [WARNING] GripperOptimized:optimized_main_loop:518 - 主循環執行時間過長: 31.2ms
2025-07-20 20:43:43 [WARNING] GripperOptimized:optimized_main_loop:518 - 主循環執行時間過長: 36.2ms
2025-07-20 20:43:44 [WARNING] GripperOptimized:optimized_main_loop:518 - 主循環執行時間過長: 38.0ms
2025-07-20 20:43:54 [WARNING] GripperOptimized:optimized_main_loop:518 - 主循環執行時間過長: 33.9ms
2025-07-20 20:43:55 [INFO] GripperOptimized:optimized_main_loop:506 - 性能統計: 循環=23000, 運行時間=487.5s, 平均循環耗時=4.4ms, 最大循環耗時=52.5ms, 指令數=0, 錯誤數=0, 平均響應=0.0ms
2025-07-20 20:43:59 [WARNING] GripperOptimized:optimized_main_loop:518 - 主循環執行時間過長: 38.6ms
2025-07-20 20:44:00 [WARNING] GripperOptimized:optimized_main_loop:518 - 主循環執行時間過長: 37.9ms
2025-07-20 20:44:01 [WARNING] GripperOptimized:optimized_main_loop:518 - 主循環執行時間過長: 38.1ms
2025-07-20 20:44:02 [WARNING] GripperOptimized:optimized_main_loop:518 - 主循環執行時間過長: 38.5ms
2025-07-20 20:44:03 [WARNING] GripperOptimized:optimized_main_loop:518 - 主循環執行時間過長: 37.7ms
2025-07-20 20:44:07 [WARNING] GripperOptimized:optimized_main_loop:518 - 主循環執行時間過長: 38.3ms
2025-07-20 20:44:08 [WARNING] GripperOptimized:optimized_main_loop:518 - 主循環執行時間過長: 37.4ms
2025-07-20 20:44:12 [WARNING] GripperOptimized:optimized_main_loop:518 - 主循環執行時間過長: 37.2ms
2025-07-20 20:44:14 [WARNING] GripperOptimized:optimized_main_loop:518 - 主循環執行時間過長: 37.6ms
2025-07-20 20:44:17 [INFO] GripperOptimized:optimized_main_loop:506 - 性能統計: 循環=24000, 運行時間=508.8s, 平均循環耗時=4.8ms, 最大循環耗時=52.5ms, 指令數=0, 錯誤數=0, 平均響應=0.0ms
2025-07-20 20:44:18 [WARNING] GripperOptimized:optimized_main_loop:518 - 主循環執行時間過長: 36.3ms
2025-07-20 20:44:19 [WARNING] GripperOptimized:optimized_main_loop:518 - 主循環執行時間過長: 38.1ms
2025-07-20 20:44:20 [WARNING] GripperOptimized:optimized_main_loop:518 - 主循環執行時間過長: 37.1ms
2025-07-20 20:44:21 [WARNING] GripperOptimized:optimized_main_loop:518 - 主循環執行時間過長: 38.4ms
2025-07-20 20:44:22 [WARNING] GripperOptimized:optimized_main_loop:518 - 主循環執行時間過長: 38.5ms
2025-07-20 20:44:23 [WARNING] GripperOptimized:optimized_main_loop:518 - 主循環執行時間過長: 36.4ms
2025-07-20 20:44:24 [WARNING] GripperOptimized:optimized_main_loop:518 - 主循環執行時間過長: 36.9ms
2025-07-20 20:44:28 [WARNING] GripperOptimized:optimized_main_loop:518 - 主循環執行時間過長: 39.1ms
2025-07-20 20:44:29 [WARNING] GripperOptimized:optimized_main_loop:518 - 主循環執行時間過長: 35.7ms
2025-07-20 20:44:31 [WARNING] GripperOptimized:optimized_main_loop:518 - 主循環執行時間過長: 37.2ms
2025-07-20 20:44:38 [INFO] GripperOptimized:optimized_main_loop:506 - 性能統計: 循環=25000, 運行時間=530.1s, 平均循環耗時=3.2ms, 最大循環耗時=52.5ms, 指令數=0, 錯誤數=0, 平均響應=0.0ms
2025-07-20 20:44:41 [WARNING] GripperOptimized:optimized_main_loop:518 - 主循環執行時間過長: 32.3ms
2025-07-20 20:44:42 [WARNING] GripperOptimized:optimized_main_loop:518 - 主循環執行時間過長: 37.8ms
2025-07-20 20:44:46 [WARNING] GripperOptimized:optimized_main_loop:518 - 主循環執行時間過長: 36.2ms
2025-07-20 20:44:48 [WARNING] GripperOptimized:optimized_main_loop:518 - 主循環執行時間過長: 36.4ms
2025-07-20 20:44:49 [WARNING] GripperOptimized:optimized_main_loop:518 - 主循環執行時間過長: 37.2ms
2025-07-20 20:44:50 [WARNING] GripperOptimized:optimized_main_loop:518 - 主循環執行時間過長: 36.1ms
2025-07-20 20:44:57 [WARNING] GripperOptimized:optimized_main_loop:518 - 主循環執行時間過長: 37.2ms
2025-07-20 20:44:58 [WARNING] GripperOptimized:optimized_main_loop:518 - 主循環執行時間過長: 36.0ms
2025-07-20 20:44:59 [INFO] GripperOptimized:optimized_main_loop:506 - 性能統計: 循環=26000, 運行時間=551.3s, 平均循環耗時=6.4ms, 最大循環耗時=52.5ms, 指令數=0, 錯誤數=0, 平均響應=0.0ms
2025-07-20 20:44:59 [WARNING] GripperOptimized:optimized_main_loop:518 - 主循環執行時間過長: 37.3ms
2025-07-20 20:45:03 [WARNING] GripperOptimized:optimized_main_loop:518 - 主循環執行時間過長: 35.4ms
2025-07-20 20:45:05 [WARNING] GripperOptimized:optimized_main_loop:518 - 主循環執行時間過長: 37.7ms
2025-07-20 20:45:09 [WARNING] GripperOptimized:optimized_main_loop:518 - 主循環執行時間過長: 34.2ms
2025-07-20 20:45:10 [WARNING] GripperOptimized:optimized_main_loop:518 - 主循環執行時間過長: 39.1ms
2025-07-20 20:45:11 [WARNING] GripperOptimized:optimized_main_loop:518 - 主循環執行時間過長: 38.3ms
2025-07-20 20:45:12 [WARNING] GripperOptimized:optimized_main_loop:518 - 主循環執行時間過長: 36.4ms
2025-07-20 20:45:13 [WARNING] GripperOptimized:optimized_main_loop:518 - 主循環執行時間過長: 30.1ms
2025-07-20 20:45:17 [WARNING] GripperOptimized:optimized_main_loop:518 - 主循環執行時間過長: 38.0ms
2025-07-20 20:45:18 [WARNING] GripperOptimized:optimized_main_loop:518 - 主循環執行時間過長: 36.9ms
2025-07-20 20:45:19 [WARNING] GripperOptimized:optimized_main_loop:518 - 主循環執行時間過長: 37.0ms
2025-07-20 20:45:20 [INFO] GripperOptimized:optimized_main_loop:506 - 性能統計: 循環=27000, 運行時間=572.6s, 平均循環耗時=6.6ms, 最大循環耗時=52.5ms, 指令數=0, 錯誤數=0, 平均響應=0.0ms
2025-07-20 20:45:20 [WARNING] GripperOptimized:optimized_main_loop:518 - 主循環執行時間過長: 36.1ms
2025-07-20 20:45:22 [WARNING] GripperOptimized:optimized_main_loop:518 - 主循環執行時間過長: 37.6ms
2025-07-20 20:45:23 [WARNING] GripperOptimized:optimized_main_loop:518 - 主循環執行時間過長: 37.6ms
2025-07-20 20:45:31 [WARNING] GripperOptimized:optimized_main_loop:518 - 主循環執行時間過長: 33.5ms
2025-07-20 20:45:32 [WARNING] GripperOptimized:optimized_main_loop:518 - 主循環執行時間過長: 36.4ms
2025-07-20 20:45:36 [WARNING] GripperOptimized:optimized_main_loop:518 - 主循環執行時間過長: 38.4ms
2025-07-20 20:45:37 [WARNING] GripperOptimized:optimized_main_loop:518 - 主循環執行時間過長: 37.9ms
2025-07-20 20:45:39 [WARNING] GripperOptimized:optimized_main_loop:518 - 主循環執行時間過長: 35.5ms
2025-07-20 20:45:42 [INFO] GripperOptimized:optimized_main_loop:506 - 性能統計: 循環=28000, 運行時間=593.8s, 平均循環耗時=7.9ms, 最大循環耗時=52.5ms, 指令數=0, 錯誤數=0, 平均響應=0.0ms
2025-07-20 20:45:43 [WARNING] GripperOptimized:optimized_main_loop:518 - 主循環執行時間過長: 34.1ms
2025-07-20 20:45:44 [WARNING] GripperOptimized:optimized_main_loop:518 - 主循環執行時間過長: 38.0ms
2025-07-20 20:45:45 [WARNING] GripperOptimized:optimized_main_loop:518 - 主循環執行時間過長: 38.3ms
2025-07-20 20:45:46 [WARNING] GripperOptimized:optimized_main_loop:518 - 主循環執行時間過長: 38.4ms
2025-07-20 20:45:47 [WARNING] GripperOptimized:optimized_main_loop:518 - 主循環執行時間過長: 38.6ms
2025-07-20 20:45:48 [WARNING] GripperOptimized:optimized_main_loop:518 - 主循環執行時間過長: 36.5ms
2025-07-20 20:45:49 [WARNING] GripperOptimized:optimized_main_loop:518 - 主循環執行時間過長: 36.6ms
2025-07-20 20:45:53 [WARNING] GripperOptimized:optimized_main_loop:518 - 主循環執行時間過長: 32.9ms
2025-07-20 20:45:54 [WARNING] GripperOptimized:optimized_main_loop:518 - 主循環執行時間過長: 36.7ms
2025-07-20 20:45:56 [WARNING] GripperOptimized:optimized_main_loop:518 - 主循環執行時間過長: 36.0ms
2025-07-20 20:45:57 [WARNING] GripperOptimized:optimized_main_loop:518 - 主循環執行時間過長: 37.2ms
2025-07-20 20:45:58 [WARNING] GripperOptimized:optimized_main_loop:518 - 主循環執行時間過長: 36.6ms
2025-07-20 20:45:59 [WARNING] GripperOptimized:optimized_main_loop:518 - 主循環執行時間過長: 36.2ms
2025-07-20 20:46:03 [INFO] GripperOptimized:optimized_main_loop:506 - 性能統計: 循環=29000, 運行時間=615.1s, 平均循環耗時=5.2ms, 最大循環耗時=52.5ms, 指令數=0, 錯誤數=0, 平均響應=0.0ms
2025-07-20 20:46:03 [WARNING] GripperOptimized:optimized_main_loop:518 - 主循環執行時間過長: 33.7ms
2025-07-20 20:46:07 [WARNING] GripperOptimized:optimized_main_loop:518 - 主循環執行時間過長: 37.6ms
2025-07-20 20:46:08 [WARNING] GripperOptimized:optimized_main_loop:518 - 主循環執行時間過長: 30.6ms
2025-07-20 20:46:20 [WARNING] GripperOptimized:optimized_main_loop:518 - 主循環執行時間過長: 36.2ms
2025-07-20 20:46:21 [WARNING] GripperOptimized:optimized_main_loop:518 - 主循環執行時間過長: 36.5ms
2025-07-20 20:46:22 [WARNING] GripperOptimized:optimized_main_loop:518 - 主循環執行時間過長: 34.8ms
2025-07-20 20:46:23 [WARNING] GripperOptimized:optimized_main_loop:518 - 主循環執行時間過長: 34.8ms
2025-07-20 20:46:24 [INFO] GripperOptimized:optimized_main_loop:506 - 性能統計: 循環=30000, 運行時間=636.3s, 平均循環耗時=6.7ms, 最大循環耗時=52.5ms, 指令數=0, 錯誤數=0, 平均響應=0.0ms
2025-07-20 20:46:24 [WARNING] GripperOptimized:optimized_main_loop:518 - 主循環執行時間過長: 35.9ms
2025-07-20 20:46:25 [WARNING] GripperOptimized:optimized_main_loop:518 - 主循環執行時間過長: 36.7ms
2025-07-20 20:46:34 [WARNING] GripperOptimized:optimized_main_loop:518 - 主循環執行時間過長: 36.7ms
2025-07-20 20:46:35 [WARNING] GripperOptimized:optimized_main_loop:518 - 主循環執行時間過長: 37.9ms
2025-07-20 20:46:36 [WARNING] GripperOptimized:optimized_main_loop:518 - 主循環執行時間過長: 37.6ms
2025-07-20 20:46:37 [WARNING] GripperOptimized:optimized_main_loop:518 - 主循環執行時間過長: 38.1ms
2025-07-20 20:46:38 [WARNING] GripperOptimized:optimized_main_loop:518 - 主循環執行時間過長: 37.0ms
2025-07-20 20:46:39 [WARNING] GripperOptimized:optimized_main_loop:518 - 主循環執行時間過長: 36.2ms
2025-07-20 20:46:40 [WARNING] GripperOptimized:optimized_main_loop:518 - 主循環執行時間過長: 37.7ms
2025-07-20 20:46:44 [WARNING] GripperOptimized:optimized_main_loop:518 - 主循環執行時間過長: 37.6ms
2025-07-20 20:46:45 [INFO] GripperOptimized:optimized_main_loop:506 - 性能統計: 循環=31000, 運行時間=657.6s, 平均循環耗時=6.6ms, 最大循環耗時=52.5ms, 指令數=0, 錯誤數=0, 平均響應=0.0ms
2025-07-20 20:46:45 [WARNING] GripperOptimized:optimized_main_loop:518 - 主循環執行時間過長: 35.8ms
2025-07-20 20:46:47 [WARNING] GripperOptimized:optimized_main_loop:518 - 主循環執行時間過長: 37.0ms
2025-07-20 20:46:51 [WARNING] GripperOptimized:optimized_main_loop:518 - 主循環執行時間過長: 38.0ms
2025-07-20 20:47:05 [WARNING] GripperOptimized:optimized_main_loop:518 - 主循環執行時間過長: 30.1ms
2025-07-20 20:47:06 [WARNING] GripperOptimized:optimized_main_loop:518 - 主循環執行時間過長: 37.4ms
2025-07-20 20:47:07 [INFO] GripperOptimized:optimized_main_loop:506 - 性能統計: 循環=32000, 運行時間=678.8s, 平均循環耗時=6.6ms, 最大循環耗時=52.5ms, 指令數=0, 錯誤數=0, 平均響應=0.0ms
2025-07-20 20:47:07 [WARNING] GripperOptimized:optimized_main_loop:518 - 主循環執行時間過長: 36.5ms
2025-07-20 20:47:11 [WARNING] GripperOptimized:optimized_main_loop:518 - 主循環執行時間過長: 37.0ms
2025-07-20 20:47:15 [WARNING] GripperOptimized:optimized_main_loop:518 - 主循環執行時間過長: 34.8ms
2025-07-20 20:47:23 [WARNING] GripperOptimized:optimized_main_loop:518 - 主循環執行時間過長: 37.4ms
2025-07-20 20:47:24 [WARNING] GripperOptimized:optimized_main_loop:518 - 主循環執行時間過長: 36.7ms
2025-07-20 20:47:28 [INFO] GripperOptimized:optimized_main_loop:506 - 性能統計: 循環=33000, 運行時間=700.0s, 平均循環耗時=5.4ms, 最大循環耗時=52.5ms, 指令數=0, 錯誤數=0, 平均響應=0.0ms
2025-07-20 20:47:28 [WARNING] GripperOptimized:optimized_main_loop:518 - 主循環執行時間過長: 34.2ms
2025-07-20 20:47:35 [WARNING] GripperOptimized:optimized_main_loop:518 - 主循環執行時間過長: 37.8ms
2025-07-20 20:47:36 [WARNING] GripperOptimized:optimized_main_loop:518 - 主循環執行時間過長: 39.1ms
2025-07-20 20:47:37 [WARNING] GripperOptimized:optimized_main_loop:518 - 主循環執行時間過長: 38.6ms
2025-07-20 20:47:42 [WARNING] GripperOptimized:optimized_main_loop:518 - 主循環執行時間過長: 36.7ms
2025-07-20 20:47:46 [WARNING] GripperOptimized:optimized_main_loop:518 - 主循環執行時間過長: 30.0ms
2025-07-20 20:47:47 [WARNING] GripperOptimized:optimized_main_loop:518 - 主循環執行時間過長: 35.3ms
2025-07-20 20:47:48 [WARNING] GripperOptimized:optimized_main_loop:518 - 主循環執行時間過長: 39.0ms
2025-07-20 20:47:49 [INFO] GripperOptimized:optimized_main_loop:506 - 性能統計: 循環=34000, 運行時間=721.2s, 平均循環耗時=6.7ms, 最大循環耗時=52.5ms, 指令數=0, 錯誤數=0, 平均響應=0.0ms
2025-07-20 20:47:49 [WARNING] GripperOptimized:optimized_main_loop:518 - 主循環執行時間過長: 36.4ms
2025-07-20 20:47:53 [WARNING] GripperOptimized:optimized_main_loop:518 - 主循環執行時間過長: 35.2ms
2025-07-20 20:47:58 [WARNING] GripperOptimized:optimized_main_loop:518 - 主循環執行時間過長: 37.3ms
2025-07-20 20:48:02 [WARNING] GripperOptimized:optimized_main_loop:518 - 主循環執行時間過長: 38.2ms
2025-07-20 20:48:03 [WARNING] GripperOptimized:optimized_main_loop:518 - 主循環執行時間過長: 37.7ms
2025-07-20 20:48:04 [WARNING] GripperOptimized:optimized_main_loop:518 - 主循環執行時間過長: 37.6ms
2025-07-20 20:48:05 [WARNING] GripperOptimized:optimized_main_loop:518 - 主循環執行時間過長: 37.5ms
2025-07-20 20:48:06 [WARNING] GripperOptimized:optimized_main_loop:518 - 主循環執行時間過長: 38.1ms
2025-07-20 20:48:07 [WARNING] GripperOptimized:optimized_main_loop:518 - 主循環執行時間過長: 34.7ms
2025-07-20 20:48:08 [WARNING] GripperOptimized:optimized_main_loop:518 - 主循環執行時間過長: 37.4ms
2025-07-20 20:48:09 [WARNING] GripperOptimized:optimized_main_loop:518 - 主循環執行時間過長: 39.2ms
2025-07-20 20:48:10 [INFO] GripperOptimized:optimized_main_loop:506 - 性能統計: 循環=35000, 運行時間=742.5s, 平均循環耗時=5.3ms, 最大循環耗時=52.5ms, 指令數=0, 錯誤數=0, 平均響應=0.0ms
2025-07-20 20:48:10 [WARNING] GripperOptimized:optimized_main_loop:518 - 主循環執行時間過長: 37.0ms
2025-07-20 20:48:11 [WARNING] GripperOptimized:optimized_main_loop:518 - 主循環執行時間過長: 37.7ms
2025-07-20 20:48:16 [WARNING] GripperOptimized:optimized_main_loop:518 - 主循環執行時間過長: 34.0ms
2025-07-20 20:48:17 [WARNING] GripperOptimized:optimized_main_loop:518 - 主循環執行時間過長: 38.7ms
2025-07-20 20:48:18 [WARNING] GripperOptimized:optimized_main_loop:518 - 主循環執行時間過長: 35.9ms
2025-07-20 20:48:22 [WARNING] GripperOptimized:optimized_main_loop:518 - 主循環執行時間過長: 30.8ms
2025-07-20 20:48:23 [WARNING] GripperOptimized:optimized_main_loop:518 - 主循環執行時間過長: 37.2ms
2025-07-20 20:48:24 [WARNING] GripperOptimized:optimized_main_loop:518 - 主循環執行時間過長: 37.6ms
2025-07-20 20:48:26 [WARNING] GripperOptimized:optimized_main_loop:518 - 主循環執行時間過長: 38.4ms
2025-07-20 20:48:31 [WARNING] GripperOptimized:optimized_main_loop:518 - 主循環執行時間過長: 36.1ms
2025-07-20 20:48:32 [INFO] GripperOptimized:optimized_main_loop:506 - 性能統計: 循環=36000, 運行時間=763.8s, 平均循環耗時=5.7ms, 最大循環耗時=52.5ms, 指令數=0, 錯誤數=0, 平均響應=0.0ms
2025-07-20 20:48:32 [WARNING] GripperOptimized:optimized_main_loop:518 - 主循環執行時間過長: 38.2ms
2025-07-20 20:48:36 [WARNING] GripperOptimized:optimized_main_loop:518 - 主循環執行時間過長: 37.6ms
2025-07-20 20:48:37 [WARNING] GripperOptimized:optimized_main_loop:518 - 主循環執行時間過長: 36.3ms
2025-07-20 20:48:38 [WARNING] GripperOptimized:optimized_main_loop:518 - 主循環執行時間過長: 37.1ms
2025-07-20 20:48:39 [WARNING] GripperOptimized:optimized_main_loop:518 - 主循環執行時間過長: 35.9ms
2025-07-20 20:48:40 [WARNING] GripperOptimized:optimized_main_loop:518 - 主循環執行時間過長: 38.9ms
2025-07-20 20:48:41 [WARNING] GripperOptimized:optimized_main_loop:518 - 主循環執行時間過長: 35.4ms
2025-07-20 20:48:49 [WARNING] GripperOptimized:optimized_main_loop:518 - 主循環執行時間過長: 31.3ms
2025-07-20 20:48:50 [WARNING] GripperOptimized:optimized_main_loop:518 - 主循環執行時間過長: 39.4ms
2025-07-20 20:48:53 [INFO] GripperOptimized:optimized_main_loop:506 - 性能統計: 循環=37000, 運行時間=785.0s, 平均循環耗時=6.5ms, 最大循環耗時=52.5ms, 指令數=0, 錯誤數=0, 平均響應=0.0ms
2025-07-20 20:49:03 [WARNING] GripperOptimized:optimized_main_loop:518 - 主循環執行時間過長: 33.9ms
2025-07-20 20:49:08 [WARNING] GripperOptimized:optimized_main_loop:518 - 主循環執行時間過長: 35.4ms
2025-07-20 20:49:14 [INFO] GripperOptimized:optimized_main_loop:506 - 性能統計: 循環=38000, 運行時間=806.2s, 平均循環耗時=8.2ms, 最大循環耗時=52.5ms, 指令數=0, 錯誤數=0, 平均響應=0.0ms
2025-07-20 20:49:15 [WARNING] GripperOptimized:optimized_main_loop:518 - 主循環執行時間過長: 38.0ms
2025-07-20 20:49:16 [WARNING] GripperOptimized:optimized_main_loop:518 - 主循環執行時間過長: 32.7ms
2025-07-20 20:49:17 [WARNING] GripperOptimized:optimized_main_loop:518 - 主循環執行時間過長: 37.6ms
2025-07-20 20:49:18 [WARNING] GripperOptimized:optimized_main_loop:518 - 主循環執行時間過長: 38.1ms
2025-07-20 20:49:19 [WARNING] GripperOptimized:optimized_main_loop:518 - 主循環執行時間過長: 38.2ms
2025-07-20 20:49:27 [WARNING] GripperOptimized:optimized_main_loop:518 - 主循環執行時間過長: 37.5ms
2025-07-20 20:49:31 [WARNING] GripperOptimized:optimized_main_loop:518 - 主循環執行時間過長: 36.4ms
2025-07-20 20:49:32 [WARNING] GripperOptimized:optimized_main_loop:518 - 主循環執行時間過長: 37.8ms
2025-07-20 20:49:33 [WARNING] GripperOptimized:optimized_main_loop:518 - 主循環執行時間過長: 38.3ms
2025-07-20 20:49:34 [WARNING] GripperOptimized:optimized_main_loop:518 - 主循環執行時間過長: 37.9ms
2025-07-20 20:49:35 [INFO] GripperOptimized:optimized_main_loop:506 - 性能統計: 循環=39000, 運行時間=827.4s, 平均循環耗時=6.7ms, 最大循環耗時=52.5ms, 指令數=0, 錯誤數=0, 平均響應=0.0ms
2025-07-20 20:49:35 [WARNING] GripperOptimized:optimized_main_loop:518 - 主循環執行時間過長: 36.2ms
2025-07-20 20:49:36 [WARNING] GripperOptimized:optimized_main_loop:518 - 主循環執行時間過長: 36.6ms
2025-07-20 20:49:37 [WARNING] GripperOptimized:optimized_main_loop:518 - 主循環執行時間過長: 37.3ms
2025-07-20 20:49:39 [WARNING] GripperOptimized:optimized_main_loop:518 - 主循環執行時間過長: 36.9ms
2025-07-20 20:49:40 [WARNING] GripperOptimized:optimized_main_loop:518 - 主循環執行時間過長: 38.4ms
2025-07-20 20:49:41 [WARNING] GripperOptimized:optimized_main_loop:518 - 主循環執行時間過長: 37.8ms
2025-07-20 20:49:42 [WARNING] GripperOptimized:optimized_main_loop:518 - 主循環執行時間過長: 37.9ms
2025-07-20 20:49:43 [WARNING] GripperOptimized:optimized_main_loop:518 - 主循環執行時間過長: 37.9ms
2025-07-20 20:49:44 [WARNING] GripperOptimized:optimized_main_loop:518 - 主循環執行時間過長: 37.7ms
2025-07-20 20:49:48 [WARNING] GripperOptimized:optimized_main_loop:518 - 主循環執行時間過長: 35.4ms
2025-07-20 20:49:50 [WARNING] GripperOptimized:optimized_main_loop:518 - 主循環執行時間過長: 37.6ms
2025-07-20 20:49:55 [WARNING] GripperOptimized:optimized_main_loop:518 - 主循環執行時間過長: 36.0ms
2025-07-20 20:49:57 [INFO] GripperOptimized:optimized_main_loop:506 - 性能統計: 循環=40000, 運行時間=848.7s, 平均循環耗時=7.9ms, 最大循環耗時=52.5ms, 指令數=0, 錯誤數=0, 平均響應=0.0ms
2025-07-20 20:49:59 [WARNING] GripperOptimized:optimized_main_loop:518 - 主循環執行時間過長: 37.7ms
2025-07-20 20:50:06 [WARNING] GripperOptimized:optimized_main_loop:518 - 主循環執行時間過長: 35.2ms
2025-07-20 20:50:07 [WARNING] GripperOptimized:optimized_main_loop:518 - 主循環執行時間過長: 38.6ms
2025-07-20 20:50:12 [WARNING] GripperOptimized:optimized_main_loop:518 - 主循環執行時間過長: 35.8ms
2025-07-20 20:50:13 [WARNING] GripperOptimized:optimized_main_loop:518 - 主循環執行時間過長: 38.0ms
2025-07-20 20:50:14 [WARNING] GripperOptimized:optimized_main_loop:518 - 主循環執行時間過長: 38.5ms
2025-07-20 20:50:18 [INFO] GripperOptimized:optimized_main_loop:506 - 性能統計: 循環=41000, 運行時間=870.0s, 平均循環耗時=3.8ms, 最大循環耗時=52.5ms, 指令數=0, 錯誤數=0, 平均響應=0.0ms
2025-07-20 20:50:21 [WARNING] GripperOptimized:optimized_main_loop:518 - 主循環執行時間過長: 37.0ms
2025-07-20 20:50:28 [WARNING] GripperOptimized:optimized_main_loop:518 - 主循環執行時間過長: 37.6ms
2025-07-20 20:50:33 [WARNING] GripperOptimized:optimized_main_loop:518 - 主循環執行時間過長: 37.9ms
2025-07-20 20:50:34 [WARNING] GripperOptimized:optimized_main_loop:518 - 主循環執行時間過長: 36.8ms
2025-07-20 20:50:35 [WARNING] GripperOptimized:optimized_main_loop:518 - 主循環執行時間過長: 37.2ms
2025-07-20 20:50:36 [WARNING] GripperOptimized:optimized_main_loop:518 - 主循環執行時間過長: 38.2ms
2025-07-20 20:50:39 [INFO] GripperOptimized:optimized_main_loop:506 - 性能統計: 循環=42000, 運行時間=891.3s, 平均循環耗時=7.9ms, 最大循環耗時=52.5ms, 指令數=0, 錯誤數=0, 平均響應=0.0ms
2025-07-20 20:50:40 [WARNING] GripperOptimized:optimized_main_loop:518 - 主循環執行時間過長: 38.8ms
2025-07-20 20:50:41 [WARNING] GripperOptimized:optimized_main_loop:518 - 主循環執行時間過長: 37.3ms
2025-07-20 20:50:42 [WARNING] GripperOptimized:optimized_main_loop:518 - 主循環執行時間過長: 37.9ms
2025-07-20 20:50:43 [WARNING] GripperOptimized:optimized_main_loop:518 - 主循環執行時間過長: 37.2ms
2025-07-20 20:50:44 [WARNING] GripperOptimized:optimized_main_loop:518 - 主循環執行時間過長: 37.1ms
2025-07-20 20:50:46 [WARNING] GripperOptimized:optimized_main_loop:518 - 主循環執行時間過長: 35.9ms
2025-07-20 20:50:47 [WARNING] GripperOptimized:optimized_main_loop:518 - 主循環執行時間過長: 38.2ms
2025-07-20 20:50:48 [WARNING] GripperOptimized:optimized_main_loop:518 - 主循環執行時間過長: 38.5ms
2025-07-20 20:50:55 [WARNING] GripperOptimized:optimized_main_loop:518 - 主循環執行時間過長: 37.7ms
2025-07-20 20:50:56 [WARNING] GripperOptimized:optimized_main_loop:518 - 主循環執行時間過長: 38.1ms
2025-07-20 20:50:57 [WARNING] GripperOptimized:optimized_main_loop:518 - 主循環執行時間過長: 36.2ms
2025-07-20 20:51:00 [INFO] GripperOptimized:optimized_main_loop:506 - 性能統計: 循環=43000, 運行時間=912.5s, 平均循環耗時=6.6ms, 最大循環耗時=52.5ms, 指令數=0, 錯誤數=0, 平均響應=0.0ms
2025-07-20 20:51:01 [WARNING] GripperOptimized:optimized_main_loop:518 - 主循環執行時間過長: 35.5ms
2025-07-20 20:51:06 [WARNING] GripperOptimized:optimized_main_loop:518 - 主循環執行時間過長: 35.0ms
2025-07-20 20:51:07 [WARNING] GripperOptimized:optimized_main_loop:518 - 主循環執行時間過長: 37.3ms
2025-07-20 20:51:08 [WARNING] GripperOptimized:optimized_main_loop:518 - 主循環執行時間過長: 36.1ms
2025-07-20 20:51:09 [WARNING] GripperOptimized:optimized_main_loop:518 - 主循環執行時間過長: 36.2ms
2025-07-20 20:51:10 [WARNING] GripperOptimized:optimized_main_loop:518 - 主循環執行時間過長: 36.3ms
2025-07-20 20:51:11 [WARNING] GripperOptimized:optimized_main_loop:518 - 主循環執行時間過長: 36.4ms
2025-07-20 20:51:12 [WARNING] GripperOptimized:optimized_main_loop:518 - 主循環執行時間過長: 39.8ms
2025-07-20 20:51:13 [WARNING] GripperOptimized:optimized_main_loop:518 - 主循環執行時間過長: 38.0ms
2025-07-20 20:51:14 [WARNING] GripperOptimized:optimized_main_loop:518 - 主循環執行時間過長: 36.8ms
2025-07-20 20:51:19 [WARNING] GripperOptimized:optimized_main_loop:518 - 主循環執行時間過長: 37.2ms
2025-07-20 20:51:20 [WARNING] GripperOptimized:optimized_main_loop:518 - 主循環執行時間過長: 37.7ms
2025-07-20 20:51:21 [WARNING] GripperOptimized:optimized_main_loop:518 - 主循環執行時間過長: 38.6ms
2025-07-20 20:51:22 [INFO] GripperOptimized:optimized_main_loop:506 - 性能統計: 循環=44000, 運行時間=933.8s, 平均循環耗時=6.3ms, 最大循環耗時=52.5ms, 指令數=0, 錯誤數=0, 平均響應=0.0ms
2025-07-20 20:51:22 [WARNING] GripperOptimized:optimized_main_loop:518 - 主循環執行時間過長: 36.5ms
2025-07-20 20:51:23 [WARNING] GripperOptimized:optimized_main_loop:518 - 主循環執行時間過長: 36.0ms
2025-07-20 20:51:24 [WARNING] GripperOptimized:optimized_main_loop:518 - 主循環執行時間過長: 36.7ms
2025-07-20 20:51:28 [WARNING] GripperOptimized:optimized_main_loop:518 - 主循環執行時間過長: 32.5ms
2025-07-20 20:51:32 [WARNING] GripperOptimized:optimized_main_loop:518 - 主循環執行時間過長: 34.8ms
2025-07-20 20:51:33 [WARNING] GripperOptimized:optimized_main_loop:518 - 主循環執行時間過長: 37.2ms
2025-07-20 20:51:34 [WARNING] GripperOptimized:optimized_main_loop:518 - 主循環執行時間過長: 37.0ms
2025-07-20 20:51:36 [WARNING] GripperOptimized:optimized_main_loop:518 - 主循環執行時間過長: 39.2ms
2025-07-20 20:51:40 [WARNING] GripperOptimized:optimized_main_loop:518 - 主循環執行時間過長: 34.3ms
2025-07-20 20:51:41 [WARNING] GripperOptimized:optimized_main_loop:518 - 主循環執行時間過長: 35.9ms
2025-07-20 20:51:42 [WARNING] GripperOptimized:optimized_main_loop:518 - 主循環執行時間過長: 31.3ms
2025-07-20 20:51:43 [INFO] GripperOptimized:optimized_main_loop:506 - 性能統計: 循環=45000, 運行時間=955.1s, 平均循環耗時=6.4ms, 最大循環耗時=52.5ms, 指令數=0, 錯誤數=0, 平均響應=0.0ms
2025-07-20 20:51:43 [WARNING] GripperOptimized:optimized_main_loop:518 - 主循環執行時間過長: 38.7ms
2025-07-20 20:51:44 [WARNING] GripperOptimized:optimized_main_loop:518 - 主循環執行時間過長: 37.6ms
2025-07-20 20:51:45 [WARNING] GripperOptimized:optimized_main_loop:518 - 主循環執行時間過長: 38.3ms
2025-07-20 20:51:46 [WARNING] GripperOptimized:optimized_main_loop:518 - 主循環執行時間過長: 36.4ms
2025-07-20 20:51:48 [WARNING] GripperOptimized:optimized_main_loop:518 - 主循環執行時間過長: 38.5ms
2025-07-20 20:51:49 [WARNING] GripperOptimized:optimized_main_loop:518 - 主循環執行時間過長: 37.7ms
2025-07-20 20:51:50 [WARNING] GripperOptimized:optimized_main_loop:518 - 主循環執行時間過長: 36.6ms
2025-07-20 20:51:56 [WARNING] GripperOptimized:optimized_main_loop:518 - 主循環執行時間過長: 37.0ms
2025-07-20 20:52:00 [WARNING] GripperOptimized:optimized_main_loop:518 - 主循環執行時間過長: 32.7ms
2025-07-20 20:52:01 [WARNING] GripperOptimized:optimized_main_loop:518 - 主循環執行時間過長: 36.9ms
2025-07-20 20:52:02 [WARNING] GripperOptimized:optimized_main_loop:518 - 主循環執行時間過長: 35.3ms
2025-07-20 20:52:04 [INFO] GripperOptimized:optimized_main_loop:506 - 性能統計: 循環=46000, 運行時間=976.4s, 平均循環耗時=5.1ms, 最大循環耗時=52.5ms, 指令數=0, 錯誤數=0, 平均響應=0.0ms
2025-07-20 20:52:06 [WARNING] GripperOptimized:optimized_main_loop:518 - 主循環執行時間過長: 31.9ms
2025-07-20 20:52:11 [WARNING] GripperOptimized:optimized_main_loop:518 - 主循環執行時間過長: 36.8ms
2025-07-20 20:52:15 [WARNING] GripperOptimized:optimized_main_loop:518 - 主循環執行時間過長: 37.6ms
2025-07-20 20:52:16 [WARNING] GripperOptimized:optimized_main_loop:518 - 主循環執行時間過長: 36.2ms
2025-07-20 20:52:21 [WARNING] GripperOptimized:optimized_main_loop:518 - 主循環執行時間過長: 31.6ms
2025-07-20 20:52:25 [INFO] GripperOptimized:optimized_main_loop:506 - 性能統計: 循環=47000, 運行時間=997.6s, 平均循環耗時=6.6ms, 最大循環耗時=52.5ms, 指令數=0, 錯誤數=0, 平均響應=0.0ms
2025-07-20 20:52:25 [WARNING] GripperOptimized:optimized_main_loop:518 - 主循環執行時間過長: 37.2ms
2025-07-20 20:52:27 [WARNING] GripperOptimized:optimized_main_loop:518 - 主循環執行時間過長: 37.0ms
2025-07-20 20:52:28 [WARNING] GripperOptimized:optimized_main_loop:518 - 主循環執行時間過長: 34.9ms
2025-07-20 20:52:29 [WARNING] GripperOptimized:optimized_main_loop:518 - 主循環執行時間過長: 36.6ms
2025-07-20 20:52:30 [WARNING] GripperOptimized:optimized_main_loop:518 - 主循環執行時間過長: 35.6ms
2025-07-20 20:52:31 [WARNING] GripperOptimized:optimized_main_loop:518 - 主循環執行時間過長: 37.2ms
2025-07-20 20:52:32 [WARNING] GripperOptimized:optimized_main_loop:518 - 主循環執行時間過長: 37.0ms
2025-07-20 20:52:33 [WARNING] GripperOptimized:optimized_main_loop:518 - 主循環執行時間過長: 37.4ms
2025-07-20 20:52:37 [WARNING] GripperOptimized:optimized_main_loop:518 - 主循環執行時間過長: 35.5ms
2025-07-20 20:52:45 [WARNING] GripperOptimized:optimized_main_loop:518 - 主循環執行時間過長: 38.6ms
2025-07-20 20:52:46 [WARNING] GripperOptimized:optimized_main_loop:518 - 主循環執行時間過長: 38.7ms
2025-07-20 20:52:47 [INFO] GripperOptimized:optimized_main_loop:506 - 性能統計: 循環=48000, 運行時間=1018.9s, 平均循環耗時=4.1ms, 最大循環耗時=52.5ms, 指令數=0, 錯誤數=0, 平均響應=0.0ms
2025-07-20 20:52:50 [WARNING] GripperOptimized:optimized_main_loop:518 - 主循環執行時間過長: 30.5ms
2025-07-20 20:52:54 [WARNING] GripperOptimized:optimized_main_loop:518 - 主循環執行時間過長: 30.3ms
2025-07-20 20:52:55 [WARNING] GripperOptimized:optimized_main_loop:518 - 主循環執行時間過長: 38.4ms
2025-07-20 20:52:56 [WARNING] GripperOptimized:optimized_main_loop:518 - 主循環執行時間過長: 36.9ms
2025-07-20 20:52:57 [WARNING] GripperOptimized:optimized_main_loop:518 - 主循環執行時間過長: 37.8ms
2025-07-20 20:52:58 [WARNING] GripperOptimized:optimized_main_loop:518 - 主循環執行時間過長: 36.6ms
2025-07-20 20:53:00 [WARNING] GripperOptimized:optimized_main_loop:518 - 主循環執行時間過長: 37.3ms
2025-07-20 20:53:05 [WARNING] GripperOptimized:optimized_main_loop:518 - 主循環執行時間過長: 36.2ms
2025-07-20 20:53:08 [INFO] GripperOptimized:optimized_main_loop:506 - 性能統計: 循環=49000, 運行時間=1040.1s, 平均循環耗時=6.1ms, 最大循環耗時=52.5ms, 指令數=0, 錯誤數=0, 平均響應=0.0ms
2025-07-20 20:53:09 [WARNING] GripperOptimized:optimized_main_loop:518 - 主循環執行時間過長: 33.2ms
2025-07-20 20:53:16 [WARNING] GripperOptimized:optimized_main_loop:518 - 主循環執行時間過長: 36.2ms
2025-07-20 20:53:21 [WARNING] GripperOptimized:optimized_main_loop:518 - 主循環執行時間過長: 35.3ms
2025-07-20 20:53:22 [WARNING] GripperOptimized:optimized_main_loop:518 - 主循環執行時間過長: 37.2ms
2025-07-20 20:53:23 [WARNING] GripperOptimized:optimized_main_loop:518 - 主循環執行時間過長: 36.7ms
2025-07-20 20:53:24 [WARNING] GripperOptimized:optimized_main_loop:518 - 主循環執行時間過長: 38.1ms
2025-07-20 20:53:25 [WARNING] GripperOptimized:optimized_main_loop:518 - 主循環執行時間過長: 37.1ms
2025-07-20 20:53:26 [WARNING] GripperOptimized:optimized_main_loop:518 - 主循環執行時間過長: 37.6ms
2025-07-20 20:53:27 [WARNING] GripperOptimized:optimized_main_loop:518 - 主循環執行時間過長: 37.2ms
2025-07-20 20:53:28 [WARNING] GripperOptimized:optimized_main_loop:518 - 主循環執行時間過長: 35.5ms
2025-07-20 20:53:29 [INFO] GripperOptimized:optimized_main_loop:506 - 性能統計: 循環=50000, 運行時間=1061.4s, 平均循環耗時=4.1ms, 最大循環耗時=52.5ms, 指令數=0, 錯誤數=0, 平均響應=0.0ms
2025-07-20 20:53:36 [WARNING] GripperOptimized:optimized_main_loop:518 - 主循環執行時間過長: 37.4ms
2025-07-20 20:53:37 [WARNING] GripperOptimized:optimized_main_loop:518 - 主循環執行時間過長: 36.7ms
2025-07-20 20:53:38 [WARNING] GripperOptimized:optimized_main_loop:518 - 主循環執行時間過長: 37.9ms
2025-07-20 20:53:39 [WARNING] GripperOptimized:optimized_main_loop:518 - 主循環執行時間過長: 38.1ms
2025-07-20 20:53:40 [WARNING] GripperOptimized:optimized_main_loop:518 - 主循環執行時間過長: 36.7ms
2025-07-20 20:53:41 [WARNING] GripperOptimized:optimized_main_loop:518 - 主循環執行時間過長: 37.1ms
2025-07-20 20:53:42 [WARNING] GripperOptimized:optimized_main_loop:518 - 主循環執行時間過長: 38.1ms
2025-07-20 20:53:46 [WARNING] GripperOptimized:optimized_main_loop:518 - 主循環執行時間過長: 37.6ms
2025-07-20 20:53:47 [WARNING] GripperOptimized:optimized_main_loop:518 - 主循環執行時間過長: 38.6ms
2025-07-20 20:53:48 [WARNING] GripperOptimized:optimized_main_loop:518 - 主循環執行時間過長: 38.3ms
2025-07-20 20:53:50 [WARNING] GripperOptimized:optimized_main_loop:518 - 主循環執行時間過長: 36.3ms
2025-07-20 20:53:51 [INFO] GripperOptimized:optimized_main_loop:506 - 性能統計: 循環=51000, 運行時間=1082.7s, 平均循環耗時=3.5ms, 最大循環耗時=52.5ms, 指令數=0, 錯誤數=0, 平均響應=0.0ms
2025-07-20 20:53:57 [WARNING] GripperOptimized:optimized_main_loop:518 - 主循環執行時間過長: 35.1ms
2025-07-20 20:54:01 [WARNING] GripperOptimized:optimized_main_loop:518 - 主循環執行時間過長: 37.2ms
2025-07-20 20:54:02 [WARNING] GripperOptimized:optimized_main_loop:518 - 主循環執行時間過長: 38.4ms
2025-07-20 20:54:03 [WARNING] GripperOptimized:optimized_main_loop:518 - 主循環執行時間過長: 38.1ms
2025-07-20 20:54:04 [WARNING] GripperOptimized:optimized_main_loop:518 - 主循環執行時間過長: 37.6ms
2025-07-20 20:54:09 [WARNING] GripperOptimized:optimized_main_loop:518 - 主循環執行時間過長: 35.6ms
2025-07-20 20:54:10 [WARNING] GripperOptimized:optimized_main_loop:518 - 主循環執行時間過長: 35.6ms
2025-07-20 20:54:11 [WARNING] GripperOptimized:optimized_main_loop:518 - 主循環執行時間過長: 38.1ms
2025-07-20 20:54:12 [INFO] GripperOptimized:optimized_main_loop:506 - 性能統計: 循環=52000, 運行時間=1104.0s, 平均循環耗時=6.9ms, 最大循環耗時=52.5ms, 指令數=0, 錯誤數=0, 平均響應=0.0ms
2025-07-20 20:54:12 [WARNING] GripperOptimized:optimized_main_loop:518 - 主循環執行時間過長: 36.7ms
2025-07-20 20:54:13 [WARNING] GripperOptimized:optimized_main_loop:518 - 主循環執行時間過長: 39.1ms
2025-07-20 20:54:17 [WARNING] GripperOptimized:optimized_main_loop:518 - 主循環執行時間過長: 37.7ms
2025-07-20 20:54:18 [WARNING] GripperOptimized:optimized_main_loop:518 - 主循環執行時間過長: 37.1ms
2025-07-20 20:54:19 [WARNING] GripperOptimized:optimized_main_loop:518 - 主循環執行時間過長: 38.1ms
2025-07-20 20:54:20 [WARNING] GripperOptimized:optimized_main_loop:518 - 主循環執行時間過長: 36.3ms
2025-07-20 20:54:21 [WARNING] GripperOptimized:optimized_main_loop:518 - 主循環執行時間過長: 37.8ms
2025-07-20 20:54:23 [WARNING] GripperOptimized:optimized_main_loop:518 - 主循環執行時間過長: 38.5ms
2025-07-20 20:54:24 [WARNING] GripperOptimized:optimized_main_loop:518 - 主循環執行時間過長: 38.9ms
2025-07-20 20:54:25 [WARNING] GripperOptimized:optimized_main_loop:518 - 主循環執行時間過長: 36.1ms
2025-07-20 20:54:32 [WARNING] GripperOptimized:optimized_main_loop:518 - 主循環執行時間過長: 37.9ms
2025-07-20 20:54:33 [INFO] GripperOptimized:optimized_main_loop:506 - 性能統計: 循環=53000, 運行時間=1125.3s, 平均循環耗時=4.6ms, 最大循環耗時=52.5ms, 指令數=0, 錯誤數=0, 平均響應=0.0ms
2025-07-20 20:54:40 [WARNING] GripperOptimized:optimized_main_loop:518 - 主循環執行時間過長: 36.6ms
2025-07-20 20:54:41 [WARNING] GripperOptimized:optimized_main_loop:518 - 主循環執行時間過長: 35.5ms
2025-07-20 20:54:43 [WARNING] GripperOptimized:optimized_main_loop:518 - 主循環執行時間過長: 35.1ms
2025-07-20 20:54:47 [WARNING] GripperOptimized:optimized_main_loop:518 - 主循環執行時間過長: 33.4ms
2025-07-20 20:54:51 [WARNING] GripperOptimized:optimized_main_loop:518 - 主循環執行時間過長: 37.0ms
2025-07-20 20:54:52 [WARNING] GripperOptimized:optimized_main_loop:518 - 主循環執行時間過長: 37.7ms
2025-07-20 20:54:53 [WARNING] GripperOptimized:optimized_main_loop:518 - 主循環執行時間過長: 37.6ms
2025-07-20 20:54:54 [INFO] GripperOptimized:optimized_main_loop:506 - 性能統計: 循環=54000, 運行時間=1146.5s, 平均循環耗時=3.7ms, 最大循環耗時=52.5ms, 指令數=0, 錯誤數=0, 平均響應=0.0ms
2025-07-20 20:54:55 [WARNING] GripperOptimized:optimized_main_loop:518 - 主循環執行時間過長: 37.4ms
2025-07-20 20:54:57 [WARNING] GripperOptimized:optimized_main_loop:518 - 主循環執行時間過長: 36.5ms
2025-07-20 20:54:58 [WARNING] GripperOptimized:optimized_main_loop:518 - 主循環執行時間過長: 34.1ms
2025-07-20 20:54:59 [WARNING] GripperOptimized:optimized_main_loop:518 - 主循環執行時間過長: 38.9ms
2025-07-20 20:55:03 [WARNING] GripperOptimized:optimized_main_loop:518 - 主循環執行時間過長: 36.0ms
2025-07-20 20:55:04 [WARNING] GripperOptimized:optimized_main_loop:518 - 主循環執行時間過長: 36.8ms
2025-07-20 20:55:11 [WARNING] GripperOptimized:optimized_main_loop:518 - 主循環執行時間過長: 37.9ms
2025-07-20 20:55:13 [WARNING] GripperOptimized:optimized_main_loop:518 - 主循環執行時間過長: 36.8ms
2025-07-20 20:55:14 [WARNING] GripperOptimized:optimized_main_loop:518 - 主循環執行時間過長: 37.2ms
2025-07-20 20:55:15 [WARNING] GripperOptimized:optimized_main_loop:518 - 主循環執行時間過長: 37.1ms
2025-07-20 20:55:16 [INFO] GripperOptimized:optimized_main_loop:506 - 性能統計: 循環=55000, 運行時間=1167.8s, 平均循環耗時=7.2ms, 最大循環耗時=52.5ms, 指令數=0, 錯誤數=0, 平均響應=0.0ms
2025-07-20 20:55:16 [WARNING] GripperOptimized:optimized_main_loop:518 - 主循環執行時間過長: 34.7ms
2025-07-20 20:55:17 [WARNING] GripperOptimized:optimized_main_loop:518 - 主循環執行時間過長: 38.6ms
2025-07-20 20:55:18 [WARNING] GripperOptimized:optimized_main_loop:518 - 主循環執行時間過長: 32.0ms
2025-07-20 20:55:19 [WARNING] GripperOptimized:optimized_main_loop:518 - 主循環執行時間過長: 37.2ms
2025-07-20 20:55:20 [WARNING] GripperOptimized:optimized_main_loop:518 - 主循環執行時間過長: 37.8ms
2025-07-20 20:55:21 [WARNING] GripperOptimized:optimized_main_loop:518 - 主循環執行時間過長: 37.2ms
2025-07-20 20:55:22 [WARNING] GripperOptimized:optimized_main_loop:518 - 主循環執行時間過長: 39.2ms
2025-07-20 20:55:23 [WARNING] GripperOptimized:optimized_main_loop:518 - 主循環執行時間過長: 38.2ms
2025-07-20 20:55:24 [WARNING] GripperOptimized:optimized_main_loop:518 - 主循環執行時間過長: 36.4ms
2025-07-20 20:55:25 [WARNING] GripperOptimized:optimized_main_loop:518 - 主循環執行時間過長: 35.5ms
2025-07-20 20:55:26 [WARNING] GripperOptimized:optimized_main_loop:518 - 主循環執行時間過長: 36.3ms
2025-07-20 20:55:28 [WARNING] GripperOptimized:optimized_main_loop:518 - 主循環執行時間過長: 36.6ms
2025-07-20 20:55:29 [WARNING] GripperOptimized:optimized_main_loop:518 - 主循環執行時間過長: 36.9ms
2025-07-20 20:55:33 [WARNING] GripperOptimized:optimized_main_loop:518 - 主循環執行時間過長: 36.0ms
2025-07-20 20:55:34 [WARNING] GripperOptimized:optimized_main_loop:518 - 主循環執行時間過長: 37.7ms
2025-07-20 20:55:35 [WARNING] GripperOptimized:optimized_main_loop:518 - 主循環執行時間過長: 36.2ms
2025-07-20 20:55:36 [WARNING] GripperOptimized:optimized_main_loop:518 - 主循環執行時間過長: 37.2ms
2025-07-20 20:55:37 [INFO] GripperOptimized:optimized_main_loop:506 - 性能統計: 循環=56000, 運行時間=1189.2s, 平均循環耗時=6.9ms, 最大循環耗時=52.5ms, 指令數=0, 錯誤數=0, 平均響應=0.0ms
2025-07-20 20:55:37 [WARNING] GripperOptimized:optimized_main_loop:518 - 主循環執行時間過長: 36.2ms
2025-07-20 20:55:39 [WARNING] GripperOptimized:optimized_main_loop:518 - 主循環執行時間過長: 36.8ms
2025-07-20 20:55:40 [WARNING] GripperOptimized:optimized_main_loop:518 - 主循環執行時間過長: 37.5ms
2025-07-20 20:55:41 [WARNING] GripperOptimized:optimized_main_loop:518 - 主循環執行時間過長: 38.1ms
2025-07-20 20:55:42 [WARNING] GripperOptimized:optimized_main_loop:518 - 主循環執行時間過長: 37.4ms
2025-07-20 20:55:44 [WARNING] GripperOptimized:optimized_main_loop:518 - 主循環執行時間過長: 33.5ms
2025-07-20 20:55:45 [WARNING] GripperOptimized:optimized_main_loop:518 - 主循環執行時間過長: 35.0ms
2025-07-20 20:55:46 [WARNING] GripperOptimized:optimized_main_loop:518 - 主循環執行時間過長: 37.9ms
2025-07-20 20:55:47 [WARNING] GripperOptimized:optimized_main_loop:518 - 主循環執行時間過長: 37.1ms
2025-07-20 20:55:48 [WARNING] GripperOptimized:optimized_main_loop:518 - 主循環執行時間過長: 36.9ms
2025-07-20 20:55:49 [WARNING] GripperOptimized:optimized_main_loop:518 - 主循環執行時間過長: 37.5ms
2025-07-20 20:55:50 [WARNING] GripperOptimized:optimized_main_loop:518 - 主循環執行時間過長: 36.3ms
2025-07-20 20:55:54 [WARNING] GripperOptimized:optimized_main_loop:518 - 主循環執行時間過長: 36.0ms
2025-07-20 20:55:55 [WARNING] GripperOptimized:optimized_main_loop:518 - 主循環執行時間過長: 38.0ms
2025-07-20 20:55:58 [INFO] GripperOptimized:optimized_main_loop:506 - 性能統計: 循環=57000, 運行時間=1210.6s, 平均循環耗時=8.2ms, 最大循環耗時=52.5ms, 指令數=0, 錯誤數=0, 平均響應=0.0ms
2025-07-20 20:56:00 [WARNING] GripperOptimized:optimized_main_loop:518 - 主循環執行時間過長: 36.8ms
2025-07-20 20:56:04 [WARNING] GripperOptimized:optimized_main_loop:518 - 主循環執行時間過長: 31.6ms
2025-07-20 20:56:05 [WARNING] GripperOptimized:optimized_main_loop:518 - 主循環執行時間過長: 38.3ms
2025-07-20 20:56:06 [WARNING] GripperOptimized:optimized_main_loop:518 - 主循環執行時間過長: 38.9ms
2025-07-20 20:56:07 [WARNING] GripperOptimized:optimized_main_loop:518 - 主循環執行時間過長: 35.8ms
2025-07-20 20:56:08 [WARNING] GripperOptimized:optimized_main_loop:518 - 主循環執行時間過長: 36.9ms
2025-07-20 20:56:09 [WARNING] GripperOptimized:optimized_main_loop:518 - 主循環執行時間過長: 38.6ms
2025-07-20 20:56:10 [WARNING] GripperOptimized:optimized_main_loop:518 - 主循環執行時間過長: 36.0ms
2025-07-20 20:56:11 [WARNING] GripperOptimized:optimized_main_loop:518 - 主循環執行時間過長: 38.7ms
2025-07-20 20:56:12 [WARNING] GripperOptimized:optimized_main_loop:518 - 主循環執行時間過長: 36.0ms
2025-07-20 20:56:13 [WARNING] GripperOptimized:optimized_main_loop:518 - 主循環執行時間過長: 38.7ms
2025-07-20 20:56:14 [WARNING] GripperOptimized:optimized_main_loop:518 - 主循環執行時間過長: 38.9ms
2025-07-20 20:56:16 [WARNING] GripperOptimized:optimized_main_loop:518 - 主循環執行時間過長: 35.6ms
2025-07-20 20:56:17 [WARNING] GripperOptimized:optimized_main_loop:518 - 主循環執行時間過長: 37.4ms
2025-07-20 20:56:18 [WARNING] GripperOptimized:optimized_main_loop:518 - 主循環執行時間過長: 38.2ms
2025-07-20 20:56:19 [WARNING] GripperOptimized:optimized_main_loop:518 - 主循環執行時間過長: 35.8ms
2025-07-20 20:56:20 [INFO] GripperOptimized:optimized_main_loop:506 - 性能統計: 循環=58000, 運行時間=1231.9s, 平均循環耗時=6.9ms, 最大循環耗時=52.5ms, 指令數=0, 錯誤數=0, 平均響應=0.0ms
2025-07-20 20:56:20 [WARNING] GripperOptimized:optimized_main_loop:518 - 主循環執行時間過長: 35.9ms
2025-07-20 20:56:21 [WARNING] GripperOptimized:optimized_main_loop:518 - 主循環執行時間過長: 36.9ms
2025-07-20 20:56:22 [WARNING] GripperOptimized:optimized_main_loop:518 - 主循環執行時間過長: 36.4ms
2025-07-20 20:56:23 [WARNING] GripperOptimized:optimized_main_loop:518 - 主循環執行時間過長: 36.2ms
2025-07-20 20:56:24 [WARNING] GripperOptimized:optimized_main_loop:518 - 主循環執行時間過長: 38.4ms
2025-07-20 20:56:25 [WARNING] GripperOptimized:optimized_main_loop:518 - 主循環執行時間過長: 39.0ms
2025-07-20 20:56:26 [WARNING] GripperOptimized:optimized_main_loop:518 - 主循環執行時間過長: 36.9ms
2025-07-20 20:56:27 [WARNING] GripperOptimized:optimized_main_loop:518 - 主循環執行時間過長: 32.7ms
2025-07-20 20:56:28 [WARNING] GripperOptimized:optimized_main_loop:518 - 主循環執行時間過長: 37.1ms
2025-07-20 20:56:29 [WARNING] GripperOptimized:optimized_main_loop:518 - 主循環執行時間過長: 37.4ms
2025-07-20 20:56:31 [WARNING] GripperOptimized:optimized_main_loop:518 - 主循環執行時間過長: 31.1ms
2025-07-20 20:56:32 [WARNING] GripperOptimized:optimized_main_loop:518 - 主循環執行時間過長: 36.4ms
2025-07-20 20:56:33 [WARNING] GripperOptimized:optimized_main_loop:518 - 主循環執行時間過長: 37.3ms
2025-07-20 20:56:34 [WARNING] GripperOptimized:optimized_main_loop:518 - 主循環執行時間過長: 37.2ms
2025-07-20 20:56:35 [WARNING] GripperOptimized:optimized_main_loop:518 - 主循環執行時間過長: 36.7ms
2025-07-20 20:56:36 [WARNING] GripperOptimized:optimized_main_loop:518 - 主循環執行時間過長: 37.5ms
2025-07-20 20:56:37 [WARNING] GripperOptimized:optimized_main_loop:518 - 主循環執行時間過長: 36.7ms
2025-07-20 20:56:38 [WARNING] GripperOptimized:optimized_main_loop:518 - 主循環執行時間過長: 37.7ms
2025-07-20 20:56:39 [WARNING] GripperOptimized:optimized_main_loop:518 - 主循環執行時間過長: 35.2ms
2025-07-20 20:56:41 [INFO] GripperOptimized:optimized_main_loop:506 - 性能統計: 循環=59000, 運行時間=1253.3s, 平均循環耗時=5.6ms, 最大循環耗時=52.5ms, 指令數=0, 錯誤數=0, 平均響應=0.0ms
2025-07-20 20:56:46 [WARNING] GripperOptimized:optimized_main_loop:518 - 主循環執行時間過長: 31.6ms
2025-07-20 20:56:48 [WARNING] GripperOptimized:optimized_main_loop:518 - 主循環執行時間過長: 36.9ms
2025-07-20 20:56:49 [WARNING] GripperOptimized:optimized_main_loop:518 - 主循環執行時間過長: 36.4ms
2025-07-20 20:56:50 [WARNING] GripperOptimized:optimized_main_loop:518 - 主循環執行時間過長: 38.9ms
2025-07-20 20:56:54 [WARNING] GripperOptimized:optimized_main_loop:518 - 主循環執行時間過長: 33.3ms
2025-07-20 20:56:58 [WARNING] GripperOptimized:optimized_main_loop:518 - 主循環執行時間過長: 36.3ms
2025-07-20 20:56:59 [WARNING] GripperOptimized:optimized_main_loop:518 - 主循環執行時間過長: 30.5ms
2025-07-20 20:57:01 [WARNING] GripperOptimized:optimized_main_loop:518 - 主循環執行時間過長: 36.1ms
2025-07-20 20:57:02 [INFO] GripperOptimized:optimized_main_loop:506 - 性能統計: 循環=60000, 運行時間=1274.5s, 平均循環耗時=6.3ms, 最大循環耗時=52.5ms, 指令數=0, 錯誤數=0, 平均響應=0.0ms
2025-07-20 20:57:02 [WARNING] GripperOptimized:optimized_main_loop:518 - 主循環執行時間過長: 36.7ms
2025-07-20 20:57:03 [WARNING] GripperOptimized:optimized_main_loop:518 - 主循環執行時間過長: 37.1ms
2025-07-20 20:57:05 [WARNING] GripperOptimized:optimized_main_loop:518 - 主循環執行時間過長: 35.5ms
2025-07-20 20:57:09 [WARNING] GripperOptimized:optimized_main_loop:518 - 主循環執行時間過長: 37.6ms
2025-07-20 20:57:10 [WARNING] GripperOptimized:optimized_main_loop:518 - 主循環執行時間過長: 35.9ms
2025-07-20 20:57:14 [WARNING] GripperOptimized:optimized_main_loop:518 - 主循環執行時間過長: 30.8ms
2025-07-20 20:57:18 [WARNING] GripperOptimized:optimized_main_loop:518 - 主循環執行時間過長: 31.7ms
2025-07-20 20:57:23 [WARNING] GripperOptimized:optimized_main_loop:518 - 主循環執行時間過長: 38.5ms
2025-07-20 20:57:24 [INFO] GripperOptimized:optimized_main_loop:506 - 性能統計: 循環=61000, 運行時間=1295.7s, 平均循環耗時=6.7ms, 最大循環耗時=52.5ms, 指令數=0, 錯誤數=0, 平均響應=0.0ms
2025-07-20 20:57:24 [WARNING] GripperOptimized:optimized_main_loop:518 - 主循環執行時間過長: 36.8ms
2025-07-20 20:57:25 [WARNING] GripperOptimized:optimized_main_loop:518 - 主循環執行時間過長: 39.7ms
2025-07-20 20:57:29 [WARNING] GripperOptimized:optimized_main_loop:518 - 主循環執行時間過長: 38.2ms
2025-07-20 20:57:30 [WARNING] GripperOptimized:optimized_main_loop:518 - 主循環執行時間過長: 37.7ms
2025-07-20 20:57:34 [WARNING] GripperOptimized:optimized_main_loop:518 - 主循環執行時間過長: 37.1ms
2025-07-20 20:57:38 [WARNING] GripperOptimized:optimized_main_loop:518 - 主循環執行時間過長: 36.0ms
2025-07-20 20:57:39 [WARNING] GripperOptimized:optimized_main_loop:518 - 主循環執行時間過長: 32.4ms
2025-07-20 20:57:41 [WARNING] GripperOptimized:optimized_main_loop:518 - 主循環執行時間過長: 37.7ms
2025-07-20 20:57:42 [WARNING] GripperOptimized:optimized_main_loop:518 - 主循環執行時間過長: 35.0ms
2025-07-20 20:57:43 [WARNING] GripperOptimized:optimized_main_loop:518 - 主循環執行時間過長: 37.2ms
2025-07-20 20:57:45 [INFO] GripperOptimized:optimized_main_loop:506 - 性能統計: 循環=62000, 運行時間=1316.9s, 平均循環耗時=4.4ms, 最大循環耗時=52.5ms, 指令數=0, 錯誤數=0, 平均響應=0.0ms
2025-07-20 20:57:47 [WARNING] GripperOptimized:optimized_main_loop:518 - 主循環執行時間過長: 30.9ms
2025-07-20 20:57:49 [WARNING] GripperOptimized:optimized_main_loop:518 - 主循環執行時間過長: 33.7ms
2025-07-20 20:57:50 [WARNING] GripperOptimized:optimized_main_loop:518 - 主循環執行時間過長: 36.6ms
2025-07-20 20:57:51 [WARNING] GripperOptimized:optimized_main_loop:518 - 主循環執行時間過長: 37.1ms
2025-07-20 20:57:52 [WARNING] GripperOptimized:optimized_main_loop:518 - 主循環執行時間過長: 37.5ms
2025-07-20 20:57:53 [WARNING] GripperOptimized:optimized_main_loop:518 - 主循環執行時間過長: 37.5ms
2025-07-20 20:57:54 [WARNING] GripperOptimized:optimized_main_loop:518 - 主循環執行時間過長: 37.4ms
2025-07-20 20:57:55 [WARNING] GripperOptimized:optimized_main_loop:518 - 主循環執行時間過長: 36.6ms
2025-07-20 20:57:56 [WARNING] GripperOptimized:optimized_main_loop:518 - 主循環執行時間過長: 39.2ms
2025-07-20 20:57:59 [WARNING] GripperOptimized:optimized_main_loop:518 - 主循環執行時間過長: 37.3ms
2025-07-20 20:58:03 [WARNING] GripperOptimized:optimized_main_loop:518 - 主循環執行時間過長: 36.6ms
2025-07-20 20:58:06 [INFO] GripperOptimized:optimized_main_loop:506 - 性能統計: 循環=63000, 運行時間=1338.1s, 平均循環耗時=6.5ms, 最大循環耗時=52.5ms, 指令數=0, 錯誤數=0, 平均響應=0.0ms
2025-07-20 20:58:07 [WARNING] GripperOptimized:optimized_main_loop:518 - 主循環執行時間過長: 37.9ms
2025-07-20 20:58:08 [WARNING] GripperOptimized:optimized_main_loop:518 - 主循環執行時間過長: 31.4ms
2025-07-20 20:58:09 [WARNING] GripperOptimized:optimized_main_loop:518 - 主循環執行時間過長: 37.3ms
2025-07-20 20:58:10 [WARNING] GripperOptimized:optimized_main_loop:518 - 主循環執行時間過長: 37.0ms
2025-07-20 20:58:15 [WARNING] GripperOptimized:optimized_main_loop:518 - 主循環執行時間過長: 37.2ms
2025-07-20 20:58:16 [WARNING] GripperOptimized:optimized_main_loop:518 - 主循環執行時間過長: 36.7ms
2025-07-20 20:58:20 [WARNING] GripperOptimized:optimized_main_loop:518 - 主循環執行時間過長: 38.6ms
2025-07-20 20:58:27 [INFO] GripperOptimized:optimized_main_loop:506 - 性能統計: 循環=64000, 運行時間=1359.4s, 平均循環耗時=8.4ms, 最大循環耗時=52.5ms, 指令數=0, 錯誤數=0, 平均響應=0.0ms
2025-07-20 20:58:31 [WARNING] GripperOptimized:optimized_main_loop:518 - 主循環執行時間過長: 32.4ms
2025-07-20 20:58:33 [WARNING] GripperOptimized:optimized_main_loop:518 - 主循環執行時間過長: 31.4ms
2025-07-20 20:58:37 [WARNING] GripperOptimized:optimized_main_loop:518 - 主循環執行時間過長: 37.9ms
2025-07-20 20:58:38 [WARNING] GripperOptimized:optimized_main_loop:518 - 主循環執行時間過長: 30.1ms
2025-07-20 20:58:39 [WARNING] GripperOptimized:optimized_main_loop:518 - 主循環執行時間過長: 31.2ms
2025-07-20 20:58:40 [WARNING] GripperOptimized:optimized_main_loop:518 - 主循環執行時間過長: 38.2ms
2025-07-20 20:58:41 [WARNING] GripperOptimized:optimized_main_loop:518 - 主循環執行時間過長: 37.9ms
2025-07-20 20:58:42 [WARNING] GripperOptimized:optimized_main_loop:518 - 主循環執行時間過長: 37.1ms
2025-07-20 20:58:43 [WARNING] GripperOptimized:optimized_main_loop:518 - 主循環執行時間過長: 37.0ms
2025-07-20 20:58:44 [WARNING] GripperOptimized:optimized_main_loop:518 - 主循環執行時間過長: 39.5ms
2025-07-20 20:58:48 [INFO] GripperOptimized:optimized_main_loop:506 - 性能統計: 循環=65000, 運行時間=1380.6s, 平均循環耗時=6.9ms, 最大循環耗時=52.5ms, 指令數=0, 錯誤數=0, 平均響應=0.0ms
2025-07-20 20:58:49 [WARNING] GripperOptimized:optimized_main_loop:518 - 主循環執行時間過長: 36.9ms
2025-07-20 20:58:50 [WARNING] GripperOptimized:optimized_main_loop:518 - 主循環執行時間過長: 30.9ms
2025-07-20 20:58:51 [WARNING] GripperOptimized:optimized_main_loop:518 - 主循環執行時間過長: 35.8ms
2025-07-20 20:58:52 [WARNING] GripperOptimized:optimized_main_loop:518 - 主循環執行時間過長: 37.2ms
2025-07-20 20:58:53 [WARNING] GripperOptimized:optimized_main_loop:518 - 主循環執行時間過長: 39.0ms
2025-07-20 20:58:54 [WARNING] GripperOptimized:optimized_main_loop:518 - 主循環執行時間過長: 35.7ms
2025-07-20 20:58:55 [WARNING] GripperOptimized:optimized_main_loop:518 - 主循環執行時間過長: 34.9ms
2025-07-20 20:58:59 [WARNING] GripperOptimized:optimized_main_loop:518 - 主循環執行時間過長: 34.5ms
2025-07-20 20:59:00 [WARNING] GripperOptimized:optimized_main_loop:518 - 主循環執行時間過長: 35.4ms
2025-07-20 20:59:01 [WARNING] GripperOptimized:optimized_main_loop:518 - 主循環執行時間過長: 36.8ms
2025-07-20 20:59:02 [WARNING] GripperOptimized:optimized_main_loop:518 - 主循環執行時間過長: 34.7ms
2025-07-20 20:59:03 [WARNING] GripperOptimized:optimized_main_loop:518 - 主循環執行時間過長: 30.7ms
2025-07-20 20:59:04 [WARNING] GripperOptimized:optimized_main_loop:518 - 主循環執行時間過長: 34.2ms
2025-07-20 20:59:06 [WARNING] GripperOptimized:optimized_main_loop:518 - 主循環執行時間過長: 37.2ms
2025-07-20 20:59:10 [INFO] GripperOptimized:optimized_main_loop:506 - 性能統計: 循環=66000, 運行時間=1401.8s, 平均循環耗時=5.0ms, 最大循環耗時=52.5ms, 指令數=0, 錯誤數=0, 平均響應=0.0ms
2025-07-20 20:59:10 [WARNING] GripperOptimized:optimized_main_loop:518 - 主循環執行時間過長: 33.6ms
2025-07-20 20:59:14 [WARNING] GripperOptimized:optimized_main_loop:518 - 主循環執行時間過長: 37.0ms
2025-07-20 20:59:15 [WARNING] GripperOptimized:optimized_main_loop:518 - 主循環執行時間過長: 36.6ms
2025-07-20 20:59:19 [WARNING] GripperOptimized:optimized_main_loop:518 - 主循環執行時間過長: 34.3ms
2025-07-20 20:59:20 [WARNING] GripperOptimized:optimized_main_loop:518 - 主循環執行時間過長: 34.0ms
2025-07-20 20:59:25 [WARNING] GripperOptimized:optimized_main_loop:518 - 主循環執行時間過長: 36.6ms
2025-07-20 20:59:31 [INFO] GripperOptimized:optimized_main_loop:506 - 性能統計: 循環=67000, 運行時間=1423.0s, 平均循環耗時=8.6ms, 最大循環耗時=52.5ms, 指令數=0, 錯誤數=0, 平均響應=0.0ms
2025-07-20 20:59:32 [WARNING] GripperOptimized:optimized_main_loop:518 - 主循環執行時間過長: 38.7ms
2025-07-20 20:59:36 [WARNING] GripperOptimized:optimized_main_loop:518 - 主循環執行時間過長: 35.8ms
2025-07-20 20:59:37 [WARNING] GripperOptimized:optimized_main_loop:518 - 主循環執行時間過長: 37.0ms
2025-07-20 20:59:38 [WARNING] GripperOptimized:optimized_main_loop:518 - 主循環執行時間過長: 33.8ms
2025-07-20 20:59:39 [WARNING] GripperOptimized:optimized_main_loop:518 - 主循環執行時間過長: 38.3ms
2025-07-20 20:59:44 [WARNING] GripperOptimized:optimized_main_loop:518 - 主循環執行時間過長: 38.0ms
2025-07-20 20:59:45 [WARNING] GripperOptimized:optimized_main_loop:518 - 主循環執行時間過長: 37.6ms
2025-07-20 20:59:52 [INFO] GripperOptimized:optimized_main_loop:506 - 性能統計: 循環=68000, 運行時間=1444.2s, 平均循環耗時=6.9ms, 最大循環耗時=52.5ms, 指令數=0, 錯誤數=0, 平均響應=0.0ms
2025-07-20 20:59:52 [WARNING] GripperOptimized:optimized_main_loop:518 - 主循環執行時間過長: 36.4ms
2025-07-20 20:59:53 [WARNING] GripperOptimized:optimized_main_loop:518 - 主循環執行時間過長: 37.4ms
2025-07-20 21:00:01 [WARNING] GripperOptimized:optimized_main_loop:518 - 主循環執行時間過長: 32.7ms
2025-07-20 21:00:02 [WARNING] GripperOptimized:optimized_main_loop:518 - 主循環執行時間過長: 37.2ms
2025-07-20 21:00:09 [WARNING] GripperOptimized:optimized_main_loop:518 - 主循環執行時間過長: 35.4ms
2025-07-20 21:00:13 [INFO] GripperOptimized:optimized_main_loop:506 - 性能統計: 循環=69000, 運行時間=1465.4s, 平均循環耗時=5.1ms, 最大循環耗時=52.5ms, 指令數=0, 錯誤數=0, 平均響應=0.0ms
2025-07-20 21:00:13 [WARNING] GripperOptimized:optimized_main_loop:518 - 主循環執行時間過長: 36.6ms
2025-07-20 21:00:24 [WARNING] GripperOptimized:optimized_main_loop:518 - 主循環執行時間過長: 30.2ms
2025-07-20 21:00:25 [WARNING] GripperOptimized:optimized_main_loop:518 - 主循環執行時間過長: 37.5ms
2025-07-20 21:00:26 [WARNING] GripperOptimized:optimized_main_loop:518 - 主循環執行時間過長: 37.2ms
2025-07-20 21:00:33 [WARNING] GripperOptimized:optimized_main_loop:518 - 主循環執行時間過長: 33.7ms
2025-07-20 21:00:34 [INFO] GripperOptimized:optimized_main_loop:506 - 性能統計: 循環=70000, 運行時間=1486.5s, 平均循環耗時=3.7ms, 最大循環耗時=52.5ms, 指令數=0, 錯誤數=0, 平均響應=0.0ms
2025-07-20 21:00:38 [WARNING] GripperOptimized:optimized_main_loop:518 - 主循環執行時間過長: 32.6ms
2025-07-20 21:00:51 [WARNING] GripperOptimized:optimized_main_loop:518 - 主循環執行時間過長: 37.7ms
2025-07-20 21:00:52 [WARNING] GripperOptimized:optimized_main_loop:518 - 主循環執行時間過長: 38.3ms
2025-07-20 21:00:53 [WARNING] GripperOptimized:optimized_main_loop:518 - 主循環執行時間過長: 32.8ms
2025-07-20 21:00:55 [WARNING] GripperOptimized:optimized_main_loop:518 - 主循環執行時間過長: 33.5ms
2025-07-20 21:00:56 [INFO] GripperOptimized:optimized_main_loop:506 - 性能統計: 循環=71000, 運行時間=1507.7s, 平均循環耗時=5.6ms, 最大循環耗時=52.5ms, 指令數=0, 錯誤數=0, 平均響應=0.0ms
2025-07-20 21:00:56 [WARNING] GripperOptimized:optimized_main_loop:518 - 主循環執行時間過長: 33.0ms
2025-07-20 21:01:00 [WARNING] GripperOptimized:optimized_main_loop:518 - 主循環執行時間過長: 33.0ms
2025-07-20 21:01:01 [WARNING] GripperOptimized:optimized_main_loop:518 - 主循環執行時間過長: 35.6ms
2025-07-20 21:01:05 [WARNING] GripperOptimized:optimized_main_loop:518 - 主循環執行時間過長: 37.3ms
2025-07-20 21:01:06 [WARNING] GripperOptimized:optimized_main_loop:518 - 主循環執行時間過長: 30.6ms
2025-07-20 21:01:08 [WARNING] GripperOptimized:optimized_main_loop:518 - 主循環執行時間過長: 35.5ms
2025-07-20 21:01:09 [WARNING] GripperOptimized:optimized_main_loop:518 - 主循環執行時間過長: 37.0ms
2025-07-20 21:01:14 [WARNING] GripperOptimized:optimized_main_loop:518 - 主循環執行時間過長: 32.0ms
2025-07-20 21:01:15 [WARNING] GripperOptimized:optimized_main_loop:518 - 主循環執行時間過長: 37.2ms
2025-07-20 21:01:16 [WARNING] GripperOptimized:optimized_main_loop:518 - 主循環執行時間過長: 35.5ms
2025-07-20 21:01:17 [INFO] GripperOptimized:optimized_main_loop:506 - 性能統計: 循環=72000, 運行時間=1528.9s, 平均循環耗時=4.5ms, 最大循環耗時=52.5ms, 指令數=0, 錯誤數=0, 平均響應=0.0ms
2025-07-20 21:01:17 [WARNING] GripperOptimized:optimized_main_loop:518 - 主循環執行時間過長: 32.3ms
2025-07-20 21:01:21 [WARNING] GripperOptimized:optimized_main_loop:518 - 主循環執行時間過長: 38.1ms
2025-07-20 21:01:25 [WARNING] GripperOptimized:optimized_main_loop:518 - 主循環執行時間過長: 33.5ms
2025-07-20 21:01:26 [WARNING] GripperOptimized:optimized_main_loop:518 - 主循環執行時間過長: 32.6ms
2025-07-20 21:01:27 [WARNING] GripperOptimized:optimized_main_loop:518 - 主循環執行時間過長: 37.1ms
2025-07-20 21:01:28 [WARNING] GripperOptimized:optimized_main_loop:518 - 主循環執行時間過長: 38.2ms
2025-07-20 21:01:29 [WARNING] GripperOptimized:optimized_main_loop:518 - 主循環執行時間過長: 34.7ms
2025-07-20 21:01:34 [WARNING] GripperOptimized:optimized_main_loop:518 - 主循環執行時間過長: 37.7ms
2025-07-20 21:01:38 [INFO] GripperOptimized:optimized_main_loop:506 - 性能統計: 循環=73000, 運行時間=1550.0s, 平均循環耗時=4.6ms, 最大循環耗時=52.5ms, 指令數=0, 錯誤數=0, 平均響應=0.0ms
2025-07-20 21:01:38 [WARNING] GripperOptimized:optimized_main_loop:518 - 主循環執行時間過長: 32.6ms
2025-07-20 21:01:39 [WARNING] GripperOptimized:optimized_main_loop:518 - 主循環執行時間過長: 37.8ms
2025-07-20 21:01:40 [WARNING] GripperOptimized:optimized_main_loop:518 - 主循環執行時間過長: 37.4ms
2025-07-20 21:01:42 [WARNING] GripperOptimized:optimized_main_loop:518 - 主循環執行時間過長: 38.0ms
2025-07-20 21:01:43 [WARNING] GripperOptimized:optimized_main_loop:518 - 主循環執行時間過長: 35.5ms
2025-07-20 21:01:44 [WARNING] GripperOptimized:optimized_main_loop:518 - 主循環執行時間過長: 37.6ms
2025-07-20 21:01:45 [WARNING] GripperOptimized:optimized_main_loop:518 - 主循環執行時間過長: 36.8ms
2025-07-20 21:01:50 [WARNING] GripperOptimized:optimized_main_loop:518 - 主循環執行時間過長: 31.4ms
2025-07-20 21:01:51 [WARNING] GripperOptimized:optimized_main_loop:518 - 主循環執行時間過長: 38.6ms
2025-07-20 21:01:55 [WARNING] GripperOptimized:optimized_main_loop:518 - 主循環執行時間過長: 36.3ms
2025-07-20 21:01:56 [WARNING] GripperOptimized:optimized_main_loop:518 - 主循環執行時間過長: 36.6ms
2025-07-20 21:01:59 [INFO] GripperOptimized:optimized_main_loop:506 - 性能統計: 循環=74000, 運行時間=1571.3s, 平均循環耗時=8.2ms, 最大循環耗時=52.5ms, 指令數=0, 錯誤數=0, 平均響應=0.0ms
2025-07-20 21:02:00 [WARNING] GripperOptimized:optimized_main_loop:518 - 主循環執行時間過長: 30.2ms
2025-07-20 21:02:04 [WARNING] GripperOptimized:optimized_main_loop:518 - 主循環執行時間過長: 34.8ms
2025-07-20 21:02:06 [WARNING] GripperOptimized:optimized_main_loop:518 - 主循環執行時間過長: 32.6ms
2025-07-20 21:02:07 [WARNING] GripperOptimized:optimized_main_loop:518 - 主循環執行時間過長: 38.5ms
2025-07-20 21:02:08 [WARNING] GripperOptimized:optimized_main_loop:518 - 主循環執行時間過長: 36.7ms
2025-07-20 21:02:12 [WARNING] GripperOptimized:optimized_main_loop:518 - 主循環執行時間過長: 38.1ms
2025-07-20 21:02:16 [WARNING] GripperOptimized:optimized_main_loop:518 - 主循環執行時間過長: 31.2ms
2025-07-20 21:02:17 [WARNING] GripperOptimized:optimized_main_loop:518 - 主循環執行時間過長: 36.5ms
2025-07-20 21:02:18 [WARNING] GripperOptimized:optimized_main_loop:518 - 主循環執行時間過長: 37.8ms
2025-07-20 21:02:20 [INFO] GripperOptimized:optimized_main_loop:506 - 性能統計: 循環=75000, 運行時間=1592.5s, 平均循環耗時=7.0ms, 最大循環耗時=52.5ms, 指令數=0, 錯誤數=0, 平均響應=0.0ms
2025-07-20 21:02:20 [WARNING] GripperOptimized:optimized_main_loop:518 - 主循環執行時間過長: 37.9ms
2025-07-20 21:02:25 [WARNING] GripperOptimized:optimized_main_loop:518 - 主循環執行時間過長: 37.1ms
2025-07-20 21:02:26 [WARNING] GripperOptimized:optimized_main_loop:518 - 主循環執行時間過長: 36.9ms
2025-07-20 21:02:27 [WARNING] GripperOptimized:optimized_main_loop:518 - 主循環執行時間過長: 36.9ms
2025-07-20 21:02:29 [WARNING] GripperOptimized:optimized_main_loop:518 - 主循環執行時間過長: 33.1ms
2025-07-20 21:02:30 [WARNING] GripperOptimized:optimized_main_loop:518 - 主循環執行時間過長: 37.2ms
2025-07-20 21:02:31 [WARNING] GripperOptimized:optimized_main_loop:518 - 主循環執行時間過長: 36.6ms
2025-07-20 21:02:42 [INFO] GripperOptimized:optimized_main_loop:506 - 性能統計: 循環=76000, 運行時間=1613.7s, 平均循環耗時=6.0ms, 最大循環耗時=52.5ms, 指令數=0, 錯誤數=0, 平均響應=0.0ms
2025-07-20 21:02:42 [WARNING] GripperOptimized:optimized_main_loop:518 - 主循環執行時間過長: 35.7ms
2025-07-20 21:02:43 [WARNING] GripperOptimized:optimized_main_loop:518 - 主循環執行時間過長: 38.7ms
2025-07-20 21:02:44 [WARNING] GripperOptimized:optimized_main_loop:518 - 主循環執行時間過長: 37.2ms
2025-07-20 21:02:45 [WARNING] GripperOptimized:optimized_main_loop:518 - 主循環執行時間過長: 38.8ms
2025-07-20 21:02:46 [WARNING] GripperOptimized:optimized_main_loop:518 - 主循環執行時間過長: 35.1ms
2025-07-20 21:02:47 [WARNING] GripperOptimized:optimized_main_loop:518 - 主循環執行時間過長: 30.0ms
2025-07-20 21:02:48 [WARNING] GripperOptimized:optimized_main_loop:518 - 主循環執行時間過長: 39.5ms
2025-07-20 21:02:49 [WARNING] GripperOptimized:optimized_main_loop:518 - 主循環執行時間過長: 39.7ms
2025-07-20 21:02:50 [WARNING] GripperOptimized:optimized_main_loop:518 - 主循環執行時間過長: 38.0ms
2025-07-20 21:02:51 [WARNING] GripperOptimized:optimized_main_loop:518 - 主循環執行時間過長: 38.1ms
2025-07-20 21:02:59 [WARNING] GripperOptimized:optimized_main_loop:518 - 主循環執行時間過長: 37.1ms
2025-07-20 21:03:03 [INFO] GripperOptimized:optimized_main_loop:506 - 性能統計: 循環=77000, 運行時間=1634.9s, 平均循環耗時=6.7ms, 最大循環耗時=52.5ms, 指令數=0, 錯誤數=0, 平均響應=0.0ms
2025-07-20 21:03:03 [WARNING] GripperOptimized:optimized_main_loop:518 - 主循環執行時間過長: 36.8ms
2025-07-20 21:03:04 [WARNING] GripperOptimized:optimized_main_loop:518 - 主循環執行時間過長: 34.2ms
2025-07-20 21:03:08 [WARNING] GripperOptimized:optimized_main_loop:518 - 主循環執行時間過長: 35.8ms
2025-07-20 21:03:09 [WARNING] GripperOptimized:optimized_main_loop:518 - 主循環執行時間過長: 37.4ms
2025-07-20 21:03:17 [WARNING] GripperOptimized:optimized_main_loop:518 - 主循環執行時間過長: 37.7ms
2025-07-20 21:03:21 [WARNING] GripperOptimized:optimized_main_loop:518 - 主循環執行時間過長: 33.6ms
2025-07-20 21:03:22 [WARNING] GripperOptimized:optimized_main_loop:518 - 主循環執行時間過長: 35.8ms
2025-07-20 21:03:24 [INFO] GripperOptimized:optimized_main_loop:506 - 性能統計: 循環=78000, 運行時間=1656.1s, 平均循環耗時=4.6ms, 最大循環耗時=52.5ms, 指令數=0, 錯誤數=0, 平均響應=0.0ms
2025-07-20 21:03:26 [WARNING] GripperOptimized:optimized_main_loop:518 - 主循環執行時間過長: 33.6ms
2025-07-20 21:03:27 [WARNING] GripperOptimized:optimized_main_loop:518 - 主循環執行時間過長: 35.2ms
2025-07-20 21:03:29 [WARNING] GripperOptimized:optimized_main_loop:518 - 主循環執行時間過長: 36.9ms
2025-07-20 21:03:30 [WARNING] GripperOptimized:optimized_main_loop:518 - 主循環執行時間過長: 36.0ms
2025-07-20 21:03:35 [WARNING] GripperOptimized:optimized_main_loop:518 - 主循環執行時間過長: 37.4ms
2025-07-20 21:03:39 [WARNING] GripperOptimized:optimized_main_loop:518 - 主循環執行時間過長: 31.6ms
2025-07-20 21:03:43 [WARNING] GripperOptimized:optimized_main_loop:518 - 主循環執行時間過長: 33.0ms
2025-07-20 21:03:44 [WARNING] GripperOptimized:optimized_main_loop:518 - 主循環執行時間過長: 36.6ms
2025-07-20 21:03:45 [INFO] GripperOptimized:optimized_main_loop:506 - 性能統計: 循環=79000, 運行時間=1677.2s, 平均循環耗時=6.3ms, 最大循環耗時=52.5ms, 指令數=0, 錯誤數=0, 平均響應=0.0ms
2025-07-20 21:03:45 [WARNING] GripperOptimized:optimized_main_loop:518 - 主循環執行時間過長: 35.9ms
2025-07-20 21:03:53 [WARNING] GripperOptimized:optimized_main_loop:518 - 主循環執行時間過長: 33.3ms
2025-07-20 21:03:57 [WARNING] GripperOptimized:optimized_main_loop:518 - 主循環執行時間過長: 38.5ms
2025-07-20 21:04:01 [WARNING] GripperOptimized:optimized_main_loop:518 - 主循環執行時間過長: 38.6ms
2025-07-20 21:04:02 [WARNING] GripperOptimized:optimized_main_loop:518 - 主循環執行時間過長: 35.5ms
2025-07-20 21:04:06 [INFO] GripperOptimized:optimized_main_loop:506 - 性能統計: 循環=80000, 運行時間=1698.4s, 平均循環耗時=6.5ms, 最大循環耗時=52.5ms, 指令數=0, 錯誤數=0, 平均響應=0.0ms
2025-07-20 21:04:06 [WARNING] GripperOptimized:optimized_main_loop:518 - 主循環執行時間過長: 35.1ms
2025-07-20 21:04:15 [WARNING] GripperOptimized:optimized_main_loop:518 - 主循環執行時間過長: 37.0ms
2025-07-20 21:04:19 [WARNING] GripperOptimized:optimized_main_loop:518 - 主循環執行時間過長: 37.1ms
2025-07-20 21:04:26 [WARNING] GripperOptimized:optimized_main_loop:518 - 主循環執行時間過長: 35.7ms
2025-07-20 21:04:27 [INFO] GripperOptimized:optimized_main_loop:506 - 性能統計: 循環=81000, 運行時間=1719.5s, 平均循環耗時=4.7ms, 最大循環耗時=52.5ms, 指令數=0, 錯誤數=0, 平均響應=0.0ms
2025-07-20 21:04:34 [WARNING] GripperOptimized:optimized_main_loop:518 - 主循環執行時間過長: 37.0ms
2025-07-20 21:04:35 [WARNING] GripperOptimized:optimized_main_loop:518 - 主循環執行時間過長: 33.5ms
2025-07-20 21:04:37 [WARNING] GripperOptimized:optimized_main_loop:518 - 主循環執行時間過長: 37.8ms
2025-07-20 21:04:38 [WARNING] GripperOptimized:optimized_main_loop:518 - 主循環執行時間過長: 39.4ms
2025-07-20 21:04:39 [WARNING] GripperOptimized:optimized_main_loop:518 - 主循環執行時間過長: 36.9ms
2025-07-20 21:04:43 [WARNING] GripperOptimized:optimized_main_loop:518 - 主循環執行時間過長: 30.6ms
2025-07-20 21:04:44 [WARNING] GripperOptimized:optimized_main_loop:518 - 主循環執行時間過長: 38.9ms
2025-07-20 21:04:45 [WARNING] GripperOptimized:optimized_main_loop:518 - 主循環執行時間過長: 35.3ms
2025-07-20 21:04:47 [WARNING] GripperOptimized:optimized_main_loop:518 - 主循環執行時間過長: 35.0ms
2025-07-20 21:04:48 [WARNING] GripperOptimized:optimized_main_loop:518 - 主循環執行時間過長: 32.8ms
2025-07-20 21:04:49 [INFO] GripperOptimized:optimized_main_loop:506 - 性能統計: 循環=82000, 運行時間=1740.7s, 平均循環耗時=5.2ms, 最大循環耗時=52.5ms, 指令數=0, 錯誤數=0, 平均響應=0.0ms
2025-07-20 21:04:49 [WARNING] GripperOptimized:optimized_main_loop:518 - 主循環執行時間過長: 32.5ms
2025-07-20 21:04:54 [WARNING] GripperOptimized:optimized_main_loop:518 - 主循環執行時間過長: 35.4ms
2025-07-20 21:04:55 [WARNING] GripperOptimized:optimized_main_loop:518 - 主循環執行時間過長: 38.3ms
2025-07-20 21:04:56 [WARNING] GripperOptimized:optimized_main_loop:518 - 主循環執行時間過長: 36.2ms
2025-07-20 21:05:00 [WARNING] GripperOptimized:optimized_main_loop:518 - 主循環執行時間過長: 33.4ms
2025-07-20 21:05:01 [WARNING] GripperOptimized:optimized_main_loop:518 - 主循環執行時間過長: 36.5ms
2025-07-20 21:05:09 [WARNING] GripperOptimized:optimized_main_loop:518 - 主循環執行時間過長: 36.6ms
2025-07-20 21:05:10 [INFO] GripperOptimized:optimized_main_loop:506 - 性能統計: 循環=83000, 運行時間=1761.9s, 平均循環耗時=5.2ms, 最大循環耗時=52.5ms, 指令數=0, 錯誤數=0, 平均響應=0.0ms
2025-07-20 21:05:10 [WARNING] GripperOptimized:optimized_main_loop:518 - 主循環執行時間過長: 33.7ms
2025-07-20 21:05:11 [WARNING] GripperOptimized:optimized_main_loop:518 - 主循環執行時間過長: 39.6ms
2025-07-20 21:05:12 [WARNING] GripperOptimized:optimized_main_loop:518 - 主循環執行時間過長: 32.8ms
2025-07-20 21:05:16 [WARNING] GripperOptimized:optimized_main_loop:518 - 主循環執行時間過長: 37.9ms
2025-07-20 21:05:17 [WARNING] GripperOptimized:optimized_main_loop:518 - 主循環執行時間過長: 36.5ms
2025-07-20 21:05:18 [WARNING] GripperOptimized:optimized_main_loop:518 - 主循環執行時間過長: 32.6ms
2025-07-20 21:05:19 [WARNING] GripperOptimized:optimized_main_loop:518 - 主循環執行時間過長: 36.2ms
2025-07-20 21:05:20 [WARNING] GripperOptimized:optimized_main_loop:518 - 主循環執行時間過長: 35.8ms
2025-07-20 21:05:21 [WARNING] GripperOptimized:optimized_main_loop:518 - 主循環執行時間過長: 38.0ms
2025-07-20 21:05:23 [WARNING] GripperOptimized:optimized_main_loop:518 - 主循環執行時間過長: 32.0ms
2025-07-20 21:05:24 [WARNING] GripperOptimized:optimized_main_loop:518 - 主循環執行時間過長: 36.0ms
2025-07-20 21:05:25 [WARNING] GripperOptimized:optimized_main_loop:518 - 主循環執行時間過長: 34.8ms
2025-07-20 21:05:26 [WARNING] GripperOptimized:optimized_main_loop:518 - 主循環執行時間過長: 31.5ms
2025-07-20 21:05:30 [WARNING] GripperOptimized:optimized_main_loop:518 - 主循環執行時間過長: 39.5ms
2025-07-20 21:05:31 [INFO] GripperOptimized:optimized_main_loop:506 - 性能統計: 循環=84000, 運行時間=1783.1s, 平均循環耗時=4.7ms, 最大循環耗時=52.5ms, 指令數=0, 錯誤數=0, 平均響應=0.0ms
2025-07-20 21:05:34 [WARNING] GripperOptimized:optimized_main_loop:518 - 主循環執行時間過長: 37.0ms
2025-07-20 21:05:45 [WARNING] GripperOptimized:optimized_main_loop:518 - 主循環執行時間過長: 35.5ms
2025-07-20 21:05:46 [WARNING] GripperOptimized:optimized_main_loop:518 - 主循環執行時間過長: 37.8ms
2025-07-20 21:05:47 [WARNING] GripperOptimized:optimized_main_loop:518 - 主循環執行時間過長: 30.6ms
2025-07-20 21:05:48 [WARNING] GripperOptimized:optimized_main_loop:518 - 主循環執行時間過長: 39.1ms
2025-07-20 21:05:52 [INFO] GripperOptimized:optimized_main_loop:506 - 性能統計: 循環=85000, 運行時間=1804.3s, 平均循環耗時=4.4ms, 最大循環耗時=52.5ms, 指令數=0, 錯誤數=0, 平均響應=0.0ms
2025-07-20 21:05:59 [WARNING] GripperOptimized:optimized_main_loop:518 - 主循環執行時間過長: 36.2ms
2025-07-20 21:06:03 [WARNING] GripperOptimized:optimized_main_loop:518 - 主循環執行時間過長: 37.7ms
2025-07-20 21:06:07 [WARNING] GripperOptimized:optimized_main_loop:518 - 主循環執行時間過長: 37.1ms
2025-07-20 21:06:13 [INFO] GripperOptimized:optimized_main_loop:506 - 性能統計: 循環=86000, 運行時間=1825.4s, 平均循環耗時=7.5ms, 最大循環耗時=52.5ms, 指令數=0, 錯誤數=0, 平均響應=0.0ms
2025-07-20 21:06:14 [WARNING] GripperOptimized:optimized_main_loop:518 - 主循環執行時間過長: 30.4ms
2025-07-20 21:06:15 [WARNING] GripperOptimized:optimized_main_loop:518 - 主循環執行時間過長: 30.7ms
2025-07-20 21:06:20 [WARNING] GripperOptimized:optimized_main_loop:518 - 主循環執行時間過長: 36.6ms
2025-07-20 21:06:27 [WARNING] GripperOptimized:optimized_main_loop:518 - 主循環執行時間過長: 38.2ms
2025-07-20 21:06:28 [WARNING] GripperOptimized:optimized_main_loop:518 - 主循環執行時間過長: 36.1ms
2025-07-20 21:06:34 [INFO] GripperOptimized:optimized_main_loop:506 - 性能統計: 循環=87000, 運行時間=1846.6s, 平均循環耗時=5.2ms, 最大循環耗時=52.5ms, 指令數=0, 錯誤數=0, 平均響應=0.0ms
2025-07-20 21:06:39 [WARNING] GripperOptimized:optimized_main_loop:518 - 主循環執行時間過長: 31.9ms
2025-07-20 21:06:46 [WARNING] GripperOptimized:optimized_main_loop:518 - 主循環執行時間過長: 37.6ms
2025-07-20 21:06:47 [WARNING] GripperOptimized:optimized_main_loop:518 - 主循環執行時間過長: 38.9ms
2025-07-20 21:06:48 [WARNING] GripperOptimized:optimized_main_loop:518 - 主循環執行時間過長: 38.8ms
2025-07-20 21:06:49 [WARNING] GripperOptimized:optimized_main_loop:518 - 主循環執行時間過長: 38.8ms
2025-07-20 21:06:54 [WARNING] GripperOptimized:optimized_main_loop:518 - 主循環執行時間過長: 32.9ms
2025-07-20 21:06:55 [WARNING] GripperOptimized:optimized_main_loop:518 - 主循環執行時間過長: 32.4ms
2025-07-20 21:06:56 [INFO] GripperOptimized:optimized_main_loop:506 - 性能統計: 循環=88000, 運行時間=1867.7s, 平均循環耗時=5.0ms, 最大循環耗時=52.5ms, 指令數=0, 錯誤數=0, 平均響應=0.0ms
2025-07-20 21:06:56 [WARNING] GripperOptimized:optimized_main_loop:518 - 主循環執行時間過長: 34.2ms
2025-07-20 21:06:57 [WARNING] GripperOptimized:optimized_main_loop:518 - 主循環執行時間過長: 35.8ms
2025-07-20 21:06:58 [WARNING] GripperOptimized:optimized_main_loop:518 - 主循環執行時間過長: 32.1ms
2025-07-20 21:06:59 [WARNING] GripperOptimized:optimized_main_loop:518 - 主循環執行時間過長: 31.8ms
2025-07-20 21:07:06 [WARNING] GripperOptimized:optimized_main_loop:518 - 主循環執行時間過長: 35.1ms
2025-07-20 21:07:13 [WARNING] GripperOptimized:optimized_main_loop:518 - 主循環執行時間過長: 35.5ms
2025-07-20 21:07:14 [WARNING] GripperOptimized:optimized_main_loop:518 - 主循環執行時間過長: 37.3ms
2025-07-20 21:07:17 [INFO] GripperOptimized:optimized_main_loop:506 - 性能統計: 循環=89000, 運行時間=1889.2s, 平均循環耗時=7.2ms, 最大循環耗時=52.5ms, 指令數=0, 錯誤數=0, 平均響應=0.0ms
2025-07-20 21:07:18 [WARNING] GripperOptimized:optimized_main_loop:518 - 主循環執行時間過長: 35.9ms
2025-07-20 21:07:19 [WARNING] GripperOptimized:optimized_main_loop:518 - 主循環執行時間過長: 32.5ms
2025-07-20 21:07:23 [WARNING] GripperOptimized:optimized_main_loop:518 - 主循環執行時間過長: 34.4ms
2025-07-20 21:07:25 [WARNING] GripperOptimized:optimized_main_loop:518 - 主循環執行時間過長: 31.0ms
2025-07-20 21:07:37 [WARNING] GripperOptimized:optimized_main_loop:518 - 主循環執行時間過長: 37.0ms
2025-07-20 21:07:38 [INFO] GripperOptimized:optimized_main_loop:506 - 性能統計: 循環=90000, 運行時間=1910.4s, 平均循環耗時=6.2ms, 最大循環耗時=52.5ms, 指令數=0, 錯誤數=0, 平均響應=0.0ms
2025-07-20 21:07:38 [WARNING] GripperOptimized:optimized_main_loop:518 - 主循環執行時間過長: 39.0ms
2025-07-20 21:07:42 [WARNING] GripperOptimized:optimized_main_loop:518 - 主循環執行時間過長: 38.2ms
2025-07-20 21:07:44 [WARNING] GripperOptimized:optimized_main_loop:518 - 主循環執行時間過長: 37.9ms
2025-07-20 21:07:48 [WARNING] GripperOptimized:optimized_main_loop:518 - 主循環執行時間過長: 37.5ms
2025-07-20 21:07:49 [WARNING] GripperOptimized:optimized_main_loop:518 - 主循環執行時間過長: 36.7ms
2025-07-20 21:07:50 [WARNING] GripperOptimized:optimized_main_loop:518 - 主循環執行時間過長: 36.1ms
2025-07-20 21:07:51 [WARNING] GripperOptimized:optimized_main_loop:518 - 主循環執行時間過長: 36.5ms
2025-07-20 21:07:59 [INFO] GripperOptimized:optimized_main_loop:506 - 性能統計: 循環=91000, 運行時間=1931.6s, 平均循環耗時=5.2ms, 最大循環耗時=52.5ms, 指令數=0, 錯誤數=0, 平均響應=0.0ms
2025-07-20 21:08:00 [INFO] GripperOptimized:process_commands_optimized:424 - 收到PGC指令: 代碼=8, 參數1=0, 參數2=0, ID=63014
2025-07-20 21:08:00 [INFO] GripperOptimized:process_commands_optimized:436 - PGC指令執行成功 - 響應時間: 17.0ms
2025-07-20 21:08:00 [WARNING] GripperOptimized:optimized_main_loop:518 - 主循環執行時間過長: 48.9ms
2025-07-20 21:08:02 [INFO] GripperOptimized:process_commands_optimized:424 - 收到PGC指令: 代碼=7, 參數1=0, 參數2=0, ID=65028
2025-07-20 21:08:02 [INFO] GripperOptimized:process_commands_optimized:436 - PGC指令執行成功 - 響應時間: 16.5ms
2025-07-20 21:08:02 [WARNING] GripperOptimized:optimized_main_loop:518 - 主循環執行時間過長: 49.7ms
2025-07-20 21:08:03 [INFO] GripperOptimized:process_commands_optimized:424 - 收到PGC指令: 代碼=7, 參數1=0, 參數2=0, ID=250
2025-07-20 21:08:03 [INFO] GripperOptimized:process_commands_optimized:436 - PGC指令執行成功 - 響應時間: 9.5ms
2025-07-20 21:08:03 [WARNING] GripperOptimized:optimized_main_loop:518 - 主循環執行時間過長: 41.0ms
2025-07-20 21:08:03 [WARNING] GripperOptimized:optimized_main_loop:518 - 主循環執行時間過長: 38.7ms
2025-07-20 21:08:07 [WARNING] GripperOptimized:optimized_main_loop:518 - 主循環執行時間過長: 33.9ms
2025-07-20 21:08:08 [WARNING] GripperOptimized:optimized_main_loop:518 - 主循環執行時間過長: 36.8ms
2025-07-20 21:08:12 [WARNING] GripperOptimized:optimized_main_loop:518 - 主循環執行時間過長: 34.0ms
2025-07-20 21:08:20 [WARNING] GripperOptimized:optimized_main_loop:518 - 主循環執行時間過長: 39.0ms
2025-07-20 21:08:21 [INFO] GripperOptimized:optimized_main_loop:506 - 性能統計: 循環=92000, 運行時間=1952.8s, 平均循環耗時=6.3ms, 最大循環耗時=52.5ms, 指令數=3, 錯誤數=0, 平均響應=3.8ms
2025-07-20 21:08:21 [WARNING] GripperOptimized:optimized_main_loop:518 - 主循環執行時間過長: 36.4ms
2025-07-20 21:08:22 [WARNING] GripperOptimized:optimized_main_loop:518 - 主循環執行時間過長: 36.8ms
2025-07-20 21:08:26 [WARNING] GripperOptimized:optimized_main_loop:518 - 主循環執行時間過長: 37.8ms
2025-07-20 21:08:27 [WARNING] GripperOptimized:optimized_main_loop:518 - 主循環執行時間過長: 35.2ms
2025-07-20 21:08:41 [WARNING] GripperOptimized:optimized_main_loop:518 - 主循環執行時間過長: 31.9ms
2025-07-20 21:08:42 [INFO] GripperOptimized:optimized_main_loop:506 - 性能統計: 循環=93000, 運行時間=1974.0s, 平均循環耗時=6.6ms, 最大循環耗時=52.5ms, 指令數=3, 錯誤數=0, 平均響應=3.8ms
2025-07-20 21:08:42 [WARNING] GripperOptimized:optimized_main_loop:518 - 主循環執行時間過長: 36.8ms
2025-07-20 21:08:43 [WARNING] GripperOptimized:optimized_main_loop:518 - 主循環執行時間過長: 38.5ms
2025-07-20 21:08:47 [WARNING] GripperOptimized:optimized_main_loop:518 - 主循環執行時間過長: 38.4ms
2025-07-20 21:08:48 [WARNING] GripperOptimized:optimized_main_loop:518 - 主循環執行時間過長: 37.1ms
2025-07-20 21:08:56 [WARNING] GripperOptimized:optimized_main_loop:518 - 主循環執行時間過長: 37.4ms
2025-07-20 21:08:57 [WARNING] GripperOptimized:optimized_main_loop:518 - 主循環執行時間過長: 36.0ms
2025-07-20 21:09:01 [WARNING] GripperOptimized:optimized_main_loop:518 - 主循環執行時間過長: 33.9ms
2025-07-20 21:09:02 [WARNING] GripperOptimized:optimized_main_loop:518 - 主循環執行時間過長: 34.6ms
2025-07-20 21:09:03 [INFO] GripperOptimized:optimized_main_loop:506 - 性能統計: 循環=94000, 運行時間=1995.2s, 平均循環耗時=6.4ms, 最大循環耗時=52.5ms, 指令數=3, 錯誤數=0, 平均響應=3.8ms
2025-07-20 21:09:03 [WARNING] GripperOptimized:optimized_main_loop:518 - 主循環執行時間過長: 35.2ms
2025-07-20 21:09:04 [WARNING] GripperOptimized:optimized_main_loop:518 - 主循環執行時間過長: 37.5ms
2025-07-20 21:09:05 [WARNING] GripperOptimized:optimized_main_loop:518 - 主循環執行時間過長: 37.1ms
2025-07-20 21:09:10 [WARNING] GripperOptimized:optimized_main_loop:518 - 主循環執行時間過長: 37.7ms
2025-07-20 21:09:11 [WARNING] GripperOptimized:optimized_main_loop:518 - 主循環執行時間過長: 37.8ms
2025-07-20 21:09:18 [WARNING] GripperOptimized:optimized_main_loop:518 - 主循環執行時間過長: 36.8ms
2025-07-20 21:09:19 [WARNING] GripperOptimized:optimized_main_loop:518 - 主循環執行時間過長: 37.2ms
2025-07-20 21:09:23 [WARNING] GripperOptimized:optimized_main_loop:518 - 主循環執行時間過長: 36.6ms
2025-07-20 21:09:24 [INFO] GripperOptimized:optimized_main_loop:506 - 性能統計: 循環=95000, 運行時間=2016.5s, 平均循環耗時=6.5ms, 最大循環耗時=52.5ms, 指令數=3, 錯誤數=0, 平均響應=3.8ms
2025-07-20 21:09:24 [WARNING] GripperOptimized:optimized_main_loop:518 - 主循環執行時間過長: 36.9ms
2025-07-20 21:09:25 [WARNING] GripperOptimized:optimized_main_loop:518 - 主循環執行時間過長: 36.7ms
2025-07-20 21:09:28 [WARNING] GripperOptimized:optimized_main_loop:518 - 主循環執行時間過長: 37.3ms
2025-07-20 21:09:32 [WARNING] GripperOptimized:optimized_main_loop:518 - 主循環執行時間過長: 39.5ms
2025-07-20 21:09:35 [INFO] GripperOptimized:process_commands_optimized:424 - 收到PGC指令: 代碼=8, 參數1=0, 參數2=0, ID=26683
2025-07-20 21:09:35 [INFO] GripperOptimized:process_commands_optimized:436 - PGC指令執行成功 - 響應時間: 9.9ms
2025-07-20 21:09:35 [WARNING] GripperOptimized:optimized_main_loop:518 - 主循環執行時間過長: 42.1ms
2025-07-20 21:09:35 [WARNING] GripperOptimized:optimized_main_loop:518 - 主循環執行時間過長: 37.5ms
2025-07-20 21:09:42 [WARNING] GripperOptimized:optimized_main_loop:518 - 主循環執行時間過長: 37.9ms
2025-07-20 21:09:44 [WARNING] GripperOptimized:optimized_main_loop:518 - 主循環執行時間過長: 36.7ms
2025-07-20 21:09:45 [WARNING] GripperOptimized:optimized_main_loop:518 - 主循環執行時間過長: 37.9ms
2025-07-20 21:09:46 [INFO] GripperOptimized:optimized_main_loop:506 - 性能統計: 循環=96000, 運行時間=2037.7s, 平均循環耗時=3.7ms, 最大循環耗時=52.5ms, 指令數=4, 錯誤數=0, 平均響應=4.4ms
2025-07-20 21:09:49 [WARNING] GripperOptimized:optimized_main_loop:518 - 主循環執行時間過長: 35.2ms
2025-07-20 21:09:50 [WARNING] GripperOptimized:optimized_main_loop:518 - 主循環執行時間過長: 36.4ms
2025-07-20 21:09:54 [WARNING] GripperOptimized:optimized_main_loop:518 - 主循環執行時間過長: 37.5ms
2025-07-20 21:09:58 [WARNING] GripperOptimized:optimized_main_loop:518 - 主循環執行時間過長: 34.8ms
2025-07-20 21:09:59 [WARNING] GripperOptimized:optimized_main_loop:518 - 主循環執行時間過長: 37.0ms
2025-07-20 21:10:07 [INFO] GripperOptimized:optimized_main_loop:506 - 性能統計: 循環=97000, 運行時間=2058.9s, 平均循環耗時=6.0ms, 最大循環耗時=52.5ms, 指令數=4, 錯誤數=0, 平均響應=4.4ms
2025-07-20 21:10:07 [WARNING] GripperOptimized:optimized_main_loop:518 - 主循環執行時間過長: 37.4ms
2025-07-20 21:10:17 [WARNING] GripperOptimized:optimized_main_loop:518 - 主循環執行時間過長: 38.9ms
2025-07-20 21:10:19 [WARNING] GripperOptimized:optimized_main_loop:518 - 主循環執行時間過長: 34.4ms
2025-07-20 21:10:20 [WARNING] GripperOptimized:optimized_main_loop:518 - 主循環執行時間過長: 32.4ms
2025-07-20 21:10:21 [WARNING] GripperOptimized:optimized_main_loop:518 - 主循環執行時間過長: 37.6ms
2025-07-20 21:10:22 [WARNING] GripperOptimized:optimized_main_loop:518 - 主循環執行時間過長: 36.4ms
2025-07-20 21:10:26 [WARNING] GripperOptimized:optimized_main_loop:518 - 主循環執行時間過長: 34.1ms
2025-07-20 21:10:28 [INFO] GripperOptimized:optimized_main_loop:506 - 性能統計: 循環=98000, 運行時間=2080.2s, 平均循環耗時=5.0ms, 最大循環耗時=52.5ms, 指令數=4, 錯誤數=0, 平均響應=4.4ms
2025-07-20 21:10:30 [WARNING] GripperOptimized:optimized_main_loop:518 - 主循環執行時間過長: 31.4ms
2025-07-20 21:10:34 [WARNING] GripperOptimized:optimized_main_loop:518 - 主循環執行時間過長: 38.7ms
2025-07-20 21:10:39 [WARNING] GripperOptimized:optimized_main_loop:518 - 主循環執行時間過長: 34.6ms
2025-07-20 21:10:43 [WARNING] GripperOptimized:optimized_main_loop:518 - 主循環執行時間過長: 30.8ms
2025-07-20 21:10:48 [WARNING] GripperOptimized:optimized_main_loop:518 - 主循環執行時間過長: 36.4ms
2025-07-20 21:10:49 [INFO] GripperOptimized:optimized_main_loop:506 - 性能統計: 循環=99000, 運行時間=2101.3s, 平均循環耗時=6.2ms, 最大循環耗時=52.5ms, 指令數=4, 錯誤數=0, 平均響應=4.4ms
2025-07-20 21:10:49 [WARNING] GripperOptimized:optimized_main_loop:518 - 主循環執行時間過長: 36.8ms
2025-07-20 21:10:53 [WARNING] GripperOptimized:optimized_main_loop:518 - 主循環執行時間過長: 34.1ms
2025-07-20 21:10:58 [WARNING] GripperOptimized:optimized_main_loop:518 - 主循環執行時間過長: 30.2ms
2025-07-20 21:10:59 [WARNING] GripperOptimized:optimized_main_loop:518 - 主循環執行時間過長: 37.9ms
2025-07-20 21:11:03 [WARNING] GripperOptimized:optimized_main_loop:518 - 主循環執行時間過長: 33.5ms
2025-07-20 21:11:04 [WARNING] GripperOptimized:optimized_main_loop:518 - 主循環執行時間過長: 35.7ms
2025-07-20 21:11:08 [WARNING] GripperOptimized:optimized_main_loop:518 - 主循環執行時間過長: 38.7ms
2025-07-20 21:11:10 [INFO] GripperOptimized:optimized_main_loop:506 - 性能統計: 循環=100000, 運行時間=2122.6s, 平均循環耗時=4.0ms, 最大循環耗時=52.5ms, 指令數=4, 錯誤數=0, 平均響應=4.4ms
2025-07-20 21:11:13 [WARNING] GripperOptimized:optimized_main_loop:518 - 主循環執行時間過長: 37.7ms
2025-07-20 21:11:17 [WARNING] GripperOptimized:optimized_main_loop:518 - 主循環執行時間過長: 32.4ms
2025-07-20 21:11:18 [WARNING] GripperOptimized:optimized_main_loop:518 - 主循環執行時間過長: 39.6ms
2025-07-20 21:11:23 [WARNING] GripperOptimized:optimized_main_loop:518 - 主循環執行時間過長: 35.8ms
2025-07-20 21:11:31 [WARNING] GripperOptimized:optimized_main_loop:518 - 主循環執行時間過長: 35.3ms
2025-07-20 21:11:32 [INFO] GripperOptimized:optimized_main_loop:506 - 性能統計: 循環=101000, 運行時間=2143.7s, 平均循環耗時=5.3ms, 最大循環耗時=52.5ms, 指令數=4, 錯誤數=0, 平均響應=4.4ms
2025-07-20 21:11:32 [WARNING] GripperOptimized:optimized_main_loop:518 - 主循環執行時間過長: 35.7ms
2025-07-20 21:11:36 [WARNING] GripperOptimized:optimized_main_loop:518 - 主循環執行時間過長: 30.6ms
2025-07-20 21:11:53 [INFO] GripperOptimized:optimized_main_loop:506 - 性能統計: 循環=102000, 運行時間=2164.9s, 平均循環耗時=4.9ms, 最大循環耗時=52.5ms, 指令數=4, 錯誤數=0, 平均響應=4.4ms
2025-07-20 21:11:54 [WARNING] GripperOptimized:optimized_main_loop:518 - 主循環執行時間過長: 36.5ms
2025-07-20 21:11:55 [WARNING] GripperOptimized:optimized_main_loop:518 - 主循環執行時間過長: 37.0ms
2025-07-20 21:11:59 [WARNING] GripperOptimized:optimized_main_loop:518 - 主循環執行時間過長: 37.4ms
2025-07-20 21:12:00 [WARNING] GripperOptimized:optimized_main_loop:518 - 主循環執行時間過長: 37.6ms
2025-07-20 21:12:11 [WARNING] GripperOptimized:optimized_main_loop:518 - 主循環執行時間過長: 31.9ms
2025-07-20 21:12:14 [INFO] GripperOptimized:optimized_main_loop:506 - 性能統計: 循環=103000, 運行時間=2186.1s, 平均循環耗時=5.0ms, 最大循環耗時=52.5ms, 指令數=4, 錯誤數=0, 平均響應=4.4ms
2025-07-20 21:12:32 [WARNING] GripperOptimized:optimized_main_loop:518 - 主循環執行時間過長: 30.6ms
2025-07-20 21:12:35 [INFO] GripperOptimized:optimized_main_loop:506 - 性能統計: 循環=104000, 運行時間=2207.2s, 平均循環耗時=3.7ms, 最大循環耗時=52.5ms, 指令數=4, 錯誤數=0, 平均響應=4.4ms
2025-07-20 21:12:36 [WARNING] GripperOptimized:optimized_main_loop:518 - 主循環執行時間過長: 36.8ms
2025-07-20 21:12:37 [WARNING] GripperOptimized:optimized_main_loop:518 - 主循環執行時間過長: 38.5ms
2025-07-20 21:12:38 [WARNING] GripperOptimized:optimized_main_loop:518 - 主循環執行時間過長: 37.6ms
2025-07-20 21:12:46 [WARNING] GripperOptimized:optimized_main_loop:518 - 主循環執行時間過長: 36.4ms
2025-07-20 21:12:50 [WARNING] GripperOptimized:optimized_main_loop:518 - 主循環執行時間過長: 37.6ms
2025-07-20 21:12:54 [WARNING] GripperOptimized:optimized_main_loop:518 - 主循環執行時間過長: 33.7ms
2025-07-20 21:12:55 [WARNING] GripperOptimized:optimized_main_loop:518 - 主循環執行時間過長: 38.2ms
2025-07-20 21:12:56 [INFO] GripperOptimized:optimized_main_loop:506 - 性能統計: 循環=105000, 運行時間=2228.4s, 平均循環耗時=6.3ms, 最大循環耗時=52.5ms, 指令數=4, 錯誤數=0, 平均響應=4.4ms
2025-07-20 21:12:56 [WARNING] GripperOptimized:optimized_main_loop:518 - 主循環執行時間過長: 38.0ms
2025-07-20 21:13:01 [WARNING] GripperOptimized:optimized_main_loop:518 - 主循環執行時間過長: 37.7ms
2025-07-20 21:13:08 [WARNING] GripperOptimized:optimized_main_loop:518 - 主循環執行時間過長: 33.7ms
2025-07-20 21:13:12 [WARNING] GripperOptimized:optimized_main_loop:518 - 主循環執行時間過長: 36.2ms
2025-07-20 21:13:13 [WARNING] GripperOptimized:optimized_main_loop:518 - 主循環執行時間過長: 38.0ms
2025-07-20 21:13:17 [INFO] GripperOptimized:optimized_main_loop:506 - 性能統計: 循環=106000, 運行時間=2249.5s, 平均循環耗時=6.0ms, 最大循環耗時=52.5ms, 指令數=4, 錯誤數=0, 平均響應=4.4ms
2025-07-20 21:13:17 [WARNING] GripperOptimized:optimized_main_loop:518 - 主循環執行時間過長: 36.1ms
2025-07-20 21:13:19 [WARNING] GripperOptimized:optimized_main_loop:518 - 主循環執行時間過長: 37.0ms
2025-07-20 21:13:20 [WARNING] GripperOptimized:optimized_main_loop:518 - 主循環執行時間過長: 38.5ms
2025-07-20 21:13:24 [WARNING] GripperOptimized:optimized_main_loop:518 - 主循環執行時間過長: 31.2ms
2025-07-20 21:13:25 [WARNING] GripperOptimized:optimized_main_loop:518 - 主循環執行時間過長: 38.0ms
2025-07-20 21:13:26 [WARNING] GripperOptimized:optimized_main_loop:518 - 主循環執行時間過長: 38.0ms
2025-07-20 21:13:30 [WARNING] GripperOptimized:optimized_main_loop:518 - 主循環執行時間過長: 37.6ms
2025-07-20 21:13:31 [WARNING] GripperOptimized:optimized_main_loop:518 - 主循環執行時間過長: 37.0ms
2025-07-20 21:13:36 [WARNING] GripperOptimized:optimized_main_loop:518 - 主循環執行時間過長: 36.4ms
2025-07-20 21:13:37 [WARNING] GripperOptimized:optimized_main_loop:518 - 主循環執行時間過長: 37.3ms
2025-07-20 21:13:38 [WARNING] GripperOptimized:optimized_main_loop:518 - 主循環執行時間過長: 33.3ms
2025-07-20 21:13:39 [INFO] GripperOptimized:optimized_main_loop:506 - 性能統計: 循環=107000, 運行時間=2270.8s, 平均循環耗時=3.5ms, 最大循環耗時=52.5ms, 指令數=4, 錯誤數=0, 平均響應=4.4ms
2025-07-20 21:13:42 [WARNING] GripperOptimized:optimized_main_loop:518 - 主循環執行時間過長: 32.0ms
2025-07-20 21:13:43 [WARNING] GripperOptimized:optimized_main_loop:518 - 主循環執行時間過長: 30.6ms
2025-07-20 21:13:44 [WARNING] GripperOptimized:optimized_main_loop:518 - 主循環執行時間過長: 38.1ms
2025-07-20 21:13:48 [WARNING] GripperOptimized:optimized_main_loop:518 - 主循環執行時間過長: 38.9ms
2025-07-20 21:13:52 [WARNING] GripperOptimized:optimized_main_loop:518 - 主循環執行時間過長: 38.3ms
2025-07-20 21:13:54 [WARNING] GripperOptimized:optimized_main_loop:518 - 主循環執行時間過長: 39.3ms
2025-07-20 21:13:55 [WARNING] GripperOptimized:optimized_main_loop:518 - 主循環執行時間過長: 30.3ms
2025-07-20 21:14:00 [INFO] GripperOptimized:optimized_main_loop:506 - 性能統計: 循環=108000, 運行時間=2292.0s, 平均循環耗時=6.9ms, 最大循環耗時=52.5ms, 指令數=4, 錯誤數=0, 平均響應=4.4ms
2025-07-20 21:14:00 [WARNING] GripperOptimized:optimized_main_loop:518 - 主循環執行時間過長: 37.1ms
2025-07-20 21:14:01 [WARNING] GripperOptimized:optimized_main_loop:518 - 主循環執行時間過長: 37.7ms
2025-07-20 21:14:02 [WARNING] GripperOptimized:optimized_main_loop:518 - 主循環執行時間過長: 37.1ms
2025-07-20 21:14:03 [WARNING] GripperOptimized:optimized_main_loop:518 - 主循環執行時間過長: 37.4ms
2025-07-20 21:14:10 [WARNING] GripperOptimized:optimized_main_loop:518 - 主循環執行時間過長: 37.5ms
2025-07-20 21:14:12 [WARNING] GripperOptimized:optimized_main_loop:518 - 主循環執行時間過長: 33.5ms
2025-07-20 21:14:17 [WARNING] GripperOptimized:optimized_main_loop:518 - 主循環執行時間過長: 36.7ms
2025-07-20 21:14:18 [WARNING] GripperOptimized:optimized_main_loop:518 - 主循環執行時間過長: 34.9ms
2025-07-20 21:14:19 [WARNING] GripperOptimized:optimized_main_loop:518 - 主循環執行時間過長: 33.1ms
2025-07-20 21:14:20 [WARNING] GripperOptimized:optimized_main_loop:518 - 主循環執行時間過長: 34.6ms
2025-07-20 21:14:21 [INFO] GripperOptimized:optimized_main_loop:506 - 性能統計: 循環=109000, 運行時間=2313.1s, 平均循環耗時=7.0ms, 最大循環耗時=52.5ms, 指令數=4, 錯誤數=0, 平均響應=4.4ms
2025-07-20 21:14:21 [WARNING] GripperOptimized:optimized_main_loop:518 - 主循環執行時間過長: 36.6ms
2025-07-20 21:14:28 [WARNING] GripperOptimized:optimized_main_loop:518 - 主循環執行時間過長: 34.1ms
2025-07-20 21:14:29 [WARNING] GripperOptimized:optimized_main_loop:518 - 主循環執行時間過長: 32.2ms
2025-07-20 21:14:31 [WARNING] GripperOptimized:optimized_main_loop:518 - 主循環執行時間過長: 36.2ms
2025-07-20 21:14:33 [WARNING] GripperOptimized:optimized_main_loop:518 - 主循環執行時間過長: 34.8ms
2025-07-20 21:14:34 [WARNING] GripperOptimized:optimized_main_loop:518 - 主循環執行時間過長: 37.2ms
2025-07-20 21:14:35 [WARNING] GripperOptimized:optimized_main_loop:518 - 主循環執行時間過長: 37.4ms
2025-07-20 21:14:39 [WARNING] GripperOptimized:optimized_main_loop:518 - 主循環執行時間過長: 32.9ms
2025-07-20 21:14:42 [INFO] GripperOptimized:optimized_main_loop:506 - 性能統計: 循環=110000, 運行時間=2334.3s, 平均循環耗時=6.8ms, 最大循環耗時=52.5ms, 指令數=4, 錯誤數=0, 平均響應=4.4ms
2025-07-20 21:14:43 [WARNING] GripperOptimized:optimized_main_loop:518 - 主循環執行時間過長: 36.6ms
2025-07-20 21:14:44 [WARNING] GripperOptimized:optimized_main_loop:518 - 主循環執行時間過長: 37.8ms
2025-07-20 21:14:49 [WARNING] GripperOptimized:optimized_main_loop:518 - 主循環執行時間過長: 37.0ms
2025-07-20 21:14:53 [WARNING] GripperOptimized:optimized_main_loop:518 - 主循環執行時間過長: 35.5ms
2025-07-20 21:14:54 [WARNING] GripperOptimized:optimized_main_loop:518 - 主循環執行時間過長: 37.8ms
2025-07-20 21:14:55 [WARNING] GripperOptimized:optimized_main_loop:518 - 主循環執行時間過長: 38.1ms
2025-07-20 21:14:56 [WARNING] GripperOptimized:optimized_main_loop:518 - 主循環執行時間過長: 36.8ms
2025-07-20 21:15:00 [WARNING] GripperOptimized:optimized_main_loop:518 - 主循環執行時間過長: 32.7ms
2025-07-20 21:15:01 [WARNING] GripperOptimized:optimized_main_loop:518 - 主循環執行時間過長: 35.2ms
2025-07-20 21:15:03 [INFO] GripperOptimized:optimized_main_loop:506 - 性能統計: 循環=111000, 運行時間=2355.5s, 平均循環耗時=4.8ms, 最大循環耗時=52.5ms, 指令數=4, 錯誤數=0, 平均響應=4.4ms
2025-07-20 21:15:07 [WARNING] GripperOptimized:optimized_main_loop:518 - 主循環執行時間過長: 37.7ms
2025-07-20 21:15:11 [WARNING] GripperOptimized:optimized_main_loop:518 - 主循環執行時間過長: 36.6ms
2025-07-20 21:15:15 [WARNING] GripperOptimized:optimized_main_loop:518 - 主循環執行時間過長: 37.0ms
2025-07-20 21:15:16 [WARNING] GripperOptimized:optimized_main_loop:518 - 主循環執行時間過長: 37.6ms
2025-07-20 21:15:17 [WARNING] GripperOptimized:optimized_main_loop:518 - 主循環執行時間過長: 38.1ms
2025-07-20 21:15:18 [WARNING] GripperOptimized:optimized_main_loop:518 - 主循環執行時間過長: 37.5ms
2025-07-20 21:15:19 [WARNING] GripperOptimized:optimized_main_loop:518 - 主循環執行時間過長: 32.5ms
2025-07-20 21:15:20 [WARNING] GripperOptimized:optimized_main_loop:518 - 主循環執行時間過長: 36.6ms
2025-07-20 21:15:25 [INFO] GripperOptimized:optimized_main_loop:506 - 性能統計: 循環=112000, 運行時間=2376.7s, 平均循環耗時=6.9ms, 最大循環耗時=52.5ms, 指令數=4, 錯誤數=0, 平均響應=4.4ms
2025-07-20 21:15:25 [WARNING] GripperOptimized:optimized_main_loop:518 - 主循環執行時間過長: 36.9ms
2025-07-20 21:15:26 [WARNING] GripperOptimized:optimized_main_loop:518 - 主循環執行時間過長: 39.8ms
2025-07-20 21:15:27 [WARNING] GripperOptimized:optimized_main_loop:518 - 主循環執行時間過長: 38.1ms
2025-07-20 21:15:28 [WARNING] GripperOptimized:optimized_main_loop:518 - 主循環執行時間過長: 32.6ms
2025-07-20 21:15:29 [WARNING] GripperOptimized:optimized_main_loop:518 - 主循環執行時間過長: 30.2ms
2025-07-20 21:15:30 [WARNING] GripperOptimized:optimized_main_loop:518 - 主循環執行時間過長: 36.4ms
2025-07-20 21:15:31 [WARNING] GripperOptimized:optimized_main_loop:518 - 主循環執行時間過長: 36.1ms
2025-07-20 21:15:32 [WARNING] GripperOptimized:optimized_main_loop:518 - 主循環執行時間過長: 36.8ms
2025-07-20 21:15:33 [WARNING] GripperOptimized:optimized_main_loop:518 - 主循環執行時間過長: 36.2ms
2025-07-20 21:15:37 [WARNING] GripperOptimized:optimized_main_loop:518 - 主循環執行時間過長: 35.6ms
2025-07-20 21:15:38 [WARNING] GripperOptimized:optimized_main_loop:518 - 主循環執行時間過長: 35.6ms
2025-07-20 21:15:43 [WARNING] GripperOptimized:optimized_main_loop:518 - 主循環執行時間過長: 37.2ms
2025-07-20 21:15:46 [INFO] GripperOptimized:optimized_main_loop:506 - 性能統計: 循環=113000, 運行時間=2397.9s, 平均循環耗時=8.4ms, 最大循環耗時=52.5ms, 指令數=4, 錯誤數=0, 平均響應=4.4ms
2025-07-20 21:15:47 [WARNING] GripperOptimized:optimized_main_loop:518 - 主循環執行時間過長: 37.2ms
2025-07-20 21:15:48 [WARNING] GripperOptimized:optimized_main_loop:518 - 主循環執行時間過長: 33.7ms
2025-07-20 21:15:49 [WARNING] GripperOptimized:optimized_main_loop:518 - 主循環執行時間過長: 37.2ms
2025-07-20 21:15:50 [WARNING] GripperOptimized:optimized_main_loop:518 - 主循環執行時間過長: 36.5ms
2025-07-20 21:15:51 [WARNING] GripperOptimized:optimized_main_loop:518 - 主循環執行時間過長: 36.9ms
2025-07-20 21:15:52 [WARNING] GripperOptimized:optimized_main_loop:518 - 主循環執行時間過長: 38.3ms
2025-07-20 21:15:56 [WARNING] GripperOptimized:optimized_main_loop:518 - 主循環執行時間過長: 38.2ms
2025-07-20 21:15:58 [WARNING] GripperOptimized:optimized_main_loop:518 - 主循環執行時間過長: 37.0ms
2025-07-20 21:15:59 [WARNING] GripperOptimized:optimized_main_loop:518 - 主循環執行時間過長: 32.2ms
2025-07-20 21:16:03 [WARNING] GripperOptimized:optimized_main_loop:518 - 主循環執行時間過長: 36.6ms
2025-07-20 21:16:04 [WARNING] GripperOptimized:optimized_main_loop:518 - 主循環執行時間過長: 38.5ms
2025-07-20 21:16:07 [INFO] GripperOptimized:optimized_main_loop:506 - 性能統計: 循環=114000, 運行時間=2419.2s, 平均循環耗時=7.3ms, 最大循環耗時=52.5ms, 指令數=4, 錯誤數=0, 平均響應=4.4ms
2025-07-20 21:16:19 [WARNING] GripperOptimized:optimized_main_loop:518 - 主循環執行時間過長: 32.7ms
2025-07-20 21:16:20 [WARNING] GripperOptimized:optimized_main_loop:518 - 主循環執行時間過長: 36.6ms
2025-07-20 21:16:21 [WARNING] GripperOptimized:optimized_main_loop:518 - 主循環執行時間過長: 32.2ms
2025-07-20 21:16:22 [WARNING] GripperOptimized:optimized_main_loop:518 - 主循環執行時間過長: 38.1ms
2025-07-20 21:16:23 [WARNING] GripperOptimized:optimized_main_loop:518 - 主循環執行時間過長: 36.3ms
2025-07-20 21:16:24 [WARNING] GripperOptimized:optimized_main_loop:518 - 主循環執行時間過長: 36.9ms
2025-07-20 21:16:28 [INFO] GripperOptimized:optimized_main_loop:506 - 性能統計: 循環=115000, 運行時間=2440.4s, 平均循環耗時=5.6ms, 最大循環耗時=52.5ms, 指令數=4, 錯誤數=0, 平均響應=4.4ms
2025-07-20 21:16:28 [WARNING] GripperOptimized:optimized_main_loop:518 - 主循環執行時間過長: 35.0ms
2025-07-20 21:16:29 [WARNING] GripperOptimized:optimized_main_loop:518 - 主循環執行時間過長: 36.9ms
2025-07-20 21:16:30 [WARNING] GripperOptimized:optimized_main_loop:518 - 主循環執行時間過長: 34.7ms
2025-07-20 21:16:35 [WARNING] GripperOptimized:optimized_main_loop:518 - 主循環執行時間過長: 38.3ms
2025-07-20 21:16:36 [WARNING] GripperOptimized:optimized_main_loop:518 - 主循環執行時間過長: 37.6ms
2025-07-20 21:16:37 [WARNING] GripperOptimized:optimized_main_loop:518 - 主循環執行時間過長: 37.6ms
2025-07-20 21:16:38 [WARNING] GripperOptimized:optimized_main_loop:518 - 主循環執行時間過長: 37.6ms
2025-07-20 21:16:39 [WARNING] GripperOptimized:optimized_main_loop:518 - 主循環執行時間過長: 30.2ms
2025-07-20 21:16:40 [WARNING] GripperOptimized:optimized_main_loop:518 - 主循環執行時間過長: 33.8ms
2025-07-20 21:16:41 [WARNING] GripperOptimized:optimized_main_loop:518 - 主循環執行時間過長: 37.7ms
2025-07-20 21:16:42 [WARNING] GripperOptimized:optimized_main_loop:518 - 主循環執行時間過長: 38.8ms
2025-07-20 21:16:43 [WARNING] GripperOptimized:optimized_main_loop:518 - 主循環執行時間過長: 37.8ms
2025-07-20 21:16:44 [WARNING] GripperOptimized:optimized_main_loop:518 - 主循環執行時間過長: 38.1ms
2025-07-20 21:16:45 [WARNING] GripperOptimized:optimized_main_loop:518 - 主循環執行時間過長: 37.0ms
2025-07-20 21:16:50 [INFO] GripperOptimized:optimized_main_loop:506 - 性能統計: 循環=116000, 運行時間=2461.7s, 平均循環耗時=3.6ms, 最大循環耗時=52.5ms, 指令數=4, 錯誤數=0, 平均響應=4.4ms
2025-07-20 21:16:59 [WARNING] GripperOptimized:optimized_main_loop:518 - 主循環執行時間過長: 31.9ms
2025-07-20 21:17:00 [WARNING] GripperOptimized:optimized_main_loop:518 - 主循環執行時間過長: 30.3ms
2025-07-20 21:17:01 [WARNING] GripperOptimized:optimized_main_loop:518 - 主循環執行時間過長: 37.2ms
2025-07-20 21:17:02 [WARNING] GripperOptimized:optimized_main_loop:518 - 主循環執行時間過長: 35.7ms
2025-07-20 21:17:03 [WARNING] GripperOptimized:optimized_main_loop:518 - 主循環執行時間過長: 38.2ms
2025-07-20 21:17:08 [WARNING] GripperOptimized:optimized_main_loop:518 - 主循環執行時間過長: 38.5ms
2025-07-20 21:17:09 [WARNING] GripperOptimized:optimized_main_loop:518 - 主循環執行時間過長: 36.7ms
2025-07-20 21:17:10 [WARNING] GripperOptimized:optimized_main_loop:518 - 主循環執行時間過長: 36.7ms
2025-07-20 21:17:11 [INFO] GripperOptimized:optimized_main_loop:506 - 性能統計: 循環=117000, 運行時間=2483.0s, 平均循環耗時=6.7ms, 最大循環耗時=52.5ms, 指令數=4, 錯誤數=0, 平均響應=4.4ms
2025-07-20 21:17:17 [WARNING] GripperOptimized:optimized_main_loop:518 - 主循環執行時間過長: 37.9ms
2025-07-20 21:17:21 [WARNING] GripperOptimized:optimized_main_loop:518 - 主循環執行時間過長: 34.7ms
2025-07-20 21:17:23 [WARNING] GripperOptimized:optimized_main_loop:518 - 主循環執行時間過長: 36.1ms
2025-07-20 21:17:24 [WARNING] GripperOptimized:optimized_main_loop:518 - 主循環執行時間過長: 36.7ms
2025-07-20 21:17:25 [WARNING] GripperOptimized:optimized_main_loop:518 - 主循環執行時間過長: 37.9ms
2025-07-20 21:17:26 [WARNING] GripperOptimized:optimized_main_loop:518 - 主循環執行時間過長: 36.6ms
2025-07-20 21:17:32 [INFO] GripperOptimized:optimized_main_loop:506 - 性能統計: 循環=118000, 運行時間=2504.2s, 平均循環耗時=7.0ms, 最大循環耗時=52.5ms, 指令數=4, 錯誤數=0, 平均響應=4.4ms
2025-07-20 21:17:33 [WARNING] GripperOptimized:optimized_main_loop:518 - 主循環執行時間過長: 37.2ms
2025-07-20 21:17:34 [WARNING] GripperOptimized:optimized_main_loop:518 - 主循環執行時間過長: 38.1ms
2025-07-20 21:17:35 [WARNING] GripperOptimized:optimized_main_loop:518 - 主循環執行時間過長: 35.4ms
2025-07-20 21:17:36 [WARNING] GripperOptimized:optimized_main_loop:518 - 主循環執行時間過長: 32.6ms
2025-07-20 21:17:44 [WARNING] GripperOptimized:optimized_main_loop:518 - 主循環執行時間過長: 37.6ms
2025-07-20 21:17:48 [WARNING] GripperOptimized:optimized_main_loop:518 - 主循環執行時間過長: 36.3ms
2025-07-20 21:17:53 [INFO] GripperOptimized:optimized_main_loop:506 - 性能統計: 循環=119000, 運行時間=2525.4s, 平均循環耗時=7.4ms, 最大循環耗時=52.5ms, 指令數=4, 錯誤數=0, 平均響應=4.4ms
2025-07-20 21:17:59 [WARNING] GripperOptimized:optimized_main_loop:518 - 主循環執行時間過長: 36.1ms
2025-07-20 21:18:00 [WARNING] GripperOptimized:optimized_main_loop:518 - 主循環執行時間過長: 38.3ms
2025-07-20 21:18:01 [WARNING] GripperOptimized:optimized_main_loop:518 - 主循環執行時間過長: 37.9ms
2025-07-20 21:18:02 [WARNING] GripperOptimized:optimized_main_loop:518 - 主循環執行時間過長: 36.5ms
2025-07-20 21:18:03 [WARNING] GripperOptimized:optimized_main_loop:518 - 主循環執行時間過長: 35.6ms
2025-07-20 21:18:14 [WARNING] GripperOptimized:optimized_main_loop:518 - 主循環執行時間過長: 37.6ms
2025-07-20 21:18:15 [INFO] GripperOptimized:optimized_main_loop:506 - 性能統計: 循環=120000, 運行時間=2546.7s, 平均循環耗時=4.2ms, 最大循環耗時=52.5ms, 指令數=4, 錯誤數=0, 平均響應=4.4ms
2025-07-20 21:18:16 [WARNING] GripperOptimized:optimized_main_loop:518 - 主循環執行時間過長: 38.7ms
2025-07-20 21:18:17 [WARNING] GripperOptimized:optimized_main_loop:518 - 主循環執行時間過長: 35.7ms
2025-07-20 21:18:19 [WARNING] GripperOptimized:optimized_main_loop:518 - 主循環執行時間過長: 37.5ms
2025-07-20 21:18:26 [WARNING] GripperOptimized:optimized_main_loop:518 - 主循環執行時間過長: 37.0ms
2025-07-20 21:18:27 [WARNING] GripperOptimized:optimized_main_loop:518 - 主循環執行時間過長: 36.6ms
2025-07-20 21:18:28 [WARNING] GripperOptimized:optimized_main_loop:518 - 主循環執行時間過長: 37.0ms
2025-07-20 21:18:29 [WARNING] GripperOptimized:optimized_main_loop:518 - 主循環執行時間過長: 35.1ms
2025-07-20 21:18:32 [WARNING] GripperOptimized:optimized_main_loop:518 - 主循環執行時間過長: 37.5ms
2025-07-20 21:18:33 [WARNING] GripperOptimized:optimized_main_loop:518 - 主循環執行時間過長: 37.3ms
2025-07-20 21:18:34 [WARNING] GripperOptimized:optimized_main_loop:518 - 主循環執行時間過長: 37.5ms
2025-07-20 21:18:35 [WARNING] GripperOptimized:optimized_main_loop:518 - 主循環執行時間過長: 37.5ms
2025-07-20 21:18:36 [INFO] GripperOptimized:optimized_main_loop:506 - 性能統計: 循環=121000, 運行時間=2568.0s, 平均循環耗時=6.5ms, 最大循環耗時=52.5ms, 指令數=4, 錯誤數=0, 平均響應=4.4ms
2025-07-20 21:18:36 [WARNING] GripperOptimized:optimized_main_loop:518 - 主循環執行時間過長: 35.9ms
2025-07-20 21:18:43 [WARNING] GripperOptimized:optimized_main_loop:518 - 主循環執行時間過長: 37.8ms
2025-07-20 21:18:48 [WARNING] GripperOptimized:optimized_main_loop:518 - 主循環執行時間過長: 38.2ms
2025-07-20 21:18:52 [WARNING] GripperOptimized:optimized_main_loop:518 - 主循環執行時間過長: 35.9ms
2025-07-20 21:18:53 [WARNING] GripperOptimized:optimized_main_loop:518 - 主循環執行時間過長: 37.7ms
2025-07-20 21:18:57 [INFO] GripperOptimized:optimized_main_loop:506 - 性能統計: 循環=122000, 運行時間=2589.2s, 平均循環耗時=5.8ms, 最大循環耗時=52.5ms, 指令數=4, 錯誤數=0, 平均響應=4.4ms
2025-07-20 21:18:57 [WARNING] GripperOptimized:optimized_main_loop:518 - 主循環執行時間過長: 36.4ms
2025-07-20 21:18:58 [WARNING] GripperOptimized:optimized_main_loop:518 - 主循環執行時間過長: 36.6ms
2025-07-20 21:18:59 [WARNING] GripperOptimized:optimized_main_loop:518 - 主循環執行時間過長: 36.8ms
2025-07-20 21:19:00 [WARNING] GripperOptimized:optimized_main_loop:518 - 主循環執行時間過長: 37.8ms
2025-07-20 21:19:01 [WARNING] GripperOptimized:optimized_main_loop:518 - 主循環執行時間過長: 37.3ms
2025-07-20 21:19:09 [WARNING] GripperOptimized:optimized_main_loop:518 - 主循環執行時間過長: 38.3ms
2025-07-20 21:19:10 [WARNING] GripperOptimized:optimized_main_loop:518 - 主循環執行時間過長: 36.9ms
2025-07-20 21:19:14 [WARNING] GripperOptimized:optimized_main_loop:518 - 主循環執行時間過長: 38.5ms
2025-07-20 21:19:15 [WARNING] GripperOptimized:optimized_main_loop:518 - 主循環執行時間過長: 31.0ms
2025-07-20 21:19:18 [INFO] GripperOptimized:optimized_main_loop:506 - 性能統計: 循環=123000, 運行時間=2610.4s, 平均循環耗時=4.8ms, 最大循環耗時=52.5ms, 指令數=4, 錯誤數=0, 平均響應=4.4ms
2025-07-20 21:19:19 [WARNING] GripperOptimized:optimized_main_loop:518 - 主循環執行時間過長: 37.1ms
2025-07-20 21:19:21 [WARNING] GripperOptimized:optimized_main_loop:518 - 主循環執行時間過長: 37.4ms
2025-07-20 21:19:27 [WARNING] GripperOptimized:optimized_main_loop:518 - 主循環執行時間過長: 35.1ms
2025-07-20 21:19:28 [WARNING] GripperOptimized:optimized_main_loop:518 - 主循環執行時間過長: 36.8ms
2025-07-20 21:19:32 [WARNING] GripperOptimized:optimized_main_loop:518 - 主循環執行時間過長: 38.5ms
2025-07-20 21:19:33 [WARNING] GripperOptimized:optimized_main_loop:518 - 主循環執行時間過長: 37.6ms
2025-07-20 21:19:37 [WARNING] GripperOptimized:optimized_main_loop:518 - 主循環執行時間過長: 37.3ms
2025-07-20 21:19:39 [INFO] GripperOptimized:optimized_main_loop:506 - 性能統計: 循環=124000, 運行時間=2631.6s, 平均循環耗時=5.0ms, 最大循環耗時=52.5ms, 指令數=4, 錯誤數=0, 平均響應=4.4ms
2025-07-20 21:19:42 [WARNING] GripperOptimized:optimized_main_loop:518 - 主循環執行時間過長: 37.0ms
2025-07-20 21:19:43 [WARNING] GripperOptimized:optimized_main_loop:518 - 主循環執行時間過長: 38.4ms
2025-07-20 21:19:44 [WARNING] GripperOptimized:optimized_main_loop:518 - 主循環執行時間過長: 35.9ms
2025-07-20 21:19:45 [WARNING] GripperOptimized:optimized_main_loop:518 - 主循環執行時間過長: 37.7ms
2025-07-20 21:19:46 [WARNING] GripperOptimized:optimized_main_loop:518 - 主循環執行時間過長: 37.2ms
2025-07-20 21:19:48 [WARNING] GripperOptimized:optimized_main_loop:518 - 主循環執行時間過長: 36.9ms
2025-07-20 21:19:49 [WARNING] GripperOptimized:optimized_main_loop:518 - 主循環執行時間過長: 30.8ms
2025-07-20 21:19:53 [WARNING] GripperOptimized:optimized_main_loop:518 - 主循環執行時間過長: 38.9ms
2025-07-20 21:19:54 [WARNING] GripperOptimized:optimized_main_loop:518 - 主循環執行時間過長: 37.1ms
2025-07-20 21:19:59 [WARNING] GripperOptimized:optimized_main_loop:518 - 主循環執行時間過長: 38.0ms
2025-07-20 21:20:00 [WARNING] GripperOptimized:optimized_main_loop:518 - 主循環執行時間過長: 37.1ms
2025-07-20 21:20:01 [INFO] GripperOptimized:optimized_main_loop:506 - 性能統計: 循環=125000, 運行時間=2652.9s, 平均循環耗時=5.4ms, 最大循環耗時=52.5ms, 指令數=4, 錯誤數=0, 平均響應=4.4ms
2025-07-20 21:20:04 [WARNING] GripperOptimized:optimized_main_loop:518 - 主循環執行時間過長: 37.4ms
2025-07-20 21:20:05 [WARNING] GripperOptimized:optimized_main_loop:518 - 主循環執行時間過長: 36.0ms
2025-07-20 21:20:06 [WARNING] GripperOptimized:optimized_main_loop:518 - 主循環執行時間過長: 36.2ms
2025-07-20 21:20:17 [WARNING] GripperOptimized:optimized_main_loop:518 - 主循環執行時間過長: 33.2ms
2025-07-20 21:20:22 [INFO] GripperOptimized:optimized_main_loop:506 - 性能統計: 循環=126000, 運行時間=2674.1s, 平均循環耗時=5.5ms, 最大循環耗時=52.5ms, 指令數=4, 錯誤數=0, 平均響應=4.4ms
2025-07-20 21:20:24 [WARNING] GripperOptimized:optimized_main_loop:518 - 主循環執行時間過長: 35.4ms
2025-07-20 21:20:28 [WARNING] GripperOptimized:optimized_main_loop:518 - 主循環執行時間過長: 35.8ms
2025-07-20 21:20:29 [WARNING] GripperOptimized:optimized_main_loop:518 - 主循環執行時間過長: 38.2ms
2025-07-20 21:20:31 [WARNING] GripperOptimized:optimized_main_loop:518 - 主循環執行時間過長: 38.5ms
2025-07-20 21:20:32 [WARNING] GripperOptimized:optimized_main_loop:518 - 主循環執行時間過長: 38.2ms
2025-07-20 21:20:33 [WARNING] GripperOptimized:optimized_main_loop:518 - 主循環執行時間過長: 37.3ms
2025-07-20 21:20:34 [WARNING] GripperOptimized:optimized_main_loop:518 - 主循環執行時間過長: 36.6ms
2025-07-20 21:20:38 [WARNING] GripperOptimized:optimized_main_loop:518 - 主循環執行時間過長: 36.4ms
2025-07-20 21:20:43 [INFO] GripperOptimized:optimized_main_loop:506 - 性能統計: 循環=127000, 運行時間=2695.4s, 平均循環耗時=5.1ms, 最大循環耗時=52.5ms, 指令數=4, 錯誤數=0, 平均響應=4.4ms
2025-07-20 21:20:49 [WARNING] GripperOptimized:optimized_main_loop:518 - 主循環執行時間過長: 37.3ms
2025-07-20 21:20:50 [WARNING] GripperOptimized:optimized_main_loop:518 - 主循環執行時間過長: 37.6ms
2025-07-20 21:20:57 [WARNING] GripperOptimized:optimized_main_loop:518 - 主循環執行時間過長: 35.0ms
2025-07-20 21:21:01 [WARNING] GripperOptimized:optimized_main_loop:518 - 主循環執行時間過長: 31.6ms
2025-07-20 21:21:02 [WARNING] GripperOptimized:optimized_main_loop:518 - 主循環執行時間過長: 34.5ms
2025-07-20 21:21:03 [WARNING] GripperOptimized:optimized_main_loop:518 - 主循環執行時間過長: 30.5ms
2025-07-20 21:21:04 [INFO] GripperOptimized:optimized_main_loop:506 - 性能統計: 循環=128000, 運行時間=2716.5s, 平均循環耗時=4.9ms, 最大循環耗時=52.5ms, 指令數=4, 錯誤數=0, 平均響應=4.4ms
2025-07-20 21:21:04 [WARNING] GripperOptimized:optimized_main_loop:518 - 主循環執行時間過長: 36.9ms
2025-07-20 21:21:09 [WARNING] GripperOptimized:optimized_main_loop:518 - 主循環執行時間過長: 36.6ms
2025-07-20 21:21:10 [WARNING] GripperOptimized:optimized_main_loop:518 - 主循環執行時間過長: 38.4ms
2025-07-20 21:21:11 [WARNING] GripperOptimized:optimized_main_loop:518 - 主循環執行時間過長: 37.0ms
2025-07-20 21:21:15 [WARNING] GripperOptimized:optimized_main_loop:518 - 主循環執行時間過長: 33.4ms
2025-07-20 21:21:16 [WARNING] GripperOptimized:optimized_main_loop:518 - 主循環執行時間過長: 37.6ms
2025-07-20 21:21:17 [WARNING] GripperOptimized:optimized_main_loop:518 - 主循環執行時間過長: 36.8ms
2025-07-20 21:21:21 [WARNING] GripperOptimized:optimized_main_loop:518 - 主循環執行時間過長: 36.0ms
2025-07-20 21:21:23 [WARNING] GripperOptimized:optimized_main_loop:518 - 主循環執行時間過長: 35.8ms
2025-07-20 21:21:24 [WARNING] GripperOptimized:optimized_main_loop:518 - 主循環執行時間過長: 37.6ms
2025-07-20 21:21:25 [WARNING] GripperOptimized:optimized_main_loop:518 - 主循環執行時間過長: 37.7ms
2025-07-20 21:21:26 [INFO] GripperOptimized:optimized_main_loop:506 - 性能統計: 循環=129000, 運行時間=2737.8s, 平均循環耗時=4.2ms, 最大循環耗時=52.5ms, 指令數=4, 錯誤數=0, 平均響應=4.4ms
2025-07-20 21:21:32 [WARNING] GripperOptimized:optimized_main_loop:518 - 主循環執行時間過長: 32.3ms
2025-07-20 21:21:33 [WARNING] GripperOptimized:optimized_main_loop:518 - 主循環執行時間過長: 38.0ms
2025-07-20 21:21:34 [WARNING] GripperOptimized:optimized_main_loop:518 - 主循環執行時間過長: 37.7ms
2025-07-20 21:21:47 [INFO] GripperOptimized:optimized_main_loop:506 - 性能統計: 循環=130000, 運行時間=2759.0s, 平均循環耗時=7.9ms, 最大循環耗時=52.5ms, 指令數=4, 錯誤數=0, 平均響應=4.4ms
2025-07-20 21:21:51 [WARNING] GripperOptimized:optimized_main_loop:518 - 主循環執行時間過長: 30.5ms
2025-07-20 21:21:52 [WARNING] GripperOptimized:optimized_main_loop:518 - 主循環執行時間過長: 36.0ms
2025-07-20 21:21:53 [WARNING] GripperOptimized:optimized_main_loop:518 - 主循環執行時間過長: 36.8ms
2025-07-20 21:21:54 [WARNING] GripperOptimized:optimized_main_loop:518 - 主循環執行時間過長: 36.0ms
2025-07-20 21:21:59 [WARNING] GripperOptimized:optimized_main_loop:518 - 主循環執行時間過長: 33.8ms
2025-07-20 21:22:06 [WARNING] GripperOptimized:optimized_main_loop:518 - 主循環執行時間過長: 36.8ms
2025-07-20 21:22:07 [WARNING] GripperOptimized:optimized_main_loop:518 - 主循環執行時間過長: 37.6ms
2025-07-20 21:22:08 [INFO] GripperOptimized:optimized_main_loop:506 - 性能統計: 循環=131000, 運行時間=2780.2s, 平均循環耗時=6.5ms, 最大循環耗時=52.5ms, 指令數=4, 錯誤數=0, 平均響應=4.4ms
2025-07-20 21:22:08 [WARNING] GripperOptimized:optimized_main_loop:518 - 主循環執行時間過長: 36.6ms
2025-07-20 21:22:09 [WARNING] GripperOptimized:optimized_main_loop:518 - 主循環執行時間過長: 35.0ms
2025-07-20 21:22:13 [WARNING] GripperOptimized:optimized_main_loop:518 - 主循環執行時間過長: 34.2ms
2025-07-20 21:22:14 [WARNING] GripperOptimized:optimized_main_loop:518 - 主循環執行時間過長: 38.6ms
2025-07-20 21:22:29 [INFO] GripperOptimized:optimized_main_loop:506 - 性能統計: 循環=132000, 運行時間=2801.4s, 平均循環耗時=4.4ms, 最大循環耗時=52.5ms, 指令數=4, 錯誤數=0, 平均響應=4.4ms
2025-07-20 21:22:31 [WARNING] GripperOptimized:optimized_main_loop:518 - 主循環執行時間過長: 31.8ms
2025-07-20 21:22:36 [WARNING] GripperOptimized:optimized_main_loop:518 - 主循環執行時間過長: 36.3ms
2025-07-20 21:22:40 [WARNING] GripperOptimized:optimized_main_loop:518 - 主循環執行時間過長: 37.6ms
2025-07-20 21:22:41 [WARNING] GripperOptimized:optimized_main_loop:518 - 主循環執行時間過長: 37.2ms
2025-07-20 21:22:42 [WARNING] GripperOptimized:optimized_main_loop:518 - 主循環執行時間過長: 38.4ms
2025-07-20 21:22:43 [WARNING] GripperOptimized:optimized_main_loop:518 - 主循環執行時間過長: 38.9ms
2025-07-20 21:22:44 [WARNING] GripperOptimized:optimized_main_loop:518 - 主循環執行時間過長: 37.3ms
2025-07-20 21:22:48 [WARNING] GripperOptimized:optimized_main_loop:518 - 主循環執行時間過長: 36.6ms
2025-07-20 21:22:49 [WARNING] GripperOptimized:optimized_main_loop:518 - 主循環執行時間過長: 35.0ms
2025-07-20 21:22:50 [INFO] GripperOptimized:optimized_main_loop:506 - 性能統計: 循環=133000, 運行時間=2822.6s, 平均循環耗時=6.7ms, 最大循環耗時=52.5ms, 指令數=4, 錯誤數=0, 平均響應=4.4ms
2025-07-20 21:22:51 [WARNING] GripperOptimized:optimized_main_loop:518 - 主循環執行時間過長: 35.6ms
2025-07-20 21:22:52 [WARNING] GripperOptimized:optimized_main_loop:518 - 主循環執行時間過長: 37.1ms
2025-07-20 21:22:53 [WARNING] GripperOptimized:optimized_main_loop:518 - 主循環執行時間過長: 38.3ms
2025-07-20 21:22:54 [WARNING] GripperOptimized:optimized_main_loop:518 - 主循環執行時間過長: 34.4ms
2025-07-20 21:22:55 [WARNING] GripperOptimized:optimized_main_loop:518 - 主循環執行時間過長: 37.5ms
2025-07-20 21:22:56 [WARNING] GripperOptimized:optimized_main_loop:518 - 主循環執行時間過長: 38.5ms
2025-07-20 21:23:00 [WARNING] GripperOptimized:optimized_main_loop:518 - 主循環執行時間過長: 31.2ms
2025-07-20 21:23:04 [WARNING] GripperOptimized:optimized_main_loop:518 - 主循環執行時間過長: 36.6ms
2025-07-20 21:23:05 [WARNING] GripperOptimized:optimized_main_loop:518 - 主循環執行時間過長: 37.1ms
2025-07-20 21:23:07 [WARNING] GripperOptimized:optimized_main_loop:518 - 主循環執行時間過長: 37.7ms
2025-07-20 21:23:08 [WARNING] GripperOptimized:optimized_main_loop:518 - 主循環執行時間過長: 38.0ms
2025-07-20 21:23:12 [INFO] GripperOptimized:optimized_main_loop:506 - 性能統計: 循環=134000, 運行時間=2844.0s, 平均循環耗時=8.6ms, 最大循環耗時=52.5ms, 指令數=4, 錯誤數=0, 平均響應=4.4ms
2025-07-20 21:23:13 [WARNING] GripperOptimized:optimized_main_loop:518 - 主循環執行時間過長: 35.5ms
2025-07-20 21:23:14 [WARNING] GripperOptimized:optimized_main_loop:518 - 主循環執行時間過長: 36.6ms
2025-07-20 21:23:18 [WARNING] GripperOptimized:optimized_main_loop:518 - 主循環執行時間過長: 35.8ms
2025-07-20 21:23:19 [WARNING] GripperOptimized:optimized_main_loop:518 - 主循環執行時間過長: 35.9ms
2025-07-20 21:23:20 [WARNING] GripperOptimized:optimized_main_loop:518 - 主循環執行時間過長: 35.2ms
2025-07-20 21:23:25 [WARNING] GripperOptimized:optimized_main_loop:518 - 主循環執行時間過長: 37.5ms
2025-07-20 21:23:31 [WARNING] GripperOptimized:optimized_main_loop:518 - 主循環執行時間過長: 37.6ms
2025-07-20 21:23:32 [WARNING] GripperOptimized:optimized_main_loop:518 - 主循環執行時間過長: 36.0ms
2025-07-20 21:23:33 [INFO] GripperOptimized:optimized_main_loop:506 - 性能統計: 循環=135000, 運行時間=2865.2s, 平均循環耗時=6.3ms, 最大循環耗時=52.5ms, 指令數=4, 錯誤數=0, 平均響應=4.4ms
2025-07-20 21:23:33 [WARNING] GripperOptimized:optimized_main_loop:518 - 主循環執行時間過長: 37.1ms
2025-07-20 21:23:34 [WARNING] GripperOptimized:optimized_main_loop:518 - 主循環執行時間過長: 38.3ms
2025-07-20 21:23:35 [WARNING] GripperOptimized:optimized_main_loop:518 - 主循環執行時間過長: 37.6ms
2025-07-20 21:23:36 [WARNING] GripperOptimized:optimized_main_loop:518 - 主循環執行時間過長: 37.5ms
2025-07-20 21:23:41 [WARNING] GripperOptimized:optimized_main_loop:518 - 主循環執行時間過長: 34.7ms
2025-07-20 21:23:42 [WARNING] GripperOptimized:optimized_main_loop:518 - 主循環執行時間過長: 36.5ms
2025-07-20 21:23:43 [WARNING] GripperOptimized:optimized_main_loop:518 - 主循環執行時間過長: 37.9ms
2025-07-20 21:23:47 [WARNING] GripperOptimized:optimized_main_loop:518 - 主循環執行時間過長: 35.5ms
2025-07-20 21:23:48 [WARNING] GripperOptimized:optimized_main_loop:518 - 主循環執行時間過長: 36.1ms
2025-07-20 21:23:49 [WARNING] GripperOptimized:optimized_main_loop:518 - 主循環執行時間過長: 37.2ms
2025-07-20 21:23:50 [WARNING] GripperOptimized:optimized_main_loop:518 - 主循環執行時間過長: 35.3ms
2025-07-20 21:23:51 [WARNING] GripperOptimized:optimized_main_loop:518 - 主循環執行時間過長: 35.5ms
2025-07-20 21:23:52 [WARNING] GripperOptimized:optimized_main_loop:518 - 主循環執行時間過長: 38.4ms
2025-07-20 21:23:53 [WARNING] GripperOptimized:optimized_main_loop:518 - 主循環執行時間過長: 37.5ms
2025-07-20 21:23:54 [INFO] GripperOptimized:optimized_main_loop:506 - 性能統計: 循環=136000, 運行時間=2886.5s, 平均循環耗時=3.7ms, 最大循環耗時=52.5ms, 指令數=4, 錯誤數=0, 平均響應=4.4ms
2025-07-20 21:23:58 [WARNING] GripperOptimized:optimized_main_loop:518 - 主循環執行時間過長: 38.3ms
2025-07-20 21:23:59 [WARNING] GripperOptimized:optimized_main_loop:518 - 主循環執行時間過長: 37.1ms
2025-07-20 21:24:00 [WARNING] GripperOptimized:optimized_main_loop:518 - 主循環執行時間過長: 36.5ms
2025-07-20 21:24:04 [WARNING] GripperOptimized:optimized_main_loop:518 - 主循環執行時間過長: 38.2ms
2025-07-20 21:24:05 [WARNING] GripperOptimized:optimized_main_loop:518 - 主循環執行時間過長: 39.0ms
2025-07-20 21:24:06 [WARNING] GripperOptimized:optimized_main_loop:518 - 主循環執行時間過長: 37.5ms
2025-07-20 21:24:10 [WARNING] GripperOptimized:optimized_main_loop:518 - 主循環執行時間過長: 31.3ms
2025-07-20 21:24:11 [WARNING] GripperOptimized:optimized_main_loop:518 - 主循環執行時間過長: 37.7ms
2025-07-20 21:24:16 [INFO] GripperOptimized:optimized_main_loop:506 - 性能統計: 循環=137000, 運行時間=2907.8s, 平均循環耗時=4.4ms, 最大循環耗時=52.5ms, 指令數=4, 錯誤數=0, 平均響應=4.4ms
2025-07-20 21:24:16 [WARNING] GripperOptimized:optimized_main_loop:518 - 主循環執行時間過長: 30.4ms
2025-07-20 21:24:17 [WARNING] GripperOptimized:optimized_main_loop:518 - 主循環執行時間過長: 39.2ms
2025-07-20 21:24:18 [WARNING] GripperOptimized:optimized_main_loop:518 - 主循環執行時間過長: 36.5ms
2025-07-20 21:24:22 [WARNING] GripperOptimized:optimized_main_loop:518 - 主循環執行時間過長: 37.9ms
2025-07-20 21:24:26 [WARNING] GripperOptimized:optimized_main_loop:518 - 主循環執行時間過長: 36.1ms
2025-07-20 21:24:31 [WARNING] GripperOptimized:optimized_main_loop:518 - 主循環執行時間過長: 36.8ms
2025-07-20 21:24:37 [INFO] GripperOptimized:optimized_main_loop:506 - 性能統計: 循環=138000, 運行時間=2929.0s, 平均循環耗時=5.3ms, 最大循環耗時=52.5ms, 指令數=4, 錯誤數=0, 平均響應=4.4ms
2025-07-20 21:24:38 [WARNING] GripperOptimized:optimized_main_loop:518 - 主循環執行時間過長: 32.3ms
2025-07-20 21:24:39 [WARNING] GripperOptimized:optimized_main_loop:518 - 主循環執行時間過長: 36.5ms
2025-07-20 21:24:40 [WARNING] GripperOptimized:optimized_main_loop:518 - 主循環執行時間過長: 36.8ms
2025-07-20 21:24:41 [WARNING] GripperOptimized:optimized_main_loop:518 - 主循環執行時間過長: 37.1ms
2025-07-20 21:24:42 [WARNING] GripperOptimized:optimized_main_loop:518 - 主循環執行時間過長: 36.3ms
2025-07-20 21:24:50 [WARNING] GripperOptimized:optimized_main_loop:518 - 主循環執行時間過長: 36.5ms
2025-07-20 21:24:51 [WARNING] GripperOptimized:optimized_main_loop:518 - 主循環執行時間過長: 36.8ms
2025-07-20 21:24:55 [WARNING] GripperOptimized:optimized_main_loop:518 - 主循環執行時間過長: 37.7ms
2025-07-20 21:24:56 [WARNING] GripperOptimized:optimized_main_loop:518 - 主循環執行時間過長: 37.2ms
2025-07-20 21:24:58 [INFO] GripperOptimized:optimized_main_loop:506 - 性能統計: 循環=139000, 運行時間=2950.3s, 平均循環耗時=5.1ms, 最大循環耗時=52.5ms, 指令數=4, 錯誤數=0, 平均響應=4.4ms
2025-07-20 21:25:00 [WARNING] GripperOptimized:optimized_main_loop:518 - 主循環執行時間過長: 34.4ms
2025-07-20 21:25:01 [WARNING] GripperOptimized:optimized_main_loop:518 - 主循環執行時間過長: 32.3ms
2025-07-20 21:25:02 [WARNING] GripperOptimized:optimized_main_loop:518 - 主循環執行時間過長: 36.6ms
2025-07-20 21:25:03 [WARNING] GripperOptimized:optimized_main_loop:518 - 主循環執行時間過長: 37.7ms
2025-07-20 21:25:08 [WARNING] GripperOptimized:optimized_main_loop:518 - 主循環執行時間過長: 33.8ms
2025-07-20 21:25:09 [WARNING] GripperOptimized:optimized_main_loop:518 - 主循環執行時間過長: 36.0ms
2025-07-20 21:25:10 [WARNING] GripperOptimized:optimized_main_loop:518 - 主循環執行時間過長: 37.5ms
2025-07-20 21:25:11 [WARNING] GripperOptimized:optimized_main_loop:518 - 主循環執行時間過長: 38.0ms
2025-07-20 21:25:12 [WARNING] GripperOptimized:optimized_main_loop:518 - 主循環執行時間過長: 37.6ms
2025-07-20 21:25:13 [WARNING] GripperOptimized:optimized_main_loop:518 - 主循環執行時間過長: 39.2ms
2025-07-20 21:25:17 [WARNING] GripperOptimized:optimized_main_loop:518 - 主循環執行時間過長: 37.1ms
2025-07-20 21:25:18 [WARNING] GripperOptimized:optimized_main_loop:518 - 主循環執行時間過長: 38.0ms
2025-07-20 21:25:19 [INFO] GripperOptimized:optimized_main_loop:506 - 性能統計: 循環=140000, 運行時間=2971.6s, 平均循環耗時=6.2ms, 最大循環耗時=52.5ms, 指令數=4, 錯誤數=0, 平均響應=4.4ms
2025-07-20 21:25:19 [WARNING] GripperOptimized:optimized_main_loop:518 - 主循環執行時間過長: 36.5ms
2025-07-20 21:25:24 [WARNING] GripperOptimized:optimized_main_loop:518 - 主循環執行時間過長: 35.7ms
2025-07-20 21:25:25 [WARNING] GripperOptimized:optimized_main_loop:518 - 主循環執行時間過長: 37.7ms
2025-07-20 21:25:29 [WARNING] GripperOptimized:optimized_main_loop:518 - 主循環執行時間過長: 34.9ms
2025-07-20 21:25:30 [WARNING] GripperOptimized:optimized_main_loop:518 - 主循環執行時間過長: 37.8ms
2025-07-20 21:25:34 [WARNING] GripperOptimized:optimized_main_loop:518 - 主循環執行時間過長: 36.3ms
2025-07-20 21:25:40 [WARNING] GripperOptimized:optimized_main_loop:518 - 主循環執行時間過長: 36.1ms
2025-07-20 21:25:41 [INFO] GripperOptimized:optimized_main_loop:506 - 性能統計: 循環=141000, 運行時間=2992.8s, 平均循環耗時=6.7ms, 最大循環耗時=52.5ms, 指令數=4, 錯誤數=0, 平均響應=4.4ms
2025-07-20 21:25:41 [WARNING] GripperOptimized:optimized_main_loop:518 - 主循環執行時間過長: 35.5ms
2025-07-20 21:25:45 [WARNING] GripperOptimized:optimized_main_loop:518 - 主循環執行時間過長: 32.0ms
2025-07-20 21:25:46 [WARNING] GripperOptimized:optimized_main_loop:518 - 主循環執行時間過長: 37.5ms
2025-07-20 21:25:50 [WARNING] GripperOptimized:optimized_main_loop:518 - 主循環執行時間過長: 37.2ms
2025-07-20 21:25:58 [WARNING] GripperOptimized:optimized_main_loop:518 - 主循環執行時間過長: 38.4ms
2025-07-20 21:25:59 [WARNING] GripperOptimized:optimized_main_loop:518 - 主循環執行時間過長: 36.0ms
2025-07-20 21:26:00 [WARNING] GripperOptimized:optimized_main_loop:518 - 主循環執行時間過長: 37.2ms
2025-07-20 21:26:02 [INFO] GripperOptimized:optimized_main_loop:506 - 性能統計: 循環=142000, 運行時間=3014.0s, 平均循環耗時=7.7ms, 最大循環耗時=52.5ms, 指令數=4, 錯誤數=0, 平均響應=4.4ms
2025-07-20 21:26:04 [WARNING] GripperOptimized:optimized_main_loop:518 - 主循環執行時間過長: 36.7ms
2025-07-20 21:26:05 [WARNING] GripperOptimized:optimized_main_loop:518 - 主循環執行時間過長: 38.3ms
2025-07-20 21:26:06 [WARNING] GripperOptimized:optimized_main_loop:518 - 主循環執行時間過長: 38.1ms
2025-07-20 21:26:07 [WARNING] GripperOptimized:optimized_main_loop:518 - 主循環執行時間過長: 36.8ms
2025-07-20 21:26:08 [WARNING] GripperOptimized:optimized_main_loop:518 - 主循環執行時間過長: 31.1ms
2025-07-20 21:26:09 [WARNING] GripperOptimized:optimized_main_loop:518 - 主循環執行時間過長: 36.4ms
2025-07-20 21:26:10 [WARNING] GripperOptimized:optimized_main_loop:518 - 主循環執行時間過長: 38.0ms
2025-07-20 21:26:15 [WARNING] GripperOptimized:optimized_main_loop:518 - 主循環執行時間過長: 34.2ms
2025-07-20 21:26:19 [WARNING] GripperOptimized:optimized_main_loop:518 - 主循環執行時間過長: 34.2ms
2025-07-20 21:26:20 [WARNING] GripperOptimized:optimized_main_loop:518 - 主循環執行時間過長: 37.0ms
2025-07-20 21:26:21 [WARNING] GripperOptimized:optimized_main_loop:518 - 主循環執行時間過長: 36.4ms
2025-07-20 21:26:22 [WARNING] GripperOptimized:optimized_main_loop:518 - 主循環執行時間過長: 37.9ms
2025-07-20 21:26:23 [INFO] GripperOptimized:optimized_main_loop:506 - 性能統計: 循環=143000, 運行時間=3035.3s, 平均循環耗時=6.8ms, 最大循環耗時=52.5ms, 指令數=4, 錯誤數=0, 平均響應=4.4ms
2025-07-20 21:26:23 [WARNING] GripperOptimized:optimized_main_loop:518 - 主循環執行時間過長: 38.9ms
2025-07-20 21:26:24 [WARNING] GripperOptimized:optimized_main_loop:518 - 主循環執行時間過長: 37.3ms
2025-07-20 21:26:32 [WARNING] GripperOptimized:optimized_main_loop:518 - 主循環執行時間過長: 38.6ms
2025-07-20 21:26:36 [WARNING] GripperOptimized:optimized_main_loop:518 - 主循環執行時間過長: 38.5ms
2025-07-20 21:26:44 [INFO] GripperOptimized:optimized_main_loop:506 - 性能統計: 循環=144000, 運行時間=3056.5s, 平均循環耗時=4.7ms, 最大循環耗時=52.5ms, 指令數=4, 錯誤數=0, 平均響應=4.4ms
2025-07-20 21:26:44 [WARNING] GripperOptimized:optimized_main_loop:518 - 主循環執行時間過長: 31.9ms
2025-07-20 21:26:52 [WARNING] GripperOptimized:optimized_main_loop:518 - 主循環執行時間過長: 35.9ms
2025-07-20 21:26:56 [WARNING] GripperOptimized:optimized_main_loop:518 - 主循環執行時間過長: 36.8ms
2025-07-20 21:26:57 [WARNING] GripperOptimized:optimized_main_loop:518 - 主循環執行時間過長: 37.2ms
2025-07-20 21:26:58 [WARNING] GripperOptimized:optimized_main_loop:518 - 主循環執行時間過長: 39.0ms
2025-07-20 21:26:59 [WARNING] GripperOptimized:optimized_main_loop:518 - 主循環執行時間過長: 35.1ms
2025-07-20 21:27:00 [WARNING] GripperOptimized:optimized_main_loop:518 - 主循環執行時間過長: 38.5ms
2025-07-20 21:27:01 [WARNING] GripperOptimized:optimized_main_loop:518 - 主循環執行時間過長: 37.0ms
2025-07-20 21:27:06 [INFO] GripperOptimized:optimized_main_loop:506 - 性能統計: 循環=145000, 運行時間=3077.7s, 平均循環耗時=4.4ms, 最大循環耗時=52.5ms, 指令數=4, 錯誤數=0, 平均響應=4.4ms
2025-07-20 21:27:07 [WARNING] GripperOptimized:optimized_main_loop:518 - 主循環執行時間過長: 35.2ms
2025-07-20 21:27:11 [WARNING] GripperOptimized:optimized_main_loop:518 - 主循環執行時間過長: 36.7ms
2025-07-20 21:27:12 [WARNING] GripperOptimized:optimized_main_loop:518 - 主循環執行時間過長: 33.8ms
2025-07-20 21:27:13 [WARNING] GripperOptimized:optimized_main_loop:518 - 主循環執行時間過長: 37.0ms
2025-07-20 21:27:20 [WARNING] GripperOptimized:optimized_main_loop:518 - 主循環執行時間過長: 37.0ms
2025-07-20 21:27:21 [WARNING] GripperOptimized:optimized_main_loop:518 - 主循環執行時間過長: 36.5ms
2025-07-20 21:27:23 [WARNING] GripperOptimized:optimized_main_loop:518 - 主循環執行時間過長: 38.5ms
2025-07-20 21:27:24 [WARNING] GripperOptimized:optimized_main_loop:518 - 主循環執行時間過長: 36.4ms
2025-07-20 21:27:25 [WARNING] GripperOptimized:optimized_main_loop:518 - 主循環執行時間過長: 36.5ms
2025-07-20 21:27:26 [WARNING] GripperOptimized:optimized_main_loop:518 - 主循環執行時間過長: 37.6ms
2025-07-20 21:27:27 [INFO] GripperOptimized:optimized_main_loop:506 - 性能統計: 循環=146000, 運行時間=3098.9s, 平均循環耗時=6.6ms, 最大循環耗時=52.5ms, 指令數=4, 錯誤數=0, 平均響應=4.4ms
2025-07-20 21:27:27 [WARNING] GripperOptimized:optimized_main_loop:518 - 主循環執行時間過長: 37.3ms
2025-07-20 21:27:28 [WARNING] GripperOptimized:optimized_main_loop:518 - 主循環執行時間過長: 37.6ms
2025-07-20 21:27:32 [INFO] GripperOptimized:process_commands_optimized:424 - 收到PGC指令: 代碼=8, 參數1=0, 參數2=0, ID=55630
2025-07-20 21:27:32 [INFO] GripperOptimized:process_commands_optimized:436 - PGC指令執行成功 - 響應時間: 10.0ms
2025-07-20 21:27:32 [WARNING] GripperOptimized:optimized_main_loop:518 - 主循環執行時間過長: 41.5ms
2025-07-20 21:27:33 [WARNING] GripperOptimized:optimized_main_loop:518 - 主循環執行時間過長: 38.2ms
2025-07-20 21:27:41 [WARNING] GripperOptimized:optimized_main_loop:518 - 主循環執行時間過長: 32.9ms
2025-07-20 21:27:45 [WARNING] GripperOptimized:optimized_main_loop:518 - 主循環執行時間過長: 32.2ms
2025-07-20 21:27:46 [WARNING] GripperOptimized:optimized_main_loop:518 - 主循環執行時間過長: 35.7ms
2025-07-20 21:27:47 [WARNING] GripperOptimized:optimized_main_loop:518 - 主循環執行時間過長: 37.9ms
2025-07-20 21:27:48 [INFO] GripperOptimized:optimized_main_loop:506 - 性能統計: 循環=147000, 運行時間=3120.2s, 平均循環耗時=6.7ms, 最大循環耗時=52.5ms, 指令數=5, 錯誤數=0, 平均響應=5.0ms
2025-07-20 21:27:48 [WARNING] GripperOptimized:optimized_main_loop:518 - 主循環執行時間過長: 39.3ms
2025-07-20 21:27:49 [WARNING] GripperOptimized:optimized_main_loop:518 - 主循環執行時間過長: 36.7ms
2025-07-20 21:27:57 [WARNING] GripperOptimized:optimized_main_loop:518 - 主循環執行時間過長: 36.3ms
2025-07-20 21:27:58 [WARNING] GripperOptimized:optimized_main_loop:518 - 主循環執行時間過長: 37.8ms
2025-07-20 21:27:59 [WARNING] GripperOptimized:optimized_main_loop:518 - 主循環執行時間過長: 36.7ms
2025-07-20 21:28:00 [WARNING] GripperOptimized:optimized_main_loop:518 - 主循環執行時間過長: 37.5ms
2025-07-20 21:28:04 [WARNING] GripperOptimized:optimized_main_loop:518 - 主循環執行時間過長: 33.4ms
2025-07-20 21:28:05 [WARNING] GripperOptimized:optimized_main_loop:518 - 主循環執行時間過長: 36.6ms
2025-07-20 21:28:09 [INFO] GripperOptimized:optimized_main_loop:506 - 性能統計: 循環=148000, 運行時間=3141.5s, 平均循環耗時=6.7ms, 最大循環耗時=52.5ms, 指令數=5, 錯誤數=0, 平均響應=5.0ms
2025-07-20 21:28:09 [WARNING] GripperOptimized:optimized_main_loop:518 - 主循環執行時間過長: 37.6ms
2025-07-20 21:28:10 [WARNING] GripperOptimized:optimized_main_loop:518 - 主循環執行時間過長: 37.0ms
2025-07-20 21:28:12 [WARNING] GripperOptimized:optimized_main_loop:518 - 主循環執行時間過長: 34.1ms
2025-07-20 21:28:13 [WARNING] GripperOptimized:optimized_main_loop:518 - 主循環執行時間過長: 37.5ms
2025-07-20 21:28:17 [WARNING] GripperOptimized:optimized_main_loop:518 - 主循環執行時間過長: 37.9ms
2025-07-20 21:28:21 [WARNING] GripperOptimized:optimized_main_loop:518 - 主循環執行時間過長: 38.2ms
2025-07-20 21:28:22 [WARNING] GripperOptimized:optimized_main_loop:518 - 主循環執行時間過長: 32.0ms
2025-07-20 21:28:23 [WARNING] GripperOptimized:optimized_main_loop:518 - 主循環執行時間過長: 36.1ms
2025-07-20 21:28:24 [WARNING] GripperOptimized:optimized_main_loop:518 - 主循環執行時間過長: 36.4ms
2025-07-20 21:28:25 [WARNING] GripperOptimized:optimized_main_loop:518 - 主循環執行時間過長: 34.8ms
2025-07-20 21:28:26 [WARNING] GripperOptimized:optimized_main_loop:518 - 主循環執行時間過長: 31.8ms
2025-07-20 21:28:27 [WARNING] GripperOptimized:optimized_main_loop:518 - 主循環執行時間過長: 35.1ms
2025-07-20 21:28:31 [INFO] GripperOptimized:optimized_main_loop:506 - 性能統計: 循環=149000, 運行時間=3162.7s, 平均循環耗時=8.4ms, 最大循環耗時=52.5ms, 指令數=5, 錯誤數=0, 平均響應=5.0ms
2025-07-20 21:28:32 [WARNING] GripperOptimized:optimized_main_loop:518 - 主循環執行時間過長: 30.6ms
2025-07-20 21:28:33 [WARNING] GripperOptimized:optimized_main_loop:518 - 主循環執行時間過長: 38.1ms
2025-07-20 21:28:34 [WARNING] GripperOptimized:optimized_main_loop:518 - 主循環執行時間過長: 38.8ms
2025-07-20 21:28:38 [WARNING] GripperOptimized:optimized_main_loop:518 - 主循環執行時間過長: 37.0ms
2025-07-20 21:28:39 [WARNING] GripperOptimized:optimized_main_loop:518 - 主循環執行時間過長: 33.4ms
2025-07-20 21:28:40 [WARNING] GripperOptimized:optimized_main_loop:518 - 主循環執行時間過長: 31.6ms
2025-07-20 21:28:44 [WARNING] GripperOptimized:optimized_main_loop:518 - 主循環執行時間過長: 35.8ms
2025-07-20 21:28:45 [WARNING] GripperOptimized:optimized_main_loop:518 - 主循環執行時間過長: 37.7ms
2025-07-20 21:28:52 [INFO] GripperOptimized:optimized_main_loop:506 - 性能統計: 循環=150000, 運行時間=3183.9s, 平均循環耗時=5.6ms, 最大循環耗時=52.5ms, 指令數=5, 錯誤數=0, 平均響應=5.0ms
2025-07-20 21:28:56 [WARNING] GripperOptimized:optimized_main_loop:518 - 主循環執行時間過長: 31.5ms
2025-07-20 21:29:00 [WARNING] GripperOptimized:optimized_main_loop:518 - 主循環執行時間過長: 37.8ms
2025-07-20 21:29:01 [WARNING] GripperOptimized:optimized_main_loop:518 - 主循環執行時間過長: 35.9ms
2025-07-20 21:29:02 [WARNING] GripperOptimized:optimized_main_loop:518 - 主循環執行時間過長: 37.0ms
2025-07-20 21:29:03 [WARNING] GripperOptimized:optimized_main_loop:518 - 主循環執行時間過長: 36.5ms
2025-07-20 21:29:08 [WARNING] GripperOptimized:optimized_main_loop:518 - 主循環執行時間過長: 37.7ms
2025-07-20 21:29:09 [WARNING] GripperOptimized:optimized_main_loop:518 - 主循環執行時間過長: 37.9ms
2025-07-20 21:29:10 [WARNING] GripperOptimized:optimized_main_loop:518 - 主循環執行時間過長: 38.3ms
2025-07-20 21:29:11 [WARNING] GripperOptimized:optimized_main_loop:518 - 主循環執行時間過長: 37.4ms
2025-07-20 21:29:12 [WARNING] GripperOptimized:optimized_main_loop:518 - 主循環執行時間過長: 38.3ms
2025-07-20 21:29:13 [INFO] GripperOptimized:optimized_main_loop:506 - 性能統計: 循環=151000, 運行時間=3205.1s, 平均循環耗時=4.0ms, 最大循環耗時=52.5ms, 指令數=5, 錯誤數=0, 平均響應=5.0ms
2025-07-20 21:29:13 [WARNING] GripperOptimized:optimized_main_loop:518 - 主循環執行時間過長: 30.6ms
2025-07-20 21:29:14 [WARNING] GripperOptimized:optimized_main_loop:518 - 主循環執行時間過長: 30.6ms
2025-07-20 21:29:15 [WARNING] GripperOptimized:optimized_main_loop:518 - 主循環執行時間過長: 37.2ms
2025-07-20 21:29:16 [WARNING] GripperOptimized:optimized_main_loop:518 - 主循環執行時間過長: 35.3ms
2025-07-20 21:29:20 [WARNING] GripperOptimized:optimized_main_loop:518 - 主循環執行時間過長: 38.1ms
2025-07-20 21:29:21 [WARNING] GripperOptimized:optimized_main_loop:518 - 主循環執行時間過長: 38.7ms
2025-07-20 21:29:23 [WARNING] GripperOptimized:optimized_main_loop:518 - 主循環執行時間過長: 30.0ms
2025-07-20 21:29:24 [WARNING] GripperOptimized:optimized_main_loop:518 - 主循環執行時間過長: 37.4ms
2025-07-20 21:29:25 [WARNING] GripperOptimized:optimized_main_loop:518 - 主循環執行時間過長: 35.3ms
2025-07-20 21:29:26 [WARNING] GripperOptimized:optimized_main_loop:518 - 主循環執行時間過長: 38.4ms
2025-07-20 21:29:30 [WARNING] GripperOptimized:optimized_main_loop:518 - 主循環執行時間過長: 36.5ms
2025-07-20 21:29:34 [INFO] GripperOptimized:optimized_main_loop:506 - 性能統計: 循環=152000, 運行時間=3226.3s, 平均循環耗時=7.2ms, 最大循環耗時=52.5ms, 指令數=5, 錯誤數=0, 平均響應=5.0ms
2025-07-20 21:29:35 [WARNING] GripperOptimized:optimized_main_loop:518 - 主循環執行時間過長: 37.4ms
2025-07-20 21:29:36 [WARNING] GripperOptimized:optimized_main_loop:518 - 主循環執行時間過長: 37.3ms
2025-07-20 21:29:44 [WARNING] GripperOptimized:optimized_main_loop:518 - 主循環執行時間過長: 36.4ms
2025-07-20 21:29:48 [WARNING] GripperOptimized:optimized_main_loop:518 - 主循環執行時間過長: 35.9ms
2025-07-20 21:29:55 [INFO] GripperOptimized:optimized_main_loop:506 - 性能統計: 循環=153000, 運行時間=3247.5s, 平均循環耗時=4.6ms, 最大循環耗時=52.5ms, 指令數=5, 錯誤數=0, 平均響應=5.0ms
2025-07-20 21:29:55 [WARNING] GripperOptimized:optimized_main_loop:518 - 主循環執行時間過長: 31.5ms
2025-07-20 21:30:00 [WARNING] GripperOptimized:optimized_main_loop:518 - 主循環執行時間過長: 38.4ms
2025-07-20 21:30:04 [WARNING] GripperOptimized:optimized_main_loop:518 - 主循環執行時間過長: 38.4ms
2025-07-20 21:30:05 [WARNING] GripperOptimized:optimized_main_loop:518 - 主循環執行時間過長: 34.3ms
2025-07-20 21:30:06 [WARNING] GripperOptimized:optimized_main_loop:518 - 主循環執行時間過長: 38.3ms
2025-07-20 21:30:07 [WARNING] GripperOptimized:optimized_main_loop:518 - 主循環執行時間過長: 37.4ms
2025-07-20 21:30:08 [WARNING] GripperOptimized:optimized_main_loop:518 - 主循環執行時間過長: 34.0ms
2025-07-20 21:30:16 [WARNING] GripperOptimized:optimized_main_loop:518 - 主循環執行時間過長: 30.8ms
2025-07-20 21:30:17 [INFO] GripperOptimized:optimized_main_loop:506 - 性能統計: 循環=154000, 運行時間=3268.7s, 平均循環耗時=4.1ms, 最大循環耗時=52.5ms, 指令數=5, 錯誤數=0, 平均響應=5.0ms
2025-07-20 21:30:20 [WARNING] GripperOptimized:optimized_main_loop:518 - 主循環執行時間過長: 30.3ms
2025-07-20 21:30:26 [WARNING] GripperOptimized:optimized_main_loop:518 - 主循環執行時間過長: 38.5ms
2025-07-20 21:30:30 [WARNING] GripperOptimized:optimized_main_loop:518 - 主循環執行時間過長: 38.1ms
2025-07-20 21:30:31 [WARNING] GripperOptimized:optimized_main_loop:518 - 主循環執行時間過長: 38.3ms
2025-07-20 21:30:32 [WARNING] GripperOptimized:optimized_main_loop:518 - 主循環執行時間過長: 38.2ms
2025-07-20 21:30:37 [WARNING] GripperOptimized:optimized_main_loop:518 - 主循環執行時間過長: 37.8ms
2025-07-20 21:30:38 [INFO] GripperOptimized:optimized_main_loop:506 - 性能統計: 循環=155000, 運行時間=3289.8s, 平均循環耗時=3.7ms, 最大循環耗時=52.5ms, 指令數=5, 錯誤數=0, 平均響應=5.0ms
2025-07-20 21:30:41 [WARNING] GripperOptimized:optimized_main_loop:518 - 主循環執行時間過長: 37.7ms
2025-07-20 21:30:42 [WARNING] GripperOptimized:optimized_main_loop:518 - 主循環執行時間過長: 38.8ms
2025-07-20 21:30:49 [WARNING] GripperOptimized:optimized_main_loop:518 - 主循環執行時間過長: 37.0ms
2025-07-20 21:30:50 [WARNING] GripperOptimized:optimized_main_loop:518 - 主循環執行時間過長: 37.6ms
2025-07-20 21:30:52 [WARNING] GripperOptimized:optimized_main_loop:518 - 主循環執行時間過長: 37.6ms
2025-07-20 21:30:53 [WARNING] GripperOptimized:optimized_main_loop:518 - 主循環執行時間過長: 38.1ms
2025-07-20 21:30:54 [WARNING] GripperOptimized:optimized_main_loop:518 - 主循環執行時間過長: 36.3ms
2025-07-20 21:30:58 [WARNING] GripperOptimized:optimized_main_loop:518 - 主循環執行時間過長: 35.0ms
2025-07-20 21:30:59 [INFO] GripperOptimized:optimized_main_loop:506 - 性能統計: 循環=156000, 運行時間=3311.1s, 平均循環耗時=4.9ms, 最大循環耗時=52.5ms, 指令數=5, 錯誤數=0, 平均響應=5.0ms
2025-07-20 21:30:59 [WARNING] GripperOptimized:optimized_main_loop:518 - 主循環執行時間過長: 34.2ms
2025-07-20 21:31:00 [WARNING] GripperOptimized:optimized_main_loop:518 - 主循環執行時間過長: 37.3ms
2025-07-20 21:31:11 [WARNING] GripperOptimized:optimized_main_loop:518 - 主循環執行時間過長: 36.1ms
2025-07-20 21:31:12 [WARNING] GripperOptimized:optimized_main_loop:518 - 主循環執行時間過長: 36.2ms
2025-07-20 21:31:13 [WARNING] GripperOptimized:optimized_main_loop:518 - 主循環執行時間過長: 37.5ms
2025-07-20 21:31:17 [WARNING] GripperOptimized:optimized_main_loop:518 - 主循環執行時間過長: 33.9ms
2025-07-20 21:31:20 [INFO] GripperOptimized:optimized_main_loop:506 - 性能統計: 循環=157000, 運行時間=3332.3s, 平均循環耗時=4.6ms, 最大循環耗時=52.5ms, 指令數=5, 錯誤數=0, 平均響應=5.0ms
2025-07-20 21:31:21 [WARNING] GripperOptimized:optimized_main_loop:518 - 主循環執行時間過長: 34.2ms
2025-07-20 21:31:29 [WARNING] GripperOptimized:optimized_main_loop:518 - 主循環執行時間過長: 38.3ms
2025-07-20 21:31:36 [WARNING] GripperOptimized:optimized_main_loop:518 - 主循環執行時間過長: 39.1ms
2025-07-20 21:31:37 [WARNING] GripperOptimized:optimized_main_loop:518 - 主循環執行時間過長: 30.2ms
2025-07-20 21:31:38 [WARNING] GripperOptimized:optimized_main_loop:518 - 主循環執行時間過長: 35.5ms
2025-07-20 21:31:41 [INFO] GripperOptimized:optimized_main_loop:506 - 性能統計: 循環=158000, 運行時間=3353.5s, 平均循環耗時=8.7ms, 最大循環耗時=52.5ms, 指令數=5, 錯誤數=0, 平均響應=5.0ms
2025-07-20 21:31:42 [WARNING] GripperOptimized:optimized_main_loop:518 - 主循環執行時間過長: 38.8ms
2025-07-20 21:31:44 [WARNING] GripperOptimized:optimized_main_loop:518 - 主循環執行時間過長: 39.3ms
2025-07-20 21:31:46 [WARNING] GripperOptimized:optimized_main_loop:518 - 主循環執行時間過長: 32.4ms
2025-07-20 21:31:50 [WARNING] GripperOptimized:optimized_main_loop:518 - 主循環執行時間過長: 38.1ms
2025-07-20 21:31:51 [WARNING] GripperOptimized:optimized_main_loop:518 - 主循環執行時間過長: 37.5ms
2025-07-20 21:31:52 [WARNING] GripperOptimized:optimized_main_loop:518 - 主循環執行時間過長: 37.1ms
2025-07-20 21:31:53 [WARNING] GripperOptimized:optimized_main_loop:518 - 主循環執行時間過長: 38.8ms
2025-07-20 21:31:54 [WARNING] GripperOptimized:optimized_main_loop:518 - 主循環執行時間過長: 38.5ms
2025-07-20 21:31:55 [WARNING] GripperOptimized:optimized_main_loop:518 - 主循環執行時間過長: 37.0ms
2025-07-20 21:31:56 [WARNING] GripperOptimized:optimized_main_loop:518 - 主循環執行時間過長: 34.2ms
2025-07-20 21:31:58 [WARNING] GripperOptimized:optimized_main_loop:518 - 主循環執行時間過長: 37.0ms
2025-07-20 21:31:59 [WARNING] GripperOptimized:optimized_main_loop:518 - 主循環執行時間過長: 37.9ms
2025-07-20 21:32:03 [INFO] GripperOptimized:optimized_main_loop:506 - 性能統計: 循環=159000, 運行時間=3374.8s, 平均循環耗時=8.8ms, 最大循環耗時=52.5ms, 指令數=5, 錯誤數=0, 平均響應=5.0ms
2025-07-20 21:32:04 [WARNING] GripperOptimized:optimized_main_loop:518 - 主循環執行時間過長: 37.0ms
2025-07-20 21:32:05 [WARNING] GripperOptimized:optimized_main_loop:518 - 主循環執行時間過長: 38.5ms
2025-07-20 21:32:15 [WARNING] GripperOptimized:optimized_main_loop:518 - 主循環執行時間過長: 38.5ms
2025-07-20 21:32:16 [WARNING] GripperOptimized:optimized_main_loop:518 - 主循環執行時間過長: 37.5ms
2025-07-20 21:32:17 [WARNING] GripperOptimized:optimized_main_loop:518 - 主循環執行時間過長: 36.4ms
2025-07-20 21:32:19 [WARNING] GripperOptimized:optimized_main_loop:518 - 主循環執行時間過長: 34.9ms
2025-07-20 21:32:20 [WARNING] GripperOptimized:optimized_main_loop:518 - 主循環執行時間過長: 34.8ms
2025-07-20 21:32:21 [WARNING] GripperOptimized:optimized_main_loop:518 - 主循環執行時間過長: 35.8ms
2025-07-20 21:32:22 [WARNING] GripperOptimized:optimized_main_loop:518 - 主循環執行時間過長: 39.6ms
2025-07-20 21:32:23 [WARNING] GripperOptimized:optimized_main_loop:518 - 主循環執行時間過長: 34.5ms
2025-07-20 21:32:24 [INFO] GripperOptimized:optimized_main_loop:506 - 性能統計: 循環=160000, 運行時間=3395.9s, 平均循環耗時=5.1ms, 最大循環耗時=52.5ms, 指令數=5, 錯誤數=0, 平均響應=5.0ms
2025-07-20 21:32:24 [WARNING] GripperOptimized:optimized_main_loop:518 - 主循環執行時間過長: 35.8ms
2025-07-20 21:32:25 [WARNING] GripperOptimized:optimized_main_loop:518 - 主循環執行時間過長: 38.6ms
2025-07-20 21:32:26 [WARNING] GripperOptimized:optimized_main_loop:518 - 主循環執行時間過長: 38.2ms
2025-07-20 21:32:28 [WARNING] GripperOptimized:optimized_main_loop:518 - 主循環執行時間過長: 35.2ms
2025-07-20 21:32:29 [WARNING] GripperOptimized:optimized_main_loop:518 - 主循環執行時間過長: 37.9ms
2025-07-20 21:32:30 [WARNING] GripperOptimized:optimized_main_loop:518 - 主循環執行時間過長: 35.9ms
2025-07-20 21:32:31 [WARNING] GripperOptimized:optimized_main_loop:518 - 主循環執行時間過長: 37.3ms
2025-07-20 21:32:32 [WARNING] GripperOptimized:optimized_main_loop:518 - 主循環執行時間過長: 36.5ms
2025-07-20 21:32:33 [WARNING] GripperOptimized:optimized_main_loop:518 - 主循環執行時間過長: 38.9ms
2025-07-20 21:32:34 [WARNING] GripperOptimized:optimized_main_loop:518 - 主循環執行時間過長: 39.2ms
2025-07-20 21:32:39 [WARNING] GripperOptimized:optimized_main_loop:518 - 主循環執行時間過長: 36.7ms
2025-07-20 21:32:40 [WARNING] GripperOptimized:optimized_main_loop:518 - 主循環執行時間過長: 35.8ms
2025-07-20 21:32:41 [WARNING] GripperOptimized:optimized_main_loop:518 - 主循環執行時間過長: 30.2ms
2025-07-20 21:32:42 [WARNING] GripperOptimized:optimized_main_loop:518 - 主循環執行時間過長: 36.4ms
2025-07-20 21:32:43 [WARNING] GripperOptimized:optimized_main_loop:518 - 主循環執行時間過長: 30.5ms
2025-07-20 21:32:44 [WARNING] GripperOptimized:optimized_main_loop:518 - 主循環執行時間過長: 38.7ms
2025-07-20 21:32:45 [INFO] GripperOptimized:optimized_main_loop:506 - 性能統計: 循環=161000, 運行時間=3417.2s, 平均循環耗時=4.6ms, 最大循環耗時=52.5ms, 指令數=5, 錯誤數=0, 平均響應=5.0ms
2025-07-20 21:32:48 [WARNING] GripperOptimized:optimized_main_loop:518 - 主循環執行時間過長: 36.6ms
2025-07-20 21:32:49 [WARNING] GripperOptimized:optimized_main_loop:518 - 主循環執行時間過長: 33.4ms
2025-07-20 21:32:50 [WARNING] GripperOptimized:optimized_main_loop:518 - 主循環執行時間過長: 36.4ms
2025-07-20 21:32:55 [WARNING] GripperOptimized:optimized_main_loop:518 - 主循環執行時間過長: 37.9ms
2025-07-20 21:32:56 [WARNING] GripperOptimized:optimized_main_loop:518 - 主循環執行時間過長: 30.8ms
2025-07-20 21:32:57 [WARNING] GripperOptimized:optimized_main_loop:518 - 主循環執行時間過長: 31.8ms
2025-07-20 21:33:06 [INFO] GripperOptimized:optimized_main_loop:506 - 性能統計: 循環=162000, 運行時間=3438.4s, 平均循環耗時=8.5ms, 最大循環耗時=52.5ms, 指令數=5, 錯誤數=0, 平均響應=5.0ms
2025-07-20 21:33:07 [WARNING] GripperOptimized:optimized_main_loop:518 - 主循環執行時間過長: 37.0ms
2025-07-20 21:33:08 [WARNING] GripperOptimized:optimized_main_loop:518 - 主循環執行時間過長: 38.3ms
2025-07-20 21:33:09 [WARNING] GripperOptimized:optimized_main_loop:518 - 主循環執行時間過長: 36.2ms
2025-07-20 21:33:12 [WARNING] GripperOptimized:optimized_main_loop:518 - 主循環執行時間過長: 38.7ms
2025-07-20 21:33:16 [WARNING] GripperOptimized:optimized_main_loop:518 - 主循環執行時間過長: 37.4ms
2025-07-20 21:33:17 [WARNING] GripperOptimized:optimized_main_loop:518 - 主循環執行時間過長: 38.4ms
2025-07-20 21:33:18 [WARNING] GripperOptimized:optimized_main_loop:518 - 主循環執行時間過長: 36.5ms
2025-07-20 21:33:22 [WARNING] GripperOptimized:optimized_main_loop:518 - 主循環執行時間過長: 33.7ms
2025-07-20 21:33:26 [WARNING] GripperOptimized:optimized_main_loop:518 - 主循環執行時間過長: 36.8ms
2025-07-20 21:33:27 [INFO] GripperOptimized:optimized_main_loop:506 - 性能統計: 循環=163000, 運行時間=3459.5s, 平均循環耗時=3.6ms, 最大循環耗時=52.5ms, 指令數=5, 錯誤數=0, 平均響應=5.0ms
2025-07-20 21:33:31 [WARNING] GripperOptimized:optimized_main_loop:518 - 主循環執行時間過長: 37.9ms
2025-07-20 21:33:32 [WARNING] GripperOptimized:optimized_main_loop:518 - 主循環執行時間過長: 30.0ms
2025-07-20 21:33:34 [WARNING] GripperOptimized:optimized_main_loop:518 - 主循環執行時間過長: 36.3ms
2025-07-20 21:33:35 [WARNING] GripperOptimized:optimized_main_loop:518 - 主循環執行時間過長: 31.7ms
2025-07-20 21:33:36 [WARNING] GripperOptimized:optimized_main_loop:518 - 主循環執行時間過長: 37.0ms
2025-07-20 21:33:41 [WARNING] GripperOptimized:optimized_main_loop:518 - 主循環執行時間過長: 38.9ms
2025-07-20 21:33:45 [WARNING] GripperOptimized:optimized_main_loop:518 - 主循環執行時間過長: 38.9ms
2025-07-20 21:33:49 [INFO] GripperOptimized:optimized_main_loop:506 - 性能統計: 循環=164000, 運行時間=3480.7s, 平均循環耗時=7.8ms, 最大循環耗時=52.5ms, 指令數=5, 錯誤數=0, 平均響應=5.0ms
2025-07-20 21:33:50 [WARNING] GripperOptimized:optimized_main_loop:518 - 主循環執行時間過長: 36.9ms
2025-07-20 21:33:57 [WARNING] GripperOptimized:optimized_main_loop:518 - 主循環執行時間過長: 36.5ms
2025-07-20 21:34:02 [WARNING] GripperOptimized:optimized_main_loop:518 - 主循環執行時間過長: 37.4ms
2025-07-20 21:34:07 [WARNING] GripperOptimized:optimized_main_loop:518 - 主循環執行時間過長: 35.3ms
2025-07-20 21:34:08 [WARNING] GripperOptimized:optimized_main_loop:518 - 主循環執行時間過長: 38.1ms
2025-07-20 21:34:08 [INFO] GripperOptimized:stop:547 - 正在停止夾爪模組...
2025-07-20 21:34:08 [INFO] GripperOptimized:stop:568 - 最終性能統計:
2025-07-20 21:34:08 [INFO] GripperOptimized:stop:569 -   總運行時間: 3500.6秒
2025-07-20 21:34:08 [INFO] GripperOptimized:stop:570 -   總循環次數: 164936
2025-07-20 21:34:08 [INFO] GripperOptimized:stop:571 -   總指令數: 5
2025-07-20 21:34:08 [INFO] GripperOptimized:stop:572 -   總錯誤數: 0
2025-07-20 21:34:09 [INFO] GripperOptimized:stop:573 -   平均循環時間: 8.0ms
2025-07-20 21:34:09 [INFO] GripperOptimized:stop:574 -   最大循環時間: 52.5ms
2025-07-20 21:34:09 [INFO] GripperOptimized:stop:575 -   平均響應時間: 5.0ms
2025-07-20 21:34:09 [INFO] GripperOptimized:stop:577 - 夾爪模組已停止
2025-07-20 22:22:33 [INFO] GripperOptimized:__init__:72 - 夾爪模組啟動 (CASE優化版本) - 專注PGC夾爪
2025-07-20 22:22:33 [INFO] GripperOptimized:__init__:73 - 基地址: 500-519 (狀態), 520-539 (指令)
2025-07-20 22:22:33 [INFO] GripperOptimized:__init__:74 - 性能參數: 主循環=20.0ms, 狀態更新=50.0ms
2025-07-20 22:22:33 [INFO] GripperOptimized:optimized_main_loop:459 - 夾爪主循環啟動 - CASE優化模式 (20ms穩定)
2025-07-20 22:22:33 [INFO] GripperOptimized:start:535 - 夾爪模組已啟動 - CASE優化模式
2025-07-20 22:22:33 [INFO] GripperOptimized:start:536 - 配置: 20ms穩定循環, 50ms狀態更新, 專注PGC夾爪
2025-07-20 22:22:33 [INFO] GripperOptimized:start:537 - 優化功能: 狀態緩存, 批量讀取, 性能監控, 完整日誌
2025-07-20 22:22:33 [INFO] GripperOptimized:connect_main_server:174 - 主服務器連接成功: 127.0.0.1:502
2025-07-20 22:22:33 [INFO] GripperOptimized:connect_rtu_devices:200 - RTU設備連接成功: COM3
2025-07-20 22:22:33 [WARNING] GripperOptimized:optimized_main_loop:518 - 主循環執行時間過長: 47.0ms
2025-07-20 22:22:34 [WARNING] GripperOptimized:optimized_main_loop:518 - 主循環執行時間過長: 32.8ms
2025-07-20 22:22:35 [WARNING] GripperOptimized:optimized_main_loop:518 - 主循環執行時間過長: 33.4ms
2025-07-20 22:22:36 [WARNING] GripperOptimized:optimized_main_loop:518 - 主循環執行時間過長: 33.6ms
2025-07-20 22:22:37 [WARNING] GripperOptimized:optimized_main_loop:518 - 主循環執行時間過長: 31.1ms
2025-07-20 22:22:38 [WARNING] GripperOptimized:optimized_main_loop:518 - 主循環執行時間過長: 33.3ms
2025-07-20 22:22:38 [INFO] GripperOptimized:stop:547 - 正在停止夾爪模組...
2025-07-20 22:22:39 [INFO] GripperOptimized:stop:568 - 最終性能統計:
2025-07-20 22:22:39 [INFO] GripperOptimized:stop:569 -   總運行時間: 5.6秒
2025-07-20 22:22:39 [INFO] GripperOptimized:stop:570 -   總循環次數: 257
2025-07-20 22:22:39 [INFO] GripperOptimized:stop:571 -   總指令數: 0
2025-07-20 22:22:39 [INFO] GripperOptimized:stop:572 -   總錯誤數: 0
2025-07-20 22:22:39 [INFO] GripperOptimized:stop:573 -   平均循環時間: 5.7ms
2025-07-20 22:22:39 [INFO] GripperOptimized:stop:574 -   最大循環時間: 47.0ms
2025-07-20 22:22:39 [INFO] GripperOptimized:stop:575 -   平均響應時間: 0.0ms
2025-07-20 22:22:39 [INFO] GripperOptimized:stop:577 - 夾爪模組已停止
2025-07-20 22:23:01 [INFO] GripperOptimized:__init__:66 - 夾爪模組啟動 - 優化版本 - 基地址: 500-539
2025-07-20 22:23:01 [INFO] GripperOptimized:__init__:67 - 性能參數: 主循環=20.0ms, 狀態更新=10.0ms
2025-07-20 22:23:01 [INFO] GripperOptimized:fast_loop:438 - 夾爪主循環啟動 - 高性能模式
2025-07-20 22:23:01 [INFO] GripperOptimized:start:509 - 夾爪模組已啟動 - 高性能模式
2025-07-20 22:23:01 [INFO] GripperOptimized:connect_main_server:158 - 主服務器連接成功: 127.0.0.1:502
2025-07-20 22:23:01 [INFO] GripperOptimized:connect_rtu_devices:183 - RTU設備連接成功: COM3
2025-07-20 22:23:01 [WARNING] GripperOptimized:fast_loop:492 - 主循環執行時間過長: 47.5ms
2025-07-20 22:23:03 [WARNING] GripperOptimized:fast_loop:492 - 主循環執行時間過長: 33.1ms
2025-07-20 22:23:04 [WARNING] GripperOptimized:fast_loop:492 - 主循環執行時間過長: 32.7ms
2025-07-20 22:23:05 [WARNING] GripperOptimized:fast_loop:492 - 主循環執行時間過長: 31.3ms
2025-07-20 22:23:06 [WARNING] GripperOptimized:fast_loop:492 - 主循環執行時間過長: 33.4ms
2025-07-20 22:23:07 [WARNING] GripperOptimized:fast_loop:492 - 主循環執行時間過長: 34.2ms
2025-07-20 22:23:08 [WARNING] GripperOptimized:fast_loop:492 - 主循環執行時間過長: 34.3ms
2025-07-20 22:23:09 [WARNING] GripperOptimized:fast_loop:492 - 主循環執行時間過長: 32.3ms
2025-07-20 22:23:12 [WARNING] GripperOptimized:fast_loop:492 - 主循環執行時間過長: 31.0ms
2025-07-20 22:23:13 [WARNING] GripperOptimized:fast_loop:492 - 主循環執行時間過長: 34.3ms
2025-07-20 22:23:14 [WARNING] GripperOptimized:fast_loop:492 - 主循環執行時間過長: 37.6ms
2025-07-20 22:23:15 [WARNING] GripperOptimized:fast_loop:492 - 主循環執行時間過長: 35.7ms
2025-07-20 22:23:16 [WARNING] GripperOptimized:fast_loop:492 - 主循環執行時間過長: 30.2ms
2025-07-20 22:23:17 [WARNING] GripperOptimized:fast_loop:492 - 主循環執行時間過長: 36.0ms
2025-07-20 22:23:18 [WARNING] GripperOptimized:fast_loop:492 - 主循環執行時間過長: 30.2ms
2025-07-20 22:23:19 [WARNING] GripperOptimized:fast_loop:492 - 主循環執行時間過長: 37.0ms
2025-07-20 22:23:20 [WARNING] GripperOptimized:fast_loop:492 - 主循環執行時間過長: 35.5ms
2025-07-20 22:23:21 [WARNING] GripperOptimized:fast_loop:492 - 主循環執行時間過長: 34.8ms
2025-07-20 22:23:22 [INFO] GripperOptimized:fast_loop:484 - 性能統計: 循環=1000, 平均耗時=13.5ms, 最大耗時=47.5ms, 指令數=0
2025-07-20 22:23:22 [WARNING] GripperOptimized:fast_loop:492 - 主循環執行時間過長: 35.9ms
2025-07-20 22:23:24 [WARNING] GripperOptimized:fast_loop:492 - 主循環執行時間過長: 31.1ms
2025-07-20 22:23:24 [INFO] GripperOptimized:stop:519 - 正在停止夾爪模組...
2025-07-20 22:23:24 [ERROR] GripperOptimized:read_gripper_status:273 - PGC狀態讀取異常: ClearCommError failed (OSError(9, '控制代碼無效。', None, 6))
Traceback (most recent call last):
  File "c:\Users\user\Documents\GitHub\DobotDR\Automation\Gripper\Gripper.py", line 250, in read_gripper_status
    result = self.rtu_client.read_holding_registers(address=0x0200, count=3, slave=unit_id)
             ^^^^^^^^^^^^^^^^^^^^^^^^^^^^^^^^^^^^^^^^^^^^^^^^^^^^^^^^^^^^^^^^^^^^^^^^^^^^^^
  File "C:\Users\user\anaconda3\envs\ROBOT\Lib\site-packages\pymodbus\client\mixin.py", line 113, in read_holding_registers
    return self.execute(no_response_expected, pdu_reg.ReadHoldingRegistersRequest(address=address, count=count, dev_id=slave))
           ^^^^^^^^^^^^^^^^^^^^^^^^^^^^^^^^^^^^^^^^^^^^^^^^^^^^^^^^^^^^^^^^^^^^^^^^^^^^^^^^^^^^^^^^^^^^^^^^^^^^^^^^^^^^^^^^^^^
  File "C:\Users\user\anaconda3\envs\ROBOT\Lib\site-packages\pymodbus\client\base.py", line 203, in execute
    return self.transaction.sync_execute(no_response_expected, request)
           ^^^^^^^^^^^^^^^^^^^^^^^^^^^^^^^^^^^^^^^^^^^^^^^^^^^^^^^^^^^^
  File "C:\Users\user\anaconda3\envs\ROBOT\Lib\site-packages\pymodbus\transaction\transaction.py", line 136, in sync_execute
    return self.sync_get_response(request.dev_id)
           ^^^^^^^^^^^^^^^^^^^^^^^^^^^^^^^^^^^^^^
  File "C:\Users\user\anaconda3\envs\ROBOT\Lib\site-packages\pymodbus\transaction\transaction.py", line 86, in sync_get_response
    if not (data := self.sync_client.recv(None)):
                    ^^^^^^^^^^^^^^^^^^^^^^^^^^^
  File "C:\Users\user\anaconda3\envs\ROBOT\Lib\site-packages\pymodbus\client\serial.py", line 302, in recv
    size = self._wait_for_data()
           ^^^^^^^^^^^^^^^^^^^^^
  File "C:\Users\user\anaconda3\envs\ROBOT\Lib\site-packages\pymodbus\client\serial.py", line 288, in _wait_for_data
    available = self._in_waiting()
                ^^^^^^^^^^^^^^^^^^
  File "C:\Users\user\anaconda3\envs\ROBOT\Lib\site-packages\pymodbus\client\serial.py", line 262, in _in_waiting
    return getattr(self.socket, "in_waiting") if hasattr(self.socket, "in_waiting") else getattr(self.socket, "inWaiting")()
                                                 ^^^^^^^^^^^^^^^^^^^^^^^^^^^^^^^^^^
  File "C:\Users\user\anaconda3\envs\ROBOT\Lib\site-packages\serial\serialwin32.py", line 259, in in_waiting
    raise SerialException("ClearCommError failed ({!r})".format(ctypes.WinError()))
serial.serialutil.SerialException: ClearCommError failed (OSError(9, '控制代碼無效。', None, 6))
2025-07-20 22:23:25 [INFO] GripperOptimized:stop:528 - 最終性能統計: 總循環=1113, 總指令=0, 總錯誤=0
2025-07-20 22:23:25 [INFO] GripperOptimized:stop:532 - 夾爪模組已停止
2025-07-20 22:23:31 [INFO] GripperOptimized:__init__:66 - 夾爪模組啟動 - 優化版本 - 基地址: 500-539
2025-07-20 22:23:31 [INFO] GripperOptimized:__init__:67 - 性能參數: 主循環=20.0ms, 狀態更新=10.0ms
2025-07-20 22:23:31 [INFO] GripperOptimized:fast_loop:438 - 夾爪主循環啟動 - 高性能模式
2025-07-20 22:23:31 [INFO] GripperOptimized:start:509 - 夾爪模組已啟動 - 高性能模式
2025-07-20 22:23:31 [INFO] GripperOptimized:connect_main_server:158 - 主服務器連接成功: 127.0.0.1:502
2025-07-20 22:23:31 [INFO] GripperOptimized:connect_rtu_devices:183 - RTU設備連接成功: COM3
2025-07-20 22:23:31 [WARNING] GripperOptimized:fast_loop:492 - 主循環執行時間過長: 53.0ms
2025-07-20 22:23:33 [WARNING] GripperOptimized:fast_loop:492 - 主循環執行時間過長: 30.7ms
2025-07-20 22:23:34 [WARNING] GripperOptimized:fast_loop:492 - 主循環執行時間過長: 37.2ms
2025-07-20 22:23:35 [WARNING] GripperOptimized:fast_loop:492 - 主循環執行時間過長: 31.6ms
2025-07-20 22:23:36 [WARNING] GripperOptimized:fast_loop:492 - 主循環執行時間過長: 35.9ms
2025-07-20 22:23:37 [WARNING] GripperOptimized:fast_loop:492 - 主循環執行時間過長: 34.2ms
2025-07-20 22:23:38 [WARNING] GripperOptimized:fast_loop:492 - 主循環執行時間過長: 34.4ms
2025-07-20 22:23:40 [WARNING] GripperOptimized:fast_loop:492 - 主循環執行時間過長: 31.4ms
2025-07-20 22:23:41 [WARNING] GripperOptimized:fast_loop:492 - 主循環執行時間過長: 30.0ms
2025-07-20 22:23:42 [WARNING] GripperOptimized:fast_loop:492 - 主循環執行時間過長: 32.1ms
2025-07-20 22:23:43 [WARNING] GripperOptimized:fast_loop:492 - 主循環執行時間過長: 31.2ms
2025-07-20 22:23:47 [WARNING] GripperOptimized:fast_loop:492 - 主循環執行時間過長: 33.9ms
2025-07-20 22:23:48 [WARNING] GripperOptimized:fast_loop:492 - 主循環執行時間過長: 34.5ms
2025-07-20 22:23:49 [WARNING] GripperOptimized:fast_loop:492 - 主循環執行時間過長: 34.5ms
2025-07-20 22:23:49 [INFO] GripperOptimized:stop:519 - 正在停止夾爪模組...
2025-07-20 22:23:49 [INFO] GripperOptimized:stop:528 - 最終性能統計: 總循環=855, 總指令=0, 總錯誤=0
2025-07-20 22:23:49 [INFO] GripperOptimized:stop:532 - 夾爪模組已停止
2025-07-20 22:24:14 [INFO] GripperOptimized:__init__:66 - 夾爪模組啟動 - 優化版本 - 基地址: 500-539
2025-07-20 22:24:14 [INFO] GripperOptimized:__init__:67 - 性能參數: 主循環=20.0ms, 狀態更新=10.0ms
2025-07-20 22:24:14 [INFO] GripperOptimized:fast_loop:438 - 夾爪主循環啟動 - 高性能模式
2025-07-20 22:24:14 [INFO] GripperOptimized:start:509 - 夾爪模組已啟動 - 高性能模式
2025-07-20 22:24:14 [INFO] GripperOptimized:connect_main_server:158 - 主服務器連接成功: 127.0.0.1:502
2025-07-20 22:24:14 [INFO] GripperOptimized:connect_rtu_devices:183 - RTU設備連接成功: COM3
2025-07-20 22:24:14 [WARNING] GripperOptimized:fast_loop:492 - 主循環執行時間過長: 62.6ms
2025-07-20 22:24:15 [WARNING] GripperOptimized:fast_loop:492 - 主循環執行時間過長: 31.0ms
2025-07-20 22:24:16 [WARNING] GripperOptimized:fast_loop:492 - 主循環執行時間過長: 31.0ms
2025-07-20 22:24:18 [INFO] GripperOptimized:process_commands:412 - 收到PGC指令: 代碼=8, 參數1=0, 參數2=0, ID=54043
2025-07-20 22:24:18 [INFO] GripperOptimized:process_commands:418 - PGC指令執行成功
2025-07-20 22:24:18 [WARNING] GripperOptimized:fast_loop:492 - 主循環執行時間過長: 38.0ms
2025-07-20 22:24:19 [INFO] GripperOptimized:process_commands:412 - 收到PGC指令: 代碼=7, 參數1=0, 參數2=0, ID=54793
2025-07-20 22:24:19 [INFO] GripperOptimized:process_commands:418 - PGC指令執行成功
2025-07-20 22:24:19 [WARNING] GripperOptimized:fast_loop:492 - 主循環執行時間過長: 48.1ms
2025-07-20 22:24:19 [WARNING] GripperOptimized:fast_loop:492 - 主循環執行時間過長: 31.2ms
2025-07-20 22:24:20 [INFO] GripperOptimized:process_commands:412 - 收到PGC指令: 代碼=8, 參數1=0, 參數2=0, ID=56114
2025-07-20 22:24:20 [INFO] GripperOptimized:process_commands:418 - PGC指令執行成功
2025-07-20 22:24:20 [WARNING] GripperOptimized:fast_loop:492 - 主循環執行時間過長: 40.6ms
2025-07-20 22:24:22 [INFO] GripperOptimized:process_commands:412 - 收到PGC指令: 代碼=7, 參數1=0, 參數2=0, ID=57358
2025-07-20 22:24:22 [INFO] GripperOptimized:process_commands:418 - PGC指令執行成功
2025-07-20 22:24:22 [WARNING] GripperOptimized:fast_loop:492 - 主循環執行時間過長: 42.6ms
2025-07-20 22:24:23 [INFO] GripperOptimized:process_commands:412 - 收到PGC指令: 代碼=8, 參數1=0, 參數2=0, ID=58372
2025-07-20 22:24:23 [INFO] GripperOptimized:process_commands:418 - PGC指令執行成功
2025-07-20 22:24:23 [WARNING] GripperOptimized:fast_loop:492 - 主循環執行時間過長: 43.1ms
2025-07-20 22:24:25 [WARNING] GripperOptimized:fast_loop:492 - 主循環執行時間過長: 32.5ms
2025-07-20 22:24:26 [WARNING] GripperOptimized:fast_loop:492 - 主循環執行時間過長: 31.7ms
2025-07-20 22:24:27 [WARNING] GripperOptimized:fast_loop:492 - 主循環執行時間過長: 34.9ms
2025-07-20 22:24:28 [WARNING] GripperOptimized:fast_loop:492 - 主循環執行時間過長: 35.2ms
2025-07-20 22:24:29 [WARNING] GripperOptimized:fast_loop:492 - 主循環執行時間過長: 31.2ms
2025-07-20 22:24:31 [WARNING] GripperOptimized:fast_loop:492 - 主循環執行時間過長: 37.1ms
2025-07-20 22:24:32 [WARNING] GripperOptimized:fast_loop:492 - 主循環執行時間過長: 34.2ms
2025-07-20 22:24:33 [WARNING] GripperOptimized:fast_loop:492 - 主循環執行時間過長: 33.4ms
2025-07-20 22:24:34 [WARNING] GripperOptimized:fast_loop:492 - 主循環執行時間過長: 35.2ms
2025-07-20 22:24:35 [INFO] GripperOptimized:fast_loop:484 - 性能統計: 循環=1000, 平均耗時=12.7ms, 最大耗時=62.6ms, 指令數=5
2025-07-20 22:24:35 [WARNING] GripperOptimized:fast_loop:492 - 主循環執行時間過長: 34.4ms
2025-07-20 22:24:36 [WARNING] GripperOptimized:fast_loop:492 - 主循環執行時間過長: 30.4ms
2025-07-20 22:24:37 [WARNING] GripperOptimized:fast_loop:492 - 主循環執行時間過長: 32.2ms
2025-07-20 22:24:38 [WARNING] GripperOptimized:fast_loop:492 - 主循環執行時間過長: 31.1ms
2025-07-20 22:24:40 [WARNING] GripperOptimized:fast_loop:492 - 主循環執行時間過長: 31.7ms
2025-07-20 22:24:41 [WARNING] GripperOptimized:fast_loop:492 - 主循環執行時間過長: 30.0ms
2025-07-20 22:24:42 [WARNING] GripperOptimized:fast_loop:492 - 主循環執行時間過長: 36.1ms
2025-07-20 22:24:43 [WARNING] GripperOptimized:fast_loop:492 - 主循環執行時間過長: 31.1ms
2025-07-20 22:24:45 [WARNING] GripperOptimized:fast_loop:492 - 主循環執行時間過長: 34.4ms
2025-07-20 22:24:47 [WARNING] GripperOptimized:fast_loop:492 - 主循環執行時間過長: 38.2ms
2025-07-20 22:24:48 [WARNING] GripperOptimized:fast_loop:492 - 主循環執行時間過長: 32.6ms
2025-07-20 22:24:50 [WARNING] GripperOptimized:fast_loop:492 - 主循環執行時間過長: 34.7ms
2025-07-20 22:24:51 [WARNING] GripperOptimized:fast_loop:492 - 主循環執行時間過長: 33.8ms
2025-07-20 22:24:52 [WARNING] GripperOptimized:fast_loop:492 - 主循環執行時間過長: 30.4ms
2025-07-20 22:24:53 [WARNING] GripperOptimized:fast_loop:492 - 主循環執行時間過長: 34.5ms
2025-07-20 22:24:54 [WARNING] GripperOptimized:fast_loop:492 - 主循環執行時間過長: 36.1ms
2025-07-20 22:24:55 [WARNING] GripperOptimized:fast_loop:492 - 主循環執行時間過長: 37.1ms
2025-07-20 22:24:56 [INFO] GripperOptimized:fast_loop:484 - 性能統計: 循環=2000, 平均耗時=13.0ms, 最大耗時=62.6ms, 指令數=5
2025-07-20 22:24:56 [WARNING] GripperOptimized:fast_loop:492 - 主循環執行時間過長: 36.4ms
2025-07-20 22:24:57 [WARNING] GripperOptimized:fast_loop:492 - 主循環執行時間過長: 30.9ms
2025-07-20 22:24:59 [WARNING] GripperOptimized:fast_loop:492 - 主循環執行時間過長: 31.1ms
2025-07-20 22:25:00 [WARNING] GripperOptimized:fast_loop:492 - 主循環執行時間過長: 34.3ms
2025-07-20 22:25:02 [WARNING] GripperOptimized:fast_loop:492 - 主循環執行時間過長: 30.7ms
2025-07-20 22:25:03 [WARNING] GripperOptimized:fast_loop:492 - 主循環執行時間過長: 33.1ms
2025-07-20 22:25:04 [WARNING] GripperOptimized:fast_loop:492 - 主循環執行時間過長: 32.9ms
2025-07-20 22:25:06 [WARNING] GripperOptimized:fast_loop:492 - 主循環執行時間過長: 33.1ms
2025-07-20 22:25:07 [WARNING] GripperOptimized:fast_loop:492 - 主循環執行時間過長: 38.1ms
2025-07-20 22:25:09 [WARNING] GripperOptimized:fast_loop:492 - 主循環執行時間過長: 34.0ms
2025-07-20 22:25:10 [WARNING] GripperOptimized:fast_loop:492 - 主循環執行時間過長: 34.7ms
2025-07-20 22:25:11 [WARNING] GripperOptimized:fast_loop:492 - 主循環執行時間過長: 30.5ms
2025-07-20 22:25:12 [WARNING] GripperOptimized:fast_loop:492 - 主循環執行時間過長: 34.0ms
2025-07-20 22:25:13 [WARNING] GripperOptimized:fast_loop:492 - 主循環執行時間過長: 30.5ms
2025-07-20 22:25:14 [WARNING] GripperOptimized:fast_loop:492 - 主循環執行時間過長: 35.3ms
2025-07-20 22:25:15 [WARNING] GripperOptimized:fast_loop:492 - 主循環執行時間過長: 33.4ms
2025-07-20 22:25:16 [WARNING] GripperOptimized:fast_loop:492 - 主循環執行時間過長: 36.7ms
2025-07-20 22:25:17 [INFO] GripperOptimized:fast_loop:484 - 性能統計: 循環=3000, 平均耗時=14.2ms, 最大耗時=62.6ms, 指令數=5
2025-07-20 22:25:17 [WARNING] GripperOptimized:fast_loop:492 - 主循環執行時間過長: 30.6ms
2025-07-20 22:25:19 [WARNING] GripperOptimized:fast_loop:492 - 主循環執行時間過長: 32.7ms
2025-07-20 22:25:20 [WARNING] GripperOptimized:fast_loop:492 - 主循環執行時間過長: 36.2ms
2025-07-20 22:25:23 [WARNING] GripperOptimized:fast_loop:492 - 主循環執行時間過長: 31.2ms
2025-07-20 22:25:24 [WARNING] GripperOptimized:fast_loop:492 - 主循環執行時間過長: 32.6ms
2025-07-20 22:25:25 [WARNING] GripperOptimized:fast_loop:492 - 主循環執行時間過長: 38.0ms
2025-07-20 22:25:26 [WARNING] GripperOptimized:fast_loop:492 - 主循環執行時間過長: 33.3ms
2025-07-20 22:25:27 [WARNING] GripperOptimized:fast_loop:492 - 主循環執行時間過長: 33.6ms
2025-07-20 22:25:28 [WARNING] GripperOptimized:fast_loop:492 - 主循環執行時間過長: 34.3ms
2025-07-20 22:25:29 [WARNING] GripperOptimized:fast_loop:492 - 主循環執行時間過長: 33.6ms
2025-07-20 22:25:30 [WARNING] GripperOptimized:fast_loop:492 - 主循環執行時間過長: 34.7ms
2025-07-20 22:25:32 [WARNING] GripperOptimized:fast_loop:492 - 主循環執行時間過長: 37.3ms
2025-07-20 22:25:33 [WARNING] GripperOptimized:fast_loop:492 - 主循環執行時間過長: 33.7ms
2025-07-20 22:25:34 [WARNING] GripperOptimized:fast_loop:492 - 主循環執行時間過長: 33.5ms
2025-07-20 22:25:35 [WARNING] GripperOptimized:fast_loop:492 - 主循環執行時間過長: 31.7ms
2025-07-20 22:25:36 [WARNING] GripperOptimized:fast_loop:492 - 主循環執行時間過長: 35.2ms
2025-07-20 22:25:38 [WARNING] GripperOptimized:fast_loop:492 - 主循環執行時間過長: 38.1ms
2025-07-20 22:25:39 [INFO] GripperOptimized:fast_loop:484 - 性能統計: 循環=4000, 平均耗時=14.3ms, 最大耗時=62.6ms, 指令數=5
2025-07-20 22:25:39 [WARNING] GripperOptimized:fast_loop:492 - 主循環執行時間過長: 30.5ms
2025-07-20 22:25:40 [WARNING] GripperOptimized:fast_loop:492 - 主循環執行時間過長: 35.4ms
2025-07-20 22:25:41 [WARNING] GripperOptimized:fast_loop:492 - 主循環執行時間過長: 31.4ms
2025-07-20 22:25:42 [WARNING] GripperOptimized:fast_loop:492 - 主循環執行時間過長: 32.2ms
2025-07-20 22:25:43 [WARNING] GripperOptimized:fast_loop:492 - 主循環執行時間過長: 36.8ms
2025-07-20 22:25:46 [WARNING] GripperOptimized:fast_loop:492 - 主循環執行時間過長: 37.2ms
2025-07-20 22:25:47 [WARNING] GripperOptimized:fast_loop:492 - 主循環執行時間過長: 36.9ms
2025-07-20 22:25:48 [WARNING] GripperOptimized:fast_loop:492 - 主循環執行時間過長: 33.7ms
2025-07-20 22:25:49 [WARNING] GripperOptimized:fast_loop:492 - 主循環執行時間過長: 34.8ms
2025-07-20 22:25:51 [WARNING] GripperOptimized:fast_loop:492 - 主循環執行時間過長: 30.7ms
2025-07-20 22:25:52 [WARNING] GripperOptimized:fast_loop:492 - 主循環執行時間過長: 36.5ms
2025-07-20 22:25:53 [WARNING] GripperOptimized:fast_loop:492 - 主循環執行時間過長: 31.4ms
2025-07-20 22:25:56 [WARNING] GripperOptimized:fast_loop:492 - 主循環執行時間過長: 31.2ms
2025-07-20 22:26:00 [INFO] GripperOptimized:fast_loop:484 - 性能統計: 循環=5000, 平均耗時=14.0ms, 最大耗時=62.6ms, 指令數=5
2025-07-20 22:26:00 [WARNING] GripperOptimized:fast_loop:492 - 主循環執行時間過長: 36.4ms
2025-07-20 22:26:01 [WARNING] GripperOptimized:fast_loop:492 - 主循環執行時間過長: 36.7ms
2025-07-20 22:26:02 [WARNING] GripperOptimized:fast_loop:492 - 主循環執行時間過長: 36.1ms
2025-07-20 22:26:04 [WARNING] GripperOptimized:fast_loop:492 - 主循環執行時間過長: 34.0ms
2025-07-20 22:26:05 [WARNING] GripperOptimized:fast_loop:492 - 主循環執行時間過長: 34.8ms
2025-07-20 22:26:06 [WARNING] GripperOptimized:fast_loop:492 - 主循環執行時間過長: 34.9ms
2025-07-20 22:26:07 [WARNING] GripperOptimized:fast_loop:492 - 主循環執行時間過長: 36.1ms
2025-07-20 22:26:10 [WARNING] GripperOptimized:fast_loop:492 - 主循環執行時間過長: 33.8ms
2025-07-20 22:26:11 [WARNING] GripperOptimized:fast_loop:492 - 主循環執行時間過長: 36.8ms
2025-07-20 22:26:18 [WARNING] GripperOptimized:fast_loop:492 - 主循環執行時間過長: 31.7ms
2025-07-20 22:26:19 [WARNING] GripperOptimized:fast_loop:492 - 主循環執行時間過長: 34.7ms
2025-07-20 22:26:21 [INFO] GripperOptimized:fast_loop:484 - 性能統計: 循環=6000, 平均耗時=13.8ms, 最大耗時=62.6ms, 指令數=5
2025-07-20 22:26:21 [WARNING] GripperOptimized:fast_loop:492 - 主循環執行時間過長: 33.5ms
2025-07-20 22:26:22 [WARNING] GripperOptimized:fast_loop:492 - 主循環執行時間過長: 31.1ms
2025-07-20 22:26:23 [WARNING] GripperOptimized:fast_loop:492 - 主循環執行時間過長: 35.1ms
2025-07-20 22:26:25 [WARNING] GripperOptimized:fast_loop:492 - 主循環執行時間過長: 32.4ms
2025-07-20 22:26:26 [WARNING] GripperOptimized:fast_loop:492 - 主循環執行時間過長: 37.7ms
2025-07-20 22:26:27 [WARNING] GripperOptimized:fast_loop:492 - 主循環執行時間過長: 31.8ms
2025-07-20 22:26:28 [WARNING] GripperOptimized:fast_loop:492 - 主循環執行時間過長: 30.7ms
2025-07-20 22:26:29 [WARNING] GripperOptimized:fast_loop:492 - 主循環執行時間過長: 32.6ms
2025-07-20 22:26:31 [WARNING] GripperOptimized:fast_loop:492 - 主循環執行時間過長: 33.1ms
2025-07-20 22:26:32 [WARNING] GripperOptimized:fast_loop:492 - 主循環執行時間過長: 34.0ms
2025-07-20 22:26:33 [WARNING] GripperOptimized:fast_loop:492 - 主循環執行時間過長: 33.2ms
2025-07-20 22:26:34 [WARNING] GripperOptimized:fast_loop:492 - 主循環執行時間過長: 33.3ms
2025-07-20 22:26:37 [WARNING] GripperOptimized:fast_loop:492 - 主循環執行時間過長: 31.2ms
2025-07-20 22:26:39 [WARNING] GripperOptimized:fast_loop:492 - 主循環執行時間過長: 30.9ms
2025-07-20 22:26:40 [WARNING] GripperOptimized:fast_loop:492 - 主循環執行時間過長: 31.0ms
2025-07-20 22:26:41 [WARNING] GripperOptimized:fast_loop:492 - 主循環執行時間過長: 36.4ms
2025-07-20 22:26:42 [INFO] GripperOptimized:fast_loop:484 - 性能統計: 循環=7000, 平均耗時=14.2ms, 最大耗時=62.6ms, 指令數=5
2025-07-20 22:26:43 [WARNING] GripperOptimized:fast_loop:492 - 主循環執行時間過長: 33.2ms
2025-07-20 22:26:44 [WARNING] GripperOptimized:fast_loop:492 - 主循環執行時間過長: 34.4ms
2025-07-20 22:26:46 [WARNING] GripperOptimized:fast_loop:492 - 主循環執行時間過長: 32.9ms
2025-07-20 22:26:47 [WARNING] GripperOptimized:fast_loop:492 - 主循環執行時間過長: 37.3ms
2025-07-20 22:26:48 [WARNING] GripperOptimized:fast_loop:492 - 主循環執行時間過長: 30.4ms
2025-07-20 22:26:49 [WARNING] GripperOptimized:fast_loop:492 - 主循環執行時間過長: 33.4ms
2025-07-20 22:26:50 [WARNING] GripperOptimized:fast_loop:492 - 主循環執行時間過長: 32.6ms
2025-07-20 22:26:51 [WARNING] GripperOptimized:fast_loop:492 - 主循環執行時間過長: 33.8ms
2025-07-20 22:26:53 [WARNING] GripperOptimized:fast_loop:492 - 主循環執行時間過長: 32.1ms
2025-07-20 22:26:54 [WARNING] GripperOptimized:fast_loop:492 - 主循環執行時間過長: 32.7ms
2025-07-20 22:26:55 [WARNING] GripperOptimized:fast_loop:492 - 主循環執行時間過長: 32.8ms
2025-07-20 22:26:56 [WARNING] GripperOptimized:fast_loop:492 - 主循環執行時間過長: 30.6ms
2025-07-20 22:26:58 [WARNING] GripperOptimized:fast_loop:492 - 主循環執行時間過長: 31.0ms
2025-07-20 22:26:59 [WARNING] GripperOptimized:fast_loop:492 - 主循環執行時間過長: 36.6ms
2025-07-20 22:27:00 [WARNING] GripperOptimized:fast_loop:492 - 主循環執行時間過長: 32.4ms
2025-07-20 22:27:01 [WARNING] GripperOptimized:fast_loop:492 - 主循環執行時間過長: 30.9ms
2025-07-20 22:27:03 [INFO] GripperOptimized:fast_loop:484 - 性能統計: 循環=8000, 平均耗時=13.2ms, 最大耗時=62.6ms, 指令數=5
2025-07-20 22:27:04 [WARNING] GripperOptimized:fast_loop:492 - 主循環執行時間過長: 32.2ms
2025-07-20 22:27:05 [WARNING] GripperOptimized:fast_loop:492 - 主循環執行時間過長: 32.4ms
2025-07-20 22:27:06 [WARNING] GripperOptimized:fast_loop:492 - 主循環執行時間過長: 32.1ms
2025-07-20 22:27:07 [WARNING] GripperOptimized:fast_loop:492 - 主循環執行時間過長: 34.6ms
2025-07-20 22:27:08 [WARNING] GripperOptimized:fast_loop:492 - 主循環執行時間過長: 38.1ms
2025-07-20 22:27:09 [WARNING] GripperOptimized:fast_loop:492 - 主循環執行時間過長: 34.1ms
2025-07-20 22:27:11 [WARNING] GripperOptimized:fast_loop:492 - 主循環執行時間過長: 33.8ms
2025-07-20 22:27:14 [WARNING] GripperOptimized:fast_loop:492 - 主循環執行時間過長: 32.6ms
2025-07-20 22:27:15 [WARNING] GripperOptimized:fast_loop:492 - 主循環執行時間過長: 30.7ms
2025-07-20 22:27:18 [WARNING] GripperOptimized:fast_loop:492 - 主循環執行時間過長: 31.0ms
2025-07-20 22:27:19 [WARNING] GripperOptimized:fast_loop:492 - 主循環執行時間過長: 37.1ms
2025-07-20 22:27:20 [WARNING] GripperOptimized:fast_loop:492 - 主循環執行時間過長: 33.8ms
2025-07-20 22:27:21 [WARNING] GripperOptimized:fast_loop:492 - 主循環執行時間過長: 32.2ms
2025-07-20 22:27:22 [WARNING] GripperOptimized:fast_loop:492 - 主循環執行時間過長: 34.5ms
2025-07-20 22:27:23 [WARNING] GripperOptimized:fast_loop:492 - 主循環執行時間過長: 33.3ms
2025-07-20 22:27:24 [INFO] GripperOptimized:fast_loop:484 - 性能統計: 循環=9000, 平均耗時=13.0ms, 最大耗時=62.6ms, 指令數=5
2025-07-20 22:27:24 [WARNING] GripperOptimized:fast_loop:492 - 主循環執行時間過長: 32.6ms
2025-07-20 22:27:25 [WARNING] GripperOptimized:fast_loop:492 - 主循環執行時間過長: 34.7ms
2025-07-20 22:27:26 [WARNING] GripperOptimized:fast_loop:492 - 主循環執行時間過長: 35.4ms
2025-07-20 22:27:27 [WARNING] GripperOptimized:fast_loop:492 - 主循環執行時間過長: 34.1ms
2025-07-20 22:27:29 [WARNING] GripperOptimized:fast_loop:492 - 主循環執行時間過長: 35.7ms
2025-07-20 22:27:30 [WARNING] GripperOptimized:fast_loop:492 - 主循環執行時間過長: 32.7ms
2025-07-20 22:27:31 [WARNING] GripperOptimized:fast_loop:492 - 主循環執行時間過長: 33.2ms
2025-07-20 22:27:32 [WARNING] GripperOptimized:fast_loop:492 - 主循環執行時間過長: 31.1ms
2025-07-20 22:27:33 [WARNING] GripperOptimized:fast_loop:492 - 主循環執行時間過長: 33.1ms
2025-07-20 22:27:34 [WARNING] GripperOptimized:fast_loop:492 - 主循環執行時間過長: 35.0ms
2025-07-20 22:27:36 [WARNING] GripperOptimized:fast_loop:492 - 主循環執行時間過長: 35.7ms
2025-07-20 22:27:38 [WARNING] GripperOptimized:fast_loop:492 - 主循環執行時間過長: 34.7ms
2025-07-20 22:27:39 [WARNING] GripperOptimized:fast_loop:492 - 主循環執行時間過長: 33.4ms
2025-07-20 22:27:40 [WARNING] GripperOptimized:fast_loop:492 - 主循環執行時間過長: 32.9ms
2025-07-20 22:27:41 [WARNING] GripperOptimized:fast_loop:492 - 主循環執行時間過長: 33.0ms
2025-07-20 22:27:43 [WARNING] GripperOptimized:fast_loop:492 - 主循環執行時間過長: 33.1ms
2025-07-20 22:27:44 [WARNING] GripperOptimized:fast_loop:492 - 主循環執行時間過長: 31.9ms
2025-07-20 22:27:45 [INFO] GripperOptimized:fast_loop:484 - 性能統計: 循環=10000, 平均耗時=13.0ms, 最大耗時=62.6ms, 指令數=5
2025-07-20 22:27:45 [WARNING] GripperOptimized:fast_loop:492 - 主循環執行時間過長: 35.0ms
2025-07-20 22:27:47 [WARNING] GripperOptimized:fast_loop:492 - 主循環執行時間過長: 32.2ms
2025-07-20 22:27:48 [WARNING] GripperOptimized:fast_loop:492 - 主循環執行時間過長: 33.5ms
2025-07-20 22:27:50 [WARNING] GripperOptimized:fast_loop:492 - 主循環執行時間過長: 30.5ms
2025-07-20 22:27:53 [WARNING] GripperOptimized:fast_loop:492 - 主循環執行時間過長: 34.9ms
2025-07-20 22:27:54 [WARNING] GripperOptimized:fast_loop:492 - 主循環執行時間過長: 34.5ms
2025-07-20 22:27:56 [WARNING] GripperOptimized:fast_loop:492 - 主循環執行時間過長: 33.8ms
2025-07-20 22:27:58 [WARNING] GripperOptimized:fast_loop:492 - 主循環執行時間過長: 34.1ms
2025-07-20 22:27:59 [WARNING] GripperOptimized:fast_loop:492 - 主循環執行時間過長: 35.3ms
2025-07-20 22:28:00 [WARNING] GripperOptimized:fast_loop:492 - 主循環執行時間過長: 32.1ms
2025-07-20 22:28:01 [WARNING] GripperOptimized:fast_loop:492 - 主循環執行時間過長: 34.6ms
2025-07-20 22:28:03 [WARNING] GripperOptimized:fast_loop:492 - 主循環執行時間過長: 30.2ms
2025-07-20 22:28:04 [WARNING] GripperOptimized:fast_loop:492 - 主循環執行時間過長: 32.9ms
2025-07-20 22:28:06 [INFO] GripperOptimized:fast_loop:484 - 性能統計: 循環=11000, 平均耗時=13.8ms, 最大耗時=62.6ms, 指令數=5
2025-07-20 22:28:07 [WARNING] GripperOptimized:fast_loop:492 - 主循環執行時間過長: 35.5ms
2025-07-20 22:28:09 [WARNING] GripperOptimized:fast_loop:492 - 主循環執行時間過長: 30.2ms
2025-07-20 22:28:10 [WARNING] GripperOptimized:fast_loop:492 - 主循環執行時間過長: 31.7ms
2025-07-20 22:28:11 [WARNING] GripperOptimized:fast_loop:492 - 主循環執行時間過長: 33.3ms
2025-07-20 22:28:12 [WARNING] GripperOptimized:fast_loop:492 - 主循環執行時間過長: 38.7ms
2025-07-20 22:28:14 [WARNING] GripperOptimized:fast_loop:492 - 主循環執行時間過長: 33.6ms
2025-07-20 22:28:15 [WARNING] GripperOptimized:fast_loop:492 - 主循環執行時間過長: 33.3ms
2025-07-20 22:28:17 [WARNING] GripperOptimized:fast_loop:492 - 主循環執行時間過長: 37.0ms
2025-07-20 22:28:18 [WARNING] GripperOptimized:fast_loop:492 - 主循環執行時間過長: 34.7ms
2025-07-20 22:28:20 [WARNING] GripperOptimized:fast_loop:492 - 主循環執行時間過長: 37.0ms
2025-07-20 22:28:21 [WARNING] GripperOptimized:fast_loop:492 - 主循環執行時間過長: 35.2ms
2025-07-20 22:28:22 [WARNING] GripperOptimized:fast_loop:492 - 主循環執行時間過長: 33.6ms
2025-07-20 22:28:24 [WARNING] GripperOptimized:fast_loop:492 - 主循環執行時間過長: 35.6ms
2025-07-20 22:28:25 [WARNING] GripperOptimized:fast_loop:492 - 主循環執行時間過長: 35.6ms
2025-07-20 22:28:26 [WARNING] GripperOptimized:fast_loop:492 - 主循環執行時間過長: 33.2ms
2025-07-20 22:28:27 [INFO] GripperOptimized:fast_loop:484 - 性能統計: 循環=12000, 平均耗時=14.0ms, 最大耗時=62.6ms, 指令數=5
2025-07-20 22:28:28 [WARNING] GripperOptimized:fast_loop:492 - 主循環執行時間過長: 34.0ms
2025-07-20 22:28:32 [WARNING] GripperOptimized:fast_loop:492 - 主循環執行時間過長: 35.1ms
2025-07-20 22:28:36 [WARNING] GripperOptimized:fast_loop:492 - 主循環執行時間過長: 37.9ms
2025-07-20 22:28:38 [WARNING] GripperOptimized:fast_loop:492 - 主循環執行時間過長: 34.9ms
2025-07-20 22:28:39 [WARNING] GripperOptimized:fast_loop:492 - 主循環執行時間過長: 32.4ms
2025-07-20 22:28:40 [WARNING] GripperOptimized:fast_loop:492 - 主循環執行時間過長: 31.1ms
2025-07-20 22:28:41 [WARNING] GripperOptimized:fast_loop:492 - 主循環執行時間過長: 35.3ms
2025-07-20 22:28:43 [WARNING] GripperOptimized:fast_loop:492 - 主循環執行時間過長: 35.0ms
2025-07-20 22:28:45 [WARNING] GripperOptimized:fast_loop:492 - 主循環執行時間過長: 31.2ms
2025-07-20 22:28:46 [WARNING] GripperOptimized:fast_loop:492 - 主循環執行時間過長: 36.2ms
2025-07-20 22:28:47 [WARNING] GripperOptimized:fast_loop:492 - 主循環執行時間過長: 35.8ms
2025-07-20 22:28:48 [INFO] GripperOptimized:fast_loop:484 - 性能統計: 循環=13000, 平均耗時=13.4ms, 最大耗時=62.6ms, 指令數=5
2025-07-20 22:28:48 [WARNING] GripperOptimized:fast_loop:492 - 主循環執行時間過長: 33.7ms
2025-07-20 22:28:49 [WARNING] GripperOptimized:fast_loop:492 - 主循環執行時間過長: 30.4ms
2025-07-20 22:28:51 [WARNING] GripperOptimized:fast_loop:492 - 主循環執行時間過長: 34.3ms
2025-07-20 22:28:53 [WARNING] GripperOptimized:fast_loop:492 - 主循環執行時間過長: 35.6ms
2025-07-20 22:28:54 [WARNING] GripperOptimized:fast_loop:492 - 主循環執行時間過長: 32.0ms
2025-07-20 22:28:55 [WARNING] GripperOptimized:fast_loop:492 - 主循環執行時間過長: 32.1ms
2025-07-20 22:28:56 [WARNING] GripperOptimized:fast_loop:492 - 主循環執行時間過長: 36.2ms
2025-07-20 22:28:58 [WARNING] GripperOptimized:fast_loop:492 - 主循環執行時間過長: 32.7ms
2025-07-20 22:28:59 [WARNING] GripperOptimized:fast_loop:492 - 主循環執行時間過長: 36.7ms
2025-07-20 22:29:00 [WARNING] GripperOptimized:fast_loop:492 - 主循環執行時間過長: 32.3ms
2025-07-20 22:29:01 [WARNING] GripperOptimized:fast_loop:492 - 主循環執行時間過長: 32.7ms
2025-07-20 22:29:02 [WARNING] GripperOptimized:fast_loop:492 - 主循環執行時間過長: 34.2ms
2025-07-20 22:29:03 [WARNING] GripperOptimized:fast_loop:492 - 主循環執行時間過長: 34.0ms
2025-07-20 22:29:04 [WARNING] GripperOptimized:fast_loop:492 - 主循環執行時間過長: 35.6ms
2025-07-20 22:29:05 [WARNING] GripperOptimized:fast_loop:492 - 主循環執行時間過長: 33.2ms
2025-07-20 22:29:06 [WARNING] GripperOptimized:fast_loop:492 - 主循環執行時間過長: 31.4ms
2025-07-20 22:29:07 [WARNING] GripperOptimized:fast_loop:492 - 主循環執行時間過長: 32.0ms
2025-07-20 22:29:09 [INFO] GripperOptimized:fast_loop:484 - 性能統計: 循環=14000, 平均耗時=14.8ms, 最大耗時=62.6ms, 指令數=5
2025-07-20 22:29:09 [WARNING] GripperOptimized:fast_loop:492 - 主循環執行時間過長: 31.8ms
2025-07-20 22:29:10 [WARNING] GripperOptimized:fast_loop:492 - 主循環執行時間過長: 34.4ms
2025-07-20 22:29:11 [WARNING] GripperOptimized:fast_loop:492 - 主循環執行時間過長: 36.9ms
2025-07-20 22:29:12 [WARNING] GripperOptimized:fast_loop:492 - 主循環執行時間過長: 33.2ms
2025-07-20 22:29:13 [WARNING] GripperOptimized:fast_loop:492 - 主循環執行時間過長: 30.3ms
2025-07-20 22:29:14 [WARNING] GripperOptimized:fast_loop:492 - 主循環執行時間過長: 34.5ms
2025-07-20 22:29:15 [WARNING] GripperOptimized:fast_loop:492 - 主循環執行時間過長: 35.2ms
2025-07-20 22:29:17 [WARNING] GripperOptimized:fast_loop:492 - 主循環執行時間過長: 36.5ms
2025-07-20 22:29:18 [WARNING] GripperOptimized:fast_loop:492 - 主循環執行時間過長: 34.1ms
2025-07-20 22:29:19 [WARNING] GripperOptimized:fast_loop:492 - 主循環執行時間過長: 32.9ms
2025-07-20 22:29:20 [WARNING] GripperOptimized:fast_loop:492 - 主循環執行時間過長: 31.7ms
2025-07-20 22:29:22 [WARNING] GripperOptimized:fast_loop:492 - 主循環執行時間過長: 30.9ms
2025-07-20 22:29:23 [WARNING] GripperOptimized:fast_loop:492 - 主循環執行時間過長: 34.7ms
2025-07-20 22:29:24 [WARNING] GripperOptimized:fast_loop:492 - 主循環執行時間過長: 33.1ms
2025-07-20 22:29:25 [WARNING] GripperOptimized:fast_loop:492 - 主循環執行時間過長: 32.6ms
2025-07-20 22:29:26 [WARNING] GripperOptimized:fast_loop:492 - 主循環執行時間過長: 31.7ms
2025-07-20 22:29:27 [WARNING] GripperOptimized:fast_loop:492 - 主循環執行時間過長: 36.7ms
2025-07-20 22:29:28 [WARNING] GripperOptimized:fast_loop:492 - 主循環執行時間過長: 31.2ms
2025-07-20 22:29:29 [WARNING] GripperOptimized:fast_loop:492 - 主循環執行時間過長: 33.4ms
2025-07-20 22:29:30 [INFO] GripperOptimized:fast_loop:484 - 性能統計: 循環=15000, 平均耗時=13.5ms, 最大耗時=62.6ms, 指令數=5
2025-07-20 22:29:30 [WARNING] GripperOptimized:fast_loop:492 - 主循環執行時間過長: 33.8ms
2025-07-20 22:29:31 [WARNING] GripperOptimized:fast_loop:492 - 主循環執行時間過長: 37.0ms
2025-07-20 22:29:32 [WARNING] GripperOptimized:fast_loop:492 - 主循環執行時間過長: 38.1ms
2025-07-20 22:29:33 [WARNING] GripperOptimized:fast_loop:492 - 主循環執行時間過長: 35.1ms
2025-07-20 22:29:36 [WARNING] GripperOptimized:fast_loop:492 - 主循環執行時間過長: 33.2ms
2025-07-20 22:29:37 [WARNING] GripperOptimized:fast_loop:492 - 主循環執行時間過長: 31.2ms
2025-07-20 22:29:38 [WARNING] GripperOptimized:fast_loop:492 - 主循環執行時間過長: 33.3ms
2025-07-20 22:29:39 [WARNING] GripperOptimized:fast_loop:492 - 主循環執行時間過長: 31.8ms
2025-07-20 22:29:40 [WARNING] GripperOptimized:fast_loop:492 - 主循環執行時間過長: 31.7ms
2025-07-20 22:29:41 [WARNING] GripperOptimized:fast_loop:492 - 主循環執行時間過長: 33.7ms
2025-07-20 22:29:42 [WARNING] GripperOptimized:fast_loop:492 - 主循環執行時間過長: 32.1ms
2025-07-20 22:29:43 [WARNING] GripperOptimized:fast_loop:492 - 主循環執行時間過長: 33.5ms
2025-07-20 22:29:44 [WARNING] GripperOptimized:fast_loop:492 - 主循環執行時間過長: 34.6ms
2025-07-20 22:29:45 [WARNING] GripperOptimized:fast_loop:492 - 主循環執行時間過長: 31.7ms
2025-07-20 22:29:46 [WARNING] GripperOptimized:fast_loop:492 - 主循環執行時間過長: 36.2ms
2025-07-20 22:29:47 [WARNING] GripperOptimized:fast_loop:492 - 主循環執行時間過長: 31.6ms
2025-07-20 22:29:48 [WARNING] GripperOptimized:fast_loop:492 - 主循環執行時間過長: 33.7ms
2025-07-20 22:29:49 [WARNING] GripperOptimized:fast_loop:492 - 主循環執行時間過長: 33.0ms
2025-07-20 22:29:50 [WARNING] GripperOptimized:fast_loop:492 - 主循環執行時間過長: 34.5ms
2025-07-20 22:29:51 [INFO] GripperOptimized:fast_loop:484 - 性能統計: 循環=16000, 平均耗時=14.0ms, 最大耗時=62.6ms, 指令數=5
2025-07-20 22:29:52 [WARNING] GripperOptimized:fast_loop:492 - 主循環執行時間過長: 31.1ms
2025-07-20 22:29:55 [WARNING] GripperOptimized:fast_loop:492 - 主循環執行時間過長: 33.7ms
2025-07-20 22:29:57 [WARNING] GripperOptimized:fast_loop:492 - 主循環執行時間過長: 30.2ms
2025-07-20 22:29:58 [WARNING] GripperOptimized:fast_loop:492 - 主循環執行時間過長: 38.1ms
2025-07-20 22:29:59 [WARNING] GripperOptimized:fast_loop:492 - 主循環執行時間過長: 33.2ms
2025-07-20 22:30:00 [WARNING] GripperOptimized:fast_loop:492 - 主循環執行時間過長: 33.1ms
2025-07-20 22:30:01 [WARNING] GripperOptimized:fast_loop:492 - 主循環執行時間過長: 37.5ms
2025-07-20 22:30:02 [WARNING] GripperOptimized:fast_loop:492 - 主循環執行時間過長: 35.5ms
2025-07-20 22:30:03 [WARNING] GripperOptimized:fast_loop:492 - 主循環執行時間過長: 34.8ms
2025-07-20 22:30:04 [WARNING] GripperOptimized:fast_loop:492 - 主循環執行時間過長: 34.2ms
2025-07-20 22:30:05 [WARNING] GripperOptimized:fast_loop:492 - 主循環執行時間過長: 35.3ms
2025-07-20 22:30:07 [WARNING] GripperOptimized:fast_loop:492 - 主循環執行時間過長: 34.3ms
2025-07-20 22:30:08 [WARNING] GripperOptimized:fast_loop:492 - 主循環執行時間過長: 36.8ms
2025-07-20 22:30:10 [WARNING] GripperOptimized:fast_loop:492 - 主循環執行時間過長: 36.0ms
2025-07-20 22:30:11 [WARNING] GripperOptimized:fast_loop:492 - 主循環執行時間過長: 32.0ms
2025-07-20 22:30:12 [INFO] GripperOptimized:fast_loop:484 - 性能統計: 循環=17000, 平均耗時=14.0ms, 最大耗時=62.6ms, 指令數=5
2025-07-20 22:30:12 [WARNING] GripperOptimized:fast_loop:492 - 主循環執行時間過長: 36.2ms
2025-07-20 22:30:13 [WARNING] GripperOptimized:fast_loop:492 - 主循環執行時間過長: 36.8ms
2025-07-20 22:30:15 [WARNING] GripperOptimized:fast_loop:492 - 主循環執行時間過長: 31.1ms
2025-07-20 22:30:16 [WARNING] GripperOptimized:fast_loop:492 - 主循環執行時間過長: 35.7ms
2025-07-20 22:30:17 [WARNING] GripperOptimized:fast_loop:492 - 主循環執行時間過長: 35.0ms
2025-07-20 22:30:18 [WARNING] GripperOptimized:fast_loop:492 - 主循環執行時間過長: 33.6ms
2025-07-20 22:30:20 [WARNING] GripperOptimized:fast_loop:492 - 主循環執行時間過長: 30.4ms
2025-07-20 22:30:21 [WARNING] GripperOptimized:fast_loop:492 - 主循環執行時間過長: 31.6ms
2025-07-20 22:30:23 [WARNING] GripperOptimized:fast_loop:492 - 主循環執行時間過長: 36.5ms
2025-07-20 22:30:24 [WARNING] GripperOptimized:fast_loop:492 - 主循環執行時間過長: 35.7ms
2025-07-20 22:30:25 [WARNING] GripperOptimized:fast_loop:492 - 主循環執行時間過長: 31.2ms
2025-07-20 22:30:27 [WARNING] GripperOptimized:fast_loop:492 - 主循環執行時間過長: 32.3ms
2025-07-20 22:30:28 [WARNING] GripperOptimized:fast_loop:492 - 主循環執行時間過長: 37.1ms
2025-07-20 22:30:29 [WARNING] GripperOptimized:fast_loop:492 - 主循環執行時間過長: 32.2ms
2025-07-20 22:30:30 [WARNING] GripperOptimized:fast_loop:492 - 主循環執行時間過長: 32.6ms
2025-07-20 22:30:31 [WARNING] GripperOptimized:fast_loop:492 - 主循環執行時間過長: 32.0ms
2025-07-20 22:30:32 [WARNING] GripperOptimized:fast_loop:492 - 主循環執行時間過長: 31.7ms
2025-07-20 22:30:33 [INFO] GripperOptimized:fast_loop:484 - 性能統計: 循環=18000, 平均耗時=13.8ms, 最大耗時=62.6ms, 指令數=5
2025-07-20 22:30:35 [WARNING] GripperOptimized:fast_loop:492 - 主循環執行時間過長: 35.6ms
2025-07-20 22:30:36 [WARNING] GripperOptimized:fast_loop:492 - 主循環執行時間過長: 36.6ms
2025-07-20 22:30:37 [WARNING] GripperOptimized:fast_loop:492 - 主循環執行時間過長: 35.6ms
2025-07-20 22:30:38 [WARNING] GripperOptimized:fast_loop:492 - 主循環執行時間過長: 31.8ms
2025-07-20 22:30:39 [WARNING] GripperOptimized:fast_loop:492 - 主循環執行時間過長: 35.7ms
2025-07-20 22:30:40 [WARNING] GripperOptimized:fast_loop:492 - 主循環執行時間過長: 33.2ms
2025-07-20 22:30:42 [WARNING] GripperOptimized:fast_loop:492 - 主循環執行時間過長: 34.9ms
2025-07-20 22:30:43 [WARNING] GripperOptimized:fast_loop:492 - 主循環執行時間過長: 33.9ms
2025-07-20 22:30:44 [WARNING] GripperOptimized:fast_loop:492 - 主循環執行時間過長: 30.1ms
2025-07-20 22:30:45 [WARNING] GripperOptimized:fast_loop:492 - 主循環執行時間過長: 36.6ms
2025-07-20 22:30:46 [WARNING] GripperOptimized:fast_loop:492 - 主循環執行時間過長: 33.7ms
2025-07-20 22:30:47 [WARNING] GripperOptimized:fast_loop:492 - 主循環執行時間過長: 30.2ms
2025-07-20 22:30:48 [WARNING] GripperOptimized:fast_loop:492 - 主循環執行時間過長: 35.2ms
2025-07-20 22:30:49 [WARNING] GripperOptimized:fast_loop:492 - 主循環執行時間過長: 33.7ms
2025-07-20 22:30:50 [WARNING] GripperOptimized:fast_loop:492 - 主循環執行時間過長: 35.7ms
2025-07-20 22:30:51 [WARNING] GripperOptimized:fast_loop:492 - 主循環執行時間過長: 34.7ms
2025-07-20 22:30:54 [WARNING] GripperOptimized:fast_loop:492 - 主循環執行時間過長: 30.1ms
2025-07-20 22:30:55 [INFO] GripperOptimized:fast_loop:484 - 性能統計: 循環=19000, 平均耗時=13.8ms, 最大耗時=62.6ms, 指令數=5
2025-07-20 22:30:56 [WARNING] GripperOptimized:fast_loop:492 - 主循環執行時間過長: 36.3ms
2025-07-20 22:30:57 [WARNING] GripperOptimized:fast_loop:492 - 主循環執行時間過長: 35.0ms
2025-07-20 22:30:58 [WARNING] GripperOptimized:fast_loop:492 - 主循環執行時間過長: 37.7ms
2025-07-20 22:31:00 [WARNING] GripperOptimized:fast_loop:492 - 主循環執行時間過長: 33.2ms
2025-07-20 22:31:02 [WARNING] GripperOptimized:fast_loop:492 - 主循環執行時間過長: 36.2ms
2025-07-20 22:31:03 [WARNING] GripperOptimized:fast_loop:492 - 主循環執行時間過長: 36.7ms
2025-07-20 22:31:04 [WARNING] GripperOptimized:fast_loop:492 - 主循環執行時間過長: 33.3ms
2025-07-20 22:31:06 [WARNING] GripperOptimized:fast_loop:492 - 主循環執行時間過長: 35.6ms
2025-07-20 22:31:07 [WARNING] GripperOptimized:fast_loop:492 - 主循環執行時間過長: 33.7ms
2025-07-20 22:31:08 [WARNING] GripperOptimized:fast_loop:492 - 主循環執行時間過長: 32.5ms
2025-07-20 22:31:09 [WARNING] GripperOptimized:fast_loop:492 - 主循環執行時間過長: 36.2ms
2025-07-20 22:31:10 [WARNING] GripperOptimized:fast_loop:492 - 主循環執行時間過長: 35.2ms
2025-07-20 22:31:11 [WARNING] GripperOptimized:fast_loop:492 - 主循環執行時間過長: 31.8ms
2025-07-20 22:31:15 [WARNING] GripperOptimized:fast_loop:492 - 主循環執行時間過長: 33.7ms
2025-07-20 22:31:16 [INFO] GripperOptimized:fast_loop:484 - 性能統計: 循環=20000, 平均耗時=12.9ms, 最大耗時=62.6ms, 指令數=5
2025-07-20 22:31:16 [WARNING] GripperOptimized:fast_loop:492 - 主循環執行時間過長: 33.7ms
2025-07-20 22:31:17 [WARNING] GripperOptimized:fast_loop:492 - 主循環執行時間過長: 35.0ms
2025-07-20 22:31:18 [WARNING] GripperOptimized:fast_loop:492 - 主循環執行時間過長: 35.2ms
2025-07-20 22:31:19 [WARNING] GripperOptimized:fast_loop:492 - 主循環執行時間過長: 32.2ms
2025-07-20 22:31:20 [WARNING] GripperOptimized:fast_loop:492 - 主循環執行時間過長: 37.7ms
2025-07-20 22:31:21 [WARNING] GripperOptimized:fast_loop:492 - 主循環執行時間過長: 33.7ms
2025-07-20 22:31:23 [WARNING] GripperOptimized:fast_loop:492 - 主循環執行時間過長: 34.8ms
2025-07-20 22:31:24 [WARNING] GripperOptimized:fast_loop:492 - 主循環執行時間過長: 30.1ms
2025-07-20 22:31:25 [WARNING] GripperOptimized:fast_loop:492 - 主循環執行時間過長: 36.8ms
2025-07-20 22:31:26 [WARNING] GripperOptimized:fast_loop:492 - 主循環執行時間過長: 35.1ms
2025-07-20 22:31:27 [WARNING] GripperOptimized:fast_loop:492 - 主循環執行時間過長: 36.2ms
2025-07-20 22:31:28 [WARNING] GripperOptimized:fast_loop:492 - 主循環執行時間過長: 30.7ms
2025-07-20 22:31:29 [WARNING] GripperOptimized:fast_loop:492 - 主循環執行時間過長: 32.4ms
2025-07-20 22:31:30 [WARNING] GripperOptimized:fast_loop:492 - 主循環執行時間過長: 32.6ms
2025-07-20 22:31:34 [WARNING] GripperOptimized:fast_loop:492 - 主循環執行時間過長: 32.8ms
2025-07-20 22:31:35 [WARNING] GripperOptimized:fast_loop:492 - 主循環執行時間過長: 31.2ms
2025-07-20 22:31:36 [WARNING] GripperOptimized:fast_loop:492 - 主循環執行時間過長: 37.5ms
2025-07-20 22:31:37 [INFO] GripperOptimized:fast_loop:484 - 性能統計: 循環=21000, 平均耗時=13.6ms, 最大耗時=62.6ms, 指令數=5
2025-07-20 22:31:37 [WARNING] GripperOptimized:fast_loop:492 - 主循環執行時間過長: 36.9ms
2025-07-20 22:31:38 [WARNING] GripperOptimized:fast_loop:492 - 主循環執行時間過長: 33.6ms
2025-07-20 22:31:39 [WARNING] GripperOptimized:fast_loop:492 - 主循環執行時間過長: 34.7ms
2025-07-20 22:31:40 [WARNING] GripperOptimized:fast_loop:492 - 主循環執行時間過長: 30.7ms
2025-07-20 22:31:43 [WARNING] GripperOptimized:fast_loop:492 - 主循環執行時間過長: 32.2ms
2025-07-20 22:31:44 [WARNING] GripperOptimized:fast_loop:492 - 主循環執行時間過長: 32.2ms
2025-07-20 22:31:45 [WARNING] GripperOptimized:fast_loop:492 - 主循環執行時間過長: 34.3ms
2025-07-20 22:31:46 [WARNING] GripperOptimized:fast_loop:492 - 主循環執行時間過長: 31.6ms
2025-07-20 22:31:47 [WARNING] GripperOptimized:fast_loop:492 - 主循環執行時間過長: 34.8ms
2025-07-20 22:31:48 [WARNING] GripperOptimized:fast_loop:492 - 主循環執行時間過長: 36.8ms
2025-07-20 22:31:50 [WARNING] GripperOptimized:fast_loop:492 - 主循環執行時間過長: 37.3ms
2025-07-20 22:31:54 [WARNING] GripperOptimized:fast_loop:492 - 主循環執行時間過長: 32.2ms
2025-07-20 22:31:55 [WARNING] GripperOptimized:fast_loop:492 - 主循環執行時間過長: 34.6ms
2025-07-20 22:31:56 [WARNING] GripperOptimized:fast_loop:492 - 主循環執行時間過長: 31.2ms
2025-07-20 22:31:57 [WARNING] GripperOptimized:fast_loop:492 - 主循環執行時間過長: 36.8ms
2025-07-20 22:31:58 [INFO] GripperOptimized:fast_loop:484 - 性能統計: 循環=22000, 平均耗時=13.0ms, 最大耗時=62.6ms, 指令數=5
2025-07-20 22:31:58 [WARNING] GripperOptimized:fast_loop:492 - 主循環執行時間過長: 33.1ms
2025-07-20 22:32:00 [WARNING] GripperOptimized:fast_loop:492 - 主循環執行時間過長: 36.5ms
2025-07-20 22:32:01 [WARNING] GripperOptimized:fast_loop:492 - 主循環執行時間過長: 34.6ms
2025-07-20 22:32:02 [WARNING] GripperOptimized:fast_loop:492 - 主循環執行時間過長: 34.6ms
2025-07-20 22:32:03 [WARNING] GripperOptimized:fast_loop:492 - 主循環執行時間過長: 36.2ms
2025-07-20 22:32:04 [WARNING] GripperOptimized:fast_loop:492 - 主循環執行時間過長: 30.7ms
2025-07-20 22:32:05 [WARNING] GripperOptimized:fast_loop:492 - 主循環執行時間過長: 33.6ms
2025-07-20 22:32:06 [WARNING] GripperOptimized:fast_loop:492 - 主循環執行時間過長: 32.2ms
2025-07-20 22:32:07 [WARNING] GripperOptimized:fast_loop:492 - 主循環執行時間過長: 35.2ms
2025-07-20 22:32:08 [WARNING] GripperOptimized:fast_loop:492 - 主循環執行時間過長: 33.3ms
2025-07-20 22:32:09 [WARNING] GripperOptimized:fast_loop:492 - 主循環執行時間過長: 35.8ms
2025-07-20 22:32:10 [WARNING] GripperOptimized:fast_loop:492 - 主循環執行時間過長: 35.7ms
2025-07-20 22:32:11 [WARNING] GripperOptimized:fast_loop:492 - 主循環執行時間過長: 32.7ms
2025-07-20 22:32:13 [WARNING] GripperOptimized:fast_loop:492 - 主循環執行時間過長: 33.6ms
2025-07-20 22:32:14 [WARNING] GripperOptimized:fast_loop:492 - 主循環執行時間過長: 38.3ms
2025-07-20 22:32:15 [WARNING] GripperOptimized:fast_loop:492 - 主循環執行時間過長: 30.2ms
2025-07-20 22:32:16 [WARNING] GripperOptimized:fast_loop:492 - 主循環執行時間過長: 34.2ms
2025-07-20 22:32:17 [WARNING] GripperOptimized:fast_loop:492 - 主循環執行時間過長: 34.8ms
2025-07-20 22:32:18 [WARNING] GripperOptimized:fast_loop:492 - 主循環執行時間過長: 32.6ms
2025-07-20 22:32:19 [INFO] GripperOptimized:fast_loop:484 - 性能統計: 循環=23000, 平均耗時=14.2ms, 最大耗時=62.6ms, 指令數=5
2025-07-20 22:32:20 [WARNING] GripperOptimized:fast_loop:492 - 主循環執行時間過長: 35.2ms
2025-07-20 22:32:21 [WARNING] GripperOptimized:fast_loop:492 - 主循環執行時間過長: 36.1ms
2025-07-20 22:32:22 [WARNING] GripperOptimized:fast_loop:492 - 主循環執行時間過長: 34.7ms
2025-07-20 22:32:23 [WARNING] GripperOptimized:fast_loop:492 - 主循環執行時間過長: 36.6ms
2025-07-20 22:32:24 [WARNING] GripperOptimized:fast_loop:492 - 主循環執行時間過長: 36.0ms
2025-07-20 22:32:25 [WARNING] GripperOptimized:fast_loop:492 - 主循環執行時間過長: 37.2ms
2025-07-20 22:32:29 [WARNING] GripperOptimized:fast_loop:492 - 主循環執行時間過長: 37.2ms
2025-07-20 22:32:30 [WARNING] GripperOptimized:fast_loop:492 - 主循環執行時間過長: 34.0ms
2025-07-20 22:32:31 [WARNING] GripperOptimized:fast_loop:492 - 主循環執行時間過長: 35.5ms
2025-07-20 22:32:34 [WARNING] GripperOptimized:fast_loop:492 - 主循環執行時間過長: 35.8ms
2025-07-20 22:32:35 [WARNING] GripperOptimized:fast_loop:492 - 主循環執行時間過長: 32.1ms
2025-07-20 22:32:39 [WARNING] GripperOptimized:fast_loop:492 - 主循環執行時間過長: 36.7ms
2025-07-20 22:32:40 [INFO] GripperOptimized:fast_loop:484 - 性能統計: 循環=24000, 平均耗時=14.4ms, 最大耗時=62.6ms, 指令數=5
2025-07-20 22:32:40 [WARNING] GripperOptimized:fast_loop:492 - 主循環執行時間過長: 32.3ms
2025-07-20 22:32:41 [WARNING] GripperOptimized:fast_loop:492 - 主循環執行時間過長: 30.7ms
2025-07-20 22:32:42 [WARNING] GripperOptimized:fast_loop:492 - 主循環執行時間過長: 35.7ms
2025-07-20 22:32:43 [WARNING] GripperOptimized:fast_loop:492 - 主循環執行時間過長: 36.0ms
2025-07-20 22:32:44 [WARNING] GripperOptimized:fast_loop:492 - 主循環執行時間過長: 33.7ms
2025-07-20 22:32:45 [WARNING] GripperOptimized:fast_loop:492 - 主循環執行時間過長: 35.8ms
2025-07-20 22:32:46 [WARNING] GripperOptimized:fast_loop:492 - 主循環執行時間過長: 32.2ms
2025-07-20 22:32:47 [WARNING] GripperOptimized:fast_loop:492 - 主循環執行時間過長: 33.2ms
2025-07-20 22:32:49 [WARNING] GripperOptimized:fast_loop:492 - 主循環執行時間過長: 34.2ms
2025-07-20 22:32:50 [WARNING] GripperOptimized:fast_loop:492 - 主循環執行時間過長: 36.7ms
2025-07-20 22:32:52 [WARNING] GripperOptimized:fast_loop:492 - 主循環執行時間過長: 33.4ms
2025-07-20 22:32:53 [WARNING] GripperOptimized:fast_loop:492 - 主循環執行時間過長: 34.0ms
2025-07-20 22:32:54 [WARNING] GripperOptimized:fast_loop:492 - 主循環執行時間過長: 32.0ms
2025-07-20 22:32:55 [WARNING] GripperOptimized:fast_loop:492 - 主循環執行時間過長: 31.8ms
2025-07-20 22:32:56 [WARNING] GripperOptimized:fast_loop:492 - 主循環執行時間過長: 32.0ms
2025-07-20 22:32:57 [WARNING] GripperOptimized:fast_loop:492 - 主循環執行時間過長: 35.1ms
2025-07-20 22:32:58 [WARNING] GripperOptimized:fast_loop:492 - 主循環執行時間過長: 34.5ms
2025-07-20 22:32:59 [WARNING] GripperOptimized:fast_loop:492 - 主循環執行時間過長: 34.3ms
2025-07-20 22:33:00 [WARNING] GripperOptimized:fast_loop:492 - 主循環執行時間過長: 34.2ms
2025-07-20 22:33:01 [INFO] GripperOptimized:fast_loop:484 - 性能統計: 循環=25000, 平均耗時=13.1ms, 最大耗時=62.6ms, 指令數=5
2025-07-20 22:33:02 [WARNING] GripperOptimized:fast_loop:492 - 主循環執行時間過長: 32.2ms
2025-07-20 22:33:04 [WARNING] GripperOptimized:fast_loop:492 - 主循環執行時間過長: 33.2ms
2025-07-20 22:33:05 [WARNING] GripperOptimized:fast_loop:492 - 主循環執行時間過長: 34.8ms
2025-07-20 22:33:06 [WARNING] GripperOptimized:fast_loop:492 - 主循環執行時間過長: 34.2ms
2025-07-20 22:33:07 [WARNING] GripperOptimized:fast_loop:492 - 主循環執行時間過長: 30.6ms
2025-07-20 22:33:08 [WARNING] GripperOptimized:fast_loop:492 - 主循環執行時間過長: 31.4ms
2025-07-20 22:33:09 [WARNING] GripperOptimized:fast_loop:492 - 主循環執行時間過長: 34.2ms
2025-07-20 22:33:10 [WARNING] GripperOptimized:fast_loop:492 - 主循環執行時間過長: 35.1ms
2025-07-20 22:33:12 [WARNING] GripperOptimized:fast_loop:492 - 主循環執行時間過長: 34.8ms
2025-07-20 22:33:13 [WARNING] GripperOptimized:fast_loop:492 - 主循環執行時間過長: 35.1ms
2025-07-20 22:33:14 [WARNING] GripperOptimized:fast_loop:492 - 主循環執行時間過長: 30.9ms
2025-07-20 22:33:15 [WARNING] GripperOptimized:fast_loop:492 - 主循環執行時間過長: 36.7ms
2025-07-20 22:33:16 [WARNING] GripperOptimized:fast_loop:492 - 主循環執行時間過長: 30.3ms
2025-07-20 22:33:18 [WARNING] GripperOptimized:fast_loop:492 - 主循環執行時間過長: 35.6ms
2025-07-20 22:33:21 [WARNING] GripperOptimized:fast_loop:492 - 主循環執行時間過長: 33.7ms
2025-07-20 22:33:22 [INFO] GripperOptimized:fast_loop:484 - 性能統計: 循環=26000, 平均耗時=14.1ms, 最大耗時=62.6ms, 指令數=5
2025-07-20 22:33:22 [WARNING] GripperOptimized:fast_loop:492 - 主循環執行時間過長: 31.8ms
2025-07-20 22:33:23 [WARNING] GripperOptimized:fast_loop:492 - 主循環執行時間過長: 31.7ms
2025-07-20 22:33:24 [WARNING] GripperOptimized:fast_loop:492 - 主循環執行時間過長: 33.7ms
2025-07-20 22:33:26 [WARNING] GripperOptimized:fast_loop:492 - 主循環執行時間過長: 35.9ms
2025-07-20 22:33:27 [WARNING] GripperOptimized:fast_loop:492 - 主循環執行時間過長: 37.7ms
2025-07-20 22:33:28 [WARNING] GripperOptimized:fast_loop:492 - 主循環執行時間過長: 33.3ms
2025-07-20 22:33:32 [WARNING] GripperOptimized:fast_loop:492 - 主循環執行時間過長: 30.2ms
2025-07-20 22:33:33 [WARNING] GripperOptimized:fast_loop:492 - 主循環執行時間過長: 33.7ms
2025-07-20 22:33:34 [WARNING] GripperOptimized:fast_loop:492 - 主循環執行時間過長: 33.3ms
2025-07-20 22:33:35 [WARNING] GripperOptimized:fast_loop:492 - 主循環執行時間過長: 33.5ms
2025-07-20 22:33:36 [WARNING] GripperOptimized:fast_loop:492 - 主循環執行時間過長: 32.9ms
2025-07-20 22:33:37 [WARNING] GripperOptimized:fast_loop:492 - 主循環執行時間過長: 35.7ms
2025-07-20 22:33:38 [WARNING] GripperOptimized:fast_loop:492 - 主循環執行時間過長: 31.3ms
2025-07-20 22:33:39 [WARNING] GripperOptimized:fast_loop:492 - 主循環執行時間過長: 32.7ms
2025-07-20 22:33:40 [WARNING] GripperOptimized:fast_loop:492 - 主循環執行時間過長: 32.1ms
2025-07-20 22:33:41 [WARNING] GripperOptimized:fast_loop:492 - 主循環執行時間過長: 34.2ms
2025-07-20 22:33:42 [WARNING] GripperOptimized:fast_loop:492 - 主循環執行時間過長: 36.8ms
2025-07-20 22:33:43 [INFO] GripperOptimized:fast_loop:484 - 性能統計: 循環=27000, 平均耗時=12.7ms, 最大耗時=62.6ms, 指令數=5
2025-07-20 22:33:43 [WARNING] GripperOptimized:fast_loop:492 - 主循環執行時間過長: 34.2ms
2025-07-20 22:33:44 [WARNING] GripperOptimized:fast_loop:492 - 主循環執行時間過長: 33.7ms
2025-07-20 22:33:45 [WARNING] GripperOptimized:fast_loop:492 - 主循環執行時間過長: 32.5ms
2025-07-20 22:33:46 [WARNING] GripperOptimized:fast_loop:492 - 主循環執行時間過長: 35.7ms
2025-07-20 22:33:47 [WARNING] GripperOptimized:fast_loop:492 - 主循環執行時間過長: 31.1ms
2025-07-20 22:33:48 [WARNING] GripperOptimized:fast_loop:492 - 主循環執行時間過長: 33.0ms
2025-07-20 22:33:49 [WARNING] GripperOptimized:fast_loop:492 - 主循環執行時間過長: 31.6ms
2025-07-20 22:33:51 [WARNING] GripperOptimized:fast_loop:492 - 主循環執行時間過長: 36.3ms
2025-07-20 22:33:53 [WARNING] GripperOptimized:fast_loop:492 - 主循環執行時間過長: 33.2ms
2025-07-20 22:33:55 [WARNING] GripperOptimized:fast_loop:492 - 主循環執行時間過長: 33.6ms
2025-07-20 22:33:56 [WARNING] GripperOptimized:fast_loop:492 - 主循環執行時間過長: 37.2ms
2025-07-20 22:33:57 [WARNING] GripperOptimized:fast_loop:492 - 主循環執行時間過長: 37.1ms
2025-07-20 22:33:58 [WARNING] GripperOptimized:fast_loop:492 - 主循環執行時間過長: 32.6ms
2025-07-20 22:33:59 [WARNING] GripperOptimized:fast_loop:492 - 主循環執行時間過長: 35.7ms
2025-07-20 22:34:01 [WARNING] GripperOptimized:fast_loop:492 - 主循環執行時間過長: 32.2ms
2025-07-20 22:34:02 [WARNING] GripperOptimized:fast_loop:492 - 主循環執行時間過長: 32.7ms
2025-07-20 22:34:03 [WARNING] GripperOptimized:fast_loop:492 - 主循環執行時間過長: 33.5ms
2025-07-20 22:34:04 [INFO] GripperOptimized:fast_loop:484 - 性能統計: 循環=28000, 平均耗時=14.1ms, 最大耗時=62.6ms, 指令數=5
2025-07-20 22:34:04 [WARNING] GripperOptimized:fast_loop:492 - 主循環執行時間過長: 32.6ms
2025-07-20 22:34:05 [WARNING] GripperOptimized:fast_loop:492 - 主循環執行時間過長: 30.2ms
2025-07-20 22:34:06 [WARNING] GripperOptimized:fast_loop:492 - 主循環執行時間過長: 37.3ms
2025-07-20 22:34:07 [WARNING] GripperOptimized:fast_loop:492 - 主循環執行時間過長: 38.2ms
2025-07-20 22:34:08 [WARNING] GripperOptimized:fast_loop:492 - 主循環執行時間過長: 34.2ms
2025-07-20 22:34:10 [WARNING] GripperOptimized:fast_loop:492 - 主循環執行時間過長: 37.3ms
2025-07-20 22:34:11 [WARNING] GripperOptimized:fast_loop:492 - 主循環執行時間過長: 31.7ms
2025-07-20 22:34:12 [WARNING] GripperOptimized:fast_loop:492 - 主循環執行時間過長: 32.6ms
2025-07-20 22:34:13 [WARNING] GripperOptimized:fast_loop:492 - 主循環執行時間過長: 35.0ms
2025-07-20 22:34:14 [WARNING] GripperOptimized:fast_loop:492 - 主循環執行時間過長: 32.7ms
2025-07-20 22:34:15 [WARNING] GripperOptimized:fast_loop:492 - 主循環執行時間過長: 34.6ms
2025-07-20 22:34:16 [WARNING] GripperOptimized:fast_loop:492 - 主循環執行時間過長: 35.5ms
2025-07-20 22:34:17 [WARNING] GripperOptimized:fast_loop:492 - 主循環執行時間過長: 36.5ms
2025-07-20 22:34:18 [WARNING] GripperOptimized:fast_loop:492 - 主循環執行時間過長: 30.1ms
2025-07-20 22:34:19 [WARNING] GripperOptimized:fast_loop:492 - 主循環執行時間過長: 34.9ms
2025-07-20 22:34:20 [WARNING] GripperOptimized:fast_loop:492 - 主循環執行時間過長: 30.4ms
2025-07-20 22:34:21 [WARNING] GripperOptimized:fast_loop:492 - 主循環執行時間過長: 32.2ms
2025-07-20 22:34:22 [WARNING] GripperOptimized:fast_loop:492 - 主循環執行時間過長: 31.2ms
2025-07-20 22:34:24 [WARNING] GripperOptimized:fast_loop:492 - 主循環執行時間過長: 36.6ms
2025-07-20 22:34:25 [INFO] GripperOptimized:fast_loop:484 - 性能統計: 循環=29000, 平均耗時=13.8ms, 最大耗時=62.6ms, 指令數=5
2025-07-20 22:34:25 [WARNING] GripperOptimized:fast_loop:492 - 主循環執行時間過長: 37.2ms
2025-07-20 22:34:26 [WARNING] GripperOptimized:fast_loop:492 - 主循環執行時間過長: 33.2ms
2025-07-20 22:34:27 [WARNING] GripperOptimized:fast_loop:492 - 主循環執行時間過長: 37.2ms
2025-07-20 22:34:28 [WARNING] GripperOptimized:fast_loop:492 - 主循環執行時間過長: 33.4ms
2025-07-20 22:34:31 [WARNING] GripperOptimized:fast_loop:492 - 主循環執行時間過長: 36.7ms
2025-07-20 22:34:33 [WARNING] GripperOptimized:fast_loop:492 - 主循環執行時間過長: 36.2ms
2025-07-20 22:34:34 [WARNING] GripperOptimized:fast_loop:492 - 主循環執行時間過長: 33.3ms
2025-07-20 22:34:35 [WARNING] GripperOptimized:fast_loop:492 - 主循環執行時間過長: 32.2ms
2025-07-20 22:34:36 [WARNING] GripperOptimized:fast_loop:492 - 主循環執行時間過長: 36.7ms
2025-07-20 22:34:38 [WARNING] GripperOptimized:fast_loop:492 - 主循環執行時間過長: 34.1ms
2025-07-20 22:34:39 [WARNING] GripperOptimized:fast_loop:492 - 主循環執行時間過長: 31.2ms
2025-07-20 22:34:42 [WARNING] GripperOptimized:fast_loop:492 - 主循環執行時間過長: 33.3ms
2025-07-20 22:34:44 [WARNING] GripperOptimized:fast_loop:492 - 主循環執行時間過長: 32.1ms
2025-07-20 22:34:46 [INFO] GripperOptimized:fast_loop:484 - 性能統計: 循環=30000, 平均耗時=13.7ms, 最大耗時=62.6ms, 指令數=5
2025-07-20 22:34:46 [WARNING] GripperOptimized:fast_loop:492 - 主循環執行時間過長: 32.2ms
2025-07-20 22:34:47 [WARNING] GripperOptimized:fast_loop:492 - 主循環執行時間過長: 37.2ms
2025-07-20 22:34:48 [WARNING] GripperOptimized:fast_loop:492 - 主循環執行時間過長: 36.2ms
2025-07-20 22:34:50 [WARNING] GripperOptimized:fast_loop:492 - 主循環執行時間過長: 34.2ms
2025-07-20 22:34:52 [WARNING] GripperOptimized:fast_loop:492 - 主循環執行時間過長: 36.4ms
2025-07-20 22:34:53 [WARNING] GripperOptimized:fast_loop:492 - 主循環執行時間過長: 34.0ms
2025-07-20 22:34:54 [WARNING] GripperOptimized:fast_loop:492 - 主循環執行時間過長: 33.7ms
2025-07-20 22:34:56 [WARNING] GripperOptimized:fast_loop:492 - 主循環執行時間過長: 33.2ms
2025-07-20 22:34:57 [WARNING] GripperOptimized:fast_loop:492 - 主循環執行時間過長: 34.7ms
2025-07-20 22:34:58 [WARNING] GripperOptimized:fast_loop:492 - 主循環執行時間過長: 32.2ms
2025-07-20 22:34:59 [WARNING] GripperOptimized:fast_loop:492 - 主循環執行時間過長: 33.7ms
2025-07-20 22:35:00 [WARNING] GripperOptimized:fast_loop:492 - 主循環執行時間過長: 33.7ms
2025-07-20 22:35:02 [WARNING] GripperOptimized:fast_loop:492 - 主循環執行時間過長: 35.7ms
2025-07-20 22:35:03 [WARNING] GripperOptimized:fast_loop:492 - 主循環執行時間過長: 30.3ms
2025-07-20 22:35:04 [WARNING] GripperOptimized:fast_loop:492 - 主循環執行時間過長: 35.2ms
2025-07-20 22:35:05 [WARNING] GripperOptimized:fast_loop:492 - 主循環執行時間過長: 33.4ms
2025-07-20 22:35:06 [WARNING] GripperOptimized:fast_loop:492 - 主循環執行時間過長: 31.7ms
2025-07-20 22:35:07 [INFO] GripperOptimized:fast_loop:484 - 性能統計: 循環=31000, 平均耗時=13.4ms, 最大耗時=62.6ms, 指令數=5
2025-07-20 22:35:07 [WARNING] GripperOptimized:fast_loop:492 - 主循環執行時間過長: 38.8ms
2025-07-20 22:35:09 [WARNING] GripperOptimized:fast_loop:492 - 主循環執行時間過長: 30.5ms
2025-07-20 22:35:10 [WARNING] GripperOptimized:fast_loop:492 - 主循環執行時間過長: 30.4ms
2025-07-20 22:35:11 [WARNING] GripperOptimized:fast_loop:492 - 主循環執行時間過長: 30.8ms
2025-07-20 22:35:12 [WARNING] GripperOptimized:fast_loop:492 - 主循環執行時間過長: 32.5ms
2025-07-20 22:35:16 [WARNING] GripperOptimized:fast_loop:492 - 主循環執行時間過長: 37.8ms
2025-07-20 22:35:17 [WARNING] GripperOptimized:fast_loop:492 - 主循環執行時間過長: 30.6ms
2025-07-20 22:35:19 [WARNING] GripperOptimized:fast_loop:492 - 主循環執行時間過長: 33.9ms
2025-07-20 22:35:20 [WARNING] GripperOptimized:fast_loop:492 - 主循環執行時間過長: 37.2ms
2025-07-20 22:35:21 [WARNING] GripperOptimized:fast_loop:492 - 主循環執行時間過長: 36.9ms
2025-07-20 22:35:22 [WARNING] GripperOptimized:fast_loop:492 - 主循環執行時間過長: 32.8ms
2025-07-20 22:35:23 [WARNING] GripperOptimized:fast_loop:492 - 主循環執行時間過長: 33.6ms
2025-07-20 22:35:24 [WARNING] GripperOptimized:fast_loop:492 - 主循環執行時間過長: 36.6ms
2025-07-20 22:35:25 [WARNING] GripperOptimized:fast_loop:492 - 主循環執行時間過長: 36.0ms
2025-07-20 22:35:27 [WARNING] GripperOptimized:fast_loop:492 - 主循環執行時間過長: 30.4ms
2025-07-20 22:35:29 [INFO] GripperOptimized:fast_loop:484 - 性能統計: 循環=32000, 平均耗時=15.7ms, 最大耗時=62.6ms, 指令數=5
2025-07-20 22:35:30 [WARNING] GripperOptimized:fast_loop:492 - 主循環執行時間過長: 34.2ms
2025-07-20 22:35:31 [WARNING] GripperOptimized:fast_loop:492 - 主循環執行時間過長: 32.1ms
2025-07-20 22:35:32 [WARNING] GripperOptimized:fast_loop:492 - 主循環執行時間過長: 33.0ms
2025-07-20 22:35:33 [WARNING] GripperOptimized:fast_loop:492 - 主循環執行時間過長: 31.6ms
2025-07-20 22:35:34 [WARNING] GripperOptimized:fast_loop:492 - 主循環執行時間過長: 30.5ms
2025-07-20 22:35:35 [WARNING] GripperOptimized:fast_loop:492 - 主循環執行時間過長: 32.0ms
2025-07-20 22:35:36 [WARNING] GripperOptimized:fast_loop:492 - 主循環執行時間過長: 34.4ms
2025-07-20 22:35:37 [WARNING] GripperOptimized:fast_loop:492 - 主循環執行時間過長: 34.3ms
2025-07-20 22:35:38 [WARNING] GripperOptimized:fast_loop:492 - 主循環執行時間過長: 32.1ms
2025-07-20 22:35:39 [WARNING] GripperOptimized:fast_loop:492 - 主循環執行時間過長: 34.0ms
2025-07-20 22:35:40 [WARNING] GripperOptimized:fast_loop:492 - 主循環執行時間過長: 33.3ms
2025-07-20 22:35:41 [WARNING] GripperOptimized:fast_loop:492 - 主循環執行時間過長: 30.5ms
2025-07-20 22:35:42 [WARNING] GripperOptimized:fast_loop:492 - 主循環執行時間過長: 36.5ms
2025-07-20 22:35:43 [WARNING] GripperOptimized:fast_loop:492 - 主循環執行時間過長: 32.5ms
2025-07-20 22:35:44 [WARNING] GripperOptimized:fast_loop:492 - 主循環執行時間過長: 34.2ms
2025-07-20 22:35:45 [WARNING] GripperOptimized:fast_loop:492 - 主循環執行時間過長: 34.3ms
2025-07-20 22:35:50 [INFO] GripperOptimized:fast_loop:484 - 性能統計: 循環=33000, 平均耗時=14.3ms, 最大耗時=62.6ms, 指令數=5
2025-07-20 22:35:50 [WARNING] GripperOptimized:fast_loop:492 - 主循環執行時間過長: 32.3ms
2025-07-20 22:35:51 [WARNING] GripperOptimized:fast_loop:492 - 主循環執行時間過長: 33.6ms
2025-07-20 22:35:52 [WARNING] GripperOptimized:fast_loop:492 - 主循環執行時間過長: 30.6ms
2025-07-20 22:35:54 [WARNING] GripperOptimized:fast_loop:492 - 主循環執行時間過長: 36.6ms
2025-07-20 22:35:55 [WARNING] GripperOptimized:fast_loop:492 - 主循環執行時間過長: 31.6ms
2025-07-20 22:35:56 [WARNING] GripperOptimized:fast_loop:492 - 主循環執行時間過長: 37.1ms
2025-07-20 22:35:57 [WARNING] GripperOptimized:fast_loop:492 - 主循環執行時間過長: 35.7ms
2025-07-20 22:35:59 [WARNING] GripperOptimized:fast_loop:492 - 主循環執行時間過長: 33.3ms
2025-07-20 22:36:00 [WARNING] GripperOptimized:fast_loop:492 - 主循環執行時間過長: 34.0ms
2025-07-20 22:36:02 [WARNING] GripperOptimized:fast_loop:492 - 主循環執行時間過長: 35.2ms
2025-07-20 22:36:04 [WARNING] GripperOptimized:fast_loop:492 - 主循環執行時間過長: 36.3ms
2025-07-20 22:36:05 [WARNING] GripperOptimized:fast_loop:492 - 主循環執行時間過長: 35.2ms
2025-07-20 22:36:06 [WARNING] GripperOptimized:fast_loop:492 - 主循環執行時間過長: 32.1ms
2025-07-20 22:36:07 [WARNING] GripperOptimized:fast_loop:492 - 主循環執行時間過長: 30.5ms
2025-07-20 22:36:09 [WARNING] GripperOptimized:fast_loop:492 - 主循環執行時間過長: 35.5ms
2025-07-20 22:36:10 [WARNING] GripperOptimized:fast_loop:492 - 主循環執行時間過長: 32.2ms
2025-07-20 22:36:11 [INFO] GripperOptimized:fast_loop:484 - 性能統計: 循環=34000, 平均耗時=14.4ms, 最大耗時=62.6ms, 指令數=5
2025-07-20 22:36:11 [WARNING] GripperOptimized:fast_loop:492 - 主循環執行時間過長: 31.5ms
2025-07-20 22:36:12 [WARNING] GripperOptimized:fast_loop:492 - 主循環執行時間過長: 31.0ms
2025-07-20 22:36:13 [WARNING] GripperOptimized:fast_loop:492 - 主循環執行時間過長: 35.8ms
2025-07-20 22:36:14 [WARNING] GripperOptimized:fast_loop:492 - 主循環執行時間過長: 32.6ms
2025-07-20 22:36:15 [WARNING] GripperOptimized:fast_loop:492 - 主循環執行時間過長: 33.8ms
2025-07-20 22:36:16 [WARNING] GripperOptimized:fast_loop:492 - 主循環執行時間過長: 38.3ms
2025-07-20 22:36:17 [WARNING] GripperOptimized:fast_loop:492 - 主循環執行時間過長: 31.2ms
2025-07-20 22:36:18 [WARNING] GripperOptimized:fast_loop:492 - 主循環執行時間過長: 33.7ms
2025-07-20 22:36:20 [WARNING] GripperOptimized:fast_loop:492 - 主循環執行時間過長: 36.2ms
2025-07-20 22:36:21 [WARNING] GripperOptimized:fast_loop:492 - 主循環執行時間過長: 32.2ms
2025-07-20 22:36:22 [WARNING] GripperOptimized:fast_loop:492 - 主循環執行時間過長: 31.2ms
2025-07-20 22:36:23 [WARNING] GripperOptimized:fast_loop:492 - 主循環執行時間過長: 34.7ms
2025-07-20 22:36:24 [WARNING] GripperOptimized:fast_loop:492 - 主循環執行時間過長: 33.2ms
2025-07-20 22:36:25 [WARNING] GripperOptimized:fast_loop:492 - 主循環執行時間過長: 37.7ms
2025-07-20 22:36:26 [WARNING] GripperOptimized:fast_loop:492 - 主循環執行時間過長: 33.2ms
2025-07-20 22:36:28 [WARNING] GripperOptimized:fast_loop:492 - 主循環執行時間過長: 34.9ms
2025-07-20 22:36:30 [WARNING] GripperOptimized:fast_loop:492 - 主循環執行時間過長: 37.7ms
2025-07-20 22:36:31 [WARNING] GripperOptimized:fast_loop:492 - 主循環執行時間過長: 32.3ms
2025-07-20 22:36:32 [INFO] GripperOptimized:fast_loop:484 - 性能統計: 循環=35000, 平均耗時=14.1ms, 最大耗時=62.6ms, 指令數=5
2025-07-20 22:36:32 [WARNING] GripperOptimized:fast_loop:492 - 主循環執行時間過長: 30.8ms
2025-07-20 22:36:33 [WARNING] GripperOptimized:fast_loop:492 - 主循環執行時間過長: 31.1ms
2025-07-20 22:36:34 [WARNING] GripperOptimized:fast_loop:492 - 主循環執行時間過長: 31.2ms
2025-07-20 22:36:35 [WARNING] GripperOptimized:fast_loop:492 - 主循環執行時間過長: 36.4ms
2025-07-20 22:36:36 [WARNING] GripperOptimized:fast_loop:492 - 主循環執行時間過長: 31.8ms
2025-07-20 22:36:38 [WARNING] GripperOptimized:fast_loop:492 - 主循環執行時間過長: 32.3ms
2025-07-20 22:36:39 [WARNING] GripperOptimized:fast_loop:492 - 主循環執行時間過長: 32.7ms
2025-07-20 22:36:40 [WARNING] GripperOptimized:fast_loop:492 - 主循環執行時間過長: 37.5ms
2025-07-20 22:36:41 [WARNING] GripperOptimized:fast_loop:492 - 主循環執行時間過長: 33.7ms
2025-07-20 22:36:42 [WARNING] GripperOptimized:fast_loop:492 - 主循環執行時間過長: 37.1ms
2025-07-20 22:36:43 [WARNING] GripperOptimized:fast_loop:492 - 主循環執行時間過長: 31.8ms
2025-07-20 22:36:47 [WARNING] GripperOptimized:fast_loop:492 - 主循環執行時間過長: 35.3ms
2025-07-20 22:36:48 [WARNING] GripperOptimized:fast_loop:492 - 主循環執行時間過長: 32.4ms
2025-07-20 22:36:50 [WARNING] GripperOptimized:fast_loop:492 - 主循環執行時間過長: 30.6ms
2025-07-20 22:36:51 [WARNING] GripperOptimized:fast_loop:492 - 主循環執行時間過長: 34.2ms
2025-07-20 22:36:52 [WARNING] GripperOptimized:fast_loop:492 - 主循環執行時間過長: 37.7ms
2025-07-20 22:36:53 [INFO] GripperOptimized:fast_loop:484 - 性能統計: 循環=36000, 平均耗時=14.4ms, 最大耗時=62.6ms, 指令數=5
2025-07-20 22:36:53 [WARNING] GripperOptimized:fast_loop:492 - 主循環執行時間過長: 31.2ms
2025-07-20 22:36:54 [WARNING] GripperOptimized:fast_loop:492 - 主循環執行時間過長: 37.1ms
2025-07-20 22:36:55 [WARNING] GripperOptimized:fast_loop:492 - 主循環執行時間過長: 35.8ms
2025-07-20 22:36:56 [WARNING] GripperOptimized:fast_loop:492 - 主循環執行時間過長: 34.1ms
2025-07-20 22:36:57 [WARNING] GripperOptimized:fast_loop:492 - 主循環執行時間過長: 34.1ms
2025-07-20 22:36:58 [WARNING] GripperOptimized:fast_loop:492 - 主循環執行時間過長: 31.8ms
2025-07-20 22:36:59 [WARNING] GripperOptimized:fast_loop:492 - 主循環執行時間過長: 34.2ms
2025-07-20 22:37:00 [WARNING] GripperOptimized:fast_loop:492 - 主循環執行時間過長: 34.7ms
2025-07-20 22:37:01 [WARNING] GripperOptimized:fast_loop:492 - 主循環執行時間過長: 34.2ms
2025-07-20 22:37:02 [WARNING] GripperOptimized:fast_loop:492 - 主循環執行時間過長: 36.8ms
2025-07-20 22:37:03 [WARNING] GripperOptimized:fast_loop:492 - 主循環執行時間過長: 33.2ms
2025-07-20 22:37:05 [WARNING] GripperOptimized:fast_loop:492 - 主循環執行時間過長: 32.2ms
2025-07-20 22:37:07 [WARNING] GripperOptimized:fast_loop:492 - 主循環執行時間過長: 34.1ms
2025-07-20 22:37:10 [WARNING] GripperOptimized:fast_loop:492 - 主循環執行時間過長: 38.0ms
2025-07-20 22:37:11 [WARNING] GripperOptimized:fast_loop:492 - 主循環執行時間過長: 32.4ms
2025-07-20 22:37:13 [WARNING] GripperOptimized:fast_loop:492 - 主循環執行時間過長: 36.8ms
2025-07-20 22:37:14 [INFO] GripperOptimized:fast_loop:484 - 性能統計: 循環=37000, 平均耗時=14.3ms, 最大耗時=62.6ms, 指令數=5
2025-07-20 22:37:14 [WARNING] GripperOptimized:fast_loop:492 - 主循環執行時間過長: 32.2ms
2025-07-20 22:37:15 [WARNING] GripperOptimized:fast_loop:492 - 主循環執行時間過長: 35.1ms
2025-07-20 22:37:16 [WARNING] GripperOptimized:fast_loop:492 - 主循環執行時間過長: 32.0ms
2025-07-20 22:37:17 [WARNING] GripperOptimized:fast_loop:492 - 主循環執行時間過長: 34.2ms
2025-07-20 22:37:22 [WARNING] GripperOptimized:fast_loop:492 - 主循環執行時間過長: 35.1ms
2025-07-20 22:37:23 [WARNING] GripperOptimized:fast_loop:492 - 主循環執行時間過長: 33.7ms
2025-07-20 22:37:25 [INFO] GripperOptimized:stop:519 - 正在停止夾爪模組...
2025-07-20 22:37:25 [INFO] GripperOptimized:stop:528 - 最終性能統計: 總循環=37535, 總指令=5, 總錯誤=0
2025-07-20 22:37:25 [INFO] GripperOptimized:stop:532 - 夾爪模組已停止
2025-07-20 23:26:37 [INFO] GripperOptimized:__init__:66 - 夾爪模組啟動 - 優化版本 - 基地址: 500-539
2025-07-20 23:26:37 [INFO] GripperOptimized:__init__:67 - 性能參數: 主循環=20.0ms, 狀態更新=10.0ms
2025-07-20 23:26:37 [INFO] GripperOptimized:fast_loop:438 - 夾爪主循環啟動 - 高性能模式
2025-07-20 23:26:37 [INFO] GripperOptimized:start:509 - 夾爪模組已啟動 - 高性能模式
2025-07-20 23:26:37 [INFO] GripperOptimized:connect_main_server:158 - 主服務器連接成功: 127.0.0.1:502
2025-07-20 23:26:37 [INFO] GripperOptimized:connect_rtu_devices:183 - RTU設備連接成功: COM3
2025-07-20 23:26:37 [INFO] GripperOptimized:process_commands:412 - 收到PGC指令: 代碼=1, 參數1=0, 參數2=0, ID=1
2025-07-20 23:26:37 [INFO] GripperOptimized:process_commands:418 - PGC指令執行成功
2025-07-20 23:26:37 [WARNING] GripperOptimized:fast_loop:492 - 主循環執行時間過長: 81.3ms
2025-07-20 23:26:38 [WARNING] GripperOptimized:fast_loop:492 - 主循環執行時間過長: 36.2ms
2025-07-20 23:26:40 [WARNING] GripperOptimized:fast_loop:492 - 主循環執行時間過長: 31.2ms
2025-07-20 23:26:41 [WARNING] GripperOptimized:fast_loop:492 - 主循環執行時間過長: 36.7ms
2025-07-20 23:26:43 [WARNING] GripperOptimized:fast_loop:492 - 主循環執行時間過長: 31.9ms
2025-07-20 23:26:44 [WARNING] GripperOptimized:fast_loop:492 - 主循環執行時間過長: 35.2ms
2025-07-20 23:26:45 [WARNING] GripperOptimized:fast_loop:492 - 主循環執行時間過長: 35.9ms
2025-07-20 23:26:46 [WARNING] GripperOptimized:fast_loop:492 - 主循環執行時間過長: 33.1ms
2025-07-20 23:26:47 [WARNING] GripperOptimized:fast_loop:492 - 主循環執行時間過長: 36.9ms
2025-07-20 23:26:48 [WARNING] GripperOptimized:fast_loop:492 - 主循環執行時間過長: 38.0ms
2025-07-20 23:26:49 [WARNING] GripperOptimized:fast_loop:492 - 主循環執行時間過長: 33.6ms
2025-07-20 23:26:50 [WARNING] GripperOptimized:fast_loop:492 - 主循環執行時間過長: 35.4ms
2025-07-20 23:26:51 [WARNING] GripperOptimized:fast_loop:492 - 主循環執行時間過長: 36.3ms
2025-07-20 23:26:52 [WARNING] GripperOptimized:fast_loop:492 - 主循環執行時間過長: 33.3ms
2025-07-20 23:26:53 [WARNING] GripperOptimized:fast_loop:492 - 主循環執行時間過長: 37.0ms
2025-07-20 23:26:55 [WARNING] GripperOptimized:fast_loop:492 - 主循環執行時間過長: 32.5ms
2025-07-20 23:26:56 [WARNING] GripperOptimized:fast_loop:492 - 主循環執行時間過長: 31.5ms
2025-07-20 23:26:57 [WARNING] GripperOptimized:fast_loop:492 - 主循環執行時間過長: 36.3ms
2025-07-20 23:26:58 [INFO] GripperOptimized:fast_loop:484 - 性能統計: 循環=1000, 平均耗時=13.6ms, 最大耗時=81.3ms, 指令數=1
2025-07-20 23:27:00 [WARNING] GripperOptimized:fast_loop:492 - 主循環執行時間過長: 33.4ms
2025-07-20 23:27:01 [WARNING] GripperOptimized:fast_loop:492 - 主循環執行時間過長: 35.8ms
2025-07-20 23:27:03 [WARNING] GripperOptimized:fast_loop:492 - 主循環執行時間過長: 33.1ms
2025-07-20 23:27:04 [WARNING] GripperOptimized:fast_loop:492 - 主循環執行時間過長: 31.6ms
2025-07-20 23:27:05 [INFO] GripperOptimized:process_commands:412 - 收到PGC指令: 代碼=8, 參數1=0, 參數2=0, ID=20028
2025-07-20 23:27:05 [INFO] GripperOptimized:process_commands:418 - PGC指令執行成功
2025-07-20 23:27:05 [WARNING] GripperOptimized:fast_loop:492 - 主循環執行時間過長: 53.2ms
2025-07-20 23:27:06 [WARNING] GripperOptimized:fast_loop:492 - 主循環執行時間過長: 32.1ms
2025-07-20 23:27:08 [WARNING] GripperOptimized:fast_loop:492 - 主循環執行時間過長: 30.3ms
2025-07-20 23:27:10 [WARNING] GripperOptimized:fast_loop:492 - 主循環執行時間過長: 30.6ms
2025-07-20 23:27:11 [WARNING] GripperOptimized:fast_loop:492 - 主循環執行時間過長: 35.3ms
2025-07-20 23:27:12 [WARNING] GripperOptimized:fast_loop:492 - 主循環執行時間過長: 37.7ms
2025-07-20 23:27:13 [WARNING] GripperOptimized:fast_loop:492 - 主循環執行時間過長: 37.9ms
2025-07-20 23:27:14 [WARNING] GripperOptimized:fast_loop:492 - 主循環執行時間過長: 36.9ms
2025-07-20 23:27:16 [WARNING] GripperOptimized:fast_loop:492 - 主循環執行時間過長: 35.2ms
2025-07-20 23:27:17 [WARNING] GripperOptimized:fast_loop:492 - 主循環執行時間過長: 34.0ms
2025-07-20 23:27:19 [WARNING] GripperOptimized:fast_loop:492 - 主循環執行時間過長: 36.5ms
2025-07-20 23:27:20 [INFO] GripperOptimized:fast_loop:484 - 性能統計: 循環=2000, 平均耗時=13.2ms, 最大耗時=81.3ms, 指令數=2
2025-07-20 23:27:20 [WARNING] GripperOptimized:fast_loop:492 - 主循環執行時間過長: 36.3ms
2025-07-20 23:27:21 [WARNING] GripperOptimized:fast_loop:492 - 主循環執行時間過長: 34.0ms
2025-07-20 23:27:22 [WARNING] GripperOptimized:fast_loop:492 - 主循環執行時間過長: 32.9ms
2025-07-20 23:27:23 [WARNING] GripperOptimized:fast_loop:492 - 主循環執行時間過長: 33.2ms
2025-07-20 23:27:24 [WARNING] GripperOptimized:fast_loop:492 - 主循環執行時間過長: 37.2ms
2025-07-20 23:27:25 [WARNING] GripperOptimized:fast_loop:492 - 主循環執行時間過長: 33.6ms
2025-07-20 23:27:27 [WARNING] GripperOptimized:fast_loop:492 - 主循環執行時間過長: 34.6ms
2025-07-20 23:27:29 [WARNING] GripperOptimized:fast_loop:492 - 主循環執行時間過長: 32.5ms
2025-07-20 23:27:30 [WARNING] GripperOptimized:fast_loop:492 - 主循環執行時間過長: 34.9ms
2025-07-20 23:27:32 [WARNING] GripperOptimized:fast_loop:492 - 主循環執行時間過長: 33.0ms
2025-07-20 23:27:33 [INFO] GripperOptimized:process_commands:412 - 收到PGC指令: 代碼=8, 參數1=0, 參數2=0, ID=2
2025-07-20 23:27:33 [INFO] GripperOptimized:process_commands:418 - PGC指令執行成功
2025-07-20 23:27:33 [WARNING] GripperOptimized:fast_loop:492 - 主循環執行時間過長: 51.2ms
2025-07-20 23:27:33 [WARNING] GripperOptimized:fast_loop:492 - 主循環執行時間過長: 36.2ms
2025-07-20 23:27:35 [WARNING] GripperOptimized:fast_loop:492 - 主循環執行時間過長: 34.4ms
2025-07-20 23:27:36 [INFO] GripperOptimized:process_commands:412 - 收到PGC指令: 代碼=3, 參數1=370, 參數2=0, ID=3
2025-07-20 23:27:36 [INFO] GripperOptimized:process_commands:418 - PGC指令執行成功
2025-07-20 23:27:36 [WARNING] GripperOptimized:fast_loop:492 - 主循環執行時間過長: 45.5ms
2025-07-20 23:27:38 [WARNING] GripperOptimized:fast_loop:492 - 主循環執行時間過長: 33.0ms
2025-07-20 23:27:39 [WARNING] GripperOptimized:fast_loop:492 - 主循環執行時間過長: 30.7ms
2025-07-20 23:27:40 [WARNING] GripperOptimized:fast_loop:492 - 主循環執行時間過長: 36.2ms
2025-07-20 23:27:41 [INFO] GripperOptimized:fast_loop:484 - 性能統計: 循環=3000, 平均耗時=12.6ms, 最大耗時=81.3ms, 指令數=4
2025-07-20 23:27:41 [WARNING] GripperOptimized:fast_loop:492 - 主循環執行時間過長: 35.2ms
2025-07-20 23:27:42 [WARNING] GripperOptimized:fast_loop:492 - 主循環執行時間過長: 31.4ms
2025-07-20 23:27:43 [WARNING] GripperOptimized:fast_loop:492 - 主循環執行時間過長: 33.3ms
2025-07-20 23:27:44 [WARNING] GripperOptimized:fast_loop:492 - 主循環執行時間過長: 34.6ms
2025-07-20 23:27:44 [INFO] GripperOptimized:process_commands:412 - 收到PGC指令: 代碼=8, 參數1=0, 參數2=0, ID=4
2025-07-20 23:27:44 [INFO] GripperOptimized:process_commands:418 - PGC指令執行成功
2025-07-20 23:27:44 [WARNING] GripperOptimized:fast_loop:492 - 主循環執行時間過長: 48.4ms
2025-07-20 23:27:46 [WARNING] GripperOptimized:fast_loop:492 - 主循環執行時間過長: 31.7ms
2025-07-20 23:27:47 [INFO] GripperOptimized:process_commands:412 - 收到PGC指令: 代碼=3, 參數1=370, 參數2=0, ID=5
2025-07-20 23:27:47 [INFO] GripperOptimized:process_commands:418 - PGC指令執行成功
2025-07-20 23:27:47 [WARNING] GripperOptimized:fast_loop:492 - 主循環執行時間過長: 38.3ms
2025-07-20 23:27:47 [WARNING] GripperOptimized:fast_loop:492 - 主循環執行時間過長: 32.3ms
2025-07-20 23:27:48 [WARNING] GripperOptimized:fast_loop:492 - 主循環執行時間過長: 34.6ms
2025-07-20 23:27:49 [WARNING] GripperOptimized:fast_loop:492 - 主循環執行時間過長: 32.8ms
2025-07-20 23:27:50 [WARNING] GripperOptimized:fast_loop:492 - 主循環執行時間過長: 37.2ms
2025-07-20 23:27:51 [WARNING] GripperOptimized:fast_loop:492 - 主循環執行時間過長: 35.2ms
2025-07-20 23:27:52 [WARNING] GripperOptimized:fast_loop:492 - 主循環執行時間過長: 35.6ms
2025-07-20 23:27:53 [WARNING] GripperOptimized:fast_loop:492 - 主循環執行時間過長: 34.2ms
2025-07-20 23:27:54 [WARNING] GripperOptimized:fast_loop:492 - 主循環執行時間過長: 34.3ms
2025-07-20 23:27:56 [WARNING] GripperOptimized:fast_loop:492 - 主循環執行時間過長: 31.9ms
2025-07-20 23:27:57 [WARNING] GripperOptimized:fast_loop:492 - 主循環執行時間過長: 34.9ms
2025-07-20 23:27:58 [WARNING] GripperOptimized:fast_loop:492 - 主循環執行時間過長: 34.8ms
2025-07-20 23:27:59 [WARNING] GripperOptimized:fast_loop:492 - 主循環執行時間過長: 32.6ms
2025-07-20 23:28:00 [WARNING] GripperOptimized:fast_loop:492 - 主循環執行時間過長: 37.1ms
2025-07-20 23:28:02 [INFO] GripperOptimized:fast_loop:484 - 性能統計: 循環=4000, 平均耗時=14.2ms, 最大耗時=81.3ms, 指令數=6
2025-07-20 23:28:02 [WARNING] GripperOptimized:fast_loop:492 - 主循環執行時間過長: 30.3ms
2025-07-20 23:28:04 [WARNING] GripperOptimized:fast_loop:492 - 主循環執行時間過長: 37.2ms
2025-07-20 23:28:05 [WARNING] GripperOptimized:fast_loop:492 - 主循環執行時間過長: 35.4ms
2025-07-20 23:28:07 [WARNING] GripperOptimized:fast_loop:492 - 主循環執行時間過長: 34.3ms
2025-07-20 23:28:08 [WARNING] GripperOptimized:fast_loop:492 - 主循環執行時間過長: 34.1ms
2025-07-20 23:28:09 [WARNING] GripperOptimized:fast_loop:492 - 主循環執行時間過長: 31.7ms
2025-07-20 23:28:10 [WARNING] GripperOptimized:fast_loop:492 - 主循環執行時間過長: 35.5ms
2025-07-20 23:28:11 [WARNING] GripperOptimized:fast_loop:492 - 主循環執行時間過長: 31.8ms
2025-07-20 23:28:12 [WARNING] GripperOptimized:fast_loop:492 - 主循環執行時間過長: 37.7ms
2025-07-20 23:28:14 [WARNING] GripperOptimized:fast_loop:492 - 主循環執行時間過長: 36.9ms
2025-07-20 23:28:16 [WARNING] GripperOptimized:fast_loop:492 - 主循環執行時間過長: 32.7ms
2025-07-20 23:28:17 [WARNING] GripperOptimized:fast_loop:492 - 主循環執行時間過長: 37.3ms
2025-07-20 23:28:18 [WARNING] GripperOptimized:fast_loop:492 - 主循環執行時間過長: 30.2ms
2025-07-20 23:28:19 [WARNING] GripperOptimized:fast_loop:492 - 主循環執行時間過長: 30.9ms
2025-07-20 23:28:20 [WARNING] GripperOptimized:fast_loop:492 - 主循環執行時間過長: 33.9ms
2025-07-20 23:28:21 [WARNING] GripperOptimized:fast_loop:492 - 主循環執行時間過長: 30.4ms
2025-07-20 23:28:22 [WARNING] GripperOptimized:fast_loop:492 - 主循環執行時間過長: 34.7ms
2025-07-20 23:28:23 [INFO] GripperOptimized:fast_loop:484 - 性能統計: 循環=5000, 平均耗時=13.3ms, 最大耗時=81.3ms, 指令數=6
2025-07-20 23:28:23 [WARNING] GripperOptimized:fast_loop:492 - 主循環執行時間過長: 36.0ms
2025-07-20 23:28:24 [WARNING] GripperOptimized:fast_loop:492 - 主循環執行時間過長: 33.6ms
2025-07-20 23:28:26 [WARNING] GripperOptimized:fast_loop:492 - 主循環執行時間過長: 32.6ms
2025-07-20 23:28:27 [WARNING] GripperOptimized:fast_loop:492 - 主循環執行時間過長: 32.7ms
2025-07-20 23:28:28 [WARNING] GripperOptimized:fast_loop:492 - 主循環執行時間過長: 35.1ms
2025-07-20 23:28:30 [WARNING] GripperOptimized:fast_loop:492 - 主循環執行時間過長: 34.0ms
2025-07-20 23:28:31 [WARNING] GripperOptimized:fast_loop:492 - 主循環執行時間過長: 35.8ms
2025-07-20 23:28:33 [WARNING] GripperOptimized:fast_loop:492 - 主循環執行時間過長: 35.7ms
2025-07-20 23:28:35 [WARNING] GripperOptimized:fast_loop:492 - 主循環執行時間過長: 32.7ms
2025-07-20 23:28:37 [WARNING] GripperOptimized:fast_loop:492 - 主循環執行時間過長: 34.6ms
2025-07-20 23:28:39 [WARNING] GripperOptimized:fast_loop:492 - 主循環執行時間過長: 35.2ms
2025-07-20 23:28:40 [WARNING] GripperOptimized:fast_loop:492 - 主循環執行時間過長: 30.2ms
2025-07-20 23:28:41 [WARNING] GripperOptimized:fast_loop:492 - 主循環執行時間過長: 32.3ms
2025-07-20 23:28:42 [WARNING] GripperOptimized:fast_loop:492 - 主循環執行時間過長: 38.0ms
2025-07-20 23:28:43 [WARNING] GripperOptimized:fast_loop:492 - 主循環執行時間過長: 37.4ms
2025-07-20 23:28:44 [INFO] GripperOptimized:fast_loop:484 - 性能統計: 循環=6000, 平均耗時=12.8ms, 最大耗時=81.3ms, 指令數=6
2025-07-20 23:28:44 [WARNING] GripperOptimized:fast_loop:492 - 主循環執行時間過長: 35.9ms
2025-07-20 23:28:45 [WARNING] GripperOptimized:fast_loop:492 - 主循環執行時間過長: 34.1ms
2025-07-20 23:28:46 [WARNING] GripperOptimized:fast_loop:492 - 主循環執行時間過長: 31.1ms
2025-07-20 23:28:47 [WARNING] GripperOptimized:fast_loop:492 - 主循環執行時間過長: 35.1ms
2025-07-20 23:28:48 [WARNING] GripperOptimized:fast_loop:492 - 主循環執行時間過長: 35.2ms
2025-07-20 23:28:50 [WARNING] GripperOptimized:fast_loop:492 - 主循環執行時間過長: 33.5ms
2025-07-20 23:28:51 [WARNING] GripperOptimized:fast_loop:492 - 主循環執行時間過長: 34.7ms
2025-07-20 23:28:54 [WARNING] GripperOptimized:fast_loop:492 - 主循環執行時間過長: 33.9ms
2025-07-20 23:28:55 [WARNING] GripperOptimized:fast_loop:492 - 主循環執行時間過長: 34.9ms
2025-07-20 23:28:56 [WARNING] GripperOptimized:fast_loop:492 - 主循環執行時間過長: 38.4ms
2025-07-20 23:28:57 [WARNING] GripperOptimized:fast_loop:492 - 主循環執行時間過長: 34.8ms
2025-07-20 23:28:58 [WARNING] GripperOptimized:fast_loop:492 - 主循環執行時間過長: 34.2ms
2025-07-20 23:28:59 [WARNING] GripperOptimized:fast_loop:492 - 主循環執行時間過長: 35.6ms
2025-07-20 23:29:00 [WARNING] GripperOptimized:fast_loop:492 - 主循環執行時間過長: 32.6ms
2025-07-20 23:29:01 [WARNING] GripperOptimized:fast_loop:492 - 主循環執行時間過長: 36.1ms
2025-07-20 23:29:02 [WARNING] GripperOptimized:fast_loop:492 - 主循環執行時間過長: 32.6ms
2025-07-20 23:29:03 [WARNING] GripperOptimized:fast_loop:492 - 主循環執行時間過長: 32.8ms
2025-07-20 23:29:04 [WARNING] GripperOptimized:fast_loop:492 - 主循環執行時間過長: 35.5ms
2025-07-20 23:29:05 [INFO] GripperOptimized:fast_loop:484 - 性能統計: 循環=7000, 平均耗時=13.5ms, 最大耗時=81.3ms, 指令數=6
2025-07-20 23:29:05 [WARNING] GripperOptimized:fast_loop:492 - 主循環執行時間過長: 36.5ms
2025-07-20 23:29:06 [INFO] GripperOptimized:process_commands:412 - 收到PGC指令: 代碼=8, 參數1=0, 參數2=0, ID=6
2025-07-20 23:29:06 [INFO] GripperOptimized:process_commands:418 - PGC指令執行成功
2025-07-20 23:29:06 [WARNING] GripperOptimized:fast_loop:492 - 主循環執行時間過長: 48.2ms
2025-07-20 23:29:06 [WARNING] GripperOptimized:fast_loop:492 - 主循環執行時間過長: 33.7ms
2025-07-20 23:29:07 [WARNING] GripperOptimized:fast_loop:492 - 主循環執行時間過長: 34.2ms
2025-07-20 23:29:08 [WARNING] GripperOptimized:fast_loop:492 - 主循環執行時間過長: 31.8ms
2025-07-20 23:29:09 [WARNING] GripperOptimized:fast_loop:492 - 主循環執行時間過長: 31.1ms
2025-07-20 23:29:10 [WARNING] GripperOptimized:fast_loop:492 - 主循環執行時間過長: 36.9ms
2025-07-20 23:29:11 [WARNING] GripperOptimized:fast_loop:492 - 主循環執行時間過長: 31.8ms
2025-07-20 23:29:12 [INFO] GripperOptimized:process_commands:412 - 收到PGC指令: 代碼=8, 參數1=0, 參數2=0, ID=7
2025-07-20 23:29:12 [INFO] GripperOptimized:process_commands:418 - PGC指令執行成功
2025-07-20 23:29:12 [WARNING] GripperOptimized:fast_loop:492 - 主循環執行時間過長: 46.8ms
2025-07-20 23:29:14 [WARNING] GripperOptimized:fast_loop:492 - 主循環執行時間過長: 33.6ms
2025-07-20 23:29:15 [WARNING] GripperOptimized:fast_loop:492 - 主循環執行時間過長: 32.6ms
2025-07-20 23:29:16 [WARNING] GripperOptimized:fast_loop:492 - 主循環執行時間過長: 35.9ms
2025-07-20 23:29:16 [INFO] GripperOptimized:process_commands:412 - 收到PGC指令: 代碼=3, 參數1=370, 參數2=0, ID=8
2025-07-20 23:29:16 [INFO] GripperOptimized:process_commands:418 - PGC指令執行成功
2025-07-20 23:29:16 [WARNING] GripperOptimized:fast_loop:492 - 主循環執行時間過長: 38.6ms
2025-07-20 23:29:17 [WARNING] GripperOptimized:fast_loop:492 - 主循環執行時間過長: 35.7ms
2025-07-20 23:29:18 [WARNING] GripperOptimized:fast_loop:492 - 主循環執行時間過長: 35.1ms
2025-07-20 23:29:19 [WARNING] GripperOptimized:fast_loop:492 - 主循環執行時間過長: 34.3ms
2025-07-20 23:29:20 [WARNING] GripperOptimized:fast_loop:492 - 主循環執行時間過長: 31.9ms
2025-07-20 23:29:21 [WARNING] GripperOptimized:fast_loop:492 - 主循環執行時間過長: 32.1ms
2025-07-20 23:29:22 [WARNING] GripperOptimized:fast_loop:492 - 主循環執行時間過長: 34.4ms
2025-07-20 23:29:23 [WARNING] GripperOptimized:fast_loop:492 - 主循環執行時間過長: 36.6ms
2025-07-20 23:29:24 [INFO] GripperOptimized:process_commands:412 - 收到PGC指令: 代碼=8, 參數1=0, 參數2=0, ID=9
2025-07-20 23:29:24 [INFO] GripperOptimized:process_commands:418 - PGC指令執行成功
2025-07-20 23:29:24 [WARNING] GripperOptimized:fast_loop:492 - 主循環執行時間過長: 46.9ms
2025-07-20 23:29:25 [WARNING] GripperOptimized:fast_loop:492 - 主循環執行時間過長: 32.7ms
2025-07-20 23:29:26 [INFO] GripperOptimized:fast_loop:484 - 性能統計: 循環=8000, 平均耗時=13.0ms, 最大耗時=81.3ms, 指令數=10
2025-07-20 23:29:26 [WARNING] GripperOptimized:fast_loop:492 - 主循環執行時間過長: 33.5ms
2025-07-20 23:29:27 [INFO] GripperOptimized:process_commands:412 - 收到PGC指令: 代碼=3, 參數1=370, 參數2=0, ID=10
2025-07-20 23:29:27 [INFO] GripperOptimized:process_commands:418 - PGC指令執行成功
2025-07-20 23:29:27 [WARNING] GripperOptimized:fast_loop:492 - 主循環執行時間過長: 44.3ms
2025-07-20 23:29:28 [WARNING] GripperOptimized:fast_loop:492 - 主循環執行時間過長: 36.7ms
2025-07-20 23:29:31 [WARNING] GripperOptimized:fast_loop:492 - 主循環執行時間過長: 35.2ms
2025-07-20 23:29:32 [WARNING] GripperOptimized:fast_loop:492 - 主循環執行時間過長: 35.1ms
2025-07-20 23:29:34 [WARNING] GripperOptimized:fast_loop:492 - 主循環執行時間過長: 37.3ms
2025-07-20 23:29:35 [WARNING] GripperOptimized:fast_loop:492 - 主循環執行時間過長: 32.2ms
2025-07-20 23:29:37 [WARNING] GripperOptimized:fast_loop:492 - 主循環執行時間過長: 35.6ms
2025-07-20 23:29:38 [WARNING] GripperOptimized:fast_loop:492 - 主循環執行時間過長: 34.2ms
2025-07-20 23:29:39 [WARNING] GripperOptimized:fast_loop:492 - 主循環執行時間過長: 30.7ms
2025-07-20 23:29:40 [WARNING] GripperOptimized:fast_loop:492 - 主循環執行時間過長: 35.3ms
2025-07-20 23:29:41 [WARNING] GripperOptimized:fast_loop:492 - 主循環執行時間過長: 32.0ms
2025-07-20 23:29:42 [WARNING] GripperOptimized:fast_loop:492 - 主循環執行時間過長: 31.1ms
2025-07-20 23:29:42 [INFO] GripperOptimized:process_commands:412 - 收到PGC指令: 代碼=8, 參數1=0, 參數2=0, ID=11
2025-07-20 23:29:42 [INFO] GripperOptimized:process_commands:418 - PGC指令執行成功
2025-07-20 23:29:42 [WARNING] GripperOptimized:fast_loop:492 - 主循環執行時間過長: 48.4ms
2025-07-20 23:29:45 [WARNING] GripperOptimized:fast_loop:492 - 主循環執行時間過長: 31.9ms
2025-07-20 23:29:46 [WARNING] GripperOptimized:fast_loop:492 - 主循環執行時間過長: 38.6ms
2025-07-20 23:29:47 [INFO] GripperOptimized:fast_loop:484 - 性能統計: 循環=9000, 平均耗時=13.7ms, 最大耗時=81.3ms, 指令數=12
2025-07-20 23:29:47 [WARNING] GripperOptimized:fast_loop:492 - 主循環執行時間過長: 31.7ms
2025-07-20 23:29:48 [INFO] GripperOptimized:process_commands:412 - 收到PGC指令: 代碼=8, 參數1=0, 參數2=0, ID=12
2025-07-20 23:29:48 [INFO] GripperOptimized:process_commands:418 - PGC指令執行成功
2025-07-20 23:29:48 [WARNING] GripperOptimized:fast_loop:492 - 主循環執行時間過長: 39.7ms
2025-07-20 23:29:48 [WARNING] GripperOptimized:fast_loop:492 - 主循環執行時間過長: 37.1ms
2025-07-20 23:29:50 [WARNING] GripperOptimized:fast_loop:492 - 主循環執行時間過長: 37.0ms
2025-07-20 23:29:51 [WARNING] GripperOptimized:fast_loop:492 - 主循環執行時間過長: 33.1ms
2025-07-20 23:29:52 [INFO] GripperOptimized:process_commands:412 - 收到PGC指令: 代碼=3, 參數1=370, 參數2=0, ID=13
2025-07-20 23:29:52 [INFO] GripperOptimized:process_commands:418 - PGC指令執行成功
2025-07-20 23:29:52 [WARNING] GripperOptimized:fast_loop:492 - 主循環執行時間過長: 44.7ms
2025-07-20 23:29:54 [WARNING] GripperOptimized:fast_loop:492 - 主循環執行時間過長: 34.4ms
2025-07-20 23:29:55 [WARNING] GripperOptimized:fast_loop:492 - 主循環執行時間過長: 36.9ms
2025-07-20 23:29:56 [WARNING] GripperOptimized:fast_loop:492 - 主循環執行時間過長: 30.9ms
2025-07-20 23:29:57 [WARNING] GripperOptimized:fast_loop:492 - 主循環執行時間過長: 34.3ms
2025-07-20 23:29:58 [WARNING] GripperOptimized:fast_loop:492 - 主循環執行時間過長: 30.5ms
2025-07-20 23:29:59 [WARNING] GripperOptimized:fast_loop:492 - 主循環執行時間過長: 34.0ms
2025-07-20 23:29:59 [INFO] GripperOptimized:process_commands:412 - 收到PGC指令: 代碼=8, 參數1=0, 參數2=0, ID=14
2025-07-20 23:29:59 [INFO] GripperOptimized:process_commands:418 - PGC指令執行成功
2025-07-20 23:29:59 [WARNING] GripperOptimized:fast_loop:492 - 主循環執行時間過長: 43.1ms
2025-07-20 23:30:02 [WARNING] GripperOptimized:fast_loop:492 - 主循環執行時間過長: 32.2ms
2025-07-20 23:30:02 [INFO] GripperOptimized:process_commands:412 - 收到PGC指令: 代碼=3, 參數1=370, 參數2=0, ID=15
2025-07-20 23:30:02 [INFO] GripperOptimized:process_commands:418 - PGC指令執行成功
2025-07-20 23:30:02 [WARNING] GripperOptimized:fast_loop:492 - 主循環執行時間過長: 53.3ms
2025-07-20 23:30:03 [WARNING] GripperOptimized:fast_loop:492 - 主循環執行時間過長: 33.8ms
2025-07-20 23:30:04 [WARNING] GripperOptimized:fast_loop:492 - 主循環執行時間過長: 34.6ms
2025-07-20 23:30:05 [WARNING] GripperOptimized:fast_loop:492 - 主循環執行時間過長: 35.2ms
2025-07-20 23:30:06 [WARNING] GripperOptimized:fast_loop:492 - 主循環執行時間過長: 36.8ms
2025-07-20 23:30:07 [WARNING] GripperOptimized:fast_loop:492 - 主循環執行時間過長: 34.1ms
2025-07-20 23:30:09 [INFO] GripperOptimized:fast_loop:484 - 性能統計: 循環=10000, 平均耗時=13.4ms, 最大耗時=81.3ms, 指令數=16
2025-07-20 23:30:10 [WARNING] GripperOptimized:fast_loop:492 - 主循環執行時間過長: 34.2ms
2025-07-20 23:30:11 [WARNING] GripperOptimized:fast_loop:492 - 主循環執行時間過長: 31.5ms
2025-07-20 23:30:12 [WARNING] GripperOptimized:fast_loop:492 - 主循環執行時間過長: 35.7ms
2025-07-20 23:30:14 [WARNING] GripperOptimized:fast_loop:492 - 主循環執行時間過長: 36.4ms
2025-07-20 23:30:15 [WARNING] GripperOptimized:fast_loop:492 - 主循環執行時間過長: 34.3ms
2025-07-20 23:30:16 [WARNING] GripperOptimized:fast_loop:492 - 主循環執行時間過長: 31.7ms
2025-07-20 23:30:17 [WARNING] GripperOptimized:fast_loop:492 - 主循環執行時間過長: 37.7ms
2025-07-20 23:30:18 [WARNING] GripperOptimized:fast_loop:492 - 主循環執行時間過長: 36.7ms
2025-07-20 23:30:19 [WARNING] GripperOptimized:fast_loop:492 - 主循環執行時間過長: 32.8ms
2025-07-20 23:30:20 [WARNING] GripperOptimized:fast_loop:492 - 主循環執行時間過長: 31.7ms
2025-07-20 23:30:21 [WARNING] GripperOptimized:fast_loop:492 - 主循環執行時間過長: 33.1ms
2025-07-20 23:30:22 [WARNING] GripperOptimized:fast_loop:492 - 主循環執行時間過長: 36.3ms
2025-07-20 23:30:23 [WARNING] GripperOptimized:fast_loop:492 - 主循環執行時間過長: 34.2ms
2025-07-20 23:30:24 [WARNING] GripperOptimized:fast_loop:492 - 主循環執行時間過長: 36.3ms
2025-07-20 23:30:25 [WARNING] GripperOptimized:fast_loop:492 - 主循環執行時間過長: 35.3ms
2025-07-20 23:30:26 [WARNING] GripperOptimized:fast_loop:492 - 主循環執行時間過長: 36.9ms
2025-07-20 23:30:28 [WARNING] GripperOptimized:fast_loop:492 - 主循環執行時間過長: 30.8ms
2025-07-20 23:30:30 [INFO] GripperOptimized:fast_loop:484 - 性能統計: 循環=11000, 平均耗時=14.6ms, 最大耗時=81.3ms, 指令數=16
2025-07-20 23:30:30 [WARNING] GripperOptimized:fast_loop:492 - 主循環執行時間過長: 31.6ms
2025-07-20 23:30:31 [WARNING] GripperOptimized:fast_loop:492 - 主循環執行時間過長: 34.4ms
2025-07-20 23:30:32 [WARNING] GripperOptimized:fast_loop:492 - 主循環執行時間過長: 35.7ms
2025-07-20 23:30:33 [WARNING] GripperOptimized:fast_loop:492 - 主循環執行時間過長: 37.4ms
2025-07-20 23:30:35 [WARNING] GripperOptimized:fast_loop:492 - 主循環執行時間過長: 34.5ms
2025-07-20 23:30:36 [WARNING] GripperOptimized:fast_loop:492 - 主循環執行時間過長: 31.9ms
2025-07-20 23:30:37 [WARNING] GripperOptimized:fast_loop:492 - 主循環執行時間過長: 32.2ms
2025-07-20 23:30:38 [WARNING] GripperOptimized:fast_loop:492 - 主循環執行時間過長: 37.6ms
2025-07-20 23:30:40 [WARNING] GripperOptimized:fast_loop:492 - 主循環執行時間過長: 33.7ms
2025-07-20 23:30:41 [WARNING] GripperOptimized:fast_loop:492 - 主循環執行時間過長: 35.2ms
2025-07-20 23:30:42 [WARNING] GripperOptimized:fast_loop:492 - 主循環執行時間過長: 33.7ms
2025-07-20 23:30:43 [WARNING] GripperOptimized:fast_loop:492 - 主循環執行時間過長: 36.7ms
2025-07-20 23:30:44 [WARNING] GripperOptimized:fast_loop:492 - 主循環執行時間過長: 36.9ms
2025-07-20 23:30:45 [WARNING] GripperOptimized:fast_loop:492 - 主循環執行時間過長: 33.0ms
2025-07-20 23:30:48 [WARNING] GripperOptimized:fast_loop:492 - 主循環執行時間過長: 33.0ms
2025-07-20 23:30:49 [WARNING] GripperOptimized:fast_loop:492 - 主循環執行時間過長: 32.1ms
2025-07-20 23:30:50 [WARNING] GripperOptimized:fast_loop:492 - 主循環執行時間過長: 33.1ms
2025-07-20 23:30:51 [INFO] GripperOptimized:fast_loop:484 - 性能統計: 循環=12000, 平均耗時=13.9ms, 最大耗時=81.3ms, 指令數=16
2025-07-20 23:30:51 [WARNING] GripperOptimized:fast_loop:492 - 主循環執行時間過長: 30.2ms
2025-07-20 23:30:52 [WARNING] GripperOptimized:fast_loop:492 - 主循環執行時間過長: 37.1ms
2025-07-20 23:30:53 [WARNING] GripperOptimized:fast_loop:492 - 主循環執行時間過長: 34.7ms
2025-07-20 23:30:54 [WARNING] GripperOptimized:fast_loop:492 - 主循環執行時間過長: 35.3ms
2025-07-20 23:30:55 [WARNING] GripperOptimized:fast_loop:492 - 主循環執行時間過長: 35.2ms
2025-07-20 23:30:57 [WARNING] GripperOptimized:fast_loop:492 - 主循環執行時間過長: 31.3ms
2025-07-20 23:30:58 [WARNING] GripperOptimized:fast_loop:492 - 主循環執行時間過長: 37.3ms
2025-07-20 23:30:59 [WARNING] GripperOptimized:fast_loop:492 - 主循環執行時間過長: 36.5ms
2025-07-20 23:31:00 [WARNING] GripperOptimized:fast_loop:492 - 主循環執行時間過長: 36.4ms
2025-07-20 23:31:01 [WARNING] GripperOptimized:fast_loop:492 - 主循環執行時間過長: 34.9ms
2025-07-20 23:31:02 [WARNING] GripperOptimized:fast_loop:492 - 主循環執行時間過長: 32.9ms
2025-07-20 23:31:04 [WARNING] GripperOptimized:fast_loop:492 - 主循環執行時間過長: 34.2ms
2025-07-20 23:31:05 [WARNING] GripperOptimized:fast_loop:492 - 主循環執行時間過長: 30.1ms
2025-07-20 23:31:07 [WARNING] GripperOptimized:fast_loop:492 - 主循環執行時間過長: 35.7ms
2025-07-20 23:31:11 [WARNING] GripperOptimized:fast_loop:492 - 主循環執行時間過長: 34.2ms
2025-07-20 23:31:12 [INFO] GripperOptimized:fast_loop:484 - 性能統計: 循環=13000, 平均耗時=14.6ms, 最大耗時=81.3ms, 指令數=16
2025-07-20 23:31:14 [WARNING] GripperOptimized:fast_loop:492 - 主循環執行時間過長: 34.9ms
2025-07-20 23:31:17 [WARNING] GripperOptimized:fast_loop:492 - 主循環執行時間過長: 30.2ms
2025-07-20 23:31:18 [WARNING] GripperOptimized:fast_loop:492 - 主循環執行時間過長: 37.2ms
2025-07-20 23:31:19 [WARNING] GripperOptimized:fast_loop:492 - 主循環執行時間過長: 37.7ms
2025-07-20 23:31:20 [WARNING] GripperOptimized:fast_loop:492 - 主循環執行時間過長: 32.0ms
2025-07-20 23:31:21 [WARNING] GripperOptimized:fast_loop:492 - 主循環執行時間過長: 34.8ms
2025-07-20 23:31:22 [WARNING] GripperOptimized:fast_loop:492 - 主循環執行時間過長: 35.0ms
2025-07-20 23:31:23 [WARNING] GripperOptimized:fast_loop:492 - 主循環執行時間過長: 30.2ms
2025-07-20 23:31:24 [WARNING] GripperOptimized:fast_loop:492 - 主循環執行時間過長: 34.4ms
2025-07-20 23:31:25 [WARNING] GripperOptimized:fast_loop:492 - 主循環執行時間過長: 35.4ms
2025-07-20 23:31:26 [WARNING] GripperOptimized:fast_loop:492 - 主循環執行時間過長: 38.1ms
2025-07-20 23:31:28 [WARNING] GripperOptimized:fast_loop:492 - 主循環執行時間過長: 30.4ms
2025-07-20 23:31:30 [WARNING] GripperOptimized:fast_loop:492 - 主循環執行時間過長: 33.6ms
2025-07-20 23:31:32 [WARNING] GripperOptimized:fast_loop:492 - 主循環執行時間過長: 36.4ms
2025-07-20 23:31:33 [INFO] GripperOptimized:fast_loop:484 - 性能統計: 循環=14000, 平均耗時=13.8ms, 最大耗時=81.3ms, 指令數=16
2025-07-20 23:31:33 [WARNING] GripperOptimized:fast_loop:492 - 主循環執行時間過長: 36.9ms
2025-07-20 23:31:35 [WARNING] GripperOptimized:fast_loop:492 - 主循環執行時間過長: 36.1ms
2025-07-20 23:31:36 [WARNING] GripperOptimized:fast_loop:492 - 主循環執行時間過長: 37.7ms
2025-07-20 23:31:38 [WARNING] GripperOptimized:fast_loop:492 - 主循環執行時間過長: 35.3ms
2025-07-20 23:31:39 [WARNING] GripperOptimized:fast_loop:492 - 主循環執行時間過長: 33.7ms
2025-07-20 23:31:40 [WARNING] GripperOptimized:fast_loop:492 - 主循環執行時間過長: 33.6ms
2025-07-20 23:31:41 [WARNING] GripperOptimized:fast_loop:492 - 主循環執行時間過長: 36.5ms
2025-07-20 23:31:43 [WARNING] GripperOptimized:fast_loop:492 - 主循環執行時間過長: 34.6ms
2025-07-20 23:31:44 [WARNING] GripperOptimized:fast_loop:492 - 主循環執行時間過長: 34.6ms
2025-07-20 23:31:46 [WARNING] GripperOptimized:fast_loop:492 - 主循環執行時間過長: 33.2ms
2025-07-20 23:31:48 [WARNING] GripperOptimized:fast_loop:492 - 主循環執行時間過長: 34.5ms
2025-07-20 23:31:49 [WARNING] GripperOptimized:fast_loop:492 - 主循環執行時間過長: 32.7ms
2025-07-20 23:31:50 [WARNING] GripperOptimized:fast_loop:492 - 主循環執行時間過長: 35.1ms
2025-07-20 23:31:51 [WARNING] GripperOptimized:fast_loop:492 - 主循環執行時間過長: 33.7ms
2025-07-20 23:31:52 [WARNING] GripperOptimized:fast_loop:492 - 主循環執行時間過長: 36.5ms
2025-07-20 23:31:53 [WARNING] GripperOptimized:fast_loop:492 - 主循環執行時間過長: 34.0ms
2025-07-20 23:31:54 [INFO] GripperOptimized:fast_loop:484 - 性能統計: 循環=15000, 平均耗時=13.0ms, 最大耗時=81.3ms, 指令數=16
2025-07-20 23:31:54 [WARNING] GripperOptimized:fast_loop:492 - 主循環執行時間過長: 34.0ms
2025-07-20 23:31:55 [WARNING] GripperOptimized:fast_loop:492 - 主循環執行時間過長: 34.6ms
2025-07-20 23:31:56 [WARNING] GripperOptimized:fast_loop:492 - 主循環執行時間過長: 35.1ms
2025-07-20 23:31:57 [WARNING] GripperOptimized:fast_loop:492 - 主循環執行時間過長: 32.8ms
2025-07-20 23:32:00 [WARNING] GripperOptimized:fast_loop:492 - 主循環執行時間過長: 37.2ms
2025-07-20 23:32:01 [WARNING] GripperOptimized:fast_loop:492 - 主循環執行時間過長: 33.0ms
2025-07-20 23:32:02 [WARNING] GripperOptimized:fast_loop:492 - 主循環執行時間過長: 33.7ms
2025-07-20 23:32:03 [WARNING] GripperOptimized:fast_loop:492 - 主循環執行時間過長: 34.3ms
2025-07-20 23:32:04 [WARNING] GripperOptimized:fast_loop:492 - 主循環執行時間過長: 35.7ms
2025-07-20 23:32:05 [WARNING] GripperOptimized:fast_loop:492 - 主循環執行時間過長: 32.6ms
2025-07-20 23:32:07 [WARNING] GripperOptimized:fast_loop:492 - 主循環執行時間過長: 35.7ms
2025-07-20 23:32:08 [WARNING] GripperOptimized:fast_loop:492 - 主循環執行時間過長: 33.5ms
2025-07-20 23:32:09 [WARNING] GripperOptimized:fast_loop:492 - 主循環執行時間過長: 35.9ms
2025-07-20 23:32:10 [WARNING] GripperOptimized:fast_loop:492 - 主循環執行時間過長: 33.6ms
2025-07-20 23:32:11 [WARNING] GripperOptimized:fast_loop:492 - 主循環執行時間過長: 36.2ms
2025-07-20 23:32:13 [WARNING] GripperOptimized:fast_loop:492 - 主循環執行時間過長: 34.4ms
2025-07-20 23:32:14 [WARNING] GripperOptimized:fast_loop:492 - 主循環執行時間過長: 33.4ms
2025-07-20 23:32:15 [INFO] GripperOptimized:fast_loop:484 - 性能統計: 循環=16000, 平均耗時=13.5ms, 最大耗時=81.3ms, 指令數=16
2025-07-20 23:32:15 [WARNING] GripperOptimized:fast_loop:492 - 主循環執行時間過長: 35.7ms
2025-07-20 23:32:16 [WARNING] GripperOptimized:fast_loop:492 - 主循環執行時間過長: 32.6ms
2025-07-20 23:32:17 [WARNING] GripperOptimized:fast_loop:492 - 主循環執行時間過長: 30.5ms
2025-07-20 23:32:18 [WARNING] GripperOptimized:fast_loop:492 - 主循環執行時間過長: 30.9ms
2025-07-20 23:32:19 [WARNING] GripperOptimized:fast_loop:492 - 主循環執行時間過長: 31.7ms
2025-07-20 23:32:20 [WARNING] GripperOptimized:fast_loop:492 - 主循環執行時間過長: 33.6ms
2025-07-20 23:32:21 [WARNING] GripperOptimized:fast_loop:492 - 主循環執行時間過長: 32.7ms
2025-07-20 23:32:22 [WARNING] GripperOptimized:fast_loop:492 - 主循環執行時間過長: 36.0ms
2025-07-20 23:32:23 [WARNING] GripperOptimized:fast_loop:492 - 主循環執行時間過長: 36.8ms
2025-07-20 23:32:24 [INFO] GripperOptimized:process_commands:412 - 收到PGC指令: 代碼=8, 參數1=0, 參數2=0, ID=11306
2025-07-20 23:32:24 [INFO] GripperOptimized:process_commands:418 - PGC指令執行成功
2025-07-20 23:32:24 [WARNING] GripperOptimized:fast_loop:492 - 主循環執行時間過長: 42.5ms
2025-07-20 23:32:27 [WARNING] GripperOptimized:fast_loop:492 - 主循環執行時間過長: 34.7ms
2025-07-20 23:32:28 [WARNING] GripperOptimized:fast_loop:492 - 主循環執行時間過長: 31.7ms
2025-07-20 23:32:29 [WARNING] GripperOptimized:fast_loop:492 - 主循環執行時間過長: 35.0ms
2025-07-20 23:32:31 [WARNING] GripperOptimized:fast_loop:492 - 主循環執行時間過長: 35.2ms
2025-07-20 23:32:32 [WARNING] GripperOptimized:fast_loop:492 - 主循環執行時間過長: 36.2ms
2025-07-20 23:32:33 [WARNING] GripperOptimized:fast_loop:492 - 主循環執行時間過長: 35.0ms
2025-07-20 23:32:34 [WARNING] GripperOptimized:fast_loop:492 - 主循環執行時間過長: 35.8ms
2025-07-20 23:32:35 [WARNING] GripperOptimized:fast_loop:492 - 主循環執行時間過長: 38.3ms
2025-07-20 23:32:36 [INFO] GripperOptimized:fast_loop:484 - 性能統計: 循環=17000, 平均耗時=14.7ms, 最大耗時=81.3ms, 指令數=17
2025-07-20 23:32:37 [WARNING] GripperOptimized:fast_loop:492 - 主循環執行時間過長: 37.0ms
2025-07-20 23:32:38 [WARNING] GripperOptimized:fast_loop:492 - 主循環執行時間過長: 32.8ms
2025-07-20 23:32:40 [WARNING] GripperOptimized:fast_loop:492 - 主循環執行時間過長: 37.2ms
2025-07-20 23:32:41 [WARNING] GripperOptimized:fast_loop:492 - 主循環執行時間過長: 35.2ms
2025-07-20 23:32:42 [WARNING] GripperOptimized:fast_loop:492 - 主循環執行時間過長: 33.7ms
2025-07-20 23:32:43 [WARNING] GripperOptimized:fast_loop:492 - 主循環執行時間過長: 32.7ms
2025-07-20 23:32:46 [WARNING] GripperOptimized:fast_loop:492 - 主循環執行時間過長: 35.2ms
2025-07-20 23:32:47 [WARNING] GripperOptimized:fast_loop:492 - 主循環執行時間過長: 34.8ms
2025-07-20 23:32:50 [WARNING] GripperOptimized:fast_loop:492 - 主循環執行時間過長: 36.1ms
2025-07-20 23:32:51 [WARNING] GripperOptimized:fast_loop:492 - 主循環執行時間過長: 34.2ms
2025-07-20 23:32:52 [WARNING] GripperOptimized:fast_loop:492 - 主循環執行時間過長: 35.2ms
2025-07-20 23:32:53 [WARNING] GripperOptimized:fast_loop:492 - 主循環執行時間過長: 34.1ms
2025-07-20 23:32:55 [WARNING] GripperOptimized:fast_loop:492 - 主循環執行時間過長: 35.1ms
2025-07-20 23:32:56 [WARNING] GripperOptimized:fast_loop:492 - 主循環執行時間過長: 35.6ms
2025-07-20 23:32:57 [INFO] GripperOptimized:fast_loop:484 - 性能統計: 循環=18000, 平均耗時=12.9ms, 最大耗時=81.3ms, 指令數=17
2025-07-20 23:32:57 [WARNING] GripperOptimized:fast_loop:492 - 主循環執行時間過長: 34.4ms
2025-07-20 23:32:58 [WARNING] GripperOptimized:fast_loop:492 - 主循環執行時間過長: 33.7ms
2025-07-20 23:32:59 [WARNING] GripperOptimized:fast_loop:492 - 主循環執行時間過長: 33.1ms
2025-07-20 23:33:00 [WARNING] GripperOptimized:fast_loop:492 - 主循環執行時間過長: 34.7ms
2025-07-20 23:33:02 [WARNING] GripperOptimized:fast_loop:492 - 主循環執行時間過長: 33.8ms
2025-07-20 23:33:03 [WARNING] GripperOptimized:fast_loop:492 - 主循環執行時間過長: 37.2ms
2025-07-20 23:33:06 [WARNING] GripperOptimized:fast_loop:492 - 主循環執行時間過長: 34.9ms
2025-07-20 23:33:07 [WARNING] GripperOptimized:fast_loop:492 - 主循環執行時間過長: 34.9ms
2025-07-20 23:33:08 [WARNING] GripperOptimized:fast_loop:492 - 主循環執行時間過長: 36.8ms
2025-07-20 23:33:09 [WARNING] GripperOptimized:fast_loop:492 - 主循環執行時間過長: 33.3ms
2025-07-20 23:33:10 [WARNING] GripperOptimized:fast_loop:492 - 主循環執行時間過長: 32.1ms
2025-07-20 23:33:11 [WARNING] GripperOptimized:fast_loop:492 - 主循環執行時間過長: 32.1ms
2025-07-20 23:33:12 [WARNING] GripperOptimized:fast_loop:492 - 主循環執行時間過長: 36.8ms
2025-07-20 23:33:13 [WARNING] GripperOptimized:fast_loop:492 - 主循環執行時間過長: 32.5ms
2025-07-20 23:33:14 [WARNING] GripperOptimized:fast_loop:492 - 主循環執行時間過長: 33.5ms
2025-07-20 23:33:15 [WARNING] GripperOptimized:fast_loop:492 - 主循環執行時間過長: 34.1ms
2025-07-20 23:33:16 [WARNING] GripperOptimized:fast_loop:492 - 主循環執行時間過長: 34.3ms
2025-07-20 23:33:17 [WARNING] GripperOptimized:fast_loop:492 - 主循環執行時間過長: 36.4ms
2025-07-20 23:33:18 [INFO] GripperOptimized:fast_loop:484 - 性能統計: 循環=19000, 平均耗時=13.9ms, 最大耗時=81.3ms, 指令數=17
2025-07-20 23:33:18 [WARNING] GripperOptimized:fast_loop:492 - 主循環執行時間過長: 30.7ms
2025-07-20 23:33:19 [WARNING] GripperOptimized:fast_loop:492 - 主循環執行時間過長: 36.0ms
2025-07-20 23:33:20 [WARNING] GripperOptimized:fast_loop:492 - 主循環執行時間過長: 33.8ms
2025-07-20 23:33:21 [WARNING] GripperOptimized:fast_loop:492 - 主循環執行時間過長: 35.6ms
2025-07-20 23:33:22 [WARNING] GripperOptimized:fast_loop:492 - 主循環執行時間過長: 35.0ms
2025-07-20 23:33:23 [WARNING] GripperOptimized:fast_loop:492 - 主循環執行時間過長: 38.9ms
2025-07-20 23:33:25 [WARNING] GripperOptimized:fast_loop:492 - 主循環執行時間過長: 32.6ms
2025-07-20 23:33:26 [WARNING] GripperOptimized:fast_loop:492 - 主循環執行時間過長: 36.8ms
2025-07-20 23:33:27 [WARNING] GripperOptimized:fast_loop:492 - 主循環執行時間過長: 33.7ms
2025-07-20 23:33:28 [WARNING] GripperOptimized:fast_loop:492 - 主循環執行時間過長: 36.8ms
2025-07-20 23:33:29 [WARNING] GripperOptimized:fast_loop:492 - 主循環執行時間過長: 33.1ms
2025-07-20 23:33:31 [WARNING] GripperOptimized:fast_loop:492 - 主循環執行時間過長: 32.7ms
2025-07-20 23:33:32 [WARNING] GripperOptimized:fast_loop:492 - 主循環執行時間過長: 31.4ms
2025-07-20 23:33:33 [WARNING] GripperOptimized:fast_loop:492 - 主循環執行時間過長: 30.1ms
2025-07-20 23:33:34 [WARNING] GripperOptimized:fast_loop:492 - 主循環執行時間過長: 31.5ms
2025-07-20 23:33:36 [WARNING] GripperOptimized:fast_loop:492 - 主循環執行時間過長: 35.7ms
2025-07-20 23:33:37 [WARNING] GripperOptimized:fast_loop:492 - 主循環執行時間過長: 37.2ms
2025-07-20 23:33:38 [WARNING] GripperOptimized:fast_loop:492 - 主循環執行時間過長: 35.3ms
2025-07-20 23:33:39 [INFO] GripperOptimized:fast_loop:484 - 性能統計: 循環=20000, 平均耗時=13.1ms, 最大耗時=81.3ms, 指令數=17
2025-07-20 23:33:39 [WARNING] GripperOptimized:fast_loop:492 - 主循環執行時間過長: 33.7ms
2025-07-20 23:33:40 [WARNING] GripperOptimized:fast_loop:492 - 主循環執行時間過長: 36.5ms
2025-07-20 23:33:42 [WARNING] GripperOptimized:fast_loop:492 - 主循環執行時間過長: 31.1ms
2025-07-20 23:33:44 [WARNING] GripperOptimized:fast_loop:492 - 主循環執行時間過長: 37.4ms
2025-07-20 23:33:45 [WARNING] GripperOptimized:fast_loop:492 - 主循環執行時間過長: 34.2ms
2025-07-20 23:33:46 [WARNING] GripperOptimized:fast_loop:492 - 主循環執行時間過長: 36.2ms
2025-07-20 23:33:47 [WARNING] GripperOptimized:fast_loop:492 - 主循環執行時間過長: 33.2ms
2025-07-20 23:33:48 [WARNING] GripperOptimized:fast_loop:492 - 主循環執行時間過長: 33.1ms
2025-07-20 23:33:49 [WARNING] GripperOptimized:fast_loop:492 - 主循環執行時間過長: 34.1ms
2025-07-20 23:33:50 [WARNING] GripperOptimized:fast_loop:492 - 主循環執行時間過長: 33.9ms
2025-07-20 23:33:51 [WARNING] GripperOptimized:fast_loop:492 - 主循環執行時間過長: 31.7ms
2025-07-20 23:33:52 [WARNING] GripperOptimized:fast_loop:492 - 主循環執行時間過長: 31.6ms
2025-07-20 23:33:54 [WARNING] GripperOptimized:fast_loop:492 - 主循環執行時間過長: 36.3ms
2025-07-20 23:33:55 [WARNING] GripperOptimized:fast_loop:492 - 主循環執行時間過長: 32.1ms
2025-07-20 23:33:56 [WARNING] GripperOptimized:fast_loop:492 - 主循環執行時間過長: 37.6ms
2025-07-20 23:33:57 [WARNING] GripperOptimized:fast_loop:492 - 主循環執行時間過長: 32.3ms
2025-07-20 23:33:58 [WARNING] GripperOptimized:fast_loop:492 - 主循環執行時間過長: 36.2ms
2025-07-20 23:33:59 [WARNING] GripperOptimized:fast_loop:492 - 主循環執行時間過長: 32.7ms
2025-07-20 23:34:00 [INFO] GripperOptimized:fast_loop:484 - 性能統計: 循環=21000, 平均耗時=12.9ms, 最大耗時=81.3ms, 指令數=17
2025-07-20 23:34:00 [WARNING] GripperOptimized:fast_loop:492 - 主循環執行時間過長: 32.2ms
2025-07-20 23:34:01 [WARNING] GripperOptimized:fast_loop:492 - 主循環執行時間過長: 34.6ms
2025-07-20 23:34:03 [WARNING] GripperOptimized:fast_loop:492 - 主循環執行時間過長: 38.1ms
2025-07-20 23:34:04 [WARNING] GripperOptimized:fast_loop:492 - 主循環執行時間過長: 30.5ms
2025-07-20 23:34:05 [WARNING] GripperOptimized:fast_loop:492 - 主循環執行時間過長: 30.8ms
2025-07-20 23:34:07 [WARNING] GripperOptimized:fast_loop:492 - 主循環執行時間過長: 31.0ms
2025-07-20 23:34:08 [WARNING] GripperOptimized:fast_loop:492 - 主循環執行時間過長: 34.1ms
2025-07-20 23:34:09 [WARNING] GripperOptimized:fast_loop:492 - 主循環執行時間過長: 35.6ms
2025-07-20 23:34:09 [INFO] GripperOptimized:process_commands:412 - 收到PGC指令: 代碼=1, 參數1=0, 參數2=0, ID=1
2025-07-20 23:34:09 [INFO] GripperOptimized:process_commands:418 - PGC指令執行成功
2025-07-20 23:34:09 [WARNING] GripperOptimized:fast_loop:492 - 主循環執行時間過長: 40.8ms
2025-07-20 23:34:10 [WARNING] GripperOptimized:fast_loop:492 - 主循環執行時間過長: 31.4ms
2025-07-20 23:34:11 [WARNING] GripperOptimized:fast_loop:492 - 主循環執行時間過長: 36.0ms
2025-07-20 23:34:12 [WARNING] GripperOptimized:fast_loop:492 - 主循環執行時間過長: 37.7ms
2025-07-20 23:34:15 [WARNING] GripperOptimized:fast_loop:492 - 主循環執行時間過長: 33.1ms
2025-07-20 23:34:16 [WARNING] GripperOptimized:fast_loop:492 - 主循環執行時間過長: 34.8ms
2025-07-20 23:34:17 [INFO] GripperOptimized:process_commands:412 - 收到PGC指令: 代碼=8, 參數1=0, 參數2=0, ID=58287
2025-07-20 23:34:17 [INFO] GripperOptimized:process_commands:418 - PGC指令執行成功
2025-07-20 23:34:17 [WARNING] GripperOptimized:fast_loop:492 - 主循環執行時間過長: 51.3ms
2025-07-20 23:34:17 [WARNING] GripperOptimized:fast_loop:492 - 主循環執行時間過長: 35.2ms
2025-07-20 23:34:18 [WARNING] GripperOptimized:fast_loop:492 - 主循環執行時間過長: 35.3ms
2025-07-20 23:34:19 [WARNING] GripperOptimized:fast_loop:492 - 主循環執行時間過長: 32.9ms
2025-07-20 23:34:20 [WARNING] GripperOptimized:fast_loop:492 - 主循環執行時間過長: 31.3ms
2025-07-20 23:34:21 [INFO] GripperOptimized:fast_loop:484 - 性能統計: 循環=22000, 平均耗時=13.7ms, 最大耗時=81.3ms, 指令數=19
2025-07-20 23:34:22 [WARNING] GripperOptimized:fast_loop:492 - 主循環執行時間過長: 31.6ms
2025-07-20 23:34:24 [WARNING] GripperOptimized:fast_loop:492 - 主循環執行時間過長: 31.3ms
2025-07-20 23:34:25 [WARNING] GripperOptimized:fast_loop:492 - 主循環執行時間過長: 34.3ms
2025-07-20 23:34:26 [WARNING] GripperOptimized:fast_loop:492 - 主循環執行時間過長: 31.4ms
2025-07-20 23:34:27 [WARNING] GripperOptimized:fast_loop:492 - 主循環執行時間過長: 35.4ms
2025-07-20 23:34:28 [WARNING] GripperOptimized:fast_loop:492 - 主循環執行時間過長: 33.0ms
2025-07-20 23:34:28 [INFO] GripperOptimized:process_commands:412 - 收到PGC指令: 代碼=8, 參數1=0, 參數2=0, ID=2
2025-07-20 23:34:28 [INFO] GripperOptimized:process_commands:418 - PGC指令執行成功
2025-07-20 23:34:28 [WARNING] GripperOptimized:fast_loop:492 - 主循環執行時間過長: 51.6ms
2025-07-20 23:34:29 [WARNING] GripperOptimized:fast_loop:492 - 主循環執行時間過長: 34.7ms
2025-07-20 23:34:30 [INFO] GripperOptimized:process_commands:412 - 收到PGC指令: 代碼=3, 參數1=370, 參數2=0, ID=3
2025-07-20 23:34:30 [INFO] GripperOptimized:process_commands:418 - PGC指令執行成功
2025-07-20 23:34:30 [WARNING] GripperOptimized:fast_loop:492 - 主循環執行時間過長: 38.7ms
2025-07-20 23:34:32 [WARNING] GripperOptimized:fast_loop:492 - 主循環執行時間過長: 33.6ms
2025-07-20 23:34:33 [WARNING] GripperOptimized:fast_loop:492 - 主循環執行時間過長: 37.4ms
2025-07-20 23:34:33 [INFO] GripperOptimized:process_commands:412 - 收到PGC指令: 代碼=8, 參數1=0, 參數2=0, ID=4
2025-07-20 23:34:33 [INFO] GripperOptimized:process_commands:418 - PGC指令執行成功
2025-07-20 23:34:33 [WARNING] GripperOptimized:fast_loop:492 - 主循環執行時間過長: 40.3ms
2025-07-20 23:34:35 [WARNING] GripperOptimized:fast_loop:492 - 主循環執行時間過長: 34.2ms
2025-07-20 23:34:36 [INFO] GripperOptimized:process_commands:412 - 收到PGC指令: 代碼=3, 參數1=370, 參數2=0, ID=5
2025-07-20 23:34:36 [INFO] GripperOptimized:process_commands:418 - PGC指令執行成功
2025-07-20 23:34:36 [WARNING] GripperOptimized:fast_loop:492 - 主循環執行時間過長: 50.9ms
2025-07-20 23:34:36 [WARNING] GripperOptimized:fast_loop:492 - 主循環執行時間過長: 38.0ms
2025-07-20 23:34:38 [WARNING] GripperOptimized:fast_loop:492 - 主循環執行時間過長: 32.7ms
2025-07-20 23:34:40 [WARNING] GripperOptimized:fast_loop:492 - 主循環執行時間過長: 32.0ms
2025-07-20 23:34:42 [WARNING] GripperOptimized:fast_loop:492 - 主循環執行時間過長: 30.7ms
2025-07-20 23:34:43 [INFO] GripperOptimized:fast_loop:484 - 性能統計: 循環=23000, 平均耗時=14.2ms, 最大耗時=81.3ms, 指令數=23
2025-07-20 23:34:43 [WARNING] GripperOptimized:fast_loop:492 - 主循環執行時間過長: 31.9ms
2025-07-20 23:34:44 [WARNING] GripperOptimized:fast_loop:492 - 主循環執行時間過長: 32.5ms
2025-07-20 23:34:45 [WARNING] GripperOptimized:fast_loop:492 - 主循環執行時間過長: 33.5ms
2025-07-20 23:34:45 [INFO] GripperOptimized:process_commands:412 - 收到PGC指令: 代碼=8, 參數1=0, 參數2=0, ID=6
2025-07-20 23:34:45 [INFO] GripperOptimized:process_commands:418 - PGC指令執行成功
2025-07-20 23:34:45 [WARNING] GripperOptimized:fast_loop:492 - 主循環執行時間過長: 53.0ms
2025-07-20 23:34:46 [WARNING] GripperOptimized:fast_loop:492 - 主循環執行時間過長: 35.1ms
2025-07-20 23:34:47 [WARNING] GripperOptimized:fast_loop:492 - 主循環執行時間過長: 34.3ms
2025-07-20 23:34:48 [INFO] GripperOptimized:process_commands:412 - 收到PGC指令: 代碼=8, 參數1=0, 參數2=0, ID=7
2025-07-20 23:34:48 [INFO] GripperOptimized:process_commands:418 - PGC指令執行成功
2025-07-20 23:34:48 [WARNING] GripperOptimized:fast_loop:492 - 主循環執行時間過長: 45.8ms
2025-07-20 23:34:49 [WARNING] GripperOptimized:fast_loop:492 - 主循環執行時間過長: 33.8ms
2025-07-20 23:34:49 [INFO] GripperOptimized:process_commands:412 - 收到PGC指令: 代碼=3, 參數1=370, 參數2=0, ID=8
2025-07-20 23:34:49 [INFO] GripperOptimized:process_commands:418 - PGC指令執行成功
2025-07-20 23:34:49 [WARNING] GripperOptimized:fast_loop:492 - 主循環執行時間過長: 45.9ms
2025-07-20 23:34:50 [WARNING] GripperOptimized:fast_loop:492 - 主循環執行時間過長: 36.2ms
2025-07-20 23:34:51 [WARNING] GripperOptimized:fast_loop:492 - 主循環執行時間過長: 37.2ms
2025-07-20 23:34:52 [WARNING] GripperOptimized:fast_loop:492 - 主循環執行時間過長: 34.8ms
2025-07-20 23:34:53 [INFO] GripperOptimized:process_commands:412 - 收到PGC指令: 代碼=8, 參數1=0, 參數2=0, ID=9
2025-07-20 23:34:53 [INFO] GripperOptimized:process_commands:418 - PGC指令執行成功
2025-07-20 23:34:53 [WARNING] GripperOptimized:fast_loop:492 - 主循環執行時間過長: 51.8ms
2025-07-20 23:34:53 [WARNING] GripperOptimized:fast_loop:492 - 主循環執行時間過長: 34.5ms
2025-07-20 23:34:54 [WARNING] GripperOptimized:fast_loop:492 - 主循環執行時間過長: 35.2ms
2025-07-20 23:34:55 [INFO] GripperOptimized:process_commands:412 - 收到PGC指令: 代碼=3, 參數1=370, 參數2=0, ID=10
2025-07-20 23:34:55 [INFO] GripperOptimized:process_commands:418 - PGC指令執行成功
2025-07-20 23:34:55 [WARNING] GripperOptimized:fast_loop:492 - 主循環執行時間過長: 48.1ms
2025-07-20 23:34:57 [WARNING] GripperOptimized:fast_loop:492 - 主循環執行時間過長: 36.0ms
2025-07-20 23:34:58 [WARNING] GripperOptimized:fast_loop:492 - 主循環執行時間過長: 33.8ms
2025-07-20 23:34:59 [WARNING] GripperOptimized:fast_loop:492 - 主循環執行時間過長: 37.9ms
2025-07-20 23:35:00 [WARNING] GripperOptimized:fast_loop:492 - 主循環執行時間過長: 34.6ms
2025-07-20 23:35:01 [WARNING] GripperOptimized:fast_loop:492 - 主循環執行時間過長: 34.0ms
2025-07-20 23:35:01 [INFO] GripperOptimized:process_commands:412 - 收到PGC指令: 代碼=8, 參數1=0, 參數2=0, ID=11
2025-07-20 23:35:01 [INFO] GripperOptimized:process_commands:418 - PGC指令執行成功
2025-07-20 23:35:01 [WARNING] GripperOptimized:fast_loop:492 - 主循環執行時間過長: 52.0ms
2025-07-20 23:35:02 [WARNING] GripperOptimized:fast_loop:492 - 主循環執行時間過長: 32.1ms
2025-07-20 23:35:03 [WARNING] GripperOptimized:fast_loop:492 - 主循環執行時間過長: 37.0ms
2025-07-20 23:35:03 [INFO] GripperOptimized:process_commands:412 - 收到PGC指令: 代碼=8, 參數1=0, 參數2=0, ID=12
2025-07-20 23:35:03 [INFO] GripperOptimized:process_commands:418 - PGC指令執行成功
2025-07-20 23:35:03 [WARNING] GripperOptimized:fast_loop:492 - 主循環執行時間過長: 48.5ms
2025-07-20 23:35:04 [INFO] GripperOptimized:fast_loop:484 - 性能統計: 循環=24000, 平均耗時=12.9ms, 最大耗時=81.3ms, 指令數=30
2025-07-20 23:35:04 [WARNING] GripperOptimized:fast_loop:492 - 主循環執行時間過長: 33.5ms
2025-07-20 23:35:05 [INFO] GripperOptimized:process_commands:412 - 收到PGC指令: 代碼=3, 參數1=370, 參數2=0, ID=13
2025-07-20 23:35:05 [INFO] GripperOptimized:process_commands:418 - PGC指令執行成功
2025-07-20 23:35:05 [WARNING] GripperOptimized:fast_loop:492 - 主循環執行時間過長: 42.9ms
2025-07-20 23:35:05 [WARNING] GripperOptimized:fast_loop:492 - 主循環執行時間過長: 32.1ms
2025-07-20 23:35:06 [WARNING] GripperOptimized:fast_loop:492 - 主循環執行時間過長: 32.6ms
2025-07-20 23:35:07 [WARNING] GripperOptimized:fast_loop:492 - 主循環執行時間過長: 32.7ms
2025-07-20 23:35:08 [INFO] GripperOptimized:process_commands:412 - 收到PGC指令: 代碼=8, 參數1=0, 參數2=0, ID=14
2025-07-20 23:35:08 [INFO] GripperOptimized:process_commands:418 - PGC指令執行成功
2025-07-20 23:35:08 [WARNING] GripperOptimized:fast_loop:492 - 主循環執行時間過長: 52.7ms
2025-07-20 23:35:09 [WARNING] GripperOptimized:fast_loop:492 - 主循環執行時間過長: 33.1ms
2025-07-20 23:35:11 [INFO] GripperOptimized:process_commands:412 - 收到PGC指令: 代碼=3, 參數1=370, 參數2=0, ID=15
2025-07-20 23:35:11 [INFO] GripperOptimized:process_commands:418 - PGC指令執行成功
2025-07-20 23:35:11 [WARNING] GripperOptimized:fast_loop:492 - 主循環執行時間過長: 49.9ms
2025-07-20 23:35:13 [WARNING] GripperOptimized:fast_loop:492 - 主循環執行時間過長: 32.8ms
2025-07-20 23:35:14 [WARNING] GripperOptimized:fast_loop:492 - 主循環執行時間過長: 33.7ms
2025-07-20 23:35:16 [WARNING] GripperOptimized:fast_loop:492 - 主循環執行時間過長: 30.2ms
2025-07-20 23:35:17 [WARNING] GripperOptimized:fast_loop:492 - 主循環執行時間過長: 30.9ms
2025-07-20 23:35:18 [WARNING] GripperOptimized:fast_loop:492 - 主循環執行時間過長: 30.7ms
2025-07-20 23:35:19 [WARNING] GripperOptimized:fast_loop:492 - 主循環執行時間過長: 36.4ms
2025-07-20 23:35:20 [WARNING] GripperOptimized:fast_loop:492 - 主循環執行時間過長: 36.9ms
2025-07-20 23:35:21 [WARNING] GripperOptimized:fast_loop:492 - 主循環執行時間過長: 36.4ms
2025-07-20 23:35:22 [WARNING] GripperOptimized:fast_loop:492 - 主循環執行時間過長: 34.2ms
2025-07-20 23:35:23 [WARNING] GripperOptimized:fast_loop:492 - 主循環執行時間過長: 36.9ms
2025-07-20 23:35:24 [WARNING] GripperOptimized:fast_loop:492 - 主循環執行時間過長: 34.4ms
2025-07-20 23:35:25 [INFO] GripperOptimized:fast_loop:484 - 性能統計: 循環=25000, 平均耗時=13.3ms, 最大耗時=81.3ms, 指令數=33
2025-07-20 23:35:25 [WARNING] GripperOptimized:fast_loop:492 - 主循環執行時間過長: 33.6ms
2025-07-20 23:35:26 [WARNING] GripperOptimized:fast_loop:492 - 主循環執行時間過長: 33.3ms
2025-07-20 23:35:29 [WARNING] GripperOptimized:fast_loop:492 - 主循環執行時間過長: 34.7ms
2025-07-20 23:35:31 [WARNING] GripperOptimized:fast_loop:492 - 主循環執行時間過長: 36.9ms
2025-07-20 23:35:34 [WARNING] GripperOptimized:fast_loop:492 - 主循環執行時間過長: 35.0ms
2025-07-20 23:35:35 [WARNING] GripperOptimized:fast_loop:492 - 主循環執行時間過長: 35.3ms
2025-07-20 23:35:36 [WARNING] GripperOptimized:fast_loop:492 - 主循環執行時間過長: 32.7ms
2025-07-20 23:35:37 [WARNING] GripperOptimized:fast_loop:492 - 主循環執行時間過長: 35.1ms
2025-07-20 23:35:38 [WARNING] GripperOptimized:fast_loop:492 - 主循環執行時間過長: 37.3ms
2025-07-20 23:35:39 [WARNING] GripperOptimized:fast_loop:492 - 主循環執行時間過長: 30.1ms
2025-07-20 23:35:39 [INFO] GripperOptimized:process_commands:412 - 收到PGC指令: 代碼=8, 參數1=0, 參數2=0, ID=16
2025-07-20 23:35:39 [INFO] GripperOptimized:process_commands:418 - PGC指令執行成功
2025-07-20 23:35:39 [WARNING] GripperOptimized:fast_loop:492 - 主循環執行時間過長: 49.4ms
2025-07-20 23:35:41 [WARNING] GripperOptimized:fast_loop:492 - 主循環執行時間過長: 36.1ms
2025-07-20 23:35:42 [INFO] GripperOptimized:process_commands:412 - 收到PGC指令: 代碼=8, 參數1=0, 參數2=0, ID=17
2025-07-20 23:35:42 [INFO] GripperOptimized:process_commands:418 - PGC指令執行成功
2025-07-20 23:35:42 [WARNING] GripperOptimized:fast_loop:492 - 主循環執行時間過長: 50.3ms
2025-07-20 23:35:43 [WARNING] GripperOptimized:fast_loop:492 - 主循環執行時間過長: 35.6ms
2025-07-20 23:35:43 [INFO] GripperOptimized:process_commands:412 - 收到PGC指令: 代碼=3, 參數1=370, 參數2=0, ID=18
2025-07-20 23:35:43 [INFO] GripperOptimized:process_commands:418 - PGC指令執行成功
2025-07-20 23:35:43 [WARNING] GripperOptimized:fast_loop:492 - 主循環執行時間過長: 43.8ms
2025-07-20 23:35:44 [WARNING] GripperOptimized:fast_loop:492 - 主循環執行時間過長: 32.2ms
2025-07-20 23:35:45 [WARNING] GripperOptimized:fast_loop:492 - 主循環執行時間過長: 30.6ms
2025-07-20 23:35:46 [INFO] GripperOptimized:fast_loop:484 - 性能統計: 循環=26000, 平均耗時=13.8ms, 最大耗時=81.3ms, 指令數=36
2025-07-20 23:35:46 [WARNING] GripperOptimized:fast_loop:492 - 主循環執行時間過長: 33.9ms
2025-07-20 23:35:47 [INFO] GripperOptimized:process_commands:412 - 收到PGC指令: 代碼=8, 參數1=0, 參數2=0, ID=19
2025-07-20 23:35:47 [INFO] GripperOptimized:process_commands:418 - PGC指令執行成功
2025-07-20 23:35:47 [WARNING] GripperOptimized:fast_loop:492 - 主循環執行時間過長: 46.6ms
2025-07-20 23:35:48 [WARNING] GripperOptimized:fast_loop:492 - 主循環執行時間過長: 32.0ms
2025-07-20 23:35:49 [INFO] GripperOptimized:process_commands:412 - 收到PGC指令: 代碼=3, 參數1=370, 參數2=0, ID=20
2025-07-20 23:35:49 [INFO] GripperOptimized:process_commands:418 - PGC指令執行成功
2025-07-20 23:35:49 [WARNING] GripperOptimized:fast_loop:492 - 主循環執行時間過長: 37.0ms
2025-07-20 23:35:49 [WARNING] GripperOptimized:fast_loop:492 - 主循環執行時間過長: 33.4ms
2025-07-20 23:35:51 [WARNING] GripperOptimized:fast_loop:492 - 主循環執行時間過長: 38.0ms
2025-07-20 23:35:52 [WARNING] GripperOptimized:fast_loop:492 - 主循環執行時間過長: 33.9ms
2025-07-20 23:35:53 [WARNING] GripperOptimized:fast_loop:492 - 主循環執行時間過長: 33.0ms
2025-07-20 23:35:54 [WARNING] GripperOptimized:fast_loop:492 - 主循環執行時間過長: 35.9ms
2025-07-20 23:35:55 [WARNING] GripperOptimized:fast_loop:492 - 主循環執行時間過長: 31.6ms
2025-07-20 23:35:56 [WARNING] GripperOptimized:fast_loop:492 - 主循環執行時間過長: 37.2ms
2025-07-20 23:35:58 [WARNING] GripperOptimized:fast_loop:492 - 主循環執行時間過長: 34.6ms
2025-07-20 23:35:59 [WARNING] GripperOptimized:fast_loop:492 - 主循環執行時間過長: 35.6ms
2025-07-20 23:36:00 [WARNING] GripperOptimized:fast_loop:492 - 主循環執行時間過長: 31.0ms
2025-07-20 23:36:01 [WARNING] GripperOptimized:fast_loop:492 - 主循環執行時間過長: 31.2ms
2025-07-20 23:36:02 [WARNING] GripperOptimized:fast_loop:492 - 主循環執行時間過長: 30.8ms
2025-07-20 23:36:03 [WARNING] GripperOptimized:fast_loop:492 - 主循環執行時間過長: 34.6ms
2025-07-20 23:36:04 [WARNING] GripperOptimized:fast_loop:492 - 主循環執行時間過長: 32.5ms
2025-07-20 23:36:05 [WARNING] GripperOptimized:fast_loop:492 - 主循環執行時間過長: 37.2ms
2025-07-20 23:36:06 [WARNING] GripperOptimized:fast_loop:492 - 主循環執行時間過長: 32.6ms
2025-07-20 23:36:07 [INFO] GripperOptimized:fast_loop:484 - 性能統計: 循環=27000, 平均耗時=13.2ms, 最大耗時=81.3ms, 指令數=38
2025-07-20 23:36:07 [WARNING] GripperOptimized:fast_loop:492 - 主循環執行時間過長: 37.7ms
2025-07-20 23:36:09 [WARNING] GripperOptimized:fast_loop:492 - 主循環執行時間過長: 33.2ms
2025-07-20 23:36:12 [WARNING] GripperOptimized:fast_loop:492 - 主循環執行時間過長: 35.2ms
2025-07-20 23:36:13 [WARNING] GripperOptimized:fast_loop:492 - 主循環執行時間過長: 33.6ms
2025-07-20 23:36:14 [WARNING] GripperOptimized:fast_loop:492 - 主循環執行時間過長: 35.3ms
2025-07-20 23:36:15 [WARNING] GripperOptimized:fast_loop:492 - 主循環執行時間過長: 34.6ms
2025-07-20 23:36:17 [WARNING] GripperOptimized:fast_loop:492 - 主循環執行時間過長: 35.7ms
2025-07-20 23:36:18 [WARNING] GripperOptimized:fast_loop:492 - 主循環執行時間過長: 31.3ms
2025-07-20 23:36:19 [WARNING] GripperOptimized:fast_loop:492 - 主循環執行時間過長: 35.1ms
2025-07-20 23:36:20 [WARNING] GripperOptimized:fast_loop:492 - 主循環執行時間過長: 31.7ms
2025-07-20 23:36:21 [WARNING] GripperOptimized:fast_loop:492 - 主循環執行時間過長: 35.6ms
2025-07-20 23:36:22 [WARNING] GripperOptimized:fast_loop:492 - 主循環執行時間過長: 35.5ms
2025-07-20 23:36:23 [WARNING] GripperOptimized:fast_loop:492 - 主循環執行時間過長: 32.1ms
2025-07-20 23:36:24 [WARNING] GripperOptimized:fast_loop:492 - 主循環執行時間過長: 32.0ms
2025-07-20 23:36:25 [WARNING] GripperOptimized:fast_loop:492 - 主循環執行時間過長: 33.9ms
2025-07-20 23:36:26 [WARNING] GripperOptimized:fast_loop:492 - 主循環執行時間過長: 38.1ms
2025-07-20 23:36:27 [WARNING] GripperOptimized:fast_loop:492 - 主循環執行時間過長: 35.3ms
2025-07-20 23:36:28 [INFO] GripperOptimized:fast_loop:484 - 性能統計: 循環=28000, 平均耗時=14.8ms, 最大耗時=81.3ms, 指令數=38
2025-07-20 23:36:28 [WARNING] GripperOptimized:fast_loop:492 - 主循環執行時間過長: 32.8ms
2025-07-20 23:36:31 [WARNING] GripperOptimized:fast_loop:492 - 主循環執行時間過長: 38.1ms
2025-07-20 23:36:32 [WARNING] GripperOptimized:fast_loop:492 - 主循環執行時間過長: 31.2ms
2025-07-20 23:36:33 [WARNING] GripperOptimized:fast_loop:492 - 主循環執行時間過長: 32.4ms
2025-07-20 23:36:34 [WARNING] GripperOptimized:fast_loop:492 - 主循環執行時間過長: 38.4ms
2025-07-20 23:36:35 [WARNING] GripperOptimized:fast_loop:492 - 主循環執行時間過長: 31.7ms
2025-07-20 23:36:36 [WARNING] GripperOptimized:fast_loop:492 - 主循環執行時間過長: 35.9ms
2025-07-20 23:36:37 [WARNING] GripperOptimized:fast_loop:492 - 主循環執行時間過長: 35.2ms
2025-07-20 23:36:38 [WARNING] GripperOptimized:fast_loop:492 - 主循環執行時間過長: 37.8ms
2025-07-20 23:36:39 [WARNING] GripperOptimized:fast_loop:492 - 主循環執行時間過長: 36.8ms
2025-07-20 23:36:40 [WARNING] GripperOptimized:fast_loop:492 - 主循環執行時間過長: 35.0ms
2025-07-20 23:36:41 [WARNING] GripperOptimized:fast_loop:492 - 主循環執行時間過長: 31.2ms
2025-07-20 23:36:42 [WARNING] GripperOptimized:fast_loop:492 - 主循環執行時間過長: 38.0ms
2025-07-20 23:36:43 [WARNING] GripperOptimized:fast_loop:492 - 主循環執行時間過長: 36.4ms
2025-07-20 23:36:44 [WARNING] GripperOptimized:fast_loop:492 - 主循環執行時間過長: 31.1ms
2025-07-20 23:36:45 [WARNING] GripperOptimized:fast_loop:492 - 主循環執行時間過長: 30.4ms
2025-07-20 23:36:46 [WARNING] GripperOptimized:fast_loop:492 - 主循環執行時間過長: 37.2ms
2025-07-20 23:36:47 [WARNING] GripperOptimized:fast_loop:492 - 主循環執行時間過長: 33.7ms
2025-07-20 23:36:49 [WARNING] GripperOptimized:fast_loop:492 - 主循環執行時間過長: 31.1ms
2025-07-20 23:36:50 [INFO] GripperOptimized:fast_loop:484 - 性能統計: 循環=29000, 平均耗時=14.9ms, 最大耗時=81.3ms, 指令數=38
2025-07-20 23:36:51 [WARNING] GripperOptimized:fast_loop:492 - 主循環執行時間過長: 35.0ms
2025-07-20 23:36:52 [WARNING] GripperOptimized:fast_loop:492 - 主循環執行時間過長: 32.7ms
2025-07-20 23:36:53 [WARNING] GripperOptimized:fast_loop:492 - 主循環執行時間過長: 32.6ms
2025-07-20 23:36:54 [WARNING] GripperOptimized:fast_loop:492 - 主循環執行時間過長: 35.6ms
2025-07-20 23:36:56 [WARNING] GripperOptimized:fast_loop:492 - 主循環執行時間過長: 31.7ms
2025-07-20 23:36:57 [WARNING] GripperOptimized:fast_loop:492 - 主循環執行時間過長: 31.9ms
2025-07-20 23:36:59 [WARNING] GripperOptimized:fast_loop:492 - 主循環執行時間過長: 32.6ms
2025-07-20 23:37:00 [WARNING] GripperOptimized:fast_loop:492 - 主循環執行時間過長: 32.5ms
2025-07-20 23:37:01 [WARNING] GripperOptimized:fast_loop:492 - 主循環執行時間過長: 32.7ms
2025-07-20 23:37:02 [WARNING] GripperOptimized:fast_loop:492 - 主循環執行時間過長: 36.8ms
2025-07-20 23:37:03 [WARNING] GripperOptimized:fast_loop:492 - 主循環執行時間過長: 36.3ms
2025-07-20 23:37:04 [WARNING] GripperOptimized:fast_loop:492 - 主循環執行時間過長: 36.3ms
2025-07-20 23:37:05 [WARNING] GripperOptimized:fast_loop:492 - 主循環執行時間過長: 33.8ms
2025-07-20 23:37:07 [WARNING] GripperOptimized:fast_loop:492 - 主循環執行時間過長: 35.4ms
2025-07-20 23:37:10 [WARNING] GripperOptimized:fast_loop:492 - 主循環執行時間過長: 31.7ms
2025-07-20 23:37:11 [INFO] GripperOptimized:fast_loop:484 - 性能統計: 循環=30000, 平均耗時=13.7ms, 最大耗時=81.3ms, 指令數=38
2025-07-20 23:37:11 [WARNING] GripperOptimized:fast_loop:492 - 主循環執行時間過長: 33.8ms
2025-07-20 23:37:12 [WARNING] GripperOptimized:fast_loop:492 - 主循環執行時間過長: 35.6ms
2025-07-20 23:37:13 [WARNING] GripperOptimized:fast_loop:492 - 主循環執行時間過長: 37.9ms
2025-07-20 23:37:14 [WARNING] GripperOptimized:fast_loop:492 - 主循環執行時間過長: 33.4ms
2025-07-20 23:37:15 [WARNING] GripperOptimized:fast_loop:492 - 主循環執行時間過長: 36.0ms
2025-07-20 23:37:17 [WARNING] GripperOptimized:fast_loop:492 - 主循環執行時間過長: 33.4ms
2025-07-20 23:37:19 [WARNING] GripperOptimized:fast_loop:492 - 主循環執行時間過長: 35.2ms
2025-07-20 23:37:20 [WARNING] GripperOptimized:fast_loop:492 - 主循環執行時間過長: 36.2ms
2025-07-20 23:37:21 [WARNING] GripperOptimized:fast_loop:492 - 主循環執行時間過長: 38.4ms
2025-07-20 23:37:22 [WARNING] GripperOptimized:fast_loop:492 - 主循環執行時間過長: 35.2ms
2025-07-20 23:37:24 [WARNING] GripperOptimized:fast_loop:492 - 主循環執行時間過長: 34.1ms
2025-07-20 23:37:25 [WARNING] GripperOptimized:fast_loop:492 - 主循環執行時間過長: 30.5ms
2025-07-20 23:37:27 [WARNING] GripperOptimized:fast_loop:492 - 主循環執行時間過長: 35.9ms
2025-07-20 23:37:29 [WARNING] GripperOptimized:fast_loop:492 - 主循環執行時間過長: 30.4ms
2025-07-20 23:37:30 [WARNING] GripperOptimized:fast_loop:492 - 主循環執行時間過長: 35.2ms
2025-07-20 23:37:31 [WARNING] GripperOptimized:fast_loop:492 - 主循環執行時間過長: 35.4ms
2025-07-20 23:37:32 [INFO] GripperOptimized:fast_loop:484 - 性能統計: 循環=31000, 平均耗時=13.8ms, 最大耗時=81.3ms, 指令數=38
2025-07-20 23:37:32 [WARNING] GripperOptimized:fast_loop:492 - 主循環執行時間過長: 36.3ms
2025-07-20 23:37:35 [WARNING] GripperOptimized:fast_loop:492 - 主循環執行時間過長: 34.1ms
2025-07-20 23:37:36 [WARNING] GripperOptimized:fast_loop:492 - 主循環執行時間過長: 35.8ms
2025-07-20 23:37:37 [WARNING] GripperOptimized:fast_loop:492 - 主循環執行時間過長: 36.1ms
2025-07-20 23:37:39 [WARNING] GripperOptimized:fast_loop:492 - 主循環執行時間過長: 37.1ms
2025-07-20 23:37:40 [WARNING] GripperOptimized:fast_loop:492 - 主循環執行時間過長: 34.9ms
2025-07-20 23:37:41 [WARNING] GripperOptimized:fast_loop:492 - 主循環執行時間過長: 34.7ms
2025-07-20 23:37:42 [WARNING] GripperOptimized:fast_loop:492 - 主循環執行時間過長: 35.1ms
2025-07-20 23:37:44 [WARNING] GripperOptimized:fast_loop:492 - 主循環執行時間過長: 36.2ms
2025-07-20 23:37:45 [WARNING] GripperOptimized:fast_loop:492 - 主循環執行時間過長: 37.5ms
2025-07-20 23:37:46 [WARNING] GripperOptimized:fast_loop:492 - 主循環執行時間過長: 35.2ms
2025-07-20 23:37:48 [WARNING] GripperOptimized:fast_loop:492 - 主循環執行時間過長: 34.6ms
2025-07-20 23:37:50 [WARNING] GripperOptimized:fast_loop:492 - 主循環執行時間過長: 35.8ms
2025-07-20 23:37:51 [WARNING] GripperOptimized:fast_loop:492 - 主循環執行時間過長: 34.9ms
2025-07-20 23:37:53 [INFO] GripperOptimized:fast_loop:484 - 性能統計: 循環=32000, 平均耗時=13.1ms, 最大耗時=81.3ms, 指令數=38
2025-07-20 23:37:53 [WARNING] GripperOptimized:fast_loop:492 - 主循環執行時間過長: 35.5ms
2025-07-20 23:37:54 [WARNING] GripperOptimized:fast_loop:492 - 主循環執行時間過長: 35.8ms
2025-07-20 23:37:55 [WARNING] GripperOptimized:fast_loop:492 - 主循環執行時間過長: 36.1ms
2025-07-20 23:37:56 [WARNING] GripperOptimized:fast_loop:492 - 主循環執行時間過長: 31.4ms
2025-07-20 23:37:58 [WARNING] GripperOptimized:fast_loop:492 - 主循環執行時間過長: 38.4ms
2025-07-20 23:37:59 [WARNING] GripperOptimized:fast_loop:492 - 主循環執行時間過長: 34.0ms
2025-07-20 23:38:00 [WARNING] GripperOptimized:fast_loop:492 - 主循環執行時間過長: 36.5ms
2025-07-20 23:38:01 [WARNING] GripperOptimized:fast_loop:492 - 主循環執行時間過長: 36.3ms
2025-07-20 23:38:02 [WARNING] GripperOptimized:fast_loop:492 - 主循環執行時間過長: 31.7ms
2025-07-20 23:38:03 [WARNING] GripperOptimized:fast_loop:492 - 主循環執行時間過長: 33.6ms
2025-07-20 23:38:04 [WARNING] GripperOptimized:fast_loop:492 - 主循環執行時間過長: 37.1ms
2025-07-20 23:38:05 [WARNING] GripperOptimized:fast_loop:492 - 主循環執行時間過長: 33.2ms
2025-07-20 23:38:06 [WARNING] GripperOptimized:fast_loop:492 - 主循環執行時間過長: 33.2ms
2025-07-20 23:38:07 [WARNING] GripperOptimized:fast_loop:492 - 主循環執行時間過長: 32.2ms
2025-07-20 23:38:09 [WARNING] GripperOptimized:fast_loop:492 - 主循環執行時間過長: 31.1ms
2025-07-20 23:38:10 [WARNING] GripperOptimized:fast_loop:492 - 主循環執行時間過長: 34.0ms
2025-07-20 23:38:11 [WARNING] GripperOptimized:fast_loop:492 - 主循環執行時間過長: 31.6ms
2025-07-20 23:38:12 [WARNING] GripperOptimized:fast_loop:492 - 主循環執行時間過長: 35.2ms
2025-07-20 23:38:13 [WARNING] GripperOptimized:fast_loop:492 - 主循環執行時間過長: 34.1ms
2025-07-20 23:38:14 [INFO] GripperOptimized:fast_loop:484 - 性能統計: 循環=33000, 平均耗時=14.0ms, 最大耗時=81.3ms, 指令數=38
2025-07-20 23:38:14 [WARNING] GripperOptimized:fast_loop:492 - 主循環執行時間過長: 32.8ms
2025-07-20 23:38:15 [WARNING] GripperOptimized:fast_loop:492 - 主循環執行時間過長: 35.5ms
2025-07-20 23:38:16 [WARNING] GripperOptimized:fast_loop:492 - 主循環執行時間過長: 37.7ms
2025-07-20 23:38:17 [WARNING] GripperOptimized:fast_loop:492 - 主循環執行時間過長: 35.8ms
2025-07-20 23:38:20 [WARNING] GripperOptimized:fast_loop:492 - 主循環執行時間過長: 34.1ms
2025-07-20 23:38:21 [WARNING] GripperOptimized:fast_loop:492 - 主循環執行時間過長: 33.9ms
2025-07-20 23:38:22 [WARNING] GripperOptimized:fast_loop:492 - 主循環執行時間過長: 34.7ms
2025-07-20 23:38:23 [WARNING] GripperOptimized:fast_loop:492 - 主循環執行時間過長: 32.5ms
2025-07-20 23:38:24 [WARNING] GripperOptimized:fast_loop:492 - 主循環執行時間過長: 34.3ms
2025-07-20 23:38:26 [WARNING] GripperOptimized:fast_loop:492 - 主循環執行時間過長: 36.3ms
2025-07-20 23:38:28 [WARNING] GripperOptimized:fast_loop:492 - 主循環執行時間過長: 36.2ms
2025-07-20 23:38:31 [WARNING] GripperOptimized:fast_loop:492 - 主循環執行時間過長: 34.5ms
2025-07-20 23:38:32 [WARNING] GripperOptimized:fast_loop:492 - 主循環執行時間過長: 36.4ms
2025-07-20 23:38:33 [WARNING] GripperOptimized:fast_loop:492 - 主循環執行時間過長: 34.7ms
2025-07-20 23:38:34 [WARNING] GripperOptimized:fast_loop:492 - 主循環執行時間過長: 33.2ms
2025-07-20 23:38:35 [INFO] GripperOptimized:fast_loop:484 - 性能統計: 循環=34000, 平均耗時=13.2ms, 最大耗時=81.3ms, 指令數=38
2025-07-20 23:38:35 [WARNING] GripperOptimized:fast_loop:492 - 主循環執行時間過長: 36.6ms
2025-07-20 23:38:36 [WARNING] GripperOptimized:fast_loop:492 - 主循環執行時間過長: 33.6ms
2025-07-20 23:38:37 [WARNING] GripperOptimized:fast_loop:492 - 主循環執行時間過長: 32.3ms
2025-07-20 23:38:39 [WARNING] GripperOptimized:fast_loop:492 - 主循環執行時間過長: 32.4ms
2025-07-20 23:38:40 [WARNING] GripperOptimized:fast_loop:492 - 主循環執行時間過長: 36.3ms
2025-07-20 23:38:41 [WARNING] GripperOptimized:fast_loop:492 - 主循環執行時間過長: 32.9ms
2025-07-20 23:38:42 [WARNING] GripperOptimized:fast_loop:492 - 主循環執行時間過長: 35.2ms
2025-07-20 23:38:43 [WARNING] GripperOptimized:fast_loop:492 - 主循環執行時間過長: 34.7ms
2025-07-20 23:38:44 [WARNING] GripperOptimized:fast_loop:492 - 主循環執行時間過長: 35.4ms
2025-07-20 23:38:45 [WARNING] GripperOptimized:fast_loop:492 - 主循環執行時間過長: 34.1ms
2025-07-20 23:38:46 [WARNING] GripperOptimized:fast_loop:492 - 主循環執行時間過長: 32.4ms
2025-07-20 23:38:47 [WARNING] GripperOptimized:fast_loop:492 - 主循環執行時間過長: 34.8ms
2025-07-20 23:38:50 [WARNING] GripperOptimized:fast_loop:492 - 主循環執行時間過長: 31.5ms
2025-07-20 23:38:51 [WARNING] GripperOptimized:fast_loop:492 - 主循環執行時間過長: 32.6ms
2025-07-20 23:38:53 [WARNING] GripperOptimized:fast_loop:492 - 主循環執行時間過長: 34.9ms
2025-07-20 23:38:54 [WARNING] GripperOptimized:fast_loop:492 - 主循環執行時間過長: 34.5ms
2025-07-20 23:38:55 [WARNING] GripperOptimized:fast_loop:492 - 主循環執行時間過長: 33.2ms
2025-07-20 23:38:56 [INFO] GripperOptimized:fast_loop:484 - 性能統計: 循環=35000, 平均耗時=12.9ms, 最大耗時=81.3ms, 指令數=38
2025-07-20 23:38:56 [WARNING] GripperOptimized:fast_loop:492 - 主循環執行時間過長: 35.1ms
2025-07-20 23:38:57 [WARNING] GripperOptimized:fast_loop:492 - 主循環執行時間過長: 35.8ms
2025-07-20 23:38:58 [WARNING] GripperOptimized:fast_loop:492 - 主循環執行時間過長: 36.6ms
2025-07-20 23:38:59 [WARNING] GripperOptimized:fast_loop:492 - 主循環執行時間過長: 37.1ms
2025-07-20 23:39:00 [WARNING] GripperOptimized:fast_loop:492 - 主循環執行時間過長: 33.4ms
2025-07-20 23:39:01 [WARNING] GripperOptimized:fast_loop:492 - 主循環執行時間過長: 36.2ms
2025-07-20 23:39:02 [WARNING] GripperOptimized:fast_loop:492 - 主循環執行時間過長: 35.3ms
2025-07-20 23:39:03 [WARNING] GripperOptimized:fast_loop:492 - 主循環執行時間過長: 37.3ms
2025-07-20 23:39:04 [WARNING] GripperOptimized:fast_loop:492 - 主循環執行時間過長: 31.7ms
2025-07-20 23:39:06 [WARNING] GripperOptimized:fast_loop:492 - 主循環執行時間過長: 37.2ms
2025-07-20 23:39:09 [WARNING] GripperOptimized:fast_loop:492 - 主循環執行時間過長: 35.7ms
2025-07-20 23:39:10 [WARNING] GripperOptimized:fast_loop:492 - 主循環執行時間過長: 35.0ms
2025-07-20 23:39:12 [WARNING] GripperOptimized:fast_loop:492 - 主循環執行時間過長: 34.3ms
2025-07-20 23:39:15 [WARNING] GripperOptimized:fast_loop:492 - 主循環執行時間過長: 38.1ms
2025-07-20 23:39:16 [WARNING] GripperOptimized:fast_loop:492 - 主循環執行時間過長: 33.7ms
2025-07-20 23:39:17 [INFO] GripperOptimized:fast_loop:484 - 性能統計: 循環=36000, 平均耗時=14.6ms, 最大耗時=81.3ms, 指令數=38
2025-07-20 23:39:17 [WARNING] GripperOptimized:fast_loop:492 - 主循環執行時間過長: 31.7ms
2025-07-20 23:39:18 [WARNING] GripperOptimized:fast_loop:492 - 主循環執行時間過長: 37.0ms
2025-07-20 23:39:19 [WARNING] GripperOptimized:fast_loop:492 - 主循環執行時間過長: 34.0ms
2025-07-20 23:39:20 [WARNING] GripperOptimized:fast_loop:492 - 主循環執行時間過長: 32.1ms
2025-07-20 23:39:21 [WARNING] GripperOptimized:fast_loop:492 - 主循環執行時間過長: 37.7ms
2025-07-20 23:39:22 [WARNING] GripperOptimized:fast_loop:492 - 主循環執行時間過長: 36.4ms
2025-07-20 23:39:24 [WARNING] GripperOptimized:fast_loop:492 - 主循環執行時間過長: 36.1ms
2025-07-20 23:39:25 [WARNING] GripperOptimized:fast_loop:492 - 主循環執行時間過長: 35.4ms
2025-07-20 23:39:26 [WARNING] GripperOptimized:fast_loop:492 - 主循環執行時間過長: 30.6ms
2025-07-20 23:39:27 [WARNING] GripperOptimized:fast_loop:492 - 主循環執行時間過長: 36.7ms
2025-07-20 23:39:30 [WARNING] GripperOptimized:fast_loop:492 - 主循環執行時間過長: 35.7ms
2025-07-20 23:39:32 [WARNING] GripperOptimized:fast_loop:492 - 主循環執行時間過長: 34.2ms
2025-07-20 23:39:34 [WARNING] GripperOptimized:fast_loop:492 - 主循環執行時間過長: 31.7ms
2025-07-20 23:39:35 [WARNING] GripperOptimized:fast_loop:492 - 主循環執行時間過長: 33.7ms
2025-07-20 23:39:36 [WARNING] GripperOptimized:fast_loop:492 - 主循環執行時間過長: 33.9ms
2025-07-20 23:39:37 [WARNING] GripperOptimized:fast_loop:492 - 主循環執行時間過長: 35.7ms
2025-07-20 23:39:38 [INFO] GripperOptimized:fast_loop:484 - 性能統計: 循環=37000, 平均耗時=12.9ms, 最大耗時=81.3ms, 指令數=38
2025-07-20 23:39:38 [WARNING] GripperOptimized:fast_loop:492 - 主循環執行時間過長: 34.8ms
2025-07-20 23:39:40 [WARNING] GripperOptimized:fast_loop:492 - 主循環執行時間過長: 33.2ms
2025-07-20 23:39:41 [WARNING] GripperOptimized:fast_loop:492 - 主循環執行時間過長: 35.2ms
2025-07-20 23:39:42 [WARNING] GripperOptimized:fast_loop:492 - 主循環執行時間過長: 34.7ms
2025-07-20 23:39:43 [WARNING] GripperOptimized:fast_loop:492 - 主循環執行時間過長: 31.2ms
2025-07-20 23:39:44 [WARNING] GripperOptimized:fast_loop:492 - 主循環執行時間過長: 36.1ms
2025-07-20 23:39:45 [WARNING] GripperOptimized:fast_loop:492 - 主循環執行時間過長: 35.7ms
2025-07-20 23:39:46 [WARNING] GripperOptimized:fast_loop:492 - 主循環執行時間過長: 30.8ms
2025-07-20 23:39:47 [WARNING] GripperOptimized:fast_loop:492 - 主循環執行時間過長: 35.5ms
2025-07-20 23:39:49 [WARNING] GripperOptimized:fast_loop:492 - 主循環執行時間過長: 33.5ms
2025-07-20 23:39:50 [WARNING] GripperOptimized:fast_loop:492 - 主循環執行時間過長: 36.0ms
2025-07-20 23:39:51 [WARNING] GripperOptimized:fast_loop:492 - 主循環執行時間過長: 32.8ms
2025-07-20 23:39:52 [WARNING] GripperOptimized:fast_loop:492 - 主循環執行時間過長: 32.9ms
2025-07-20 23:39:54 [WARNING] GripperOptimized:fast_loop:492 - 主循環執行時間過長: 34.6ms
2025-07-20 23:39:55 [WARNING] GripperOptimized:fast_loop:492 - 主循環執行時間過長: 35.6ms
2025-07-20 23:39:56 [WARNING] GripperOptimized:fast_loop:492 - 主循環執行時間過長: 35.8ms
2025-07-20 23:39:59 [INFO] GripperOptimized:fast_loop:484 - 性能統計: 循環=38000, 平均耗時=13.9ms, 最大耗時=81.3ms, 指令數=38
2025-07-20 23:40:00 [WARNING] GripperOptimized:fast_loop:492 - 主循環執行時間過長: 33.1ms
2025-07-20 23:40:01 [WARNING] GripperOptimized:fast_loop:492 - 主循環執行時間過長: 32.6ms
2025-07-20 23:40:02 [WARNING] GripperOptimized:fast_loop:492 - 主循環執行時間過長: 33.0ms
2025-07-20 23:40:03 [WARNING] GripperOptimized:fast_loop:492 - 主循環執行時間過長: 38.0ms
2025-07-20 23:40:04 [WARNING] GripperOptimized:fast_loop:492 - 主循環執行時間過長: 35.5ms
2025-07-20 23:40:05 [INFO] GripperOptimized:process_commands:412 - 收到PGC指令: 代碼=8, 參數1=0, 參數2=0, ID=13131
2025-07-20 23:40:05 [INFO] GripperOptimized:process_commands:418 - PGC指令執行成功
2025-07-20 23:40:05 [WARNING] GripperOptimized:fast_loop:492 - 主循環執行時間過長: 37.3ms
2025-07-20 23:40:05 [WARNING] GripperOptimized:fast_loop:492 - 主循環執行時間過長: 34.2ms
2025-07-20 23:40:06 [WARNING] GripperOptimized:fast_loop:492 - 主循環執行時間過長: 32.7ms
2025-07-20 23:40:08 [WARNING] GripperOptimized:fast_loop:492 - 主循環執行時間過長: 30.1ms
2025-07-20 23:40:09 [WARNING] GripperOptimized:fast_loop:492 - 主循環執行時間過長: 33.5ms
2025-07-20 23:40:10 [WARNING] GripperOptimized:fast_loop:492 - 主循環執行時間過長: 34.6ms
2025-07-20 23:40:11 [WARNING] GripperOptimized:fast_loop:492 - 主循環執行時間過長: 32.5ms
2025-07-20 23:40:12 [WARNING] GripperOptimized:fast_loop:492 - 主循環執行時間過長: 35.0ms
2025-07-20 23:40:14 [WARNING] GripperOptimized:fast_loop:492 - 主循環執行時間過長: 38.2ms
2025-07-20 23:40:15 [WARNING] GripperOptimized:fast_loop:492 - 主循環執行時間過長: 32.6ms
2025-07-20 23:40:16 [WARNING] GripperOptimized:fast_loop:492 - 主循環執行時間過長: 37.9ms
2025-07-20 23:40:17 [WARNING] GripperOptimized:fast_loop:492 - 主循環執行時間過長: 30.3ms
2025-07-20 23:40:18 [WARNING] GripperOptimized:fast_loop:492 - 主循環執行時間過長: 36.4ms
2025-07-20 23:40:19 [WARNING] GripperOptimized:fast_loop:492 - 主循環執行時間過長: 33.6ms
2025-07-20 23:40:20 [INFO] GripperOptimized:fast_loop:484 - 性能統計: 循環=39000, 平均耗時=12.7ms, 最大耗時=81.3ms, 指令數=39
2025-07-20 23:40:20 [WARNING] GripperOptimized:fast_loop:492 - 主循環執行時間過長: 36.2ms
2025-07-20 23:40:21 [WARNING] GripperOptimized:fast_loop:492 - 主循環執行時間過長: 32.2ms
2025-07-20 23:40:22 [WARNING] GripperOptimized:fast_loop:492 - 主循環執行時間過長: 33.5ms
2025-07-20 23:40:23 [WARNING] GripperOptimized:fast_loop:492 - 主循環執行時間過長: 32.5ms
2025-07-20 23:40:24 [WARNING] GripperOptimized:fast_loop:492 - 主循環執行時間過長: 36.6ms
2025-07-20 23:40:25 [WARNING] GripperOptimized:fast_loop:492 - 主循環執行時間過長: 34.7ms
2025-07-20 23:40:27 [WARNING] GripperOptimized:fast_loop:492 - 主循環執行時間過長: 34.9ms
2025-07-20 23:40:28 [WARNING] GripperOptimized:fast_loop:492 - 主循環執行時間過長: 33.9ms
2025-07-20 23:40:29 [WARNING] GripperOptimized:fast_loop:492 - 主循環執行時間過長: 33.5ms
2025-07-20 23:40:30 [WARNING] GripperOptimized:fast_loop:492 - 主循環執行時間過長: 34.2ms
2025-07-20 23:40:32 [WARNING] GripperOptimized:fast_loop:492 - 主循環執行時間過長: 36.7ms
2025-07-20 23:40:33 [WARNING] GripperOptimized:fast_loop:492 - 主循環執行時間過長: 36.2ms
2025-07-20 23:40:34 [WARNING] GripperOptimized:fast_loop:492 - 主循環執行時間過長: 31.8ms
2025-07-20 23:40:35 [WARNING] GripperOptimized:fast_loop:492 - 主循環執行時間過長: 34.2ms
2025-07-20 23:40:36 [WARNING] GripperOptimized:fast_loop:492 - 主循環執行時間過長: 33.7ms
2025-07-20 23:40:37 [WARNING] GripperOptimized:fast_loop:492 - 主循環執行時間過長: 34.7ms
2025-07-20 23:40:40 [WARNING] GripperOptimized:fast_loop:492 - 主循環執行時間過長: 34.3ms
2025-07-20 23:40:41 [INFO] GripperOptimized:fast_loop:484 - 性能統計: 循環=40000, 平均耗時=13.2ms, 最大耗時=81.3ms, 指令數=39
2025-07-20 23:40:41 [WARNING] GripperOptimized:fast_loop:492 - 主循環執行時間過長: 33.2ms
2025-07-20 23:40:42 [WARNING] GripperOptimized:fast_loop:492 - 主循環執行時間過長: 35.6ms
2025-07-20 23:40:43 [WARNING] GripperOptimized:fast_loop:492 - 主循環執行時間過長: 34.4ms
2025-07-20 23:40:44 [WARNING] GripperOptimized:fast_loop:492 - 主循環執行時間過長: 31.2ms
2025-07-20 23:40:47 [WARNING] GripperOptimized:fast_loop:492 - 主循環執行時間過長: 33.1ms
2025-07-20 23:40:47 [INFO] GripperOptimized:process_commands:412 - 收到PGC指令: 代碼=3, 參數1=500, 參數2=0, ID=55775
2025-07-20 23:40:47 [INFO] GripperOptimized:process_commands:418 - PGC指令執行成功
2025-07-20 23:40:47 [WARNING] GripperOptimized:fast_loop:492 - 主循環執行時間過長: 47.1ms
2025-07-20 23:40:49 [WARNING] GripperOptimized:fast_loop:492 - 主循環執行時間過長: 31.2ms
2025-07-20 23:40:50 [WARNING] GripperOptimized:fast_loop:492 - 主循環執行時間過長: 30.9ms
2025-07-20 23:40:51 [WARNING] GripperOptimized:fast_loop:492 - 主循環執行時間過長: 35.3ms
2025-07-20 23:40:52 [WARNING] GripperOptimized:fast_loop:492 - 主循環執行時間過長: 34.6ms
2025-07-20 23:40:53 [WARNING] GripperOptimized:fast_loop:492 - 主循環執行時間過長: 31.7ms
2025-07-20 23:40:54 [WARNING] GripperOptimized:fast_loop:492 - 主循環執行時間過長: 31.3ms
2025-07-20 23:40:55 [WARNING] GripperOptimized:fast_loop:492 - 主循環執行時間過長: 34.9ms
2025-07-20 23:40:56 [WARNING] GripperOptimized:fast_loop:492 - 主循環執行時間過長: 36.7ms
2025-07-20 23:40:57 [INFO] GripperOptimized:process_commands:412 - 收到PGC指令: 代碼=8, 參數1=0, 參數2=0, ID=64907
2025-07-20 23:40:57 [INFO] GripperOptimized:process_commands:418 - PGC指令執行成功
2025-07-20 23:40:57 [WARNING] GripperOptimized:fast_loop:492 - 主循環執行時間過長: 50.6ms
2025-07-20 23:40:58 [WARNING] GripperOptimized:fast_loop:492 - 主循環執行時間過長: 34.3ms
2025-07-20 23:41:00 [WARNING] GripperOptimized:fast_loop:492 - 主循環執行時間過長: 38.2ms
2025-07-20 23:41:01 [WARNING] GripperOptimized:fast_loop:492 - 主循環執行時間過長: 36.7ms
2025-07-20 23:41:02 [INFO] GripperOptimized:fast_loop:484 - 性能統計: 循環=41000, 平均耗時=13.9ms, 最大耗時=81.3ms, 指令數=41
2025-07-20 23:41:02 [WARNING] GripperOptimized:fast_loop:492 - 主循環執行時間過長: 33.8ms
2025-07-20 23:41:03 [WARNING] GripperOptimized:fast_loop:492 - 主循環執行時間過長: 33.8ms
2025-07-20 23:41:04 [WARNING] GripperOptimized:fast_loop:492 - 主循環執行時間過長: 36.7ms
2025-07-20 23:41:06 [WARNING] GripperOptimized:fast_loop:492 - 主循環執行時間過長: 35.8ms
2025-07-20 23:41:08 [WARNING] GripperOptimized:fast_loop:492 - 主循環執行時間過長: 34.9ms
2025-07-20 23:41:09 [WARNING] GripperOptimized:fast_loop:492 - 主循環執行時間過長: 30.3ms
2025-07-20 23:41:10 [WARNING] GripperOptimized:fast_loop:492 - 主循環執行時間過長: 30.2ms
2025-07-20 23:41:11 [WARNING] GripperOptimized:fast_loop:492 - 主循環執行時間過長: 34.0ms
2025-07-20 23:41:13 [WARNING] GripperOptimized:fast_loop:492 - 主循環執行時間過長: 33.6ms
2025-07-20 23:41:14 [WARNING] GripperOptimized:fast_loop:492 - 主循環執行時間過長: 36.4ms
2025-07-20 23:41:15 [WARNING] GripperOptimized:fast_loop:492 - 主循環執行時間過長: 35.7ms
2025-07-20 23:41:17 [WARNING] GripperOptimized:fast_loop:492 - 主循環執行時間過長: 36.5ms
2025-07-20 23:41:18 [WARNING] GripperOptimized:fast_loop:492 - 主循環執行時間過長: 30.0ms
2025-07-20 23:41:19 [WARNING] GripperOptimized:fast_loop:492 - 主循環執行時間過長: 34.2ms
2025-07-20 23:41:20 [WARNING] GripperOptimized:fast_loop:492 - 主循環執行時間過長: 36.0ms
2025-07-20 23:41:21 [WARNING] GripperOptimized:fast_loop:492 - 主循環執行時間過長: 37.6ms
2025-07-20 23:41:22 [WARNING] GripperOptimized:fast_loop:492 - 主循環執行時間過長: 36.1ms
2025-07-20 23:41:23 [INFO] GripperOptimized:fast_loop:484 - 性能統計: 循環=42000, 平均耗時=13.4ms, 最大耗時=81.3ms, 指令數=41
2025-07-20 23:41:23 [WARNING] GripperOptimized:fast_loop:492 - 主循環執行時間過長: 35.9ms
2025-07-20 23:41:25 [WARNING] GripperOptimized:fast_loop:492 - 主循環執行時間過長: 34.3ms
2025-07-20 23:41:26 [WARNING] GripperOptimized:fast_loop:492 - 主循環執行時間過長: 36.9ms
2025-07-20 23:41:26 [INFO] GripperOptimized:process_commands:412 - 收到PGC指令: 代碼=3, 參數1=100, 參數2=0, ID=28575
2025-07-20 23:41:26 [INFO] GripperOptimized:process_commands:418 - PGC指令執行成功
2025-07-20 23:41:26 [WARNING] GripperOptimized:fast_loop:492 - 主循環執行時間過長: 47.1ms
2025-07-20 23:41:28 [WARNING] GripperOptimized:fast_loop:492 - 主循環執行時間過長: 36.0ms
2025-07-20 23:41:29 [WARNING] GripperOptimized:fast_loop:492 - 主循環執行時間過長: 36.9ms
2025-07-20 23:41:30 [WARNING] GripperOptimized:fast_loop:492 - 主循環執行時間過長: 32.0ms
2025-07-20 23:41:31 [WARNING] GripperOptimized:fast_loop:492 - 主循環執行時間過長: 36.4ms
2025-07-20 23:41:32 [WARNING] GripperOptimized:fast_loop:492 - 主循環執行時間過長: 35.9ms
2025-07-20 23:41:33 [WARNING] GripperOptimized:fast_loop:492 - 主循環執行時間過長: 37.0ms
2025-07-20 23:41:34 [WARNING] GripperOptimized:fast_loop:492 - 主循環執行時間過長: 33.7ms
2025-07-20 23:41:35 [INFO] GripperOptimized:process_commands:412 - 收到PGC指令: 代碼=3, 參數1=150, 參數2=0, ID=37421
2025-07-20 23:41:35 [INFO] GripperOptimized:process_commands:418 - PGC指令執行成功
2025-07-20 23:41:35 [WARNING] GripperOptimized:fast_loop:492 - 主循環執行時間過長: 41.6ms
2025-07-20 23:41:35 [WARNING] GripperOptimized:fast_loop:492 - 主循環執行時間過長: 32.0ms
2025-07-20 23:41:36 [WARNING] GripperOptimized:fast_loop:492 - 主循環執行時間過長: 36.7ms
2025-07-20 23:41:37 [WARNING] GripperOptimized:fast_loop:492 - 主循環執行時間過長: 34.3ms
2025-07-20 23:41:38 [WARNING] GripperOptimized:fast_loop:492 - 主循環執行時間過長: 37.1ms
2025-07-20 23:41:39 [WARNING] GripperOptimized:fast_loop:492 - 主循環執行時間過長: 35.7ms
2025-07-20 23:41:40 [WARNING] GripperOptimized:fast_loop:492 - 主循環執行時間過長: 35.2ms
2025-07-20 23:41:41 [WARNING] GripperOptimized:fast_loop:492 - 主循環執行時間過長: 37.2ms
2025-07-20 23:41:43 [WARNING] GripperOptimized:fast_loop:492 - 主循環執行時間過長: 32.7ms
2025-07-20 23:41:44 [WARNING] GripperOptimized:fast_loop:492 - 主循環執行時間過長: 34.7ms
2025-07-20 23:41:44 [INFO] GripperOptimized:process_commands:412 - 收到PGC指令: 代碼=5, 參數1=20, 參數2=0, ID=47009
2025-07-20 23:41:44 [INFO] GripperOptimized:process_commands:418 - PGC指令執行成功
2025-07-20 23:41:44 [WARNING] GripperOptimized:fast_loop:492 - 主循環執行時間過長: 41.9ms
2025-07-20 23:41:45 [INFO] GripperOptimized:fast_loop:484 - 性能統計: 循環=43000, 平均耗時=14.5ms, 最大耗時=81.3ms, 指令數=44
2025-07-20 23:41:46 [WARNING] GripperOptimized:fast_loop:492 - 主循環執行時間過長: 32.2ms
2025-07-20 23:41:48 [WARNING] GripperOptimized:fast_loop:492 - 主循環執行時間過長: 35.2ms
2025-07-20 23:41:49 [INFO] GripperOptimized:process_commands:412 - 收到PGC指令: 代碼=3, 參數1=500, 參數2=0, ID=51369
2025-07-20 23:41:49 [INFO] GripperOptimized:process_commands:418 - PGC指令執行成功
2025-07-20 23:41:49 [WARNING] GripperOptimized:fast_loop:492 - 主循環執行時間過長: 42.6ms
2025-07-20 23:41:49 [WARNING] GripperOptimized:fast_loop:492 - 主循環執行時間過長: 31.3ms
2025-07-20 23:41:50 [WARNING] GripperOptimized:fast_loop:492 - 主循環執行時間過長: 36.0ms
2025-07-20 23:41:52 [WARNING] GripperOptimized:fast_loop:492 - 主循環執行時間過長: 32.8ms
2025-07-20 23:41:53 [WARNING] GripperOptimized:fast_loop:492 - 主循環執行時間過長: 36.7ms
2025-07-20 23:41:54 [INFO] GripperOptimized:process_commands:412 - 收到PGC指令: 代碼=3, 參數1=210, 參數2=0, ID=56282
2025-07-20 23:41:54 [INFO] GripperOptimized:process_commands:418 - PGC指令執行成功
2025-07-20 23:41:54 [WARNING] GripperOptimized:fast_loop:492 - 主循環執行時間過長: 49.3ms
2025-07-20 23:41:55 [WARNING] GripperOptimized:fast_loop:492 - 主循環執行時間過長: 31.8ms
2025-07-20 23:41:57 [WARNING] GripperOptimized:fast_loop:492 - 主循環執行時間過長: 32.1ms
2025-07-20 23:41:58 [WARNING] GripperOptimized:fast_loop:492 - 主循環執行時間過長: 33.2ms
2025-07-20 23:41:59 [WARNING] GripperOptimized:fast_loop:492 - 主循環執行時間過長: 36.0ms
2025-07-20 23:42:00 [WARNING] GripperOptimized:fast_loop:492 - 主循環執行時間過長: 32.0ms
2025-07-20 23:42:02 [WARNING] GripperOptimized:fast_loop:492 - 主循環執行時間過長: 36.7ms
2025-07-20 23:42:03 [WARNING] GripperOptimized:fast_loop:492 - 主循環執行時間過長: 37.2ms
2025-07-20 23:42:05 [WARNING] GripperOptimized:fast_loop:492 - 主循環執行時間過長: 37.4ms
2025-07-20 23:42:06 [INFO] GripperOptimized:fast_loop:484 - 性能統計: 循環=44000, 平均耗時=14.5ms, 最大耗時=81.3ms, 指令數=46
2025-07-20 23:42:07 [WARNING] GripperOptimized:fast_loop:492 - 主循環執行時間過長: 35.2ms
2025-07-20 23:42:07 [INFO] GripperOptimized:process_commands:412 - 收到PGC指令: 代碼=3, 參數1=210, 參數2=0, ID=4282
2025-07-20 23:42:07 [INFO] GripperOptimized:process_commands:418 - PGC指令執行成功
2025-07-20 23:42:07 [WARNING] GripperOptimized:fast_loop:492 - 主循環執行時間過長: 37.2ms
2025-07-20 23:42:08 [WARNING] GripperOptimized:fast_loop:492 - 主循環執行時間過長: 31.4ms
2025-07-20 23:42:10 [WARNING] GripperOptimized:fast_loop:492 - 主循環執行時間過長: 32.7ms
2025-07-20 23:42:11 [WARNING] GripperOptimized:fast_loop:492 - 主循環執行時間過長: 30.7ms
2025-07-20 23:42:11 [INFO] GripperOptimized:process_commands:412 - 收到PGC指令: 代碼=3, 參數1=205, 參數2=0, ID=8546
2025-07-20 23:42:11 [INFO] GripperOptimized:process_commands:418 - PGC指令執行成功
2025-07-20 23:42:11 [WARNING] GripperOptimized:fast_loop:492 - 主循環執行時間過長: 48.1ms
2025-07-20 23:42:13 [WARNING] GripperOptimized:fast_loop:492 - 主循環執行時間過長: 35.5ms
2025-07-20 23:42:14 [WARNING] GripperOptimized:fast_loop:492 - 主循環執行時間過長: 37.5ms
2025-07-20 23:42:15 [WARNING] GripperOptimized:fast_loop:492 - 主循環執行時間過長: 30.1ms
2025-07-20 23:42:16 [WARNING] GripperOptimized:fast_loop:492 - 主循環執行時間過長: 37.8ms
2025-07-20 23:42:18 [WARNING] GripperOptimized:fast_loop:492 - 主循環執行時間過長: 33.8ms
2025-07-20 23:42:19 [WARNING] GripperOptimized:fast_loop:492 - 主循環執行時間過長: 36.0ms
2025-07-20 23:42:21 [WARNING] GripperOptimized:fast_loop:492 - 主循環執行時間過長: 31.3ms
2025-07-20 23:42:22 [WARNING] GripperOptimized:fast_loop:492 - 主循環執行時間過長: 34.8ms
2025-07-20 23:42:23 [WARNING] GripperOptimized:fast_loop:492 - 主循環執行時間過長: 32.1ms
2025-07-20 23:42:24 [WARNING] GripperOptimized:fast_loop:492 - 主循環執行時間過長: 32.6ms
2025-07-20 23:42:25 [WARNING] GripperOptimized:fast_loop:492 - 主循環執行時間過長: 32.1ms
2025-07-20 23:42:26 [WARNING] GripperOptimized:fast_loop:492 - 主循環執行時間過長: 32.3ms
2025-07-20 23:42:27 [INFO] GripperOptimized:fast_loop:484 - 性能統計: 循環=45000, 平均耗時=12.9ms, 最大耗時=81.3ms, 指令數=48
2025-07-20 23:42:27 [WARNING] GripperOptimized:fast_loop:492 - 主循環執行時間過長: 34.1ms
2025-07-20 23:42:28 [WARNING] GripperOptimized:fast_loop:492 - 主循環執行時間過長: 32.8ms
2025-07-20 23:42:29 [WARNING] GripperOptimized:fast_loop:492 - 主循環執行時間過長: 35.2ms
2025-07-20 23:42:31 [WARNING] GripperOptimized:fast_loop:492 - 主循環執行時間過長: 35.8ms
2025-07-20 23:42:32 [INFO] GripperOptimized:process_commands:412 - 收到PGC指令: 代碼=8, 參數1=0, 參數2=0, ID=28913
2025-07-20 23:42:32 [INFO] GripperOptimized:process_commands:418 - PGC指令執行成功
2025-07-20 23:42:32 [WARNING] GripperOptimized:fast_loop:492 - 主循環執行時間過長: 50.3ms
2025-07-20 23:42:32 [WARNING] GripperOptimized:fast_loop:492 - 主循環執行時間過長: 33.2ms
2025-07-20 23:42:33 [WARNING] GripperOptimized:fast_loop:492 - 主循環執行時間過長: 33.0ms
2025-07-20 23:42:34 [WARNING] GripperOptimized:fast_loop:492 - 主循環執行時間過長: 37.4ms
2025-07-20 23:42:35 [WARNING] GripperOptimized:fast_loop:492 - 主循環執行時間過長: 35.5ms
2025-07-20 23:42:37 [WARNING] GripperOptimized:fast_loop:492 - 主循環執行時間過長: 33.4ms
2025-07-20 23:42:38 [WARNING] GripperOptimized:fast_loop:492 - 主循環執行時間過長: 31.9ms
2025-07-20 23:42:41 [WARNING] GripperOptimized:fast_loop:492 - 主循環執行時間過長: 30.2ms
2025-07-20 23:42:42 [WARNING] GripperOptimized:fast_loop:492 - 主循環執行時間過長: 33.3ms
2025-07-20 23:42:43 [WARNING] GripperOptimized:fast_loop:492 - 主循環執行時間過長: 36.4ms
2025-07-20 23:42:44 [WARNING] GripperOptimized:fast_loop:492 - 主循環執行時間過長: 30.8ms
2025-07-20 23:42:45 [WARNING] GripperOptimized:fast_loop:492 - 主循環執行時間過長: 36.6ms
2025-07-20 23:42:46 [WARNING] GripperOptimized:fast_loop:492 - 主循環執行時間過長: 37.7ms
2025-07-20 23:42:47 [WARNING] GripperOptimized:fast_loop:492 - 主循環執行時間過長: 31.3ms
2025-07-20 23:42:48 [INFO] GripperOptimized:fast_loop:484 - 性能統計: 循環=46000, 平均耗時=13.6ms, 最大耗時=81.3ms, 指令數=49
2025-07-20 23:42:49 [WARNING] GripperOptimized:fast_loop:492 - 主循環執行時間過長: 34.1ms
2025-07-20 23:42:50 [WARNING] GripperOptimized:fast_loop:492 - 主循環執行時間過長: 32.1ms
2025-07-20 23:42:51 [WARNING] GripperOptimized:fast_loop:492 - 主循環執行時間過長: 36.6ms
2025-07-20 23:42:52 [WARNING] GripperOptimized:fast_loop:492 - 主循環執行時間過長: 33.4ms
2025-07-20 23:42:53 [WARNING] GripperOptimized:fast_loop:492 - 主循環執行時間過長: 36.8ms
2025-07-20 23:42:54 [WARNING] GripperOptimized:fast_loop:492 - 主循環執行時間過長: 32.6ms
2025-07-20 23:42:55 [WARNING] GripperOptimized:fast_loop:492 - 主循環執行時間過長: 30.3ms
2025-07-20 23:42:56 [WARNING] GripperOptimized:fast_loop:492 - 主循環執行時間過長: 35.7ms
2025-07-20 23:42:57 [WARNING] GripperOptimized:fast_loop:492 - 主循環執行時間過長: 31.2ms
2025-07-20 23:43:00 [WARNING] GripperOptimized:fast_loop:492 - 主循環執行時間過長: 33.3ms
2025-07-20 23:43:01 [WARNING] GripperOptimized:fast_loop:492 - 主循環執行時間過長: 37.3ms
2025-07-20 23:43:02 [WARNING] GripperOptimized:fast_loop:492 - 主循環執行時間過長: 31.1ms
2025-07-20 23:43:03 [WARNING] GripperOptimized:fast_loop:492 - 主循環執行時間過長: 34.2ms
2025-07-20 23:43:04 [WARNING] GripperOptimized:fast_loop:492 - 主循環執行時間過長: 33.7ms
2025-07-20 23:43:05 [WARNING] GripperOptimized:fast_loop:492 - 主循環執行時間過長: 32.6ms
2025-07-20 23:43:06 [WARNING] GripperOptimized:fast_loop:492 - 主循環執行時間過長: 35.7ms
2025-07-20 23:43:07 [WARNING] GripperOptimized:fast_loop:492 - 主循環執行時間過長: 34.2ms
2025-07-20 23:43:08 [WARNING] GripperOptimized:fast_loop:492 - 主循環執行時間過長: 33.4ms
2025-07-20 23:43:09 [INFO] GripperOptimized:fast_loop:484 - 性能統計: 循環=47000, 平均耗時=14.2ms, 最大耗時=81.3ms, 指令數=49
2025-07-20 23:43:10 [WARNING] GripperOptimized:fast_loop:492 - 主循環執行時間過長: 36.1ms
2025-07-20 23:43:11 [WARNING] GripperOptimized:fast_loop:492 - 主循環執行時間過長: 32.4ms
2025-07-20 23:43:12 [WARNING] GripperOptimized:fast_loop:492 - 主循環執行時間過長: 32.2ms
2025-07-20 23:43:13 [WARNING] GripperOptimized:fast_loop:492 - 主循環執行時間過長: 32.5ms
2025-07-20 23:43:14 [WARNING] GripperOptimized:fast_loop:492 - 主循環執行時間過長: 32.8ms
2025-07-20 23:43:15 [WARNING] GripperOptimized:fast_loop:492 - 主循環執行時間過長: 32.7ms
2025-07-20 23:43:16 [WARNING] GripperOptimized:fast_loop:492 - 主循環執行時間過長: 33.9ms
2025-07-20 23:43:17 [WARNING] GripperOptimized:fast_loop:492 - 主循環執行時間過長: 33.3ms
2025-07-20 23:43:20 [WARNING] GripperOptimized:fast_loop:492 - 主循環執行時間過長: 35.2ms
2025-07-20 23:43:21 [WARNING] GripperOptimized:fast_loop:492 - 主循環執行時間過長: 33.4ms
2025-07-20 23:43:22 [WARNING] GripperOptimized:fast_loop:492 - 主循環執行時間過長: 31.2ms
2025-07-20 23:43:23 [WARNING] GripperOptimized:fast_loop:492 - 主循環執行時間過長: 30.2ms
2025-07-20 23:43:24 [WARNING] GripperOptimized:fast_loop:492 - 主循環執行時間過長: 34.7ms
2025-07-20 23:43:25 [WARNING] GripperOptimized:fast_loop:492 - 主循環執行時間過長: 37.3ms
2025-07-20 23:43:26 [WARNING] GripperOptimized:fast_loop:492 - 主循環執行時間過長: 32.7ms
2025-07-20 23:43:28 [WARNING] GripperOptimized:fast_loop:492 - 主循環執行時間過長: 37.2ms
2025-07-20 23:43:29 [WARNING] GripperOptimized:fast_loop:492 - 主循環執行時間過長: 31.2ms
2025-07-20 23:43:30 [INFO] GripperOptimized:fast_loop:484 - 性能統計: 循環=48000, 平均耗時=12.5ms, 最大耗時=81.3ms, 指令數=49
2025-07-20 23:43:30 [WARNING] GripperOptimized:fast_loop:492 - 主循環執行時間過長: 32.2ms
2025-07-20 23:43:31 [WARNING] GripperOptimized:fast_loop:492 - 主循環執行時間過長: 31.6ms
2025-07-20 23:43:32 [WARNING] GripperOptimized:fast_loop:492 - 主循環執行時間過長: 34.1ms
2025-07-20 23:43:33 [WARNING] GripperOptimized:fast_loop:492 - 主循環執行時間過長: 32.6ms
2025-07-20 23:43:36 [WARNING] GripperOptimized:fast_loop:492 - 主循環執行時間過長: 33.7ms
2025-07-20 23:43:38 [WARNING] GripperOptimized:fast_loop:492 - 主循環執行時間過長: 33.2ms
2025-07-20 23:43:39 [WARNING] GripperOptimized:fast_loop:492 - 主循環執行時間過長: 31.1ms
2025-07-20 23:43:40 [WARNING] GripperOptimized:fast_loop:492 - 主循環執行時間過長: 30.1ms
2025-07-20 23:43:41 [WARNING] GripperOptimized:fast_loop:492 - 主循環執行時間過長: 37.9ms
2025-07-20 23:43:42 [WARNING] GripperOptimized:fast_loop:492 - 主循環執行時間過長: 33.7ms
2025-07-20 23:43:43 [WARNING] GripperOptimized:fast_loop:492 - 主循環執行時間過長: 34.1ms
2025-07-20 23:43:44 [WARNING] GripperOptimized:fast_loop:492 - 主循環執行時間過長: 36.2ms
2025-07-20 23:43:45 [WARNING] GripperOptimized:fast_loop:492 - 主循環執行時間過長: 36.7ms
2025-07-20 23:43:46 [WARNING] GripperOptimized:fast_loop:492 - 主循環執行時間過長: 32.2ms
2025-07-20 23:43:47 [WARNING] GripperOptimized:fast_loop:492 - 主循環執行時間過長: 32.6ms
2025-07-20 23:43:48 [WARNING] GripperOptimized:fast_loop:492 - 主循環執行時間過長: 33.7ms
2025-07-20 23:43:49 [WARNING] GripperOptimized:fast_loop:492 - 主循環執行時間過長: 34.8ms
2025-07-20 23:43:50 [WARNING] GripperOptimized:fast_loop:492 - 主循環執行時間過長: 33.2ms
2025-07-20 23:43:51 [INFO] GripperOptimized:fast_loop:484 - 性能統計: 循環=49000, 平均耗時=13.2ms, 最大耗時=81.3ms, 指令數=49
2025-07-20 23:43:51 [WARNING] GripperOptimized:fast_loop:492 - 主循環執行時間過長: 33.6ms
2025-07-20 23:43:52 [WARNING] GripperOptimized:fast_loop:492 - 主循環執行時間過長: 30.1ms
2025-07-20 23:43:53 [WARNING] GripperOptimized:fast_loop:492 - 主循環執行時間過長: 30.6ms
2025-07-20 23:43:54 [WARNING] GripperOptimized:fast_loop:492 - 主循環執行時間過長: 33.3ms
2025-07-20 23:43:55 [WARNING] GripperOptimized:fast_loop:492 - 主循環執行時間過長: 35.1ms
2025-07-20 23:43:57 [WARNING] GripperOptimized:fast_loop:492 - 主循環執行時間過長: 34.2ms
2025-07-20 23:43:58 [WARNING] GripperOptimized:fast_loop:492 - 主循環執行時間過長: 34.2ms
2025-07-20 23:44:00 [WARNING] GripperOptimized:fast_loop:492 - 主循環執行時間過長: 34.7ms
2025-07-20 23:44:01 [WARNING] GripperOptimized:fast_loop:492 - 主循環執行時間過長: 36.7ms
2025-07-20 23:44:02 [WARNING] GripperOptimized:fast_loop:492 - 主循環執行時間過長: 32.7ms
2025-07-20 23:44:03 [WARNING] GripperOptimized:fast_loop:492 - 主循環執行時間過長: 35.2ms
2025-07-20 23:44:04 [WARNING] GripperOptimized:fast_loop:492 - 主循環執行時間過長: 35.1ms
2025-07-20 23:44:05 [WARNING] GripperOptimized:fast_loop:492 - 主循環執行時間過長: 36.9ms
2025-07-20 23:44:06 [WARNING] GripperOptimized:fast_loop:492 - 主循環執行時間過長: 35.4ms
2025-07-20 23:44:07 [WARNING] GripperOptimized:fast_loop:492 - 主循環執行時間過長: 35.2ms
2025-07-20 23:44:08 [WARNING] GripperOptimized:fast_loop:492 - 主循環執行時間過長: 35.7ms
2025-07-20 23:44:09 [WARNING] GripperOptimized:fast_loop:492 - 主循環執行時間過長: 33.3ms
2025-07-20 23:44:10 [WARNING] GripperOptimized:fast_loop:492 - 主循環執行時間過長: 37.2ms
2025-07-20 23:44:12 [INFO] GripperOptimized:fast_loop:484 - 性能統計: 循環=50000, 平均耗時=13.8ms, 最大耗時=81.3ms, 指令數=49
2025-07-20 23:44:12 [WARNING] GripperOptimized:fast_loop:492 - 主循環執行時間過長: 31.2ms
2025-07-20 23:44:13 [WARNING] GripperOptimized:fast_loop:492 - 主循環執行時間過長: 33.7ms
2025-07-20 23:44:14 [WARNING] GripperOptimized:fast_loop:492 - 主循環執行時間過長: 34.9ms
2025-07-20 23:44:15 [WARNING] GripperOptimized:fast_loop:492 - 主循環執行時間過長: 33.7ms
2025-07-20 23:44:17 [WARNING] GripperOptimized:fast_loop:492 - 主循環執行時間過長: 30.7ms
2025-07-20 23:44:18 [WARNING] GripperOptimized:fast_loop:492 - 主循環執行時間過長: 32.6ms
2025-07-20 23:44:19 [WARNING] GripperOptimized:fast_loop:492 - 主循環執行時間過長: 34.2ms
2025-07-20 23:44:21 [WARNING] GripperOptimized:fast_loop:492 - 主循環執行時間過長: 35.3ms
2025-07-20 23:44:22 [WARNING] GripperOptimized:fast_loop:492 - 主循環執行時間過長: 38.1ms
2025-07-20 23:44:23 [WARNING] GripperOptimized:fast_loop:492 - 主循環執行時間過長: 36.2ms
2025-07-20 23:44:24 [WARNING] GripperOptimized:fast_loop:492 - 主循環執行時間過長: 34.2ms
2025-07-20 23:44:25 [WARNING] GripperOptimized:fast_loop:492 - 主循環執行時間過長: 36.9ms
2025-07-20 23:44:26 [WARNING] GripperOptimized:fast_loop:492 - 主循環執行時間過長: 32.6ms
2025-07-20 23:44:27 [WARNING] GripperOptimized:fast_loop:492 - 主循環執行時間過長: 37.2ms
2025-07-20 23:44:28 [WARNING] GripperOptimized:fast_loop:492 - 主循環執行時間過長: 35.2ms
2025-07-20 23:44:29 [WARNING] GripperOptimized:fast_loop:492 - 主循環執行時間過長: 34.7ms
2025-07-20 23:44:31 [WARNING] GripperOptimized:fast_loop:492 - 主循環執行時間過長: 36.8ms
2025-07-20 23:44:33 [INFO] GripperOptimized:fast_loop:484 - 性能統計: 循環=51000, 平均耗時=13.1ms, 最大耗時=81.3ms, 指令數=49
2025-07-20 23:44:33 [WARNING] GripperOptimized:fast_loop:492 - 主循環執行時間過長: 36.2ms
2025-07-20 23:44:34 [INFO] GripperOptimized:process_commands:412 - 收到PGC指令: 代碼=1, 參數1=0, 參數2=0, ID=1
2025-07-20 23:44:34 [INFO] GripperOptimized:process_commands:418 - PGC指令執行成功
2025-07-20 23:44:34 [WARNING] GripperOptimized:fast_loop:492 - 主循環執行時間過長: 43.1ms
2025-07-20 23:44:36 [WARNING] GripperOptimized:fast_loop:492 - 主循環執行時間過長: 33.1ms
2025-07-20 23:44:37 [WARNING] GripperOptimized:fast_loop:492 - 主循環執行時間過長: 35.1ms
2025-07-20 23:44:38 [WARNING] GripperOptimized:fast_loop:492 - 主循環執行時間過長: 36.1ms
2025-07-20 23:44:39 [WARNING] GripperOptimized:fast_loop:492 - 主循環執行時間過長: 35.2ms
2025-07-20 23:44:40 [WARNING] GripperOptimized:fast_loop:492 - 主循環執行時間過長: 34.1ms
2025-07-20 23:44:42 [WARNING] GripperOptimized:fast_loop:492 - 主循環執行時間過長: 34.8ms
2025-07-20 23:44:43 [WARNING] GripperOptimized:fast_loop:492 - 主循環執行時間過長: 33.7ms
2025-07-20 23:44:44 [WARNING] GripperOptimized:fast_loop:492 - 主循環執行時間過長: 37.0ms
2025-07-20 23:44:45 [WARNING] GripperOptimized:fast_loop:492 - 主循環執行時間過長: 34.2ms
2025-07-20 23:44:46 [WARNING] GripperOptimized:fast_loop:492 - 主循環執行時間過長: 31.4ms
2025-07-20 23:44:47 [WARNING] GripperOptimized:fast_loop:492 - 主循環執行時間過長: 36.8ms
2025-07-20 23:44:48 [WARNING] GripperOptimized:fast_loop:492 - 主循環執行時間過長: 33.9ms
2025-07-20 23:44:49 [WARNING] GripperOptimized:fast_loop:492 - 主循環執行時間過長: 35.1ms
2025-07-20 23:44:50 [WARNING] GripperOptimized:fast_loop:492 - 主循環執行時間過長: 36.5ms
2025-07-20 23:44:51 [WARNING] GripperOptimized:fast_loop:492 - 主循環執行時間過長: 36.7ms
2025-07-20 23:44:52 [WARNING] GripperOptimized:fast_loop:492 - 主循環執行時間過長: 30.5ms
2025-07-20 23:44:53 [WARNING] GripperOptimized:fast_loop:492 - 主循環執行時間過長: 31.8ms
2025-07-20 23:44:54 [INFO] GripperOptimized:fast_loop:484 - 性能統計: 循環=52000, 平均耗時=13.8ms, 最大耗時=81.3ms, 指令數=50
2025-07-20 23:44:54 [WARNING] GripperOptimized:fast_loop:492 - 主循環執行時間過長: 32.1ms
2025-07-20 23:44:57 [WARNING] GripperOptimized:fast_loop:492 - 主循環執行時間過長: 35.0ms
2025-07-20 23:44:58 [WARNING] GripperOptimized:fast_loop:492 - 主循環執行時間過長: 30.7ms
2025-07-20 23:44:59 [WARNING] GripperOptimized:fast_loop:492 - 主循環執行時間過長: 33.6ms
2025-07-20 23:44:59 [INFO] GripperOptimized:process_commands:412 - 收到PGC指令: 代碼=8, 參數1=0, 參數2=0, ID=2
2025-07-20 23:44:59 [INFO] GripperOptimized:process_commands:418 - PGC指令執行成功
2025-07-20 23:44:59 [WARNING] GripperOptimized:fast_loop:492 - 主循環執行時間過長: 51.2ms
2025-07-20 23:45:00 [WARNING] GripperOptimized:fast_loop:492 - 主循環執行時間過長: 36.4ms
2025-07-20 23:45:01 [INFO] GripperOptimized:process_commands:412 - 收到PGC指令: 代碼=3, 參數1=205, 參數2=0, ID=3
2025-07-20 23:45:01 [INFO] GripperOptimized:process_commands:418 - PGC指令執行成功
2025-07-20 23:45:01 [WARNING] GripperOptimized:fast_loop:492 - 主循環執行時間過長: 43.7ms
2025-07-20 23:45:01 [WARNING] GripperOptimized:fast_loop:492 - 主循環執行時間過長: 30.6ms
2025-07-20 23:45:02 [WARNING] GripperOptimized:fast_loop:492 - 主循環執行時間過長: 36.2ms
2025-07-20 23:45:03 [WARNING] GripperOptimized:fast_loop:492 - 主循環執行時間過長: 36.9ms
2025-07-20 23:45:04 [WARNING] GripperOptimized:fast_loop:492 - 主循環執行時間過長: 32.8ms
2025-07-20 23:45:04 [INFO] GripperOptimized:process_commands:412 - 收到PGC指令: 代碼=8, 參數1=0, 參數2=0, ID=4
2025-07-20 23:45:04 [INFO] GripperOptimized:process_commands:418 - PGC指令執行成功
2025-07-20 23:45:04 [WARNING] GripperOptimized:fast_loop:492 - 主循環執行時間過長: 40.2ms
2025-07-20 23:45:06 [WARNING] GripperOptimized:fast_loop:492 - 主循環執行時間過長: 32.1ms
2025-07-20 23:45:07 [INFO] GripperOptimized:process_commands:412 - 收到PGC指令: 代碼=3, 參數1=205, 參數2=0, ID=5
2025-07-20 23:45:07 [INFO] GripperOptimized:process_commands:418 - PGC指令執行成功
2025-07-20 23:45:07 [WARNING] GripperOptimized:fast_loop:492 - 主循環執行時間過長: 52.0ms
2025-07-20 23:45:07 [WARNING] GripperOptimized:fast_loop:492 - 主循環執行時間過長: 36.0ms
2025-07-20 23:45:08 [WARNING] GripperOptimized:fast_loop:492 - 主循環執行時間過長: 35.2ms
2025-07-20 23:45:09 [WARNING] GripperOptimized:fast_loop:492 - 主循環執行時間過長: 37.8ms
2025-07-20 23:45:10 [WARNING] GripperOptimized:fast_loop:492 - 主循環執行時間過長: 33.4ms
2025-07-20 23:45:11 [WARNING] GripperOptimized:fast_loop:492 - 主循環執行時間過長: 31.3ms
2025-07-20 23:45:13 [INFO] GripperOptimized:process_commands:412 - 收到PGC指令: 代碼=8, 參數1=0, 參數2=0, ID=6
2025-07-20 23:45:13 [INFO] GripperOptimized:process_commands:418 - PGC指令執行成功
2025-07-20 23:45:13 [WARNING] GripperOptimized:fast_loop:492 - 主循環執行時間過長: 53.1ms
2025-07-20 23:45:14 [WARNING] GripperOptimized:fast_loop:492 - 主循環執行時間過長: 36.4ms
2025-07-20 23:45:15 [WARNING] GripperOptimized:fast_loop:492 - 主循環執行時間過長: 31.7ms
2025-07-20 23:45:15 [INFO] GripperOptimized:process_commands:412 - 收到PGC指令: 代碼=8, 參數1=0, 參數2=0, ID=7
2025-07-20 23:45:15 [INFO] GripperOptimized:process_commands:418 - PGC指令執行成功
2025-07-20 23:45:15 [WARNING] GripperOptimized:fast_loop:492 - 主循環執行時間過長: 40.8ms
2025-07-20 23:45:16 [INFO] GripperOptimized:fast_loop:484 - 性能統計: 循環=53000, 平均耗時=14.4ms, 最大耗時=81.3ms, 指令數=56
2025-07-20 23:45:16 [WARNING] GripperOptimized:fast_loop:492 - 主循環執行時間過長: 31.2ms
2025-07-20 23:45:16 [INFO] GripperOptimized:process_commands:412 - 收到PGC指令: 代碼=3, 參數1=205, 參數2=0, ID=8
2025-07-20 23:45:16 [INFO] GripperOptimized:process_commands:418 - PGC指令執行成功
2025-07-20 23:45:17 [WARNING] GripperOptimized:fast_loop:492 - 主循環執行時間過長: 44.1ms
2025-07-20 23:45:18 [WARNING] GripperOptimized:fast_loop:492 - 主循環執行時間過長: 34.0ms
2025-07-20 23:45:19 [WARNING] GripperOptimized:fast_loop:492 - 主循環執行時間過長: 33.8ms
2025-07-20 23:45:20 [WARNING] GripperOptimized:fast_loop:492 - 主循環執行時間過長: 34.4ms
2025-07-20 23:45:20 [INFO] GripperOptimized:process_commands:412 - 收到PGC指令: 代碼=8, 參數1=0, 參數2=0, ID=9
2025-07-20 23:45:20 [INFO] GripperOptimized:process_commands:418 - PGC指令執行成功
2025-07-20 23:45:20 [WARNING] GripperOptimized:fast_loop:492 - 主循環執行時間過長: 39.3ms
2025-07-20 23:45:22 [WARNING] GripperOptimized:fast_loop:492 - 主循環執行時間過長: 31.8ms
2025-07-20 23:45:22 [INFO] GripperOptimized:process_commands:412 - 收到PGC指令: 代碼=3, 參數1=205, 參數2=0, ID=10
2025-07-20 23:45:22 [INFO] GripperOptimized:process_commands:418 - PGC指令執行成功
2025-07-20 23:45:23 [WARNING] GripperOptimized:fast_loop:492 - 主循環執行時間過長: 44.0ms
2025-07-20 23:45:24 [WARNING] GripperOptimized:fast_loop:492 - 主循環執行時間過長: 35.7ms
2025-07-20 23:45:25 [WARNING] GripperOptimized:fast_loop:492 - 主循環執行時間過長: 32.5ms
2025-07-20 23:45:26 [WARNING] GripperOptimized:fast_loop:492 - 主循環執行時間過長: 32.2ms
2025-07-20 23:45:27 [WARNING] GripperOptimized:fast_loop:492 - 主循環執行時間過長: 37.7ms
2025-07-20 23:45:28 [WARNING] GripperOptimized:fast_loop:492 - 主循環執行時間過長: 30.1ms
2025-07-20 23:45:30 [WARNING] GripperOptimized:fast_loop:492 - 主循環執行時間過長: 35.6ms
2025-07-20 23:45:31 [WARNING] GripperOptimized:fast_loop:492 - 主循環執行時間過長: 34.3ms
2025-07-20 23:45:32 [WARNING] GripperOptimized:fast_loop:492 - 主循環執行時間過長: 35.6ms
2025-07-20 23:45:33 [WARNING] GripperOptimized:fast_loop:492 - 主循環執行時間過長: 30.5ms
2025-07-20 23:45:34 [WARNING] GripperOptimized:fast_loop:492 - 主循環執行時間過長: 37.1ms
2025-07-20 23:45:35 [WARNING] GripperOptimized:fast_loop:492 - 主循環執行時間過長: 35.5ms
2025-07-20 23:45:36 [WARNING] GripperOptimized:fast_loop:492 - 主循環執行時間過長: 34.0ms
2025-07-20 23:45:37 [INFO] GripperOptimized:fast_loop:484 - 性能統計: 循環=54000, 平均耗時=13.6ms, 最大耗時=81.3ms, 指令數=59
2025-07-20 23:45:37 [WARNING] GripperOptimized:fast_loop:492 - 主循環執行時間過長: 32.9ms
2025-07-20 23:45:38 [WARNING] GripperOptimized:fast_loop:492 - 主循環執行時間過長: 34.6ms
2025-07-20 23:45:39 [WARNING] GripperOptimized:fast_loop:492 - 主循環執行時間過長: 31.7ms
2025-07-20 23:45:40 [WARNING] GripperOptimized:fast_loop:492 - 主循環執行時間過長: 34.7ms
2025-07-20 23:45:41 [WARNING] GripperOptimized:fast_loop:492 - 主循環執行時間過長: 36.2ms
2025-07-20 23:45:42 [WARNING] GripperOptimized:fast_loop:492 - 主循環執行時間過長: 36.1ms
2025-07-20 23:45:43 [WARNING] GripperOptimized:fast_loop:492 - 主循環執行時間過長: 35.4ms
2025-07-20 23:45:44 [WARNING] GripperOptimized:fast_loop:492 - 主循環執行時間過長: 32.7ms
2025-07-20 23:45:45 [WARNING] GripperOptimized:fast_loop:492 - 主循環執行時間過長: 33.1ms
2025-07-20 23:45:46 [WARNING] GripperOptimized:fast_loop:492 - 主循環執行時間過長: 34.2ms
2025-07-20 23:45:47 [WARNING] GripperOptimized:fast_loop:492 - 主循環執行時間過長: 34.6ms
2025-07-20 23:45:49 [WARNING] GripperOptimized:fast_loop:492 - 主循環執行時間過長: 35.4ms
2025-07-20 23:45:51 [WARNING] GripperOptimized:fast_loop:492 - 主循環執行時間過長: 36.2ms
2025-07-20 23:45:52 [WARNING] GripperOptimized:fast_loop:492 - 主循環執行時間過長: 36.5ms
2025-07-20 23:45:54 [WARNING] GripperOptimized:fast_loop:492 - 主循環執行時間過長: 34.9ms
2025-07-20 23:45:55 [WARNING] GripperOptimized:fast_loop:492 - 主循環執行時間過長: 36.1ms
2025-07-20 23:45:56 [WARNING] GripperOptimized:fast_loop:492 - 主循環執行時間過長: 31.1ms
2025-07-20 23:45:58 [INFO] GripperOptimized:fast_loop:484 - 性能統計: 循環=55000, 平均耗時=13.5ms, 最大耗時=81.3ms, 指令數=59
2025-07-20 23:45:58 [WARNING] GripperOptimized:fast_loop:492 - 主循環執行時間過長: 36.8ms
2025-07-20 23:46:00 [WARNING] GripperOptimized:fast_loop:492 - 主循環執行時間過長: 36.1ms
2025-07-20 23:46:01 [WARNING] GripperOptimized:fast_loop:492 - 主循環執行時間過長: 34.6ms
2025-07-20 23:46:02 [WARNING] GripperOptimized:fast_loop:492 - 主循環執行時間過長: 34.2ms
2025-07-20 23:46:03 [WARNING] GripperOptimized:fast_loop:492 - 主循環執行時間過長: 35.0ms
2025-07-20 23:46:04 [WARNING] GripperOptimized:fast_loop:492 - 主循環執行時間過長: 37.3ms
2025-07-20 23:46:05 [WARNING] GripperOptimized:fast_loop:492 - 主循環執行時間過長: 34.0ms
2025-07-20 23:46:06 [WARNING] GripperOptimized:fast_loop:492 - 主循環執行時間過長: 34.0ms
2025-07-20 23:46:07 [WARNING] GripperOptimized:fast_loop:492 - 主循環執行時間過長: 34.6ms
2025-07-20 23:46:09 [WARNING] GripperOptimized:fast_loop:492 - 主循環執行時間過長: 33.9ms
2025-07-20 23:46:10 [WARNING] GripperOptimized:fast_loop:492 - 主循環執行時間過長: 37.9ms
2025-07-20 23:46:13 [WARNING] GripperOptimized:fast_loop:492 - 主循環執行時間過長: 32.0ms
2025-07-20 23:46:14 [WARNING] GripperOptimized:fast_loop:492 - 主循環執行時間過長: 30.3ms
2025-07-20 23:46:16 [WARNING] GripperOptimized:fast_loop:492 - 主循環執行時間過長: 33.6ms
2025-07-20 23:46:17 [WARNING] GripperOptimized:fast_loop:492 - 主循環執行時間過長: 34.7ms
2025-07-20 23:46:18 [WARNING] GripperOptimized:fast_loop:492 - 主循環執行時間過長: 35.5ms
2025-07-20 23:46:19 [INFO] GripperOptimized:fast_loop:484 - 性能統計: 循環=56000, 平均耗時=14.1ms, 最大耗時=81.3ms, 指令數=59
2025-07-20 23:46:19 [WARNING] GripperOptimized:fast_loop:492 - 主循環執行時間過長: 30.7ms
2025-07-20 23:46:20 [WARNING] GripperOptimized:fast_loop:492 - 主循環執行時間過長: 37.5ms
2025-07-20 23:46:22 [WARNING] GripperOptimized:fast_loop:492 - 主循環執行時間過長: 35.3ms
2025-07-20 23:46:23 [WARNING] GripperOptimized:fast_loop:492 - 主循環執行時間過長: 32.1ms
2025-07-20 23:46:24 [WARNING] GripperOptimized:fast_loop:492 - 主循環執行時間過長: 32.2ms
2025-07-20 23:46:26 [WARNING] GripperOptimized:fast_loop:492 - 主循環執行時間過長: 32.9ms
2025-07-20 23:46:27 [WARNING] GripperOptimized:fast_loop:492 - 主循環執行時間過長: 36.9ms
2025-07-20 23:46:29 [WARNING] GripperOptimized:fast_loop:492 - 主循環執行時間過長: 38.0ms
2025-07-20 23:46:31 [WARNING] GripperOptimized:fast_loop:492 - 主循環執行時間過長: 32.1ms
2025-07-20 23:46:32 [WARNING] GripperOptimized:fast_loop:492 - 主循環執行時間過長: 36.7ms
2025-07-20 23:46:33 [WARNING] GripperOptimized:fast_loop:492 - 主循環執行時間過長: 36.8ms
2025-07-20 23:46:34 [WARNING] GripperOptimized:fast_loop:492 - 主循環執行時間過長: 36.3ms
2025-07-20 23:46:35 [WARNING] GripperOptimized:fast_loop:492 - 主循環執行時間過長: 35.7ms
2025-07-20 23:46:37 [WARNING] GripperOptimized:fast_loop:492 - 主循環執行時間過長: 32.8ms
2025-07-20 23:46:38 [WARNING] GripperOptimized:fast_loop:492 - 主循環執行時間過長: 32.7ms
2025-07-20 23:46:40 [INFO] GripperOptimized:fast_loop:484 - 性能統計: 循環=57000, 平均耗時=13.2ms, 最大耗時=81.3ms, 指令數=59
2025-07-20 23:46:40 [WARNING] GripperOptimized:fast_loop:492 - 主循環執行時間過長: 31.5ms
2025-07-20 23:46:41 [WARNING] GripperOptimized:fast_loop:492 - 主循環執行時間過長: 34.4ms
2025-07-20 23:46:42 [WARNING] GripperOptimized:fast_loop:492 - 主循環執行時間過長: 33.6ms
2025-07-20 23:46:44 [WARNING] GripperOptimized:fast_loop:492 - 主循環執行時間過長: 36.7ms
2025-07-20 23:46:45 [WARNING] GripperOptimized:fast_loop:492 - 主循環執行時間過長: 34.3ms
2025-07-20 23:46:46 [WARNING] GripperOptimized:fast_loop:492 - 主循環執行時間過長: 36.9ms
2025-07-20 23:46:49 [WARNING] GripperOptimized:fast_loop:492 - 主循環執行時間過長: 32.7ms
2025-07-20 23:46:53 [WARNING] GripperOptimized:fast_loop:492 - 主循環執行時間過長: 36.3ms
2025-07-20 23:46:54 [WARNING] GripperOptimized:fast_loop:492 - 主循環執行時間過長: 38.6ms
2025-07-20 23:46:55 [WARNING] GripperOptimized:fast_loop:492 - 主循環執行時間過長: 36.8ms
2025-07-20 23:46:57 [WARNING] GripperOptimized:fast_loop:492 - 主循環執行時間過長: 32.5ms
2025-07-20 23:46:58 [WARNING] GripperOptimized:fast_loop:492 - 主循環執行時間過長: 33.5ms
2025-07-20 23:46:59 [WARNING] GripperOptimized:fast_loop:492 - 主循環執行時間過長: 32.2ms
2025-07-20 23:47:00 [WARNING] GripperOptimized:fast_loop:492 - 主循環執行時間過長: 33.3ms
2025-07-20 23:47:01 [INFO] GripperOptimized:fast_loop:484 - 性能統計: 循環=58000, 平均耗時=13.0ms, 最大耗時=81.3ms, 指令數=59
2025-07-20 23:47:01 [WARNING] GripperOptimized:fast_loop:492 - 主循環執行時間過長: 36.3ms
2025-07-20 23:47:02 [WARNING] GripperOptimized:fast_loop:492 - 主循環執行時間過長: 36.4ms
2025-07-20 23:47:03 [WARNING] GripperOptimized:fast_loop:492 - 主循環執行時間過長: 33.5ms
2025-07-20 23:47:04 [WARNING] GripperOptimized:fast_loop:492 - 主循環執行時間過長: 37.0ms
2025-07-20 23:47:06 [WARNING] GripperOptimized:fast_loop:492 - 主循環執行時間過長: 35.5ms
2025-07-20 23:47:07 [WARNING] GripperOptimized:fast_loop:492 - 主循環執行時間過長: 33.3ms
2025-07-20 23:47:09 [WARNING] GripperOptimized:fast_loop:492 - 主循環執行時間過長: 38.0ms
2025-07-20 23:47:10 [WARNING] GripperOptimized:fast_loop:492 - 主循環執行時間過長: 34.3ms
2025-07-20 23:47:11 [WARNING] GripperOptimized:fast_loop:492 - 主循環執行時間過長: 31.6ms
2025-07-20 23:47:14 [WARNING] GripperOptimized:fast_loop:492 - 主循環執行時間過長: 37.2ms
2025-07-20 23:47:17 [WARNING] GripperOptimized:fast_loop:492 - 主循環執行時間過長: 32.9ms
2025-07-20 23:47:18 [WARNING] GripperOptimized:fast_loop:492 - 主循環執行時間過長: 38.0ms
2025-07-20 23:47:19 [WARNING] GripperOptimized:fast_loop:492 - 主循環執行時間過長: 34.9ms
2025-07-20 23:47:20 [WARNING] GripperOptimized:fast_loop:492 - 主循環執行時間過長: 36.3ms
2025-07-20 23:47:21 [WARNING] GripperOptimized:fast_loop:492 - 主循環執行時間過長: 33.8ms
2025-07-20 23:47:22 [INFO] GripperOptimized:fast_loop:484 - 性能統計: 循環=59000, 平均耗時=13.4ms, 最大耗時=81.3ms, 指令數=59
2025-07-20 23:47:23 [WARNING] GripperOptimized:fast_loop:492 - 主循環執行時間過長: 35.7ms
2025-07-20 23:47:24 [WARNING] GripperOptimized:fast_loop:492 - 主循環執行時間過長: 38.4ms
2025-07-20 23:47:25 [WARNING] GripperOptimized:fast_loop:492 - 主循環執行時間過長: 31.7ms
2025-07-20 23:47:26 [WARNING] GripperOptimized:fast_loop:492 - 主循環執行時間過長: 35.2ms
2025-07-20 23:47:27 [WARNING] GripperOptimized:fast_loop:492 - 主循環執行時間過長: 36.8ms
2025-07-20 23:47:28 [WARNING] GripperOptimized:fast_loop:492 - 主循環執行時間過長: 34.5ms
2025-07-20 23:47:30 [WARNING] GripperOptimized:fast_loop:492 - 主循環執行時間過長: 36.2ms
2025-07-20 23:47:31 [WARNING] GripperOptimized:fast_loop:492 - 主循環執行時間過長: 37.4ms
2025-07-20 23:47:32 [WARNING] GripperOptimized:fast_loop:492 - 主循環執行時間過長: 33.2ms
2025-07-20 23:47:33 [WARNING] GripperOptimized:fast_loop:492 - 主循環執行時間過長: 31.9ms
2025-07-20 23:47:35 [WARNING] GripperOptimized:fast_loop:492 - 主循環執行時間過長: 36.0ms
2025-07-20 23:47:36 [WARNING] GripperOptimized:fast_loop:492 - 主循環執行時間過長: 30.7ms
2025-07-20 23:47:37 [WARNING] GripperOptimized:fast_loop:492 - 主循環執行時間過長: 36.0ms
2025-07-20 23:47:38 [WARNING] GripperOptimized:fast_loop:492 - 主循環執行時間過長: 35.4ms
2025-07-20 23:47:39 [WARNING] GripperOptimized:fast_loop:492 - 主循環執行時間過長: 32.7ms
2025-07-20 23:47:40 [WARNING] GripperOptimized:fast_loop:492 - 主循環執行時間過長: 32.4ms
2025-07-20 23:47:41 [WARNING] GripperOptimized:fast_loop:492 - 主循環執行時間過長: 34.0ms
2025-07-20 23:47:42 [WARNING] GripperOptimized:fast_loop:492 - 主循環執行時間過長: 37.9ms
2025-07-20 23:47:43 [INFO] GripperOptimized:fast_loop:484 - 性能統計: 循環=60000, 平均耗時=13.2ms, 最大耗時=81.3ms, 指令數=59
2025-07-20 23:47:43 [WARNING] GripperOptimized:fast_loop:492 - 主循環執行時間過長: 34.4ms
2025-07-20 23:47:44 [WARNING] GripperOptimized:fast_loop:492 - 主循環執行時間過長: 33.4ms
2025-07-20 23:47:48 [WARNING] GripperOptimized:fast_loop:492 - 主循環執行時間過長: 30.7ms
2025-07-20 23:47:50 [WARNING] GripperOptimized:fast_loop:492 - 主循環執行時間過長: 31.8ms
2025-07-20 23:47:51 [WARNING] GripperOptimized:fast_loop:492 - 主循環執行時間過長: 35.2ms
2025-07-20 23:47:52 [WARNING] GripperOptimized:fast_loop:492 - 主循環執行時間過長: 37.0ms
2025-07-20 23:47:53 [WARNING] GripperOptimized:fast_loop:492 - 主循環執行時間過長: 35.2ms
2025-07-20 23:47:54 [WARNING] GripperOptimized:fast_loop:492 - 主循環執行時間過長: 32.7ms
2025-07-20 23:47:58 [WARNING] GripperOptimized:fast_loop:492 - 主循環執行時間過長: 37.3ms
2025-07-20 23:47:59 [WARNING] GripperOptimized:fast_loop:492 - 主循環執行時間過長: 33.6ms
2025-07-20 23:48:01 [WARNING] GripperOptimized:fast_loop:492 - 主循環執行時間過長: 34.3ms
2025-07-20 23:48:02 [WARNING] GripperOptimized:fast_loop:492 - 主循環執行時間過長: 35.2ms
2025-07-20 23:48:03 [WARNING] GripperOptimized:fast_loop:492 - 主循環執行時間過長: 34.3ms
2025-07-20 23:48:04 [INFO] GripperOptimized:fast_loop:484 - 性能統計: 循環=61000, 平均耗時=14.2ms, 最大耗時=81.3ms, 指令數=59
2025-07-20 23:48:06 [WARNING] GripperOptimized:fast_loop:492 - 主循環執行時間過長: 35.7ms
2025-07-20 23:48:08 [WARNING] GripperOptimized:fast_loop:492 - 主循環執行時間過長: 38.1ms
2025-07-20 23:48:09 [WARNING] GripperOptimized:fast_loop:492 - 主循環執行時間過長: 31.7ms
2025-07-20 23:48:11 [WARNING] GripperOptimized:fast_loop:492 - 主循環執行時間過長: 33.2ms
2025-07-20 23:48:12 [WARNING] GripperOptimized:fast_loop:492 - 主循環執行時間過長: 33.2ms
2025-07-20 23:48:13 [WARNING] GripperOptimized:fast_loop:492 - 主循環執行時間過長: 32.2ms
2025-07-20 23:48:14 [WARNING] GripperOptimized:fast_loop:492 - 主循環執行時間過長: 33.1ms
2025-07-20 23:48:15 [WARNING] GripperOptimized:fast_loop:492 - 主循環執行時間過長: 38.2ms
2025-07-20 23:48:16 [WARNING] GripperOptimized:fast_loop:492 - 主循環執行時間過長: 33.6ms
2025-07-20 23:48:17 [WARNING] GripperOptimized:fast_loop:492 - 主循環執行時間過長: 36.4ms
2025-07-20 23:48:18 [WARNING] GripperOptimized:fast_loop:492 - 主循環執行時間過長: 36.1ms
2025-07-20 23:48:19 [WARNING] GripperOptimized:fast_loop:492 - 主循環執行時間過長: 33.7ms
2025-07-20 23:48:20 [WARNING] GripperOptimized:fast_loop:492 - 主循環執行時間過長: 35.4ms
2025-07-20 23:48:21 [WARNING] GripperOptimized:fast_loop:492 - 主循環執行時間過長: 35.8ms
2025-07-20 23:48:23 [WARNING] GripperOptimized:fast_loop:492 - 主循環執行時間過長: 32.2ms
2025-07-20 23:48:24 [WARNING] GripperOptimized:fast_loop:492 - 主循環執行時間過長: 35.5ms
2025-07-20 23:48:25 [INFO] GripperOptimized:fast_loop:484 - 性能統計: 循環=62000, 平均耗時=13.5ms, 最大耗時=81.3ms, 指令數=59
2025-07-20 23:48:25 [WARNING] GripperOptimized:fast_loop:492 - 主循環執行時間過長: 32.7ms
2025-07-20 23:48:26 [WARNING] GripperOptimized:fast_loop:492 - 主循環執行時間過長: 32.5ms
2025-07-20 23:48:27 [WARNING] GripperOptimized:fast_loop:492 - 主循環執行時間過長: 37.1ms
2025-07-20 23:48:28 [WARNING] GripperOptimized:fast_loop:492 - 主循環執行時間過長: 30.6ms
2025-07-20 23:48:30 [WARNING] GripperOptimized:fast_loop:492 - 主循環執行時間過長: 37.1ms
2025-07-20 23:48:32 [WARNING] GripperOptimized:fast_loop:492 - 主循環執行時間過長: 37.0ms
2025-07-20 23:48:33 [WARNING] GripperOptimized:fast_loop:492 - 主循環執行時間過長: 34.2ms
2025-07-20 23:48:34 [WARNING] GripperOptimized:fast_loop:492 - 主循環執行時間過長: 32.7ms
2025-07-20 23:48:36 [WARNING] GripperOptimized:fast_loop:492 - 主循環執行時間過長: 34.0ms
2025-07-20 23:48:37 [WARNING] GripperOptimized:fast_loop:492 - 主循環執行時間過長: 31.2ms
2025-07-20 23:48:38 [WARNING] GripperOptimized:fast_loop:492 - 主循環執行時間過長: 36.0ms
2025-07-20 23:48:39 [WARNING] GripperOptimized:fast_loop:492 - 主循環執行時間過長: 37.2ms
2025-07-20 23:48:40 [WARNING] GripperOptimized:fast_loop:492 - 主循環執行時間過長: 33.9ms
2025-07-20 23:48:41 [WARNING] GripperOptimized:fast_loop:492 - 主循環執行時間過長: 34.4ms
2025-07-20 23:48:42 [WARNING] GripperOptimized:fast_loop:492 - 主循環執行時間過長: 36.7ms
2025-07-20 23:48:43 [WARNING] GripperOptimized:fast_loop:492 - 主循環執行時間過長: 34.7ms
2025-07-20 23:48:44 [WARNING] GripperOptimized:fast_loop:492 - 主循環執行時間過長: 36.9ms
2025-07-20 23:48:45 [WARNING] GripperOptimized:fast_loop:492 - 主循環執行時間過長: 36.3ms
2025-07-20 23:48:46 [INFO] GripperOptimized:fast_loop:484 - 性能統計: 循環=63000, 平均耗時=13.2ms, 最大耗時=81.3ms, 指令數=59
2025-07-20 23:48:46 [WARNING] GripperOptimized:fast_loop:492 - 主循環執行時間過長: 37.5ms
2025-07-20 23:48:47 [WARNING] GripperOptimized:fast_loop:492 - 主循環執行時間過長: 33.1ms
2025-07-20 23:48:48 [WARNING] GripperOptimized:fast_loop:492 - 主循環執行時間過長: 35.6ms
2025-07-20 23:48:50 [WARNING] GripperOptimized:fast_loop:492 - 主循環執行時間過長: 35.2ms
2025-07-20 23:48:52 [WARNING] GripperOptimized:fast_loop:492 - 主循環執行時間過長: 37.4ms
2025-07-20 23:48:54 [WARNING] GripperOptimized:fast_loop:492 - 主循環執行時間過長: 31.7ms
2025-07-20 23:48:55 [WARNING] GripperOptimized:fast_loop:492 - 主循環執行時間過長: 36.7ms
2025-07-20 23:48:56 [WARNING] GripperOptimized:fast_loop:492 - 主循環執行時間過長: 37.1ms
2025-07-20 23:48:57 [WARNING] GripperOptimized:fast_loop:492 - 主循環執行時間過長: 31.3ms
2025-07-20 23:48:59 [WARNING] GripperOptimized:fast_loop:492 - 主循環執行時間過長: 34.7ms
2025-07-20 23:49:00 [WARNING] GripperOptimized:fast_loop:492 - 主循環執行時間過長: 36.4ms
2025-07-20 23:49:01 [WARNING] GripperOptimized:fast_loop:492 - 主循環執行時間過長: 31.8ms
2025-07-20 23:49:02 [WARNING] GripperOptimized:fast_loop:492 - 主循環執行時間過長: 34.2ms
2025-07-20 23:49:03 [WARNING] GripperOptimized:fast_loop:492 - 主循環執行時間過長: 35.7ms
2025-07-20 23:49:04 [WARNING] GripperOptimized:fast_loop:492 - 主循環執行時間過長: 36.6ms
2025-07-20 23:49:06 [WARNING] GripperOptimized:fast_loop:492 - 主循環執行時間過長: 35.9ms
2025-07-20 23:49:07 [INFO] GripperOptimized:fast_loop:484 - 性能統計: 循環=64000, 平均耗時=13.1ms, 最大耗時=81.3ms, 指令數=59
2025-07-20 23:49:07 [WARNING] GripperOptimized:fast_loop:492 - 主循環執行時間過長: 35.8ms
2025-07-20 23:49:11 [WARNING] GripperOptimized:fast_loop:492 - 主循環執行時間過長: 35.5ms
2025-07-20 23:49:12 [WARNING] GripperOptimized:fast_loop:492 - 主循環執行時間過長: 37.8ms
2025-07-20 23:49:13 [WARNING] GripperOptimized:fast_loop:492 - 主循環執行時間過長: 32.7ms
2025-07-20 23:49:15 [WARNING] GripperOptimized:fast_loop:492 - 主循環執行時間過長: 33.1ms
2025-07-20 23:49:17 [WARNING] GripperOptimized:fast_loop:492 - 主循環執行時間過長: 36.8ms
2025-07-20 23:49:19 [WARNING] GripperOptimized:fast_loop:492 - 主循環執行時間過長: 37.1ms
2025-07-20 23:49:21 [WARNING] GripperOptimized:fast_loop:492 - 主循環執行時間過長: 34.7ms
2025-07-20 23:49:22 [WARNING] GripperOptimized:fast_loop:492 - 主循環執行時間過長: 34.9ms
2025-07-20 23:49:23 [WARNING] GripperOptimized:fast_loop:492 - 主循環執行時間過長: 34.1ms
2025-07-20 23:49:25 [WARNING] GripperOptimized:fast_loop:492 - 主循環執行時間過長: 34.5ms
2025-07-20 23:49:27 [WARNING] GripperOptimized:fast_loop:492 - 主循環執行時間過長: 36.3ms
2025-07-20 23:49:28 [INFO] GripperOptimized:fast_loop:484 - 性能統計: 循環=65000, 平均耗時=13.4ms, 最大耗時=81.3ms, 指令數=59
2025-07-20 23:49:28 [WARNING] GripperOptimized:fast_loop:492 - 主循環執行時間過長: 35.9ms
2025-07-20 23:49:31 [WARNING] GripperOptimized:fast_loop:492 - 主循環執行時間過長: 31.7ms
2025-07-20 23:49:32 [WARNING] GripperOptimized:fast_loop:492 - 主循環執行時間過長: 35.2ms
2025-07-20 23:49:33 [WARNING] GripperOptimized:fast_loop:492 - 主循環執行時間過長: 30.4ms
2025-07-20 23:49:34 [WARNING] GripperOptimized:fast_loop:492 - 主循環執行時間過長: 37.0ms
2025-07-20 23:49:35 [WARNING] GripperOptimized:fast_loop:492 - 主循環執行時間過長: 35.3ms
2025-07-20 23:49:39 [WARNING] GripperOptimized:fast_loop:492 - 主循環執行時間過長: 36.7ms
2025-07-20 23:49:41 [WARNING] GripperOptimized:fast_loop:492 - 主循環執行時間過長: 30.3ms
2025-07-20 23:49:42 [WARNING] GripperOptimized:fast_loop:492 - 主循環執行時間過長: 34.2ms
2025-07-20 23:49:43 [WARNING] GripperOptimized:fast_loop:492 - 主循環執行時間過長: 36.7ms
2025-07-20 23:49:44 [WARNING] GripperOptimized:fast_loop:492 - 主循環執行時間過長: 33.6ms
2025-07-20 23:49:45 [WARNING] GripperOptimized:fast_loop:492 - 主循環執行時間過長: 33.7ms
2025-07-20 23:49:46 [WARNING] GripperOptimized:fast_loop:492 - 主循環執行時間過長: 34.3ms
2025-07-20 23:49:48 [WARNING] GripperOptimized:fast_loop:492 - 主循環執行時間過長: 31.8ms
2025-07-20 23:49:49 [INFO] GripperOptimized:fast_loop:484 - 性能統計: 循環=66000, 平均耗時=13.8ms, 最大耗時=81.3ms, 指令數=59
2025-07-20 23:49:50 [WARNING] GripperOptimized:fast_loop:492 - 主循環執行時間過長: 31.6ms
2025-07-20 23:49:52 [WARNING] GripperOptimized:fast_loop:492 - 主循環執行時間過長: 31.6ms
2025-07-20 23:49:54 [WARNING] GripperOptimized:fast_loop:492 - 主循環執行時間過長: 34.4ms
2025-07-20 23:49:55 [WARNING] GripperOptimized:fast_loop:492 - 主循環執行時間過長: 35.9ms
2025-07-20 23:49:56 [WARNING] GripperOptimized:fast_loop:492 - 主循環執行時間過長: 32.5ms
2025-07-20 23:50:00 [WARNING] GripperOptimized:fast_loop:492 - 主循環執行時間過長: 34.7ms
2025-07-20 23:50:02 [WARNING] GripperOptimized:fast_loop:492 - 主循環執行時間過長: 32.6ms
2025-07-20 23:50:03 [WARNING] GripperOptimized:fast_loop:492 - 主循環執行時間過長: 36.7ms
2025-07-20 23:50:04 [WARNING] GripperOptimized:fast_loop:492 - 主循環執行時間過長: 36.6ms
2025-07-20 23:50:05 [WARNING] GripperOptimized:fast_loop:492 - 主循環執行時間過長: 30.2ms
2025-07-20 23:50:06 [WARNING] GripperOptimized:fast_loop:492 - 主循環執行時間過長: 31.6ms
2025-07-20 23:50:07 [WARNING] GripperOptimized:fast_loop:492 - 主循環執行時間過長: 37.1ms
2025-07-20 23:50:08 [WARNING] GripperOptimized:fast_loop:492 - 主循環執行時間過長: 33.9ms
2025-07-20 23:50:10 [INFO] GripperOptimized:fast_loop:484 - 性能統計: 循環=67000, 平均耗時=12.9ms, 最大耗時=81.3ms, 指令數=59
2025-07-20 23:50:10 [WARNING] GripperOptimized:fast_loop:492 - 主循環執行時間過長: 35.7ms
2025-07-20 23:50:12 [WARNING] GripperOptimized:fast_loop:492 - 主循環執行時間過長: 36.2ms
2025-07-20 23:50:14 [WARNING] GripperOptimized:fast_loop:492 - 主循環執行時間過長: 36.4ms
2025-07-20 23:50:15 [WARNING] GripperOptimized:fast_loop:492 - 主循環執行時間過長: 34.2ms
2025-07-20 23:50:18 [WARNING] GripperOptimized:fast_loop:492 - 主循環執行時間過長: 33.1ms
2025-07-20 23:50:19 [WARNING] GripperOptimized:fast_loop:492 - 主循環執行時間過長: 36.5ms
2025-07-20 23:50:20 [WARNING] GripperOptimized:fast_loop:492 - 主循環執行時間過長: 34.4ms
2025-07-20 23:50:21 [WARNING] GripperOptimized:fast_loop:492 - 主循環執行時間過長: 35.2ms
2025-07-20 23:50:22 [WARNING] GripperOptimized:fast_loop:492 - 主循環執行時間過長: 30.5ms
2025-07-20 23:50:23 [WARNING] GripperOptimized:fast_loop:492 - 主循環執行時間過長: 31.7ms
2025-07-20 23:50:24 [WARNING] GripperOptimized:fast_loop:492 - 主循環執行時間過長: 32.4ms
2025-07-20 23:50:26 [WARNING] GripperOptimized:fast_loop:492 - 主循環執行時間過長: 32.3ms
2025-07-20 23:50:28 [WARNING] GripperOptimized:fast_loop:492 - 主循環執行時間過長: 36.4ms
2025-07-20 23:50:30 [WARNING] GripperOptimized:fast_loop:492 - 主循環執行時間過長: 35.3ms
2025-07-20 23:50:31 [INFO] GripperOptimized:fast_loop:484 - 性能統計: 循環=68000, 平均耗時=12.9ms, 最大耗時=81.3ms, 指令數=59
2025-07-20 23:50:33 [WARNING] GripperOptimized:fast_loop:492 - 主循環執行時間過長: 32.8ms
2025-07-20 23:50:34 [WARNING] GripperOptimized:fast_loop:492 - 主循環執行時間過長: 38.0ms
2025-07-20 23:50:35 [WARNING] GripperOptimized:fast_loop:492 - 主循環執行時間過長: 35.6ms
2025-07-20 23:50:36 [WARNING] GripperOptimized:fast_loop:492 - 主循環執行時間過長: 37.2ms
2025-07-20 23:50:37 [WARNING] GripperOptimized:fast_loop:492 - 主循環執行時間過長: 34.6ms
2025-07-20 23:50:39 [WARNING] GripperOptimized:fast_loop:492 - 主循環執行時間過長: 33.7ms
2025-07-20 23:50:40 [WARNING] GripperOptimized:fast_loop:492 - 主循環執行時間過長: 33.1ms
2025-07-20 23:50:41 [WARNING] GripperOptimized:fast_loop:492 - 主循環執行時間過長: 34.9ms
2025-07-20 23:50:44 [WARNING] GripperOptimized:fast_loop:492 - 主循環執行時間過長: 35.2ms
2025-07-20 23:50:45 [WARNING] GripperOptimized:fast_loop:492 - 主循環執行時間過長: 35.6ms
2025-07-20 23:50:46 [WARNING] GripperOptimized:fast_loop:492 - 主循環執行時間過長: 38.2ms
2025-07-20 23:50:47 [WARNING] GripperOptimized:fast_loop:492 - 主循環執行時間過長: 33.9ms
2025-07-20 23:50:49 [WARNING] GripperOptimized:fast_loop:492 - 主循環執行時間過長: 36.4ms
2025-07-20 23:50:50 [WARNING] GripperOptimized:fast_loop:492 - 主循環執行時間過長: 35.1ms
2025-07-20 23:50:52 [INFO] GripperOptimized:fast_loop:484 - 性能統計: 循環=69000, 平均耗時=13.0ms, 最大耗時=81.3ms, 指令數=59
2025-07-20 23:50:53 [WARNING] GripperOptimized:fast_loop:492 - 主循環執行時間過長: 36.1ms
2025-07-20 23:50:55 [WARNING] GripperOptimized:fast_loop:492 - 主循環執行時間過長: 33.4ms
2025-07-20 23:50:56 [WARNING] GripperOptimized:fast_loop:492 - 主循環執行時間過長: 36.2ms
2025-07-20 23:50:57 [WARNING] GripperOptimized:fast_loop:492 - 主循環執行時間過長: 35.8ms
2025-07-20 23:50:58 [WARNING] GripperOptimized:fast_loop:492 - 主循環執行時間過長: 35.3ms
2025-07-20 23:51:00 [WARNING] GripperOptimized:fast_loop:492 - 主循環執行時間過長: 37.8ms
2025-07-20 23:51:01 [WARNING] GripperOptimized:fast_loop:492 - 主循環執行時間過長: 36.1ms
2025-07-20 23:51:02 [WARNING] GripperOptimized:fast_loop:492 - 主循環執行時間過長: 37.7ms
2025-07-20 23:51:03 [WARNING] GripperOptimized:fast_loop:492 - 主循環執行時間過長: 33.7ms
2025-07-20 23:51:06 [WARNING] GripperOptimized:fast_loop:492 - 主循環執行時間過長: 37.8ms
2025-07-20 23:51:07 [WARNING] GripperOptimized:fast_loop:492 - 主循環執行時間過長: 35.2ms
2025-07-20 23:51:09 [WARNING] GripperOptimized:fast_loop:492 - 主循環執行時間過長: 36.7ms
2025-07-20 23:51:11 [WARNING] GripperOptimized:fast_loop:492 - 主循環執行時間過長: 32.2ms
2025-07-20 23:51:13 [WARNING] GripperOptimized:fast_loop:492 - 主循環執行時間過長: 33.6ms
2025-07-20 23:51:14 [INFO] GripperOptimized:fast_loop:484 - 性能統計: 循環=70000, 平均耗時=15.0ms, 最大耗時=81.3ms, 指令數=59
2025-07-20 23:51:14 [WARNING] GripperOptimized:fast_loop:492 - 主循環執行時間過長: 32.6ms
2025-07-20 23:51:15 [WARNING] GripperOptimized:fast_loop:492 - 主循環執行時間過長: 36.4ms
2025-07-20 23:51:16 [WARNING] GripperOptimized:fast_loop:492 - 主循環執行時間過長: 36.4ms
2025-07-20 23:51:18 [WARNING] GripperOptimized:fast_loop:492 - 主循環執行時間過長: 34.7ms
2025-07-20 23:51:20 [WARNING] GripperOptimized:fast_loop:492 - 主循環執行時間過長: 33.8ms
2025-07-20 23:51:22 [WARNING] GripperOptimized:fast_loop:492 - 主循環執行時間過長: 34.0ms
2025-07-20 23:51:24 [WARNING] GripperOptimized:fast_loop:492 - 主循環執行時間過長: 33.1ms
2025-07-20 23:51:25 [WARNING] GripperOptimized:fast_loop:492 - 主循環執行時間過長: 35.6ms
2025-07-20 23:51:26 [WARNING] GripperOptimized:fast_loop:492 - 主循環執行時間過長: 32.0ms
2025-07-20 23:51:27 [WARNING] GripperOptimized:fast_loop:492 - 主循環執行時間過長: 37.2ms
2025-07-20 23:51:28 [WARNING] GripperOptimized:fast_loop:492 - 主循環執行時間過長: 35.1ms
2025-07-20 23:51:29 [WARNING] GripperOptimized:fast_loop:492 - 主循環執行時間過長: 31.7ms
2025-07-20 23:51:30 [WARNING] GripperOptimized:fast_loop:492 - 主循環執行時間過長: 30.8ms
2025-07-20 23:51:33 [WARNING] GripperOptimized:fast_loop:492 - 主循環執行時間過長: 36.6ms
2025-07-20 23:51:34 [WARNING] GripperOptimized:fast_loop:492 - 主循環執行時間過長: 34.5ms
2025-07-20 23:51:35 [INFO] GripperOptimized:fast_loop:484 - 性能統計: 循環=71000, 平均耗時=13.1ms, 最大耗時=81.3ms, 指令數=59
2025-07-20 23:51:35 [WARNING] GripperOptimized:fast_loop:492 - 主循環執行時間過長: 35.7ms
2025-07-20 23:51:36 [WARNING] GripperOptimized:fast_loop:492 - 主循環執行時間過長: 36.4ms
2025-07-20 23:51:37 [WARNING] GripperOptimized:fast_loop:492 - 主循環執行時間過長: 36.7ms
2025-07-20 23:51:38 [WARNING] GripperOptimized:fast_loop:492 - 主循環執行時間過長: 35.7ms
2025-07-20 23:51:39 [WARNING] GripperOptimized:fast_loop:492 - 主循環執行時間過長: 36.1ms
2025-07-20 23:51:42 [WARNING] GripperOptimized:fast_loop:492 - 主循環執行時間過長: 34.4ms
2025-07-20 23:51:43 [WARNING] GripperOptimized:fast_loop:492 - 主循環執行時間過長: 35.8ms
2025-07-20 23:51:44 [WARNING] GripperOptimized:fast_loop:492 - 主循環執行時間過長: 37.1ms
2025-07-20 23:51:47 [WARNING] GripperOptimized:fast_loop:492 - 主循環執行時間過長: 30.2ms
2025-07-20 23:51:48 [WARNING] GripperOptimized:fast_loop:492 - 主循環執行時間過長: 31.4ms
2025-07-20 23:51:49 [WARNING] GripperOptimized:fast_loop:492 - 主循環執行時間過長: 30.8ms
2025-07-20 23:51:55 [INFO] GripperOptimized:fast_loop:484 - 性能統計: 循環=72000, 平均耗時=13.9ms, 最大耗時=81.3ms, 指令數=59
2025-07-20 23:52:01 [WARNING] GripperOptimized:fast_loop:492 - 主循環執行時間過長: 32.8ms
2025-07-20 23:52:06 [WARNING] GripperOptimized:fast_loop:492 - 主循環執行時間過長: 34.7ms
2025-07-20 23:52:09 [WARNING] GripperOptimized:fast_loop:492 - 主循環執行時間過長: 31.5ms
2025-07-20 23:52:11 [WARNING] GripperOptimized:fast_loop:492 - 主循環執行時間過長: 30.4ms
2025-07-20 23:52:16 [INFO] GripperOptimized:fast_loop:484 - 性能統計: 循環=73000, 平均耗時=13.4ms, 最大耗時=81.3ms, 指令數=59
2025-07-20 23:52:23 [WARNING] GripperOptimized:fast_loop:492 - 主循環執行時間過長: 30.5ms
2025-07-20 23:52:28 [WARNING] GripperOptimized:fast_loop:492 - 主循環執行時間過長: 30.9ms
2025-07-20 23:52:35 [WARNING] GripperOptimized:fast_loop:492 - 主循環執行時間過長: 30.6ms
2025-07-20 23:52:36 [WARNING] GripperOptimized:fast_loop:492 - 主循環執行時間過長: 30.5ms
2025-07-20 23:52:37 [INFO] GripperOptimized:fast_loop:484 - 性能統計: 循環=74000, 平均耗時=12.9ms, 最大耗時=81.3ms, 指令數=59
2025-07-20 23:52:40 [WARNING] GripperOptimized:fast_loop:492 - 主循環執行時間過長: 31.5ms
2025-07-20 23:52:47 [WARNING] GripperOptimized:fast_loop:492 - 主循環執行時間過長: 30.7ms
2025-07-20 23:52:52 [WARNING] GripperOptimized:fast_loop:492 - 主循環執行時間過長: 30.6ms
2025-07-20 23:52:56 [WARNING] GripperOptimized:fast_loop:492 - 主循環執行時間過長: 33.7ms
2025-07-20 23:52:58 [INFO] GripperOptimized:fast_loop:484 - 性能統計: 循環=75000, 平均耗時=12.9ms, 最大耗時=81.3ms, 指令數=59
2025-07-20 23:53:03 [WARNING] GripperOptimized:fast_loop:492 - 主循環執行時間過長: 31.8ms
2025-07-20 23:53:10 [WARNING] GripperOptimized:fast_loop:492 - 主循環執行時間過長: 31.3ms
2025-07-20 23:53:19 [INFO] GripperOptimized:fast_loop:484 - 性能統計: 循環=76000, 平均耗時=13.4ms, 最大耗時=81.3ms, 指令數=59
2025-07-20 23:53:19 [WARNING] GripperOptimized:fast_loop:492 - 主循環執行時間過長: 31.8ms
2025-07-20 23:53:23 [WARNING] GripperOptimized:fast_loop:492 - 主循環執行時間過長: 32.1ms
2025-07-20 23:53:24 [WARNING] GripperOptimized:fast_loop:492 - 主循環執行時間過長: 30.2ms
2025-07-20 23:53:26 [WARNING] GripperOptimized:fast_loop:492 - 主循環執行時間過長: 30.1ms
2025-07-20 23:53:30 [WARNING] GripperOptimized:fast_loop:492 - 主循環執行時間過長: 31.4ms
2025-07-20 23:53:32 [WARNING] GripperOptimized:fast_loop:492 - 主循環執行時間過長: 31.7ms
2025-07-20 23:53:33 [WARNING] GripperOptimized:fast_loop:492 - 主循環執行時間過長: 30.5ms
2025-07-20 23:53:34 [WARNING] GripperOptimized:fast_loop:492 - 主循環執行時間過長: 31.5ms
2025-07-20 23:53:37 [WARNING] GripperOptimized:fast_loop:492 - 主循環執行時間過長: 30.5ms
2025-07-20 23:53:39 [INFO] GripperOptimized:fast_loop:484 - 性能統計: 循環=77000, 平均耗時=12.2ms, 最大耗時=81.3ms, 指令數=59
2025-07-20 23:53:45 [WARNING] GripperOptimized:fast_loop:492 - 主循環執行時間過長: 30.7ms
2025-07-20 23:53:47 [WARNING] GripperOptimized:fast_loop:492 - 主循環執行時間過長: 30.1ms
2025-07-20 23:53:54 [WARNING] GripperOptimized:fast_loop:492 - 主循環執行時間過長: 31.0ms
2025-07-20 23:53:56 [WARNING] GripperOptimized:fast_loop:492 - 主循環執行時間過長: 30.3ms
2025-07-20 23:53:58 [WARNING] GripperOptimized:fast_loop:492 - 主循環執行時間過長: 31.1ms
2025-07-20 23:54:00 [INFO] GripperOptimized:fast_loop:484 - 性能統計: 循環=78000, 平均耗時=14.0ms, 最大耗時=81.3ms, 指令數=59
2025-07-20 23:54:00 [WARNING] GripperOptimized:fast_loop:492 - 主循環執行時間過長: 33.7ms
2025-07-20 23:54:02 [WARNING] GripperOptimized:fast_loop:492 - 主循環執行時間過長: 32.8ms
2025-07-20 23:54:03 [WARNING] GripperOptimized:fast_loop:492 - 主循環執行時間過長: 30.4ms
2025-07-20 23:54:10 [WARNING] GripperOptimized:fast_loop:492 - 主循環執行時間過長: 31.2ms
2025-07-20 23:54:13 [WARNING] GripperOptimized:fast_loop:492 - 主循環執行時間過長: 32.0ms
2025-07-20 23:54:14 [WARNING] GripperOptimized:fast_loop:492 - 主循環執行時間過長: 30.9ms
2025-07-20 23:54:21 [INFO] GripperOptimized:fast_loop:484 - 性能統計: 循環=79000, 平均耗時=13.0ms, 最大耗時=81.3ms, 指令數=59
2025-07-20 23:54:24 [WARNING] GripperOptimized:fast_loop:492 - 主循環執行時間過長: 30.4ms
2025-07-20 23:54:26 [WARNING] GripperOptimized:fast_loop:492 - 主循環執行時間過長: 31.6ms
2025-07-20 23:54:28 [WARNING] GripperOptimized:fast_loop:492 - 主循環執行時間過長: 30.1ms
2025-07-20 23:54:30 [WARNING] GripperOptimized:fast_loop:492 - 主循環執行時間過長: 30.5ms
2025-07-20 23:54:41 [WARNING] GripperOptimized:fast_loop:492 - 主循環執行時間過長: 33.0ms
2025-07-20 23:54:42 [INFO] GripperOptimized:fast_loop:484 - 性能統計: 循環=80000, 平均耗時=13.4ms, 最大耗時=81.3ms, 指令數=59
2025-07-20 23:54:52 [WARNING] GripperOptimized:fast_loop:492 - 主循環執行時間過長: 31.7ms
2025-07-20 23:55:01 [WARNING] GripperOptimized:fast_loop:492 - 主循環執行時間過長: 30.1ms
2025-07-20 23:55:03 [INFO] GripperOptimized:fast_loop:484 - 性能統計: 循環=81000, 平均耗時=12.1ms, 最大耗時=81.3ms, 指令數=59
2025-07-20 23:55:04 [WARNING] GripperOptimized:fast_loop:492 - 主循環執行時間過長: 30.8ms
2025-07-20 23:55:11 [WARNING] GripperOptimized:fast_loop:492 - 主循環執行時間過長: 30.3ms
2025-07-20 23:55:12 [WARNING] GripperOptimized:fast_loop:492 - 主循環執行時間過長: 30.5ms
2025-07-20 23:55:15 [WARNING] GripperOptimized:fast_loop:492 - 主循環執行時間過長: 32.6ms
2025-07-20 23:55:23 [INFO] GripperOptimized:fast_loop:484 - 性能統計: 循環=82000, 平均耗時=13.7ms, 最大耗時=81.3ms, 指令數=59
2025-07-20 23:55:23 [WARNING] GripperOptimized:fast_loop:492 - 主循環執行時間過長: 32.3ms
2025-07-20 23:55:34 [WARNING] GripperOptimized:fast_loop:492 - 主循環執行時間過長: 31.1ms
2025-07-20 23:55:36 [WARNING] GripperOptimized:fast_loop:492 - 主循環執行時間過長: 30.7ms
2025-07-20 23:55:40 [WARNING] GripperOptimized:fast_loop:492 - 主循環執行時間過長: 31.0ms
2025-07-20 23:55:44 [INFO] GripperOptimized:fast_loop:484 - 性能統計: 循環=83000, 平均耗時=12.9ms, 最大耗時=81.3ms, 指令數=59
2025-07-20 23:55:44 [WARNING] GripperOptimized:fast_loop:492 - 主循環執行時間過長: 30.2ms
2025-07-20 23:55:46 [WARNING] GripperOptimized:fast_loop:492 - 主循環執行時間過長: 30.3ms
2025-07-20 23:55:55 [WARNING] GripperOptimized:fast_loop:492 - 主循環執行時間過長: 30.2ms
2025-07-20 23:55:58 [WARNING] GripperOptimized:fast_loop:492 - 主循環執行時間過長: 30.6ms
2025-07-20 23:56:05 [INFO] GripperOptimized:fast_loop:484 - 性能統計: 循環=84000, 平均耗時=14.1ms, 最大耗時=81.3ms, 指令數=59
2025-07-20 23:56:08 [WARNING] GripperOptimized:fast_loop:492 - 主循環執行時間過長: 32.2ms
2025-07-20 23:56:09 [WARNING] GripperOptimized:fast_loop:492 - 主循環執行時間過長: 30.3ms
2025-07-20 23:56:12 [WARNING] GripperOptimized:fast_loop:492 - 主循環執行時間過長: 31.3ms
2025-07-20 23:56:15 [WARNING] GripperOptimized:fast_loop:492 - 主循環執行時間過長: 30.3ms
2025-07-20 23:56:25 [WARNING] GripperOptimized:fast_loop:492 - 主循環執行時間過長: 30.2ms
2025-07-20 23:56:26 [INFO] GripperOptimized:fast_loop:484 - 性能統計: 循環=85000, 平均耗時=12.9ms, 最大耗時=81.3ms, 指令數=59
2025-07-20 23:56:31 [WARNING] GripperOptimized:fast_loop:492 - 主循環執行時間過長: 31.6ms
2025-07-20 23:56:39 [WARNING] GripperOptimized:fast_loop:492 - 主循環執行時間過長: 31.4ms
2025-07-20 23:56:41 [WARNING] GripperOptimized:fast_loop:492 - 主循環執行時間過長: 31.1ms
2025-07-20 23:56:45 [WARNING] GripperOptimized:fast_loop:492 - 主循環執行時間過長: 30.7ms
2025-07-20 23:56:47 [INFO] GripperOptimized:fast_loop:484 - 性能統計: 循環=86000, 平均耗時=12.7ms, 最大耗時=81.3ms, 指令數=59
2025-07-20 23:56:47 [WARNING] GripperOptimized:fast_loop:492 - 主循環執行時間過長: 30.7ms
2025-07-20 23:56:50 [WARNING] GripperOptimized:fast_loop:492 - 主循環執行時間過長: 32.6ms
2025-07-20 23:56:56 [WARNING] GripperOptimized:fast_loop:492 - 主循環執行時間過長: 32.2ms
2025-07-20 23:57:04 [WARNING] GripperOptimized:fast_loop:492 - 主循環執行時間過長: 30.2ms
2025-07-20 23:57:07 [INFO] GripperOptimized:fast_loop:484 - 性能統計: 循環=87000, 平均耗時=13.1ms, 最大耗時=81.3ms, 指令數=59
2025-07-20 23:57:25 [WARNING] GripperOptimized:fast_loop:492 - 主循環執行時間過長: 30.3ms
2025-07-20 23:57:28 [INFO] GripperOptimized:fast_loop:484 - 性能統計: 循環=88000, 平均耗時=12.7ms, 最大耗時=81.3ms, 指令數=59
2025-07-20 23:57:48 [WARNING] GripperOptimized:fast_loop:492 - 主循環執行時間過長: 32.4ms
2025-07-20 23:57:49 [INFO] GripperOptimized:fast_loop:484 - 性能統計: 循環=89000, 平均耗時=13.5ms, 最大耗時=81.3ms, 指令數=59
2025-07-20 23:57:51 [WARNING] GripperOptimized:fast_loop:492 - 主循環執行時間過長: 30.2ms
2025-07-20 23:58:10 [INFO] GripperOptimized:fast_loop:484 - 性能統計: 循環=90000, 平均耗時=13.7ms, 最大耗時=81.3ms, 指令數=59
2025-07-20 23:58:19 [WARNING] GripperOptimized:fast_loop:492 - 主循環執行時間過長: 31.1ms
2025-07-20 23:58:24 [WARNING] GripperOptimized:fast_loop:492 - 主循環執行時間過長: 31.2ms
2025-07-20 23:58:31 [INFO] GripperOptimized:fast_loop:484 - 性能統計: 循環=91000, 平均耗時=12.9ms, 最大耗時=81.3ms, 指令數=59
2025-07-20 23:58:33 [WARNING] GripperOptimized:fast_loop:492 - 主循環執行時間過長: 31.4ms
2025-07-20 23:58:35 [WARNING] GripperOptimized:fast_loop:492 - 主循環執行時間過長: 30.7ms
2025-07-20 23:58:41 [WARNING] GripperOptimized:fast_loop:492 - 主循環執行時間過長: 30.7ms
2025-07-20 23:58:46 [WARNING] GripperOptimized:fast_loop:492 - 主循環執行時間過長: 30.4ms
2025-07-20 23:58:49 [WARNING] GripperOptimized:fast_loop:492 - 主循環執行時間過長: 31.5ms
2025-07-20 23:58:51 [INFO] GripperOptimized:fast_loop:484 - 性能統計: 循環=92000, 平均耗時=14.0ms, 最大耗時=81.3ms, 指令數=59
2025-07-20 23:58:51 [WARNING] GripperOptimized:fast_loop:492 - 主循環執行時間過長: 30.1ms
2025-07-20 23:58:53 [WARNING] GripperOptimized:fast_loop:492 - 主循環執行時間過長: 31.2ms
2025-07-20 23:59:08 [WARNING] GripperOptimized:fast_loop:492 - 主循環執行時間過長: 32.6ms
2025-07-20 23:59:10 [WARNING] GripperOptimized:fast_loop:492 - 主循環執行時間過長: 30.6ms
2025-07-20 23:59:12 [INFO] GripperOptimized:fast_loop:484 - 性能統計: 循環=93000, 平均耗時=13.4ms, 最大耗時=81.3ms, 指令數=59
2025-07-20 23:59:15 [WARNING] GripperOptimized:fast_loop:492 - 主循環執行時間過長: 30.8ms
2025-07-20 23:59:18 [WARNING] GripperOptimized:fast_loop:492 - 主循環執行時間過長: 30.2ms
2025-07-20 23:59:30 [WARNING] GripperOptimized:fast_loop:492 - 主循環執行時間過長: 30.3ms
2025-07-20 23:59:33 [INFO] GripperOptimized:fast_loop:484 - 性能統計: 循環=94000, 平均耗時=13.2ms, 最大耗時=81.3ms, 指令數=59
2025-07-20 23:59:34 [WARNING] GripperOptimized:fast_loop:492 - 主循環執行時間過長: 30.5ms
2025-07-20 23:59:46 [WARNING] GripperOptimized:fast_loop:492 - 主循環執行時間過長: 30.2ms
2025-07-20 23:59:51 [WARNING] GripperOptimized:fast_loop:492 - 主循環執行時間過長: 31.8ms
2025-07-20 23:59:53 [WARNING] GripperOptimized:fast_loop:492 - 主循環執行時間過長: 31.5ms
2025-07-20 23:59:54 [INFO] GripperOptimized:fast_loop:484 - 性能統計: 循環=95000, 平均耗時=13.1ms, 最大耗時=81.3ms, 指令數=59
2025-07-20 23:59:57 [WARNING] GripperOptimized:fast_loop:492 - 主循環執行時間過長: 32.6ms
2025-07-21 00:00:03 [WARNING] GripperOptimized:fast_loop:492 - 主循環執行時間過長: 31.3ms
2025-07-21 00:00:07 [WARNING] GripperOptimized:fast_loop:492 - 主循環執行時間過長: 32.7ms
2025-07-21 00:00:10 [WARNING] GripperOptimized:fast_loop:492 - 主循環執行時間過長: 30.3ms
2025-07-21 00:00:14 [INFO] GripperOptimized:fast_loop:484 - 性能統計: 循環=96000, 平均耗時=13.5ms, 最大耗時=81.3ms, 指令數=59
2025-07-21 00:00:14 [WARNING] GripperOptimized:fast_loop:492 - 主循環執行時間過長: 30.4ms
2025-07-21 00:00:19 [WARNING] GripperOptimized:fast_loop:492 - 主循環執行時間過長: 30.5ms
2025-07-21 00:00:25 [WARNING] GripperOptimized:fast_loop:492 - 主循環執行時間過長: 31.5ms
2025-07-21 00:00:35 [INFO] GripperOptimized:fast_loop:484 - 性能統計: 循環=97000, 平均耗時=13.2ms, 最大耗時=81.3ms, 指令數=59
2025-07-21 00:00:51 [WARNING] GripperOptimized:fast_loop:492 - 主循環執行時間過長: 30.8ms
2025-07-21 00:00:52 [WARNING] GripperOptimized:fast_loop:492 - 主循環執行時間過長: 30.4ms
2025-07-21 00:00:55 [WARNING] GripperOptimized:fast_loop:492 - 主循環執行時間過長: 31.4ms
2025-07-21 00:00:56 [INFO] GripperOptimized:fast_loop:484 - 性能統計: 循環=98000, 平均耗時=13.1ms, 最大耗時=81.3ms, 指令數=59
2025-07-21 00:00:58 [WARNING] GripperOptimized:fast_loop:492 - 主循環執行時間過長: 31.0ms
2025-07-21 00:01:01 [WARNING] GripperOptimized:fast_loop:492 - 主循環執行時間過長: 30.6ms
2025-07-21 00:01:08 [WARNING] GripperOptimized:fast_loop:492 - 主循環執行時間過長: 30.3ms
2025-07-21 00:01:09 [WARNING] GripperOptimized:fast_loop:492 - 主循環執行時間過長: 30.3ms
2025-07-21 00:01:10 [WARNING] GripperOptimized:fast_loop:492 - 主循環執行時間過長: 30.7ms
2025-07-21 00:01:13 [WARNING] GripperOptimized:fast_loop:492 - 主循環執行時間過長: 31.1ms
2025-07-21 00:01:17 [INFO] GripperOptimized:fast_loop:484 - 性能統計: 循環=99000, 平均耗時=13.7ms, 最大耗時=81.3ms, 指令數=59
2025-07-21 00:01:17 [WARNING] GripperOptimized:fast_loop:492 - 主循環執行時間過長: 32.4ms
2025-07-21 00:01:22 [WARNING] GripperOptimized:fast_loop:492 - 主循環執行時間過長: 30.0ms
2025-07-21 00:01:25 [WARNING] GripperOptimized:fast_loop:492 - 主循環執行時間過長: 30.6ms
2025-07-21 00:01:26 [WARNING] GripperOptimized:fast_loop:492 - 主循環執行時間過長: 30.9ms
2025-07-21 00:01:27 [WARNING] GripperOptimized:fast_loop:492 - 主循環執行時間過長: 30.5ms
2025-07-21 00:01:29 [WARNING] GripperOptimized:fast_loop:492 - 主循環執行時間過長: 30.3ms
2025-07-21 00:01:38 [INFO] GripperOptimized:fast_loop:484 - 性能統計: 循環=100000, 平均耗時=13.9ms, 最大耗時=81.3ms, 指令數=59
2025-07-21 00:01:40 [WARNING] GripperOptimized:fast_loop:492 - 主循環執行時間過長: 32.3ms
2025-07-21 00:01:49 [WARNING] GripperOptimized:fast_loop:492 - 主循環執行時間過長: 32.3ms
2025-07-21 00:01:50 [WARNING] GripperOptimized:fast_loop:492 - 主循環執行時間過長: 31.0ms
2025-07-21 00:01:51 [WARNING] GripperOptimized:fast_loop:492 - 主循環執行時間過長: 30.4ms
2025-07-21 00:01:52 [WARNING] GripperOptimized:fast_loop:492 - 主循環執行時間過長: 31.2ms
2025-07-21 00:01:58 [INFO] GripperOptimized:fast_loop:484 - 性能統計: 循環=101000, 平均耗時=13.3ms, 最大耗時=81.3ms, 指令數=59
2025-07-21 00:01:58 [WARNING] GripperOptimized:fast_loop:492 - 主循環執行時間過長: 31.9ms
2025-07-21 00:02:03 [WARNING] GripperOptimized:fast_loop:492 - 主循環執行時間過長: 30.1ms
2025-07-21 00:02:04 [WARNING] GripperOptimized:fast_loop:492 - 主循環執行時間過長: 31.7ms
2025-07-21 00:02:06 [WARNING] GripperOptimized:fast_loop:492 - 主循環執行時間過長: 30.6ms
2025-07-21 00:02:13 [WARNING] GripperOptimized:fast_loop:492 - 主循環執行時間過長: 30.1ms
2025-07-21 00:02:15 [WARNING] GripperOptimized:fast_loop:492 - 主循環執行時間過長: 37.1ms
2025-07-21 00:02:19 [INFO] GripperOptimized:fast_loop:484 - 性能統計: 循環=102000, 平均耗時=13.8ms, 最大耗時=81.3ms, 指令數=59
2025-07-21 00:02:19 [WARNING] GripperOptimized:fast_loop:492 - 主循環執行時間過長: 31.0ms
2025-07-21 00:02:35 [WARNING] GripperOptimized:fast_loop:492 - 主循環執行時間過長: 31.7ms
2025-07-21 00:02:40 [INFO] GripperOptimized:fast_loop:484 - 性能統計: 循環=103000, 平均耗時=12.9ms, 最大耗時=81.3ms, 指令數=59
2025-07-21 00:03:01 [INFO] GripperOptimized:fast_loop:484 - 性能統計: 循環=104000, 平均耗時=13.4ms, 最大耗時=81.3ms, 指令數=59
2025-07-21 00:03:15 [WARNING] GripperOptimized:fast_loop:492 - 主循環執行時間過長: 30.5ms
2025-07-21 00:03:22 [INFO] GripperOptimized:fast_loop:484 - 性能統計: 循環=105000, 平均耗時=12.6ms, 最大耗時=81.3ms, 指令數=59
2025-07-21 00:03:22 [WARNING] GripperOptimized:fast_loop:492 - 主循環執行時間過長: 30.0ms
2025-07-21 00:03:42 [INFO] GripperOptimized:fast_loop:484 - 性能統計: 循環=106000, 平均耗時=13.1ms, 最大耗時=81.3ms, 指令數=59
2025-07-21 00:03:51 [WARNING] GripperOptimized:fast_loop:492 - 主循環執行時間過長: 30.8ms
2025-07-21 00:03:54 [WARNING] GripperOptimized:fast_loop:492 - 主循環執行時間過長: 31.9ms
2025-07-21 00:03:58 [WARNING] GripperOptimized:fast_loop:492 - 主循環執行時間過長: 31.3ms
2025-07-21 00:04:01 [WARNING] GripperOptimized:fast_loop:492 - 主循環執行時間過長: 30.8ms
2025-07-21 00:04:03 [INFO] GripperOptimized:fast_loop:484 - 性能統計: 循環=107000, 平均耗時=13.8ms, 最大耗時=81.3ms, 指令數=59
2025-07-21 00:04:24 [INFO] GripperOptimized:fast_loop:484 - 性能統計: 循環=108000, 平均耗時=13.5ms, 最大耗時=81.3ms, 指令數=59
2025-07-21 00:04:33 [WARNING] GripperOptimized:fast_loop:492 - 主循環執行時間過長: 30.4ms
2025-07-21 00:04:45 [INFO] GripperOptimized:fast_loop:484 - 性能統計: 循環=109000, 平均耗時=14.3ms, 最大耗時=81.3ms, 指令數=59
2025-07-21 00:05:02 [WARNING] GripperOptimized:fast_loop:492 - 主循環執行時間過長: 31.0ms
2025-07-21 00:05:06 [INFO] GripperOptimized:fast_loop:484 - 性能統計: 循環=110000, 平均耗時=13.9ms, 最大耗時=81.3ms, 指令數=59
2025-07-21 00:05:17 [WARNING] GripperOptimized:fast_loop:492 - 主循環執行時間過長: 30.9ms
2025-07-21 00:05:19 [WARNING] GripperOptimized:fast_loop:492 - 主循環執行時間過長: 30.6ms
2025-07-21 00:05:23 [WARNING] GripperOptimized:fast_loop:492 - 主循環執行時間過長: 32.1ms
2025-07-21 00:05:26 [INFO] GripperOptimized:fast_loop:484 - 性能統計: 循環=111000, 平均耗時=12.8ms, 最大耗時=81.3ms, 指令數=59
2025-07-21 00:05:47 [INFO] GripperOptimized:fast_loop:484 - 性能統計: 循環=112000, 平均耗時=12.6ms, 最大耗時=81.3ms, 指令數=59
2025-07-21 00:06:08 [INFO] GripperOptimized:fast_loop:484 - 性能統計: 循環=113000, 平均耗時=13.9ms, 最大耗時=81.3ms, 指令數=59
2025-07-21 00:06:11 [WARNING] GripperOptimized:fast_loop:492 - 主循環執行時間過長: 31.3ms
2025-07-21 00:06:29 [INFO] GripperOptimized:fast_loop:484 - 性能統計: 循環=114000, 平均耗時=13.2ms, 最大耗時=81.3ms, 指令數=59
2025-07-21 00:06:49 [INFO] GripperOptimized:fast_loop:484 - 性能統計: 循環=115000, 平均耗時=13.4ms, 最大耗時=81.3ms, 指令數=59
2025-07-21 00:07:03 [WARNING] GripperOptimized:fast_loop:492 - 主循環執行時間過長: 30.6ms
2025-07-21 00:07:08 [WARNING] GripperOptimized:fast_loop:492 - 主循環執行時間過長: 31.9ms
2025-07-21 00:07:09 [WARNING] GripperOptimized:fast_loop:492 - 主循環執行時間過長: 30.2ms
2025-07-21 00:07:10 [INFO] GripperOptimized:fast_loop:484 - 性能統計: 循環=116000, 平均耗時=13.3ms, 最大耗時=81.3ms, 指令數=59
2025-07-21 00:07:22 [WARNING] GripperOptimized:fast_loop:492 - 主循環執行時間過長: 31.1ms
2025-07-21 00:07:23 [WARNING] GripperOptimized:fast_loop:492 - 主循環執行時間過長: 32.5ms
2025-07-21 00:07:31 [INFO] GripperOptimized:fast_loop:484 - 性能統計: 循環=117000, 平均耗時=13.6ms, 最大耗時=81.3ms, 指令數=59
2025-07-21 00:07:33 [WARNING] GripperOptimized:fast_loop:492 - 主循環執行時間過長: 31.1ms
2025-07-21 00:07:52 [INFO] GripperOptimized:fast_loop:484 - 性能統計: 循環=118000, 平均耗時=13.9ms, 最大耗時=81.3ms, 指令數=59
2025-07-21 00:07:57 [WARNING] GripperOptimized:fast_loop:492 - 主循環執行時間過長: 36.6ms
2025-07-21 00:08:13 [INFO] GripperOptimized:fast_loop:484 - 性能統計: 循環=119000, 平均耗時=13.7ms, 最大耗時=81.3ms, 指令數=59
2025-07-21 00:08:22 [WARNING] GripperOptimized:fast_loop:492 - 主循環執行時間過長: 32.7ms
2025-07-21 00:08:30 [WARNING] GripperOptimized:fast_loop:492 - 主循環執行時間過長: 33.6ms
2025-07-21 00:08:32 [WARNING] GripperOptimized:fast_loop:492 - 主循環執行時間過長: 30.0ms
2025-07-21 00:08:33 [INFO] GripperOptimized:fast_loop:484 - 性能統計: 循環=120000, 平均耗時=12.7ms, 最大耗時=81.3ms, 指令數=59
2025-07-21 00:08:43 [WARNING] GripperOptimized:fast_loop:492 - 主循環執行時間過長: 30.8ms
2025-07-21 00:08:51 [WARNING] GripperOptimized:fast_loop:492 - 主循環執行時間過長: 30.7ms
2025-07-21 00:08:52 [WARNING] GripperOptimized:fast_loop:492 - 主循環執行時間過長: 30.6ms
2025-07-21 00:08:54 [INFO] GripperOptimized:fast_loop:484 - 性能統計: 循環=121000, 平均耗時=14.1ms, 最大耗時=81.3ms, 指令數=59
2025-07-21 00:09:02 [WARNING] GripperOptimized:fast_loop:492 - 主循環執行時間過長: 32.7ms
2025-07-21 00:09:08 [WARNING] GripperOptimized:fast_loop:492 - 主循環執行時間過長: 31.2ms
2025-07-21 00:09:15 [INFO] GripperOptimized:fast_loop:484 - 性能統計: 循環=122000, 平均耗時=13.2ms, 最大耗時=81.3ms, 指令數=59
2025-07-21 00:09:36 [INFO] GripperOptimized:fast_loop:484 - 性能統計: 循環=123000, 平均耗時=13.4ms, 最大耗時=81.3ms, 指令數=59
2025-07-21 00:09:46 [WARNING] GripperOptimized:fast_loop:492 - 主循環執行時間過長: 35.7ms
2025-07-21 00:09:53 [WARNING] GripperOptimized:fast_loop:492 - 主循環執行時間過長: 30.0ms
2025-07-21 00:09:56 [WARNING] GripperOptimized:fast_loop:492 - 主循環執行時間過長: 36.0ms
2025-07-21 00:09:57 [INFO] GripperOptimized:fast_loop:484 - 性能統計: 循環=124000, 平均耗時=13.0ms, 最大耗時=81.3ms, 指令數=59
2025-07-21 00:09:58 [WARNING] GripperOptimized:fast_loop:492 - 主循環執行時間過長: 30.1ms
2025-07-21 00:10:06 [WARNING] GripperOptimized:fast_loop:492 - 主循環執行時間過長: 30.4ms
2025-07-21 00:10:17 [INFO] GripperOptimized:fast_loop:484 - 性能統計: 循環=125000, 平均耗時=12.9ms, 最大耗時=81.3ms, 指令數=59
2025-07-21 00:10:23 [WARNING] GripperOptimized:fast_loop:492 - 主循環執行時間過長: 30.2ms
2025-07-21 00:10:36 [WARNING] GripperOptimized:fast_loop:492 - 主循環執行時間過長: 36.1ms
2025-07-21 00:10:38 [INFO] GripperOptimized:fast_loop:484 - 性能統計: 循環=126000, 平均耗時=13.5ms, 最大耗時=81.3ms, 指令數=59
2025-07-21 00:10:53 [WARNING] GripperOptimized:fast_loop:492 - 主循環執行時間過長: 30.2ms
2025-07-21 00:10:59 [INFO] GripperOptimized:fast_loop:484 - 性能統計: 循環=127000, 平均耗時=13.3ms, 最大耗時=81.3ms, 指令數=59
2025-07-21 00:11:01 [WARNING] GripperOptimized:fast_loop:492 - 主循環執行時間過長: 30.5ms
2025-07-21 00:11:20 [INFO] GripperOptimized:fast_loop:484 - 性能統計: 循環=128000, 平均耗時=14.2ms, 最大耗時=81.3ms, 指令數=59
2025-07-21 00:11:28 [WARNING] GripperOptimized:fast_loop:492 - 主循環執行時間過長: 30.4ms
2025-07-21 00:11:40 [WARNING] GripperOptimized:fast_loop:492 - 主循環執行時間過長: 30.8ms
2025-07-21 00:11:41 [INFO] GripperOptimized:fast_loop:484 - 性能統計: 循環=129000, 平均耗時=13.4ms, 最大耗時=81.3ms, 指令數=59
2025-07-21 00:11:42 [WARNING] GripperOptimized:fast_loop:492 - 主循環執行時間過長: 30.1ms
2025-07-21 00:11:46 [WARNING] GripperOptimized:fast_loop:492 - 主循環執行時間過長: 31.6ms
2025-07-21 00:11:58 [WARNING] GripperOptimized:fast_loop:492 - 主循環執行時間過長: 30.7ms
2025-07-21 00:12:01 [INFO] GripperOptimized:fast_loop:484 - 性能統計: 循環=130000, 平均耗時=13.3ms, 最大耗時=81.3ms, 指令數=59
2025-07-21 00:12:08 [WARNING] GripperOptimized:fast_loop:492 - 主循環執行時間過長: 30.5ms
2025-07-21 00:12:09 [WARNING] GripperOptimized:fast_loop:492 - 主循環執行時間過長: 30.2ms
2025-07-21 00:12:12 [WARNING] GripperOptimized:fast_loop:492 - 主循環執行時間過長: 30.4ms
2025-07-21 00:12:18 [WARNING] GripperOptimized:fast_loop:492 - 主循環執行時間過長: 31.2ms
2025-07-21 00:12:21 [WARNING] GripperOptimized:fast_loop:492 - 主循環執行時間過長: 30.4ms
2025-07-21 00:12:22 [INFO] GripperOptimized:fast_loop:484 - 性能統計: 循環=131000, 平均耗時=13.1ms, 最大耗時=81.3ms, 指令數=59
2025-07-21 00:12:30 [WARNING] GripperOptimized:fast_loop:492 - 主循環執行時間過長: 30.5ms
2025-07-21 00:12:38 [WARNING] GripperOptimized:fast_loop:492 - 主循環執行時間過長: 31.0ms
2025-07-21 00:12:41 [WARNING] GripperOptimized:fast_loop:492 - 主循環執行時間過長: 31.6ms
2025-07-21 00:12:43 [INFO] GripperOptimized:fast_loop:484 - 性能統計: 循環=132000, 平均耗時=13.0ms, 最大耗時=81.3ms, 指令數=59
2025-07-21 00:12:43 [WARNING] GripperOptimized:fast_loop:492 - 主循環執行時間過長: 30.3ms
2025-07-21 00:12:45 [WARNING] GripperOptimized:fast_loop:492 - 主循環執行時間過長: 31.6ms
2025-07-21 00:12:48 [WARNING] GripperOptimized:fast_loop:492 - 主循環執行時間過長: 32.1ms
2025-07-21 00:12:49 [WARNING] GripperOptimized:fast_loop:492 - 主循環執行時間過長: 31.9ms
2025-07-21 00:12:56 [WARNING] GripperOptimized:fast_loop:492 - 主循環執行時間過長: 32.1ms
2025-07-21 00:13:00 [WARNING] GripperOptimized:fast_loop:492 - 主循環執行時間過長: 30.5ms
2025-07-21 00:13:01 [WARNING] GripperOptimized:fast_loop:492 - 主循環執行時間過長: 36.7ms
2025-07-21 00:13:02 [WARNING] GripperOptimized:fast_loop:492 - 主循環執行時間過長: 30.2ms
2025-07-21 00:13:04 [INFO] GripperOptimized:fast_loop:484 - 性能統計: 循環=133000, 平均耗時=14.0ms, 最大耗時=81.3ms, 指令數=59
2025-07-21 00:13:05 [WARNING] GripperOptimized:fast_loop:492 - 主循環執行時間過長: 32.2ms
2025-07-21 00:13:08 [WARNING] GripperOptimized:fast_loop:492 - 主循環執行時間過長: 30.6ms
2025-07-21 00:13:11 [WARNING] GripperOptimized:fast_loop:492 - 主循環執行時間過長: 32.8ms
2025-07-21 00:13:14 [WARNING] GripperOptimized:fast_loop:492 - 主循環執行時間過長: 30.5ms
2025-07-21 00:13:19 [WARNING] GripperOptimized:fast_loop:492 - 主循環執行時間過長: 30.6ms
2025-07-21 00:13:23 [WARNING] GripperOptimized:fast_loop:492 - 主循環執行時間過長: 32.3ms
2025-07-21 00:13:25 [INFO] GripperOptimized:fast_loop:484 - 性能統計: 循環=134000, 平均耗時=13.3ms, 最大耗時=81.3ms, 指令數=59
2025-07-21 00:13:29 [WARNING] GripperOptimized:fast_loop:492 - 主循環執行時間過長: 30.2ms
2025-07-21 00:13:45 [INFO] GripperOptimized:fast_loop:484 - 性能統計: 循環=135000, 平均耗時=13.3ms, 最大耗時=81.3ms, 指令數=59
2025-07-21 00:13:46 [WARNING] GripperOptimized:fast_loop:492 - 主循環執行時間過長: 31.0ms
2025-07-21 00:13:49 [WARNING] GripperOptimized:fast_loop:492 - 主循環執行時間過長: 30.6ms
2025-07-21 00:13:51 [WARNING] GripperOptimized:fast_loop:492 - 主循環執行時間過長: 30.2ms
2025-07-21 00:14:01 [WARNING] GripperOptimized:fast_loop:492 - 主循環執行時間過長: 31.8ms
2025-07-21 00:14:04 [WARNING] GripperOptimized:fast_loop:492 - 主循環執行時間過長: 31.8ms
2025-07-21 00:14:06 [INFO] GripperOptimized:fast_loop:484 - 性能統計: 循環=136000, 平均耗時=13.3ms, 最大耗時=81.3ms, 指令數=59
2025-07-21 00:14:11 [WARNING] GripperOptimized:fast_loop:492 - 主循環執行時間過長: 31.6ms
2025-07-21 00:14:13 [WARNING] GripperOptimized:fast_loop:492 - 主循環執行時間過長: 30.1ms
2025-07-21 00:14:16 [WARNING] GripperOptimized:fast_loop:492 - 主循環執行時間過長: 31.6ms
2025-07-21 00:14:17 [WARNING] GripperOptimized:fast_loop:492 - 主循環執行時間過長: 31.8ms
2025-07-21 00:14:20 [WARNING] GripperOptimized:fast_loop:492 - 主循環執行時間過長: 31.2ms
2025-07-21 00:14:24 [WARNING] GripperOptimized:fast_loop:492 - 主循環執行時間過長: 31.1ms
2025-07-21 00:14:27 [INFO] GripperOptimized:fast_loop:484 - 性能統計: 循環=137000, 平均耗時=13.6ms, 最大耗時=81.3ms, 指令數=59
2025-07-21 00:14:34 [WARNING] GripperOptimized:fast_loop:492 - 主循環執行時間過長: 32.0ms
2025-07-21 00:14:37 [WARNING] GripperOptimized:fast_loop:492 - 主循環執行時間過長: 30.9ms
2025-07-21 00:14:38 [WARNING] GripperOptimized:fast_loop:492 - 主循環執行時間過長: 32.1ms
2025-07-21 00:14:45 [WARNING] GripperOptimized:fast_loop:492 - 主循環執行時間過長: 30.0ms
2025-07-21 00:14:48 [INFO] GripperOptimized:fast_loop:484 - 性能統計: 循環=138000, 平均耗時=13.0ms, 最大耗時=81.3ms, 指令數=59
2025-07-21 00:14:53 [WARNING] GripperOptimized:fast_loop:492 - 主循環執行時間過長: 31.2ms
2025-07-21 00:14:57 [WARNING] GripperOptimized:fast_loop:492 - 主循環執行時間過長: 35.7ms
2025-07-21 00:15:01 [WARNING] GripperOptimized:fast_loop:492 - 主循環執行時間過長: 30.1ms
2025-07-21 00:15:02 [WARNING] GripperOptimized:fast_loop:492 - 主循環執行時間過長: 30.5ms
2025-07-21 00:15:05 [WARNING] GripperOptimized:fast_loop:492 - 主循環執行時間過長: 30.9ms
2025-07-21 00:15:08 [WARNING] GripperOptimized:fast_loop:492 - 主循環執行時間過長: 31.2ms
2025-07-21 00:15:09 [INFO] GripperOptimized:fast_loop:484 - 性能統計: 循環=139000, 平均耗時=13.2ms, 最大耗時=81.3ms, 指令數=59
2025-07-21 00:15:11 [WARNING] GripperOptimized:fast_loop:492 - 主循環執行時間過長: 30.9ms
2025-07-21 00:15:23 [WARNING] GripperOptimized:fast_loop:492 - 主循環執行時間過長: 30.9ms
2025-07-21 00:15:24 [WARNING] GripperOptimized:fast_loop:492 - 主循環執行時間過長: 32.1ms
2025-07-21 00:15:26 [WARNING] GripperOptimized:fast_loop:492 - 主循環執行時間過長: 31.1ms
2025-07-21 00:15:29 [INFO] GripperOptimized:fast_loop:484 - 性能統計: 循環=140000, 平均耗時=12.2ms, 最大耗時=81.3ms, 指令數=59
2025-07-21 00:15:29 [WARNING] GripperOptimized:fast_loop:492 - 主循環執行時間過長: 32.4ms
2025-07-21 00:15:35 [WARNING] GripperOptimized:fast_loop:492 - 主循環執行時間過長: 30.1ms
2025-07-21 00:15:43 [WARNING] GripperOptimized:fast_loop:492 - 主循環執行時間過長: 31.9ms
2025-07-21 00:15:44 [WARNING] GripperOptimized:fast_loop:492 - 主循環執行時間過長: 30.1ms
2025-07-21 00:15:48 [WARNING] GripperOptimized:fast_loop:492 - 主循環執行時間過長: 30.5ms
2025-07-21 00:15:50 [INFO] GripperOptimized:fast_loop:484 - 性能統計: 循環=141000, 平均耗時=12.6ms, 最大耗時=81.3ms, 指令數=59
2025-07-21 00:15:53 [WARNING] GripperOptimized:fast_loop:492 - 主循環執行時間過長: 31.6ms
2025-07-21 00:15:54 [WARNING] GripperOptimized:fast_loop:492 - 主循環執行時間過長: 30.5ms
2025-07-21 00:16:08 [WARNING] GripperOptimized:fast_loop:492 - 主循環執行時間過長: 32.5ms
2025-07-21 00:16:11 [INFO] GripperOptimized:fast_loop:484 - 性能統計: 循環=142000, 平均耗時=13.7ms, 最大耗時=81.3ms, 指令數=59
2025-07-21 00:16:14 [WARNING] GripperOptimized:fast_loop:492 - 主循環執行時間過長: 30.3ms
2025-07-21 00:16:16 [WARNING] GripperOptimized:fast_loop:492 - 主循環執行時間過長: 30.4ms
2025-07-21 00:16:17 [WARNING] GripperOptimized:fast_loop:492 - 主循環執行時間過長: 31.9ms
2025-07-21 00:16:23 [WARNING] GripperOptimized:fast_loop:492 - 主循環執行時間過長: 30.8ms
2025-07-21 00:16:28 [WARNING] GripperOptimized:fast_loop:492 - 主循環執行時間過長: 31.0ms
2025-07-21 00:16:32 [INFO] GripperOptimized:fast_loop:484 - 性能統計: 循環=143000, 平均耗時=13.8ms, 最大耗時=81.3ms, 指令數=59
2025-07-21 00:16:39 [WARNING] GripperOptimized:fast_loop:492 - 主循環執行時間過長: 31.1ms
2025-07-21 00:16:40 [WARNING] GripperOptimized:fast_loop:492 - 主循環執行時間過長: 31.8ms
2025-07-21 00:16:53 [INFO] GripperOptimized:fast_loop:484 - 性能統計: 循環=144000, 平均耗時=12.6ms, 最大耗時=81.3ms, 指令數=59
2025-07-21 00:16:53 [WARNING] GripperOptimized:fast_loop:492 - 主循環執行時間過長: 30.8ms
2025-07-21 00:16:54 [WARNING] GripperOptimized:fast_loop:492 - 主循環執行時間過長: 30.2ms
2025-07-21 00:16:56 [WARNING] GripperOptimized:fast_loop:492 - 主循環執行時間過長: 31.4ms
2025-07-21 00:17:03 [WARNING] GripperOptimized:fast_loop:492 - 主循環執行時間過長: 30.4ms
2025-07-21 00:17:08 [WARNING] GripperOptimized:fast_loop:492 - 主循環執行時間過長: 31.3ms
2025-07-21 00:17:10 [WARNING] GripperOptimized:fast_loop:492 - 主循環執行時間過長: 31.0ms
2025-07-21 00:17:13 [INFO] GripperOptimized:fast_loop:484 - 性能統計: 循環=145000, 平均耗時=13.4ms, 最大耗時=81.3ms, 指令數=59
2025-07-21 00:17:19 [WARNING] GripperOptimized:fast_loop:492 - 主循環執行時間過長: 30.8ms
2025-07-21 00:17:21 [WARNING] GripperOptimized:fast_loop:492 - 主循環執行時間過長: 31.4ms
2025-07-21 00:17:22 [WARNING] GripperOptimized:fast_loop:492 - 主循環執行時間過長: 31.7ms
2025-07-21 00:17:23 [WARNING] GripperOptimized:fast_loop:492 - 主循環執行時間過長: 30.1ms
2025-07-21 00:17:25 [WARNING] GripperOptimized:fast_loop:492 - 主循環執行時間過長: 32.8ms
2025-07-21 00:17:28 [WARNING] GripperOptimized:fast_loop:492 - 主循環執行時間過長: 30.6ms
2025-07-21 00:17:29 [WARNING] GripperOptimized:fast_loop:492 - 主循環執行時間過長: 31.7ms
2025-07-21 00:17:34 [INFO] GripperOptimized:fast_loop:484 - 性能統計: 循環=146000, 平均耗時=12.9ms, 最大耗時=81.3ms, 指令數=59
2025-07-21 00:17:35 [WARNING] GripperOptimized:fast_loop:492 - 主循環執行時間過長: 30.7ms
2025-07-21 00:17:39 [WARNING] GripperOptimized:fast_loop:492 - 主循環執行時間過長: 31.0ms
2025-07-21 00:17:45 [WARNING] GripperOptimized:fast_loop:492 - 主循環執行時間過長: 30.0ms
2025-07-21 00:17:55 [INFO] GripperOptimized:fast_loop:484 - 性能統計: 循環=147000, 平均耗時=13.6ms, 最大耗時=81.3ms, 指令數=59
2025-07-21 00:17:57 [WARNING] GripperOptimized:fast_loop:492 - 主循環執行時間過長: 35.5ms
2025-07-21 00:18:03 [WARNING] GripperOptimized:fast_loop:492 - 主循環執行時間過長: 31.8ms
2025-07-21 00:18:05 [WARNING] GripperOptimized:fast_loop:492 - 主循環執行時間過長: 31.6ms
2025-07-21 00:18:08 [WARNING] GripperOptimized:fast_loop:492 - 主循環執行時間過長: 30.4ms
2025-07-21 00:18:16 [INFO] GripperOptimized:fast_loop:484 - 性能統計: 循環=148000, 平均耗時=13.4ms, 最大耗時=81.3ms, 指令數=59
2025-07-21 00:18:19 [WARNING] GripperOptimized:fast_loop:492 - 主循環執行時間過長: 31.2ms
2025-07-21 00:18:23 [WARNING] GripperOptimized:fast_loop:492 - 主循環執行時間過長: 31.9ms
2025-07-21 00:18:26 [WARNING] GripperOptimized:fast_loop:492 - 主循環執行時間過長: 31.6ms
2025-07-21 00:18:36 [INFO] GripperOptimized:fast_loop:484 - 性能統計: 循環=149000, 平均耗時=14.1ms, 最大耗時=81.3ms, 指令數=59
2025-07-21 00:18:39 [WARNING] GripperOptimized:fast_loop:492 - 主循環執行時間過長: 30.8ms
2025-07-21 00:18:43 [WARNING] GripperOptimized:fast_loop:492 - 主循環執行時間過長: 30.3ms
2025-07-21 00:18:48 [WARNING] GripperOptimized:fast_loop:492 - 主循環執行時間過長: 30.3ms
2025-07-21 00:18:56 [WARNING] GripperOptimized:fast_loop:492 - 主循環執行時間過長: 31.8ms
2025-07-21 00:18:57 [INFO] GripperOptimized:fast_loop:484 - 性能統計: 循環=150000, 平均耗時=13.7ms, 最大耗時=81.3ms, 指令數=59
2025-07-21 00:18:58 [WARNING] GripperOptimized:fast_loop:492 - 主循環執行時間過長: 30.6ms
2025-07-21 00:19:00 [WARNING] GripperOptimized:fast_loop:492 - 主循環執行時間過長: 30.7ms
2025-07-21 00:19:03 [WARNING] GripperOptimized:fast_loop:492 - 主循環執行時間過長: 31.3ms
2025-07-21 00:19:04 [WARNING] GripperOptimized:fast_loop:492 - 主循環執行時間過長: 30.5ms
2025-07-21 00:19:06 [WARNING] GripperOptimized:fast_loop:492 - 主循環執行時間過長: 31.9ms
2025-07-21 00:19:18 [INFO] GripperOptimized:fast_loop:484 - 性能統計: 循環=151000, 平均耗時=12.5ms, 最大耗時=81.3ms, 指令數=59
2025-07-21 00:19:27 [WARNING] GripperOptimized:fast_loop:492 - 主循環執行時間過長: 31.0ms
2025-07-21 00:19:39 [INFO] GripperOptimized:fast_loop:484 - 性能統計: 循環=152000, 平均耗時=13.1ms, 最大耗時=81.3ms, 指令數=59
2025-07-21 00:19:42 [WARNING] GripperOptimized:fast_loop:492 - 主循環執行時間過長: 30.3ms
2025-07-21 00:19:47 [WARNING] GripperOptimized:fast_loop:492 - 主循環執行時間過長: 30.7ms
2025-07-21 00:19:49 [WARNING] GripperOptimized:fast_loop:492 - 主循環執行時間過長: 30.4ms
2025-07-21 00:19:52 [WARNING] GripperOptimized:fast_loop:492 - 主循環執行時間過長: 32.1ms
2025-07-21 00:20:00 [INFO] GripperOptimized:fast_loop:484 - 性能統計: 循環=153000, 平均耗時=12.9ms, 最大耗時=81.3ms, 指令數=59
2025-07-21 00:20:04 [WARNING] GripperOptimized:fast_loop:492 - 主循環執行時間過長: 31.3ms
2025-07-21 00:20:05 [WARNING] GripperOptimized:fast_loop:492 - 主循環執行時間過長: 32.3ms
2025-07-21 00:20:10 [WARNING] GripperOptimized:fast_loop:492 - 主循環執行時間過長: 30.6ms
2025-07-21 00:20:16 [WARNING] GripperOptimized:fast_loop:492 - 主循環執行時間過長: 30.8ms
2025-07-21 00:20:17 [WARNING] GripperOptimized:fast_loop:492 - 主循環執行時間過長: 30.3ms
2025-07-21 00:20:19 [WARNING] GripperOptimized:fast_loop:492 - 主循環執行時間過長: 31.7ms
2025-07-21 00:20:20 [INFO] GripperOptimized:fast_loop:484 - 性能統計: 循環=154000, 平均耗時=13.0ms, 最大耗時=81.3ms, 指令數=59
2025-07-21 00:20:22 [WARNING] GripperOptimized:fast_loop:492 - 主循環執行時間過長: 32.0ms
2025-07-21 00:20:24 [WARNING] GripperOptimized:fast_loop:492 - 主循環執行時間過長: 32.8ms
2025-07-21 00:20:27 [WARNING] GripperOptimized:fast_loop:492 - 主循環執行時間過長: 30.5ms
2025-07-21 00:20:32 [WARNING] GripperOptimized:fast_loop:492 - 主循環執行時間過長: 30.2ms
2025-07-21 00:20:38 [WARNING] GripperOptimized:fast_loop:492 - 主循環執行時間過長: 30.1ms
2025-07-21 00:20:41 [INFO] GripperOptimized:fast_loop:484 - 性能統計: 循環=155000, 平均耗時=13.6ms, 最大耗時=81.3ms, 指令數=59
2025-07-21 00:20:42 [WARNING] GripperOptimized:fast_loop:492 - 主循環執行時間過長: 31.3ms
2025-07-21 00:20:51 [WARNING] GripperOptimized:fast_loop:492 - 主循環執行時間過長: 31.2ms
2025-07-21 00:21:02 [INFO] GripperOptimized:fast_loop:484 - 性能統計: 循環=156000, 平均耗時=13.3ms, 最大耗時=81.3ms, 指令數=59
2025-07-21 00:21:12 [WARNING] GripperOptimized:fast_loop:492 - 主循環執行時間過長: 31.9ms
2025-07-21 00:21:13 [WARNING] GripperOptimized:fast_loop:492 - 主循環執行時間過長: 30.3ms
2025-07-21 00:21:21 [WARNING] GripperOptimized:fast_loop:492 - 主循環執行時間過長: 30.9ms
2025-07-21 00:21:23 [INFO] GripperOptimized:fast_loop:484 - 性能統計: 循環=157000, 平均耗時=12.4ms, 最大耗時=81.3ms, 指令數=59
2025-07-21 00:21:23 [WARNING] GripperOptimized:fast_loop:492 - 主循環執行時間過長: 30.9ms
2025-07-21 00:21:28 [WARNING] GripperOptimized:fast_loop:492 - 主循環執行時間過長: 31.0ms
2025-07-21 00:21:36 [WARNING] GripperOptimized:fast_loop:492 - 主循環執行時間過長: 30.1ms
2025-07-21 00:21:44 [INFO] GripperOptimized:fast_loop:484 - 性能統計: 循環=158000, 平均耗時=12.8ms, 最大耗時=81.3ms, 指令數=59
2025-07-21 00:21:49 [WARNING] GripperOptimized:fast_loop:492 - 主循環執行時間過長: 31.2ms
2025-07-21 00:21:51 [WARNING] GripperOptimized:fast_loop:492 - 主循環執行時間過長: 33.6ms
2025-07-21 00:21:54 [WARNING] GripperOptimized:fast_loop:492 - 主循環執行時間過長: 31.0ms
2025-07-21 00:21:58 [WARNING] GripperOptimized:fast_loop:492 - 主循環執行時間過長: 32.6ms
2025-07-21 00:22:00 [WARNING] GripperOptimized:fast_loop:492 - 主循環執行時間過長: 32.8ms
2025-07-21 00:22:04 [INFO] GripperOptimized:fast_loop:484 - 性能統計: 循環=159000, 平均耗時=12.9ms, 最大耗時=81.3ms, 指令數=59
2025-07-21 00:22:04 [WARNING] GripperOptimized:fast_loop:492 - 主循環執行時間過長: 36.1ms
2025-07-21 00:22:17 [WARNING] GripperOptimized:fast_loop:492 - 主循環執行時間過長: 30.2ms
2025-07-21 00:22:19 [WARNING] GripperOptimized:fast_loop:492 - 主循環執行時間過長: 31.2ms
2025-07-21 00:22:23 [WARNING] GripperOptimized:fast_loop:492 - 主循環執行時間過長: 31.4ms
2025-07-21 00:22:25 [INFO] GripperOptimized:fast_loop:484 - 性能統計: 循環=160000, 平均耗時=14.0ms, 最大耗時=81.3ms, 指令數=59
2025-07-21 00:22:36 [WARNING] GripperOptimized:fast_loop:492 - 主循環執行時間過長: 30.5ms
2025-07-21 00:22:46 [INFO] GripperOptimized:fast_loop:484 - 性能統計: 循環=161000, 平均耗時=13.2ms, 最大耗時=81.3ms, 指令數=59
2025-07-21 00:22:52 [WARNING] GripperOptimized:fast_loop:492 - 主循環執行時間過長: 30.5ms
2025-07-21 00:23:04 [WARNING] GripperOptimized:fast_loop:492 - 主循環執行時間過長: 30.7ms
2025-07-21 00:23:07 [INFO] GripperOptimized:fast_loop:484 - 性能統計: 循環=162000, 平均耗時=13.3ms, 最大耗時=81.3ms, 指令數=59
2025-07-21 00:23:18 [WARNING] GripperOptimized:fast_loop:492 - 主循環執行時間過長: 32.4ms
2025-07-21 00:23:19 [WARNING] GripperOptimized:fast_loop:492 - 主循環執行時間過長: 30.1ms
2025-07-21 00:23:28 [INFO] GripperOptimized:fast_loop:484 - 性能統計: 循環=163000, 平均耗時=12.4ms, 最大耗時=81.3ms, 指令數=59
2025-07-21 00:23:34 [WARNING] GripperOptimized:fast_loop:492 - 主循環執行時間過長: 30.1ms
2025-07-21 00:23:38 [WARNING] GripperOptimized:fast_loop:492 - 主循環執行時間過長: 30.4ms
2025-07-21 00:23:39 [WARNING] GripperOptimized:fast_loop:492 - 主循環執行時間過長: 31.9ms
2025-07-21 00:23:40 [WARNING] GripperOptimized:fast_loop:492 - 主循環執行時間過長: 30.5ms
2025-07-21 00:23:47 [WARNING] GripperOptimized:fast_loop:492 - 主循環執行時間過長: 30.8ms
2025-07-21 00:23:48 [INFO] GripperOptimized:fast_loop:484 - 性能統計: 循環=164000, 平均耗時=13.7ms, 最大耗時=81.3ms, 指令數=59
2025-07-21 00:23:49 [WARNING] GripperOptimized:fast_loop:492 - 主循環執行時間過長: 30.0ms
2025-07-21 00:23:53 [WARNING] GripperOptimized:fast_loop:492 - 主循環執行時間過長: 31.2ms
2025-07-21 00:24:09 [INFO] GripperOptimized:fast_loop:484 - 性能統計: 循環=165000, 平均耗時=12.5ms, 最大耗時=81.3ms, 指令數=59
2025-07-21 00:24:29 [WARNING] GripperOptimized:fast_loop:492 - 主循環執行時間過長: 30.6ms
2025-07-21 00:24:30 [INFO] GripperOptimized:fast_loop:484 - 性能統計: 循環=166000, 平均耗時=12.9ms, 最大耗時=81.3ms, 指令數=59
2025-07-21 00:24:39 [WARNING] GripperOptimized:fast_loop:492 - 主循環執行時間過長: 32.2ms
2025-07-21 00:24:51 [INFO] GripperOptimized:fast_loop:484 - 性能統計: 循環=167000, 平均耗時=12.8ms, 最大耗時=81.3ms, 指令數=59
2025-07-21 00:24:52 [WARNING] GripperOptimized:fast_loop:492 - 主循環執行時間過長: 30.4ms
2025-07-21 00:25:12 [INFO] GripperOptimized:fast_loop:484 - 性能統計: 循環=168000, 平均耗時=14.4ms, 最大耗時=81.3ms, 指令數=59
2025-07-21 00:25:24 [WARNING] GripperOptimized:fast_loop:492 - 主循環執行時間過長: 31.4ms
2025-07-21 00:25:32 [INFO] GripperOptimized:fast_loop:484 - 性能統計: 循環=169000, 平均耗時=13.3ms, 最大耗時=81.3ms, 指令數=59
2025-07-21 00:25:38 [WARNING] GripperOptimized:fast_loop:492 - 主循環執行時間過長: 30.5ms
2025-07-21 00:25:43 [WARNING] GripperOptimized:fast_loop:492 - 主循環執行時間過長: 30.5ms
2025-07-21 00:25:53 [INFO] GripperOptimized:fast_loop:484 - 性能統計: 循環=170000, 平均耗時=13.4ms, 最大耗時=81.3ms, 指令數=59
2025-07-21 00:25:53 [WARNING] GripperOptimized:fast_loop:492 - 主循環執行時間過長: 32.0ms
2025-07-21 00:25:54 [WARNING] GripperOptimized:fast_loop:492 - 主循環執行時間過長: 31.0ms
2025-07-21 00:25:56 [WARNING] GripperOptimized:fast_loop:492 - 主循環執行時間過長: 31.1ms
2025-07-21 00:26:14 [INFO] GripperOptimized:fast_loop:484 - 性能統計: 循環=171000, 平均耗時=13.5ms, 最大耗時=81.3ms, 指令數=59
2025-07-21 00:26:33 [WARNING] GripperOptimized:fast_loop:492 - 主循環執行時間過長: 32.4ms
2025-07-21 00:26:35 [INFO] GripperOptimized:fast_loop:484 - 性能統計: 循環=172000, 平均耗時=13.1ms, 最大耗時=81.3ms, 指令數=59
2025-07-21 00:26:37 [WARNING] GripperOptimized:fast_loop:492 - 主循環執行時間過長: 31.0ms
2025-07-21 00:26:38 [WARNING] GripperOptimized:fast_loop:492 - 主循環執行時間過長: 31.1ms
2025-07-21 00:26:40 [WARNING] GripperOptimized:fast_loop:492 - 主循環執行時間過長: 31.6ms
2025-07-21 00:26:42 [WARNING] GripperOptimized:fast_loop:492 - 主循環執行時間過長: 30.6ms
2025-07-21 00:26:47 [WARNING] GripperOptimized:fast_loop:492 - 主循環執行時間過長: 31.5ms
2025-07-21 00:26:48 [WARNING] GripperOptimized:fast_loop:492 - 主循環執行時間過長: 30.5ms
2025-07-21 00:26:51 [WARNING] GripperOptimized:fast_loop:492 - 主循環執行時間過長: 30.7ms
2025-07-21 00:26:54 [WARNING] GripperOptimized:fast_loop:492 - 主循環執行時間過長: 30.6ms
2025-07-21 00:26:55 [INFO] GripperOptimized:fast_loop:484 - 性能統計: 循環=173000, 平均耗時=14.2ms, 最大耗時=81.3ms, 指令數=59
2025-07-21 00:26:59 [WARNING] GripperOptimized:fast_loop:492 - 主循環執行時間過長: 30.5ms
2025-07-21 00:27:07 [WARNING] GripperOptimized:fast_loop:492 - 主循環執行時間過長: 30.1ms
2025-07-21 00:27:12 [WARNING] GripperOptimized:fast_loop:492 - 主循環執行時間過長: 32.2ms
2025-07-21 00:27:16 [INFO] GripperOptimized:fast_loop:484 - 性能統計: 循環=174000, 平均耗時=14.0ms, 最大耗時=81.3ms, 指令數=59
2025-07-21 00:27:17 [WARNING] GripperOptimized:fast_loop:492 - 主循環執行時間過長: 31.4ms
2025-07-21 00:27:19 [WARNING] GripperOptimized:fast_loop:492 - 主循環執行時間過長: 32.0ms
2025-07-21 00:27:20 [WARNING] GripperOptimized:fast_loop:492 - 主循環執行時間過長: 30.7ms
2025-07-21 00:27:33 [WARNING] GripperOptimized:fast_loop:492 - 主循環執行時間過長: 30.2ms
2025-07-21 00:27:37 [INFO] GripperOptimized:fast_loop:484 - 性能統計: 循環=175000, 平均耗時=13.8ms, 最大耗時=81.3ms, 指令數=59
2025-07-21 00:27:49 [WARNING] GripperOptimized:fast_loop:492 - 主循環執行時間過長: 31.4ms
2025-07-21 00:27:56 [WARNING] GripperOptimized:fast_loop:492 - 主循環執行時間過長: 31.7ms
2025-07-21 00:27:58 [INFO] GripperOptimized:fast_loop:484 - 性能統計: 循環=176000, 平均耗時=13.0ms, 最大耗時=81.3ms, 指令數=59
2025-07-21 00:28:19 [INFO] GripperOptimized:fast_loop:484 - 性能統計: 循環=177000, 平均耗時=12.9ms, 最大耗時=81.3ms, 指令數=59
2025-07-21 00:28:24 [WARNING] GripperOptimized:fast_loop:492 - 主循環執行時間過長: 30.4ms
2025-07-21 00:28:25 [WARNING] GripperOptimized:fast_loop:492 - 主循環執行時間過長: 31.0ms
2025-07-21 00:28:30 [WARNING] GripperOptimized:fast_loop:492 - 主循環執行時間過長: 30.3ms
2025-07-21 00:28:39 [INFO] GripperOptimized:fast_loop:484 - 性能統計: 循環=178000, 平均耗時=13.2ms, 最大耗時=81.3ms, 指令數=59
2025-07-21 00:28:43 [WARNING] GripperOptimized:fast_loop:492 - 主循環執行時間過長: 34.6ms
2025-07-21 00:28:46 [WARNING] GripperOptimized:fast_loop:492 - 主循環執行時間過長: 32.4ms
2025-07-21 00:28:52 [WARNING] GripperOptimized:fast_loop:492 - 主循環執行時間過長: 30.7ms
2025-07-21 00:29:00 [INFO] GripperOptimized:fast_loop:484 - 性能統計: 循環=179000, 平均耗時=13.0ms, 最大耗時=81.3ms, 指令數=59
2025-07-21 00:29:00 [WARNING] GripperOptimized:fast_loop:492 - 主循環執行時間過長: 30.6ms
2025-07-21 00:29:05 [WARNING] GripperOptimized:fast_loop:492 - 主循環執行時間過長: 31.8ms
2025-07-21 00:29:09 [WARNING] GripperOptimized:fast_loop:492 - 主循環執行時間過長: 30.1ms
2025-07-21 00:29:11 [WARNING] GripperOptimized:fast_loop:492 - 主循環執行時間過長: 31.5ms
2025-07-21 00:29:21 [INFO] GripperOptimized:fast_loop:484 - 性能統計: 循環=180000, 平均耗時=12.7ms, 最大耗時=81.3ms, 指令數=59
2025-07-21 00:29:23 [WARNING] GripperOptimized:fast_loop:492 - 主循環執行時間過長: 31.2ms
2025-07-21 00:29:24 [WARNING] GripperOptimized:fast_loop:492 - 主循環執行時間過長: 31.2ms
2025-07-21 00:29:31 [WARNING] GripperOptimized:fast_loop:492 - 主循環執行時間過長: 32.3ms
2025-07-21 00:29:32 [WARNING] GripperOptimized:fast_loop:492 - 主循環執行時間過長: 36.3ms
2025-07-21 00:29:42 [INFO] GripperOptimized:fast_loop:484 - 性能統計: 循環=181000, 平均耗時=13.2ms, 最大耗時=81.3ms, 指令數=59
2025-07-21 00:29:46 [WARNING] GripperOptimized:fast_loop:492 - 主循環執行時間過長: 30.9ms
2025-07-21 00:29:47 [WARNING] GripperOptimized:fast_loop:492 - 主循環執行時間過長: 31.4ms
2025-07-21 00:30:03 [INFO] GripperOptimized:fast_loop:484 - 性能統計: 循環=182000, 平均耗時=13.2ms, 最大耗時=81.3ms, 指令數=59
2025-07-21 00:30:05 [WARNING] GripperOptimized:fast_loop:492 - 主循環執行時間過長: 30.6ms
2025-07-21 00:30:08 [WARNING] GripperOptimized:fast_loop:492 - 主循環執行時間過長: 30.8ms
2025-07-21 00:30:12 [WARNING] GripperOptimized:fast_loop:492 - 主循環執行時間過長: 30.4ms
2025-07-21 00:30:14 [WARNING] GripperOptimized:fast_loop:492 - 主循環執行時間過長: 33.7ms
2025-07-21 00:30:17 [WARNING] GripperOptimized:fast_loop:492 - 主循環執行時間過長: 32.3ms
2025-07-21 00:30:19 [WARNING] GripperOptimized:fast_loop:492 - 主循環執行時間過長: 31.8ms
2025-07-21 00:30:20 [WARNING] GripperOptimized:fast_loop:492 - 主循環執行時間過長: 31.2ms
2025-07-21 00:30:21 [WARNING] GripperOptimized:fast_loop:492 - 主循環執行時間過長: 31.0ms
2025-07-21 00:30:23 [INFO] GripperOptimized:fast_loop:484 - 性能統計: 循環=183000, 平均耗時=13.1ms, 最大耗時=81.3ms, 指令數=59
2025-07-21 00:30:23 [WARNING] GripperOptimized:fast_loop:492 - 主循環執行時間過長: 30.9ms
2025-07-21 00:30:35 [WARNING] GripperOptimized:fast_loop:492 - 主循環執行時間過長: 32.1ms
2025-07-21 00:30:38 [WARNING] GripperOptimized:fast_loop:492 - 主循環執行時間過長: 32.7ms
2025-07-21 00:30:43 [WARNING] GripperOptimized:fast_loop:492 - 主循環執行時間過長: 30.9ms
2025-07-21 00:30:44 [INFO] GripperOptimized:fast_loop:484 - 性能統計: 循環=184000, 平均耗時=13.2ms, 最大耗時=81.3ms, 指令數=59
2025-07-21 00:30:49 [WARNING] GripperOptimized:fast_loop:492 - 主循環執行時間過長: 31.8ms
2025-07-21 00:31:05 [INFO] GripperOptimized:fast_loop:484 - 性能統計: 循環=185000, 平均耗時=13.8ms, 最大耗時=81.3ms, 指令數=59
2025-07-21 00:31:07 [WARNING] GripperOptimized:fast_loop:492 - 主循環執行時間過長: 31.6ms
2025-07-21 00:31:14 [WARNING] GripperOptimized:fast_loop:492 - 主循環執行時間過長: 30.4ms
2025-07-21 00:31:24 [WARNING] GripperOptimized:fast_loop:492 - 主循環執行時間過長: 30.1ms
2025-07-21 00:31:26 [INFO] GripperOptimized:fast_loop:484 - 性能統計: 循環=186000, 平均耗時=13.8ms, 最大耗時=81.3ms, 指令數=59
2025-07-21 00:31:28 [WARNING] GripperOptimized:fast_loop:492 - 主循環執行時間過長: 30.2ms
2025-07-21 00:31:32 [WARNING] GripperOptimized:fast_loop:492 - 主循環執行時間過長: 31.5ms
2025-07-21 00:31:41 [WARNING] GripperOptimized:fast_loop:492 - 主循環執行時間過長: 30.2ms
2025-07-21 00:31:47 [INFO] GripperOptimized:fast_loop:484 - 性能統計: 循環=187000, 平均耗時=13.3ms, 最大耗時=81.3ms, 指令數=59
2025-07-21 00:31:54 [WARNING] GripperOptimized:fast_loop:492 - 主循環執行時間過長: 30.1ms
2025-07-21 00:31:56 [WARNING] GripperOptimized:fast_loop:492 - 主循環執行時間過長: 30.8ms
2025-07-21 00:31:58 [WARNING] GripperOptimized:fast_loop:492 - 主循環執行時間過長: 30.8ms
2025-07-21 00:32:01 [WARNING] GripperOptimized:fast_loop:492 - 主循環執行時間過長: 31.1ms
2025-07-21 00:32:05 [WARNING] GripperOptimized:fast_loop:492 - 主循環執行時間過長: 30.3ms
2025-07-21 00:32:07 [INFO] GripperOptimized:fast_loop:484 - 性能統計: 循環=188000, 平均耗時=12.5ms, 最大耗時=81.3ms, 指令數=59
2025-07-21 00:32:16 [WARNING] GripperOptimized:fast_loop:492 - 主循環執行時間過長: 37.0ms
2025-07-21 00:32:25 [WARNING] GripperOptimized:fast_loop:492 - 主循環執行時間過長: 31.1ms
2025-07-21 00:32:28 [INFO] GripperOptimized:fast_loop:484 - 性能統計: 循環=189000, 平均耗時=13.5ms, 最大耗時=81.3ms, 指令數=59
2025-07-21 00:32:35 [WARNING] GripperOptimized:fast_loop:492 - 主循環執行時間過長: 30.1ms
2025-07-21 00:32:49 [INFO] GripperOptimized:fast_loop:484 - 性能統計: 循環=190000, 平均耗時=12.8ms, 最大耗時=81.3ms, 指令數=59
2025-07-21 00:32:53 [WARNING] GripperOptimized:fast_loop:492 - 主循環執行時間過長: 31.6ms
2025-07-21 00:33:10 [INFO] GripperOptimized:fast_loop:484 - 性能統計: 循環=191000, 平均耗時=13.7ms, 最大耗時=81.3ms, 指令數=59
2025-07-21 00:33:13 [WARNING] GripperOptimized:fast_loop:492 - 主循環執行時間過長: 30.4ms
2025-07-21 00:33:26 [WARNING] GripperOptimized:fast_loop:492 - 主循環執行時間過長: 30.2ms
2025-07-21 00:33:31 [INFO] GripperOptimized:fast_loop:484 - 性能統計: 循環=192000, 平均耗時=13.6ms, 最大耗時=81.3ms, 指令數=59
2025-07-21 00:33:33 [WARNING] GripperOptimized:fast_loop:492 - 主循環執行時間過長: 30.7ms
2025-07-21 00:33:42 [WARNING] GripperOptimized:fast_loop:492 - 主循環執行時間過長: 30.3ms
2025-07-21 00:33:46 [WARNING] GripperOptimized:fast_loop:492 - 主循環執行時間過長: 30.5ms
2025-07-21 00:33:49 [WARNING] GripperOptimized:fast_loop:492 - 主循環執行時間過長: 30.2ms
2025-07-21 00:33:51 [INFO] GripperOptimized:fast_loop:484 - 性能統計: 循環=193000, 平均耗時=13.0ms, 最大耗時=81.3ms, 指令數=59
2025-07-21 00:34:00 [WARNING] GripperOptimized:fast_loop:492 - 主循環執行時間過長: 30.5ms
2025-07-21 00:34:04 [WARNING] GripperOptimized:fast_loop:492 - 主循環執行時間過長: 33.2ms
2025-07-21 00:34:07 [WARNING] GripperOptimized:fast_loop:492 - 主循環執行時間過長: 30.6ms
2025-07-21 00:34:12 [INFO] GripperOptimized:fast_loop:484 - 性能統計: 循環=194000, 平均耗時=12.5ms, 最大耗時=81.3ms, 指令數=59
2025-07-21 00:34:28 [WARNING] GripperOptimized:fast_loop:492 - 主循環執行時間過長: 30.1ms
2025-07-21 00:34:33 [INFO] GripperOptimized:fast_loop:484 - 性能統計: 循環=195000, 平均耗時=13.5ms, 最大耗時=81.3ms, 指令數=59
2025-07-21 00:34:37 [WARNING] GripperOptimized:fast_loop:492 - 主循環執行時間過長: 30.5ms
2025-07-21 00:34:43 [WARNING] GripperOptimized:fast_loop:492 - 主循環執行時間過長: 30.9ms
2025-07-21 00:34:51 [WARNING] GripperOptimized:fast_loop:492 - 主循環執行時間過長: 30.8ms
2025-07-21 00:34:52 [WARNING] GripperOptimized:fast_loop:492 - 主循環執行時間過長: 31.6ms
2025-07-21 00:34:53 [WARNING] GripperOptimized:fast_loop:492 - 主循環執行時間過長: 33.3ms
2025-07-21 00:34:54 [INFO] GripperOptimized:fast_loop:484 - 性能統計: 循環=196000, 平均耗時=13.6ms, 最大耗時=81.3ms, 指令數=59
2025-07-21 00:34:59 [WARNING] GripperOptimized:fast_loop:492 - 主循環執行時間過長: 30.4ms
2025-07-21 00:35:07 [WARNING] GripperOptimized:fast_loop:492 - 主循環執行時間過長: 31.7ms
2025-07-21 00:35:11 [WARNING] GripperOptimized:fast_loop:492 - 主循環執行時間過長: 31.2ms
2025-07-21 00:35:13 [WARNING] GripperOptimized:fast_loop:492 - 主循環執行時間過長: 30.1ms
2025-07-21 00:35:14 [INFO] GripperOptimized:fast_loop:484 - 性能統計: 循環=197000, 平均耗時=13.3ms, 最大耗時=81.3ms, 指令數=59
2025-07-21 00:35:20 [WARNING] GripperOptimized:fast_loop:492 - 主循環執行時間過長: 30.3ms
2025-07-21 00:35:30 [WARNING] GripperOptimized:fast_loop:492 - 主循環執行時間過長: 31.3ms
2025-07-21 00:35:35 [INFO] GripperOptimized:fast_loop:484 - 性能統計: 循環=198000, 平均耗時=13.1ms, 最大耗時=81.3ms, 指令數=59
2025-07-21 00:35:36 [WARNING] GripperOptimized:fast_loop:492 - 主循環執行時間過長: 31.2ms
2025-07-21 00:35:38 [WARNING] GripperOptimized:fast_loop:492 - 主循環執行時間過長: 30.7ms
2025-07-21 00:35:39 [WARNING] GripperOptimized:fast_loop:492 - 主循環執行時間過長: 30.2ms
2025-07-21 00:35:44 [WARNING] GripperOptimized:fast_loop:492 - 主循環執行時間過長: 30.5ms
2025-07-21 00:35:56 [INFO] GripperOptimized:fast_loop:484 - 性能統計: 循環=199000, 平均耗時=12.9ms, 最大耗時=81.3ms, 指令數=59
2025-07-21 00:36:13 [WARNING] GripperOptimized:fast_loop:492 - 主循環執行時間過長: 31.1ms
2025-07-21 00:36:15 [WARNING] GripperOptimized:fast_loop:492 - 主循環執行時間過長: 30.7ms
2025-07-21 00:36:17 [INFO] GripperOptimized:fast_loop:484 - 性能統計: 循環=200000, 平均耗時=12.7ms, 最大耗時=81.3ms, 指令數=59
2025-07-21 00:36:29 [WARNING] GripperOptimized:fast_loop:492 - 主循環執行時間過長: 30.5ms
2025-07-21 00:36:36 [WARNING] GripperOptimized:fast_loop:492 - 主循環執行時間過長: 31.0ms
2025-07-21 00:36:38 [INFO] GripperOptimized:fast_loop:484 - 性能統計: 循環=201000, 平均耗時=14.0ms, 最大耗時=81.3ms, 指令數=59
2025-07-21 00:36:39 [WARNING] GripperOptimized:fast_loop:492 - 主循環執行時間過長: 32.0ms
2025-07-21 00:36:42 [WARNING] GripperOptimized:fast_loop:492 - 主循環執行時間過長: 30.2ms
2025-07-21 00:36:44 [WARNING] GripperOptimized:fast_loop:492 - 主循環執行時間過長: 30.6ms
2025-07-21 00:36:46 [WARNING] GripperOptimized:fast_loop:492 - 主循環執行時間過長: 30.9ms
2025-07-21 00:36:58 [INFO] GripperOptimized:fast_loop:484 - 性能統計: 循環=202000, 平均耗時=13.8ms, 最大耗時=81.3ms, 指令數=59
2025-07-21 00:37:15 [WARNING] GripperOptimized:fast_loop:492 - 主循環執行時間過長: 32.5ms
2025-07-21 00:37:19 [INFO] GripperOptimized:fast_loop:484 - 性能統計: 循環=203000, 平均耗時=12.9ms, 最大耗時=81.3ms, 指令數=59
2025-07-21 00:37:19 [WARNING] GripperOptimized:fast_loop:492 - 主循環執行時間過長: 31.6ms
2025-07-21 00:37:20 [WARNING] GripperOptimized:fast_loop:492 - 主循環執行時間過長: 30.0ms
2025-07-21 00:37:20 [WARNING] GripperOptimized:fast_loop:492 - 主循環執行時間過長: 30.2ms
2025-07-21 00:37:37 [WARNING] GripperOptimized:fast_loop:492 - 主循環執行時間過長: 30.5ms
2025-07-21 00:37:40 [INFO] GripperOptimized:fast_loop:484 - 性能統計: 循環=204000, 平均耗時=13.3ms, 最大耗時=81.3ms, 指令數=59
2025-07-21 00:37:49 [WARNING] GripperOptimized:fast_loop:492 - 主循環執行時間過長: 31.9ms
2025-07-21 00:37:59 [WARNING] GripperOptimized:fast_loop:492 - 主循環執行時間過長: 31.3ms
2025-07-21 00:38:01 [INFO] GripperOptimized:fast_loop:484 - 性能統計: 循環=205000, 平均耗時=13.5ms, 最大耗時=81.3ms, 指令數=59
2025-07-21 00:38:05 [WARNING] GripperOptimized:fast_loop:492 - 主循環執行時間過長: 30.7ms
2025-07-21 00:38:07 [WARNING] GripperOptimized:fast_loop:492 - 主循環執行時間過長: 30.2ms
2025-07-21 00:38:10 [WARNING] GripperOptimized:fast_loop:492 - 主循環執行時間過長: 30.6ms
2025-07-21 00:38:11 [WARNING] GripperOptimized:fast_loop:492 - 主循環執行時間過長: 33.4ms
2025-07-21 00:38:22 [INFO] GripperOptimized:fast_loop:484 - 性能統計: 循環=206000, 平均耗時=13.7ms, 最大耗時=81.3ms, 指令數=59
2025-07-21 00:38:23 [WARNING] GripperOptimized:fast_loop:492 - 主循環執行時間過長: 31.0ms
2025-07-21 00:38:28 [WARNING] GripperOptimized:fast_loop:492 - 主循環執行時間過長: 31.3ms
2025-07-21 00:38:30 [WARNING] GripperOptimized:fast_loop:492 - 主循環執行時間過長: 30.1ms
2025-07-21 00:38:36 [WARNING] GripperOptimized:fast_loop:492 - 主循環執行時間過長: 30.7ms
2025-07-21 00:38:39 [WARNING] GripperOptimized:fast_loop:492 - 主循環執行時間過長: 30.2ms
2025-07-21 00:38:42 [INFO] GripperOptimized:fast_loop:484 - 性能統計: 循環=207000, 平均耗時=12.9ms, 最大耗時=81.3ms, 指令數=59
2025-07-21 00:38:42 [WARNING] GripperOptimized:fast_loop:492 - 主循環執行時間過長: 30.3ms
2025-07-21 00:38:44 [WARNING] GripperOptimized:fast_loop:492 - 主循環執行時間過長: 30.7ms
2025-07-21 00:38:50 [WARNING] GripperOptimized:fast_loop:492 - 主循環執行時間過長: 30.4ms
2025-07-21 00:38:53 [WARNING] GripperOptimized:fast_loop:492 - 主循環執行時間過長: 30.3ms
2025-07-21 00:39:03 [INFO] GripperOptimized:fast_loop:484 - 性能統計: 循環=208000, 平均耗時=13.5ms, 最大耗時=81.3ms, 指令數=59
2025-07-21 00:39:12 [WARNING] GripperOptimized:fast_loop:492 - 主循環執行時間過長: 30.8ms
2025-07-21 00:39:20 [WARNING] GripperOptimized:fast_loop:492 - 主循環執行時間過長: 30.2ms
2025-07-21 00:39:22 [WARNING] GripperOptimized:fast_loop:492 - 主循環執行時間過長: 31.2ms
2025-07-21 00:39:23 [WARNING] GripperOptimized:fast_loop:492 - 主循環執行時間過長: 30.2ms
2025-07-21 00:39:24 [INFO] GripperOptimized:fast_loop:484 - 性能統計: 循環=209000, 平均耗時=13.6ms, 最大耗時=81.3ms, 指令數=59
2025-07-21 00:39:25 [WARNING] GripperOptimized:fast_loop:492 - 主循環執行時間過長: 30.4ms
2025-07-21 00:39:42 [WARNING] GripperOptimized:fast_loop:492 - 主循環執行時間過長: 31.0ms
2025-07-21 00:39:45 [INFO] GripperOptimized:fast_loop:484 - 性能統計: 循環=210000, 平均耗時=14.1ms, 最大耗時=81.3ms, 指令數=59
2025-07-21 00:39:49 [WARNING] GripperOptimized:fast_loop:492 - 主循環執行時間過長: 31.1ms
2025-07-21 00:39:51 [WARNING] GripperOptimized:fast_loop:492 - 主循環執行時間過長: 31.4ms
2025-07-21 00:39:55 [WARNING] GripperOptimized:fast_loop:492 - 主循環執行時間過長: 30.1ms
2025-07-21 00:40:01 [WARNING] GripperOptimized:fast_loop:492 - 主循環執行時間過長: 31.3ms
2025-07-21 00:40:06 [INFO] GripperOptimized:fast_loop:484 - 性能統計: 循環=211000, 平均耗時=13.7ms, 最大耗時=81.3ms, 指令數=59
2025-07-21 00:40:06 [WARNING] GripperOptimized:fast_loop:492 - 主循環執行時間過長: 31.8ms
2025-07-21 00:40:09 [WARNING] GripperOptimized:fast_loop:492 - 主循環執行時間過長: 30.6ms
2025-07-21 00:40:14 [WARNING] GripperOptimized:fast_loop:492 - 主循環執行時間過長: 31.9ms
2025-07-21 00:40:23 [WARNING] GripperOptimized:fast_loop:492 - 主循環執行時間過長: 30.6ms
2025-07-21 00:40:26 [INFO] GripperOptimized:fast_loop:484 - 性能統計: 循環=212000, 平均耗時=13.9ms, 最大耗時=81.3ms, 指令數=59
2025-07-21 00:40:39 [WARNING] GripperOptimized:fast_loop:492 - 主循環執行時間過長: 30.2ms
2025-07-21 00:40:40 [WARNING] GripperOptimized:fast_loop:492 - 主循環執行時間過長: 31.7ms
2025-07-21 00:40:46 [WARNING] GripperOptimized:fast_loop:492 - 主循環執行時間過長: 30.0ms
2025-07-21 00:40:47 [INFO] GripperOptimized:fast_loop:484 - 性能統計: 循環=213000, 平均耗時=13.8ms, 最大耗時=81.3ms, 指令數=59
2025-07-21 00:41:08 [INFO] GripperOptimized:fast_loop:484 - 性能統計: 循環=214000, 平均耗時=13.7ms, 最大耗時=81.3ms, 指令數=59
2025-07-21 00:41:08 [WARNING] GripperOptimized:fast_loop:492 - 主循環執行時間過長: 30.1ms
2025-07-21 00:41:25 [WARNING] GripperOptimized:fast_loop:492 - 主循環執行時間過長: 30.4ms
2025-07-21 00:41:29 [INFO] GripperOptimized:fast_loop:484 - 性能統計: 循環=215000, 平均耗時=13.4ms, 最大耗時=81.3ms, 指令數=59
2025-07-21 00:41:30 [WARNING] GripperOptimized:fast_loop:492 - 主循環執行時間過長: 32.4ms
2025-07-21 00:41:32 [WARNING] GripperOptimized:fast_loop:492 - 主循環執行時間過長: 31.1ms
2025-07-21 00:41:47 [WARNING] GripperOptimized:fast_loop:492 - 主循環執行時間過長: 30.1ms
2025-07-21 00:41:50 [INFO] GripperOptimized:fast_loop:484 - 性能統計: 循環=216000, 平均耗時=14.1ms, 最大耗時=81.3ms, 指令數=59
2025-07-21 00:41:52 [WARNING] GripperOptimized:fast_loop:492 - 主循環執行時間過長: 30.2ms
2025-07-21 00:41:59 [WARNING] GripperOptimized:fast_loop:492 - 主循環執行時間過長: 30.1ms
2025-07-21 00:42:03 [WARNING] GripperOptimized:fast_loop:492 - 主循環執行時間過長: 33.6ms
2025-07-21 00:42:10 [INFO] GripperOptimized:fast_loop:484 - 性能統計: 循環=217000, 平均耗時=13.6ms, 最大耗時=81.3ms, 指令數=59
2025-07-21 00:42:12 [WARNING] GripperOptimized:fast_loop:492 - 主循環執行時間過長: 31.1ms
2025-07-21 00:42:16 [WARNING] GripperOptimized:fast_loop:492 - 主循環執行時間過長: 31.5ms
2025-07-21 00:42:19 [WARNING] GripperOptimized:fast_loop:492 - 主循環執行時間過長: 31.4ms
2025-07-21 00:42:22 [WARNING] GripperOptimized:fast_loop:492 - 主循環執行時間過長: 30.8ms
2025-07-21 00:42:30 [WARNING] GripperOptimized:fast_loop:492 - 主循環執行時間過長: 30.3ms
2025-07-21 00:42:31 [INFO] GripperOptimized:fast_loop:484 - 性能統計: 循環=218000, 平均耗時=13.1ms, 最大耗時=81.3ms, 指令數=59
2025-07-21 00:42:42 [WARNING] GripperOptimized:fast_loop:492 - 主循環執行時間過長: 32.0ms
2025-07-21 00:42:46 [WARNING] GripperOptimized:fast_loop:492 - 主循環執行時間過長: 30.7ms
2025-07-21 00:42:52 [INFO] GripperOptimized:fast_loop:484 - 性能統計: 循環=219000, 平均耗時=13.6ms, 最大耗時=81.3ms, 指令數=59
2025-07-21 00:43:01 [WARNING] GripperOptimized:fast_loop:492 - 主循環執行時間過長: 31.6ms
2025-07-21 00:43:03 [WARNING] GripperOptimized:fast_loop:492 - 主循環執行時間過長: 31.0ms
2025-07-21 00:43:06 [WARNING] GripperOptimized:fast_loop:492 - 主循環執行時間過長: 30.1ms
2025-07-21 00:43:13 [INFO] GripperOptimized:fast_loop:484 - 性能統計: 循環=220000, 平均耗時=13.0ms, 最大耗時=81.3ms, 指令數=59
2025-07-21 00:43:19 [WARNING] GripperOptimized:fast_loop:492 - 主循環執行時間過長: 30.3ms
2025-07-21 00:43:21 [WARNING] GripperOptimized:fast_loop:492 - 主循環執行時間過長: 30.2ms
2025-07-21 00:43:22 [WARNING] GripperOptimized:fast_loop:492 - 主循環執行時間過長: 30.2ms
2025-07-21 00:43:33 [INFO] GripperOptimized:fast_loop:484 - 性能統計: 循環=221000, 平均耗時=13.5ms, 最大耗時=81.3ms, 指令數=59
2025-07-21 00:43:35 [WARNING] GripperOptimized:fast_loop:492 - 主循環執行時間過長: 30.4ms
2025-07-21 00:43:42 [WARNING] GripperOptimized:fast_loop:492 - 主循環執行時間過長: 31.7ms
2025-07-21 00:43:46 [WARNING] GripperOptimized:fast_loop:492 - 主循環執行時間過長: 31.7ms
2025-07-21 00:43:50 [WARNING] GripperOptimized:fast_loop:492 - 主循環執行時間過長: 30.9ms
2025-07-21 00:43:54 [INFO] GripperOptimized:fast_loop:484 - 性能統計: 循環=222000, 平均耗時=13.8ms, 最大耗時=81.3ms, 指令數=59
2025-07-21 00:43:58 [WARNING] GripperOptimized:fast_loop:492 - 主循環執行時間過長: 30.7ms
2025-07-21 00:44:02 [WARNING] GripperOptimized:fast_loop:492 - 主循環執行時間過長: 30.6ms
2025-07-21 00:44:06 [WARNING] GripperOptimized:fast_loop:492 - 主循環執行時間過長: 31.1ms
2025-07-21 00:44:07 [WARNING] GripperOptimized:fast_loop:492 - 主循環執行時間過長: 30.4ms
2025-07-21 00:44:13 [WARNING] GripperOptimized:fast_loop:492 - 主循環執行時間過長: 32.8ms
2025-07-21 00:44:15 [INFO] GripperOptimized:fast_loop:484 - 性能統計: 循環=223000, 平均耗時=12.9ms, 最大耗時=81.3ms, 指令數=59
2025-07-21 00:44:15 [WARNING] GripperOptimized:fast_loop:492 - 主循環執行時間過長: 30.6ms
2025-07-21 00:44:19 [WARNING] GripperOptimized:fast_loop:492 - 主循環執行時間過長: 32.3ms
2025-07-21 00:44:23 [WARNING] GripperOptimized:fast_loop:492 - 主循環執行時間過長: 31.0ms
2025-07-21 00:44:29 [WARNING] GripperOptimized:fast_loop:492 - 主循環執行時間過長: 30.6ms
2025-07-21 00:44:36 [INFO] GripperOptimized:fast_loop:484 - 性能統計: 循環=224000, 平均耗時=13.1ms, 最大耗時=81.3ms, 指令數=59
2025-07-21 00:44:50 [WARNING] GripperOptimized:fast_loop:492 - 主循環執行時間過長: 30.4ms
2025-07-21 00:44:52 [WARNING] GripperOptimized:fast_loop:492 - 主循環執行時間過長: 31.4ms
2025-07-21 00:44:57 [INFO] GripperOptimized:fast_loop:484 - 性能統計: 循環=225000, 平均耗時=13.6ms, 最大耗時=81.3ms, 指令數=59
2025-07-21 00:44:57 [WARNING] GripperOptimized:fast_loop:492 - 主循環執行時間過長: 32.2ms
2025-07-21 00:44:58 [WARNING] GripperOptimized:fast_loop:492 - 主循環執行時間過長: 36.0ms
2025-07-21 00:45:11 [WARNING] GripperOptimized:fast_loop:492 - 主循環執行時間過長: 31.9ms
2025-07-21 00:45:13 [WARNING] GripperOptimized:fast_loop:492 - 主循環執行時間過長: 31.5ms
2025-07-21 00:45:15 [WARNING] GripperOptimized:fast_loop:492 - 主循環執行時間過長: 30.9ms
2025-07-21 00:45:17 [INFO] GripperOptimized:fast_loop:484 - 性能統計: 循環=226000, 平均耗時=13.6ms, 最大耗時=81.3ms, 指令數=59
2025-07-21 00:45:22 [WARNING] GripperOptimized:fast_loop:492 - 主循環執行時間過長: 30.3ms
2025-07-21 00:45:27 [WARNING] GripperOptimized:fast_loop:492 - 主循環執行時間過長: 31.3ms
2025-07-21 00:45:31 [WARNING] GripperOptimized:fast_loop:492 - 主循環執行時間過長: 31.2ms
2025-07-21 00:45:36 [WARNING] GripperOptimized:fast_loop:492 - 主循環執行時間過長: 30.5ms
2025-07-21 00:45:38 [INFO] GripperOptimized:fast_loop:484 - 性能統計: 循環=227000, 平均耗時=13.5ms, 最大耗時=81.3ms, 指令數=59
2025-07-21 00:45:39 [WARNING] GripperOptimized:fast_loop:492 - 主循環執行時間過長: 30.6ms
2025-07-21 00:45:43 [WARNING] GripperOptimized:fast_loop:492 - 主循環執行時間過長: 32.3ms
2025-07-21 00:45:46 [WARNING] GripperOptimized:fast_loop:492 - 主循環執行時間過長: 30.1ms
2025-07-21 00:45:55 [WARNING] GripperOptimized:fast_loop:492 - 主循環執行時間過長: 31.6ms
2025-07-21 00:45:59 [INFO] GripperOptimized:fast_loop:484 - 性能統計: 循環=228000, 平均耗時=13.8ms, 最大耗時=81.3ms, 指令數=59
2025-07-21 00:46:12 [WARNING] GripperOptimized:fast_loop:492 - 主循環執行時間過長: 30.0ms
2025-07-21 00:46:14 [WARNING] GripperOptimized:fast_loop:492 - 主循環執行時間過長: 32.4ms
2025-07-21 00:46:20 [INFO] GripperOptimized:fast_loop:484 - 性能統計: 循環=229000, 平均耗時=14.1ms, 最大耗時=81.3ms, 指令數=59
2025-07-21 00:46:22 [WARNING] GripperOptimized:fast_loop:492 - 主循環執行時間過長: 30.6ms
2025-07-21 00:46:25 [WARNING] GripperOptimized:fast_loop:492 - 主循環執行時間過長: 30.3ms
2025-07-21 00:46:37 [WARNING] GripperOptimized:fast_loop:492 - 主循環執行時間過長: 30.8ms
2025-07-21 00:46:41 [INFO] GripperOptimized:fast_loop:484 - 性能統計: 循環=230000, 平均耗時=13.7ms, 最大耗時=81.3ms, 指令數=59
2025-07-21 00:46:44 [WARNING] GripperOptimized:fast_loop:492 - 主循環執行時間過長: 30.3ms
2025-07-21 00:46:45 [WARNING] GripperOptimized:fast_loop:492 - 主循環執行時間過長: 32.5ms
2025-07-21 00:46:50 [WARNING] GripperOptimized:fast_loop:492 - 主循環執行時間過長: 30.1ms
2025-07-21 00:47:01 [INFO] GripperOptimized:fast_loop:484 - 性能統計: 循環=231000, 平均耗時=12.5ms, 最大耗時=81.3ms, 指令數=59
2025-07-21 00:47:09 [WARNING] GripperOptimized:fast_loop:492 - 主循環執行時間過長: 30.0ms
2025-07-21 00:47:13 [WARNING] GripperOptimized:fast_loop:492 - 主循環執行時間過長: 30.3ms
2025-07-21 00:47:22 [INFO] GripperOptimized:fast_loop:484 - 性能統計: 循環=232000, 平均耗時=13.5ms, 最大耗時=81.3ms, 指令數=59
2025-07-21 00:47:22 [WARNING] GripperOptimized:fast_loop:492 - 主循環執行時間過長: 30.3ms
2025-07-21 00:47:27 [WARNING] GripperOptimized:fast_loop:492 - 主循環執行時間過長: 30.2ms
2025-07-21 00:47:32 [WARNING] GripperOptimized:fast_loop:492 - 主循環執行時間過長: 31.9ms
2025-07-21 00:47:34 [WARNING] GripperOptimized:fast_loop:492 - 主循環執行時間過長: 30.4ms
2025-07-21 00:47:38 [WARNING] GripperOptimized:fast_loop:492 - 主循環執行時間過長: 30.6ms
2025-07-21 00:47:43 [INFO] GripperOptimized:fast_loop:484 - 性能統計: 循環=233000, 平均耗時=12.6ms, 最大耗時=81.3ms, 指令數=59
2025-07-21 00:47:53 [WARNING] GripperOptimized:fast_loop:492 - 主循環執行時間過長: 31.7ms
2025-07-21 00:47:57 [WARNING] GripperOptimized:fast_loop:492 - 主循環執行時間過長: 30.9ms
2025-07-21 00:48:04 [INFO] GripperOptimized:fast_loop:484 - 性能統計: 循環=234000, 平均耗時=13.0ms, 最大耗時=81.3ms, 指令數=59
2025-07-21 00:48:08 [WARNING] GripperOptimized:fast_loop:492 - 主循環執行時間過長: 32.2ms
2025-07-21 00:48:13 [WARNING] GripperOptimized:fast_loop:492 - 主循環執行時間過長: 30.4ms
2025-07-21 00:48:15 [WARNING] GripperOptimized:fast_loop:492 - 主循環執行時間過長: 32.6ms
2025-07-21 00:48:22 [WARNING] GripperOptimized:fast_loop:492 - 主循環執行時間過長: 31.3ms
2025-07-21 00:48:25 [INFO] GripperOptimized:fast_loop:484 - 性能統計: 循環=235000, 平均耗時=13.6ms, 最大耗時=81.3ms, 指令數=59
2025-07-21 00:48:29 [WARNING] GripperOptimized:fast_loop:492 - 主循環執行時間過長: 30.2ms
2025-07-21 00:48:31 [WARNING] GripperOptimized:fast_loop:492 - 主循環執行時間過長: 31.5ms
2025-07-21 00:48:34 [WARNING] GripperOptimized:fast_loop:492 - 主循環執行時間過長: 31.8ms
2025-07-21 00:48:36 [WARNING] GripperOptimized:fast_loop:492 - 主循環執行時間過長: 32.1ms
2025-07-21 00:48:39 [WARNING] GripperOptimized:fast_loop:492 - 主循環執行時間過長: 30.0ms
2025-07-21 00:48:43 [WARNING] GripperOptimized:fast_loop:492 - 主循環執行時間過長: 30.7ms
2025-07-21 00:48:45 [INFO] GripperOptimized:fast_loop:484 - 性能統計: 循環=236000, 平均耗時=13.0ms, 最大耗時=81.3ms, 指令數=59
2025-07-21 00:48:51 [WARNING] GripperOptimized:fast_loop:492 - 主循環執行時間過長: 30.1ms
2025-07-21 00:48:54 [WARNING] GripperOptimized:fast_loop:492 - 主循環執行時間過長: 32.7ms
2025-07-21 00:49:00 [WARNING] GripperOptimized:fast_loop:492 - 主循環執行時間過長: 30.6ms
2025-07-21 00:49:06 [INFO] GripperOptimized:fast_loop:484 - 性能統計: 循環=237000, 平均耗時=13.2ms, 最大耗時=81.3ms, 指令數=59
2025-07-21 00:49:09 [WARNING] GripperOptimized:fast_loop:492 - 主循環執行時間過長: 31.9ms
2025-07-21 00:49:17 [WARNING] GripperOptimized:fast_loop:492 - 主循環執行時間過長: 31.5ms
2025-07-21 00:49:24 [WARNING] GripperOptimized:fast_loop:492 - 主循環執行時間過長: 30.5ms
2025-07-21 00:49:25 [WARNING] GripperOptimized:fast_loop:492 - 主循環執行時間過長: 31.4ms
2025-07-21 00:49:27 [INFO] GripperOptimized:fast_loop:484 - 性能統計: 循環=238000, 平均耗時=13.1ms, 最大耗時=81.3ms, 指令數=59
2025-07-21 00:49:32 [WARNING] GripperOptimized:fast_loop:492 - 主循環執行時間過長: 31.2ms
2025-07-21 00:49:38 [WARNING] GripperOptimized:fast_loop:492 - 主循環執行時間過長: 30.1ms
2025-07-21 00:49:48 [INFO] GripperOptimized:fast_loop:484 - 性能統計: 循環=239000, 平均耗時=13.4ms, 最大耗時=81.3ms, 指令數=59
2025-07-21 00:49:53 [WARNING] GripperOptimized:fast_loop:492 - 主循環執行時間過長: 32.0ms
2025-07-21 00:49:56 [WARNING] GripperOptimized:fast_loop:492 - 主循環執行時間過長: 31.3ms
2025-07-21 00:49:57 [WARNING] GripperOptimized:fast_loop:492 - 主循環執行時間過長: 30.4ms
2025-07-21 00:50:04 [WARNING] GripperOptimized:fast_loop:492 - 主循環執行時間過長: 30.1ms
2025-07-21 00:50:08 [INFO] GripperOptimized:fast_loop:484 - 性能統計: 循環=240000, 平均耗時=13.1ms, 最大耗時=81.3ms, 指令數=59
2025-07-21 00:50:09 [WARNING] GripperOptimized:fast_loop:492 - 主循環執行時間過長: 31.1ms
2025-07-21 00:50:12 [WARNING] GripperOptimized:fast_loop:492 - 主循環執行時間過長: 31.0ms
2025-07-21 00:50:19 [WARNING] GripperOptimized:fast_loop:492 - 主循環執行時間過長: 30.1ms
2025-07-21 00:50:28 [WARNING] GripperOptimized:fast_loop:492 - 主循環執行時間過長: 30.3ms
2025-07-21 00:50:29 [INFO] GripperOptimized:fast_loop:484 - 性能統計: 循環=241000, 平均耗時=13.4ms, 最大耗時=81.3ms, 指令數=59
2025-07-21 00:50:31 [WARNING] GripperOptimized:fast_loop:492 - 主循環執行時間過長: 32.4ms
2025-07-21 00:50:40 [WARNING] GripperOptimized:fast_loop:492 - 主循環執行時間過長: 30.1ms
2025-07-21 00:50:42 [WARNING] GripperOptimized:fast_loop:492 - 主循環執行時間過長: 30.7ms
2025-07-21 00:50:43 [WARNING] GripperOptimized:fast_loop:492 - 主循環執行時間過長: 30.1ms
2025-07-21 00:50:50 [INFO] GripperOptimized:fast_loop:484 - 性能統計: 循環=242000, 平均耗時=13.1ms, 最大耗時=81.3ms, 指令數=59
2025-07-21 00:50:55 [WARNING] GripperOptimized:fast_loop:492 - 主循環執行時間過長: 31.0ms
2025-07-21 00:50:57 [WARNING] GripperOptimized:fast_loop:492 - 主循環執行時間過長: 30.7ms
2025-07-21 00:51:03 [WARNING] GripperOptimized:fast_loop:492 - 主循環執行時間過長: 33.0ms
2025-07-21 00:51:06 [WARNING] GripperOptimized:fast_loop:492 - 主循環執行時間過長: 30.3ms
2025-07-21 00:51:09 [WARNING] GripperOptimized:fast_loop:492 - 主循環執行時間過長: 31.8ms
2025-07-21 00:51:11 [INFO] GripperOptimized:fast_loop:484 - 性能統計: 循環=243000, 平均耗時=14.0ms, 最大耗時=81.3ms, 指令數=59
2025-07-21 00:51:12 [WARNING] GripperOptimized:fast_loop:492 - 主循環執行時間過長: 30.3ms
2025-07-21 00:51:14 [WARNING] GripperOptimized:fast_loop:492 - 主循環執行時間過長: 32.2ms
2025-07-21 00:51:17 [WARNING] GripperOptimized:fast_loop:492 - 主循環執行時間過長: 31.4ms
2025-07-21 00:51:19 [WARNING] GripperOptimized:fast_loop:492 - 主循環執行時間過長: 31.9ms
2025-07-21 00:51:24 [WARNING] GripperOptimized:fast_loop:492 - 主循環執行時間過長: 31.2ms
2025-07-21 00:51:32 [INFO] GripperOptimized:fast_loop:484 - 性能統計: 循環=244000, 平均耗時=13.7ms, 最大耗時=81.3ms, 指令數=59
2025-07-21 00:51:34 [WARNING] GripperOptimized:fast_loop:492 - 主循環執行時間過長: 30.9ms
2025-07-21 00:51:39 [WARNING] GripperOptimized:fast_loop:492 - 主循環執行時間過長: 30.9ms
2025-07-21 00:51:52 [INFO] GripperOptimized:fast_loop:484 - 性能統計: 循環=245000, 平均耗時=13.6ms, 最大耗時=81.3ms, 指令數=59
2025-07-21 00:51:56 [WARNING] GripperOptimized:fast_loop:492 - 主循環執行時間過長: 31.1ms
2025-07-21 00:52:06 [WARNING] GripperOptimized:fast_loop:492 - 主循環執行時間過長: 31.1ms
2025-07-21 00:52:09 [WARNING] GripperOptimized:fast_loop:492 - 主循環執行時間過長: 33.1ms
2025-07-21 00:52:11 [WARNING] GripperOptimized:fast_loop:492 - 主循環執行時間過長: 32.4ms
2025-07-21 00:52:13 [INFO] GripperOptimized:fast_loop:484 - 性能統計: 循環=246000, 平均耗時=13.2ms, 最大耗時=81.3ms, 指令數=59
2025-07-21 00:52:13 [WARNING] GripperOptimized:fast_loop:492 - 主循環執行時間過長: 30.9ms
2025-07-21 00:52:18 [WARNING] GripperOptimized:fast_loop:492 - 主循環執行時間過長: 34.3ms
2025-07-21 00:52:21 [WARNING] GripperOptimized:fast_loop:492 - 主循環執行時間過長: 31.4ms
2025-07-21 00:52:26 [WARNING] GripperOptimized:fast_loop:492 - 主循環執行時間過長: 31.5ms
2025-07-21 00:52:34 [INFO] GripperOptimized:fast_loop:484 - 性能統計: 循環=247000, 平均耗時=13.2ms, 最大耗時=81.3ms, 指令數=59
2025-07-21 00:52:35 [WARNING] GripperOptimized:fast_loop:492 - 主循環執行時間過長: 30.7ms
2025-07-21 00:52:41 [WARNING] GripperOptimized:fast_loop:492 - 主循環執行時間過長: 33.8ms
2025-07-21 00:52:44 [WARNING] GripperOptimized:fast_loop:492 - 主循環執行時間過長: 32.0ms
2025-07-21 00:52:48 [WARNING] GripperOptimized:fast_loop:492 - 主循環執行時間過長: 30.1ms
2025-07-21 00:52:52 [WARNING] GripperOptimized:fast_loop:492 - 主循環執行時間過長: 30.5ms
2025-07-21 00:52:55 [INFO] GripperOptimized:fast_loop:484 - 性能統計: 循環=248000, 平均耗時=13.2ms, 最大耗時=81.3ms, 指令數=59
2025-07-21 00:52:56 [WARNING] GripperOptimized:fast_loop:492 - 主循環執行時間過長: 32.2ms
2025-07-21 00:53:09 [WARNING] GripperOptimized:fast_loop:492 - 主循環執行時間過長: 31.1ms
2025-07-21 00:53:10 [WARNING] GripperOptimized:fast_loop:492 - 主循環執行時間過長: 31.4ms
2025-07-21 00:53:11 [WARNING] GripperOptimized:fast_loop:492 - 主循環執行時間過長: 30.0ms
2025-07-21 00:53:13 [WARNING] GripperOptimized:fast_loop:492 - 主循環執行時間過長: 31.4ms
2025-07-21 00:53:16 [INFO] GripperOptimized:fast_loop:484 - 性能統計: 循環=249000, 平均耗時=13.4ms, 最大耗時=81.3ms, 指令數=59
2025-07-21 00:53:27 [WARNING] GripperOptimized:fast_loop:492 - 主循環執行時間過長: 30.3ms
2025-07-21 00:53:36 [INFO] GripperOptimized:fast_loop:484 - 性能統計: 循環=250000, 平均耗時=13.5ms, 最大耗時=81.3ms, 指令數=59
2025-07-21 00:53:42 [WARNING] GripperOptimized:fast_loop:492 - 主循環執行時間過長: 30.7ms
2025-07-21 00:53:48 [WARNING] GripperOptimized:fast_loop:492 - 主循環執行時間過長: 32.0ms
2025-07-21 00:53:55 [WARNING] GripperOptimized:fast_loop:492 - 主循環執行時間過長: 31.0ms
2025-07-21 00:53:57 [INFO] GripperOptimized:fast_loop:484 - 性能統計: 循環=251000, 平均耗時=13.6ms, 最大耗時=81.3ms, 指令數=59
2025-07-21 00:54:00 [WARNING] GripperOptimized:fast_loop:492 - 主循環執行時間過長: 30.7ms
2025-07-21 00:54:11 [WARNING] GripperOptimized:fast_loop:492 - 主循環執行時間過長: 31.6ms
2025-07-21 00:54:14 [WARNING] GripperOptimized:fast_loop:492 - 主循環執行時間過長: 30.9ms
2025-07-21 00:54:18 [INFO] GripperOptimized:fast_loop:484 - 性能統計: 循環=252000, 平均耗時=12.9ms, 最大耗時=81.3ms, 指令數=59
2025-07-21 00:54:22 [WARNING] GripperOptimized:fast_loop:492 - 主循環執行時間過長: 32.7ms
2025-07-21 00:54:36 [WARNING] GripperOptimized:fast_loop:492 - 主循環執行時間過長: 30.3ms
2025-07-21 00:54:39 [INFO] GripperOptimized:fast_loop:484 - 性能統計: 循環=253000, 平均耗時=13.3ms, 最大耗時=81.3ms, 指令數=59
2025-07-21 00:54:56 [WARNING] GripperOptimized:fast_loop:492 - 主循環執行時間過長: 32.5ms
2025-07-21 00:55:00 [INFO] GripperOptimized:fast_loop:484 - 性能統計: 循環=254000, 平均耗時=13.7ms, 最大耗時=81.3ms, 指令數=59
2025-07-21 00:55:01 [WARNING] GripperOptimized:fast_loop:492 - 主循環執行時間過長: 31.0ms
2025-07-21 00:55:18 [WARNING] GripperOptimized:fast_loop:492 - 主循環執行時間過長: 30.1ms
2025-07-21 00:55:20 [INFO] GripperOptimized:fast_loop:484 - 性能統計: 循環=255000, 平均耗時=13.2ms, 最大耗時=81.3ms, 指令數=59
2025-07-21 00:55:22 [WARNING] GripperOptimized:fast_loop:492 - 主循環執行時間過長: 31.6ms
2025-07-21 00:55:29 [WARNING] GripperOptimized:fast_loop:492 - 主循環執行時間過長: 30.5ms
2025-07-21 00:55:36 [WARNING] GripperOptimized:fast_loop:492 - 主循環執行時間過長: 30.6ms
2025-07-21 00:55:37 [WARNING] GripperOptimized:fast_loop:492 - 主循環執行時間過長: 30.9ms
2025-07-21 00:55:39 [WARNING] GripperOptimized:fast_loop:492 - 主循環執行時間過長: 30.0ms
2025-07-21 00:55:41 [INFO] GripperOptimized:fast_loop:484 - 性能統計: 循環=256000, 平均耗時=13.3ms, 最大耗時=81.3ms, 指令數=59
2025-07-21 00:55:51 [WARNING] GripperOptimized:fast_loop:492 - 主循環執行時間過長: 33.8ms
2025-07-21 00:56:02 [INFO] GripperOptimized:fast_loop:484 - 性能統計: 循環=257000, 平均耗時=14.0ms, 最大耗時=81.3ms, 指令數=59
2025-07-21 00:56:07 [WARNING] GripperOptimized:fast_loop:492 - 主循環執行時間過長: 31.5ms
2025-07-21 00:56:13 [WARNING] GripperOptimized:fast_loop:492 - 主循環執行時間過長: 30.9ms
2025-07-21 00:56:17 [WARNING] GripperOptimized:fast_loop:492 - 主循環執行時間過長: 30.7ms
2025-07-21 00:56:18 [WARNING] GripperOptimized:fast_loop:492 - 主循環執行時間過長: 31.1ms
2025-07-21 00:56:23 [INFO] GripperOptimized:fast_loop:484 - 性能統計: 循環=258000, 平均耗時=13.4ms, 最大耗時=81.3ms, 指令數=59
2025-07-21 00:56:24 [WARNING] GripperOptimized:fast_loop:492 - 主循環執行時間過長: 30.5ms
2025-07-21 00:56:28 [WARNING] GripperOptimized:fast_loop:492 - 主循環執行時間過長: 30.0ms
2025-07-21 00:56:30 [WARNING] GripperOptimized:fast_loop:492 - 主循環執行時間過長: 31.4ms
2025-07-21 00:56:33 [WARNING] GripperOptimized:fast_loop:492 - 主循環執行時間過長: 30.2ms
2025-07-21 00:56:37 [WARNING] GripperOptimized:fast_loop:492 - 主循環執行時間過長: 30.3ms
2025-07-21 00:56:38 [WARNING] GripperOptimized:fast_loop:492 - 主循環執行時間過長: 30.2ms
2025-07-21 00:56:43 [WARNING] GripperOptimized:fast_loop:492 - 主循環執行時間過長: 31.3ms
2025-07-21 00:56:44 [INFO] GripperOptimized:fast_loop:484 - 性能統計: 循環=259000, 平均耗時=12.9ms, 最大耗時=81.3ms, 指令數=59
2025-07-21 00:56:49 [WARNING] GripperOptimized:fast_loop:492 - 主循環執行時間過長: 32.2ms
2025-07-21 00:56:57 [WARNING] GripperOptimized:fast_loop:492 - 主循環執行時間過長: 30.2ms
2025-07-21 00:57:01 [WARNING] GripperOptimized:fast_loop:492 - 主循環執行時間過長: 30.4ms
2025-07-21 00:57:04 [INFO] GripperOptimized:fast_loop:484 - 性能統計: 循環=260000, 平均耗時=13.0ms, 最大耗時=81.3ms, 指令數=59
2025-07-21 00:57:05 [WARNING] GripperOptimized:fast_loop:492 - 主循環執行時間過長: 31.2ms
2025-07-21 00:57:15 [WARNING] GripperOptimized:fast_loop:492 - 主循環執行時間過長: 30.7ms
2025-07-21 00:57:23 [WARNING] GripperOptimized:fast_loop:492 - 主循環執行時間過長: 30.3ms
2025-07-21 00:57:25 [INFO] GripperOptimized:fast_loop:484 - 性能統計: 循環=261000, 平均耗時=14.0ms, 最大耗時=81.3ms, 指令數=59
2025-07-21 00:57:29 [WARNING] GripperOptimized:fast_loop:492 - 主循環執行時間過長: 30.7ms
2025-07-21 00:57:34 [WARNING] GripperOptimized:fast_loop:492 - 主循環執行時間過長: 30.0ms
2025-07-21 00:57:36 [WARNING] GripperOptimized:fast_loop:492 - 主循環執行時間過長: 31.2ms
2025-07-21 00:57:46 [INFO] GripperOptimized:fast_loop:484 - 性能統計: 循環=262000, 平均耗時=12.8ms, 最大耗時=81.3ms, 指令數=59
2025-07-21 00:57:46 [WARNING] GripperOptimized:fast_loop:492 - 主循環執行時間過長: 31.6ms
2025-07-21 00:57:52 [WARNING] GripperOptimized:fast_loop:492 - 主循環執行時間過長: 30.0ms
2025-07-21 00:58:04 [WARNING] GripperOptimized:fast_loop:492 - 主循環執行時間過長: 32.7ms
2025-07-21 00:58:06 [WARNING] GripperOptimized:fast_loop:492 - 主循環執行時間過長: 30.2ms
2025-07-21 00:58:07 [INFO] GripperOptimized:fast_loop:484 - 性能統計: 循環=263000, 平均耗時=12.6ms, 最大耗時=81.3ms, 指令數=59
2025-07-21 00:58:09 [WARNING] GripperOptimized:fast_loop:492 - 主循環執行時間過長: 30.5ms
2025-07-21 00:58:11 [WARNING] GripperOptimized:fast_loop:492 - 主循環執行時間過長: 30.4ms
2025-07-21 00:58:13 [WARNING] GripperOptimized:fast_loop:492 - 主循環執行時間過長: 31.3ms
2025-07-21 00:58:18 [WARNING] GripperOptimized:fast_loop:492 - 主循環執行時間過長: 31.2ms
2025-07-21 00:58:19 [WARNING] GripperOptimized:fast_loop:492 - 主循環執行時間過長: 30.8ms
2025-07-21 00:58:24 [WARNING] GripperOptimized:fast_loop:492 - 主循環執行時間過長: 30.1ms
2025-07-21 00:58:27 [INFO] GripperOptimized:fast_loop:484 - 性能統計: 循環=264000, 平均耗時=12.6ms, 最大耗時=81.3ms, 指令數=59
2025-07-21 00:58:27 [WARNING] GripperOptimized:fast_loop:492 - 主循環執行時間過長: 30.6ms
2025-07-21 00:58:34 [WARNING] GripperOptimized:fast_loop:492 - 主循環執行時間過長: 30.1ms
2025-07-21 00:58:35 [WARNING] GripperOptimized:fast_loop:492 - 主循環執行時間過長: 30.3ms
2025-07-21 00:58:48 [INFO] GripperOptimized:fast_loop:484 - 性能統計: 循環=265000, 平均耗時=12.3ms, 最大耗時=81.3ms, 指令數=59
2025-07-21 00:58:51 [WARNING] GripperOptimized:fast_loop:492 - 主循環執行時間過長: 30.5ms
2025-07-21 00:59:03 [WARNING] GripperOptimized:fast_loop:492 - 主循環執行時間過長: 31.5ms
2025-07-21 00:59:07 [WARNING] GripperOptimized:fast_loop:492 - 主循環執行時間過長: 30.5ms
2025-07-21 00:59:09 [INFO] GripperOptimized:fast_loop:484 - 性能統計: 循環=266000, 平均耗時=13.0ms, 最大耗時=81.3ms, 指令數=59
2025-07-21 00:59:09 [WARNING] GripperOptimized:fast_loop:492 - 主循環執行時間過長: 30.7ms
2025-07-21 00:59:13 [WARNING] GripperOptimized:fast_loop:492 - 主循環執行時間過長: 31.2ms
2025-07-21 00:59:16 [WARNING] GripperOptimized:fast_loop:492 - 主循環執行時間過長: 30.5ms
2025-07-21 00:59:19 [WARNING] GripperOptimized:fast_loop:492 - 主循環執行時間過長: 30.1ms
2025-07-21 00:59:26 [WARNING] GripperOptimized:fast_loop:492 - 主循環執行時間過長: 30.2ms
2025-07-21 00:59:29 [WARNING] GripperOptimized:fast_loop:492 - 主循環執行時間過長: 30.6ms
2025-07-21 00:59:30 [INFO] GripperOptimized:fast_loop:484 - 性能統計: 循環=267000, 平均耗時=13.4ms, 最大耗時=81.3ms, 指令數=59
2025-07-21 00:59:33 [WARNING] GripperOptimized:fast_loop:492 - 主循環執行時間過長: 31.7ms
2025-07-21 00:59:35 [WARNING] GripperOptimized:fast_loop:492 - 主循環執行時間過長: 31.5ms
2025-07-21 00:59:38 [WARNING] GripperOptimized:fast_loop:492 - 主循環執行時間過長: 30.2ms
2025-07-21 00:59:45 [WARNING] GripperOptimized:fast_loop:492 - 主循環執行時間過長: 31.2ms
2025-07-21 00:59:49 [WARNING] GripperOptimized:fast_loop:492 - 主循環執行時間過長: 32.2ms
2025-07-21 00:59:51 [INFO] GripperOptimized:fast_loop:484 - 性能統計: 循環=268000, 平均耗時=13.3ms, 最大耗時=81.3ms, 指令數=59
2025-07-21 00:59:53 [WARNING] GripperOptimized:fast_loop:492 - 主循環執行時間過長: 30.4ms
2025-07-21 00:59:56 [WARNING] GripperOptimized:fast_loop:492 - 主循環執行時間過長: 30.4ms
2025-07-21 01:00:11 [INFO] GripperOptimized:fast_loop:484 - 性能統計: 循環=269000, 平均耗時=12.4ms, 最大耗時=81.3ms, 指令數=59
2025-07-21 01:00:14 [WARNING] GripperOptimized:fast_loop:492 - 主循環執行時間過長: 30.7ms
2025-07-21 01:00:26 [WARNING] GripperOptimized:fast_loop:492 - 主循環執行時間過長: 30.1ms
2025-07-21 01:00:28 [WARNING] GripperOptimized:fast_loop:492 - 主循環執行時間過長: 30.3ms
2025-07-21 01:00:31 [WARNING] GripperOptimized:fast_loop:492 - 主循環執行時間過長: 30.1ms
2025-07-21 01:00:32 [INFO] GripperOptimized:fast_loop:484 - 性能統計: 循環=270000, 平均耗時=13.4ms, 最大耗時=81.3ms, 指令數=59
2025-07-21 01:00:32 [WARNING] GripperOptimized:fast_loop:492 - 主循環執行時間過長: 32.9ms
2025-07-21 01:00:42 [WARNING] GripperOptimized:fast_loop:492 - 主循環執行時間過長: 31.5ms
2025-07-21 01:00:45 [WARNING] GripperOptimized:fast_loop:492 - 主循環執行時間過長: 31.3ms
2025-07-21 01:00:48 [WARNING] GripperOptimized:fast_loop:492 - 主循環執行時間過長: 30.6ms
2025-07-21 01:00:51 [WARNING] GripperOptimized:fast_loop:492 - 主循環執行時間過長: 31.8ms
2025-07-21 01:00:53 [INFO] GripperOptimized:fast_loop:484 - 性能統計: 循環=271000, 平均耗時=12.8ms, 最大耗時=81.3ms, 指令數=59
2025-07-21 01:00:54 [WARNING] GripperOptimized:fast_loop:492 - 主循環執行時間過長: 35.1ms
2025-07-21 01:01:14 [INFO] GripperOptimized:fast_loop:484 - 性能統計: 循環=272000, 平均耗時=12.8ms, 最大耗時=81.3ms, 指令數=59
2025-07-21 01:01:26 [WARNING] GripperOptimized:fast_loop:492 - 主循環執行時間過長: 30.8ms
2025-07-21 01:01:33 [WARNING] GripperOptimized:fast_loop:492 - 主循環執行時間過長: 31.1ms
2025-07-21 01:01:35 [INFO] GripperOptimized:fast_loop:484 - 性能統計: 循環=273000, 平均耗時=12.8ms, 最大耗時=81.3ms, 指令數=59
2025-07-21 01:01:35 [WARNING] GripperOptimized:fast_loop:492 - 主循環執行時間過長: 30.6ms
2025-07-21 01:01:36 [WARNING] GripperOptimized:fast_loop:492 - 主循環執行時間過長: 30.3ms
2025-07-21 01:01:37 [WARNING] GripperOptimized:fast_loop:492 - 主循環執行時間過長: 30.1ms
2025-07-21 01:01:39 [WARNING] GripperOptimized:fast_loop:492 - 主循環執行時間過長: 30.4ms
2025-07-21 01:01:44 [WARNING] GripperOptimized:fast_loop:492 - 主循環執行時間過長: 32.2ms
2025-07-21 01:01:52 [WARNING] GripperOptimized:fast_loop:492 - 主循環執行時間過長: 30.8ms
2025-07-21 01:01:54 [WARNING] GripperOptimized:fast_loop:492 - 主循環執行時間過長: 31.0ms
2025-07-21 01:01:55 [INFO] GripperOptimized:fast_loop:484 - 性能統計: 循環=274000, 平均耗時=13.7ms, 最大耗時=81.3ms, 指令數=59
2025-07-21 01:01:56 [WARNING] GripperOptimized:fast_loop:492 - 主循環執行時間過長: 31.5ms
2025-07-21 01:02:16 [INFO] GripperOptimized:fast_loop:484 - 性能統計: 循環=275000, 平均耗時=13.2ms, 最大耗時=81.3ms, 指令數=59
2025-07-21 01:02:19 [WARNING] GripperOptimized:fast_loop:492 - 主循環執行時間過長: 31.1ms
2025-07-21 01:02:26 [WARNING] GripperOptimized:fast_loop:492 - 主循環執行時間過長: 30.6ms
2025-07-21 01:02:28 [WARNING] GripperOptimized:fast_loop:492 - 主循環執行時間過長: 32.2ms
2025-07-21 01:02:37 [INFO] GripperOptimized:fast_loop:484 - 性能統計: 循環=276000, 平均耗時=12.9ms, 最大耗時=81.3ms, 指令數=59
2025-07-21 01:02:44 [WARNING] GripperOptimized:fast_loop:492 - 主循環執行時間過長: 30.5ms
2025-07-21 01:02:56 [WARNING] GripperOptimized:fast_loop:492 - 主循環執行時間過長: 33.1ms
2025-07-21 01:02:57 [WARNING] GripperOptimized:fast_loop:492 - 主循環執行時間過長: 30.0ms
2025-07-21 01:02:58 [INFO] GripperOptimized:fast_loop:484 - 性能統計: 循環=277000, 平均耗時=13.5ms, 最大耗時=81.3ms, 指令數=59
2025-07-21 01:03:09 [WARNING] GripperOptimized:fast_loop:492 - 主循環執行時間過長: 36.4ms
2025-07-21 01:03:19 [INFO] GripperOptimized:fast_loop:484 - 性能統計: 循環=278000, 平均耗時=14.0ms, 最大耗時=81.3ms, 指令數=59
2025-07-21 01:03:25 [WARNING] GripperOptimized:fast_loop:492 - 主循環執行時間過長: 31.4ms
2025-07-21 01:03:33 [WARNING] GripperOptimized:fast_loop:492 - 主循環執行時間過長: 31.1ms
2025-07-21 01:03:39 [INFO] GripperOptimized:fast_loop:484 - 性能統計: 循環=279000, 平均耗時=13.5ms, 最大耗時=81.3ms, 指令數=59
2025-07-21 01:03:41 [WARNING] GripperOptimized:fast_loop:492 - 主循環執行時間過長: 30.9ms
2025-07-21 01:03:46 [WARNING] GripperOptimized:fast_loop:492 - 主循環執行時間過長: 31.7ms
2025-07-21 01:03:48 [WARNING] GripperOptimized:fast_loop:492 - 主循環執行時間過長: 30.9ms
2025-07-21 01:04:00 [INFO] GripperOptimized:fast_loop:484 - 性能統計: 循環=280000, 平均耗時=13.6ms, 最大耗時=81.3ms, 指令數=59
2025-07-21 01:04:02 [WARNING] GripperOptimized:fast_loop:492 - 主循環執行時間過長: 31.2ms
2025-07-21 01:04:08 [WARNING] GripperOptimized:fast_loop:492 - 主循環執行時間過長: 33.6ms
2025-07-21 01:04:10 [WARNING] GripperOptimized:fast_loop:492 - 主循環執行時間過長: 30.6ms
2025-07-21 01:04:19 [WARNING] GripperOptimized:fast_loop:492 - 主循環執行時間過長: 32.4ms
2025-07-21 01:04:21 [INFO] GripperOptimized:fast_loop:484 - 性能統計: 循環=281000, 平均耗時=13.9ms, 最大耗時=81.3ms, 指令數=59
2025-07-21 01:04:21 [WARNING] GripperOptimized:fast_loop:492 - 主循環執行時間過長: 31.4ms
2025-07-21 01:04:32 [WARNING] GripperOptimized:fast_loop:492 - 主循環執行時間過長: 31.7ms
2025-07-21 01:04:42 [INFO] GripperOptimized:fast_loop:484 - 性能統計: 循環=282000, 平均耗時=13.6ms, 最大耗時=81.3ms, 指令數=59
2025-07-21 01:04:44 [WARNING] GripperOptimized:fast_loop:492 - 主循環執行時間過長: 30.7ms
2025-07-21 01:04:53 [WARNING] GripperOptimized:fast_loop:492 - 主循環執行時間過長: 30.8ms
2025-07-21 01:04:57 [WARNING] GripperOptimized:fast_loop:492 - 主循環執行時間過長: 30.3ms
2025-07-21 01:05:02 [INFO] GripperOptimized:fast_loop:484 - 性能統計: 循環=283000, 平均耗時=13.9ms, 最大耗時=81.3ms, 指令數=59
2025-07-21 01:05:07 [WARNING] GripperOptimized:fast_loop:492 - 主循環執行時間過長: 31.3ms
2025-07-21 01:05:23 [INFO] GripperOptimized:fast_loop:484 - 性能統計: 循環=284000, 平均耗時=13.5ms, 最大耗時=81.3ms, 指令數=59
2025-07-21 01:05:35 [WARNING] GripperOptimized:fast_loop:492 - 主循環執行時間過長: 30.4ms
2025-07-21 01:05:38 [WARNING] GripperOptimized:fast_loop:492 - 主循環執行時間過長: 30.1ms
2025-07-21 01:05:40 [WARNING] GripperOptimized:fast_loop:492 - 主循環執行時間過長: 36.2ms
2025-07-21 01:05:44 [INFO] GripperOptimized:fast_loop:484 - 性能統計: 循環=285000, 平均耗時=13.5ms, 最大耗時=81.3ms, 指令數=59
2025-07-21 01:05:45 [WARNING] GripperOptimized:fast_loop:492 - 主循環執行時間過長: 30.2ms
2025-07-21 01:05:46 [WARNING] GripperOptimized:fast_loop:492 - 主循環執行時間過長: 30.1ms
2025-07-21 01:05:52 [WARNING] GripperOptimized:fast_loop:492 - 主循環執行時間過長: 30.8ms
2025-07-21 01:05:53 [WARNING] GripperOptimized:fast_loop:492 - 主循環執行時間過長: 31.5ms
2025-07-21 01:05:56 [WARNING] GripperOptimized:fast_loop:492 - 主循環執行時間過長: 31.2ms
2025-07-21 01:06:04 [WARNING] GripperOptimized:fast_loop:492 - 主循環執行時間過長: 32.2ms
2025-07-21 01:06:05 [INFO] GripperOptimized:fast_loop:484 - 性能統計: 循環=286000, 平均耗時=13.8ms, 最大耗時=81.3ms, 指令數=59
2025-07-21 01:06:07 [WARNING] GripperOptimized:fast_loop:492 - 主循環執行時間過長: 30.2ms
2025-07-21 01:06:11 [WARNING] GripperOptimized:fast_loop:492 - 主循環執行時間過長: 30.5ms
2025-07-21 01:06:26 [INFO] GripperOptimized:fast_loop:484 - 性能統計: 循環=287000, 平均耗時=13.6ms, 最大耗時=81.3ms, 指令數=59
2025-07-21 01:06:36 [WARNING] GripperOptimized:fast_loop:492 - 主循環執行時間過長: 30.4ms
2025-07-21 01:06:38 [WARNING] GripperOptimized:fast_loop:492 - 主循環執行時間過長: 31.2ms
2025-07-21 01:06:43 [WARNING] GripperOptimized:fast_loop:492 - 主循環執行時間過長: 32.4ms
2025-07-21 01:06:44 [WARNING] GripperOptimized:fast_loop:492 - 主循環執行時間過長: 30.4ms
2025-07-21 01:06:46 [INFO] GripperOptimized:fast_loop:484 - 性能統計: 循環=288000, 平均耗時=13.2ms, 最大耗時=81.3ms, 指令數=59
2025-07-21 01:06:53 [WARNING] GripperOptimized:fast_loop:492 - 主循環執行時間過長: 33.2ms
2025-07-21 01:06:55 [WARNING] GripperOptimized:fast_loop:492 - 主循環執行時間過長: 30.8ms
2025-07-21 01:06:58 [WARNING] GripperOptimized:fast_loop:492 - 主循環執行時間過長: 30.6ms
2025-07-21 01:07:07 [INFO] GripperOptimized:fast_loop:484 - 性能統計: 循環=289000, 平均耗時=12.5ms, 最大耗時=81.3ms, 指令數=59
2025-07-21 01:07:07 [WARNING] GripperOptimized:fast_loop:492 - 主循環執行時間過長: 31.2ms
2025-07-21 01:07:20 [WARNING] GripperOptimized:fast_loop:492 - 主循環執行時間過長: 31.6ms
2025-07-21 01:07:28 [INFO] GripperOptimized:fast_loop:484 - 性能統計: 循環=290000, 平均耗時=13.0ms, 最大耗時=81.3ms, 指令數=59
2025-07-21 01:07:35 [WARNING] GripperOptimized:fast_loop:492 - 主循環執行時間過長: 30.1ms
2025-07-21 01:07:46 [WARNING] GripperOptimized:fast_loop:492 - 主循環執行時間過長: 30.5ms
2025-07-21 01:07:49 [INFO] GripperOptimized:fast_loop:484 - 性能統計: 循環=291000, 平均耗時=13.4ms, 最大耗時=81.3ms, 指令數=59
2025-07-21 01:07:49 [WARNING] GripperOptimized:fast_loop:492 - 主循環執行時間過長: 30.3ms
2025-07-21 01:08:02 [WARNING] GripperOptimized:fast_loop:492 - 主循環執行時間過長: 30.2ms
2025-07-21 01:08:05 [WARNING] GripperOptimized:fast_loop:492 - 主循環執行時間過長: 30.3ms
2025-07-21 01:08:10 [INFO] GripperOptimized:fast_loop:484 - 性能統計: 循環=292000, 平均耗時=13.8ms, 最大耗時=81.3ms, 指令數=59
2025-07-21 01:08:17 [WARNING] GripperOptimized:fast_loop:492 - 主循環執行時間過長: 33.0ms
2025-07-21 01:08:27 [WARNING] GripperOptimized:fast_loop:492 - 主循環執行時間過長: 30.2ms
2025-07-21 01:08:30 [INFO] GripperOptimized:fast_loop:484 - 性能統計: 循環=293000, 平均耗時=13.9ms, 最大耗時=81.3ms, 指令數=59
2025-07-21 01:08:34 [WARNING] GripperOptimized:fast_loop:492 - 主循環執行時間過長: 30.1ms
2025-07-21 01:08:38 [WARNING] GripperOptimized:fast_loop:492 - 主循環執行時間過長: 31.3ms
2025-07-21 01:08:40 [WARNING] GripperOptimized:fast_loop:492 - 主循環執行時間過長: 30.5ms
2025-07-21 01:08:41 [WARNING] GripperOptimized:fast_loop:492 - 主循環執行時間過長: 34.9ms
2025-07-21 01:08:42 [WARNING] GripperOptimized:fast_loop:492 - 主循環執行時間過長: 31.2ms
2025-07-21 01:08:46 [WARNING] GripperOptimized:fast_loop:492 - 主循環執行時間過長: 30.9ms
2025-07-21 01:08:48 [WARNING] GripperOptimized:fast_loop:492 - 主循環執行時間過長: 31.9ms
2025-07-21 01:08:51 [INFO] GripperOptimized:fast_loop:484 - 性能統計: 循環=294000, 平均耗時=13.5ms, 最大耗時=81.3ms, 指令數=59
2025-07-21 01:08:55 [WARNING] GripperOptimized:fast_loop:492 - 主循環執行時間過長: 30.0ms
2025-07-21 01:09:10 [WARNING] GripperOptimized:fast_loop:492 - 主循環執行時間過長: 30.3ms
2025-07-21 01:09:12 [INFO] GripperOptimized:fast_loop:484 - 性能統計: 循環=295000, 平均耗時=13.1ms, 最大耗時=81.3ms, 指令數=59
2025-07-21 01:09:12 [WARNING] GripperOptimized:fast_loop:492 - 主循環執行時間過長: 30.5ms
2025-07-21 01:09:33 [INFO] GripperOptimized:fast_loop:484 - 性能統計: 循環=296000, 平均耗時=12.9ms, 最大耗時=81.3ms, 指令數=59
2025-07-21 01:09:38 [WARNING] GripperOptimized:fast_loop:492 - 主循環執行時間過長: 32.8ms
2025-07-21 01:09:43 [WARNING] GripperOptimized:fast_loop:492 - 主循環執行時間過長: 36.7ms
2025-07-21 01:09:49 [WARNING] GripperOptimized:fast_loop:492 - 主循環執行時間過長: 30.2ms
2025-07-21 01:09:52 [WARNING] GripperOptimized:fast_loop:492 - 主循環執行時間過長: 34.3ms
2025-07-21 01:09:54 [INFO] GripperOptimized:fast_loop:484 - 性能統計: 循環=297000, 平均耗時=11.5ms, 最大耗時=81.3ms, 指令數=59
2025-07-21 01:09:54 [WARNING] GripperOptimized:fast_loop:492 - 主循環執行時間過長: 33.0ms
2025-07-21 01:09:59 [WARNING] GripperOptimized:fast_loop:492 - 主循環執行時間過長: 30.7ms
2025-07-21 01:10:01 [WARNING] GripperOptimized:fast_loop:492 - 主循環執行時間過長: 30.3ms
2025-07-21 01:10:04 [WARNING] GripperOptimized:fast_loop:492 - 主循環執行時間過長: 31.8ms
2025-07-21 01:10:12 [WARNING] GripperOptimized:fast_loop:492 - 主循環執行時間過長: 32.5ms
2025-07-21 01:10:14 [INFO] GripperOptimized:fast_loop:484 - 性能統計: 循環=298000, 平均耗時=13.9ms, 最大耗時=81.3ms, 指令數=59
2025-07-21 01:10:14 [WARNING] GripperOptimized:fast_loop:492 - 主循環執行時間過長: 31.4ms
2025-07-21 01:10:16 [WARNING] GripperOptimized:fast_loop:492 - 主循環執行時間過長: 30.1ms
2025-07-21 01:10:23 [WARNING] GripperOptimized:fast_loop:492 - 主循環執行時間過長: 32.6ms
2025-07-21 01:10:26 [WARNING] GripperOptimized:fast_loop:492 - 主循環執行時間過長: 31.5ms
2025-07-21 01:10:27 [WARNING] GripperOptimized:fast_loop:492 - 主循環執行時間過長: 31.5ms
2025-07-21 01:10:30 [WARNING] GripperOptimized:fast_loop:492 - 主循環執行時間過長: 30.9ms
2025-07-21 01:10:35 [INFO] GripperOptimized:fast_loop:484 - 性能統計: 循環=299000, 平均耗時=13.3ms, 最大耗時=81.3ms, 指令數=59
2025-07-21 01:10:41 [WARNING] GripperOptimized:fast_loop:492 - 主循環執行時間過長: 31.1ms
2025-07-21 01:10:56 [INFO] GripperOptimized:fast_loop:484 - 性能統計: 循環=300000, 平均耗時=13.6ms, 最大耗時=81.3ms, 指令數=59
2025-07-21 01:10:56 [WARNING] GripperOptimized:fast_loop:492 - 主循環執行時間過長: 30.4ms
2025-07-21 01:11:07 [WARNING] GripperOptimized:fast_loop:492 - 主循環執行時間過長: 30.9ms
2025-07-21 01:11:10 [WARNING] GripperOptimized:fast_loop:492 - 主循環執行時間過長: 33.9ms
2025-07-21 01:11:15 [WARNING] GripperOptimized:fast_loop:492 - 主循環執行時間過長: 30.3ms
2025-07-21 01:11:16 [WARNING] GripperOptimized:fast_loop:492 - 主循環執行時間過長: 30.4ms
2025-07-21 01:11:17 [INFO] GripperOptimized:fast_loop:484 - 性能統計: 循環=301000, 平均耗時=14.3ms, 最大耗時=81.3ms, 指令數=59
2025-07-21 01:11:29 [WARNING] GripperOptimized:fast_loop:492 - 主循環執行時間過長: 32.2ms
2025-07-21 01:11:30 [WARNING] GripperOptimized:fast_loop:492 - 主循環執行時間過長: 31.1ms
2025-07-21 01:11:32 [WARNING] GripperOptimized:fast_loop:492 - 主循環執行時間過長: 30.7ms
2025-07-21 01:11:34 [WARNING] GripperOptimized:fast_loop:492 - 主循環執行時間過長: 31.4ms
2025-07-21 01:11:37 [WARNING] GripperOptimized:fast_loop:492 - 主循環執行時間過長: 30.0ms
2025-07-21 01:11:38 [INFO] GripperOptimized:fast_loop:484 - 性能統計: 循環=302000, 平均耗時=13.9ms, 最大耗時=81.3ms, 指令數=59
2025-07-21 01:11:39 [WARNING] GripperOptimized:fast_loop:492 - 主循環執行時間過長: 32.2ms
2025-07-21 01:11:42 [WARNING] GripperOptimized:fast_loop:492 - 主循環執行時間過長: 30.3ms
2025-07-21 01:11:43 [WARNING] GripperOptimized:fast_loop:492 - 主循環執行時間過長: 30.7ms
2025-07-21 01:11:45 [WARNING] GripperOptimized:fast_loop:492 - 主循環執行時間過長: 30.3ms
2025-07-21 01:11:49 [WARNING] GripperOptimized:fast_loop:492 - 主循環執行時間過長: 31.5ms
2025-07-21 01:11:58 [INFO] GripperOptimized:fast_loop:484 - 性能統計: 循環=303000, 平均耗時=13.6ms, 最大耗時=81.3ms, 指令數=59
2025-07-21 01:12:13 [WARNING] GripperOptimized:fast_loop:492 - 主循環執行時間過長: 31.3ms
2025-07-21 01:12:19 [INFO] GripperOptimized:fast_loop:484 - 性能統計: 循環=304000, 平均耗時=13.2ms, 最大耗時=81.3ms, 指令數=59
2025-07-21 01:12:21 [WARNING] GripperOptimized:fast_loop:492 - 主循環執行時間過長: 32.1ms
2025-07-21 01:12:22 [WARNING] GripperOptimized:fast_loop:492 - 主循環執行時間過長: 30.3ms
2025-07-21 01:12:40 [INFO] GripperOptimized:fast_loop:484 - 性能統計: 循環=305000, 平均耗時=14.1ms, 最大耗時=81.3ms, 指令數=59
2025-07-21 01:12:44 [WARNING] GripperOptimized:fast_loop:492 - 主循環執行時間過長: 30.1ms
2025-07-21 01:12:52 [WARNING] GripperOptimized:fast_loop:492 - 主循環執行時間過長: 31.7ms
2025-07-21 01:13:01 [INFO] GripperOptimized:fast_loop:484 - 性能統計: 循環=306000, 平均耗時=13.6ms, 最大耗時=81.3ms, 指令數=59
2025-07-21 01:13:08 [WARNING] GripperOptimized:fast_loop:492 - 主循環執行時間過長: 31.3ms
2025-07-21 01:13:11 [WARNING] GripperOptimized:fast_loop:492 - 主循環執行時間過長: 32.3ms
2025-07-21 01:13:16 [WARNING] GripperOptimized:fast_loop:492 - 主循環執行時間過長: 35.7ms
2025-07-21 01:13:19 [WARNING] GripperOptimized:fast_loop:492 - 主循環執行時間過長: 31.8ms
2025-07-21 01:13:22 [INFO] GripperOptimized:fast_loop:484 - 性能統計: 循環=307000, 平均耗時=13.5ms, 最大耗時=81.3ms, 指令數=59
2025-07-21 01:13:28 [WARNING] GripperOptimized:fast_loop:492 - 主循環執行時間過長: 30.1ms
2025-07-21 01:13:36 [WARNING] GripperOptimized:fast_loop:492 - 主循環執行時間過長: 31.8ms
2025-07-21 01:13:37 [WARNING] GripperOptimized:fast_loop:492 - 主循環執行時間過長: 30.9ms
2025-07-21 01:13:42 [INFO] GripperOptimized:fast_loop:484 - 性能統計: 循環=308000, 平均耗時=13.4ms, 最大耗時=81.3ms, 指令數=59
2025-07-21 01:13:44 [WARNING] GripperOptimized:fast_loop:492 - 主循環執行時間過長: 31.8ms
2025-07-21 01:14:03 [INFO] GripperOptimized:fast_loop:484 - 性能統計: 循環=309000, 平均耗時=13.9ms, 最大耗時=81.3ms, 指令數=59
2025-07-21 01:14:07 [WARNING] GripperOptimized:fast_loop:492 - 主循環執行時間過長: 31.2ms
2025-07-21 01:14:17 [WARNING] GripperOptimized:fast_loop:492 - 主循環執行時間過長: 30.5ms
2025-07-21 01:14:19 [WARNING] GripperOptimized:fast_loop:492 - 主循環執行時間過長: 31.2ms
2025-07-21 01:14:24 [INFO] GripperOptimized:fast_loop:484 - 性能統計: 循環=310000, 平均耗時=12.7ms, 最大耗時=81.3ms, 指令數=59
2025-07-21 01:14:25 [WARNING] GripperOptimized:fast_loop:492 - 主循環執行時間過長: 30.4ms
2025-07-21 01:14:27 [WARNING] GripperOptimized:fast_loop:492 - 主循環執行時間過長: 31.2ms
2025-07-21 01:14:29 [WARNING] GripperOptimized:fast_loop:492 - 主循環執行時間過長: 31.5ms
2025-07-21 01:14:33 [WARNING] GripperOptimized:fast_loop:492 - 主循環執行時間過長: 32.3ms
2025-07-21 01:14:40 [WARNING] GripperOptimized:fast_loop:492 - 主循環執行時間過長: 30.5ms
2025-07-21 01:14:42 [WARNING] GripperOptimized:fast_loop:492 - 主循環執行時間過長: 30.2ms
2025-07-21 01:14:43 [WARNING] GripperOptimized:fast_loop:492 - 主循環執行時間過長: 33.0ms
2025-07-21 01:14:45 [INFO] GripperOptimized:fast_loop:484 - 性能統計: 循環=311000, 平均耗時=12.5ms, 最大耗時=81.3ms, 指令數=59
2025-07-21 01:14:46 [WARNING] GripperOptimized:fast_loop:492 - 主循環執行時間過長: 31.1ms
2025-07-21 01:14:53 [WARNING] GripperOptimized:fast_loop:492 - 主循環執行時間過長: 31.4ms
2025-07-21 01:15:05 [INFO] GripperOptimized:fast_loop:484 - 性能統計: 循環=312000, 平均耗時=13.6ms, 最大耗時=81.3ms, 指令數=59
2025-07-21 01:15:15 [WARNING] GripperOptimized:fast_loop:492 - 主循環執行時間過長: 30.1ms
2025-07-21 01:15:23 [WARNING] GripperOptimized:fast_loop:492 - 主循環執行時間過長: 30.5ms
2025-07-21 01:15:26 [INFO] GripperOptimized:fast_loop:484 - 性能統計: 循環=313000, 平均耗時=13.2ms, 最大耗時=81.3ms, 指令數=59
2025-07-21 01:15:37 [WARNING] GripperOptimized:fast_loop:492 - 主循環執行時間過長: 30.3ms
2025-07-21 01:15:38 [WARNING] GripperOptimized:fast_loop:492 - 主循環執行時間過長: 30.3ms
2025-07-21 01:15:45 [WARNING] GripperOptimized:fast_loop:492 - 主循環執行時間過長: 33.1ms
2025-07-21 01:15:47 [INFO] GripperOptimized:fast_loop:484 - 性能統計: 循環=314000, 平均耗時=13.1ms, 最大耗時=81.3ms, 指令數=59
2025-07-21 01:15:57 [WARNING] GripperOptimized:fast_loop:492 - 主循環執行時間過長: 31.8ms
2025-07-21 01:16:05 [WARNING] GripperOptimized:fast_loop:492 - 主循環執行時間過長: 30.1ms
2025-07-21 01:16:08 [INFO] GripperOptimized:fast_loop:484 - 性能統計: 循環=315000, 平均耗時=12.2ms, 最大耗時=81.3ms, 指令數=59
2025-07-21 01:16:08 [WARNING] GripperOptimized:fast_loop:492 - 主循環執行時間過長: 32.4ms
2025-07-21 01:16:20 [WARNING] GripperOptimized:fast_loop:492 - 主循環執行時間過長: 30.5ms
2025-07-21 01:16:22 [WARNING] GripperOptimized:fast_loop:492 - 主循環執行時間過長: 30.2ms
2025-07-21 01:16:26 [WARNING] GripperOptimized:fast_loop:492 - 主循環執行時間過長: 30.6ms
2025-07-21 01:16:29 [INFO] GripperOptimized:fast_loop:484 - 性能統計: 循環=316000, 平均耗時=13.5ms, 最大耗時=81.3ms, 指令數=59
2025-07-21 01:16:32 [WARNING] GripperOptimized:fast_loop:492 - 主循環執行時間過長: 31.7ms
2025-07-21 01:16:43 [WARNING] GripperOptimized:fast_loop:492 - 主循環執行時間過長: 31.6ms
2025-07-21 01:16:44 [WARNING] GripperOptimized:fast_loop:492 - 主循環執行時間過長: 30.5ms
2025-07-21 01:16:49 [INFO] GripperOptimized:fast_loop:484 - 性能統計: 循環=317000, 平均耗時=12.3ms, 最大耗時=81.3ms, 指令數=59
2025-07-21 01:16:49 [WARNING] GripperOptimized:fast_loop:492 - 主循環執行時間過長: 32.1ms
2025-07-21 01:16:55 [WARNING] GripperOptimized:fast_loop:492 - 主循環執行時間過長: 31.6ms
2025-07-21 01:17:03 [WARNING] GripperOptimized:fast_loop:492 - 主循環執行時間過長: 30.6ms
2025-07-21 01:17:05 [WARNING] GripperOptimized:fast_loop:492 - 主循環執行時間過長: 30.2ms
2025-07-21 01:17:10 [INFO] GripperOptimized:fast_loop:484 - 性能統計: 循環=318000, 平均耗時=13.3ms, 最大耗時=81.3ms, 指令數=59
2025-07-21 01:17:11 [WARNING] GripperOptimized:fast_loop:492 - 主循環執行時間過長: 31.1ms
2025-07-21 01:17:14 [WARNING] GripperOptimized:fast_loop:492 - 主循環執行時間過長: 30.7ms
2025-07-21 01:17:20 [WARNING] GripperOptimized:fast_loop:492 - 主循環執行時間過長: 32.4ms
2025-07-21 01:17:22 [WARNING] GripperOptimized:fast_loop:492 - 主循環執行時間過長: 31.9ms
2025-07-21 01:17:28 [WARNING] GripperOptimized:fast_loop:492 - 主循環執行時間過長: 32.6ms
2025-07-21 01:17:31 [INFO] GripperOptimized:fast_loop:484 - 性能統計: 循環=319000, 平均耗時=13.6ms, 最大耗時=81.3ms, 指令數=59
2025-07-21 01:17:41 [WARNING] GripperOptimized:fast_loop:492 - 主循環執行時間過長: 32.3ms
2025-07-21 01:17:44 [WARNING] GripperOptimized:fast_loop:492 - 主循環執行時間過長: 31.6ms
2025-07-21 01:17:48 [WARNING] GripperOptimized:fast_loop:492 - 主循環執行時間過長: 30.3ms
2025-07-21 01:17:52 [INFO] GripperOptimized:fast_loop:484 - 性能統計: 循環=320000, 平均耗時=13.5ms, 最大耗時=81.3ms, 指令數=59
2025-07-21 01:18:05 [WARNING] GripperOptimized:fast_loop:492 - 主循環執行時間過長: 31.7ms
2025-07-21 01:18:12 [WARNING] GripperOptimized:fast_loop:492 - 主循環執行時間過長: 31.1ms
2025-07-21 01:18:13 [INFO] GripperOptimized:fast_loop:484 - 性能統計: 循環=321000, 平均耗時=12.9ms, 最大耗時=81.3ms, 指令數=59
2025-07-21 01:18:13 [WARNING] GripperOptimized:fast_loop:492 - 主循環執行時間過長: 31.7ms
2025-07-21 01:18:15 [WARNING] GripperOptimized:fast_loop:492 - 主循環執行時間過長: 31.4ms
2025-07-21 01:18:19 [WARNING] GripperOptimized:fast_loop:492 - 主循環執行時間過長: 31.6ms
2025-07-21 01:18:23 [WARNING] GripperOptimized:fast_loop:492 - 主循環執行時間過長: 30.1ms
2025-07-21 01:18:24 [WARNING] GripperOptimized:fast_loop:492 - 主循環執行時間過長: 30.5ms
2025-07-21 01:18:29 [WARNING] GripperOptimized:fast_loop:492 - 主循環執行時間過長: 31.8ms
2025-07-21 01:18:31 [WARNING] GripperOptimized:fast_loop:492 - 主循環執行時間過長: 31.4ms
2025-07-21 01:18:33 [INFO] GripperOptimized:fast_loop:484 - 性能統計: 循環=322000, 平均耗時=13.3ms, 最大耗時=81.3ms, 指令數=59
2025-07-21 01:18:35 [WARNING] GripperOptimized:fast_loop:492 - 主循環執行時間過長: 30.7ms
2025-07-21 01:18:51 [WARNING] GripperOptimized:fast_loop:492 - 主循環執行時間過長: 30.6ms
2025-07-21 01:18:54 [INFO] GripperOptimized:fast_loop:484 - 性能統計: 循環=323000, 平均耗時=13.4ms, 最大耗時=81.3ms, 指令數=59
2025-07-21 01:18:57 [WARNING] GripperOptimized:fast_loop:492 - 主循環執行時間過長: 31.7ms
2025-07-21 01:19:06 [WARNING] GripperOptimized:fast_loop:492 - 主循環執行時間過長: 31.4ms
2025-07-21 01:19:07 [WARNING] GripperOptimized:fast_loop:492 - 主循環執行時間過長: 31.6ms
2025-07-21 01:19:09 [WARNING] GripperOptimized:fast_loop:492 - 主循環執行時間過長: 30.2ms
2025-07-21 01:19:13 [WARNING] GripperOptimized:fast_loop:492 - 主循環執行時間過長: 32.0ms
2025-07-21 01:19:14 [WARNING] GripperOptimized:fast_loop:492 - 主循環執行時間過長: 31.9ms
2025-07-21 01:19:15 [INFO] GripperOptimized:fast_loop:484 - 性能統計: 循環=324000, 平均耗時=13.8ms, 最大耗時=81.3ms, 指令數=59
2025-07-21 01:19:20 [WARNING] GripperOptimized:fast_loop:492 - 主循環執行時間過長: 30.6ms
2025-07-21 01:19:25 [WARNING] GripperOptimized:fast_loop:492 - 主循環執行時間過長: 30.3ms
2025-07-21 01:19:32 [WARNING] GripperOptimized:fast_loop:492 - 主循環執行時間過長: 30.5ms
2025-07-21 01:19:34 [WARNING] GripperOptimized:fast_loop:492 - 主循環執行時間過長: 30.4ms
2025-07-21 01:19:36 [INFO] GripperOptimized:fast_loop:484 - 性能統計: 循環=325000, 平均耗時=14.1ms, 最大耗時=81.3ms, 指令數=59
2025-07-21 01:19:37 [WARNING] GripperOptimized:fast_loop:492 - 主循環執行時間過長: 32.1ms
2025-07-21 01:19:39 [WARNING] GripperOptimized:fast_loop:492 - 主循環執行時間過長: 31.0ms
2025-07-21 01:19:41 [WARNING] GripperOptimized:fast_loop:492 - 主循環執行時間過長: 30.0ms
2025-07-21 01:19:57 [INFO] GripperOptimized:fast_loop:484 - 性能統計: 循環=326000, 平均耗時=13.1ms, 最大耗時=81.3ms, 指令數=59
2025-07-21 01:19:59 [WARNING] GripperOptimized:fast_loop:492 - 主循環執行時間過長: 30.5ms
2025-07-21 01:20:00 [WARNING] GripperOptimized:fast_loop:492 - 主循環執行時間過長: 33.4ms
2025-07-21 01:20:08 [WARNING] GripperOptimized:fast_loop:492 - 主循環執行時間過長: 30.1ms
2025-07-21 01:20:17 [INFO] GripperOptimized:fast_loop:484 - 性能統計: 循環=327000, 平均耗時=12.8ms, 最大耗時=81.3ms, 指令數=59
2025-07-21 01:20:22 [WARNING] GripperOptimized:fast_loop:492 - 主循環執行時間過長: 32.0ms
2025-07-21 01:20:23 [WARNING] GripperOptimized:fast_loop:492 - 主循環執行時間過長: 30.9ms
2025-07-21 01:20:29 [WARNING] GripperOptimized:fast_loop:492 - 主循環執行時間過長: 31.9ms
2025-07-21 01:20:32 [WARNING] GripperOptimized:fast_loop:492 - 主循環執行時間過長: 30.2ms
2025-07-21 01:20:38 [INFO] GripperOptimized:fast_loop:484 - 性能統計: 循環=328000, 平均耗時=13.3ms, 最大耗時=81.3ms, 指令數=59
2025-07-21 01:20:43 [WARNING] GripperOptimized:fast_loop:492 - 主循環執行時間過長: 30.9ms
2025-07-21 01:20:48 [WARNING] GripperOptimized:fast_loop:492 - 主循環執行時間過長: 30.1ms
2025-07-21 01:20:51 [WARNING] GripperOptimized:fast_loop:492 - 主循環執行時間過長: 30.0ms
2025-07-21 01:20:52 [WARNING] GripperOptimized:fast_loop:492 - 主循環執行時間過長: 30.6ms
2025-07-21 01:20:59 [INFO] GripperOptimized:fast_loop:484 - 性能統計: 循環=329000, 平均耗時=13.1ms, 最大耗時=81.3ms, 指令數=59
2025-07-21 01:21:13 [WARNING] GripperOptimized:fast_loop:492 - 主循環執行時間過長: 32.2ms
2025-07-21 01:21:20 [INFO] GripperOptimized:fast_loop:484 - 性能統計: 循環=330000, 平均耗時=13.9ms, 最大耗時=81.3ms, 指令數=59
2025-07-21 01:21:21 [WARNING] GripperOptimized:fast_loop:492 - 主循環執行時間過長: 31.4ms
2025-07-21 01:21:33 [WARNING] GripperOptimized:fast_loop:492 - 主循環執行時間過長: 30.9ms
2025-07-21 01:21:40 [INFO] GripperOptimized:fast_loop:484 - 性能統計: 循環=331000, 平均耗時=13.0ms, 最大耗時=81.3ms, 指令數=59
2025-07-21 01:21:41 [WARNING] GripperOptimized:fast_loop:492 - 主循環執行時間過長: 30.6ms
2025-07-21 01:21:44 [WARNING] GripperOptimized:fast_loop:492 - 主循環執行時間過長: 32.8ms
2025-07-21 01:21:52 [WARNING] GripperOptimized:fast_loop:492 - 主循環執行時間過長: 30.1ms
2025-07-21 01:21:56 [WARNING] GripperOptimized:fast_loop:492 - 主循環執行時間過長: 31.3ms
2025-07-21 01:22:00 [WARNING] GripperOptimized:fast_loop:492 - 主循環執行時間過長: 31.3ms
2025-07-21 01:22:01 [INFO] GripperOptimized:fast_loop:484 - 性能統計: 循環=332000, 平均耗時=13.8ms, 最大耗時=81.3ms, 指令數=59
2025-07-21 01:22:07 [WARNING] GripperOptimized:fast_loop:492 - 主循環執行時間過長: 31.6ms
2025-07-21 01:22:08 [WARNING] GripperOptimized:fast_loop:492 - 主循環執行時間過長: 30.3ms
2025-07-21 01:22:13 [WARNING] GripperOptimized:fast_loop:492 - 主循環執行時間過長: 31.7ms
2025-07-21 01:22:15 [WARNING] GripperOptimized:fast_loop:492 - 主循環執行時間過長: 31.0ms
2025-07-21 01:22:16 [WARNING] GripperOptimized:fast_loop:492 - 主循環執行時間過長: 30.3ms
2025-07-21 01:22:18 [WARNING] GripperOptimized:fast_loop:492 - 主循環執行時間過長: 31.4ms
2025-07-21 01:22:21 [WARNING] GripperOptimized:fast_loop:492 - 主循環執行時間過長: 30.5ms
2025-07-21 01:22:22 [INFO] GripperOptimized:fast_loop:484 - 性能統計: 循環=333000, 平均耗時=12.9ms, 最大耗時=81.3ms, 指令數=59
2025-07-21 01:22:22 [WARNING] GripperOptimized:fast_loop:492 - 主循環執行時間過長: 30.2ms
2025-07-21 01:22:36 [WARNING] GripperOptimized:fast_loop:492 - 主循環執行時間過長: 30.3ms
2025-07-21 01:22:38 [WARNING] GripperOptimized:fast_loop:492 - 主循環執行時間過長: 32.2ms
2025-07-21 01:22:43 [INFO] GripperOptimized:fast_loop:484 - 性能統計: 循環=334000, 平均耗時=13.5ms, 最大耗時=81.3ms, 指令數=59
2025-07-21 01:22:52 [WARNING] GripperOptimized:fast_loop:492 - 主循環執行時間過長: 31.3ms
2025-07-21 01:22:56 [WARNING] GripperOptimized:fast_loop:492 - 主循環執行時間過長: 32.4ms
2025-07-21 01:23:01 [WARNING] GripperOptimized:fast_loop:492 - 主循環執行時間過長: 33.5ms
2025-07-21 01:23:04 [INFO] GripperOptimized:fast_loop:484 - 性能統計: 循環=335000, 平均耗時=13.7ms, 最大耗時=81.3ms, 指令數=59
2025-07-21 01:23:06 [WARNING] GripperOptimized:fast_loop:492 - 主循環執行時間過長: 30.3ms
2025-07-21 01:23:08 [WARNING] GripperOptimized:fast_loop:492 - 主循環執行時間過長: 30.1ms
2025-07-21 01:23:16 [WARNING] GripperOptimized:fast_loop:492 - 主循環執行時間過長: 31.6ms
2025-07-21 01:23:17 [WARNING] GripperOptimized:fast_loop:492 - 主循環執行時間過長: 31.5ms
2025-07-21 01:23:23 [WARNING] GripperOptimized:fast_loop:492 - 主循環執行時間過長: 32.3ms
2025-07-21 01:23:24 [INFO] GripperOptimized:fast_loop:484 - 性能統計: 循環=336000, 平均耗時=12.5ms, 最大耗時=81.3ms, 指令數=59
2025-07-21 01:23:24 [WARNING] GripperOptimized:fast_loop:492 - 主循環執行時間過長: 31.0ms
2025-07-21 01:23:35 [WARNING] GripperOptimized:fast_loop:492 - 主循環執行時間過長: 30.1ms
2025-07-21 01:23:39 [WARNING] GripperOptimized:fast_loop:492 - 主循環執行時間過長: 30.1ms
2025-07-21 01:23:45 [INFO] GripperOptimized:fast_loop:484 - 性能統計: 循環=337000, 平均耗時=13.0ms, 最大耗時=81.3ms, 指令數=59
2025-07-21 01:23:45 [WARNING] GripperOptimized:fast_loop:492 - 主循環執行時間過長: 30.2ms
2025-07-21 01:23:48 [WARNING] GripperOptimized:fast_loop:492 - 主循環執行時間過長: 31.1ms
2025-07-21 01:23:58 [WARNING] GripperOptimized:fast_loop:492 - 主循環執行時間過長: 30.2ms
2025-07-21 01:24:01 [WARNING] GripperOptimized:fast_loop:492 - 主循環執行時間過長: 30.2ms
2025-07-21 01:24:03 [WARNING] GripperOptimized:fast_loop:492 - 主循環執行時間過長: 30.2ms
2025-07-21 01:24:06 [INFO] GripperOptimized:fast_loop:484 - 性能統計: 循環=338000, 平均耗時=13.5ms, 最大耗時=81.3ms, 指令數=59
2025-07-21 01:24:10 [WARNING] GripperOptimized:fast_loop:492 - 主循環執行時間過長: 30.1ms
2025-07-21 01:24:14 [WARNING] GripperOptimized:fast_loop:492 - 主循環執行時間過長: 30.8ms
2025-07-21 01:24:19 [WARNING] GripperOptimized:fast_loop:492 - 主循環執行時間過長: 30.7ms
2025-07-21 01:24:24 [WARNING] GripperOptimized:fast_loop:492 - 主循環執行時間過長: 30.5ms
2025-07-21 01:24:27 [INFO] GripperOptimized:fast_loop:484 - 性能統計: 循環=339000, 平均耗時=13.0ms, 最大耗時=81.3ms, 指令數=59
2025-07-21 01:24:31 [WARNING] GripperOptimized:fast_loop:492 - 主循環執行時間過長: 30.2ms
2025-07-21 01:24:32 [WARNING] GripperOptimized:fast_loop:492 - 主循環執行時間過長: 30.5ms
2025-07-21 01:24:33 [WARNING] GripperOptimized:fast_loop:492 - 主循環執行時間過長: 32.6ms
2025-07-21 01:24:48 [INFO] GripperOptimized:fast_loop:484 - 性能統計: 循環=340000, 平均耗時=13.4ms, 最大耗時=81.3ms, 指令數=59
2025-07-21 01:24:53 [WARNING] GripperOptimized:fast_loop:492 - 主循環執行時間過長: 30.6ms
2025-07-21 01:24:54 [WARNING] GripperOptimized:fast_loop:492 - 主循環執行時間過長: 31.3ms
2025-07-21 01:24:55 [WARNING] GripperOptimized:fast_loop:492 - 主循環執行時間過長: 32.3ms
2025-07-21 01:25:01 [WARNING] GripperOptimized:fast_loop:492 - 主循環執行時間過長: 30.5ms
2025-07-21 01:25:05 [WARNING] GripperOptimized:fast_loop:492 - 主循環執行時間過長: 30.9ms
2025-07-21 01:25:08 [INFO] GripperOptimized:fast_loop:484 - 性能統計: 循環=341000, 平均耗時=13.2ms, 最大耗時=81.3ms, 指令數=59
2025-07-21 01:25:12 [WARNING] GripperOptimized:fast_loop:492 - 主循環執行時間過長: 30.2ms
2025-07-21 01:25:29 [INFO] GripperOptimized:fast_loop:484 - 性能統計: 循環=342000, 平均耗時=13.7ms, 最大耗時=81.3ms, 指令數=59
2025-07-21 01:25:36 [WARNING] GripperOptimized:fast_loop:492 - 主循環執行時間過長: 30.2ms
2025-07-21 01:25:41 [WARNING] GripperOptimized:fast_loop:492 - 主循環執行時間過長: 32.0ms
2025-07-21 01:25:50 [INFO] GripperOptimized:fast_loop:484 - 性能統計: 循環=343000, 平均耗時=13.3ms, 最大耗時=81.3ms, 指令數=59
2025-07-21 01:25:52 [WARNING] GripperOptimized:fast_loop:492 - 主循環執行時間過長: 30.3ms
2025-07-21 01:25:57 [WARNING] GripperOptimized:fast_loop:492 - 主循環執行時間過長: 31.3ms
2025-07-21 01:26:00 [WARNING] GripperOptimized:fast_loop:492 - 主循環執行時間過長: 31.1ms
2025-07-21 01:26:11 [INFO] GripperOptimized:fast_loop:484 - 性能統計: 循環=344000, 平均耗時=12.9ms, 最大耗時=81.3ms, 指令數=59
2025-07-21 01:26:15 [WARNING] GripperOptimized:fast_loop:492 - 主循環執行時間過長: 30.5ms
2025-07-21 01:26:21 [WARNING] GripperOptimized:fast_loop:492 - 主循環執行時間過長: 31.0ms
2025-07-21 01:26:23 [WARNING] GripperOptimized:fast_loop:492 - 主循環執行時間過長: 31.5ms
2025-07-21 01:26:26 [WARNING] GripperOptimized:fast_loop:492 - 主循環執行時間過長: 34.0ms
2025-07-21 01:26:32 [INFO] GripperOptimized:fast_loop:484 - 性能統計: 循環=345000, 平均耗時=13.2ms, 最大耗時=81.3ms, 指令數=59
2025-07-21 01:26:38 [WARNING] GripperOptimized:fast_loop:492 - 主循環執行時間過長: 32.7ms
2025-07-21 01:26:48 [WARNING] GripperOptimized:fast_loop:492 - 主循環執行時間過長: 32.3ms
2025-07-21 01:26:52 [INFO] GripperOptimized:fast_loop:484 - 性能統計: 循環=346000, 平均耗時=14.2ms, 最大耗時=81.3ms, 指令數=59
2025-07-21 01:26:55 [WARNING] GripperOptimized:fast_loop:492 - 主循環執行時間過長: 31.4ms
2025-07-21 01:27:11 [WARNING] GripperOptimized:fast_loop:492 - 主循環執行時間過長: 30.1ms
2025-07-21 01:27:13 [INFO] GripperOptimized:fast_loop:484 - 性能統計: 循環=347000, 平均耗時=12.8ms, 最大耗時=81.3ms, 指令數=59
2025-07-21 01:27:17 [WARNING] GripperOptimized:fast_loop:492 - 主循環執行時間過長: 30.0ms
2025-07-21 01:27:21 [WARNING] GripperOptimized:fast_loop:492 - 主循環執行時間過長: 30.7ms
2025-07-21 01:27:25 [WARNING] GripperOptimized:fast_loop:492 - 主循環執行時間過長: 32.0ms
2025-07-21 01:27:30 [WARNING] GripperOptimized:fast_loop:492 - 主循環執行時間過長: 31.4ms
2025-07-21 01:27:32 [WARNING] GripperOptimized:fast_loop:492 - 主循環執行時間過長: 32.1ms
2025-07-21 01:27:34 [INFO] GripperOptimized:fast_loop:484 - 性能統計: 循環=348000, 平均耗時=13.7ms, 最大耗時=81.3ms, 指令數=59
2025-07-21 01:27:42 [WARNING] GripperOptimized:fast_loop:492 - 主循環執行時間過長: 31.1ms
2025-07-21 01:27:55 [INFO] GripperOptimized:fast_loop:484 - 性能統計: 循環=349000, 平均耗時=12.8ms, 最大耗時=81.3ms, 指令數=59
2025-07-21 01:28:02 [WARNING] GripperOptimized:fast_loop:492 - 主循環執行時間過長: 32.1ms
2025-07-21 01:28:08 [WARNING] GripperOptimized:fast_loop:492 - 主循環執行時間過長: 31.3ms
2025-07-21 01:28:11 [WARNING] GripperOptimized:fast_loop:492 - 主循環執行時間過長: 30.6ms
2025-07-21 01:28:14 [WARNING] GripperOptimized:fast_loop:492 - 主循環執行時間過長: 32.6ms
2025-07-21 01:28:16 [INFO] GripperOptimized:fast_loop:484 - 性能統計: 循環=350000, 平均耗時=13.1ms, 最大耗時=81.3ms, 指令數=59
2025-07-21 01:28:19 [WARNING] GripperOptimized:fast_loop:492 - 主循環執行時間過長: 30.1ms
2025-07-21 01:28:25 [WARNING] GripperOptimized:fast_loop:492 - 主循環執行時間過長: 30.7ms
2025-07-21 01:28:27 [WARNING] GripperOptimized:fast_loop:492 - 主循環執行時間過長: 30.5ms
2025-07-21 01:28:36 [INFO] GripperOptimized:fast_loop:484 - 性能統計: 循環=351000, 平均耗時=13.4ms, 最大耗時=81.3ms, 指令數=59
2025-07-21 01:28:39 [WARNING] GripperOptimized:fast_loop:492 - 主循環執行時間過長: 32.4ms
2025-07-21 01:28:44 [WARNING] GripperOptimized:fast_loop:492 - 主循環執行時間過長: 31.5ms
2025-07-21 01:28:49 [WARNING] GripperOptimized:fast_loop:492 - 主循環執行時間過長: 30.0ms
2025-07-21 01:28:53 [WARNING] GripperOptimized:fast_loop:492 - 主循環執行時間過長: 30.4ms
2025-07-21 01:28:57 [INFO] GripperOptimized:fast_loop:484 - 性能統計: 循環=352000, 平均耗時=13.1ms, 最大耗時=81.3ms, 指令數=59
2025-07-21 01:29:01 [WARNING] GripperOptimized:fast_loop:492 - 主循環執行時間過長: 30.9ms
2025-07-21 01:29:03 [WARNING] GripperOptimized:fast_loop:492 - 主循環執行時間過長: 32.7ms
2025-07-21 01:29:04 [WARNING] GripperOptimized:fast_loop:492 - 主循環執行時間過長: 30.6ms
2025-07-21 01:29:13 [WARNING] GripperOptimized:fast_loop:492 - 主循環執行時間過長: 30.2ms
2025-07-21 01:29:18 [INFO] GripperOptimized:fast_loop:484 - 性能統計: 循環=353000, 平均耗時=12.4ms, 最大耗時=81.3ms, 指令數=59
2025-07-21 01:29:27 [WARNING] GripperOptimized:fast_loop:492 - 主循環執行時間過長: 30.1ms
2025-07-21 01:29:34 [WARNING] GripperOptimized:fast_loop:492 - 主循環執行時間過長: 30.1ms
2025-07-21 01:29:39 [INFO] GripperOptimized:fast_loop:484 - 性能統計: 循環=354000, 平均耗時=13.3ms, 最大耗時=81.3ms, 指令數=59
2025-07-21 01:29:39 [WARNING] GripperOptimized:fast_loop:492 - 主循環執行時間過長: 31.0ms
2025-07-21 01:29:59 [INFO] GripperOptimized:fast_loop:484 - 性能統計: 循環=355000, 平均耗時=13.6ms, 最大耗時=81.3ms, 指令數=59
2025-07-21 01:29:59 [WARNING] GripperOptimized:fast_loop:492 - 主循環執行時間過長: 30.7ms
2025-07-21 01:30:02 [WARNING] GripperOptimized:fast_loop:492 - 主循環執行時間過長: 30.2ms
2025-07-21 01:30:03 [WARNING] GripperOptimized:fast_loop:492 - 主循環執行時間過長: 31.4ms
2025-07-21 01:30:06 [WARNING] GripperOptimized:fast_loop:492 - 主循環執行時間過長: 31.1ms
2025-07-21 01:30:07 [WARNING] GripperOptimized:fast_loop:492 - 主循環執行時間過長: 33.1ms
2025-07-21 01:30:12 [WARNING] GripperOptimized:fast_loop:492 - 主循環執行時間過長: 30.2ms
2025-07-21 01:30:16 [WARNING] GripperOptimized:fast_loop:492 - 主循環執行時間過長: 30.4ms
2025-07-21 01:30:20 [INFO] GripperOptimized:fast_loop:484 - 性能統計: 循環=356000, 平均耗時=13.4ms, 最大耗時=81.3ms, 指令數=59
2025-07-21 01:30:33 [WARNING] GripperOptimized:fast_loop:492 - 主循環執行時間過長: 31.4ms
2025-07-21 01:30:37 [WARNING] GripperOptimized:fast_loop:492 - 主循環執行時間過長: 31.7ms
2025-07-21 01:30:41 [INFO] GripperOptimized:fast_loop:484 - 性能統計: 循環=357000, 平均耗時=14.1ms, 最大耗時=81.3ms, 指令數=59
2025-07-21 01:30:44 [WARNING] GripperOptimized:fast_loop:492 - 主循環執行時間過長: 31.7ms
2025-07-21 01:30:46 [WARNING] GripperOptimized:fast_loop:492 - 主循環執行時間過長: 30.1ms
2025-07-21 01:30:53 [WARNING] GripperOptimized:fast_loop:492 - 主循環執行時間過長: 30.1ms
2025-07-21 01:30:57 [WARNING] GripperOptimized:fast_loop:492 - 主循環執行時間過長: 30.8ms
2025-07-21 01:31:00 [WARNING] GripperOptimized:fast_loop:492 - 主循環執行時間過長: 31.1ms
2025-07-21 01:31:02 [INFO] GripperOptimized:fast_loop:484 - 性能統計: 循環=358000, 平均耗時=13.7ms, 最大耗時=81.3ms, 指令數=59
2025-07-21 01:31:04 [WARNING] GripperOptimized:fast_loop:492 - 主循環執行時間過長: 31.7ms
2025-07-21 01:31:05 [WARNING] GripperOptimized:fast_loop:492 - 主循環執行時間過長: 30.5ms
2025-07-21 01:31:18 [WARNING] GripperOptimized:fast_loop:492 - 主循環執行時間過長: 31.6ms
2025-07-21 01:31:20 [WARNING] GripperOptimized:fast_loop:492 - 主循環執行時間過長: 30.7ms
2025-07-21 01:31:23 [INFO] GripperOptimized:fast_loop:484 - 性能統計: 循環=359000, 平均耗時=12.8ms, 最大耗時=81.3ms, 指令數=59
2025-07-21 01:31:43 [INFO] GripperOptimized:fast_loop:484 - 性能統計: 循環=360000, 平均耗時=13.2ms, 最大耗時=81.3ms, 指令數=59
2025-07-21 01:31:47 [WARNING] GripperOptimized:fast_loop:492 - 主循環執行時間過長: 30.0ms
2025-07-21 01:31:53 [WARNING] GripperOptimized:fast_loop:492 - 主循環執行時間過長: 30.0ms
2025-07-21 01:31:54 [WARNING] GripperOptimized:fast_loop:492 - 主循環執行時間過長: 30.8ms
2025-07-21 01:32:02 [WARNING] GripperOptimized:fast_loop:492 - 主循環執行時間過長: 30.6ms
2025-07-21 01:32:04 [INFO] GripperOptimized:fast_loop:484 - 性能統計: 循環=361000, 平均耗時=13.7ms, 最大耗時=81.3ms, 指令數=59
2025-07-21 01:32:13 [WARNING] GripperOptimized:fast_loop:492 - 主循環執行時間過長: 31.1ms
2025-07-21 01:32:14 [WARNING] GripperOptimized:fast_loop:492 - 主循環執行時間過長: 30.2ms
2025-07-21 01:32:25 [INFO] GripperOptimized:fast_loop:484 - 性能統計: 循環=362000, 平均耗時=13.7ms, 最大耗時=81.3ms, 指令數=59
2025-07-21 01:32:27 [WARNING] GripperOptimized:fast_loop:492 - 主循環執行時間過長: 31.8ms
2025-07-21 01:32:29 [WARNING] GripperOptimized:fast_loop:492 - 主循環執行時間過長: 30.3ms
2025-07-21 01:32:31 [WARNING] GripperOptimized:fast_loop:492 - 主循環執行時間過長: 30.3ms
2025-07-21 01:32:34 [WARNING] GripperOptimized:fast_loop:492 - 主循環執行時間過長: 30.7ms
2025-07-21 01:32:37 [WARNING] GripperOptimized:fast_loop:492 - 主循環執行時間過長: 31.0ms
2025-07-21 01:32:46 [INFO] GripperOptimized:fast_loop:484 - 性能統計: 循環=363000, 平均耗時=12.8ms, 最大耗時=81.3ms, 指令數=59
2025-07-21 01:32:49 [WARNING] GripperOptimized:fast_loop:492 - 主循環執行時間過長: 30.6ms
2025-07-21 01:32:51 [WARNING] GripperOptimized:fast_loop:492 - 主循環執行時間過長: 31.3ms
2025-07-21 01:32:52 [WARNING] GripperOptimized:fast_loop:492 - 主循環執行時間過長: 30.1ms
2025-07-21 01:33:02 [WARNING] GripperOptimized:fast_loop:492 - 主循環執行時間過長: 30.8ms
2025-07-21 01:33:03 [WARNING] GripperOptimized:fast_loop:492 - 主循環執行時間過長: 32.9ms
2025-07-21 01:33:07 [INFO] GripperOptimized:fast_loop:484 - 性能統計: 循環=364000, 平均耗時=12.8ms, 最大耗時=81.3ms, 指令數=59
2025-07-21 01:33:12 [WARNING] GripperOptimized:fast_loop:492 - 主循環執行時間過長: 30.1ms
2025-07-21 01:33:25 [WARNING] GripperOptimized:fast_loop:492 - 主循環執行時間過長: 30.3ms
2025-07-21 01:33:26 [WARNING] GripperOptimized:fast_loop:492 - 主循環執行時間過長: 30.6ms
2025-07-21 01:33:27 [INFO] GripperOptimized:fast_loop:484 - 性能統計: 循環=365000, 平均耗時=12.8ms, 最大耗時=81.3ms, 指令數=59
2025-07-21 01:33:27 [WARNING] GripperOptimized:fast_loop:492 - 主循環執行時間過長: 30.3ms
2025-07-21 01:33:29 [WARNING] GripperOptimized:fast_loop:492 - 主循環執行時間過長: 30.9ms
2025-07-21 01:33:36 [WARNING] GripperOptimized:fast_loop:492 - 主循環執行時間過長: 31.1ms
2025-07-21 01:33:42 [WARNING] GripperOptimized:fast_loop:492 - 主循環執行時間過長: 30.3ms
2025-07-21 01:33:44 [WARNING] GripperOptimized:fast_loop:492 - 主循環執行時間過長: 31.3ms
2025-07-21 01:33:45 [WARNING] GripperOptimized:fast_loop:492 - 主循環執行時間過長: 30.0ms
2025-07-21 01:33:48 [INFO] GripperOptimized:fast_loop:484 - 性能統計: 循環=366000, 平均耗時=13.9ms, 最大耗時=81.3ms, 指令數=59
2025-07-21 01:33:49 [WARNING] GripperOptimized:fast_loop:492 - 主循環執行時間過長: 30.5ms
2025-07-21 01:33:50 [WARNING] GripperOptimized:fast_loop:492 - 主循環執行時間過長: 30.1ms
2025-07-21 01:33:52 [WARNING] GripperOptimized:fast_loop:492 - 主循環執行時間過長: 30.7ms
2025-07-21 01:33:57 [WARNING] GripperOptimized:fast_loop:492 - 主循環執行時間過長: 30.2ms
2025-07-21 01:34:03 [WARNING] GripperOptimized:fast_loop:492 - 主循環執行時間過長: 31.5ms
2025-07-21 01:34:09 [INFO] GripperOptimized:fast_loop:484 - 性能統計: 循環=367000, 平均耗時=13.2ms, 最大耗時=81.3ms, 指令數=59
2025-07-21 01:34:09 [WARNING] GripperOptimized:fast_loop:492 - 主循環執行時間過長: 30.9ms
2025-07-21 01:34:13 [WARNING] GripperOptimized:fast_loop:492 - 主循環執行時間過長: 30.1ms
2025-07-21 01:34:18 [WARNING] GripperOptimized:fast_loop:492 - 主循環執行時間過長: 30.2ms
2025-07-21 01:34:26 [WARNING] GripperOptimized:fast_loop:492 - 主循環執行時間過長: 30.0ms
2025-07-21 01:34:29 [WARNING] GripperOptimized:fast_loop:492 - 主循環執行時間過長: 31.0ms
2025-07-21 01:34:30 [INFO] GripperOptimized:fast_loop:484 - 性能統計: 循環=368000, 平均耗時=13.9ms, 最大耗時=81.3ms, 指令數=59
2025-07-21 01:34:50 [WARNING] GripperOptimized:fast_loop:492 - 主循環執行時間過長: 32.6ms
2025-07-21 01:34:51 [INFO] GripperOptimized:fast_loop:484 - 性能統計: 循環=369000, 平均耗時=13.6ms, 最大耗時=81.3ms, 指令數=59
2025-07-21 01:34:53 [WARNING] GripperOptimized:fast_loop:492 - 主循環執行時間過長: 31.1ms
2025-07-21 01:35:00 [WARNING] GripperOptimized:fast_loop:492 - 主循環執行時間過長: 32.6ms
2025-07-21 01:35:04 [WARNING] GripperOptimized:fast_loop:492 - 主循環執行時間過長: 31.3ms
2025-07-21 01:35:11 [INFO] GripperOptimized:fast_loop:484 - 性能統計: 循環=370000, 平均耗時=13.4ms, 最大耗時=81.3ms, 指令數=59
2025-07-21 01:35:13 [WARNING] GripperOptimized:fast_loop:492 - 主循環執行時間過長: 32.8ms
2025-07-21 01:35:21 [WARNING] GripperOptimized:fast_loop:492 - 主循環執行時間過長: 30.7ms
2025-07-21 01:35:25 [WARNING] GripperOptimized:fast_loop:492 - 主循環執行時間過長: 30.8ms
2025-07-21 01:35:26 [WARNING] GripperOptimized:fast_loop:492 - 主循環執行時間過長: 30.4ms
2025-07-21 01:35:30 [WARNING] GripperOptimized:fast_loop:492 - 主循環執行時間過長: 31.5ms
2025-07-21 01:35:32 [INFO] GripperOptimized:fast_loop:484 - 性能統計: 循環=371000, 平均耗時=12.7ms, 最大耗時=81.3ms, 指令數=59
2025-07-21 01:35:35 [WARNING] GripperOptimized:fast_loop:492 - 主循環執行時間過長: 31.4ms
2025-07-21 01:35:39 [WARNING] GripperOptimized:fast_loop:492 - 主循環執行時間過長: 31.0ms
2025-07-21 01:35:43 [WARNING] GripperOptimized:fast_loop:492 - 主循環執行時間過長: 30.2ms
2025-07-21 01:35:44 [WARNING] GripperOptimized:fast_loop:492 - 主循環執行時間過長: 30.4ms
2025-07-21 01:35:45 [WARNING] GripperOptimized:fast_loop:492 - 主循環執行時間過長: 32.5ms
2025-07-21 01:35:47 [WARNING] GripperOptimized:fast_loop:492 - 主循環執行時間過長: 32.3ms
2025-07-21 01:35:49 [WARNING] GripperOptimized:fast_loop:492 - 主循環執行時間過長: 33.9ms
2025-07-21 01:35:51 [WARNING] GripperOptimized:fast_loop:492 - 主循環執行時間過長: 30.1ms
2025-07-21 01:35:52 [WARNING] GripperOptimized:fast_loop:492 - 主循環執行時間過長: 30.6ms
2025-07-21 01:35:53 [INFO] GripperOptimized:fast_loop:484 - 性能統計: 循環=372000, 平均耗時=13.3ms, 最大耗時=81.3ms, 指令數=59
2025-07-21 01:36:04 [WARNING] GripperOptimized:fast_loop:492 - 主循環執行時間過長: 31.7ms
2025-07-21 01:36:12 [WARNING] GripperOptimized:fast_loop:492 - 主循環執行時間過長: 30.8ms
2025-07-21 01:36:14 [INFO] GripperOptimized:fast_loop:484 - 性能統計: 循環=373000, 平均耗時=13.0ms, 最大耗時=81.3ms, 指令數=59
2025-07-21 01:36:14 [WARNING] GripperOptimized:fast_loop:492 - 主循環執行時間過長: 30.6ms
2025-07-21 01:36:17 [WARNING] GripperOptimized:fast_loop:492 - 主循環執行時間過長: 30.4ms
2025-07-21 01:36:22 [WARNING] GripperOptimized:fast_loop:492 - 主循環執行時間過長: 30.5ms
2025-07-21 01:36:29 [WARNING] GripperOptimized:fast_loop:492 - 主循環執行時間過長: 32.7ms
2025-07-21 01:36:32 [WARNING] GripperOptimized:fast_loop:492 - 主循環執行時間過長: 31.2ms
2025-07-21 01:36:34 [INFO] GripperOptimized:fast_loop:484 - 性能統計: 循環=374000, 平均耗時=14.4ms, 最大耗時=81.3ms, 指令數=59
2025-07-21 01:36:44 [WARNING] GripperOptimized:fast_loop:492 - 主循環執行時間過長: 30.5ms
2025-07-21 01:36:50 [WARNING] GripperOptimized:fast_loop:492 - 主循環執行時間過長: 31.1ms
2025-07-21 01:36:53 [WARNING] GripperOptimized:fast_loop:492 - 主循環執行時間過長: 30.2ms
2025-07-21 01:36:55 [INFO] GripperOptimized:fast_loop:484 - 性能統計: 循環=375000, 平均耗時=12.8ms, 最大耗時=81.3ms, 指令數=59
2025-07-21 01:36:55 [WARNING] GripperOptimized:fast_loop:492 - 主循環執行時間過長: 30.5ms
2025-07-21 01:36:59 [WARNING] GripperOptimized:fast_loop:492 - 主循環執行時間過長: 32.4ms
2025-07-21 01:37:09 [WARNING] GripperOptimized:fast_loop:492 - 主循環執行時間過長: 31.7ms
2025-07-21 01:37:14 [WARNING] GripperOptimized:fast_loop:492 - 主循環執行時間過長: 30.6ms
2025-07-21 01:37:16 [INFO] GripperOptimized:fast_loop:484 - 性能統計: 循環=376000, 平均耗時=13.4ms, 最大耗時=81.3ms, 指令數=59
2025-07-21 01:37:19 [WARNING] GripperOptimized:fast_loop:492 - 主循環執行時間過長: 31.3ms
2025-07-21 01:37:23 [WARNING] GripperOptimized:fast_loop:492 - 主循環執行時間過長: 31.3ms
2025-07-21 01:37:26 [WARNING] GripperOptimized:fast_loop:492 - 主循環執行時間過長: 34.5ms
2025-07-21 01:37:31 [WARNING] GripperOptimized:fast_loop:492 - 主循環執行時間過長: 30.8ms
2025-07-21 01:37:32 [WARNING] GripperOptimized:fast_loop:492 - 主循環執行時間過長: 32.6ms
2025-07-21 01:37:34 [WARNING] GripperOptimized:fast_loop:492 - 主循環執行時間過長: 30.3ms
2025-07-21 01:37:36 [WARNING] GripperOptimized:fast_loop:492 - 主循環執行時間過長: 31.6ms
2025-07-21 01:37:37 [INFO] GripperOptimized:fast_loop:484 - 性能統計: 循環=377000, 平均耗時=13.0ms, 最大耗時=81.3ms, 指令數=59
2025-07-21 01:37:38 [WARNING] GripperOptimized:fast_loop:492 - 主循環執行時間過長: 30.1ms
2025-07-21 01:37:46 [WARNING] GripperOptimized:fast_loop:492 - 主循環執行時間過長: 31.8ms
2025-07-21 01:37:54 [WARNING] GripperOptimized:fast_loop:492 - 主循環執行時間過長: 31.6ms
2025-07-21 01:37:57 [WARNING] GripperOptimized:fast_loop:492 - 主循環執行時間過長: 30.8ms
2025-07-21 01:37:58 [INFO] GripperOptimized:fast_loop:484 - 性能統計: 循環=378000, 平均耗時=13.4ms, 最大耗時=81.3ms, 指令數=59
2025-07-21 01:38:13 [WARNING] GripperOptimized:fast_loop:492 - 主循環執行時間過長: 30.8ms
2025-07-21 01:38:16 [WARNING] GripperOptimized:fast_loop:492 - 主循環執行時間過長: 31.6ms
2025-07-21 01:38:17 [WARNING] GripperOptimized:fast_loop:492 - 主循環執行時間過長: 30.9ms
2025-07-21 01:38:18 [INFO] GripperOptimized:fast_loop:484 - 性能統計: 循環=379000, 平均耗時=12.9ms, 最大耗時=81.3ms, 指令數=59
2025-07-21 01:38:20 [WARNING] GripperOptimized:fast_loop:492 - 主循環執行時間過長: 30.2ms
2025-07-21 01:38:28 [WARNING] GripperOptimized:fast_loop:492 - 主循環執行時間過長: 30.8ms
2025-07-21 01:38:30 [WARNING] GripperOptimized:fast_loop:492 - 主循環執行時間過長: 31.5ms
2025-07-21 01:38:39 [INFO] GripperOptimized:fast_loop:484 - 性能統計: 循環=380000, 平均耗時=13.4ms, 最大耗時=81.3ms, 指令數=59
2025-07-21 01:38:39 [WARNING] GripperOptimized:fast_loop:492 - 主循環執行時間過長: 30.5ms
2025-07-21 01:38:45 [WARNING] GripperOptimized:fast_loop:492 - 主循環執行時間過長: 31.7ms
2025-07-21 01:38:48 [WARNING] GripperOptimized:fast_loop:492 - 主循環執行時間過長: 32.6ms
2025-07-21 01:38:52 [WARNING] GripperOptimized:fast_loop:492 - 主循環執行時間過長: 31.3ms
2025-07-21 01:39:00 [INFO] GripperOptimized:fast_loop:484 - 性能統計: 循環=381000, 平均耗時=12.8ms, 最大耗時=81.3ms, 指令數=59
2025-07-21 01:39:03 [WARNING] GripperOptimized:fast_loop:492 - 主循環執行時間過長: 33.5ms
2025-07-21 01:39:08 [WARNING] GripperOptimized:fast_loop:492 - 主循環執行時間過長: 31.9ms
2025-07-21 01:39:11 [WARNING] GripperOptimized:fast_loop:492 - 主循環執行時間過長: 30.2ms
2025-07-21 01:39:15 [WARNING] GripperOptimized:fast_loop:492 - 主循環執行時間過長: 31.1ms
2025-07-21 01:39:17 [WARNING] GripperOptimized:fast_loop:492 - 主循環執行時間過長: 30.3ms
2025-07-21 01:39:21 [INFO] GripperOptimized:fast_loop:484 - 性能統計: 循環=382000, 平均耗時=12.9ms, 最大耗時=81.3ms, 指令數=59
2025-07-21 01:39:37 [WARNING] GripperOptimized:fast_loop:492 - 主循環執行時間過長: 31.0ms
2025-07-21 01:39:42 [INFO] GripperOptimized:fast_loop:484 - 性能統計: 循環=383000, 平均耗時=12.9ms, 最大耗時=81.3ms, 指令數=59
2025-07-21 01:39:47 [WARNING] GripperOptimized:fast_loop:492 - 主循環執行時間過長: 30.6ms
2025-07-21 01:39:49 [WARNING] GripperOptimized:fast_loop:492 - 主循環執行時間過長: 31.0ms
2025-07-21 01:39:55 [WARNING] GripperOptimized:fast_loop:492 - 主循環執行時間過長: 30.3ms
2025-07-21 01:39:56 [WARNING] GripperOptimized:fast_loop:492 - 主循環執行時間過長: 30.3ms
2025-07-21 01:40:02 [INFO] GripperOptimized:fast_loop:484 - 性能統計: 循環=384000, 平均耗時=13.1ms, 最大耗時=81.3ms, 指令數=59
2025-07-21 01:40:10 [WARNING] GripperOptimized:fast_loop:492 - 主循環執行時間過長: 30.1ms
2025-07-21 01:40:11 [WARNING] GripperOptimized:fast_loop:492 - 主循環執行時間過長: 36.5ms
2025-07-21 01:40:13 [WARNING] GripperOptimized:fast_loop:492 - 主循環執行時間過長: 30.6ms
2025-07-21 01:40:15 [WARNING] GripperOptimized:fast_loop:492 - 主循環執行時間過長: 31.1ms
2025-07-21 01:40:19 [WARNING] GripperOptimized:fast_loop:492 - 主循環執行時間過長: 30.2ms
2025-07-21 01:40:21 [WARNING] GripperOptimized:fast_loop:492 - 主循環執行時間過長: 30.2ms
2025-07-21 01:40:23 [INFO] GripperOptimized:fast_loop:484 - 性能統計: 循環=385000, 平均耗時=13.0ms, 最大耗時=81.3ms, 指令數=59
2025-07-21 01:40:28 [WARNING] GripperOptimized:fast_loop:492 - 主循環執行時間過長: 30.4ms
2025-07-21 01:40:44 [INFO] GripperOptimized:fast_loop:484 - 性能統計: 循環=386000, 平均耗時=13.5ms, 最大耗時=81.3ms, 指令數=59
2025-07-21 01:41:01 [WARNING] GripperOptimized:fast_loop:492 - 主循環執行時間過長: 30.7ms
2025-07-21 01:41:04 [WARNING] GripperOptimized:fast_loop:492 - 主循環執行時間過長: 30.6ms
2025-07-21 01:41:05 [INFO] GripperOptimized:fast_loop:484 - 性能統計: 循環=387000, 平均耗時=13.2ms, 最大耗時=81.3ms, 指令數=59
2025-07-21 01:41:07 [WARNING] GripperOptimized:fast_loop:492 - 主循環執行時間過長: 31.9ms
2025-07-21 01:41:10 [WARNING] GripperOptimized:fast_loop:492 - 主循環執行時間過長: 30.1ms
2025-07-21 01:41:13 [WARNING] GripperOptimized:fast_loop:492 - 主循環執行時間過長: 31.1ms
2025-07-21 01:41:19 [WARNING] GripperOptimized:fast_loop:492 - 主循環執行時間過長: 30.8ms
2025-07-21 01:41:21 [WARNING] GripperOptimized:fast_loop:492 - 主循環執行時間過長: 30.1ms
2025-07-21 01:41:25 [WARNING] GripperOptimized:fast_loop:492 - 主循環執行時間過長: 30.7ms
2025-07-21 01:41:26 [INFO] GripperOptimized:fast_loop:484 - 性能統計: 循環=388000, 平均耗時=13.4ms, 最大耗時=81.3ms, 指令數=59
2025-07-21 01:41:30 [WARNING] GripperOptimized:fast_loop:492 - 主循環執行時間過長: 31.7ms
2025-07-21 01:41:38 [WARNING] GripperOptimized:fast_loop:492 - 主循環執行時間過長: 30.3ms
2025-07-21 01:41:39 [WARNING] GripperOptimized:fast_loop:492 - 主循環執行時間過長: 31.8ms
2025-07-21 01:41:46 [INFO] GripperOptimized:fast_loop:484 - 性能統計: 循環=389000, 平均耗時=13.6ms, 最大耗時=81.3ms, 指令數=59
2025-07-21 01:41:55 [WARNING] GripperOptimized:fast_loop:492 - 主循環執行時間過長: 32.5ms
2025-07-21 01:42:00 [WARNING] GripperOptimized:fast_loop:492 - 主循環執行時間過長: 32.2ms
2025-07-21 01:42:01 [WARNING] GripperOptimized:fast_loop:492 - 主循環執行時間過長: 31.0ms
2025-07-21 01:42:07 [INFO] GripperOptimized:fast_loop:484 - 性能統計: 循環=390000, 平均耗時=13.1ms, 最大耗時=81.3ms, 指令數=59
2025-07-21 01:42:08 [WARNING] GripperOptimized:fast_loop:492 - 主循環執行時間過長: 31.8ms
2025-07-21 01:42:12 [WARNING] GripperOptimized:fast_loop:492 - 主循環執行時間過長: 31.2ms
2025-07-21 01:42:14 [WARNING] GripperOptimized:fast_loop:492 - 主循環執行時間過長: 30.4ms
2025-07-21 01:42:15 [WARNING] GripperOptimized:fast_loop:492 - 主循環執行時間過長: 31.2ms
2025-07-21 01:42:18 [WARNING] GripperOptimized:fast_loop:492 - 主循環執行時間過長: 30.0ms
2025-07-21 01:42:19 [WARNING] GripperOptimized:fast_loop:492 - 主循環執行時間過長: 33.9ms
2025-07-21 01:42:25 [WARNING] GripperOptimized:fast_loop:492 - 主循環執行時間過長: 30.1ms
2025-07-21 01:42:28 [INFO] GripperOptimized:fast_loop:484 - 性能統計: 循環=391000, 平均耗時=13.2ms, 最大耗時=81.3ms, 指令數=59
2025-07-21 01:42:40 [WARNING] GripperOptimized:fast_loop:492 - 主循環執行時間過長: 30.1ms
2025-07-21 01:42:45 [WARNING] GripperOptimized:fast_loop:492 - 主循環執行時間過長: 32.4ms
2025-07-21 01:42:47 [WARNING] GripperOptimized:fast_loop:492 - 主循環執行時間過長: 32.3ms
2025-07-21 01:42:49 [INFO] GripperOptimized:fast_loop:484 - 性能統計: 循環=392000, 平均耗時=13.2ms, 最大耗時=81.3ms, 指令數=59
2025-07-21 01:42:50 [WARNING] GripperOptimized:fast_loop:492 - 主循環執行時間過長: 30.0ms
2025-07-21 01:42:51 [WARNING] GripperOptimized:fast_loop:492 - 主循環執行時間過長: 31.5ms
2025-07-21 01:42:52 [WARNING] GripperOptimized:fast_loop:492 - 主循環執行時間過長: 30.4ms
2025-07-21 01:42:59 [WARNING] GripperOptimized:fast_loop:492 - 主循環執行時間過長: 35.6ms
2025-07-21 01:43:01 [WARNING] GripperOptimized:fast_loop:492 - 主循環執行時間過長: 31.6ms
2025-07-21 01:43:06 [WARNING] GripperOptimized:fast_loop:492 - 主循環執行時間過長: 31.4ms
2025-07-21 01:43:10 [INFO] GripperOptimized:fast_loop:484 - 性能統計: 循環=393000, 平均耗時=13.2ms, 最大耗時=81.3ms, 指令數=59
2025-07-21 01:43:17 [WARNING] GripperOptimized:fast_loop:492 - 主循環執行時間過長: 30.8ms
2025-07-21 01:43:25 [WARNING] GripperOptimized:fast_loop:492 - 主循環執行時間過長: 30.9ms
2025-07-21 01:43:30 [INFO] GripperOptimized:fast_loop:484 - 性能統計: 循環=394000, 平均耗時=12.7ms, 最大耗時=81.3ms, 指令數=59
2025-07-21 01:43:30 [WARNING] GripperOptimized:fast_loop:492 - 主循環執行時間過長: 33.1ms
2025-07-21 01:43:35 [WARNING] GripperOptimized:fast_loop:492 - 主循環執行時間過長: 30.2ms
2025-07-21 01:43:36 [WARNING] GripperOptimized:fast_loop:492 - 主循環執行時間過長: 31.8ms
2025-07-21 01:43:41 [WARNING] GripperOptimized:fast_loop:492 - 主循環執行時間過長: 30.3ms
2025-07-21 01:43:48 [WARNING] GripperOptimized:fast_loop:492 - 主循環執行時間過長: 30.7ms
2025-07-21 01:43:51 [INFO] GripperOptimized:fast_loop:484 - 性能統計: 循環=395000, 平均耗時=12.6ms, 最大耗時=81.3ms, 指令數=59
2025-07-21 01:43:54 [WARNING] GripperOptimized:fast_loop:492 - 主循環執行時間過長: 30.2ms
2025-07-21 01:43:55 [WARNING] GripperOptimized:fast_loop:492 - 主循環執行時間過長: 31.5ms
2025-07-21 01:44:10 [WARNING] GripperOptimized:fast_loop:492 - 主循環執行時間過長: 32.4ms
2025-07-21 01:44:12 [INFO] GripperOptimized:fast_loop:484 - 性能統計: 循環=396000, 平均耗時=13.9ms, 最大耗時=81.3ms, 指令數=59
2025-07-21 01:44:14 [WARNING] GripperOptimized:fast_loop:492 - 主循環執行時間過長: 31.4ms
2025-07-21 01:44:23 [WARNING] GripperOptimized:fast_loop:492 - 主循環執行時間過長: 30.2ms
2025-07-21 01:44:24 [WARNING] GripperOptimized:fast_loop:492 - 主循環執行時間過長: 31.2ms
2025-07-21 01:44:25 [WARNING] GripperOptimized:fast_loop:492 - 主循環執行時間過長: 30.2ms
2025-07-21 01:44:30 [WARNING] GripperOptimized:fast_loop:492 - 主循環執行時間過長: 30.6ms
2025-07-21 01:44:31 [WARNING] GripperOptimized:fast_loop:492 - 主循環執行時間過長: 30.3ms
2025-07-21 01:44:33 [INFO] GripperOptimized:fast_loop:484 - 性能統計: 循環=397000, 平均耗時=13.8ms, 最大耗時=81.3ms, 指令數=59
2025-07-21 01:44:34 [WARNING] GripperOptimized:fast_loop:492 - 主循環執行時間過長: 31.1ms
2025-07-21 01:44:39 [WARNING] GripperOptimized:fast_loop:492 - 主循環執行時間過長: 33.9ms
2025-07-21 01:44:43 [WARNING] GripperOptimized:fast_loop:492 - 主循環執行時間過長: 30.6ms
2025-07-21 01:44:45 [WARNING] GripperOptimized:fast_loop:492 - 主循環執行時間過長: 31.1ms
2025-07-21 01:44:53 [INFO] GripperOptimized:fast_loop:484 - 性能統計: 循環=398000, 平均耗時=14.1ms, 最大耗時=81.3ms, 指令數=59
2025-07-21 01:45:02 [WARNING] GripperOptimized:fast_loop:492 - 主循環執行時間過長: 32.0ms
2025-07-21 01:45:09 [WARNING] GripperOptimized:fast_loop:492 - 主循環執行時間過長: 30.3ms
2025-07-21 01:45:10 [WARNING] GripperOptimized:fast_loop:492 - 主循環執行時間過長: 32.8ms
2025-07-21 01:45:14 [INFO] GripperOptimized:fast_loop:484 - 性能統計: 循環=399000, 平均耗時=13.6ms, 最大耗時=81.3ms, 指令數=59
2025-07-21 01:45:15 [WARNING] GripperOptimized:fast_loop:492 - 主循環執行時間過長: 30.2ms
2025-07-21 01:45:33 [WARNING] GripperOptimized:fast_loop:492 - 主循環執行時間過長: 31.8ms
2025-07-21 01:45:34 [WARNING] GripperOptimized:fast_loop:492 - 主循環執行時間過長: 30.0ms
2025-07-21 01:45:35 [INFO] GripperOptimized:fast_loop:484 - 性能統計: 循環=400000, 平均耗時=12.9ms, 最大耗時=81.3ms, 指令數=59
2025-07-21 01:45:36 [WARNING] GripperOptimized:fast_loop:492 - 主循環執行時間過長: 30.5ms
2025-07-21 01:45:40 [WARNING] GripperOptimized:fast_loop:492 - 主循環執行時間過長: 30.7ms
2025-07-21 01:45:51 [WARNING] GripperOptimized:fast_loop:492 - 主循環執行時間過長: 32.8ms
2025-07-21 01:45:55 [WARNING] GripperOptimized:fast_loop:492 - 主循環執行時間過長: 30.9ms
2025-07-21 01:45:56 [INFO] GripperOptimized:fast_loop:484 - 性能統計: 循環=401000, 平均耗時=12.7ms, 最大耗時=81.3ms, 指令數=59
2025-07-21 01:45:57 [WARNING] GripperOptimized:fast_loop:492 - 主循環執行時間過長: 31.7ms
2025-07-21 01:46:01 [WARNING] GripperOptimized:fast_loop:492 - 主循環執行時間過長: 31.9ms
2025-07-21 01:46:04 [WARNING] GripperOptimized:fast_loop:492 - 主循環執行時間過長: 30.6ms
2025-07-21 01:46:17 [INFO] GripperOptimized:fast_loop:484 - 性能統計: 循環=402000, 平均耗時=13.0ms, 最大耗時=81.3ms, 指令數=59
2025-07-21 01:46:20 [WARNING] GripperOptimized:fast_loop:492 - 主循環執行時間過長: 32.4ms
2025-07-21 01:46:37 [INFO] GripperOptimized:fast_loop:484 - 性能統計: 循環=403000, 平均耗時=12.8ms, 最大耗時=81.3ms, 指令數=59
2025-07-21 01:46:40 [WARNING] GripperOptimized:fast_loop:492 - 主循環執行時間過長: 31.2ms
2025-07-21 01:46:43 [WARNING] GripperOptimized:fast_loop:492 - 主循環執行時間過長: 31.0ms
2025-07-21 01:46:47 [WARNING] GripperOptimized:fast_loop:492 - 主循環執行時間過長: 31.8ms
2025-07-21 01:46:50 [WARNING] GripperOptimized:fast_loop:492 - 主循環執行時間過長: 31.1ms
2025-07-21 01:46:54 [WARNING] GripperOptimized:fast_loop:492 - 主循環執行時間過長: 33.5ms
2025-07-21 01:46:58 [INFO] GripperOptimized:fast_loop:484 - 性能統計: 循環=404000, 平均耗時=13.0ms, 最大耗時=81.3ms, 指令數=59
2025-07-21 01:46:58 [WARNING] GripperOptimized:fast_loop:492 - 主循環執行時間過長: 31.4ms
2025-07-21 01:47:15 [WARNING] GripperOptimized:fast_loop:492 - 主循環執行時間過長: 30.9ms
2025-07-21 01:47:19 [INFO] GripperOptimized:fast_loop:484 - 性能統計: 循環=405000, 平均耗時=12.7ms, 最大耗時=81.3ms, 指令數=59
2025-07-21 01:47:19 [WARNING] GripperOptimized:fast_loop:492 - 主循環執行時間過長: 30.2ms
2025-07-21 01:47:27 [WARNING] GripperOptimized:fast_loop:492 - 主循環執行時間過長: 30.4ms
2025-07-21 01:47:40 [INFO] GripperOptimized:fast_loop:484 - 性能統計: 循環=406000, 平均耗時=13.9ms, 最大耗時=81.3ms, 指令數=59
2025-07-21 01:47:47 [WARNING] GripperOptimized:fast_loop:492 - 主循環執行時間過長: 31.8ms
2025-07-21 01:47:50 [WARNING] GripperOptimized:fast_loop:492 - 主循環執行時間過長: 31.7ms
2025-07-21 01:47:52 [WARNING] GripperOptimized:fast_loop:492 - 主循環執行時間過長: 30.2ms
2025-07-21 01:47:53 [WARNING] GripperOptimized:fast_loop:492 - 主循環執行時間過長: 30.8ms
2025-07-21 01:48:01 [INFO] GripperOptimized:fast_loop:484 - 性能統計: 循環=407000, 平均耗時=14.2ms, 最大耗時=81.3ms, 指令數=59
2025-07-21 01:48:04 [WARNING] GripperOptimized:fast_loop:492 - 主循環執行時間過長: 30.2ms
2025-07-21 01:48:12 [WARNING] GripperOptimized:fast_loop:492 - 主循環執行時間過長: 31.6ms
2025-07-21 01:48:13 [WARNING] GripperOptimized:fast_loop:492 - 主循環執行時間過長: 31.5ms
2025-07-21 01:48:14 [WARNING] GripperOptimized:fast_loop:492 - 主循環執行時間過長: 30.4ms
2025-07-21 01:48:18 [WARNING] GripperOptimized:fast_loop:492 - 主循環執行時間過長: 31.6ms
2025-07-21 01:48:21 [INFO] GripperOptimized:fast_loop:484 - 性能統計: 循環=408000, 平均耗時=13.0ms, 最大耗時=81.3ms, 指令數=59
2025-07-21 01:48:22 [WARNING] GripperOptimized:fast_loop:492 - 主循環執行時間過長: 31.1ms
2025-07-21 01:48:31 [WARNING] GripperOptimized:fast_loop:492 - 主循環執行時間過長: 31.2ms
2025-07-21 01:48:38 [WARNING] GripperOptimized:fast_loop:492 - 主循環執行時間過長: 30.5ms
2025-07-21 01:48:42 [INFO] GripperOptimized:fast_loop:484 - 性能統計: 循環=409000, 平均耗時=13.2ms, 最大耗時=81.3ms, 指令數=59
2025-07-21 01:49:01 [WARNING] GripperOptimized:fast_loop:492 - 主循環執行時間過長: 36.4ms
2025-07-21 01:49:03 [INFO] GripperOptimized:fast_loop:484 - 性能統計: 循環=410000, 平均耗時=13.0ms, 最大耗時=81.3ms, 指令數=59
2025-07-21 01:49:05 [WARNING] GripperOptimized:fast_loop:492 - 主循環執行時間過長: 30.7ms
2025-07-21 01:49:13 [WARNING] GripperOptimized:fast_loop:492 - 主循環執行時間過長: 30.1ms
2025-07-21 01:49:15 [WARNING] GripperOptimized:fast_loop:492 - 主循環執行時間過長: 30.6ms
2025-07-21 01:49:24 [INFO] GripperOptimized:fast_loop:484 - 性能統計: 循環=411000, 平均耗時=12.3ms, 最大耗時=81.3ms, 指令數=59
2025-07-21 01:49:26 [WARNING] GripperOptimized:fast_loop:492 - 主循環執行時間過長: 30.1ms
2025-07-21 01:49:28 [WARNING] GripperOptimized:fast_loop:492 - 主循環執行時間過長: 30.8ms
2025-07-21 01:49:45 [INFO] GripperOptimized:fast_loop:484 - 性能統計: 循環=412000, 平均耗時=12.6ms, 最大耗時=81.3ms, 指令數=59
2025-07-21 01:49:45 [WARNING] GripperOptimized:fast_loop:492 - 主循環執行時間過長: 31.9ms
2025-07-21 01:49:47 [WARNING] GripperOptimized:fast_loop:492 - 主循環執行時間過長: 30.7ms
2025-07-21 01:49:48 [WARNING] GripperOptimized:fast_loop:492 - 主循環執行時間過長: 30.0ms
2025-07-21 01:49:49 [WARNING] GripperOptimized:fast_loop:492 - 主循環執行時間過長: 31.7ms
2025-07-21 01:50:05 [INFO] GripperOptimized:fast_loop:484 - 性能統計: 循環=413000, 平均耗時=12.7ms, 最大耗時=81.3ms, 指令數=59
2025-07-21 01:50:14 [WARNING] GripperOptimized:fast_loop:492 - 主循環執行時間過長: 30.4ms
2025-07-21 01:50:21 [WARNING] GripperOptimized:fast_loop:492 - 主循環執行時間過長: 31.4ms
2025-07-21 01:50:23 [WARNING] GripperOptimized:fast_loop:492 - 主循環執行時間過長: 31.9ms
2025-07-21 01:50:26 [INFO] GripperOptimized:fast_loop:484 - 性能統計: 循環=414000, 平均耗時=13.1ms, 最大耗時=81.3ms, 指令數=59
2025-07-21 01:50:29 [WARNING] GripperOptimized:fast_loop:492 - 主循環執行時間過長: 30.5ms
2025-07-21 01:50:38 [WARNING] GripperOptimized:fast_loop:492 - 主循環執行時間過長: 31.6ms
2025-07-21 01:50:43 [WARNING] GripperOptimized:fast_loop:492 - 主循環執行時間過長: 30.4ms
2025-07-21 01:50:45 [WARNING] GripperOptimized:fast_loop:492 - 主循環執行時間過長: 31.9ms
2025-07-21 01:50:47 [INFO] GripperOptimized:fast_loop:484 - 性能統計: 循環=415000, 平均耗時=13.5ms, 最大耗時=81.3ms, 指令數=59
2025-07-21 01:50:52 [WARNING] GripperOptimized:fast_loop:492 - 主循環執行時間過長: 30.9ms
2025-07-21 01:50:59 [WARNING] GripperOptimized:fast_loop:492 - 主循環執行時間過長: 30.3ms
2025-07-21 01:51:00 [WARNING] GripperOptimized:fast_loop:492 - 主循環執行時間過長: 30.4ms
2025-07-21 01:51:02 [WARNING] GripperOptimized:fast_loop:492 - 主循環執行時間過長: 31.3ms
2025-07-21 01:51:05 [WARNING] GripperOptimized:fast_loop:492 - 主循環執行時間過長: 30.5ms
2025-07-21 01:51:08 [INFO] GripperOptimized:fast_loop:484 - 性能統計: 循環=416000, 平均耗時=13.6ms, 最大耗時=81.3ms, 指令數=59
2025-07-21 01:51:08 [WARNING] GripperOptimized:fast_loop:492 - 主循環執行時間過長: 30.4ms
2025-07-21 01:51:10 [WARNING] GripperOptimized:fast_loop:492 - 主循環執行時間過長: 32.3ms
2025-07-21 01:51:11 [WARNING] GripperOptimized:fast_loop:492 - 主循環執行時間過長: 31.1ms
2025-07-21 01:51:14 [WARNING] GripperOptimized:fast_loop:492 - 主循環執行時間過長: 30.9ms
2025-07-21 01:51:21 [WARNING] GripperOptimized:fast_loop:492 - 主循環執行時間過長: 30.1ms
2025-07-21 01:51:25 [WARNING] GripperOptimized:fast_loop:492 - 主循環執行時間過長: 30.2ms
2025-07-21 01:51:29 [INFO] GripperOptimized:fast_loop:484 - 性能統計: 循環=417000, 平均耗時=13.5ms, 最大耗時=81.3ms, 指令數=59
2025-07-21 01:51:32 [WARNING] GripperOptimized:fast_loop:492 - 主循環執行時間過長: 30.2ms
2025-07-21 01:51:40 [WARNING] GripperOptimized:fast_loop:492 - 主循環執行時間過長: 31.3ms
2025-07-21 01:51:42 [WARNING] GripperOptimized:fast_loop:492 - 主循環執行時間過長: 30.2ms
2025-07-21 01:51:47 [WARNING] GripperOptimized:fast_loop:492 - 主循環執行時間過長: 33.0ms
2025-07-21 01:51:49 [INFO] GripperOptimized:fast_loop:484 - 性能統計: 循環=418000, 平均耗時=13.5ms, 最大耗時=81.3ms, 指令數=59
2025-07-21 01:51:51 [WARNING] GripperOptimized:fast_loop:492 - 主循環執行時間過長: 30.6ms
2025-07-21 01:51:57 [WARNING] GripperOptimized:fast_loop:492 - 主循環執行時間過長: 31.4ms
2025-07-21 01:52:00 [WARNING] GripperOptimized:fast_loop:492 - 主循環執行時間過長: 30.3ms
2025-07-21 01:52:02 [WARNING] GripperOptimized:fast_loop:492 - 主循環執行時間過長: 30.8ms
2025-07-21 01:52:10 [INFO] GripperOptimized:fast_loop:484 - 性能統計: 循環=419000, 平均耗時=12.8ms, 最大耗時=81.3ms, 指令數=59
2025-07-21 01:52:10 [WARNING] GripperOptimized:fast_loop:492 - 主循環執行時間過長: 30.3ms
2025-07-21 01:52:11 [WARNING] GripperOptimized:fast_loop:492 - 主循環執行時間過長: 30.2ms
2025-07-21 01:52:14 [WARNING] GripperOptimized:fast_loop:492 - 主循環執行時間過長: 30.2ms
2025-07-21 01:52:30 [WARNING] GripperOptimized:fast_loop:492 - 主循環執行時間過長: 31.4ms
2025-07-21 01:52:31 [INFO] GripperOptimized:fast_loop:484 - 性能統計: 循環=420000, 平均耗時=13.1ms, 最大耗時=81.3ms, 指令數=59
2025-07-21 01:52:34 [WARNING] GripperOptimized:fast_loop:492 - 主循環執行時間過長: 30.6ms
2025-07-21 01:52:50 [WARNING] GripperOptimized:fast_loop:492 - 主循環執行時間過長: 31.8ms
2025-07-21 01:52:52 [INFO] GripperOptimized:fast_loop:484 - 性能統計: 循環=421000, 平均耗時=13.6ms, 最大耗時=81.3ms, 指令數=59
2025-07-21 01:52:56 [WARNING] GripperOptimized:fast_loop:492 - 主循環執行時間過長: 30.4ms
2025-07-21 01:52:58 [WARNING] GripperOptimized:fast_loop:492 - 主循環執行時間過長: 32.6ms
2025-07-21 01:53:02 [WARNING] GripperOptimized:fast_loop:492 - 主循環執行時間過長: 30.0ms
2025-07-21 01:53:04 [WARNING] GripperOptimized:fast_loop:492 - 主循環執行時間過長: 30.5ms
2025-07-21 01:53:12 [INFO] GripperOptimized:fast_loop:484 - 性能統計: 循環=422000, 平均耗時=12.1ms, 最大耗時=81.3ms, 指令數=59
2025-07-21 01:53:13 [WARNING] GripperOptimized:fast_loop:492 - 主循環執行時間過長: 31.6ms
2025-07-21 01:53:33 [INFO] GripperOptimized:fast_loop:484 - 性能統計: 循環=423000, 平均耗時=13.3ms, 最大耗時=81.3ms, 指令數=59
2025-07-21 01:53:33 [WARNING] GripperOptimized:fast_loop:492 - 主循環執行時間過長: 31.8ms
2025-07-21 01:53:36 [WARNING] GripperOptimized:fast_loop:492 - 主循環執行時間過長: 31.2ms
2025-07-21 01:53:37 [WARNING] GripperOptimized:fast_loop:492 - 主循環執行時間過長: 31.5ms
2025-07-21 01:53:54 [INFO] GripperOptimized:fast_loop:484 - 性能統計: 循環=424000, 平均耗時=13.4ms, 最大耗時=81.3ms, 指令數=59
2025-07-21 01:54:03 [WARNING] GripperOptimized:fast_loop:492 - 主循環執行時間過長: 31.5ms
2025-07-21 01:54:07 [WARNING] GripperOptimized:fast_loop:492 - 主循環執行時間過長: 31.2ms
2025-07-21 01:54:08 [WARNING] GripperOptimized:fast_loop:492 - 主循環執行時間過長: 31.3ms
2025-07-21 01:54:15 [INFO] GripperOptimized:fast_loop:484 - 性能統計: 循環=425000, 平均耗時=12.9ms, 最大耗時=81.3ms, 指令數=59
2025-07-21 01:54:15 [WARNING] GripperOptimized:fast_loop:492 - 主循環執行時間過長: 30.3ms
2025-07-21 01:54:19 [WARNING] GripperOptimized:fast_loop:492 - 主循環執行時間過長: 30.7ms
2025-07-21 01:54:22 [WARNING] GripperOptimized:fast_loop:492 - 主循環執行時間過長: 30.8ms
2025-07-21 01:54:35 [WARNING] GripperOptimized:fast_loop:492 - 主循環執行時間過長: 30.7ms
2025-07-21 01:54:36 [INFO] GripperOptimized:fast_loop:484 - 性能統計: 循環=426000, 平均耗時=13.7ms, 最大耗時=81.3ms, 指令數=59
2025-07-21 01:54:37 [WARNING] GripperOptimized:fast_loop:492 - 主循環執行時間過長: 30.1ms
2025-07-21 01:54:56 [INFO] GripperOptimized:fast_loop:484 - 性能統計: 循環=427000, 平均耗時=13.1ms, 最大耗時=81.3ms, 指令數=59
2025-07-21 01:54:56 [WARNING] GripperOptimized:fast_loop:492 - 主循環執行時間過長: 30.0ms
2025-07-21 01:54:57 [WARNING] GripperOptimized:fast_loop:492 - 主循環執行時間過長: 30.5ms
2025-07-21 01:55:03 [WARNING] GripperOptimized:fast_loop:492 - 主循環執行時間過長: 30.1ms
2025-07-21 01:55:14 [WARNING] GripperOptimized:fast_loop:492 - 主循環執行時間過長: 30.3ms
2025-07-21 01:55:17 [INFO] GripperOptimized:fast_loop:484 - 性能統計: 循環=428000, 平均耗時=13.7ms, 最大耗時=81.3ms, 指令數=59
2025-07-21 01:55:23 [WARNING] GripperOptimized:fast_loop:492 - 主循環執行時間過長: 32.4ms
2025-07-21 01:55:25 [WARNING] GripperOptimized:fast_loop:492 - 主循環執行時間過長: 31.0ms
2025-07-21 01:55:31 [WARNING] GripperOptimized:fast_loop:492 - 主循環執行時間過長: 30.9ms
2025-07-21 01:55:38 [INFO] GripperOptimized:fast_loop:484 - 性能統計: 循環=429000, 平均耗時=13.6ms, 最大耗時=81.3ms, 指令數=59
2025-07-21 01:55:38 [WARNING] GripperOptimized:fast_loop:492 - 主循環執行時間過長: 30.4ms
2025-07-21 01:55:39 [WARNING] GripperOptimized:fast_loop:492 - 主循環執行時間過長: 32.4ms
2025-07-21 01:55:46 [WARNING] GripperOptimized:fast_loop:492 - 主循環執行時間過長: 31.0ms
2025-07-21 01:55:59 [INFO] GripperOptimized:fast_loop:484 - 性能統計: 循環=430000, 平均耗時=13.0ms, 最大耗時=81.3ms, 指令數=59
2025-07-21 01:56:02 [WARNING] GripperOptimized:fast_loop:492 - 主循環執行時間過長: 30.9ms
2025-07-21 01:56:03 [WARNING] GripperOptimized:fast_loop:492 - 主循環執行時間過長: 31.4ms
2025-07-21 01:56:10 [WARNING] GripperOptimized:fast_loop:492 - 主循環執行時間過長: 31.1ms
2025-07-21 01:56:19 [WARNING] GripperOptimized:fast_loop:492 - 主循環執行時間過長: 30.3ms
2025-07-21 01:56:20 [INFO] GripperOptimized:fast_loop:484 - 性能統計: 循環=431000, 平均耗時=13.2ms, 最大耗時=81.3ms, 指令數=59
2025-07-21 01:56:24 [WARNING] GripperOptimized:fast_loop:492 - 主循環執行時間過長: 30.3ms
2025-07-21 01:56:28 [WARNING] GripperOptimized:fast_loop:492 - 主循環執行時間過長: 36.8ms
2025-07-21 01:56:30 [WARNING] GripperOptimized:fast_loop:492 - 主循環執行時間過長: 30.7ms
2025-07-21 01:56:34 [WARNING] GripperOptimized:fast_loop:492 - 主循環執行時間過長: 32.2ms
2025-07-21 01:56:40 [INFO] GripperOptimized:fast_loop:484 - 性能統計: 循環=432000, 平均耗時=13.4ms, 最大耗時=81.3ms, 指令數=59
2025-07-21 01:56:51 [WARNING] GripperOptimized:fast_loop:492 - 主循環執行時間過長: 33.0ms
2025-07-21 01:57:01 [INFO] GripperOptimized:fast_loop:484 - 性能統計: 循環=433000, 平均耗時=12.8ms, 最大耗時=81.3ms, 指令數=59
2025-07-21 01:57:13 [WARNING] GripperOptimized:fast_loop:492 - 主循環執行時間過長: 30.0ms
2025-07-21 01:57:17 [WARNING] GripperOptimized:fast_loop:492 - 主循環執行時間過長: 33.1ms
2025-07-21 01:57:22 [INFO] GripperOptimized:fast_loop:484 - 性能統計: 循環=434000, 平均耗時=14.1ms, 最大耗時=81.3ms, 指令數=59
2025-07-21 01:57:27 [WARNING] GripperOptimized:fast_loop:492 - 主循環執行時間過長: 32.0ms
2025-07-21 01:57:42 [WARNING] GripperOptimized:fast_loop:492 - 主循環執行時間過長: 30.9ms
2025-07-21 01:57:43 [INFO] GripperOptimized:fast_loop:484 - 性能統計: 循環=435000, 平均耗時=13.3ms, 最大耗時=81.3ms, 指令數=59
2025-07-21 01:57:43 [WARNING] GripperOptimized:fast_loop:492 - 主循環執行時間過長: 30.7ms
2025-07-21 01:57:49 [WARNING] GripperOptimized:fast_loop:492 - 主循環執行時間過長: 32.3ms
2025-07-21 01:57:50 [WARNING] GripperOptimized:fast_loop:492 - 主循環執行時間過長: 32.4ms
2025-07-21 01:57:56 [WARNING] GripperOptimized:fast_loop:492 - 主循環執行時間過長: 30.6ms
2025-07-21 01:57:57 [WARNING] GripperOptimized:fast_loop:492 - 主循環執行時間過長: 30.9ms
2025-07-21 01:58:03 [WARNING] GripperOptimized:fast_loop:492 - 主循環執行時間過長: 31.1ms
2025-07-21 01:58:04 [INFO] GripperOptimized:fast_loop:484 - 性能統計: 循環=436000, 平均耗時=13.5ms, 最大耗時=81.3ms, 指令數=59
2025-07-21 01:58:10 [WARNING] GripperOptimized:fast_loop:492 - 主循環執行時間過長: 30.7ms
2025-07-21 01:58:15 [WARNING] GripperOptimized:fast_loop:492 - 主循環執行時間過長: 30.0ms
2025-07-21 01:58:18 [WARNING] GripperOptimized:fast_loop:492 - 主循環執行時間過長: 31.9ms
2025-07-21 01:58:20 [WARNING] GripperOptimized:fast_loop:492 - 主循環執行時間過長: 30.7ms
2025-07-21 01:58:21 [WARNING] GripperOptimized:fast_loop:492 - 主循環執行時間過長: 33.9ms
2025-07-21 01:58:24 [INFO] GripperOptimized:fast_loop:484 - 性能統計: 循環=437000, 平均耗時=12.5ms, 最大耗時=81.3ms, 指令數=59
2025-07-21 01:58:30 [WARNING] GripperOptimized:fast_loop:492 - 主循環執行時間過長: 30.8ms
2025-07-21 01:58:35 [WARNING] GripperOptimized:fast_loop:492 - 主循環執行時間過長: 31.4ms
2025-07-21 01:58:41 [WARNING] GripperOptimized:fast_loop:492 - 主循環執行時間過長: 30.1ms
2025-07-21 01:58:45 [INFO] GripperOptimized:fast_loop:484 - 性能統計: 循環=438000, 平均耗時=13.7ms, 最大耗時=81.3ms, 指令數=59
2025-07-21 01:58:45 [WARNING] GripperOptimized:fast_loop:492 - 主循環執行時間過長: 37.1ms
2025-07-21 01:58:49 [WARNING] GripperOptimized:fast_loop:492 - 主循環執行時間過長: 32.7ms
2025-07-21 01:58:50 [WARNING] GripperOptimized:fast_loop:492 - 主循環執行時間過長: 35.8ms
2025-07-21 01:58:51 [WARNING] GripperOptimized:fast_loop:492 - 主循環執行時間過長: 31.0ms
2025-07-21 01:58:56 [WARNING] GripperOptimized:fast_loop:492 - 主循環執行時間過長: 30.3ms
2025-07-21 01:59:02 [WARNING] GripperOptimized:fast_loop:492 - 主循環執行時間過長: 30.2ms
2025-07-21 01:59:06 [INFO] GripperOptimized:fast_loop:484 - 性能統計: 循環=439000, 平均耗時=13.4ms, 最大耗時=81.3ms, 指令數=59
2025-07-21 01:59:09 [WARNING] GripperOptimized:fast_loop:492 - 主循環執行時間過長: 30.3ms
2025-07-21 01:59:11 [WARNING] GripperOptimized:fast_loop:492 - 主循環執行時間過長: 30.5ms
2025-07-21 01:59:14 [WARNING] GripperOptimized:fast_loop:492 - 主循環執行時間過長: 30.4ms
2025-07-21 01:59:20 [WARNING] GripperOptimized:fast_loop:492 - 主循環執行時間過長: 30.9ms
2025-07-21 01:59:25 [WARNING] GripperOptimized:fast_loop:492 - 主循環執行時間過長: 31.9ms
2025-07-21 01:59:27 [INFO] GripperOptimized:fast_loop:484 - 性能統計: 循環=440000, 平均耗時=12.5ms, 最大耗時=81.3ms, 指令數=59
2025-07-21 01:59:29 [WARNING] GripperOptimized:fast_loop:492 - 主循環執行時間過長: 30.4ms
2025-07-21 01:59:30 [WARNING] GripperOptimized:fast_loop:492 - 主循環執行時間過長: 30.2ms
2025-07-21 01:59:47 [WARNING] GripperOptimized:fast_loop:492 - 主循環執行時間過長: 30.1ms
2025-07-21 01:59:48 [INFO] GripperOptimized:fast_loop:484 - 性能統計: 循環=441000, 平均耗時=12.4ms, 最大耗時=81.3ms, 指令數=59
2025-07-21 01:59:52 [WARNING] GripperOptimized:fast_loop:492 - 主循環執行時間過長: 32.0ms
2025-07-21 02:00:03 [WARNING] GripperOptimized:fast_loop:492 - 主循環執行時間過長: 30.2ms
2025-07-21 02:00:05 [WARNING] GripperOptimized:fast_loop:492 - 主循環執行時間過長: 31.0ms
2025-07-21 02:00:08 [INFO] GripperOptimized:fast_loop:484 - 性能統計: 循環=442000, 平均耗時=13.7ms, 最大耗時=81.3ms, 指令數=59
2025-07-21 02:00:14 [WARNING] GripperOptimized:fast_loop:492 - 主循環執行時間過長: 30.1ms
2025-07-21 02:00:15 [WARNING] GripperOptimized:fast_loop:492 - 主循環執行時間過長: 30.0ms
2025-07-21 02:00:18 [WARNING] GripperOptimized:fast_loop:492 - 主循環執行時間過長: 31.8ms
2025-07-21 02:00:29 [INFO] GripperOptimized:fast_loop:484 - 性能統計: 循環=443000, 平均耗時=14.1ms, 最大耗時=81.3ms, 指令數=59
2025-07-21 02:00:30 [WARNING] GripperOptimized:fast_loop:492 - 主循環執行時間過長: 30.3ms
2025-07-21 02:00:43 [WARNING] GripperOptimized:fast_loop:492 - 主循環執行時間過長: 30.4ms
2025-07-21 02:00:50 [INFO] GripperOptimized:fast_loop:484 - 性能統計: 循環=444000, 平均耗時=13.3ms, 最大耗時=81.3ms, 指令數=59
2025-07-21 02:00:54 [WARNING] GripperOptimized:fast_loop:492 - 主循環執行時間過長: 30.0ms
2025-07-21 02:01:04 [WARNING] GripperOptimized:fast_loop:492 - 主循環執行時間過長: 30.4ms
2025-07-21 02:01:11 [INFO] GripperOptimized:fast_loop:484 - 性能統計: 循環=445000, 平均耗時=12.4ms, 最大耗時=81.3ms, 指令數=59
2025-07-21 02:01:11 [WARNING] GripperOptimized:fast_loop:492 - 主循環執行時間過長: 30.0ms
2025-07-21 02:01:24 [WARNING] GripperOptimized:fast_loop:492 - 主循環執行時間過長: 30.8ms
2025-07-21 02:01:31 [INFO] GripperOptimized:fast_loop:484 - 性能統計: 循環=446000, 平均耗時=13.6ms, 最大耗時=81.3ms, 指令數=59
2025-07-21 02:01:36 [WARNING] GripperOptimized:fast_loop:492 - 主循環執行時間過長: 30.0ms
2025-07-21 02:01:38 [WARNING] GripperOptimized:fast_loop:492 - 主循環執行時間過長: 30.7ms
2025-07-21 02:01:43 [WARNING] GripperOptimized:fast_loop:492 - 主循環執行時間過長: 30.8ms
2025-07-21 02:01:46 [WARNING] GripperOptimized:fast_loop:492 - 主循環執行時間過長: 30.2ms
2025-07-21 02:01:47 [WARNING] GripperOptimized:fast_loop:492 - 主循環執行時間過長: 36.6ms
2025-07-21 02:01:49 [WARNING] GripperOptimized:fast_loop:492 - 主循環執行時間過長: 32.6ms
2025-07-21 02:01:52 [INFO] GripperOptimized:fast_loop:484 - 性能統計: 循環=447000, 平均耗時=13.9ms, 最大耗時=81.3ms, 指令數=59
2025-07-21 02:01:56 [WARNING] GripperOptimized:fast_loop:492 - 主循環執行時間過長: 31.3ms
2025-07-21 02:01:58 [WARNING] GripperOptimized:fast_loop:492 - 主循環執行時間過長: 31.9ms
2025-07-21 02:02:13 [INFO] GripperOptimized:fast_loop:484 - 性能統計: 循環=448000, 平均耗時=12.9ms, 最大耗時=81.3ms, 指令數=59
2025-07-21 02:02:15 [WARNING] GripperOptimized:fast_loop:492 - 主循環執行時間過長: 32.0ms
2025-07-21 02:02:17 [WARNING] GripperOptimized:fast_loop:492 - 主循環執行時間過長: 32.2ms
2025-07-21 02:02:19 [WARNING] GripperOptimized:fast_loop:492 - 主循環執行時間過長: 31.2ms
2025-07-21 02:02:20 [WARNING] GripperOptimized:fast_loop:492 - 主循環執行時間過長: 30.3ms
2025-07-21 02:02:24 [WARNING] GripperOptimized:fast_loop:492 - 主循環執行時間過長: 32.3ms
2025-07-21 02:02:31 [WARNING] GripperOptimized:fast_loop:492 - 主循環執行時間過長: 30.4ms
2025-07-21 02:02:34 [INFO] GripperOptimized:fast_loop:484 - 性能統計: 循環=449000, 平均耗時=13.4ms, 最大耗時=81.3ms, 指令數=59
2025-07-21 02:02:48 [WARNING] GripperOptimized:fast_loop:492 - 主循環執行時間過長: 30.5ms
2025-07-21 02:02:50 [WARNING] GripperOptimized:fast_loop:492 - 主循環執行時間過長: 31.6ms
2025-07-21 02:02:55 [INFO] GripperOptimized:fast_loop:484 - 性能統計: 循環=450000, 平均耗時=13.8ms, 最大耗時=81.3ms, 指令數=59
2025-07-21 02:02:58 [WARNING] GripperOptimized:fast_loop:492 - 主循環執行時間過長: 31.9ms
2025-07-21 02:03:02 [WARNING] GripperOptimized:fast_loop:492 - 主循環執行時間過長: 30.0ms
2025-07-21 02:03:13 [WARNING] GripperOptimized:fast_loop:492 - 主循環執行時間過長: 30.5ms
2025-07-21 02:03:15 [INFO] GripperOptimized:fast_loop:484 - 性能統計: 循環=451000, 平均耗時=13.7ms, 最大耗時=81.3ms, 指令數=59
2025-07-21 02:03:27 [WARNING] GripperOptimized:fast_loop:492 - 主循環執行時間過長: 31.2ms
2025-07-21 02:03:33 [WARNING] GripperOptimized:fast_loop:492 - 主循環執行時間過長: 32.1ms
2025-07-21 02:03:36 [INFO] GripperOptimized:fast_loop:484 - 性能統計: 循環=452000, 平均耗時=13.9ms, 最大耗時=81.3ms, 指令數=59
2025-07-21 02:03:43 [WARNING] GripperOptimized:fast_loop:492 - 主循環執行時間過長: 32.4ms
2025-07-21 02:03:52 [WARNING] GripperOptimized:fast_loop:492 - 主循環執行時間過長: 30.3ms
2025-07-21 02:03:54 [WARNING] GripperOptimized:fast_loop:492 - 主循環執行時間過長: 31.7ms
2025-07-21 02:03:57 [INFO] GripperOptimized:fast_loop:484 - 性能統計: 循環=453000, 平均耗時=13.7ms, 最大耗時=81.3ms, 指令數=59
2025-07-21 02:03:58 [WARNING] GripperOptimized:fast_loop:492 - 主循環執行時間過長: 30.9ms
2025-07-21 02:04:04 [WARNING] GripperOptimized:fast_loop:492 - 主循環執行時間過長: 30.5ms
2025-07-21 02:04:10 [WARNING] GripperOptimized:fast_loop:492 - 主循環執行時間過長: 30.2ms
2025-07-21 02:04:13 [WARNING] GripperOptimized:fast_loop:492 - 主循環執行時間過長: 32.6ms
2025-07-21 02:04:17 [WARNING] GripperOptimized:fast_loop:492 - 主循環執行時間過長: 30.7ms
2025-07-21 02:04:18 [INFO] GripperOptimized:fast_loop:484 - 性能統計: 循環=454000, 平均耗時=14.5ms, 最大耗時=81.3ms, 指令數=59
2025-07-21 02:04:24 [WARNING] GripperOptimized:fast_loop:492 - 主循環執行時間過長: 30.3ms
2025-07-21 02:04:32 [WARNING] GripperOptimized:fast_loop:492 - 主循環執行時間過長: 32.5ms
2025-07-21 02:04:39 [INFO] GripperOptimized:fast_loop:484 - 性能統計: 循環=455000, 平均耗時=13.8ms, 最大耗時=81.3ms, 指令數=59
2025-07-21 02:04:39 [WARNING] GripperOptimized:fast_loop:492 - 主循環執行時間過長: 30.2ms
2025-07-21 02:04:50 [WARNING] GripperOptimized:fast_loop:492 - 主循環執行時間過長: 32.8ms
2025-07-21 02:04:59 [INFO] GripperOptimized:fast_loop:484 - 性能統計: 循環=456000, 平均耗時=13.0ms, 最大耗時=81.3ms, 指令數=59
2025-07-21 02:05:03 [WARNING] GripperOptimized:fast_loop:492 - 主循環執行時間過長: 30.3ms
2025-07-21 02:05:04 [WARNING] GripperOptimized:fast_loop:492 - 主循環執行時間過長: 33.7ms
2025-07-21 02:05:05 [WARNING] GripperOptimized:fast_loop:492 - 主循環執行時間過長: 30.8ms
2025-07-21 02:05:13 [WARNING] GripperOptimized:fast_loop:492 - 主循環執行時間過長: 30.2ms
2025-07-21 02:05:17 [WARNING] GripperOptimized:fast_loop:492 - 主循環執行時間過長: 31.2ms
2025-07-21 02:05:20 [INFO] GripperOptimized:fast_loop:484 - 性能統計: 循環=457000, 平均耗時=13.0ms, 最大耗時=81.3ms, 指令數=59
2025-07-21 02:05:20 [WARNING] GripperOptimized:fast_loop:492 - 主循環執行時間過長: 31.8ms
2025-07-21 02:05:41 [INFO] GripperOptimized:fast_loop:484 - 性能統計: 循環=458000, 平均耗時=13.2ms, 最大耗時=81.3ms, 指令數=59
2025-07-21 02:05:43 [WARNING] GripperOptimized:fast_loop:492 - 主循環執行時間過長: 30.8ms
2025-07-21 02:05:44 [WARNING] GripperOptimized:fast_loop:492 - 主循環執行時間過長: 30.2ms
2025-07-21 02:05:46 [WARNING] GripperOptimized:fast_loop:492 - 主循環執行時間過長: 30.8ms
2025-07-21 02:06:02 [INFO] GripperOptimized:fast_loop:484 - 性能統計: 循環=459000, 平均耗時=13.7ms, 最大耗時=81.3ms, 指令數=59
2025-07-21 02:06:04 [WARNING] GripperOptimized:fast_loop:492 - 主循環執行時間過長: 31.5ms
2025-07-21 02:06:08 [WARNING] GripperOptimized:fast_loop:492 - 主循環執行時間過長: 31.3ms
2025-07-21 02:06:14 [WARNING] GripperOptimized:fast_loop:492 - 主循環執行時間過長: 30.7ms
2025-07-21 02:06:21 [WARNING] GripperOptimized:fast_loop:492 - 主循環執行時間過長: 30.2ms
2025-07-21 02:06:23 [INFO] GripperOptimized:fast_loop:484 - 性能統計: 循環=460000, 平均耗時=13.4ms, 最大耗時=81.3ms, 指令數=59
2025-07-21 02:06:43 [INFO] GripperOptimized:fast_loop:484 - 性能統計: 循環=461000, 平均耗時=12.8ms, 最大耗時=81.3ms, 指令數=59
2025-07-21 02:06:49 [WARNING] GripperOptimized:fast_loop:492 - 主循環執行時間過長: 30.1ms
2025-07-21 02:06:52 [WARNING] GripperOptimized:fast_loop:492 - 主循環執行時間過長: 30.2ms
2025-07-21 02:06:53 [WARNING] GripperOptimized:fast_loop:492 - 主循環執行時間過長: 30.9ms
2025-07-21 02:06:54 [WARNING] GripperOptimized:fast_loop:492 - 主循環執行時間過長: 30.0ms
2025-07-21 02:06:57 [WARNING] GripperOptimized:fast_loop:492 - 主循環執行時間過長: 32.8ms
2025-07-21 02:07:04 [INFO] GripperOptimized:fast_loop:484 - 性能統計: 循環=462000, 平均耗時=13.6ms, 最大耗時=81.3ms, 指令數=59
2025-07-21 02:07:08 [WARNING] GripperOptimized:fast_loop:492 - 主循環執行時間過長: 33.4ms
2025-07-21 02:07:25 [INFO] GripperOptimized:fast_loop:484 - 性能統計: 循環=463000, 平均耗時=13.3ms, 最大耗時=81.3ms, 指令數=59
2025-07-21 02:07:28 [WARNING] GripperOptimized:fast_loop:492 - 主循環執行時間過長: 31.9ms
2025-07-21 02:07:30 [WARNING] GripperOptimized:fast_loop:492 - 主循環執行時間過長: 32.2ms
2025-07-21 02:07:32 [WARNING] GripperOptimized:fast_loop:492 - 主循環執行時間過長: 31.1ms
2025-07-21 02:07:46 [INFO] GripperOptimized:fast_loop:484 - 性能統計: 循環=464000, 平均耗時=14.4ms, 最大耗時=81.3ms, 指令數=59
2025-07-21 02:07:48 [WARNING] GripperOptimized:fast_loop:492 - 主循環執行時間過長: 30.1ms
2025-07-21 02:07:53 [WARNING] GripperOptimized:fast_loop:492 - 主循環執行時間過長: 30.3ms
2025-07-21 02:07:58 [WARNING] GripperOptimized:fast_loop:492 - 主循環執行時間過長: 30.9ms
2025-07-21 02:07:59 [WARNING] GripperOptimized:fast_loop:492 - 主循環執行時間過長: 37.0ms
2025-07-21 02:08:07 [INFO] GripperOptimized:fast_loop:484 - 性能統計: 循環=465000, 平均耗時=14.1ms, 最大耗時=81.3ms, 指令數=59
2025-07-21 02:08:08 [WARNING] GripperOptimized:fast_loop:492 - 主循環執行時間過長: 30.4ms
2025-07-21 02:08:15 [WARNING] GripperOptimized:fast_loop:492 - 主循環執行時間過長: 30.8ms
2025-07-21 02:08:22 [WARNING] GripperOptimized:fast_loop:492 - 主循環執行時間過長: 30.0ms
2025-07-21 02:08:27 [INFO] GripperOptimized:fast_loop:484 - 性能統計: 循環=466000, 平均耗時=13.2ms, 最大耗時=81.3ms, 指令數=59
2025-07-21 02:08:38 [WARNING] GripperOptimized:fast_loop:492 - 主循環執行時間過長: 30.2ms
2025-07-21 02:08:42 [WARNING] GripperOptimized:fast_loop:492 - 主循環執行時間過長: 30.7ms
2025-07-21 02:08:47 [WARNING] GripperOptimized:fast_loop:492 - 主循環執行時間過長: 30.1ms
2025-07-21 02:08:48 [INFO] GripperOptimized:fast_loop:484 - 性能統計: 循環=467000, 平均耗時=14.0ms, 最大耗時=81.3ms, 指令數=59
2025-07-21 02:09:00 [WARNING] GripperOptimized:fast_loop:492 - 主循環執行時間過長: 34.9ms
2025-07-21 02:09:01 [WARNING] GripperOptimized:fast_loop:492 - 主循環執行時間過長: 33.0ms
2025-07-21 02:09:09 [INFO] GripperOptimized:fast_loop:484 - 性能統計: 循環=468000, 平均耗時=13.7ms, 最大耗時=81.3ms, 指令數=59
2025-07-21 02:09:12 [WARNING] GripperOptimized:fast_loop:492 - 主循環執行時間過長: 31.8ms
2025-07-21 02:09:19 [WARNING] GripperOptimized:fast_loop:492 - 主循環執行時間過長: 33.5ms
2025-07-21 02:09:24 [WARNING] GripperOptimized:fast_loop:492 - 主循環執行時間過長: 31.1ms
2025-07-21 02:09:30 [INFO] GripperOptimized:fast_loop:484 - 性能統計: 循環=469000, 平均耗時=13.9ms, 最大耗時=81.3ms, 指令數=59
2025-07-21 02:09:51 [INFO] GripperOptimized:fast_loop:484 - 性能統計: 循環=470000, 平均耗時=14.3ms, 最大耗時=81.3ms, 指令數=59
2025-07-21 02:09:54 [WARNING] GripperOptimized:fast_loop:492 - 主循環執行時間過長: 32.0ms
2025-07-21 02:10:07 [WARNING] GripperOptimized:fast_loop:492 - 主循環執行時間過長: 30.9ms
2025-07-21 02:10:11 [INFO] GripperOptimized:fast_loop:484 - 性能統計: 循環=471000, 平均耗時=13.7ms, 最大耗時=81.3ms, 指令數=59
2025-07-21 02:10:19 [WARNING] GripperOptimized:fast_loop:492 - 主循環執行時間過長: 30.5ms
2025-07-21 02:10:23 [WARNING] GripperOptimized:fast_loop:492 - 主循環執行時間過長: 30.3ms
2025-07-21 02:10:28 [WARNING] GripperOptimized:fast_loop:492 - 主循環執行時間過長: 31.9ms
2025-07-21 02:10:32 [INFO] GripperOptimized:fast_loop:484 - 性能統計: 循環=472000, 平均耗時=13.1ms, 最大耗時=81.3ms, 指令數=59
2025-07-21 02:10:39 [WARNING] GripperOptimized:fast_loop:492 - 主循環執行時間過長: 32.3ms
2025-07-21 02:10:44 [WARNING] GripperOptimized:fast_loop:492 - 主循環執行時間過長: 31.6ms
2025-07-21 02:10:53 [INFO] GripperOptimized:fast_loop:484 - 性能統計: 循環=473000, 平均耗時=14.1ms, 最大耗時=81.3ms, 指令數=59
2025-07-21 02:10:53 [WARNING] GripperOptimized:fast_loop:492 - 主循環執行時間過長: 33.1ms
2025-07-21 02:11:14 [INFO] GripperOptimized:fast_loop:484 - 性能統計: 循環=474000, 平均耗時=13.3ms, 最大耗時=81.3ms, 指令數=59
2025-07-21 02:11:17 [WARNING] GripperOptimized:fast_loop:492 - 主循環執行時間過長: 30.1ms
2025-07-21 02:11:32 [WARNING] GripperOptimized:fast_loop:492 - 主循環執行時間過長: 31.8ms
2025-07-21 02:11:34 [INFO] GripperOptimized:fast_loop:484 - 性能統計: 循環=475000, 平均耗時=13.2ms, 最大耗時=81.3ms, 指令數=59
2025-07-21 02:11:34 [WARNING] GripperOptimized:fast_loop:492 - 主循環執行時間過長: 31.6ms
2025-07-21 02:11:38 [WARNING] GripperOptimized:fast_loop:492 - 主循環執行時間過長: 30.2ms
2025-07-21 02:11:42 [WARNING] GripperOptimized:fast_loop:492 - 主循環執行時間過長: 32.0ms
2025-07-21 02:11:49 [WARNING] GripperOptimized:fast_loop:492 - 主循環執行時間過長: 30.4ms
2025-07-21 02:11:55 [INFO] GripperOptimized:fast_loop:484 - 性能統計: 循環=476000, 平均耗時=14.1ms, 最大耗時=81.3ms, 指令數=59
2025-07-21 02:11:58 [WARNING] GripperOptimized:fast_loop:492 - 主循環執行時間過長: 30.7ms
2025-07-21 02:12:02 [WARNING] GripperOptimized:fast_loop:492 - 主循環執行時間過長: 32.5ms
2025-07-21 02:12:09 [WARNING] GripperOptimized:fast_loop:492 - 主循環執行時間過長: 30.0ms
2025-07-21 02:12:14 [WARNING] GripperOptimized:fast_loop:492 - 主循環執行時間過長: 30.8ms
2025-07-21 02:12:15 [WARNING] GripperOptimized:fast_loop:492 - 主循環執行時間過長: 31.7ms
2025-07-21 02:12:16 [INFO] GripperOptimized:fast_loop:484 - 性能統計: 循環=477000, 平均耗時=13.3ms, 最大耗時=81.3ms, 指令數=59
2025-07-21 02:12:22 [WARNING] GripperOptimized:fast_loop:492 - 主循環執行時間過長: 32.7ms
2025-07-21 02:12:25 [WARNING] GripperOptimized:fast_loop:492 - 主循環執行時間過長: 32.2ms
2025-07-21 02:12:37 [INFO] GripperOptimized:fast_loop:484 - 性能統計: 循環=478000, 平均耗時=13.9ms, 最大耗時=81.3ms, 指令數=59
2025-07-21 02:12:55 [WARNING] GripperOptimized:fast_loop:492 - 主循環執行時間過長: 33.1ms
2025-07-21 02:12:58 [INFO] GripperOptimized:fast_loop:484 - 性能統計: 循環=479000, 平均耗時=13.3ms, 最大耗時=81.3ms, 指令數=59
2025-07-21 02:13:05 [WARNING] GripperOptimized:fast_loop:492 - 主循環執行時間過長: 32.1ms
2025-07-21 02:13:10 [WARNING] GripperOptimized:fast_loop:492 - 主循環執行時間過長: 32.0ms
2025-07-21 02:13:17 [WARNING] GripperOptimized:fast_loop:492 - 主循環執行時間過長: 32.5ms
2025-07-21 02:13:18 [INFO] GripperOptimized:fast_loop:484 - 性能統計: 循環=480000, 平均耗時=13.1ms, 最大耗時=81.3ms, 指令數=59
2025-07-21 02:13:24 [WARNING] GripperOptimized:fast_loop:492 - 主循環執行時間過長: 30.4ms
2025-07-21 02:13:26 [WARNING] GripperOptimized:fast_loop:492 - 主循環執行時間過長: 30.7ms
2025-07-21 02:13:33 [WARNING] GripperOptimized:fast_loop:492 - 主循環執行時間過長: 30.1ms
2025-07-21 02:13:34 [WARNING] GripperOptimized:fast_loop:492 - 主循環執行時間過長: 30.1ms
2025-07-21 02:13:37 [WARNING] GripperOptimized:fast_loop:492 - 主循環執行時間過長: 32.8ms
2025-07-21 02:13:39 [INFO] GripperOptimized:fast_loop:484 - 性能統計: 循環=481000, 平均耗時=14.0ms, 最大耗時=81.3ms, 指令數=59
2025-07-21 02:13:40 [WARNING] GripperOptimized:fast_loop:492 - 主循環執行時間過長: 30.7ms
2025-07-21 02:13:42 [WARNING] GripperOptimized:fast_loop:492 - 主循環執行時間過長: 30.1ms
2025-07-21 02:13:50 [WARNING] GripperOptimized:fast_loop:492 - 主循環執行時間過長: 30.2ms
2025-07-21 02:13:55 [WARNING] GripperOptimized:fast_loop:492 - 主循環執行時間過長: 30.5ms
2025-07-21 02:14:00 [INFO] GripperOptimized:fast_loop:484 - 性能統計: 循環=482000, 平均耗時=13.1ms, 最大耗時=81.3ms, 指令數=59
2025-07-21 02:14:03 [WARNING] GripperOptimized:fast_loop:492 - 主循環執行時間過長: 31.9ms
2025-07-21 02:14:16 [WARNING] GripperOptimized:fast_loop:492 - 主循環執行時間過長: 30.5ms
2025-07-21 02:14:21 [INFO] GripperOptimized:fast_loop:484 - 性能統計: 循環=483000, 平均耗時=13.5ms, 最大耗時=81.3ms, 指令數=59
2025-07-21 02:14:25 [WARNING] GripperOptimized:fast_loop:492 - 主循環執行時間過長: 30.0ms
2025-07-21 02:14:34 [WARNING] GripperOptimized:fast_loop:492 - 主循環執行時間過長: 32.1ms
2025-07-21 02:14:40 [WARNING] GripperOptimized:fast_loop:492 - 主循環執行時間過長: 30.5ms
2025-07-21 02:14:42 [INFO] GripperOptimized:fast_loop:484 - 性能統計: 循環=484000, 平均耗時=13.0ms, 最大耗時=81.3ms, 指令數=59
2025-07-21 02:14:44 [WARNING] GripperOptimized:fast_loop:492 - 主循環執行時間過長: 31.4ms
2025-07-21 02:14:48 [WARNING] GripperOptimized:fast_loop:492 - 主循環執行時間過長: 30.4ms
2025-07-21 02:15:02 [INFO] GripperOptimized:fast_loop:484 - 性能統計: 循環=485000, 平均耗時=13.4ms, 最大耗時=81.3ms, 指令數=59
2025-07-21 02:15:14 [WARNING] GripperOptimized:fast_loop:492 - 主循環執行時間過長: 30.4ms
2025-07-21 02:15:21 [WARNING] GripperOptimized:fast_loop:492 - 主循環執行時間過長: 30.8ms
2025-07-21 02:15:23 [INFO] GripperOptimized:fast_loop:484 - 性能統計: 循環=486000, 平均耗時=13.1ms, 最大耗時=81.3ms, 指令數=59
2025-07-21 02:15:23 [WARNING] GripperOptimized:fast_loop:492 - 主循環執行時間過長: 30.4ms
2025-07-21 02:15:26 [WARNING] GripperOptimized:fast_loop:492 - 主循環執行時間過長: 30.6ms
2025-07-21 02:15:30 [WARNING] GripperOptimized:fast_loop:492 - 主循環執行時間過長: 30.3ms
2025-07-21 02:15:32 [WARNING] GripperOptimized:fast_loop:492 - 主循環執行時間過長: 32.5ms
2025-07-21 02:15:33 [WARNING] GripperOptimized:fast_loop:492 - 主循環執行時間過長: 30.8ms
2025-07-21 02:15:35 [WARNING] GripperOptimized:fast_loop:492 - 主循環執行時間過長: 36.3ms
2025-07-21 02:15:37 [WARNING] GripperOptimized:fast_loop:492 - 主循環執行時間過長: 30.9ms
2025-07-21 02:15:39 [WARNING] GripperOptimized:fast_loop:492 - 主循環執行時間過長: 30.7ms
2025-07-21 02:15:41 [WARNING] GripperOptimized:fast_loop:492 - 主循環執行時間過長: 32.7ms
2025-07-21 02:15:42 [WARNING] GripperOptimized:fast_loop:492 - 主循環執行時間過長: 30.7ms
2025-07-21 02:15:44 [INFO] GripperOptimized:fast_loop:484 - 性能統計: 循環=487000, 平均耗時=12.9ms, 最大耗時=81.3ms, 指令數=59
2025-07-21 02:15:46 [WARNING] GripperOptimized:fast_loop:492 - 主循環執行時間過長: 31.3ms
2025-07-21 02:16:01 [WARNING] GripperOptimized:fast_loop:492 - 主循環執行時間過長: 30.3ms
2025-07-21 02:16:03 [WARNING] GripperOptimized:fast_loop:492 - 主循環執行時間過長: 30.9ms
2025-07-21 02:16:04 [WARNING] GripperOptimized:fast_loop:492 - 主循環執行時間過長: 30.1ms
2025-07-21 02:16:05 [INFO] GripperOptimized:fast_loop:484 - 性能統計: 循環=488000, 平均耗時=13.6ms, 最大耗時=81.3ms, 指令數=59
2025-07-21 02:16:05 [WARNING] GripperOptimized:fast_loop:492 - 主循環執行時間過長: 31.2ms
2025-07-21 02:16:09 [WARNING] GripperOptimized:fast_loop:492 - 主循環執行時間過長: 30.9ms
2025-07-21 02:16:12 [WARNING] GripperOptimized:fast_loop:492 - 主循環執行時間過長: 30.4ms
2025-07-21 02:16:26 [INFO] GripperOptimized:fast_loop:484 - 性能統計: 循環=489000, 平均耗時=13.4ms, 最大耗時=81.3ms, 指令數=59
2025-07-21 02:16:30 [WARNING] GripperOptimized:fast_loop:492 - 主循環執行時間過長: 31.9ms
2025-07-21 02:16:39 [WARNING] GripperOptimized:fast_loop:492 - 主循環執行時間過長: 30.7ms
2025-07-21 02:16:46 [INFO] GripperOptimized:fast_loop:484 - 性能統計: 循環=490000, 平均耗時=14.5ms, 最大耗時=81.3ms, 指令數=59
2025-07-21 02:16:55 [WARNING] GripperOptimized:fast_loop:492 - 主循環執行時間過長: 30.3ms
2025-07-21 02:16:59 [WARNING] GripperOptimized:fast_loop:492 - 主循環執行時間過長: 31.0ms
2025-07-21 02:17:05 [WARNING] GripperOptimized:fast_loop:492 - 主循環執行時間過長: 30.1ms
2025-07-21 02:17:07 [INFO] GripperOptimized:fast_loop:484 - 性能統計: 循環=491000, 平均耗時=13.5ms, 最大耗時=81.3ms, 指令數=59
2025-07-21 02:17:11 [WARNING] GripperOptimized:fast_loop:492 - 主循環執行時間過長: 31.7ms
2025-07-21 02:17:14 [WARNING] GripperOptimized:fast_loop:492 - 主循環執行時間過長: 30.5ms
2025-07-21 02:17:19 [WARNING] GripperOptimized:fast_loop:492 - 主循環執行時間過長: 30.8ms
2025-07-21 02:17:23 [WARNING] GripperOptimized:fast_loop:492 - 主循環執行時間過長: 30.9ms
2025-07-21 02:17:26 [WARNING] GripperOptimized:fast_loop:492 - 主循環執行時間過長: 32.4ms
2025-07-21 02:17:28 [INFO] GripperOptimized:fast_loop:484 - 性能統計: 循環=492000, 平均耗時=13.2ms, 最大耗時=81.3ms, 指令數=59
2025-07-21 02:17:28 [WARNING] GripperOptimized:fast_loop:492 - 主循環執行時間過長: 30.1ms
2025-07-21 02:17:31 [WARNING] GripperOptimized:fast_loop:492 - 主循環執行時間過長: 31.4ms
2025-07-21 02:17:34 [WARNING] GripperOptimized:fast_loop:492 - 主循環執行時間過長: 30.4ms
2025-07-21 02:17:39 [WARNING] GripperOptimized:fast_loop:492 - 主循環執行時間過長: 30.5ms
2025-07-21 02:17:42 [WARNING] GripperOptimized:fast_loop:492 - 主循環執行時間過長: 30.0ms
2025-07-21 02:17:44 [WARNING] GripperOptimized:fast_loop:492 - 主循環執行時間過長: 30.0ms
2025-07-21 02:17:45 [WARNING] GripperOptimized:fast_loop:492 - 主循環執行時間過長: 31.3ms
2025-07-21 02:17:49 [INFO] GripperOptimized:fast_loop:484 - 性能統計: 循環=493000, 平均耗時=13.1ms, 最大耗時=81.3ms, 指令數=59
2025-07-21 02:17:50 [WARNING] GripperOptimized:fast_loop:492 - 主循環執行時間過長: 31.5ms
2025-07-21 02:17:54 [WARNING] GripperOptimized:fast_loop:492 - 主循環執行時間過長: 31.3ms
2025-07-21 02:17:57 [WARNING] GripperOptimized:fast_loop:492 - 主循環執行時間過長: 30.2ms
2025-07-21 02:17:59 [WARNING] GripperOptimized:fast_loop:492 - 主循環執行時間過長: 30.7ms
2025-07-21 02:18:02 [WARNING] GripperOptimized:fast_loop:492 - 主循環執行時間過長: 30.3ms
2025-07-21 02:18:09 [INFO] GripperOptimized:fast_loop:484 - 性能統計: 循環=494000, 平均耗時=13.5ms, 最大耗時=81.3ms, 指令數=59
2025-07-21 02:18:18 [WARNING] GripperOptimized:fast_loop:492 - 主循環執行時間過長: 31.2ms
2025-07-21 02:18:22 [WARNING] GripperOptimized:fast_loop:492 - 主循環執行時間過長: 30.1ms
2025-07-21 02:18:29 [WARNING] GripperOptimized:fast_loop:492 - 主循環執行時間過長: 30.2ms
2025-07-21 02:18:30 [INFO] GripperOptimized:fast_loop:484 - 性能統計: 循環=495000, 平均耗時=12.8ms, 最大耗時=81.3ms, 指令數=59
2025-07-21 02:18:34 [WARNING] GripperOptimized:fast_loop:492 - 主循環執行時間過長: 30.4ms
2025-07-21 02:18:49 [WARNING] GripperOptimized:fast_loop:492 - 主循環執行時間過長: 31.5ms
2025-07-21 02:18:50 [WARNING] GripperOptimized:fast_loop:492 - 主循環執行時間過長: 30.7ms
2025-07-21 02:18:51 [INFO] GripperOptimized:fast_loop:484 - 性能統計: 循環=496000, 平均耗時=12.3ms, 最大耗時=81.3ms, 指令數=59
2025-07-21 02:18:54 [WARNING] GripperOptimized:fast_loop:492 - 主循環執行時間過長: 30.8ms
2025-07-21 02:19:07 [WARNING] GripperOptimized:fast_loop:492 - 主循環執行時間過長: 30.3ms
2025-07-21 02:19:12 [INFO] GripperOptimized:fast_loop:484 - 性能統計: 循環=497000, 平均耗時=13.0ms, 最大耗時=81.3ms, 指令數=59
2025-07-21 02:19:22 [WARNING] GripperOptimized:fast_loop:492 - 主循環執行時間過長: 30.3ms
2025-07-21 02:19:33 [INFO] GripperOptimized:fast_loop:484 - 性能統計: 循環=498000, 平均耗時=12.2ms, 最大耗時=81.3ms, 指令數=59
2025-07-21 02:19:50 [WARNING] GripperOptimized:fast_loop:492 - 主循環執行時間過長: 30.1ms
2025-07-21 02:19:52 [WARNING] GripperOptimized:fast_loop:492 - 主循環執行時間過長: 30.1ms
2025-07-21 02:19:53 [INFO] GripperOptimized:fast_loop:484 - 性能統計: 循環=499000, 平均耗時=13.6ms, 最大耗時=81.3ms, 指令數=59
2025-07-21 02:19:56 [WARNING] GripperOptimized:fast_loop:492 - 主循環執行時間過長: 31.1ms
2025-07-21 02:19:57 [WARNING] GripperOptimized:fast_loop:492 - 主循環執行時間過長: 31.3ms
2025-07-21 02:20:11 [WARNING] GripperOptimized:fast_loop:492 - 主循環執行時間過長: 30.6ms
2025-07-21 02:20:14 [INFO] GripperOptimized:fast_loop:484 - 性能統計: 循環=500000, 平均耗時=12.6ms, 最大耗時=81.3ms, 指令數=59
2025-07-21 02:20:19 [WARNING] GripperOptimized:fast_loop:492 - 主循環執行時間過長: 30.6ms
2025-07-21 02:20:24 [WARNING] GripperOptimized:fast_loop:492 - 主循環執行時間過長: 31.1ms
2025-07-21 02:20:31 [WARNING] GripperOptimized:fast_loop:492 - 主循環執行時間過長: 30.8ms
2025-07-21 02:20:35 [INFO] GripperOptimized:fast_loop:484 - 性能統計: 循環=501000, 平均耗時=14.3ms, 最大耗時=81.3ms, 指令數=59
2025-07-21 02:20:44 [WARNING] GripperOptimized:fast_loop:492 - 主循環執行時間過長: 30.4ms
2025-07-21 02:20:45 [WARNING] GripperOptimized:fast_loop:492 - 主循環執行時間過長: 30.9ms
2025-07-21 02:20:56 [INFO] GripperOptimized:fast_loop:484 - 性能統計: 循環=502000, 平均耗時=13.7ms, 最大耗時=81.3ms, 指令數=59
2025-07-21 02:20:56 [WARNING] GripperOptimized:fast_loop:492 - 主循環執行時間過長: 30.1ms
2025-07-21 02:21:01 [WARNING] GripperOptimized:fast_loop:492 - 主循環執行時間過長: 30.4ms
2025-07-21 02:21:15 [WARNING] GripperOptimized:fast_loop:492 - 主循環執行時間過長: 30.6ms
2025-07-21 02:21:17 [INFO] GripperOptimized:fast_loop:484 - 性能統計: 循環=503000, 平均耗時=12.8ms, 最大耗時=81.3ms, 指令數=59
2025-07-21 02:21:19 [WARNING] GripperOptimized:fast_loop:492 - 主循環執行時間過長: 30.4ms
2025-07-21 02:21:26 [WARNING] GripperOptimized:fast_loop:492 - 主循環執行時間過長: 32.0ms
2025-07-21 02:21:34 [WARNING] GripperOptimized:fast_loop:492 - 主循環執行時間過長: 30.2ms
2025-07-21 02:21:37 [INFO] GripperOptimized:fast_loop:484 - 性能統計: 循環=504000, 平均耗時=12.3ms, 最大耗時=81.3ms, 指令數=59
2025-07-21 02:21:43 [WARNING] GripperOptimized:fast_loop:492 - 主循環執行時間過長: 30.3ms
2025-07-21 02:21:44 [WARNING] GripperOptimized:fast_loop:492 - 主循環執行時間過長: 30.6ms
2025-07-21 02:21:45 [WARNING] GripperOptimized:fast_loop:492 - 主循環執行時間過長: 31.6ms
2025-07-21 02:21:48 [WARNING] GripperOptimized:fast_loop:492 - 主循環執行時間過長: 30.1ms
2025-07-21 02:21:53 [WARNING] GripperOptimized:fast_loop:492 - 主循環執行時間過長: 30.7ms
2025-07-21 02:21:56 [WARNING] GripperOptimized:fast_loop:492 - 主循環執行時間過長: 31.8ms
2025-07-21 02:21:58 [INFO] GripperOptimized:fast_loop:484 - 性能統計: 循環=505000, 平均耗時=13.4ms, 最大耗時=81.3ms, 指令數=59
2025-07-21 02:21:58 [WARNING] GripperOptimized:fast_loop:492 - 主循環執行時間過長: 32.4ms
2025-07-21 02:22:04 [WARNING] GripperOptimized:fast_loop:492 - 主循環執行時間過長: 31.3ms
2025-07-21 02:22:05 [WARNING] GripperOptimized:fast_loop:492 - 主循環執行時間過長: 30.1ms
2025-07-21 02:22:07 [WARNING] GripperOptimized:fast_loop:492 - 主循環執行時間過長: 30.1ms
2025-07-21 02:22:10 [WARNING] GripperOptimized:fast_loop:492 - 主循環執行時間過長: 30.6ms
2025-07-21 02:22:11 [WARNING] GripperOptimized:fast_loop:492 - 主循環執行時間過長: 30.9ms
2025-07-21 02:22:19 [INFO] GripperOptimized:fast_loop:484 - 性能統計: 循環=506000, 平均耗時=12.6ms, 最大耗時=81.3ms, 指令數=59
2025-07-21 02:22:24 [WARNING] GripperOptimized:fast_loop:492 - 主循環執行時間過長: 30.6ms
2025-07-21 02:22:30 [WARNING] GripperOptimized:fast_loop:492 - 主循環執行時間過長: 30.0ms
2025-07-21 02:22:35 [WARNING] GripperOptimized:fast_loop:492 - 主循環執行時間過長: 30.4ms
2025-07-21 02:22:40 [INFO] GripperOptimized:fast_loop:484 - 性能統計: 循環=507000, 平均耗時=13.1ms, 最大耗時=81.3ms, 指令數=59
2025-07-21 02:22:47 [WARNING] GripperOptimized:fast_loop:492 - 主循環執行時間過長: 32.3ms
2025-07-21 02:22:50 [WARNING] GripperOptimized:fast_loop:492 - 主循環執行時間過長: 31.8ms
2025-07-21 02:23:01 [INFO] GripperOptimized:fast_loop:484 - 性能統計: 循環=508000, 平均耗時=13.4ms, 最大耗時=81.3ms, 指令數=59
2025-07-21 02:23:03 [WARNING] GripperOptimized:fast_loop:492 - 主循環執行時間過長: 31.7ms
2025-07-21 02:23:07 [WARNING] GripperOptimized:fast_loop:492 - 主循環執行時間過長: 30.2ms
2025-07-21 02:23:19 [WARNING] GripperOptimized:fast_loop:492 - 主循環執行時間過長: 31.5ms
2025-07-21 02:23:21 [INFO] GripperOptimized:fast_loop:484 - 性能統計: 循環=509000, 平均耗時=13.9ms, 最大耗時=81.3ms, 指令數=59
2025-07-21 02:23:23 [WARNING] GripperOptimized:fast_loop:492 - 主循環執行時間過長: 30.6ms
2025-07-21 02:23:37 [WARNING] GripperOptimized:fast_loop:492 - 主循環執行時間過長: 30.1ms
2025-07-21 02:23:39 [WARNING] GripperOptimized:fast_loop:492 - 主循環執行時間過長: 30.3ms
2025-07-21 02:23:42 [INFO] GripperOptimized:fast_loop:484 - 性能統計: 循環=510000, 平均耗時=13.1ms, 最大耗時=81.3ms, 指令數=59
2025-07-21 02:23:43 [WARNING] GripperOptimized:fast_loop:492 - 主循環執行時間過長: 30.7ms
2025-07-21 02:23:47 [WARNING] GripperOptimized:fast_loop:492 - 主循環執行時間過長: 31.3ms
2025-07-21 02:23:50 [WARNING] GripperOptimized:fast_loop:492 - 主循環執行時間過長: 31.1ms
2025-07-21 02:23:53 [WARNING] GripperOptimized:fast_loop:492 - 主循環執行時間過長: 30.1ms
2025-07-21 02:23:58 [WARNING] GripperOptimized:fast_loop:492 - 主循環執行時間過長: 31.6ms
2025-07-21 02:24:03 [INFO] GripperOptimized:fast_loop:484 - 性能統計: 循環=511000, 平均耗時=13.6ms, 最大耗時=81.3ms, 指令數=59
2025-07-21 02:24:04 [WARNING] GripperOptimized:fast_loop:492 - 主循環執行時間過長: 31.2ms
2025-07-21 02:24:05 [WARNING] GripperOptimized:fast_loop:492 - 主循環執行時間過長: 30.1ms
2025-07-21 02:24:08 [WARNING] GripperOptimized:fast_loop:492 - 主循環執行時間過長: 31.2ms
2025-07-21 02:24:10 [WARNING] GripperOptimized:fast_loop:492 - 主循環執行時間過長: 30.3ms
2025-07-21 02:24:14 [WARNING] GripperOptimized:fast_loop:492 - 主循環執行時間過長: 30.7ms
2025-07-21 02:24:15 [WARNING] GripperOptimized:fast_loop:492 - 主循環執行時間過長: 30.9ms
2025-07-21 02:24:22 [WARNING] GripperOptimized:fast_loop:492 - 主循環執行時間過長: 31.3ms
2025-07-21 02:24:24 [INFO] GripperOptimized:fast_loop:484 - 性能統計: 循環=512000, 平均耗時=13.7ms, 最大耗時=81.3ms, 指令數=59
2025-07-21 02:24:28 [WARNING] GripperOptimized:fast_loop:492 - 主循環執行時間過長: 32.1ms
2025-07-21 02:24:29 [WARNING] GripperOptimized:fast_loop:492 - 主循環執行時間過長: 31.6ms
2025-07-21 02:24:36 [WARNING] GripperOptimized:fast_loop:492 - 主循環執行時間過長: 30.2ms
2025-07-21 02:24:38 [WARNING] GripperOptimized:fast_loop:492 - 主循環執行時間過長: 30.2ms
2025-07-21 02:24:40 [WARNING] GripperOptimized:fast_loop:492 - 主循環執行時間過長: 32.2ms
2025-07-21 02:24:42 [WARNING] GripperOptimized:fast_loop:492 - 主循環執行時間過長: 30.4ms
2025-07-21 02:24:43 [WARNING] GripperOptimized:fast_loop:492 - 主循環執行時間過長: 31.2ms
2025-07-21 02:24:45 [INFO] GripperOptimized:fast_loop:484 - 性能統計: 循環=513000, 平均耗時=13.9ms, 最大耗時=81.3ms, 指令數=59
2025-07-21 02:24:46 [WARNING] GripperOptimized:fast_loop:492 - 主循環執行時間過長: 30.4ms
2025-07-21 02:24:49 [WARNING] GripperOptimized:fast_loop:492 - 主循環執行時間過長: 31.3ms
2025-07-21 02:25:00 [WARNING] GripperOptimized:fast_loop:492 - 主循環執行時間過長: 33.9ms
2025-07-21 02:25:02 [WARNING] GripperOptimized:fast_loop:492 - 主循環執行時間過長: 30.4ms
2025-07-21 02:25:05 [INFO] GripperOptimized:fast_loop:484 - 性能統計: 循環=514000, 平均耗時=13.0ms, 最大耗時=81.3ms, 指令數=59
2025-07-21 02:25:07 [WARNING] GripperOptimized:fast_loop:492 - 主循環執行時間過長: 31.1ms
2025-07-21 02:25:11 [WARNING] GripperOptimized:fast_loop:492 - 主循環執行時間過長: 31.9ms
2025-07-21 02:25:13 [WARNING] GripperOptimized:fast_loop:492 - 主循環執行時間過長: 32.8ms
2025-07-21 02:25:19 [WARNING] GripperOptimized:fast_loop:492 - 主循環執行時間過長: 31.8ms
2025-07-21 02:25:20 [WARNING] GripperOptimized:fast_loop:492 - 主循環執行時間過長: 30.2ms
2025-07-21 02:25:22 [WARNING] GripperOptimized:fast_loop:492 - 主循環執行時間過長: 30.5ms
2025-07-21 02:25:26 [INFO] GripperOptimized:fast_loop:484 - 性能統計: 循環=515000, 平均耗時=12.8ms, 最大耗時=81.3ms, 指令數=59
2025-07-21 02:25:31 [WARNING] GripperOptimized:fast_loop:492 - 主循環執行時間過長: 31.5ms
2025-07-21 02:25:33 [WARNING] GripperOptimized:fast_loop:492 - 主循環執行時間過長: 30.8ms
2025-07-21 02:25:38 [WARNING] GripperOptimized:fast_loop:492 - 主循環執行時間過長: 30.4ms
2025-07-21 02:25:42 [WARNING] GripperOptimized:fast_loop:492 - 主循環執行時間過長: 31.0ms
2025-07-21 02:25:47 [INFO] GripperOptimized:fast_loop:484 - 性能統計: 循環=516000, 平均耗時=12.7ms, 最大耗時=81.3ms, 指令數=59
2025-07-21 02:25:53 [WARNING] GripperOptimized:fast_loop:492 - 主循環執行時間過長: 31.0ms
2025-07-21 02:25:56 [WARNING] GripperOptimized:fast_loop:492 - 主循環執行時間過長: 30.1ms
2025-07-21 02:26:02 [WARNING] GripperOptimized:fast_loop:492 - 主循環執行時間過長: 30.3ms
2025-07-21 02:26:04 [WARNING] GripperOptimized:fast_loop:492 - 主循環執行時間過長: 30.8ms
2025-07-21 02:26:08 [INFO] GripperOptimized:fast_loop:484 - 性能統計: 循環=517000, 平均耗時=12.4ms, 最大耗時=81.3ms, 指令數=59
2025-07-21 02:26:12 [WARNING] GripperOptimized:fast_loop:492 - 主循環執行時間過長: 30.1ms
2025-07-21 02:26:13 [WARNING] GripperOptimized:fast_loop:492 - 主循環執行時間過長: 31.5ms
2025-07-21 02:26:16 [WARNING] GripperOptimized:fast_loop:492 - 主循環執行時間過長: 30.6ms
2025-07-21 02:26:25 [WARNING] GripperOptimized:fast_loop:492 - 主循環執行時間過長: 30.2ms
2025-07-21 02:26:28 [INFO] GripperOptimized:fast_loop:484 - 性能統計: 循環=518000, 平均耗時=13.1ms, 最大耗時=81.3ms, 指令數=59
2025-07-21 02:26:28 [WARNING] GripperOptimized:fast_loop:492 - 主循環執行時間過長: 30.7ms
2025-07-21 02:26:33 [WARNING] GripperOptimized:fast_loop:492 - 主循環執行時間過長: 30.3ms
2025-07-21 02:26:40 [WARNING] GripperOptimized:fast_loop:492 - 主循環執行時間過長: 30.7ms
2025-07-21 02:26:41 [WARNING] GripperOptimized:fast_loop:492 - 主循環執行時間過長: 30.9ms
2025-07-21 02:26:46 [WARNING] GripperOptimized:fast_loop:492 - 主循環執行時間過長: 31.0ms
2025-07-21 02:26:48 [WARNING] GripperOptimized:fast_loop:492 - 主循環執行時間過長: 31.2ms
2025-07-21 02:26:49 [INFO] GripperOptimized:fast_loop:484 - 性能統計: 循環=519000, 平均耗時=13.6ms, 最大耗時=81.3ms, 指令數=59
2025-07-21 02:26:54 [WARNING] GripperOptimized:fast_loop:492 - 主循環執行時間過長: 30.1ms
2025-07-21 02:26:57 [WARNING] GripperOptimized:fast_loop:492 - 主循環執行時間過長: 30.6ms
2025-07-21 02:26:58 [WARNING] GripperOptimized:fast_loop:492 - 主循環執行時間過長: 31.0ms
2025-07-21 02:27:04 [WARNING] GripperOptimized:fast_loop:492 - 主循環執行時間過長: 31.4ms
2025-07-21 02:27:06 [WARNING] GripperOptimized:fast_loop:492 - 主循環執行時間過長: 30.3ms
2025-07-21 02:27:10 [INFO] GripperOptimized:fast_loop:484 - 性能統計: 循環=520000, 平均耗時=13.0ms, 最大耗時=81.3ms, 指令數=59
2025-07-21 02:27:10 [WARNING] GripperOptimized:fast_loop:492 - 主循環執行時間過長: 33.0ms
2025-07-21 02:27:13 [WARNING] GripperOptimized:fast_loop:492 - 主循環執行時間過長: 31.1ms
2025-07-21 02:27:24 [WARNING] GripperOptimized:fast_loop:492 - 主循環執行時間過長: 31.7ms
2025-07-21 02:27:25 [WARNING] GripperOptimized:fast_loop:492 - 主循環執行時間過長: 31.1ms
2025-07-21 02:27:28 [WARNING] GripperOptimized:fast_loop:492 - 主循環執行時間過長: 31.3ms
2025-07-21 02:27:31 [INFO] GripperOptimized:fast_loop:484 - 性能統計: 循環=521000, 平均耗時=12.5ms, 最大耗時=81.3ms, 指令數=59
2025-07-21 02:27:35 [WARNING] GripperOptimized:fast_loop:492 - 主循環執行時間過長: 30.2ms
2025-07-21 02:27:42 [WARNING] GripperOptimized:fast_loop:492 - 主循環執行時間過長: 30.3ms
2025-07-21 02:27:45 [WARNING] GripperOptimized:fast_loop:492 - 主循環執行時間過長: 30.2ms
2025-07-21 02:27:50 [WARNING] GripperOptimized:fast_loop:492 - 主循環執行時間過長: 30.2ms
2025-07-21 02:27:52 [INFO] GripperOptimized:fast_loop:484 - 性能統計: 循環=522000, 平均耗時=12.8ms, 最大耗時=81.3ms, 指令數=59
2025-07-21 02:27:54 [WARNING] GripperOptimized:fast_loop:492 - 主循環執行時間過長: 32.1ms
2025-07-21 02:27:57 [WARNING] GripperOptimized:fast_loop:492 - 主循環執行時間過長: 30.2ms
2025-07-21 02:28:02 [WARNING] GripperOptimized:fast_loop:492 - 主循環執行時間過長: 30.7ms
2025-07-21 02:28:12 [INFO] GripperOptimized:fast_loop:484 - 性能統計: 循環=523000, 平均耗時=12.7ms, 最大耗時=81.3ms, 指令數=59
2025-07-21 02:28:21 [WARNING] GripperOptimized:fast_loop:492 - 主循環執行時間過長: 30.0ms
2025-07-21 02:28:23 [WARNING] GripperOptimized:fast_loop:492 - 主循環執行時間過長: 31.4ms
2025-07-21 02:28:28 [WARNING] GripperOptimized:fast_loop:492 - 主循環執行時間過長: 30.8ms
2025-07-21 02:28:33 [INFO] GripperOptimized:fast_loop:484 - 性能統計: 循環=524000, 平均耗時=12.9ms, 最大耗時=81.3ms, 指令數=59
2025-07-21 02:28:33 [WARNING] GripperOptimized:fast_loop:492 - 主循環執行時間過長: 31.5ms
2025-07-21 02:28:35 [WARNING] GripperOptimized:fast_loop:492 - 主循環執行時間過長: 30.3ms
2025-07-21 02:28:38 [WARNING] GripperOptimized:fast_loop:492 - 主循環執行時間過長: 32.4ms
2025-07-21 02:28:43 [WARNING] GripperOptimized:fast_loop:492 - 主循環執行時間過長: 31.6ms
2025-07-21 02:28:46 [WARNING] GripperOptimized:fast_loop:492 - 主循環執行時間過長: 30.1ms
2025-07-21 02:28:48 [WARNING] GripperOptimized:fast_loop:492 - 主循環執行時間過長: 30.3ms
2025-07-21 02:28:54 [INFO] GripperOptimized:fast_loop:484 - 性能統計: 循環=525000, 平均耗時=12.4ms, 最大耗時=81.3ms, 指令數=59
2025-07-21 02:28:58 [WARNING] GripperOptimized:fast_loop:492 - 主循環執行時間過長: 30.8ms
2025-07-21 02:29:08 [WARNING] GripperOptimized:fast_loop:492 - 主循環執行時間過長: 30.0ms
2025-07-21 02:29:15 [INFO] GripperOptimized:fast_loop:484 - 性能統計: 循環=526000, 平均耗時=12.7ms, 最大耗時=81.3ms, 指令數=59
2025-07-21 02:29:28 [WARNING] GripperOptimized:fast_loop:492 - 主循環執行時間過長: 32.4ms
2025-07-21 02:29:36 [INFO] GripperOptimized:fast_loop:484 - 性能統計: 循環=527000, 平均耗時=13.8ms, 最大耗時=81.3ms, 指令數=59
2025-07-21 02:29:40 [WARNING] GripperOptimized:fast_loop:492 - 主循環執行時間過長: 30.0ms
2025-07-21 02:29:45 [WARNING] GripperOptimized:fast_loop:492 - 主循環執行時間過長: 30.3ms
2025-07-21 02:29:56 [INFO] GripperOptimized:fast_loop:484 - 性能統計: 循環=528000, 平均耗時=13.3ms, 最大耗時=81.3ms, 指令數=59
2025-07-21 02:30:07 [WARNING] GripperOptimized:fast_loop:492 - 主循環執行時間過長: 30.1ms
2025-07-21 02:30:17 [INFO] GripperOptimized:fast_loop:484 - 性能統計: 循環=529000, 平均耗時=13.8ms, 最大耗時=81.3ms, 指令數=59
2025-07-21 02:30:17 [WARNING] GripperOptimized:fast_loop:492 - 主循環執行時間過長: 30.7ms
2025-07-21 02:30:24 [WARNING] GripperOptimized:fast_loop:492 - 主循環執行時間過長: 32.1ms
2025-07-21 02:30:31 [WARNING] GripperOptimized:fast_loop:492 - 主循環執行時間過長: 31.7ms
2025-07-21 02:30:37 [WARNING] GripperOptimized:fast_loop:492 - 主循環執行時間過長: 30.4ms
2025-07-21 02:30:38 [INFO] GripperOptimized:fast_loop:484 - 性能統計: 循環=530000, 平均耗時=14.0ms, 最大耗時=81.3ms, 指令數=59
2025-07-21 02:30:44 [WARNING] GripperOptimized:fast_loop:492 - 主循環執行時間過長: 31.7ms
2025-07-21 02:30:50 [WARNING] GripperOptimized:fast_loop:492 - 主循環執行時間過長: 31.3ms
2025-07-21 02:30:58 [WARNING] GripperOptimized:fast_loop:492 - 主循環執行時間過長: 30.9ms
2025-07-21 02:30:59 [INFO] GripperOptimized:fast_loop:484 - 性能統計: 循環=531000, 平均耗時=13.5ms, 最大耗時=81.3ms, 指令數=59
2025-07-21 02:31:01 [WARNING] GripperOptimized:fast_loop:492 - 主循環執行時間過長: 31.4ms
2025-07-21 02:31:05 [WARNING] GripperOptimized:fast_loop:492 - 主循環執行時間過長: 30.9ms
2025-07-21 02:31:11 [WARNING] GripperOptimized:fast_loop:492 - 主循環執行時間過長: 30.6ms
2025-07-21 02:31:15 [WARNING] GripperOptimized:fast_loop:492 - 主循環執行時間過長: 31.3ms
2025-07-21 02:31:20 [INFO] GripperOptimized:fast_loop:484 - 性能統計: 循環=532000, 平均耗時=14.1ms, 最大耗時=81.3ms, 指令數=59
2025-07-21 02:31:22 [WARNING] GripperOptimized:fast_loop:492 - 主循環執行時間過長: 30.9ms
2025-07-21 02:31:35 [WARNING] GripperOptimized:fast_loop:492 - 主循環執行時間過長: 30.7ms
2025-07-21 02:31:38 [WARNING] GripperOptimized:fast_loop:492 - 主循環執行時間過長: 33.3ms
2025-07-21 02:31:40 [INFO] GripperOptimized:fast_loop:484 - 性能統計: 循環=533000, 平均耗時=13.6ms, 最大耗時=81.3ms, 指令數=59
2025-07-21 02:31:42 [WARNING] GripperOptimized:fast_loop:492 - 主循環執行時間過長: 31.8ms
2025-07-21 02:31:56 [WARNING] GripperOptimized:fast_loop:492 - 主循環執行時間過長: 30.0ms
2025-07-21 02:31:57 [WARNING] GripperOptimized:fast_loop:492 - 主循環執行時間過長: 31.0ms
2025-07-21 02:31:58 [WARNING] GripperOptimized:fast_loop:492 - 主循環執行時間過長: 33.3ms
2025-07-21 02:32:01 [INFO] GripperOptimized:fast_loop:484 - 性能統計: 循環=534000, 平均耗時=13.1ms, 最大耗時=81.3ms, 指令數=59
2025-07-21 02:32:01 [WARNING] GripperOptimized:fast_loop:492 - 主循環執行時間過長: 31.2ms
2025-07-21 02:32:21 [WARNING] GripperOptimized:fast_loop:492 - 主循環執行時間過長: 31.1ms
2025-07-21 02:32:22 [INFO] GripperOptimized:fast_loop:484 - 性能統計: 循環=535000, 平均耗時=13.4ms, 最大耗時=81.3ms, 指令數=59
2025-07-21 02:32:27 [WARNING] GripperOptimized:fast_loop:492 - 主循環執行時間過長: 30.5ms
2025-07-21 02:32:39 [WARNING] GripperOptimized:fast_loop:492 - 主循環執行時間過長: 30.3ms
2025-07-21 02:32:43 [INFO] GripperOptimized:fast_loop:484 - 性能統計: 循環=536000, 平均耗時=13.1ms, 最大耗時=81.3ms, 指令數=59
2025-07-21 02:32:43 [WARNING] GripperOptimized:fast_loop:492 - 主循環執行時間過長: 30.3ms
2025-07-21 02:32:51 [WARNING] GripperOptimized:fast_loop:492 - 主循環執行時間過長: 30.6ms
2025-07-21 02:32:57 [WARNING] GripperOptimized:fast_loop:492 - 主循環執行時間過長: 30.1ms
2025-07-21 02:33:03 [INFO] GripperOptimized:fast_loop:484 - 性能統計: 循環=537000, 平均耗時=12.9ms, 最大耗時=81.3ms, 指令數=59
2025-07-21 02:33:09 [WARNING] GripperOptimized:fast_loop:492 - 主循環執行時間過長: 30.9ms
2025-07-21 02:33:12 [WARNING] GripperOptimized:fast_loop:492 - 主循環執行時間過長: 30.3ms
2025-07-21 02:33:16 [WARNING] GripperOptimized:fast_loop:492 - 主循環執行時間過長: 31.6ms
2025-07-21 02:33:20 [WARNING] GripperOptimized:fast_loop:492 - 主循環執行時間過長: 30.5ms
2025-07-21 02:33:24 [INFO] GripperOptimized:fast_loop:484 - 性能統計: 循環=538000, 平均耗時=13.2ms, 最大耗時=81.3ms, 指令數=59
2025-07-21 02:33:28 [WARNING] GripperOptimized:fast_loop:492 - 主循環執行時間過長: 32.5ms
2025-07-21 02:33:31 [WARNING] GripperOptimized:fast_loop:492 - 主循環執行時間過長: 32.7ms
2025-07-21 02:33:35 [WARNING] GripperOptimized:fast_loop:492 - 主循環執行時間過長: 30.7ms
2025-07-21 02:33:37 [WARNING] GripperOptimized:fast_loop:492 - 主循環執行時間過長: 30.3ms
2025-07-21 02:33:45 [INFO] GripperOptimized:fast_loop:484 - 性能統計: 循環=539000, 平均耗時=12.0ms, 最大耗時=81.3ms, 指令數=59
2025-07-21 02:33:45 [WARNING] GripperOptimized:fast_loop:492 - 主循環執行時間過長: 32.5ms
2025-07-21 02:33:47 [WARNING] GripperOptimized:fast_loop:492 - 主循環執行時間過長: 30.3ms
2025-07-21 02:33:50 [WARNING] GripperOptimized:fast_loop:492 - 主循環執行時間過長: 30.6ms
2025-07-21 02:33:51 [WARNING] GripperOptimized:fast_loop:492 - 主循環執行時間過長: 30.8ms
2025-07-21 02:33:52 [WARNING] GripperOptimized:fast_loop:492 - 主循環執行時間過長: 32.3ms
2025-07-21 02:34:04 [WARNING] GripperOptimized:fast_loop:492 - 主循環執行時間過長: 31.1ms
2025-07-21 02:34:06 [INFO] GripperOptimized:fast_loop:484 - 性能統計: 循環=540000, 平均耗時=13.7ms, 最大耗時=81.3ms, 指令數=59
2025-07-21 02:34:10 [WARNING] GripperOptimized:fast_loop:492 - 主循環執行時間過長: 30.6ms
2025-07-21 02:34:14 [WARNING] GripperOptimized:fast_loop:492 - 主循環執行時間過長: 31.6ms
2025-07-21 02:34:16 [WARNING] GripperOptimized:fast_loop:492 - 主循環執行時間過長: 31.2ms
2025-07-21 02:34:23 [WARNING] GripperOptimized:fast_loop:492 - 主循環執行時間過長: 33.1ms
2025-07-21 02:34:25 [WARNING] GripperOptimized:fast_loop:492 - 主循環執行時間過長: 31.5ms
2025-07-21 02:34:27 [INFO] GripperOptimized:fast_loop:484 - 性能統計: 循環=541000, 平均耗時=13.7ms, 最大耗時=81.3ms, 指令數=59
2025-07-21 02:34:30 [WARNING] GripperOptimized:fast_loop:492 - 主循環執行時間過長: 31.9ms
2025-07-21 02:34:35 [WARNING] GripperOptimized:fast_loop:492 - 主循環執行時間過長: 31.6ms
2025-07-21 02:34:47 [INFO] GripperOptimized:fast_loop:484 - 性能統計: 循環=542000, 平均耗時=12.9ms, 最大耗時=81.3ms, 指令數=59
2025-07-21 02:34:52 [WARNING] GripperOptimized:fast_loop:492 - 主循環執行時間過長: 30.3ms
2025-07-21 02:35:03 [WARNING] GripperOptimized:fast_loop:492 - 主循環執行時間過長: 30.8ms
2025-07-21 02:35:04 [WARNING] GripperOptimized:fast_loop:492 - 主循環執行時間過長: 30.2ms
2025-07-21 02:35:05 [WARNING] GripperOptimized:fast_loop:492 - 主循環執行時間過長: 31.9ms
2025-07-21 02:35:08 [INFO] GripperOptimized:fast_loop:484 - 性能統計: 循環=543000, 平均耗時=12.8ms, 最大耗時=81.3ms, 指令數=59
2025-07-21 02:35:12 [WARNING] GripperOptimized:fast_loop:492 - 主循環執行時間過長: 31.4ms
2025-07-21 02:35:19 [WARNING] GripperOptimized:fast_loop:492 - 主循環執行時間過長: 31.4ms
2025-07-21 02:35:24 [WARNING] GripperOptimized:fast_loop:492 - 主循環執行時間過長: 31.6ms
2025-07-21 02:35:29 [INFO] GripperOptimized:fast_loop:484 - 性能統計: 循環=544000, 平均耗時=13.7ms, 最大耗時=81.3ms, 指令數=59
2025-07-21 02:35:34 [WARNING] GripperOptimized:fast_loop:492 - 主循環執行時間過長: 31.3ms
2025-07-21 02:35:36 [WARNING] GripperOptimized:fast_loop:492 - 主循環執行時間過長: 31.1ms
2025-07-21 02:35:46 [WARNING] GripperOptimized:fast_loop:492 - 主循環執行時間過長: 30.2ms
2025-07-21 02:35:48 [WARNING] GripperOptimized:fast_loop:492 - 主循環執行時間過長: 32.1ms
2025-07-21 02:35:49 [WARNING] GripperOptimized:fast_loop:492 - 主循環執行時間過長: 31.2ms
2025-07-21 02:35:50 [INFO] GripperOptimized:fast_loop:484 - 性能統計: 循環=545000, 平均耗時=13.0ms, 最大耗時=81.3ms, 指令數=59
2025-07-21 02:35:57 [WARNING] GripperOptimized:fast_loop:492 - 主循環執行時間過長: 31.2ms
2025-07-21 02:35:59 [WARNING] GripperOptimized:fast_loop:492 - 主循環執行時間過長: 30.3ms
2025-07-21 02:36:09 [WARNING] GripperOptimized:fast_loop:492 - 主循環執行時間過長: 31.2ms
2025-07-21 02:36:10 [WARNING] GripperOptimized:fast_loop:492 - 主循環執行時間過長: 31.9ms
2025-07-21 02:36:11 [INFO] GripperOptimized:fast_loop:484 - 性能統計: 循環=546000, 平均耗時=12.9ms, 最大耗時=81.3ms, 指令數=59
2025-07-21 02:36:27 [WARNING] GripperOptimized:fast_loop:492 - 主循環執行時間過長: 32.6ms
2025-07-21 02:36:31 [INFO] GripperOptimized:fast_loop:484 - 性能統計: 循環=547000, 平均耗時=12.7ms, 最大耗時=81.3ms, 指令數=59
2025-07-21 02:36:45 [WARNING] GripperOptimized:fast_loop:492 - 主循環執行時間過長: 30.2ms
2025-07-21 02:36:46 [WARNING] GripperOptimized:fast_loop:492 - 主循環執行時間過長: 30.5ms
2025-07-21 02:36:48 [WARNING] GripperOptimized:fast_loop:492 - 主循環執行時間過長: 30.6ms
2025-07-21 02:36:52 [INFO] GripperOptimized:fast_loop:484 - 性能統計: 循環=548000, 平均耗時=12.7ms, 最大耗時=81.3ms, 指令數=59
2025-07-21 02:36:52 [WARNING] GripperOptimized:fast_loop:492 - 主循環執行時間過長: 31.0ms
2025-07-21 02:36:55 [WARNING] GripperOptimized:fast_loop:492 - 主循環執行時間過長: 30.5ms
2025-07-21 02:36:57 [WARNING] GripperOptimized:fast_loop:492 - 主循環執行時間過長: 30.7ms
2025-07-21 02:37:05 [WARNING] GripperOptimized:fast_loop:492 - 主循環執行時間過長: 32.9ms
2025-07-21 02:37:13 [INFO] GripperOptimized:fast_loop:484 - 性能統計: 循環=549000, 平均耗時=12.9ms, 最大耗時=81.3ms, 指令數=59
2025-07-21 02:37:15 [WARNING] GripperOptimized:fast_loop:492 - 主循環執行時間過長: 30.4ms
2025-07-21 02:37:21 [WARNING] GripperOptimized:fast_loop:492 - 主循環執行時間過長: 30.6ms
2025-07-21 02:37:23 [WARNING] GripperOptimized:fast_loop:492 - 主循環執行時間過長: 31.0ms
2025-07-21 02:37:30 [WARNING] GripperOptimized:fast_loop:492 - 主循環執行時間過長: 31.4ms
2025-07-21 02:37:31 [WARNING] GripperOptimized:fast_loop:492 - 主循環執行時間過長: 33.1ms
2025-07-21 02:37:34 [INFO] GripperOptimized:fast_loop:484 - 性能統計: 循環=550000, 平均耗時=14.0ms, 最大耗時=81.3ms, 指令數=59
2025-07-21 02:37:55 [INFO] GripperOptimized:fast_loop:484 - 性能統計: 循環=551000, 平均耗時=13.1ms, 最大耗時=81.3ms, 指令數=59
2025-07-21 02:38:04 [WARNING] GripperOptimized:fast_loop:492 - 主循環執行時間過長: 32.1ms
2025-07-21 02:38:07 [WARNING] GripperOptimized:fast_loop:492 - 主循環執行時間過長: 30.1ms
2025-07-21 02:38:08 [WARNING] GripperOptimized:fast_loop:492 - 主循環執行時間過長: 31.8ms
2025-07-21 02:38:09 [WARNING] GripperOptimized:fast_loop:492 - 主循環執行時間過長: 30.1ms
2025-07-21 02:38:13 [WARNING] GripperOptimized:fast_loop:492 - 主循環執行時間過長: 30.2ms
2025-07-21 02:38:14 [WARNING] GripperOptimized:fast_loop:492 - 主循環執行時間過長: 30.7ms
2025-07-21 02:38:15 [INFO] GripperOptimized:fast_loop:484 - 性能統計: 循環=552000, 平均耗時=13.5ms, 最大耗時=81.3ms, 指令數=59
2025-07-21 02:38:20 [WARNING] GripperOptimized:fast_loop:492 - 主循環執行時間過長: 30.9ms
2025-07-21 02:38:23 [WARNING] GripperOptimized:fast_loop:492 - 主循環執行時間過長: 30.1ms
2025-07-21 02:38:24 [WARNING] GripperOptimized:fast_loop:492 - 主循環執行時間過長: 30.3ms
2025-07-21 02:38:26 [WARNING] GripperOptimized:fast_loop:492 - 主循環執行時間過長: 30.7ms
2025-07-21 02:38:28 [WARNING] GripperOptimized:fast_loop:492 - 主循環執行時間過長: 30.8ms
2025-07-21 02:38:32 [WARNING] GripperOptimized:fast_loop:492 - 主循環執行時間過長: 30.2ms
2025-07-21 02:38:36 [INFO] GripperOptimized:fast_loop:484 - 性能統計: 循環=553000, 平均耗時=14.4ms, 最大耗時=81.3ms, 指令數=59
2025-07-21 02:38:42 [WARNING] GripperOptimized:fast_loop:492 - 主循環執行時間過長: 31.4ms
2025-07-21 02:38:50 [WARNING] GripperOptimized:fast_loop:492 - 主循環執行時間過長: 30.2ms
2025-07-21 02:38:55 [WARNING] GripperOptimized:fast_loop:492 - 主循環執行時間過長: 31.5ms
2025-07-21 02:38:57 [INFO] GripperOptimized:fast_loop:484 - 性能統計: 循環=554000, 平均耗時=13.6ms, 最大耗時=81.3ms, 指令數=59
2025-07-21 02:38:58 [WARNING] GripperOptimized:fast_loop:492 - 主循環執行時間過長: 30.2ms
2025-07-21 02:39:14 [WARNING] GripperOptimized:fast_loop:492 - 主循環執行時間過長: 31.2ms
2025-07-21 02:39:18 [INFO] GripperOptimized:fast_loop:484 - 性能統計: 循環=555000, 平均耗時=12.7ms, 最大耗時=81.3ms, 指令數=59
2025-07-21 02:39:38 [INFO] GripperOptimized:fast_loop:484 - 性能統計: 循環=556000, 平均耗時=12.1ms, 最大耗時=81.3ms, 指令數=59
2025-07-21 02:39:39 [WARNING] GripperOptimized:fast_loop:492 - 主循環執行時間過長: 32.3ms
2025-07-21 02:39:47 [WARNING] GripperOptimized:fast_loop:492 - 主循環執行時間過長: 30.9ms
2025-07-21 02:39:56 [WARNING] GripperOptimized:fast_loop:492 - 主循環執行時間過長: 30.2ms
2025-07-21 02:39:59 [INFO] GripperOptimized:fast_loop:484 - 性能統計: 循環=557000, 平均耗時=13.9ms, 最大耗時=81.3ms, 指令數=59
2025-07-21 02:39:59 [WARNING] GripperOptimized:fast_loop:492 - 主循環執行時間過長: 32.7ms
2025-07-21 02:40:03 [WARNING] GripperOptimized:fast_loop:492 - 主循環執行時間過長: 32.2ms
2025-07-21 02:40:08 [WARNING] GripperOptimized:fast_loop:492 - 主循環執行時間過長: 30.5ms
2025-07-21 02:40:12 [WARNING] GripperOptimized:fast_loop:492 - 主循環執行時間過長: 31.1ms
2025-07-21 02:40:15 [WARNING] GripperOptimized:fast_loop:492 - 主循環執行時間過長: 30.5ms
2025-07-21 02:40:20 [INFO] GripperOptimized:fast_loop:484 - 性能統計: 循環=558000, 平均耗時=12.8ms, 最大耗時=81.3ms, 指令數=59
2025-07-21 02:40:22 [WARNING] GripperOptimized:fast_loop:492 - 主循環執行時間過長: 30.6ms
2025-07-21 02:40:37 [WARNING] GripperOptimized:fast_loop:492 - 主循環執行時間過長: 31.6ms
2025-07-21 02:40:38 [WARNING] GripperOptimized:fast_loop:492 - 主循環執行時間過長: 35.8ms
2025-07-21 02:40:41 [INFO] GripperOptimized:fast_loop:484 - 性能統計: 循環=559000, 平均耗時=12.7ms, 最大耗時=81.3ms, 指令數=59
2025-07-21 02:40:51 [WARNING] GripperOptimized:fast_loop:492 - 主循環執行時間過長: 33.5ms
2025-07-21 02:40:53 [WARNING] GripperOptimized:fast_loop:492 - 主循環執行時間過長: 30.1ms
2025-07-21 02:40:59 [WARNING] GripperOptimized:fast_loop:492 - 主循環執行時間過長: 32.6ms
2025-07-21 02:41:02 [INFO] GripperOptimized:fast_loop:484 - 性能統計: 循環=560000, 平均耗時=12.5ms, 最大耗時=81.3ms, 指令數=59
2025-07-21 02:41:09 [WARNING] GripperOptimized:fast_loop:492 - 主循環執行時間過長: 30.2ms
2025-07-21 02:41:10 [WARNING] GripperOptimized:fast_loop:492 - 主循環執行時間過長: 30.3ms
2025-07-21 02:41:13 [WARNING] GripperOptimized:fast_loop:492 - 主循環執行時間過長: 30.7ms
2025-07-21 02:41:14 [WARNING] GripperOptimized:fast_loop:492 - 主循環執行時間過長: 30.2ms
2025-07-21 02:41:19 [WARNING] GripperOptimized:fast_loop:492 - 主循環執行時間過長: 30.7ms
2025-07-21 02:41:21 [WARNING] GripperOptimized:fast_loop:492 - 主循環執行時間過長: 30.5ms
2025-07-21 02:41:22 [INFO] GripperOptimized:fast_loop:484 - 性能統計: 循環=561000, 平均耗時=13.7ms, 最大耗時=81.3ms, 指令數=59
2025-07-21 02:41:24 [WARNING] GripperOptimized:fast_loop:492 - 主循環執行時間過長: 30.3ms
2025-07-21 02:41:25 [WARNING] GripperOptimized:fast_loop:492 - 主循環執行時間過長: 30.4ms
2025-07-21 02:41:31 [WARNING] GripperOptimized:fast_loop:492 - 主循環執行時間過長: 30.0ms
2025-07-21 02:41:35 [WARNING] GripperOptimized:fast_loop:492 - 主循環執行時間過長: 30.8ms
2025-07-21 02:41:43 [INFO] GripperOptimized:fast_loop:484 - 性能統計: 循環=562000, 平均耗時=13.5ms, 最大耗時=81.3ms, 指令數=59
2025-07-21 02:41:45 [WARNING] GripperOptimized:fast_loop:492 - 主循環執行時間過長: 31.2ms
2025-07-21 02:41:48 [WARNING] GripperOptimized:fast_loop:492 - 主循環執行時間過長: 30.6ms
2025-07-21 02:41:51 [WARNING] GripperOptimized:fast_loop:492 - 主循環執行時間過長: 30.8ms
2025-07-21 02:41:52 [WARNING] GripperOptimized:fast_loop:492 - 主循環執行時間過長: 30.3ms
2025-07-21 02:42:04 [INFO] GripperOptimized:fast_loop:484 - 性能統計: 循環=563000, 平均耗時=12.8ms, 最大耗時=81.3ms, 指令數=59
2025-07-21 02:42:05 [WARNING] GripperOptimized:fast_loop:492 - 主循環執行時間過長: 30.6ms
2025-07-21 02:42:13 [WARNING] GripperOptimized:fast_loop:492 - 主循環執行時間過長: 30.1ms
2025-07-21 02:42:14 [WARNING] GripperOptimized:fast_loop:492 - 主循環執行時間過長: 30.2ms
2025-07-21 02:42:25 [INFO] GripperOptimized:fast_loop:484 - 性能統計: 循環=564000, 平均耗時=13.2ms, 最大耗時=81.3ms, 指令數=59
2025-07-21 02:42:33 [WARNING] GripperOptimized:fast_loop:492 - 主循環執行時間過長: 30.2ms
2025-07-21 02:42:35 [WARNING] GripperOptimized:fast_loop:492 - 主循環執行時間過長: 32.0ms
2025-07-21 02:42:39 [WARNING] GripperOptimized:fast_loop:492 - 主循環執行時間過長: 31.7ms
2025-07-21 02:42:40 [WARNING] GripperOptimized:fast_loop:492 - 主循環執行時間過長: 30.1ms
2025-07-21 02:42:46 [INFO] GripperOptimized:fast_loop:484 - 性能統計: 循環=565000, 平均耗時=13.0ms, 最大耗時=81.3ms, 指令數=59
2025-07-21 02:42:46 [WARNING] GripperOptimized:fast_loop:492 - 主循環執行時間過長: 31.8ms
2025-07-21 02:43:06 [INFO] GripperOptimized:fast_loop:484 - 性能統計: 循環=566000, 平均耗時=13.4ms, 最大耗時=81.3ms, 指令數=59
2025-07-21 02:43:06 [WARNING] GripperOptimized:fast_loop:492 - 主循環執行時間過長: 31.4ms
2025-07-21 02:43:18 [WARNING] GripperOptimized:fast_loop:492 - 主循環執行時間過長: 31.2ms
2025-07-21 02:43:27 [INFO] GripperOptimized:fast_loop:484 - 性能統計: 循環=567000, 平均耗時=12.8ms, 最大耗時=81.3ms, 指令數=59
2025-07-21 02:43:29 [WARNING] GripperOptimized:fast_loop:492 - 主循環執行時間過長: 31.6ms
2025-07-21 02:43:33 [WARNING] GripperOptimized:fast_loop:492 - 主循環執行時間過長: 31.9ms
2025-07-21 02:43:40 [WARNING] GripperOptimized:fast_loop:492 - 主循環執行時間過長: 30.4ms
2025-07-21 02:43:42 [WARNING] GripperOptimized:fast_loop:492 - 主循環執行時間過長: 32.0ms
2025-07-21 02:43:45 [WARNING] GripperOptimized:fast_loop:492 - 主循環執行時間過長: 33.5ms
2025-07-21 02:43:48 [INFO] GripperOptimized:fast_loop:484 - 性能統計: 循環=568000, 平均耗時=13.6ms, 最大耗時=81.3ms, 指令數=59
2025-07-21 02:43:55 [WARNING] GripperOptimized:fast_loop:492 - 主循環執行時間過長: 33.3ms
2025-07-21 02:43:57 [WARNING] GripperOptimized:fast_loop:492 - 主循環執行時間過長: 31.4ms
2025-07-21 02:43:59 [WARNING] GripperOptimized:fast_loop:492 - 主循環執行時間過長: 31.1ms
2025-07-21 02:44:06 [WARNING] GripperOptimized:fast_loop:492 - 主循環執行時間過長: 30.2ms
2025-07-21 02:44:09 [INFO] GripperOptimized:fast_loop:484 - 性能統計: 循環=569000, 平均耗時=12.6ms, 最大耗時=81.3ms, 指令數=59
2025-07-21 02:44:12 [WARNING] GripperOptimized:fast_loop:492 - 主循環執行時間過長: 30.2ms
2025-07-21 02:44:15 [WARNING] GripperOptimized:fast_loop:492 - 主循環執行時間過長: 31.8ms
2025-07-21 02:44:17 [WARNING] GripperOptimized:fast_loop:492 - 主循環執行時間過長: 30.7ms
2025-07-21 02:44:18 [WARNING] GripperOptimized:fast_loop:492 - 主循環執行時間過長: 30.4ms
2025-07-21 02:44:30 [INFO] GripperOptimized:fast_loop:484 - 性能統計: 循環=570000, 平均耗時=14.4ms, 最大耗時=81.3ms, 指令數=59
2025-07-21 02:44:39 [WARNING] GripperOptimized:fast_loop:492 - 主循環執行時間過長: 30.7ms
2025-07-21 02:44:50 [INFO] GripperOptimized:fast_loop:484 - 性能統計: 循環=571000, 平均耗時=13.2ms, 最大耗時=81.3ms, 指令數=59
2025-07-21 02:44:51 [WARNING] GripperOptimized:fast_loop:492 - 主循環執行時間過長: 30.8ms
2025-07-21 02:44:56 [WARNING] GripperOptimized:fast_loop:492 - 主循環執行時間過長: 30.1ms
2025-07-21 02:45:03 [WARNING] GripperOptimized:fast_loop:492 - 主循環執行時間過長: 31.6ms
2025-07-21 02:45:06 [WARNING] GripperOptimized:fast_loop:492 - 主循環執行時間過長: 31.5ms
2025-07-21 02:45:09 [WARNING] GripperOptimized:fast_loop:492 - 主循環執行時間過長: 30.0ms
2025-07-21 02:45:11 [INFO] GripperOptimized:fast_loop:484 - 性能統計: 循環=572000, 平均耗時=13.5ms, 最大耗時=81.3ms, 指令數=59
2025-07-21 02:45:13 [WARNING] GripperOptimized:fast_loop:492 - 主循環執行時間過長: 30.3ms
2025-07-21 02:45:14 [WARNING] GripperOptimized:fast_loop:492 - 主循環執行時間過長: 30.3ms
2025-07-21 02:45:27 [WARNING] GripperOptimized:fast_loop:492 - 主循環執行時間過長: 33.1ms
2025-07-21 02:45:32 [INFO] GripperOptimized:fast_loop:484 - 性能統計: 循環=573000, 平均耗時=13.5ms, 最大耗時=81.3ms, 指令數=59
2025-07-21 02:45:32 [WARNING] GripperOptimized:fast_loop:492 - 主循環執行時間過長: 30.8ms
2025-07-21 02:45:40 [WARNING] GripperOptimized:fast_loop:492 - 主循環執行時間過長: 31.2ms
2025-07-21 02:45:51 [WARNING] GripperOptimized:fast_loop:492 - 主循環執行時間過長: 30.7ms
2025-07-21 02:45:53 [INFO] GripperOptimized:fast_loop:484 - 性能統計: 循環=574000, 平均耗時=14.1ms, 最大耗時=81.3ms, 指令數=59
2025-07-21 02:46:01 [WARNING] GripperOptimized:fast_loop:492 - 主循環執行時間過長: 30.7ms
2025-07-21 02:46:04 [WARNING] GripperOptimized:fast_loop:492 - 主循環執行時間過長: 30.1ms
2025-07-21 02:46:07 [WARNING] GripperOptimized:fast_loop:492 - 主循環執行時間過長: 30.1ms
2025-07-21 02:46:14 [INFO] GripperOptimized:fast_loop:484 - 性能統計: 循環=575000, 平均耗時=13.1ms, 最大耗時=81.3ms, 指令數=59
2025-07-21 02:46:28 [WARNING] GripperOptimized:fast_loop:492 - 主循環執行時間過長: 30.3ms
2025-07-21 02:46:30 [WARNING] GripperOptimized:fast_loop:492 - 主循環執行時間過長: 31.5ms
2025-07-21 02:46:34 [INFO] GripperOptimized:fast_loop:484 - 性能統計: 循環=576000, 平均耗時=13.7ms, 最大耗時=81.3ms, 指令數=59
2025-07-21 02:46:39 [WARNING] GripperOptimized:fast_loop:492 - 主循環執行時間過長: 31.3ms
2025-07-21 02:46:47 [WARNING] GripperOptimized:fast_loop:492 - 主循環執行時間過長: 31.0ms
2025-07-21 02:46:53 [WARNING] GripperOptimized:fast_loop:492 - 主循環執行時間過長: 30.0ms
2025-07-21 02:46:54 [WARNING] GripperOptimized:fast_loop:492 - 主循環執行時間過長: 30.3ms
2025-07-21 02:46:55 [INFO] GripperOptimized:fast_loop:484 - 性能統計: 循環=577000, 平均耗時=14.9ms, 最大耗時=81.3ms, 指令數=59
2025-07-21 02:47:13 [WARNING] GripperOptimized:fast_loop:492 - 主循環執行時間過長: 30.5ms
2025-07-21 02:47:16 [INFO] GripperOptimized:fast_loop:484 - 性能統計: 循環=578000, 平均耗時=14.2ms, 最大耗時=81.3ms, 指令數=59
2025-07-21 02:47:25 [WARNING] GripperOptimized:fast_loop:492 - 主循環執行時間過長: 31.3ms
2025-07-21 02:47:34 [WARNING] GripperOptimized:fast_loop:492 - 主循環執行時間過長: 31.6ms
2025-07-21 02:47:37 [INFO] GripperOptimized:fast_loop:484 - 性能統計: 循環=579000, 平均耗時=13.8ms, 最大耗時=81.3ms, 指令數=59
2025-07-21 02:47:37 [WARNING] GripperOptimized:fast_loop:492 - 主循環執行時間過長: 31.0ms
2025-07-21 02:47:40 [WARNING] GripperOptimized:fast_loop:492 - 主循環執行時間過長: 31.6ms
2025-07-21 02:47:44 [WARNING] GripperOptimized:fast_loop:492 - 主循環執行時間過長: 30.0ms
2025-07-21 02:47:51 [WARNING] GripperOptimized:fast_loop:492 - 主循環執行時間過長: 33.5ms
2025-07-21 02:47:54 [WARNING] GripperOptimized:fast_loop:492 - 主循環執行時間過長: 30.0ms
2025-07-21 02:47:55 [WARNING] GripperOptimized:fast_loop:492 - 主循環執行時間過長: 30.6ms
2025-07-21 02:47:57 [INFO] GripperOptimized:fast_loop:484 - 性能統計: 循環=580000, 平均耗時=13.6ms, 最大耗時=81.3ms, 指令數=59
2025-07-21 02:48:02 [WARNING] GripperOptimized:fast_loop:492 - 主循環執行時間過長: 31.9ms
2025-07-21 02:48:04 [WARNING] GripperOptimized:fast_loop:492 - 主循環執行時間過長: 30.2ms
2025-07-21 02:48:09 [WARNING] GripperOptimized:fast_loop:492 - 主循環執行時間過長: 31.4ms
2025-07-21 02:48:11 [WARNING] GripperOptimized:fast_loop:492 - 主循環執行時間過長: 30.3ms
2025-07-21 02:48:13 [WARNING] GripperOptimized:fast_loop:492 - 主循環執行時間過長: 30.2ms
2025-07-21 02:48:16 [WARNING] GripperOptimized:fast_loop:492 - 主循環執行時間過長: 30.5ms
2025-07-21 02:48:18 [INFO] GripperOptimized:fast_loop:484 - 性能統計: 循環=581000, 平均耗時=13.4ms, 最大耗時=81.3ms, 指令數=59
2025-07-21 02:48:20 [WARNING] GripperOptimized:fast_loop:492 - 主循環執行時間過長: 33.5ms
2025-07-21 02:48:25 [WARNING] GripperOptimized:fast_loop:492 - 主循環執行時間過長: 31.1ms
2025-07-21 02:48:39 [INFO] GripperOptimized:fast_loop:484 - 性能統計: 循環=582000, 平均耗時=13.1ms, 最大耗時=81.3ms, 指令數=59
2025-07-21 02:48:46 [WARNING] GripperOptimized:fast_loop:492 - 主循環執行時間過長: 30.9ms
2025-07-21 02:48:49 [WARNING] GripperOptimized:fast_loop:492 - 主循環執行時間過長: 30.2ms
2025-07-21 02:49:00 [INFO] GripperOptimized:fast_loop:484 - 性能統計: 循環=583000, 平均耗時=13.6ms, 最大耗時=81.3ms, 指令數=59
2025-07-21 02:49:02 [WARNING] GripperOptimized:fast_loop:492 - 主循環執行時間過長: 31.2ms
2025-07-21 02:49:04 [WARNING] GripperOptimized:fast_loop:492 - 主循環執行時間過長: 30.1ms
2025-07-21 02:49:11 [WARNING] GripperOptimized:fast_loop:492 - 主循環執行時間過長: 31.6ms
2025-07-21 02:49:21 [INFO] GripperOptimized:fast_loop:484 - 性能統計: 循環=584000, 平均耗時=13.3ms, 最大耗時=81.3ms, 指令數=59
2025-07-21 02:49:22 [WARNING] GripperOptimized:fast_loop:492 - 主循環執行時間過長: 31.6ms
2025-07-21 02:49:24 [WARNING] GripperOptimized:fast_loop:492 - 主循環執行時間過長: 30.8ms
2025-07-21 02:49:27 [WARNING] GripperOptimized:fast_loop:492 - 主循環執行時間過長: 30.4ms
2025-07-21 02:49:29 [WARNING] GripperOptimized:fast_loop:492 - 主循環執行時間過長: 31.4ms
2025-07-21 02:49:32 [WARNING] GripperOptimized:fast_loop:492 - 主循環執行時間過長: 31.1ms
2025-07-21 02:49:35 [WARNING] GripperOptimized:fast_loop:492 - 主循環執行時間過長: 30.3ms
2025-07-21 02:49:41 [INFO] GripperOptimized:fast_loop:484 - 性能統計: 循環=585000, 平均耗時=13.8ms, 最大耗時=81.3ms, 指令數=59
2025-07-21 02:49:50 [WARNING] GripperOptimized:fast_loop:492 - 主循環執行時間過長: 31.4ms
2025-07-21 02:49:54 [WARNING] GripperOptimized:fast_loop:492 - 主循環執行時間過長: 30.7ms
2025-07-21 02:49:56 [WARNING] GripperOptimized:fast_loop:492 - 主循環執行時間過長: 30.2ms
2025-07-21 02:49:57 [WARNING] GripperOptimized:fast_loop:492 - 主循環執行時間過長: 31.5ms
2025-07-21 02:50:02 [INFO] GripperOptimized:fast_loop:484 - 性能統計: 循環=586000, 平均耗時=12.1ms, 最大耗時=81.3ms, 指令數=59
2025-07-21 02:50:02 [WARNING] GripperOptimized:fast_loop:492 - 主循環執行時間過長: 32.0ms
2025-07-21 02:50:07 [WARNING] GripperOptimized:fast_loop:492 - 主循環執行時間過長: 30.9ms
2025-07-21 02:50:08 [WARNING] GripperOptimized:fast_loop:492 - 主循環執行時間過長: 31.9ms
2025-07-21 02:50:23 [INFO] GripperOptimized:fast_loop:484 - 性能統計: 循環=587000, 平均耗時=13.4ms, 最大耗時=81.3ms, 指令數=59
2025-07-21 02:50:23 [WARNING] GripperOptimized:fast_loop:492 - 主循環執行時間過長: 31.2ms
2025-07-21 02:50:27 [WARNING] GripperOptimized:fast_loop:492 - 主循環執行時間過長: 30.3ms
2025-07-21 02:50:34 [WARNING] GripperOptimized:fast_loop:492 - 主循環執行時間過長: 30.8ms
2025-07-21 02:50:39 [WARNING] GripperOptimized:fast_loop:492 - 主循環執行時間過長: 30.2ms
2025-07-21 02:50:43 [WARNING] GripperOptimized:fast_loop:492 - 主循環執行時間過長: 32.7ms
2025-07-21 02:50:44 [INFO] GripperOptimized:fast_loop:484 - 性能統計: 循環=588000, 平均耗時=13.1ms, 最大耗時=81.3ms, 指令數=59
2025-07-21 02:50:50 [WARNING] GripperOptimized:fast_loop:492 - 主循環執行時間過長: 30.4ms
2025-07-21 02:50:57 [WARNING] GripperOptimized:fast_loop:492 - 主循環執行時間過長: 31.2ms
2025-07-21 02:51:05 [INFO] GripperOptimized:fast_loop:484 - 性能統計: 循環=589000, 平均耗時=13.1ms, 最大耗時=81.3ms, 指令數=59
2025-07-21 02:51:07 [WARNING] GripperOptimized:fast_loop:492 - 主循環執行時間過長: 32.3ms
2025-07-21 02:51:12 [WARNING] GripperOptimized:fast_loop:492 - 主循環執行時間過長: 30.2ms
2025-07-21 02:51:15 [WARNING] GripperOptimized:fast_loop:492 - 主循環執行時間過長: 32.0ms
2025-07-21 02:51:17 [WARNING] GripperOptimized:fast_loop:492 - 主循環執行時間過長: 30.4ms
2025-07-21 02:51:25 [INFO] GripperOptimized:fast_loop:484 - 性能統計: 循環=590000, 平均耗時=14.0ms, 最大耗時=81.3ms, 指令數=59
2025-07-21 02:51:27 [WARNING] GripperOptimized:fast_loop:492 - 主循環執行時間過長: 30.1ms
2025-07-21 02:51:38 [WARNING] GripperOptimized:fast_loop:492 - 主循環執行時間過長: 36.1ms
2025-07-21 02:51:42 [WARNING] GripperOptimized:fast_loop:492 - 主循環執行時間過長: 33.8ms
2025-07-21 02:51:45 [WARNING] GripperOptimized:fast_loop:492 - 主循環執行時間過長: 30.8ms
2025-07-21 02:51:46 [INFO] GripperOptimized:fast_loop:484 - 性能統計: 循環=591000, 平均耗時=13.3ms, 最大耗時=81.3ms, 指令數=59
2025-07-21 02:51:50 [WARNING] GripperOptimized:fast_loop:492 - 主循環執行時間過長: 30.2ms
2025-07-21 02:51:54 [WARNING] GripperOptimized:fast_loop:492 - 主循環執行時間過長: 35.1ms
2025-07-21 02:52:07 [INFO] GripperOptimized:fast_loop:484 - 性能統計: 循環=592000, 平均耗時=13.7ms, 最大耗時=81.3ms, 指令數=59
2025-07-21 02:52:07 [WARNING] GripperOptimized:fast_loop:492 - 主循環執行時間過長: 30.7ms
2025-07-21 02:52:08 [WARNING] GripperOptimized:fast_loop:492 - 主循環執行時間過長: 32.8ms
2025-07-21 02:52:11 [WARNING] GripperOptimized:fast_loop:492 - 主循環執行時間過長: 31.3ms
2025-07-21 02:52:16 [WARNING] GripperOptimized:fast_loop:492 - 主循環執行時間過長: 30.3ms
2025-07-21 02:52:26 [WARNING] GripperOptimized:fast_loop:492 - 主循環執行時間過長: 30.8ms
2025-07-21 02:52:27 [WARNING] GripperOptimized:fast_loop:492 - 主循環執行時間過長: 30.1ms
2025-07-21 02:52:28 [INFO] GripperOptimized:fast_loop:484 - 性能統計: 循環=593000, 平均耗時=13.1ms, 最大耗時=81.3ms, 指令數=59
2025-07-21 02:52:31 [WARNING] GripperOptimized:fast_loop:492 - 主循環執行時間過長: 30.2ms
2025-07-21 02:52:38 [WARNING] GripperOptimized:fast_loop:492 - 主循環執行時間過長: 32.2ms
2025-07-21 02:52:42 [WARNING] GripperOptimized:fast_loop:492 - 主循環執行時間過長: 30.1ms
2025-07-21 02:52:44 [WARNING] GripperOptimized:fast_loop:492 - 主循環執行時間過長: 31.2ms
2025-07-21 02:52:49 [INFO] GripperOptimized:fast_loop:484 - 性能統計: 循環=594000, 平均耗時=13.0ms, 最大耗時=81.3ms, 指令數=59
2025-07-21 02:52:51 [WARNING] GripperOptimized:fast_loop:492 - 主循環執行時間過長: 31.4ms
2025-07-21 02:52:52 [WARNING] GripperOptimized:fast_loop:492 - 主循環執行時間過長: 30.3ms
2025-07-21 02:52:55 [WARNING] GripperOptimized:fast_loop:492 - 主循環執行時間過長: 35.0ms
2025-07-21 02:52:57 [WARNING] GripperOptimized:fast_loop:492 - 主循環執行時間過長: 31.7ms
2025-07-21 02:53:03 [WARNING] GripperOptimized:fast_loop:492 - 主循環執行時間過長: 31.0ms
2025-07-21 02:53:04 [WARNING] GripperOptimized:fast_loop:492 - 主循環執行時間過長: 31.4ms
2025-07-21 02:53:09 [INFO] GripperOptimized:fast_loop:484 - 性能統計: 循環=595000, 平均耗時=13.4ms, 最大耗時=81.3ms, 指令數=59
2025-07-21 02:53:14 [WARNING] GripperOptimized:fast_loop:492 - 主循環執行時間過長: 31.5ms
2025-07-21 02:53:18 [WARNING] GripperOptimized:fast_loop:492 - 主循環執行時間過長: 30.3ms
2025-07-21 02:53:25 [WARNING] GripperOptimized:fast_loop:492 - 主循環執行時間過長: 30.3ms
2025-07-21 02:53:29 [WARNING] GripperOptimized:fast_loop:492 - 主循環執行時間過長: 31.4ms
2025-07-21 02:53:30 [INFO] GripperOptimized:fast_loop:484 - 性能統計: 循環=596000, 平均耗時=13.6ms, 最大耗時=81.3ms, 指令數=59
2025-07-21 02:53:47 [WARNING] GripperOptimized:fast_loop:492 - 主循環執行時間過長: 31.1ms
2025-07-21 02:53:51 [INFO] GripperOptimized:fast_loop:484 - 性能統計: 循環=597000, 平均耗時=13.3ms, 最大耗時=81.3ms, 指令數=59
2025-07-21 02:53:52 [WARNING] GripperOptimized:fast_loop:492 - 主循環執行時間過長: 33.0ms
2025-07-21 02:53:54 [WARNING] GripperOptimized:fast_loop:492 - 主循環執行時間過長: 31.5ms
2025-07-21 02:54:02 [WARNING] GripperOptimized:fast_loop:492 - 主循環執行時間過長: 30.2ms
2025-07-21 02:54:12 [INFO] GripperOptimized:fast_loop:484 - 性能統計: 循環=598000, 平均耗時=12.9ms, 最大耗時=81.3ms, 指令數=59
2025-07-21 02:54:22 [WARNING] GripperOptimized:fast_loop:492 - 主循環執行時間過長: 31.1ms
2025-07-21 02:54:26 [WARNING] GripperOptimized:fast_loop:492 - 主循環執行時間過長: 30.1ms
2025-07-21 02:54:29 [WARNING] GripperOptimized:fast_loop:492 - 主循環執行時間過長: 33.1ms
2025-07-21 02:54:33 [INFO] GripperOptimized:fast_loop:484 - 性能統計: 循環=599000, 平均耗時=13.1ms, 最大耗時=81.3ms, 指令數=59
2025-07-21 02:54:35 [WARNING] GripperOptimized:fast_loop:492 - 主循環執行時間過長: 30.8ms
2025-07-21 02:54:41 [WARNING] GripperOptimized:fast_loop:492 - 主循環執行時間過長: 31.2ms
2025-07-21 02:54:44 [WARNING] GripperOptimized:fast_loop:492 - 主循環執行時間過長: 31.5ms
2025-07-21 02:54:49 [WARNING] GripperOptimized:fast_loop:492 - 主循環執行時間過長: 31.2ms
2025-07-21 02:54:53 [INFO] GripperOptimized:fast_loop:484 - 性能統計: 循環=600000, 平均耗時=12.7ms, 最大耗時=81.3ms, 指令數=59
2025-07-21 02:54:53 [WARNING] GripperOptimized:fast_loop:492 - 主循環執行時間過長: 30.4ms
2025-07-21 02:55:05 [WARNING] GripperOptimized:fast_loop:492 - 主循環執行時間過長: 30.7ms
2025-07-21 02:55:13 [WARNING] GripperOptimized:fast_loop:492 - 主循環執行時間過長: 32.9ms
2025-07-21 02:55:14 [INFO] GripperOptimized:fast_loop:484 - 性能統計: 循環=601000, 平均耗時=13.6ms, 最大耗時=81.3ms, 指令數=59
2025-07-21 02:55:20 [WARNING] GripperOptimized:fast_loop:492 - 主循環執行時間過長: 33.3ms
2025-07-21 02:55:35 [INFO] GripperOptimized:fast_loop:484 - 性能統計: 循環=602000, 平均耗時=13.0ms, 最大耗時=81.3ms, 指令數=59
2025-07-21 02:55:35 [WARNING] GripperOptimized:fast_loop:492 - 主循環執行時間過長: 30.0ms
2025-07-21 02:55:39 [WARNING] GripperOptimized:fast_loop:492 - 主循環執行時間過長: 34.9ms
2025-07-21 02:55:47 [WARNING] GripperOptimized:fast_loop:492 - 主循環執行時間過長: 30.7ms
2025-07-21 02:55:53 [WARNING] GripperOptimized:fast_loop:492 - 主循環執行時間過長: 30.3ms
2025-07-21 02:55:56 [INFO] GripperOptimized:fast_loop:484 - 性能統計: 循環=603000, 平均耗時=12.8ms, 最大耗時=81.3ms, 指令數=59
2025-07-21 02:56:03 [WARNING] GripperOptimized:fast_loop:492 - 主循環執行時間過長: 31.6ms
2025-07-21 02:56:05 [WARNING] GripperOptimized:fast_loop:492 - 主循環執行時間過長: 31.8ms
2025-07-21 02:56:06 [WARNING] GripperOptimized:fast_loop:492 - 主循環執行時間過長: 31.5ms
2025-07-21 02:56:10 [WARNING] GripperOptimized:fast_loop:492 - 主循環執行時間過長: 30.9ms
2025-07-21 02:56:14 [WARNING] GripperOptimized:fast_loop:492 - 主循環執行時間過長: 31.3ms
2025-07-21 02:56:16 [INFO] GripperOptimized:fast_loop:484 - 性能統計: 循環=604000, 平均耗時=12.4ms, 最大耗時=81.3ms, 指令數=59
2025-07-21 02:56:24 [WARNING] GripperOptimized:fast_loop:492 - 主循環執行時間過長: 30.2ms
2025-07-21 02:56:31 [WARNING] GripperOptimized:fast_loop:492 - 主循環執行時間過長: 32.0ms
2025-07-21 02:56:32 [WARNING] GripperOptimized:fast_loop:492 - 主循環執行時間過長: 30.8ms
2025-07-21 02:56:37 [INFO] GripperOptimized:fast_loop:484 - 性能統計: 循環=605000, 平均耗時=12.8ms, 最大耗時=81.3ms, 指令數=59
2025-07-21 02:56:46 [WARNING] GripperOptimized:fast_loop:492 - 主循環執行時間過長: 30.3ms
2025-07-21 02:56:47 [WARNING] GripperOptimized:fast_loop:492 - 主循環執行時間過長: 30.0ms
2025-07-21 02:56:58 [INFO] GripperOptimized:fast_loop:484 - 性能統計: 循環=606000, 平均耗時=13.1ms, 最大耗時=81.3ms, 指令數=59
2025-07-21 02:57:13 [WARNING] GripperOptimized:fast_loop:492 - 主循環執行時間過長: 31.1ms
2025-07-21 02:57:17 [WARNING] GripperOptimized:fast_loop:492 - 主循環執行時間過長: 30.6ms
2025-07-21 02:57:19 [INFO] GripperOptimized:fast_loop:484 - 性能統計: 循環=607000, 平均耗時=13.0ms, 最大耗時=81.3ms, 指令數=59
2025-07-21 02:57:19 [WARNING] GripperOptimized:fast_loop:492 - 主循環執行時間過長: 31.7ms
2025-07-21 02:57:24 [WARNING] GripperOptimized:fast_loop:492 - 主循環執行時間過長: 30.9ms
2025-07-21 02:57:26 [WARNING] GripperOptimized:fast_loop:492 - 主循環執行時間過長: 30.8ms
2025-07-21 02:57:36 [WARNING] GripperOptimized:fast_loop:492 - 主循環執行時間過長: 30.7ms
2025-07-21 02:57:39 [WARNING] GripperOptimized:fast_loop:492 - 主循環執行時間過長: 31.8ms
2025-07-21 02:57:40 [INFO] GripperOptimized:fast_loop:484 - 性能統計: 循環=608000, 平均耗時=13.7ms, 最大耗時=81.3ms, 指令數=59
2025-07-21 02:58:00 [INFO] GripperOptimized:fast_loop:484 - 性能統計: 循環=609000, 平均耗時=14.5ms, 最大耗時=81.3ms, 指令數=59
2025-07-21 02:58:12 [WARNING] GripperOptimized:fast_loop:492 - 主循環執行時間過長: 30.4ms
2025-07-21 02:58:21 [INFO] GripperOptimized:fast_loop:484 - 性能統計: 循環=610000, 平均耗時=12.8ms, 最大耗時=81.3ms, 指令數=59
2025-07-21 02:58:21 [WARNING] GripperOptimized:fast_loop:492 - 主循環執行時間過長: 30.3ms
2025-07-21 02:58:22 [WARNING] GripperOptimized:fast_loop:492 - 主循環執行時間過長: 32.2ms
2025-07-21 02:58:27 [WARNING] GripperOptimized:fast_loop:492 - 主循環執行時間過長: 30.4ms
2025-07-21 02:58:42 [INFO] GripperOptimized:fast_loop:484 - 性能統計: 循環=611000, 平均耗時=14.2ms, 最大耗時=81.3ms, 指令數=59
2025-07-21 02:58:58 [WARNING] GripperOptimized:fast_loop:492 - 主循環執行時間過長: 30.6ms
2025-07-21 02:58:59 [WARNING] GripperOptimized:fast_loop:492 - 主循環執行時間過長: 30.2ms
2025-07-21 02:59:02 [WARNING] GripperOptimized:fast_loop:492 - 主循環執行時間過長: 30.7ms
2025-07-21 02:59:03 [INFO] GripperOptimized:fast_loop:484 - 性能統計: 循環=612000, 平均耗時=13.5ms, 最大耗時=81.3ms, 指令數=59
2025-07-21 02:59:12 [WARNING] GripperOptimized:fast_loop:492 - 主循環執行時間過長: 31.0ms
2025-07-21 02:59:24 [INFO] GripperOptimized:fast_loop:484 - 性能統計: 循環=613000, 平均耗時=13.9ms, 最大耗時=81.3ms, 指令數=59
2025-07-21 02:59:25 [WARNING] GripperOptimized:fast_loop:492 - 主循環執行時間過長: 30.5ms
2025-07-21 02:59:27 [WARNING] GripperOptimized:fast_loop:492 - 主循環執行時間過長: 30.2ms
2025-07-21 02:59:32 [WARNING] GripperOptimized:fast_loop:492 - 主循環執行時間過長: 30.6ms
2025-07-21 02:59:39 [WARNING] GripperOptimized:fast_loop:492 - 主循環執行時間過長: 31.7ms
2025-07-21 02:59:44 [INFO] GripperOptimized:fast_loop:484 - 性能統計: 循環=614000, 平均耗時=13.6ms, 最大耗時=81.3ms, 指令數=59
2025-07-21 02:59:46 [WARNING] GripperOptimized:fast_loop:492 - 主循環執行時間過長: 30.5ms
2025-07-21 02:59:48 [WARNING] GripperOptimized:fast_loop:492 - 主循環執行時間過長: 31.4ms
2025-07-21 02:59:50 [WARNING] GripperOptimized:fast_loop:492 - 主循環執行時間過長: 31.3ms
2025-07-21 02:59:55 [WARNING] GripperOptimized:fast_loop:492 - 主循環執行時間過長: 34.1ms
2025-07-21 03:00:05 [INFO] GripperOptimized:fast_loop:484 - 性能統計: 循環=615000, 平均耗時=13.9ms, 最大耗時=81.3ms, 指令數=59
2025-07-21 03:00:06 [WARNING] GripperOptimized:fast_loop:492 - 主循環執行時間過長: 30.5ms
2025-07-21 03:00:08 [WARNING] GripperOptimized:fast_loop:492 - 主循環執行時間過長: 31.5ms
2025-07-21 03:00:12 [WARNING] GripperOptimized:fast_loop:492 - 主循環執行時間過長: 31.1ms
2025-07-21 03:00:22 [WARNING] GripperOptimized:fast_loop:492 - 主循環執行時間過長: 30.4ms
2025-07-21 03:00:26 [INFO] GripperOptimized:fast_loop:484 - 性能統計: 循環=616000, 平均耗時=13.7ms, 最大耗時=81.3ms, 指令數=59
2025-07-21 03:00:28 [WARNING] GripperOptimized:fast_loop:492 - 主循環執行時間過長: 31.6ms
2025-07-21 03:00:36 [WARNING] GripperOptimized:fast_loop:492 - 主循環執行時間過長: 30.3ms
2025-07-21 03:00:42 [WARNING] GripperOptimized:fast_loop:492 - 主循環執行時間過長: 30.3ms
2025-07-21 03:00:44 [WARNING] GripperOptimized:fast_loop:492 - 主循環執行時間過長: 32.1ms
2025-07-21 03:00:47 [INFO] GripperOptimized:fast_loop:484 - 性能統計: 循環=617000, 平均耗時=14.2ms, 最大耗時=81.3ms, 指令數=59
2025-07-21 03:00:49 [WARNING] GripperOptimized:fast_loop:492 - 主循環執行時間過長: 30.0ms
2025-07-21 03:00:58 [WARNING] GripperOptimized:fast_loop:492 - 主循環執行時間過長: 30.4ms
2025-07-21 03:01:04 [WARNING] GripperOptimized:fast_loop:492 - 主循環執行時間過長: 30.8ms
2025-07-21 03:01:08 [INFO] GripperOptimized:fast_loop:484 - 性能統計: 循環=618000, 平均耗時=13.6ms, 最大耗時=81.3ms, 指令數=59
2025-07-21 03:01:24 [WARNING] GripperOptimized:fast_loop:492 - 主循環執行時間過長: 31.1ms
2025-07-21 03:01:28 [INFO] GripperOptimized:fast_loop:484 - 性能統計: 循環=619000, 平均耗時=13.4ms, 最大耗時=81.3ms, 指令數=59
2025-07-21 03:01:29 [WARNING] GripperOptimized:fast_loop:492 - 主循環執行時間過長: 31.9ms
2025-07-21 03:01:37 [WARNING] GripperOptimized:fast_loop:492 - 主循環執行時間過長: 32.2ms
2025-07-21 03:01:41 [WARNING] GripperOptimized:fast_loop:492 - 主循環執行時間過長: 30.1ms
2025-07-21 03:01:46 [WARNING] GripperOptimized:fast_loop:492 - 主循環執行時間過長: 30.6ms
2025-07-21 03:01:49 [INFO] GripperOptimized:fast_loop:484 - 性能統計: 循環=620000, 平均耗時=14.0ms, 最大耗時=81.3ms, 指令數=59
2025-07-21 03:01:59 [WARNING] GripperOptimized:fast_loop:492 - 主循環執行時間過長: 30.6ms
2025-07-21 03:02:00 [WARNING] GripperOptimized:fast_loop:492 - 主循環執行時間過長: 30.6ms
2025-07-21 03:02:05 [WARNING] GripperOptimized:fast_loop:492 - 主循環執行時間過長: 30.4ms
2025-07-21 03:02:10 [INFO] GripperOptimized:fast_loop:484 - 性能統計: 循環=621000, 平均耗時=13.8ms, 最大耗時=81.3ms, 指令數=59
2025-07-21 03:02:15 [WARNING] GripperOptimized:fast_loop:492 - 主循環執行時間過長: 31.1ms
2025-07-21 03:02:30 [WARNING] GripperOptimized:fast_loop:492 - 主循環執行時間過長: 30.1ms
2025-07-21 03:02:31 [INFO] GripperOptimized:fast_loop:484 - 性能統計: 循環=622000, 平均耗時=12.6ms, 最大耗時=81.3ms, 指令數=59
2025-07-21 03:02:31 [WARNING] GripperOptimized:fast_loop:492 - 主循環執行時間過長: 31.2ms
2025-07-21 03:02:32 [WARNING] GripperOptimized:fast_loop:492 - 主循環執行時間過長: 30.3ms
2025-07-21 03:02:38 [WARNING] GripperOptimized:fast_loop:492 - 主循環執行時間過長: 32.1ms
2025-07-21 03:02:42 [WARNING] GripperOptimized:fast_loop:492 - 主循環執行時間過長: 30.1ms
2025-07-21 03:02:43 [WARNING] GripperOptimized:fast_loop:492 - 主循環執行時間過長: 30.9ms
2025-07-21 03:02:50 [WARNING] GripperOptimized:fast_loop:492 - 主循環執行時間過長: 30.8ms
2025-07-21 03:02:51 [INFO] GripperOptimized:fast_loop:484 - 性能統計: 循環=623000, 平均耗時=13.1ms, 最大耗時=81.3ms, 指令數=59
2025-07-21 03:03:08 [WARNING] GripperOptimized:fast_loop:492 - 主循環執行時間過長: 30.0ms
2025-07-21 03:03:12 [INFO] GripperOptimized:fast_loop:484 - 性能統計: 循環=624000, 平均耗時=13.0ms, 最大耗時=81.3ms, 指令數=59
2025-07-21 03:03:14 [WARNING] GripperOptimized:fast_loop:492 - 主循環執行時間過長: 30.0ms
2025-07-21 03:03:18 [WARNING] GripperOptimized:fast_loop:492 - 主循環執行時間過長: 30.6ms
2025-07-21 03:03:22 [WARNING] GripperOptimized:fast_loop:492 - 主循環執行時間過長: 31.0ms
2025-07-21 03:03:23 [WARNING] GripperOptimized:fast_loop:492 - 主循環執行時間過長: 31.4ms
2025-07-21 03:03:26 [WARNING] GripperOptimized:fast_loop:492 - 主循環執行時間過長: 30.8ms
2025-07-21 03:03:33 [INFO] GripperOptimized:fast_loop:484 - 性能統計: 循環=625000, 平均耗時=13.4ms, 最大耗時=81.3ms, 指令數=59
2025-07-21 03:03:38 [WARNING] GripperOptimized:fast_loop:492 - 主循環執行時間過長: 30.0ms
2025-07-21 03:03:51 [WARNING] GripperOptimized:fast_loop:492 - 主循環執行時間過長: 34.5ms
2025-07-21 03:03:54 [INFO] GripperOptimized:fast_loop:484 - 性能統計: 循環=626000, 平均耗時=13.1ms, 最大耗時=81.3ms, 指令數=59
2025-07-21 03:03:54 [WARNING] GripperOptimized:fast_loop:492 - 主循環執行時間過長: 30.3ms
2025-07-21 03:03:58 [WARNING] GripperOptimized:fast_loop:492 - 主循環執行時間過長: 34.3ms
2025-07-21 03:04:12 [WARNING] GripperOptimized:fast_loop:492 - 主循環執行時間過長: 31.0ms
2025-07-21 03:04:15 [INFO] GripperOptimized:fast_loop:484 - 性能統計: 循環=627000, 平均耗時=14.0ms, 最大耗時=81.3ms, 指令數=59
2025-07-21 03:04:19 [WARNING] GripperOptimized:fast_loop:492 - 主循環執行時間過長: 30.5ms
2025-07-21 03:04:20 [WARNING] GripperOptimized:fast_loop:492 - 主循環執行時間過長: 30.0ms
2025-07-21 03:04:26 [WARNING] GripperOptimized:fast_loop:492 - 主循環執行時間過長: 31.7ms
2025-07-21 03:04:31 [WARNING] GripperOptimized:fast_loop:492 - 主循環執行時間過長: 30.4ms
2025-07-21 03:04:32 [WARNING] GripperOptimized:fast_loop:492 - 主循環執行時間過長: 30.1ms
2025-07-21 03:04:35 [INFO] GripperOptimized:fast_loop:484 - 性能統計: 循環=628000, 平均耗時=14.0ms, 最大耗時=81.3ms, 指令數=59
2025-07-21 03:04:38 [WARNING] GripperOptimized:fast_loop:492 - 主循環執行時間過長: 31.6ms
2025-07-21 03:04:42 [WARNING] GripperOptimized:fast_loop:492 - 主循環執行時間過長: 30.8ms
2025-07-21 03:04:43 [WARNING] GripperOptimized:fast_loop:492 - 主循環執行時間過長: 31.0ms
2025-07-21 03:04:45 [WARNING] GripperOptimized:fast_loop:492 - 主循環執行時間過長: 30.4ms
2025-07-21 03:04:46 [WARNING] GripperOptimized:fast_loop:492 - 主循環執行時間過長: 30.6ms
2025-07-21 03:04:53 [WARNING] GripperOptimized:fast_loop:492 - 主循環執行時間過長: 31.3ms
2025-07-21 03:04:56 [INFO] GripperOptimized:fast_loop:484 - 性能統計: 循環=629000, 平均耗時=13.4ms, 最大耗時=81.3ms, 指令數=59
2025-07-21 03:05:04 [WARNING] GripperOptimized:fast_loop:492 - 主循環執行時間過長: 30.3ms
2025-07-21 03:05:08 [WARNING] GripperOptimized:fast_loop:492 - 主循環執行時間過長: 31.0ms
2025-07-21 03:05:13 [WARNING] GripperOptimized:fast_loop:492 - 主循環執行時間過長: 32.5ms
2025-07-21 03:05:16 [WARNING] GripperOptimized:fast_loop:492 - 主循環執行時間過長: 30.8ms
2025-07-21 03:05:17 [INFO] GripperOptimized:fast_loop:484 - 性能統計: 循環=630000, 平均耗時=14.1ms, 最大耗時=81.3ms, 指令數=59
2025-07-21 03:05:23 [WARNING] GripperOptimized:fast_loop:492 - 主循環執行時間過長: 36.6ms
2025-07-21 03:05:31 [WARNING] GripperOptimized:fast_loop:492 - 主循環執行時間過長: 31.8ms
2025-07-21 03:05:34 [WARNING] GripperOptimized:fast_loop:492 - 主循環執行時間過長: 30.2ms
2025-07-21 03:05:38 [INFO] GripperOptimized:fast_loop:484 - 性能統計: 循環=631000, 平均耗時=13.3ms, 最大耗時=81.3ms, 指令數=59
2025-07-21 03:05:39 [WARNING] GripperOptimized:fast_loop:492 - 主循環執行時間過長: 30.0ms
2025-07-21 03:05:48 [WARNING] GripperOptimized:fast_loop:492 - 主循環執行時間過長: 30.2ms
2025-07-21 03:05:54 [WARNING] GripperOptimized:fast_loop:492 - 主循環執行時間過長: 31.2ms
2025-07-21 03:05:59 [INFO] GripperOptimized:fast_loop:484 - 性能統計: 循環=632000, 平均耗時=13.0ms, 最大耗時=81.3ms, 指令數=59
2025-07-21 03:05:59 [WARNING] GripperOptimized:fast_loop:492 - 主循環執行時間過長: 30.2ms
2025-07-21 03:06:02 [WARNING] GripperOptimized:fast_loop:492 - 主循環執行時間過長: 33.2ms
2025-07-21 03:06:06 [WARNING] GripperOptimized:fast_loop:492 - 主循環執行時間過長: 30.2ms
2025-07-21 03:06:19 [INFO] GripperOptimized:fast_loop:484 - 性能統計: 循環=633000, 平均耗時=13.1ms, 最大耗時=81.3ms, 指令數=59
2025-07-21 03:06:38 [WARNING] GripperOptimized:fast_loop:492 - 主循環執行時間過長: 30.9ms
2025-07-21 03:06:40 [INFO] GripperOptimized:fast_loop:484 - 性能統計: 循環=634000, 平均耗時=13.5ms, 最大耗時=81.3ms, 指令數=59
2025-07-21 03:06:40 [WARNING] GripperOptimized:fast_loop:492 - 主循環執行時間過長: 31.2ms
2025-07-21 03:06:42 [WARNING] GripperOptimized:fast_loop:492 - 主循環執行時間過長: 31.0ms
2025-07-21 03:06:46 [WARNING] GripperOptimized:fast_loop:492 - 主循環執行時間過長: 31.8ms
2025-07-21 03:06:50 [WARNING] GripperOptimized:fast_loop:492 - 主循環執行時間過長: 32.0ms
2025-07-21 03:06:54 [WARNING] GripperOptimized:fast_loop:492 - 主循環執行時間過長: 30.7ms
2025-07-21 03:07:00 [WARNING] GripperOptimized:fast_loop:492 - 主循環執行時間過長: 31.3ms
2025-07-21 03:07:01 [INFO] GripperOptimized:fast_loop:484 - 性能統計: 循環=635000, 平均耗時=13.2ms, 最大耗時=81.3ms, 指令數=59
2025-07-21 03:07:02 [WARNING] GripperOptimized:fast_loop:492 - 主循環執行時間過長: 30.9ms
2025-07-21 03:07:05 [WARNING] GripperOptimized:fast_loop:492 - 主循環執行時間過長: 30.3ms
2025-07-21 03:07:08 [WARNING] GripperOptimized:fast_loop:492 - 主循環執行時間過長: 30.7ms
2025-07-21 03:07:10 [WARNING] GripperOptimized:fast_loop:492 - 主循環執行時間過長: 31.0ms
2025-07-21 03:07:22 [INFO] GripperOptimized:fast_loop:484 - 性能統計: 循環=636000, 平均耗時=13.0ms, 最大耗時=81.3ms, 指令數=59
2025-07-21 03:07:22 [WARNING] GripperOptimized:fast_loop:492 - 主循環執行時間過長: 30.3ms
2025-07-21 03:07:23 [WARNING] GripperOptimized:fast_loop:492 - 主循環執行時間過長: 30.9ms
2025-07-21 03:07:27 [WARNING] GripperOptimized:fast_loop:492 - 主循環執行時間過長: 30.3ms
2025-07-21 03:07:31 [WARNING] GripperOptimized:fast_loop:492 - 主循環執行時間過長: 31.7ms
2025-07-21 03:07:38 [WARNING] GripperOptimized:fast_loop:492 - 主循環執行時間過長: 32.7ms
2025-07-21 03:07:43 [INFO] GripperOptimized:fast_loop:484 - 性能統計: 循環=637000, 平均耗時=12.9ms, 最大耗時=81.3ms, 指令數=59
2025-07-21 03:07:45 [WARNING] GripperOptimized:fast_loop:492 - 主循環執行時間過長: 32.6ms
2025-07-21 03:07:47 [WARNING] GripperOptimized:fast_loop:492 - 主循環執行時間過長: 31.5ms
2025-07-21 03:07:51 [WARNING] GripperOptimized:fast_loop:492 - 主循環執行時間過長: 31.9ms
2025-07-21 03:07:53 [WARNING] GripperOptimized:fast_loop:492 - 主循環執行時間過長: 30.7ms
2025-07-21 03:07:55 [WARNING] GripperOptimized:fast_loop:492 - 主循環執行時間過長: 31.8ms
2025-07-21 03:07:59 [WARNING] GripperOptimized:fast_loop:492 - 主循環執行時間過長: 30.5ms
2025-07-21 03:08:01 [WARNING] GripperOptimized:fast_loop:492 - 主循環執行時間過長: 31.5ms
2025-07-21 03:08:03 [INFO] GripperOptimized:fast_loop:484 - 性能統計: 循環=638000, 平均耗時=13.6ms, 最大耗時=81.3ms, 指令數=59
2025-07-21 03:08:08 [WARNING] GripperOptimized:fast_loop:492 - 主循環執行時間過長: 30.2ms
2025-07-21 03:08:22 [WARNING] GripperOptimized:fast_loop:492 - 主循環執行時間過長: 31.2ms
2025-07-21 03:08:24 [INFO] GripperOptimized:fast_loop:484 - 性能統計: 循環=639000, 平均耗時=12.2ms, 最大耗時=81.3ms, 指令數=59
2025-07-21 03:08:28 [WARNING] GripperOptimized:fast_loop:492 - 主循環執行時間過長: 32.1ms
2025-07-21 03:08:31 [WARNING] GripperOptimized:fast_loop:492 - 主循環執行時間過長: 30.2ms
2025-07-21 03:08:45 [INFO] GripperOptimized:fast_loop:484 - 性能統計: 循環=640000, 平均耗時=14.0ms, 最大耗時=81.3ms, 指令數=59
2025-07-21 03:08:48 [WARNING] GripperOptimized:fast_loop:492 - 主循環執行時間過長: 30.9ms
2025-07-21 03:08:54 [WARNING] GripperOptimized:fast_loop:492 - 主循環執行時間過長: 30.2ms
2025-07-21 03:09:06 [INFO] GripperOptimized:fast_loop:484 - 性能統計: 循環=641000, 平均耗時=13.2ms, 最大耗時=81.3ms, 指令數=59
2025-07-21 03:09:17 [WARNING] GripperOptimized:fast_loop:492 - 主循環執行時間過長: 30.5ms
2025-07-21 03:09:21 [WARNING] GripperOptimized:fast_loop:492 - 主循環執行時間過長: 30.8ms
2025-07-21 03:09:27 [INFO] GripperOptimized:fast_loop:484 - 性能統計: 循環=642000, 平均耗時=13.3ms, 最大耗時=81.3ms, 指令數=59
2025-07-21 03:09:32 [WARNING] GripperOptimized:fast_loop:492 - 主循環執行時間過長: 30.9ms
2025-07-21 03:09:34 [WARNING] GripperOptimized:fast_loop:492 - 主循環執行時間過長: 31.8ms
2025-07-21 03:09:37 [WARNING] GripperOptimized:fast_loop:492 - 主循環執行時間過長: 31.0ms
2025-07-21 03:09:47 [INFO] GripperOptimized:fast_loop:484 - 性能統計: 循環=643000, 平均耗時=13.5ms, 最大耗時=81.3ms, 指令數=59
2025-07-21 03:09:50 [WARNING] GripperOptimized:fast_loop:492 - 主循環執行時間過長: 30.9ms
2025-07-21 03:09:55 [WARNING] GripperOptimized:fast_loop:492 - 主循環執行時間過長: 30.3ms
2025-07-21 03:10:00 [WARNING] GripperOptimized:fast_loop:492 - 主循環執行時間過長: 30.7ms
2025-07-21 03:10:07 [WARNING] GripperOptimized:fast_loop:492 - 主循環執行時間過長: 30.7ms
2025-07-21 03:10:08 [INFO] GripperOptimized:fast_loop:484 - 性能統計: 循環=644000, 平均耗時=13.6ms, 最大耗時=81.3ms, 指令數=59
2025-07-21 03:10:19 [WARNING] GripperOptimized:fast_loop:492 - 主循環執行時間過長: 33.0ms
2025-07-21 03:10:27 [WARNING] GripperOptimized:fast_loop:492 - 主循環執行時間過長: 30.3ms
2025-07-21 03:10:28 [WARNING] GripperOptimized:fast_loop:492 - 主循環執行時間過長: 30.8ms
2025-07-21 03:10:29 [INFO] GripperOptimized:fast_loop:484 - 性能統計: 循環=645000, 平均耗時=12.6ms, 最大耗時=81.3ms, 指令數=59
2025-07-21 03:10:31 [WARNING] GripperOptimized:fast_loop:492 - 主循環執行時間過長: 31.1ms
2025-07-21 03:10:50 [INFO] GripperOptimized:fast_loop:484 - 性能統計: 循環=646000, 平均耗時=12.7ms, 最大耗時=81.3ms, 指令數=59
2025-07-21 03:11:00 [WARNING] GripperOptimized:fast_loop:492 - 主循環執行時間過長: 30.6ms
2025-07-21 03:11:06 [WARNING] GripperOptimized:fast_loop:492 - 主循環執行時間過長: 31.7ms
2025-07-21 03:11:08 [WARNING] GripperOptimized:fast_loop:492 - 主循環執行時間過長: 30.4ms
2025-07-21 03:11:10 [INFO] GripperOptimized:fast_loop:484 - 性能統計: 循環=647000, 平均耗時=13.5ms, 最大耗時=81.3ms, 指令數=59
2025-07-21 03:11:29 [WARNING] GripperOptimized:fast_loop:492 - 主循環執行時間過長: 30.7ms
2025-07-21 03:11:31 [INFO] GripperOptimized:fast_loop:484 - 性能統計: 循環=648000, 平均耗時=14.4ms, 最大耗時=81.3ms, 指令數=59
2025-07-21 03:11:31 [WARNING] GripperOptimized:fast_loop:492 - 主循環執行時間過長: 31.1ms
2025-07-21 03:11:35 [WARNING] GripperOptimized:fast_loop:492 - 主循環執行時間過長: 32.0ms
2025-07-21 03:11:43 [WARNING] GripperOptimized:fast_loop:492 - 主循環執行時間過長: 30.7ms
2025-07-21 03:11:45 [WARNING] GripperOptimized:fast_loop:492 - 主循環執行時間過長: 31.7ms
2025-07-21 03:11:52 [INFO] GripperOptimized:fast_loop:484 - 性能統計: 循環=649000, 平均耗時=12.7ms, 最大耗時=81.3ms, 指令數=59
2025-07-21 03:12:05 [WARNING] GripperOptimized:fast_loop:492 - 主循環執行時間過長: 31.6ms
2025-07-21 03:12:06 [WARNING] GripperOptimized:fast_loop:492 - 主循環執行時間過長: 30.3ms
2025-07-21 03:12:08 [WARNING] GripperOptimized:fast_loop:492 - 主循環執行時間過長: 30.1ms
2025-07-21 03:12:13 [INFO] GripperOptimized:fast_loop:484 - 性能統計: 循環=650000, 平均耗時=14.1ms, 最大耗時=81.3ms, 指令數=59
2025-07-21 03:12:15 [WARNING] GripperOptimized:fast_loop:492 - 主循環執行時間過長: 30.1ms
2025-07-21 03:12:20 [WARNING] GripperOptimized:fast_loop:492 - 主循環執行時間過長: 30.6ms
2025-07-21 03:12:24 [WARNING] GripperOptimized:fast_loop:492 - 主循環執行時間過長: 30.4ms
2025-07-21 03:12:34 [INFO] GripperOptimized:fast_loop:484 - 性能統計: 循環=651000, 平均耗時=12.7ms, 最大耗時=81.3ms, 指令數=59
2025-07-21 03:12:47 [WARNING] GripperOptimized:fast_loop:492 - 主循環執行時間過長: 30.0ms
2025-07-21 03:12:53 [WARNING] GripperOptimized:fast_loop:492 - 主循環執行時間過長: 30.8ms
2025-07-21 03:12:54 [INFO] GripperOptimized:fast_loop:484 - 性能統計: 循環=652000, 平均耗時=12.9ms, 最大耗時=81.3ms, 指令數=59
2025-07-21 03:12:54 [WARNING] GripperOptimized:fast_loop:492 - 主循環執行時間過長: 30.8ms
2025-07-21 03:13:06 [WARNING] GripperOptimized:fast_loop:492 - 主循環執行時間過長: 30.0ms
2025-07-21 03:13:15 [INFO] GripperOptimized:fast_loop:484 - 性能統計: 循環=653000, 平均耗時=13.4ms, 最大耗時=81.3ms, 指令數=59
2025-07-21 03:13:18 [WARNING] GripperOptimized:fast_loop:492 - 主循環執行時間過長: 30.7ms
2025-07-21 03:13:25 [WARNING] GripperOptimized:fast_loop:492 - 主循環執行時間過長: 30.5ms
2025-07-21 03:13:28 [WARNING] GripperOptimized:fast_loop:492 - 主循環執行時間過長: 30.8ms
2025-07-21 03:13:30 [WARNING] GripperOptimized:fast_loop:492 - 主循環執行時間過長: 31.9ms
2025-07-21 03:13:34 [WARNING] GripperOptimized:fast_loop:492 - 主循環執行時間過長: 31.5ms
2025-07-21 03:13:36 [INFO] GripperOptimized:fast_loop:484 - 性能統計: 循環=654000, 平均耗時=13.1ms, 最大耗時=81.3ms, 指令數=59
2025-07-21 03:13:36 [WARNING] GripperOptimized:fast_loop:492 - 主循環執行時間過長: 32.4ms
2025-07-21 03:13:43 [WARNING] GripperOptimized:fast_loop:492 - 主循環執行時間過長: 30.9ms
2025-07-21 03:13:44 [WARNING] GripperOptimized:fast_loop:492 - 主循環執行時間過長: 30.3ms
2025-07-21 03:13:47 [WARNING] GripperOptimized:fast_loop:492 - 主循環執行時間過長: 30.3ms
2025-07-21 03:13:52 [WARNING] GripperOptimized:fast_loop:492 - 主循環執行時間過長: 32.0ms
2025-07-21 03:13:57 [INFO] GripperOptimized:fast_loop:484 - 性能統計: 循環=655000, 平均耗時=13.2ms, 最大耗時=81.3ms, 指令數=59
2025-07-21 03:13:57 [WARNING] GripperOptimized:fast_loop:492 - 主循環執行時間過長: 30.9ms
2025-07-21 03:13:59 [WARNING] GripperOptimized:fast_loop:492 - 主循環執行時間過長: 31.9ms
2025-07-21 03:14:05 [WARNING] GripperOptimized:fast_loop:492 - 主循環執行時間過長: 31.8ms
2025-07-21 03:14:07 [WARNING] GripperOptimized:fast_loop:492 - 主循環執行時間過長: 30.5ms
2025-07-21 03:14:09 [WARNING] GripperOptimized:fast_loop:492 - 主循環執行時間過長: 31.6ms
2025-07-21 03:14:13 [WARNING] GripperOptimized:fast_loop:492 - 主循環執行時間過長: 30.1ms
2025-07-21 03:14:18 [INFO] GripperOptimized:fast_loop:484 - 性能統計: 循環=656000, 平均耗時=14.2ms, 最大耗時=81.3ms, 指令數=59
2025-07-21 03:14:20 [WARNING] GripperOptimized:fast_loop:492 - 主循環執行時間過長: 31.9ms
2025-07-21 03:14:24 [WARNING] GripperOptimized:fast_loop:492 - 主循環執行時間過長: 31.9ms
2025-07-21 03:14:30 [WARNING] GripperOptimized:fast_loop:492 - 主循環執行時間過長: 30.1ms
2025-07-21 03:14:34 [WARNING] GripperOptimized:fast_loop:492 - 主循環執行時間過長: 30.3ms
2025-07-21 03:14:38 [INFO] GripperOptimized:fast_loop:484 - 性能統計: 循環=657000, 平均耗時=13.2ms, 最大耗時=81.3ms, 指令數=59
2025-07-21 03:14:42 [WARNING] GripperOptimized:fast_loop:492 - 主循環執行時間過長: 30.4ms
2025-07-21 03:14:50 [WARNING] GripperOptimized:fast_loop:492 - 主循環執行時間過長: 34.1ms
2025-07-21 03:14:59 [INFO] GripperOptimized:fast_loop:484 - 性能統計: 循環=658000, 平均耗時=13.2ms, 最大耗時=81.3ms, 指令數=59
2025-07-21 03:15:00 [WARNING] GripperOptimized:fast_loop:492 - 主循環執行時間過長: 30.7ms
2025-07-21 03:15:04 [WARNING] GripperOptimized:fast_loop:492 - 主循環執行時間過長: 30.1ms
2025-07-21 03:15:08 [WARNING] GripperOptimized:fast_loop:492 - 主循環執行時間過長: 31.3ms
2025-07-21 03:15:11 [WARNING] GripperOptimized:fast_loop:492 - 主循環執行時間過長: 30.1ms
2025-07-21 03:15:13 [WARNING] GripperOptimized:fast_loop:492 - 主循環執行時間過長: 30.5ms
2025-07-21 03:15:18 [WARNING] GripperOptimized:fast_loop:492 - 主循環執行時間過長: 30.1ms
2025-07-21 03:15:20 [INFO] GripperOptimized:fast_loop:484 - 性能統計: 循環=659000, 平均耗時=13.2ms, 最大耗時=81.3ms, 指令數=59
2025-07-21 03:15:20 [WARNING] GripperOptimized:fast_loop:492 - 主循環執行時間過長: 32.1ms
2025-07-21 03:15:21 [WARNING] GripperOptimized:fast_loop:492 - 主循環執行時間過長: 32.5ms
2025-07-21 03:15:27 [WARNING] GripperOptimized:fast_loop:492 - 主循環執行時間過長: 31.2ms
2025-07-21 03:15:28 [WARNING] GripperOptimized:fast_loop:492 - 主循環執行時間過長: 32.4ms
2025-07-21 03:15:38 [WARNING] GripperOptimized:fast_loop:492 - 主循環執行時間過長: 30.6ms
2025-07-21 03:15:41 [INFO] GripperOptimized:fast_loop:484 - 性能統計: 循環=660000, 平均耗時=13.2ms, 最大耗時=81.3ms, 指令數=59
2025-07-21 03:15:48 [WARNING] GripperOptimized:fast_loop:492 - 主循環執行時間過長: 31.7ms
2025-07-21 03:15:49 [WARNING] GripperOptimized:fast_loop:492 - 主循環執行時間過長: 31.9ms
2025-07-21 03:15:53 [WARNING] GripperOptimized:fast_loop:492 - 主循環執行時間過長: 32.0ms
2025-07-21 03:15:54 [WARNING] GripperOptimized:fast_loop:492 - 主循環執行時間過長: 32.3ms
2025-07-21 03:15:55 [WARNING] GripperOptimized:fast_loop:492 - 主循環執行時間過長: 30.5ms
2025-07-21 03:16:02 [INFO] GripperOptimized:fast_loop:484 - 性能統計: 循環=661000, 平均耗時=12.4ms, 最大耗時=81.3ms, 指令數=59
2025-07-21 03:16:06 [WARNING] GripperOptimized:fast_loop:492 - 主循環執行時間過長: 30.7ms
2025-07-21 03:16:09 [WARNING] GripperOptimized:fast_loop:492 - 主循環執行時間過長: 30.7ms
2025-07-21 03:16:15 [WARNING] GripperOptimized:fast_loop:492 - 主循環執行時間過長: 31.7ms
2025-07-21 03:16:22 [INFO] GripperOptimized:fast_loop:484 - 性能統計: 循環=662000, 平均耗時=12.8ms, 最大耗時=81.3ms, 指令數=59
2025-07-21 03:16:23 [WARNING] GripperOptimized:fast_loop:492 - 主循環執行時間過長: 30.4ms
2025-07-21 03:16:30 [WARNING] GripperOptimized:fast_loop:492 - 主循環執行時間過長: 31.2ms
2025-07-21 03:16:31 [WARNING] GripperOptimized:fast_loop:492 - 主循環執行時間過長: 31.6ms
2025-07-21 03:16:32 [WARNING] GripperOptimized:fast_loop:492 - 主循環執行時間過長: 31.2ms
2025-07-21 03:16:33 [WARNING] GripperOptimized:fast_loop:492 - 主循環執行時間過長: 30.4ms
2025-07-21 03:16:35 [WARNING] GripperOptimized:fast_loop:492 - 主循環執行時間過長: 30.1ms
2025-07-21 03:16:39 [WARNING] GripperOptimized:fast_loop:492 - 主循環執行時間過長: 30.2ms
2025-07-21 03:16:43 [INFO] GripperOptimized:fast_loop:484 - 性能統計: 循環=663000, 平均耗時=13.7ms, 最大耗時=81.3ms, 指令數=59
2025-07-21 03:16:45 [WARNING] GripperOptimized:fast_loop:492 - 主循環執行時間過長: 30.0ms
2025-07-21 03:16:57 [WARNING] GripperOptimized:fast_loop:492 - 主循環執行時間過長: 30.9ms
2025-07-21 03:17:03 [WARNING] GripperOptimized:fast_loop:492 - 主循環執行時間過長: 30.4ms
2025-07-21 03:17:04 [INFO] GripperOptimized:fast_loop:484 - 性能統計: 循環=664000, 平均耗時=13.7ms, 最大耗時=81.3ms, 指令數=59
2025-07-21 03:17:09 [WARNING] GripperOptimized:fast_loop:492 - 主循環執行時間過長: 30.8ms
2025-07-21 03:17:11 [WARNING] GripperOptimized:fast_loop:492 - 主循環執行時間過長: 30.7ms
2025-07-21 03:17:16 [WARNING] GripperOptimized:fast_loop:492 - 主循環執行時間過長: 31.0ms
2025-07-21 03:17:20 [WARNING] GripperOptimized:fast_loop:492 - 主循環執行時間過長: 31.3ms
2025-07-21 03:17:22 [WARNING] GripperOptimized:fast_loop:492 - 主循環執行時間過長: 30.3ms
2025-07-21 03:17:23 [WARNING] GripperOptimized:fast_loop:492 - 主循環執行時間過長: 30.2ms
2025-07-21 03:17:25 [INFO] GripperOptimized:fast_loop:484 - 性能統計: 循環=665000, 平均耗時=12.6ms, 最大耗時=81.3ms, 指令數=59
2025-07-21 03:17:25 [WARNING] GripperOptimized:fast_loop:492 - 主循環執行時間過長: 31.4ms
2025-07-21 03:17:27 [WARNING] GripperOptimized:fast_loop:492 - 主循環執行時間過長: 31.0ms
2025-07-21 03:17:28 [WARNING] GripperOptimized:fast_loop:492 - 主循環執行時間過長: 33.1ms
2025-07-21 03:17:32 [WARNING] GripperOptimized:fast_loop:492 - 主循環執行時間過長: 31.8ms
2025-07-21 03:17:35 [WARNING] GripperOptimized:fast_loop:492 - 主循環執行時間過長: 32.2ms
2025-07-21 03:17:39 [WARNING] GripperOptimized:fast_loop:492 - 主循環執行時間過長: 31.6ms
2025-07-21 03:17:45 [INFO] GripperOptimized:fast_loop:484 - 性能統計: 循環=666000, 平均耗時=13.0ms, 最大耗時=81.3ms, 指令數=59
2025-07-21 03:17:47 [WARNING] GripperOptimized:fast_loop:492 - 主循環執行時間過長: 30.3ms
2025-07-21 03:17:51 [WARNING] GripperOptimized:fast_loop:492 - 主循環執行時間過長: 31.8ms
2025-07-21 03:17:57 [WARNING] GripperOptimized:fast_loop:492 - 主循環執行時間過長: 32.8ms
2025-07-21 03:17:59 [WARNING] GripperOptimized:fast_loop:492 - 主循環執行時間過長: 32.4ms
2025-07-21 03:18:06 [INFO] GripperOptimized:fast_loop:484 - 性能統計: 循環=667000, 平均耗時=13.9ms, 最大耗時=81.3ms, 指令數=59
2025-07-21 03:18:06 [WARNING] GripperOptimized:fast_loop:492 - 主循環執行時間過長: 31.4ms
2025-07-21 03:18:17 [WARNING] GripperOptimized:fast_loop:492 - 主循環執行時間過長: 30.5ms
2025-07-21 03:18:27 [INFO] GripperOptimized:fast_loop:484 - 性能統計: 循環=668000, 平均耗時=14.0ms, 最大耗時=81.3ms, 指令數=59
2025-07-21 03:18:35 [WARNING] GripperOptimized:fast_loop:492 - 主循環執行時間過長: 30.3ms
2025-07-21 03:18:48 [INFO] GripperOptimized:fast_loop:484 - 性能統計: 循環=669000, 平均耗時=12.8ms, 最大耗時=81.3ms, 指令數=59
2025-07-21 03:19:09 [INFO] GripperOptimized:fast_loop:484 - 性能統計: 循環=670000, 平均耗時=12.3ms, 最大耗時=81.3ms, 指令數=59
2025-07-21 03:19:09 [WARNING] GripperOptimized:fast_loop:492 - 主循環執行時間過長: 30.3ms
2025-07-21 03:19:16 [WARNING] GripperOptimized:fast_loop:492 - 主循環執行時間過長: 31.2ms
2025-07-21 03:19:25 [WARNING] GripperOptimized:fast_loop:492 - 主循環執行時間過長: 30.7ms
2025-07-21 03:19:29 [INFO] GripperOptimized:fast_loop:484 - 性能統計: 循環=671000, 平均耗時=14.5ms, 最大耗時=81.3ms, 指令數=59
2025-07-21 03:19:34 [WARNING] GripperOptimized:fast_loop:492 - 主循環執行時間過長: 30.1ms
2025-07-21 03:19:37 [WARNING] GripperOptimized:fast_loop:492 - 主循環執行時間過長: 31.0ms
2025-07-21 03:19:39 [WARNING] GripperOptimized:fast_loop:492 - 主循環執行時間過長: 30.0ms
2025-07-21 03:19:40 [WARNING] GripperOptimized:fast_loop:492 - 主循環執行時間過長: 30.3ms
2025-07-21 03:19:50 [INFO] GripperOptimized:fast_loop:484 - 性能統計: 循環=672000, 平均耗時=13.7ms, 最大耗時=81.3ms, 指令數=59
2025-07-21 03:19:52 [WARNING] GripperOptimized:fast_loop:492 - 主循環執行時間過長: 30.0ms
2025-07-21 03:20:08 [WARNING] GripperOptimized:fast_loop:492 - 主循環執行時間過長: 33.0ms
2025-07-21 03:20:11 [INFO] GripperOptimized:fast_loop:484 - 性能統計: 循環=673000, 平均耗時=13.6ms, 最大耗時=81.3ms, 指令數=59
2025-07-21 03:20:14 [WARNING] GripperOptimized:fast_loop:492 - 主循環執行時間過長: 30.9ms
2025-07-21 03:20:15 [WARNING] GripperOptimized:fast_loop:492 - 主循環執行時間過長: 30.7ms
2025-07-21 03:20:20 [WARNING] GripperOptimized:fast_loop:492 - 主循環執行時間過長: 31.2ms
2025-07-21 03:20:22 [WARNING] GripperOptimized:fast_loop:492 - 主循環執行時間過長: 32.1ms
2025-07-21 03:20:29 [WARNING] GripperOptimized:fast_loop:492 - 主循環執行時間過長: 30.1ms
2025-07-21 03:20:32 [INFO] GripperOptimized:fast_loop:484 - 性能統計: 循環=674000, 平均耗時=12.8ms, 最大耗時=81.3ms, 指令數=59
2025-07-21 03:20:32 [WARNING] GripperOptimized:fast_loop:492 - 主循環執行時間過長: 30.7ms
2025-07-21 03:20:41 [WARNING] GripperOptimized:fast_loop:492 - 主循環執行時間過長: 30.6ms
2025-07-21 03:20:44 [WARNING] GripperOptimized:fast_loop:492 - 主循環執行時間過長: 32.1ms
2025-07-21 03:20:46 [WARNING] GripperOptimized:fast_loop:492 - 主循環執行時間過長: 30.2ms
2025-07-21 03:20:47 [WARNING] GripperOptimized:fast_loop:492 - 主循環執行時間過長: 31.1ms
2025-07-21 03:20:53 [INFO] GripperOptimized:fast_loop:484 - 性能統計: 循環=675000, 平均耗時=13.5ms, 最大耗時=81.3ms, 指令數=59
2025-07-21 03:20:53 [WARNING] GripperOptimized:fast_loop:492 - 主循環執行時間過長: 30.6ms
2025-07-21 03:21:00 [WARNING] GripperOptimized:fast_loop:492 - 主循環執行時間過長: 32.1ms
2025-07-21 03:21:04 [WARNING] GripperOptimized:fast_loop:492 - 主循環執行時間過長: 36.4ms
2025-07-21 03:21:13 [INFO] GripperOptimized:fast_loop:484 - 性能統計: 循環=676000, 平均耗時=14.3ms, 最大耗時=81.3ms, 指令數=59
2025-07-21 03:21:25 [WARNING] GripperOptimized:fast_loop:492 - 主循環執行時間過長: 30.2ms
2025-07-21 03:21:27 [WARNING] GripperOptimized:fast_loop:492 - 主循環執行時間過長: 30.2ms
2025-07-21 03:21:31 [WARNING] GripperOptimized:fast_loop:492 - 主循環執行時間過長: 31.1ms
2025-07-21 03:21:34 [INFO] GripperOptimized:fast_loop:484 - 性能統計: 循環=677000, 平均耗時=13.6ms, 最大耗時=81.3ms, 指令數=59
2025-07-21 03:21:34 [WARNING] GripperOptimized:fast_loop:492 - 主循環執行時間過長: 30.4ms
2025-07-21 03:21:40 [WARNING] GripperOptimized:fast_loop:492 - 主循環執行時間過長: 30.1ms
2025-07-21 03:21:48 [WARNING] GripperOptimized:fast_loop:492 - 主循環執行時間過長: 31.1ms
2025-07-21 03:21:55 [INFO] GripperOptimized:fast_loop:484 - 性能統計: 循環=678000, 平均耗時=13.1ms, 最大耗時=81.3ms, 指令數=59
2025-07-21 03:21:56 [WARNING] GripperOptimized:fast_loop:492 - 主循環執行時間過長: 31.3ms
2025-07-21 03:21:59 [WARNING] GripperOptimized:fast_loop:492 - 主循環執行時間過長: 31.9ms
2025-07-21 03:22:07 [WARNING] GripperOptimized:fast_loop:492 - 主循環執行時間過長: 31.4ms
2025-07-21 03:22:11 [WARNING] GripperOptimized:fast_loop:492 - 主循環執行時間過長: 30.5ms
2025-07-21 03:22:15 [WARNING] GripperOptimized:fast_loop:492 - 主循環執行時間過長: 30.4ms
2025-07-21 03:22:16 [INFO] GripperOptimized:fast_loop:484 - 性能統計: 循環=679000, 平均耗時=13.6ms, 最大耗時=81.3ms, 指令數=59
2025-07-21 03:22:23 [WARNING] GripperOptimized:fast_loop:492 - 主循環執行時間過長: 30.3ms
2025-07-21 03:22:24 [WARNING] GripperOptimized:fast_loop:492 - 主循環執行時間過長: 31.3ms
2025-07-21 03:22:28 [WARNING] GripperOptimized:fast_loop:492 - 主循環執行時間過長: 30.9ms
2025-07-21 03:22:35 [WARNING] GripperOptimized:fast_loop:492 - 主循環執行時間過長: 31.6ms
2025-07-21 03:22:36 [WARNING] GripperOptimized:fast_loop:492 - 主循環執行時間過長: 32.1ms
2025-07-21 03:22:37 [INFO] GripperOptimized:fast_loop:484 - 性能統計: 循環=680000, 平均耗時=13.8ms, 最大耗時=81.3ms, 指令數=59
2025-07-21 03:22:45 [WARNING] GripperOptimized:fast_loop:492 - 主循環執行時間過長: 31.3ms
2025-07-21 03:22:54 [WARNING] GripperOptimized:fast_loop:492 - 主循環執行時間過長: 34.9ms
2025-07-21 03:22:57 [INFO] GripperOptimized:fast_loop:484 - 性能統計: 循環=681000, 平均耗時=12.8ms, 最大耗時=81.3ms, 指令數=59
2025-07-21 03:23:13 [WARNING] GripperOptimized:fast_loop:492 - 主循環執行時間過長: 30.3ms
2025-07-21 03:23:18 [INFO] GripperOptimized:fast_loop:484 - 性能統計: 循環=682000, 平均耗時=13.3ms, 最大耗時=81.3ms, 指令數=59
2025-07-21 03:23:21 [WARNING] GripperOptimized:fast_loop:492 - 主循環執行時間過長: 30.6ms
2025-07-21 03:23:22 [WARNING] GripperOptimized:fast_loop:492 - 主循環執行時間過長: 30.3ms
2025-07-21 03:23:31 [WARNING] GripperOptimized:fast_loop:492 - 主循環執行時間過長: 30.2ms
2025-07-21 03:23:39 [INFO] GripperOptimized:fast_loop:484 - 性能統計: 循環=683000, 平均耗時=12.6ms, 最大耗時=81.3ms, 指令數=59
2025-07-21 03:23:47 [WARNING] GripperOptimized:fast_loop:492 - 主循環執行時間過長: 31.2ms
2025-07-21 03:23:48 [WARNING] GripperOptimized:fast_loop:492 - 主循環執行時間過長: 30.6ms
2025-07-21 03:23:51 [WARNING] GripperOptimized:fast_loop:492 - 主循環執行時間過長: 31.5ms
2025-07-21 03:23:52 [WARNING] GripperOptimized:fast_loop:492 - 主循環執行時間過長: 30.0ms
2025-07-21 03:23:55 [WARNING] GripperOptimized:fast_loop:492 - 主循環執行時間過長: 30.7ms
2025-07-21 03:23:59 [WARNING] GripperOptimized:fast_loop:492 - 主循環執行時間過長: 30.3ms
2025-07-21 03:24:00 [INFO] GripperOptimized:fast_loop:484 - 性能統計: 循環=684000, 平均耗時=13.7ms, 最大耗時=81.3ms, 指令數=59
2025-07-21 03:24:02 [WARNING] GripperOptimized:fast_loop:492 - 主循環執行時間過長: 30.9ms
2025-07-21 03:24:04 [WARNING] GripperOptimized:fast_loop:492 - 主循環執行時間過長: 31.0ms
2025-07-21 03:24:09 [WARNING] GripperOptimized:fast_loop:492 - 主循環執行時間過長: 32.0ms
2025-07-21 03:24:13 [WARNING] GripperOptimized:fast_loop:492 - 主循環執行時間過長: 31.2ms
2025-07-21 03:24:18 [WARNING] GripperOptimized:fast_loop:492 - 主循環執行時間過長: 30.8ms
2025-07-21 03:24:21 [INFO] GripperOptimized:fast_loop:484 - 性能統計: 循環=685000, 平均耗時=13.0ms, 最大耗時=81.3ms, 指令數=59
2025-07-21 03:24:26 [WARNING] GripperOptimized:fast_loop:492 - 主循環執行時間過長: 30.2ms
2025-07-21 03:24:29 [WARNING] GripperOptimized:fast_loop:492 - 主循環執行時間過長: 30.3ms
2025-07-21 03:24:30 [WARNING] GripperOptimized:fast_loop:492 - 主循環執行時間過長: 32.1ms
2025-07-21 03:24:39 [WARNING] GripperOptimized:fast_loop:492 - 主循環執行時間過長: 30.2ms
2025-07-21 03:24:40 [WARNING] GripperOptimized:fast_loop:492 - 主循環執行時間過長: 37.1ms
2025-07-21 03:24:41 [INFO] GripperOptimized:fast_loop:484 - 性能統計: 循環=686000, 平均耗時=13.5ms, 最大耗時=81.3ms, 指令數=59
2025-07-21 03:24:46 [WARNING] GripperOptimized:fast_loop:492 - 主循環執行時間過長: 31.0ms
2025-07-21 03:24:47 [WARNING] GripperOptimized:fast_loop:492 - 主循環執行時間過長: 31.4ms
2025-07-21 03:24:48 [WARNING] GripperOptimized:fast_loop:492 - 主循環執行時間過長: 30.6ms
2025-07-21 03:24:51 [WARNING] GripperOptimized:fast_loop:492 - 主循環執行時間過長: 30.8ms
2025-07-21 03:24:59 [WARNING] GripperOptimized:fast_loop:492 - 主循環執行時間過長: 31.4ms
2025-07-21 03:25:02 [INFO] GripperOptimized:fast_loop:484 - 性能統計: 循環=687000, 平均耗時=13.9ms, 最大耗時=81.3ms, 指令數=59
2025-07-21 03:25:04 [WARNING] GripperOptimized:fast_loop:492 - 主循環執行時間過長: 30.3ms
2025-07-21 03:25:08 [WARNING] GripperOptimized:fast_loop:492 - 主循環執行時間過長: 31.5ms
2025-07-21 03:25:20 [WARNING] GripperOptimized:fast_loop:492 - 主循環執行時間過長: 30.0ms
2025-07-21 03:25:23 [INFO] GripperOptimized:fast_loop:484 - 性能統計: 循環=688000, 平均耗時=14.0ms, 最大耗時=81.3ms, 指令數=59
2025-07-21 03:25:28 [WARNING] GripperOptimized:fast_loop:492 - 主循環執行時間過長: 30.6ms
2025-07-21 03:25:33 [WARNING] GripperOptimized:fast_loop:492 - 主循環執行時間過長: 31.0ms
2025-07-21 03:25:39 [WARNING] GripperOptimized:fast_loop:492 - 主循環執行時間過長: 30.9ms
2025-07-21 03:25:44 [INFO] GripperOptimized:fast_loop:484 - 性能統計: 循環=689000, 平均耗時=13.6ms, 最大耗時=81.3ms, 指令數=59
2025-07-21 03:25:58 [WARNING] GripperOptimized:fast_loop:492 - 主循環執行時間過長: 30.0ms
2025-07-21 03:26:05 [INFO] GripperOptimized:fast_loop:484 - 性能統計: 循環=690000, 平均耗時=13.0ms, 最大耗時=81.3ms, 指令數=59
2025-07-21 03:26:08 [WARNING] GripperOptimized:fast_loop:492 - 主循環執行時間過長: 31.1ms
2025-07-21 03:26:10 [WARNING] GripperOptimized:fast_loop:492 - 主循環執行時間過長: 30.5ms
2025-07-21 03:26:12 [WARNING] GripperOptimized:fast_loop:492 - 主循環執行時間過長: 30.1ms
2025-07-21 03:26:16 [WARNING] GripperOptimized:fast_loop:492 - 主循環執行時間過長: 31.6ms
2025-07-21 03:26:24 [WARNING] GripperOptimized:fast_loop:492 - 主循環執行時間過長: 30.2ms
2025-07-21 03:26:25 [INFO] GripperOptimized:fast_loop:484 - 性能統計: 循環=691000, 平均耗時=13.7ms, 最大耗時=81.3ms, 指令數=59
2025-07-21 03:26:38 [WARNING] GripperOptimized:fast_loop:492 - 主循環執行時間過長: 30.6ms
2025-07-21 03:26:40 [WARNING] GripperOptimized:fast_loop:492 - 主循環執行時間過長: 31.5ms
2025-07-21 03:26:45 [WARNING] GripperOptimized:fast_loop:492 - 主循環執行時間過長: 30.2ms
2025-07-21 03:26:46 [INFO] GripperOptimized:fast_loop:484 - 性能統計: 循環=692000, 平均耗時=13.3ms, 最大耗時=81.3ms, 指令數=59
2025-07-21 03:26:48 [WARNING] GripperOptimized:fast_loop:492 - 主循環執行時間過長: 31.0ms
2025-07-21 03:26:53 [WARNING] GripperOptimized:fast_loop:492 - 主循環執行時間過長: 31.1ms
2025-07-21 03:27:01 [WARNING] GripperOptimized:fast_loop:492 - 主循環執行時間過長: 30.2ms
2025-07-21 03:27:07 [INFO] GripperOptimized:fast_loop:484 - 性能統計: 循環=693000, 平均耗時=13.1ms, 最大耗時=81.3ms, 指令數=59
2025-07-21 03:27:13 [WARNING] GripperOptimized:fast_loop:492 - 主循環執行時間過長: 30.3ms
2025-07-21 03:27:14 [WARNING] GripperOptimized:fast_loop:492 - 主循環執行時間過長: 30.3ms
2025-07-21 03:27:20 [WARNING] GripperOptimized:fast_loop:492 - 主循環執行時間過長: 31.0ms
2025-07-21 03:27:27 [WARNING] GripperOptimized:fast_loop:492 - 主循環執行時間過長: 30.8ms
2025-07-21 03:27:28 [INFO] GripperOptimized:fast_loop:484 - 性能統計: 循環=694000, 平均耗時=13.5ms, 最大耗時=81.3ms, 指令數=59
2025-07-21 03:27:29 [WARNING] GripperOptimized:fast_loop:492 - 主循環執行時間過長: 30.4ms
2025-07-21 03:27:43 [WARNING] GripperOptimized:fast_loop:492 - 主循環執行時間過長: 30.4ms
2025-07-21 03:27:48 [INFO] GripperOptimized:fast_loop:484 - 性能統計: 循環=695000, 平均耗時=13.1ms, 最大耗時=81.3ms, 指令數=59
2025-07-21 03:27:56 [WARNING] GripperOptimized:fast_loop:492 - 主循環執行時間過長: 30.9ms
2025-07-21 03:27:58 [WARNING] GripperOptimized:fast_loop:492 - 主循環執行時間過長: 31.0ms
2025-07-21 03:28:02 [WARNING] GripperOptimized:fast_loop:492 - 主循環執行時間過長: 30.9ms
2025-07-21 03:28:03 [WARNING] GripperOptimized:fast_loop:492 - 主循環執行時間過長: 30.4ms
2025-07-21 03:28:09 [INFO] GripperOptimized:fast_loop:484 - 性能統計: 循環=696000, 平均耗時=13.3ms, 最大耗時=81.3ms, 指令數=59
2025-07-21 03:28:11 [WARNING] GripperOptimized:fast_loop:492 - 主循環執行時間過長: 30.8ms
2025-07-21 03:28:24 [WARNING] GripperOptimized:fast_loop:492 - 主循環執行時間過長: 31.7ms
2025-07-21 03:28:30 [INFO] GripperOptimized:fast_loop:484 - 性能統計: 循環=697000, 平均耗時=13.5ms, 最大耗時=81.3ms, 指令數=59
2025-07-21 03:28:32 [WARNING] GripperOptimized:fast_loop:492 - 主循環執行時間過長: 33.0ms
2025-07-21 03:28:34 [WARNING] GripperOptimized:fast_loop:492 - 主循環執行時間過長: 30.6ms
2025-07-21 03:28:40 [WARNING] GripperOptimized:fast_loop:492 - 主循環執行時間過長: 30.4ms
2025-07-21 03:28:49 [WARNING] GripperOptimized:fast_loop:492 - 主循環執行時間過長: 33.8ms
2025-07-21 03:28:51 [INFO] GripperOptimized:fast_loop:484 - 性能統計: 循環=698000, 平均耗時=13.5ms, 最大耗時=81.3ms, 指令數=59
2025-07-21 03:28:53 [WARNING] GripperOptimized:fast_loop:492 - 主循環執行時間過長: 33.9ms
2025-07-21 03:28:56 [WARNING] GripperOptimized:fast_loop:492 - 主循環執行時間過長: 33.6ms
2025-07-21 03:29:03 [WARNING] GripperOptimized:fast_loop:492 - 主循環執行時間過長: 31.6ms
2025-07-21 03:29:11 [WARNING] GripperOptimized:fast_loop:492 - 主循環執行時間過長: 30.5ms
2025-07-21 03:29:12 [INFO] GripperOptimized:fast_loop:484 - 性能統計: 循環=699000, 平均耗時=13.2ms, 最大耗時=81.3ms, 指令數=59
2025-07-21 03:29:12 [WARNING] GripperOptimized:fast_loop:492 - 主循環執行時間過長: 32.0ms
2025-07-21 03:29:13 [WARNING] GripperOptimized:fast_loop:492 - 主循環執行時間過長: 30.9ms
2025-07-21 03:29:16 [WARNING] GripperOptimized:fast_loop:492 - 主循環執行時間過長: 32.3ms
2025-07-21 03:29:20 [WARNING] GripperOptimized:fast_loop:492 - 主循環執行時間過長: 31.0ms
2025-07-21 03:29:23 [WARNING] GripperOptimized:fast_loop:492 - 主循環執行時間過長: 32.7ms
2025-07-21 03:29:27 [WARNING] GripperOptimized:fast_loop:492 - 主循環執行時間過長: 32.8ms
2025-07-21 03:29:28 [WARNING] GripperOptimized:fast_loop:492 - 主循環執行時間過長: 30.6ms
2025-07-21 03:29:30 [WARNING] GripperOptimized:fast_loop:492 - 主循環執行時間過長: 31.3ms
2025-07-21 03:29:32 [INFO] GripperOptimized:fast_loop:484 - 性能統計: 循環=700000, 平均耗時=13.5ms, 最大耗時=81.3ms, 指令數=59
2025-07-21 03:29:45 [WARNING] GripperOptimized:fast_loop:492 - 主循環執行時間過長: 30.1ms
2025-07-21 03:29:53 [INFO] GripperOptimized:fast_loop:484 - 性能統計: 循環=701000, 平均耗時=13.1ms, 最大耗時=81.3ms, 指令數=59
2025-07-21 03:29:54 [WARNING] GripperOptimized:fast_loop:492 - 主循環執行時間過長: 31.4ms
2025-07-21 03:29:57 [WARNING] GripperOptimized:fast_loop:492 - 主循環執行時間過長: 30.4ms
2025-07-21 03:30:07 [WARNING] GripperOptimized:fast_loop:492 - 主循環執行時間過長: 30.4ms
2025-07-21 03:30:14 [INFO] GripperOptimized:fast_loop:484 - 性能統計: 循環=702000, 平均耗時=14.1ms, 最大耗時=81.3ms, 指令數=59
2025-07-21 03:30:14 [WARNING] GripperOptimized:fast_loop:492 - 主循環執行時間過長: 33.7ms
2025-07-21 03:30:17 [WARNING] GripperOptimized:fast_loop:492 - 主循環執行時間過長: 30.4ms
2025-07-21 03:30:19 [WARNING] GripperOptimized:fast_loop:492 - 主循環執行時間過長: 31.1ms
2025-07-21 03:30:29 [WARNING] GripperOptimized:fast_loop:492 - 主循環執行時間過長: 30.7ms
2025-07-21 03:30:32 [WARNING] GripperOptimized:fast_loop:492 - 主循環執行時間過長: 30.3ms
2025-07-21 03:30:35 [INFO] GripperOptimized:fast_loop:484 - 性能統計: 循環=703000, 平均耗時=13.2ms, 最大耗時=81.3ms, 指令數=59
2025-07-21 03:30:39 [WARNING] GripperOptimized:fast_loop:492 - 主循環執行時間過長: 31.8ms
2025-07-21 03:30:43 [WARNING] GripperOptimized:fast_loop:492 - 主循環執行時間過長: 30.1ms
2025-07-21 03:30:46 [WARNING] GripperOptimized:fast_loop:492 - 主循環執行時間過長: 30.4ms
2025-07-21 03:30:56 [INFO] GripperOptimized:fast_loop:484 - 性能統計: 循環=704000, 平均耗時=12.6ms, 最大耗時=81.3ms, 指令數=59
2025-07-21 03:30:56 [WARNING] GripperOptimized:fast_loop:492 - 主循環執行時間過長: 31.8ms
2025-07-21 03:31:06 [WARNING] GripperOptimized:fast_loop:492 - 主循環執行時間過長: 30.0ms
2025-07-21 03:31:13 [WARNING] GripperOptimized:fast_loop:492 - 主循環執行時間過長: 31.3ms
2025-07-21 03:31:16 [INFO] GripperOptimized:fast_loop:484 - 性能統計: 循環=705000, 平均耗時=13.2ms, 最大耗時=81.3ms, 指令數=59
2025-07-21 03:31:24 [WARNING] GripperOptimized:fast_loop:492 - 主循環執行時間過長: 31.1ms
2025-07-21 03:31:31 [WARNING] GripperOptimized:fast_loop:492 - 主循環執行時間過長: 31.3ms
2025-07-21 03:31:37 [INFO] GripperOptimized:fast_loop:484 - 性能統計: 循環=706000, 平均耗時=13.7ms, 最大耗時=81.3ms, 指令數=59
2025-07-21 03:31:38 [WARNING] GripperOptimized:fast_loop:492 - 主循環執行時間過長: 30.8ms
2025-07-21 03:31:41 [WARNING] GripperOptimized:fast_loop:492 - 主循環執行時間過長: 30.5ms
2025-07-21 03:31:49 [WARNING] GripperOptimized:fast_loop:492 - 主循環執行時間過長: 30.1ms
2025-07-21 03:31:58 [INFO] GripperOptimized:fast_loop:484 - 性能統計: 循環=707000, 平均耗時=13.2ms, 最大耗時=81.3ms, 指令數=59
2025-07-21 03:31:59 [WARNING] GripperOptimized:fast_loop:492 - 主循環執行時間過長: 30.1ms
2025-07-21 03:32:05 [WARNING] GripperOptimized:fast_loop:492 - 主循環執行時間過長: 30.4ms
2025-07-21 03:32:13 [WARNING] GripperOptimized:fast_loop:492 - 主循環執行時間過長: 30.6ms
2025-07-21 03:32:16 [WARNING] GripperOptimized:fast_loop:492 - 主循環執行時間過長: 32.1ms
2025-07-21 03:32:19 [INFO] GripperOptimized:fast_loop:484 - 性能統計: 循環=708000, 平均耗時=13.1ms, 最大耗時=81.3ms, 指令數=59
2025-07-21 03:32:23 [WARNING] GripperOptimized:fast_loop:492 - 主循環執行時間過長: 30.4ms
2025-07-21 03:32:27 [WARNING] GripperOptimized:fast_loop:492 - 主循環執行時間過長: 30.6ms
2025-07-21 03:32:31 [WARNING] GripperOptimized:fast_loop:492 - 主循環執行時間過長: 31.9ms
2025-07-21 03:32:34 [WARNING] GripperOptimized:fast_loop:492 - 主循環執行時間過長: 31.4ms
2025-07-21 03:32:40 [INFO] GripperOptimized:fast_loop:484 - 性能統計: 循環=709000, 平均耗時=13.0ms, 最大耗時=81.3ms, 指令數=59
2025-07-21 03:32:47 [WARNING] GripperOptimized:fast_loop:492 - 主循環執行時間過長: 30.3ms
2025-07-21 03:32:52 [WARNING] GripperOptimized:fast_loop:492 - 主循環執行時間過長: 30.5ms
2025-07-21 03:32:53 [WARNING] GripperOptimized:fast_loop:492 - 主循環執行時間過長: 30.7ms
2025-07-21 03:32:55 [WARNING] GripperOptimized:fast_loop:492 - 主循環執行時間過長: 30.5ms
2025-07-21 03:33:00 [INFO] GripperOptimized:fast_loop:484 - 性能統計: 循環=710000, 平均耗時=13.2ms, 最大耗時=81.3ms, 指令數=59
2025-07-21 03:33:11 [WARNING] GripperOptimized:fast_loop:492 - 主循環執行時間過長: 31.3ms
2025-07-21 03:33:14 [WARNING] GripperOptimized:fast_loop:492 - 主循環執行時間過長: 30.1ms
2025-07-21 03:33:15 [WARNING] GripperOptimized:fast_loop:492 - 主循環執行時間過長: 30.9ms
2025-07-21 03:33:16 [WARNING] GripperOptimized:fast_loop:492 - 主循環執行時間過長: 31.3ms
2025-07-21 03:33:19 [WARNING] GripperOptimized:fast_loop:492 - 主循環執行時間過長: 32.0ms
2025-07-21 03:33:21 [INFO] GripperOptimized:fast_loop:484 - 性能統計: 循環=711000, 平均耗時=12.7ms, 最大耗時=81.3ms, 指令數=59
2025-07-21 03:33:24 [WARNING] GripperOptimized:fast_loop:492 - 主循環執行時間過長: 31.1ms
2025-07-21 03:33:27 [WARNING] GripperOptimized:fast_loop:492 - 主循環執行時間過長: 31.3ms
2025-07-21 03:33:29 [WARNING] GripperOptimized:fast_loop:492 - 主循環執行時間過長: 31.2ms
2025-07-21 03:33:42 [INFO] GripperOptimized:fast_loop:484 - 性能統計: 循環=712000, 平均耗時=13.4ms, 最大耗時=81.3ms, 指令數=59
2025-07-21 03:33:48 [WARNING] GripperOptimized:fast_loop:492 - 主循環執行時間過長: 31.0ms
2025-07-21 03:33:49 [WARNING] GripperOptimized:fast_loop:492 - 主循環執行時間過長: 30.2ms
2025-07-21 03:33:52 [WARNING] GripperOptimized:fast_loop:492 - 主循環執行時間過長: 33.5ms
2025-07-21 03:33:54 [WARNING] GripperOptimized:fast_loop:492 - 主循環執行時間過長: 30.3ms
2025-07-21 03:33:59 [WARNING] GripperOptimized:fast_loop:492 - 主循環執行時間過長: 31.0ms
2025-07-21 03:34:03 [INFO] GripperOptimized:fast_loop:484 - 性能統計: 循環=713000, 平均耗時=13.1ms, 最大耗時=81.3ms, 指令數=59
2025-07-21 03:34:18 [WARNING] GripperOptimized:fast_loop:492 - 主循環執行時間過長: 30.8ms
2025-07-21 03:34:23 [INFO] GripperOptimized:fast_loop:484 - 性能統計: 循環=714000, 平均耗時=13.9ms, 最大耗時=81.3ms, 指令數=59
2025-07-21 03:34:26 [WARNING] GripperOptimized:fast_loop:492 - 主循環執行時間過長: 30.6ms
2025-07-21 03:34:32 [WARNING] GripperOptimized:fast_loop:492 - 主循環執行時間過長: 31.1ms
2025-07-21 03:34:37 [WARNING] GripperOptimized:fast_loop:492 - 主循環執行時間過長: 33.0ms
2025-07-21 03:34:38 [WARNING] GripperOptimized:fast_loop:492 - 主循環執行時間過長: 30.4ms
2025-07-21 03:34:44 [INFO] GripperOptimized:fast_loop:484 - 性能統計: 循環=715000, 平均耗時=12.9ms, 最大耗時=81.3ms, 指令數=59
2025-07-21 03:34:46 [WARNING] GripperOptimized:fast_loop:492 - 主循環執行時間過長: 30.9ms
2025-07-21 03:34:47 [WARNING] GripperOptimized:fast_loop:492 - 主循環執行時間過長: 30.5ms
2025-07-21 03:34:58 [WARNING] GripperOptimized:fast_loop:492 - 主循環執行時間過長: 31.4ms
2025-07-21 03:35:05 [INFO] GripperOptimized:fast_loop:484 - 性能統計: 循環=716000, 平均耗時=12.6ms, 最大耗時=81.3ms, 指令數=59
2025-07-21 03:35:07 [WARNING] GripperOptimized:fast_loop:492 - 主循環執行時間過長: 30.7ms
2025-07-21 03:35:09 [WARNING] GripperOptimized:fast_loop:492 - 主循環執行時間過長: 30.0ms
2025-07-21 03:35:13 [WARNING] GripperOptimized:fast_loop:492 - 主循環執行時間過長: 30.1ms
2025-07-21 03:35:26 [INFO] GripperOptimized:fast_loop:484 - 性能統計: 循環=717000, 平均耗時=13.3ms, 最大耗時=81.3ms, 指令數=59
2025-07-21 03:35:36 [WARNING] GripperOptimized:fast_loop:492 - 主循環執行時間過長: 30.9ms
2025-07-21 03:35:39 [WARNING] GripperOptimized:fast_loop:492 - 主循環執行時間過長: 33.2ms
2025-07-21 03:35:40 [WARNING] GripperOptimized:fast_loop:492 - 主循環執行時間過長: 30.5ms
2025-07-21 03:35:47 [INFO] GripperOptimized:fast_loop:484 - 性能統計: 循環=718000, 平均耗時=13.0ms, 最大耗時=81.3ms, 指令數=59
2025-07-21 03:35:49 [WARNING] GripperOptimized:fast_loop:492 - 主循環執行時間過長: 31.3ms
2025-07-21 03:35:57 [WARNING] GripperOptimized:fast_loop:492 - 主循環執行時間過長: 30.3ms
2025-07-21 03:36:00 [WARNING] GripperOptimized:fast_loop:492 - 主循環執行時間過長: 32.7ms
2025-07-21 03:36:05 [WARNING] GripperOptimized:fast_loop:492 - 主循環執行時間過長: 30.4ms
2025-07-21 03:36:07 [INFO] GripperOptimized:fast_loop:484 - 性能統計: 循環=719000, 平均耗時=13.4ms, 最大耗時=81.3ms, 指令數=59
2025-07-21 03:36:11 [WARNING] GripperOptimized:fast_loop:492 - 主循環執行時間過長: 30.7ms
2025-07-21 03:36:23 [WARNING] GripperOptimized:fast_loop:492 - 主循環執行時間過長: 30.4ms
2025-07-21 03:36:26 [WARNING] GripperOptimized:fast_loop:492 - 主循環執行時間過長: 31.5ms
2025-07-21 03:36:28 [INFO] GripperOptimized:fast_loop:484 - 性能統計: 循環=720000, 平均耗時=13.1ms, 最大耗時=81.3ms, 指令數=59
2025-07-21 03:36:28 [WARNING] GripperOptimized:fast_loop:492 - 主循環執行時間過長: 30.3ms
2025-07-21 03:36:32 [WARNING] GripperOptimized:fast_loop:492 - 主循環執行時間過長: 31.0ms
2025-07-21 03:36:36 [WARNING] GripperOptimized:fast_loop:492 - 主循環執行時間過長: 30.4ms
2025-07-21 03:36:42 [WARNING] GripperOptimized:fast_loop:492 - 主循環執行時間過長: 32.1ms
2025-07-21 03:36:44 [WARNING] GripperOptimized:fast_loop:492 - 主循環執行時間過長: 31.1ms
2025-07-21 03:36:47 [WARNING] GripperOptimized:fast_loop:492 - 主循環執行時間過長: 33.0ms
2025-07-21 03:36:49 [INFO] GripperOptimized:fast_loop:484 - 性能統計: 循環=721000, 平均耗時=13.7ms, 最大耗時=81.3ms, 指令數=59
2025-07-21 03:36:51 [WARNING] GripperOptimized:fast_loop:492 - 主循環執行時間過長: 30.2ms
2025-07-21 03:36:56 [WARNING] GripperOptimized:fast_loop:492 - 主循環執行時間過長: 31.3ms
2025-07-21 03:37:06 [WARNING] GripperOptimized:fast_loop:492 - 主循環執行時間過長: 30.8ms
2025-07-21 03:37:10 [INFO] GripperOptimized:fast_loop:484 - 性能統計: 循環=722000, 平均耗時=12.9ms, 最大耗時=81.3ms, 指令數=59
2025-07-21 03:37:10 [WARNING] GripperOptimized:fast_loop:492 - 主循環執行時間過長: 30.6ms
2025-07-21 03:37:30 [WARNING] GripperOptimized:fast_loop:492 - 主循環執行時間過長: 30.0ms
2025-07-21 03:37:31 [INFO] GripperOptimized:fast_loop:484 - 性能統計: 循環=723000, 平均耗時=13.0ms, 最大耗時=81.3ms, 指令數=59
2025-07-21 03:37:31 [WARNING] GripperOptimized:fast_loop:492 - 主循環執行時間過長: 31.3ms
2025-07-21 03:37:51 [INFO] GripperOptimized:fast_loop:484 - 性能統計: 循環=724000, 平均耗時=13.7ms, 最大耗時=81.3ms, 指令數=59
2025-07-21 03:37:59 [WARNING] GripperOptimized:fast_loop:492 - 主循環執行時間過長: 31.6ms
2025-07-21 03:38:03 [WARNING] GripperOptimized:fast_loop:492 - 主循環執行時間過長: 31.7ms
2025-07-21 03:38:12 [INFO] GripperOptimized:fast_loop:484 - 性能統計: 循環=725000, 平均耗時=13.7ms, 最大耗時=81.3ms, 指令數=59
2025-07-21 03:38:14 [WARNING] GripperOptimized:fast_loop:492 - 主循環執行時間過長: 30.5ms
2025-07-21 03:38:21 [WARNING] GripperOptimized:fast_loop:492 - 主循環執行時間過長: 30.3ms
2025-07-21 03:38:26 [WARNING] GripperOptimized:fast_loop:492 - 主循環執行時間過長: 30.3ms
2025-07-21 03:38:33 [INFO] GripperOptimized:fast_loop:484 - 性能統計: 循環=726000, 平均耗時=13.2ms, 最大耗時=81.3ms, 指令數=59
2025-07-21 03:38:40 [WARNING] GripperOptimized:fast_loop:492 - 主循環執行時間過長: 30.7ms
2025-07-21 03:38:53 [WARNING] GripperOptimized:fast_loop:492 - 主循環執行時間過長: 32.4ms
2025-07-21 03:38:54 [INFO] GripperOptimized:fast_loop:484 - 性能統計: 循環=727000, 平均耗時=13.1ms, 最大耗時=81.3ms, 指令數=59
2025-07-21 03:38:58 [WARNING] GripperOptimized:fast_loop:492 - 主循環執行時間過長: 30.3ms
2025-07-21 03:39:00 [WARNING] GripperOptimized:fast_loop:492 - 主循環執行時間過長: 30.3ms
2025-07-21 03:39:01 [WARNING] GripperOptimized:fast_loop:492 - 主循環執行時間過長: 38.0ms
2025-07-21 03:39:15 [INFO] GripperOptimized:fast_loop:484 - 性能統計: 循環=728000, 平均耗時=14.0ms, 最大耗時=81.3ms, 指令數=59
2025-07-21 03:39:28 [WARNING] GripperOptimized:fast_loop:492 - 主循環執行時間過長: 30.5ms
2025-07-21 03:39:29 [WARNING] GripperOptimized:fast_loop:492 - 主循環執行時間過長: 31.1ms
2025-07-21 03:39:30 [WARNING] GripperOptimized:fast_loop:492 - 主循環執行時間過長: 30.3ms
2025-07-21 03:39:31 [WARNING] GripperOptimized:fast_loop:492 - 主循環執行時間過長: 33.3ms
2025-07-21 03:39:35 [INFO] GripperOptimized:fast_loop:484 - 性能統計: 循環=729000, 平均耗時=13.1ms, 最大耗時=81.3ms, 指令數=59
2025-07-21 03:39:38 [WARNING] GripperOptimized:fast_loop:492 - 主循環執行時間過長: 30.3ms
2025-07-21 03:39:46 [WARNING] GripperOptimized:fast_loop:492 - 主循環執行時間過長: 30.3ms
2025-07-21 03:39:47 [WARNING] GripperOptimized:fast_loop:492 - 主循環執行時間過長: 32.8ms
2025-07-21 03:39:49 [WARNING] GripperOptimized:fast_loop:492 - 主循環執行時間過長: 31.2ms
2025-07-21 03:39:56 [INFO] GripperOptimized:fast_loop:484 - 性能統計: 循環=730000, 平均耗時=13.5ms, 最大耗時=81.3ms, 指令數=59
2025-07-21 03:40:02 [WARNING] GripperOptimized:fast_loop:492 - 主循環執行時間過長: 30.3ms
2025-07-21 03:40:10 [WARNING] GripperOptimized:fast_loop:492 - 主循環執行時間過長: 31.0ms
2025-07-21 03:40:13 [WARNING] GripperOptimized:fast_loop:492 - 主循環執行時間過長: 30.4ms
2025-07-21 03:40:17 [INFO] GripperOptimized:fast_loop:484 - 性能統計: 循環=731000, 平均耗時=13.5ms, 最大耗時=81.3ms, 指令數=59
2025-07-21 03:40:21 [WARNING] GripperOptimized:fast_loop:492 - 主循環執行時間過長: 31.2ms
2025-07-21 03:40:23 [WARNING] GripperOptimized:fast_loop:492 - 主循環執行時間過長: 30.3ms
2025-07-21 03:40:26 [WARNING] GripperOptimized:fast_loop:492 - 主循環執行時間過長: 30.4ms
2025-07-21 03:40:38 [INFO] GripperOptimized:fast_loop:484 - 性能統計: 循環=732000, 平均耗時=13.8ms, 最大耗時=81.3ms, 指令數=59
2025-07-21 03:40:41 [WARNING] GripperOptimized:fast_loop:492 - 主循環執行時間過長: 32.7ms
2025-07-21 03:40:54 [WARNING] GripperOptimized:fast_loop:492 - 主循環執行時間過長: 32.6ms
2025-07-21 03:40:55 [WARNING] GripperOptimized:fast_loop:492 - 主循環執行時間過長: 30.5ms
2025-07-21 03:40:59 [INFO] GripperOptimized:fast_loop:484 - 性能統計: 循環=733000, 平均耗時=13.7ms, 最大耗時=81.3ms, 指令數=59
2025-07-21 03:41:14 [WARNING] GripperOptimized:fast_loop:492 - 主循環執行時間過長: 31.9ms
2025-07-21 03:41:19 [INFO] GripperOptimized:fast_loop:484 - 性能統計: 循環=734000, 平均耗時=13.5ms, 最大耗時=81.3ms, 指令數=59
2025-07-21 03:41:19 [WARNING] GripperOptimized:fast_loop:492 - 主循環執行時間過長: 32.6ms
2025-07-21 03:41:32 [WARNING] GripperOptimized:fast_loop:492 - 主循環執行時間過長: 30.4ms
2025-07-21 03:41:37 [WARNING] GripperOptimized:fast_loop:492 - 主循環執行時間過長: 30.9ms
2025-07-21 03:41:38 [WARNING] GripperOptimized:fast_loop:492 - 主循環執行時間過長: 30.4ms
2025-07-21 03:41:39 [WARNING] GripperOptimized:fast_loop:492 - 主循環執行時間過長: 33.0ms
2025-07-21 03:41:40 [INFO] GripperOptimized:fast_loop:484 - 性能統計: 循環=735000, 平均耗時=13.6ms, 最大耗時=81.3ms, 指令數=59
2025-07-21 03:41:44 [WARNING] GripperOptimized:fast_loop:492 - 主循環執行時間過長: 31.6ms
2025-07-21 03:41:45 [WARNING] GripperOptimized:fast_loop:492 - 主循環執行時間過長: 30.4ms
2025-07-21 03:41:53 [WARNING] GripperOptimized:fast_loop:492 - 主循環執行時間過長: 31.2ms
2025-07-21 03:41:55 [WARNING] GripperOptimized:fast_loop:492 - 主循環執行時間過長: 31.8ms
2025-07-21 03:42:00 [WARNING] GripperOptimized:fast_loop:492 - 主循環執行時間過長: 30.8ms
2025-07-21 03:42:01 [INFO] GripperOptimized:fast_loop:484 - 性能統計: 循環=736000, 平均耗時=12.9ms, 最大耗時=81.3ms, 指令數=59
2025-07-21 03:42:04 [WARNING] GripperOptimized:fast_loop:492 - 主循環執行時間過長: 30.4ms
2025-07-21 03:42:06 [WARNING] GripperOptimized:fast_loop:492 - 主循環執行時間過長: 30.0ms
2025-07-21 03:42:13 [WARNING] GripperOptimized:fast_loop:492 - 主循環執行時間過長: 32.4ms
2025-07-21 03:42:15 [WARNING] GripperOptimized:fast_loop:492 - 主循環執行時間過長: 31.3ms
2025-07-21 03:42:21 [WARNING] GripperOptimized:fast_loop:492 - 主循環執行時間過長: 31.6ms
2025-07-21 03:42:22 [INFO] GripperOptimized:fast_loop:484 - 性能統計: 循環=737000, 平均耗時=13.6ms, 最大耗時=81.3ms, 指令數=59
2025-07-21 03:42:26 [WARNING] GripperOptimized:fast_loop:492 - 主循環執行時間過長: 30.7ms
2025-07-21 03:42:29 [WARNING] GripperOptimized:fast_loop:492 - 主循環執行時間過長: 30.5ms
2025-07-21 03:42:41 [WARNING] GripperOptimized:fast_loop:492 - 主循環執行時間過長: 31.4ms
2025-07-21 03:42:42 [INFO] GripperOptimized:fast_loop:484 - 性能統計: 循環=738000, 平均耗時=13.6ms, 最大耗時=81.3ms, 指令數=59
2025-07-21 03:42:45 [WARNING] GripperOptimized:fast_loop:492 - 主循環執行時間過長: 30.3ms
2025-07-21 03:42:47 [WARNING] GripperOptimized:fast_loop:492 - 主循環執行時間過長: 31.0ms
2025-07-21 03:42:54 [WARNING] GripperOptimized:fast_loop:492 - 主循環執行時間過長: 30.0ms
2025-07-21 03:42:56 [WARNING] GripperOptimized:fast_loop:492 - 主循環執行時間過長: 32.7ms
2025-07-21 03:43:03 [INFO] GripperOptimized:fast_loop:484 - 性能統計: 循環=739000, 平均耗時=13.6ms, 最大耗時=81.3ms, 指令數=59
2025-07-21 03:43:05 [WARNING] GripperOptimized:fast_loop:492 - 主循環執行時間過長: 31.2ms
2025-07-21 03:43:19 [WARNING] GripperOptimized:fast_loop:492 - 主循環執行時間過長: 32.2ms
2025-07-21 03:43:24 [INFO] GripperOptimized:fast_loop:484 - 性能統計: 循環=740000, 平均耗時=14.4ms, 最大耗時=81.3ms, 指令數=59
2025-07-21 03:43:38 [WARNING] GripperOptimized:fast_loop:492 - 主循環執行時間過長: 30.0ms
2025-07-21 03:43:45 [INFO] GripperOptimized:fast_loop:484 - 性能統計: 循環=741000, 平均耗時=13.4ms, 最大耗時=81.3ms, 指令數=59
2025-07-21 03:43:55 [WARNING] GripperOptimized:fast_loop:492 - 主循環執行時間過長: 30.2ms
2025-07-21 03:43:58 [WARNING] GripperOptimized:fast_loop:492 - 主循環執行時間過長: 30.5ms
2025-07-21 03:44:06 [INFO] GripperOptimized:fast_loop:484 - 性能統計: 循環=742000, 平均耗時=13.5ms, 最大耗時=81.3ms, 指令數=59
2025-07-21 03:44:22 [WARNING] GripperOptimized:fast_loop:492 - 主循環執行時間過長: 30.2ms
2025-07-21 03:44:25 [WARNING] GripperOptimized:fast_loop:492 - 主循環執行時間過長: 30.9ms
2025-07-21 03:44:26 [INFO] GripperOptimized:fast_loop:484 - 性能統計: 循環=743000, 平均耗時=13.4ms, 最大耗時=81.3ms, 指令數=59
2025-07-21 03:44:41 [WARNING] GripperOptimized:fast_loop:492 - 主循環執行時間過長: 32.1ms
2025-07-21 03:44:44 [WARNING] GripperOptimized:fast_loop:492 - 主循環執行時間過長: 30.8ms
2025-07-21 03:44:47 [INFO] GripperOptimized:fast_loop:484 - 性能統計: 循環=744000, 平均耗時=13.6ms, 最大耗時=81.3ms, 指令數=59
2025-07-21 03:44:49 [WARNING] GripperOptimized:fast_loop:492 - 主循環執行時間過長: 30.5ms
2025-07-21 03:44:51 [WARNING] GripperOptimized:fast_loop:492 - 主循環執行時間過長: 32.1ms
2025-07-21 03:44:58 [WARNING] GripperOptimized:fast_loop:492 - 主循環執行時間過長: 30.9ms
2025-07-21 03:45:03 [WARNING] GripperOptimized:fast_loop:492 - 主循環執行時間過長: 30.9ms
2025-07-21 03:45:07 [WARNING] GripperOptimized:fast_loop:492 - 主循環執行時間過長: 30.2ms
2025-07-21 03:45:08 [INFO] GripperOptimized:fast_loop:484 - 性能統計: 循環=745000, 平均耗時=13.8ms, 最大耗時=81.3ms, 指令數=59
2025-07-21 03:45:10 [WARNING] GripperOptimized:fast_loop:492 - 主循環執行時間過長: 31.4ms
2025-07-21 03:45:12 [WARNING] GripperOptimized:fast_loop:492 - 主循環執行時間過長: 31.0ms
2025-07-21 03:45:13 [WARNING] GripperOptimized:fast_loop:492 - 主循環執行時間過長: 30.8ms
2025-07-21 03:45:29 [INFO] GripperOptimized:fast_loop:484 - 性能統計: 循環=746000, 平均耗時=13.3ms, 最大耗時=81.3ms, 指令數=59
2025-07-21 03:45:30 [WARNING] GripperOptimized:fast_loop:492 - 主循環執行時間過長: 30.3ms
2025-07-21 03:45:41 [WARNING] GripperOptimized:fast_loop:492 - 主循環執行時間過長: 31.2ms
2025-07-21 03:45:46 [WARNING] GripperOptimized:fast_loop:492 - 主循環執行時間過長: 31.3ms
2025-07-21 03:45:50 [INFO] GripperOptimized:fast_loop:484 - 性能統計: 循環=747000, 平均耗時=12.5ms, 最大耗時=81.3ms, 指令數=59
2025-07-21 03:45:58 [WARNING] GripperOptimized:fast_loop:492 - 主循環執行時間過長: 30.3ms
2025-07-21 03:46:06 [WARNING] GripperOptimized:fast_loop:492 - 主循環執行時間過長: 31.0ms
2025-07-21 03:46:10 [INFO] GripperOptimized:fast_loop:484 - 性能統計: 循環=748000, 平均耗時=13.3ms, 最大耗時=81.3ms, 指令數=59
2025-07-21 03:46:20 [WARNING] GripperOptimized:fast_loop:492 - 主循環執行時間過長: 30.6ms
2025-07-21 03:46:22 [WARNING] GripperOptimized:fast_loop:492 - 主循環執行時間過長: 30.1ms
2025-07-21 03:46:29 [WARNING] GripperOptimized:fast_loop:492 - 主循環執行時間過長: 31.2ms
2025-07-21 03:46:31 [INFO] GripperOptimized:fast_loop:484 - 性能統計: 循環=749000, 平均耗時=13.5ms, 最大耗時=81.3ms, 指令數=59
2025-07-21 03:46:39 [WARNING] GripperOptimized:fast_loop:492 - 主循環執行時間過長: 30.2ms
2025-07-21 03:46:41 [WARNING] GripperOptimized:fast_loop:492 - 主循環執行時間過長: 31.5ms
2025-07-21 03:46:46 [WARNING] GripperOptimized:fast_loop:492 - 主循環執行時間過長: 37.6ms
2025-07-21 03:46:49 [WARNING] GripperOptimized:fast_loop:492 - 主循環執行時間過長: 30.5ms
2025-07-21 03:46:52 [INFO] GripperOptimized:fast_loop:484 - 性能統計: 循環=750000, 平均耗時=13.0ms, 最大耗時=81.3ms, 指令數=59
2025-07-21 03:46:55 [WARNING] GripperOptimized:fast_loop:492 - 主循環執行時間過長: 31.2ms
2025-07-21 03:47:04 [WARNING] GripperOptimized:fast_loop:492 - 主循環執行時間過長: 31.3ms
2025-07-21 03:47:08 [WARNING] GripperOptimized:fast_loop:492 - 主循環執行時間過長: 33.6ms
2025-07-21 03:47:10 [WARNING] GripperOptimized:fast_loop:492 - 主循環執行時間過長: 32.4ms
2025-07-21 03:47:13 [INFO] GripperOptimized:fast_loop:484 - 性能統計: 循環=751000, 平均耗時=13.9ms, 最大耗時=81.3ms, 指令數=59
2025-07-21 03:47:24 [WARNING] GripperOptimized:fast_loop:492 - 主循環執行時間過長: 32.8ms
2025-07-21 03:47:34 [INFO] GripperOptimized:fast_loop:484 - 性能統計: 循環=752000, 平均耗時=13.5ms, 最大耗時=81.3ms, 指令數=59
2025-07-21 03:47:39 [WARNING] GripperOptimized:fast_loop:492 - 主循環執行時間過長: 30.9ms
2025-07-21 03:47:52 [WARNING] GripperOptimized:fast_loop:492 - 主循環執行時間過長: 31.7ms
2025-07-21 03:47:54 [INFO] GripperOptimized:fast_loop:484 - 性能統計: 循環=753000, 平均耗時=12.5ms, 最大耗時=81.3ms, 指令數=59
2025-07-21 03:47:55 [WARNING] GripperOptimized:fast_loop:492 - 主循環執行時間過長: 31.6ms
2025-07-21 03:48:05 [WARNING] GripperOptimized:fast_loop:492 - 主循環執行時間過長: 31.7ms
2025-07-21 03:48:07 [WARNING] GripperOptimized:fast_loop:492 - 主循環執行時間過長: 31.5ms
2025-07-21 03:48:08 [WARNING] GripperOptimized:fast_loop:492 - 主循環執行時間過長: 30.8ms
2025-07-21 03:48:15 [INFO] GripperOptimized:fast_loop:484 - 性能統計: 循環=754000, 平均耗時=12.5ms, 最大耗時=81.3ms, 指令數=59
2025-07-21 03:48:15 [WARNING] GripperOptimized:fast_loop:492 - 主循環執行時間過長: 30.1ms
2025-07-21 03:48:20 [WARNING] GripperOptimized:fast_loop:492 - 主循環執行時間過長: 30.7ms
2025-07-21 03:48:21 [WARNING] GripperOptimized:fast_loop:492 - 主循環執行時間過長: 30.3ms
2025-07-21 03:48:36 [INFO] GripperOptimized:fast_loop:484 - 性能統計: 循環=755000, 平均耗時=13.5ms, 最大耗時=81.3ms, 指令數=59
2025-07-21 03:48:43 [WARNING] GripperOptimized:fast_loop:492 - 主循環執行時間過長: 30.6ms
2025-07-21 03:48:53 [WARNING] GripperOptimized:fast_loop:492 - 主循環執行時間過長: 30.9ms
2025-07-21 03:48:57 [INFO] GripperOptimized:fast_loop:484 - 性能統計: 循環=756000, 平均耗時=12.7ms, 最大耗時=81.3ms, 指令數=59
2025-07-21 03:49:00 [WARNING] GripperOptimized:fast_loop:492 - 主循環執行時間過長: 32.3ms
2025-07-21 03:49:04 [WARNING] GripperOptimized:fast_loop:492 - 主循環執行時間過長: 30.1ms
2025-07-21 03:49:13 [WARNING] GripperOptimized:fast_loop:492 - 主循環執行時間過長: 30.5ms
2025-07-21 03:49:17 [INFO] GripperOptimized:fast_loop:484 - 性能統計: 循環=757000, 平均耗時=13.3ms, 最大耗時=81.3ms, 指令數=59
2025-07-21 03:49:26 [WARNING] GripperOptimized:fast_loop:492 - 主循環執行時間過長: 32.0ms
2025-07-21 03:49:30 [WARNING] GripperOptimized:fast_loop:492 - 主循環執行時間過長: 30.1ms
2025-07-21 03:49:35 [WARNING] GripperOptimized:fast_loop:492 - 主循環執行時間過長: 30.3ms
2025-07-21 03:49:36 [WARNING] GripperOptimized:fast_loop:492 - 主循環執行時間過長: 30.2ms
2025-07-21 03:49:38 [INFO] GripperOptimized:fast_loop:484 - 性能統計: 循環=758000, 平均耗時=13.7ms, 最大耗時=81.3ms, 指令數=59
2025-07-21 03:49:38 [WARNING] GripperOptimized:fast_loop:492 - 主循環執行時間過長: 30.5ms
2025-07-21 03:49:41 [WARNING] GripperOptimized:fast_loop:492 - 主循環執行時間過長: 31.4ms
2025-07-21 03:49:52 [WARNING] GripperOptimized:fast_loop:492 - 主循環執行時間過長: 31.6ms
2025-07-21 03:49:59 [INFO] GripperOptimized:fast_loop:484 - 性能統計: 循環=759000, 平均耗時=13.5ms, 最大耗時=81.3ms, 指令數=59
2025-07-21 03:50:15 [WARNING] GripperOptimized:fast_loop:492 - 主循環執行時間過長: 30.8ms
2025-07-21 03:50:20 [INFO] GripperOptimized:fast_loop:484 - 性能統計: 循環=760000, 平均耗時=13.5ms, 最大耗時=81.3ms, 指令數=59
2025-07-21 03:50:24 [WARNING] GripperOptimized:fast_loop:492 - 主循環執行時間過長: 30.5ms
2025-07-21 03:50:37 [WARNING] GripperOptimized:fast_loop:492 - 主循環執行時間過長: 31.0ms
2025-07-21 03:50:41 [INFO] GripperOptimized:fast_loop:484 - 性能統計: 循環=761000, 平均耗時=13.6ms, 最大耗時=81.3ms, 指令數=59
2025-07-21 03:50:45 [WARNING] GripperOptimized:fast_loop:492 - 主循環執行時間過長: 30.6ms
2025-07-21 03:50:46 [WARNING] GripperOptimized:fast_loop:492 - 主循環執行時間過長: 30.1ms
2025-07-21 03:50:52 [WARNING] GripperOptimized:fast_loop:492 - 主循環執行時間過長: 31.1ms
2025-07-21 03:50:55 [WARNING] GripperOptimized:fast_loop:492 - 主循環執行時間過長: 30.6ms
2025-07-21 03:51:01 [INFO] GripperOptimized:fast_loop:484 - 性能統計: 循環=762000, 平均耗時=13.8ms, 最大耗時=81.3ms, 指令數=59
2025-07-21 03:51:05 [WARNING] GripperOptimized:fast_loop:492 - 主循環執行時間過長: 30.4ms
2025-07-21 03:51:08 [WARNING] GripperOptimized:fast_loop:492 - 主循環執行時間過長: 31.4ms
2025-07-21 03:51:12 [WARNING] GripperOptimized:fast_loop:492 - 主循環執行時間過長: 31.1ms
2025-07-21 03:51:22 [INFO] GripperOptimized:fast_loop:484 - 性能統計: 循環=763000, 平均耗時=13.5ms, 最大耗時=81.3ms, 指令數=59
2025-07-21 03:51:25 [WARNING] GripperOptimized:fast_loop:492 - 主循環執行時間過長: 30.5ms
2025-07-21 03:51:33 [WARNING] GripperOptimized:fast_loop:492 - 主循環執行時間過長: 31.9ms
2025-07-21 03:51:35 [WARNING] GripperOptimized:fast_loop:492 - 主循環執行時間過長: 30.5ms
2025-07-21 03:51:36 [WARNING] GripperOptimized:fast_loop:492 - 主循環執行時間過長: 30.2ms
2025-07-21 03:51:38 [WARNING] GripperOptimized:fast_loop:492 - 主循環執行時間過長: 30.3ms
2025-07-21 03:51:39 [WARNING] GripperOptimized:fast_loop:492 - 主循環執行時間過長: 31.1ms
2025-07-21 03:51:42 [WARNING] GripperOptimized:fast_loop:492 - 主循環執行時間過長: 30.8ms
2025-07-21 03:51:43 [INFO] GripperOptimized:fast_loop:484 - 性能統計: 循環=764000, 平均耗時=14.0ms, 最大耗時=81.3ms, 指令數=59
2025-07-21 03:51:45 [WARNING] GripperOptimized:fast_loop:492 - 主循環執行時間過長: 31.2ms
2025-07-21 03:51:48 [WARNING] GripperOptimized:fast_loop:492 - 主循環執行時間過長: 31.8ms
2025-07-21 03:51:54 [WARNING] GripperOptimized:fast_loop:492 - 主循環執行時間過長: 31.2ms
2025-07-21 03:52:03 [WARNING] GripperOptimized:fast_loop:492 - 主循環執行時間過長: 30.1ms
2025-07-21 03:52:04 [INFO] GripperOptimized:fast_loop:484 - 性能統計: 循環=765000, 平均耗時=13.4ms, 最大耗時=81.3ms, 指令數=59
2025-07-21 03:52:04 [WARNING] GripperOptimized:fast_loop:492 - 主循環執行時間過長: 32.2ms
2025-07-21 03:52:06 [WARNING] GripperOptimized:fast_loop:492 - 主循環執行時間過長: 30.7ms
2025-07-21 03:52:09 [WARNING] GripperOptimized:fast_loop:492 - 主循環執行時間過長: 32.1ms
2025-07-21 03:52:15 [WARNING] GripperOptimized:fast_loop:492 - 主循環執行時間過長: 32.2ms
2025-07-21 03:52:25 [INFO] GripperOptimized:fast_loop:484 - 性能統計: 循環=766000, 平均耗時=12.0ms, 最大耗時=81.3ms, 指令數=59
2025-07-21 03:52:27 [WARNING] GripperOptimized:fast_loop:492 - 主循環執行時間過長: 32.9ms
2025-07-21 03:52:28 [WARNING] GripperOptimized:fast_loop:492 - 主循環執行時間過長: 30.5ms
2025-07-21 03:52:29 [WARNING] GripperOptimized:fast_loop:492 - 主循環執行時間過長: 31.2ms
2025-07-21 03:52:33 [WARNING] GripperOptimized:fast_loop:492 - 主循環執行時間過長: 30.2ms
2025-07-21 03:52:45 [INFO] GripperOptimized:fast_loop:484 - 性能統計: 循環=767000, 平均耗時=12.9ms, 最大耗時=81.3ms, 指令數=59
2025-07-21 03:52:49 [WARNING] GripperOptimized:fast_loop:492 - 主循環執行時間過長: 30.7ms
2025-07-21 03:52:51 [WARNING] GripperOptimized:fast_loop:492 - 主循環執行時間過長: 32.2ms
2025-07-21 03:52:56 [WARNING] GripperOptimized:fast_loop:492 - 主循環執行時間過長: 30.8ms
2025-07-21 03:53:06 [INFO] GripperOptimized:fast_loop:484 - 性能統計: 循環=768000, 平均耗時=13.3ms, 最大耗時=81.3ms, 指令數=59
2025-07-21 03:53:10 [WARNING] GripperOptimized:fast_loop:492 - 主循環執行時間過長: 30.3ms
2025-07-21 03:53:16 [WARNING] GripperOptimized:fast_loop:492 - 主循環執行時間過長: 30.9ms
2025-07-21 03:53:24 [WARNING] GripperOptimized:fast_loop:492 - 主循環執行時間過長: 31.1ms
2025-07-21 03:53:27 [INFO] GripperOptimized:fast_loop:484 - 性能統計: 循環=769000, 平均耗時=12.9ms, 最大耗時=81.3ms, 指令數=59
2025-07-21 03:53:34 [WARNING] GripperOptimized:fast_loop:492 - 主循環執行時間過長: 30.6ms
2025-07-21 03:53:39 [WARNING] GripperOptimized:fast_loop:492 - 主循環執行時間過長: 30.1ms
2025-07-21 03:53:48 [INFO] GripperOptimized:fast_loop:484 - 性能統計: 循環=770000, 平均耗時=12.6ms, 最大耗時=81.3ms, 指令數=59
2025-07-21 03:53:57 [WARNING] GripperOptimized:fast_loop:492 - 主循環執行時間過長: 31.5ms
2025-07-21 03:53:58 [WARNING] GripperOptimized:fast_loop:492 - 主循環執行時間過長: 31.4ms
2025-07-21 03:53:59 [WARNING] GripperOptimized:fast_loop:492 - 主循環執行時間過長: 31.9ms
2025-07-21 03:54:09 [INFO] GripperOptimized:fast_loop:484 - 性能統計: 循環=771000, 平均耗時=13.2ms, 最大耗時=81.3ms, 指令數=59
2025-07-21 03:54:11 [WARNING] GripperOptimized:fast_loop:492 - 主循環執行時間過長: 30.1ms
2025-07-21 03:54:29 [INFO] GripperOptimized:fast_loop:484 - 性能統計: 循環=772000, 平均耗時=13.5ms, 最大耗時=81.3ms, 指令數=59
2025-07-21 03:54:41 [WARNING] GripperOptimized:fast_loop:492 - 主循環執行時間過長: 30.7ms
2025-07-21 03:54:49 [WARNING] GripperOptimized:fast_loop:492 - 主循環執行時間過長: 30.9ms
2025-07-21 03:54:50 [INFO] GripperOptimized:fast_loop:484 - 性能統計: 循環=773000, 平均耗時=13.1ms, 最大耗時=81.3ms, 指令數=59
2025-07-21 03:54:53 [WARNING] GripperOptimized:fast_loop:492 - 主循環執行時間過長: 30.6ms
2025-07-21 03:54:56 [WARNING] GripperOptimized:fast_loop:492 - 主循環執行時間過長: 30.6ms
2025-07-21 03:55:10 [WARNING] GripperOptimized:fast_loop:492 - 主循環執行時間過長: 31.1ms
2025-07-21 03:55:11 [INFO] GripperOptimized:fast_loop:484 - 性能統計: 循環=774000, 平均耗時=13.5ms, 最大耗時=81.3ms, 指令數=59
2025-07-21 03:55:12 [WARNING] GripperOptimized:fast_loop:492 - 主循環執行時間過長: 30.7ms
2025-07-21 03:55:19 [WARNING] GripperOptimized:fast_loop:492 - 主循環執行時間過長: 30.9ms
2025-07-21 03:55:22 [WARNING] GripperOptimized:fast_loop:492 - 主循環執行時間過長: 31.1ms
2025-07-21 03:55:24 [WARNING] GripperOptimized:fast_loop:492 - 主循環執行時間過長: 30.4ms
2025-07-21 03:55:32 [INFO] GripperOptimized:fast_loop:484 - 性能統計: 循環=775000, 平均耗時=14.2ms, 最大耗時=81.3ms, 指令數=59
2025-07-21 03:55:36 [WARNING] GripperOptimized:fast_loop:492 - 主循環執行時間過長: 30.6ms
2025-07-21 03:55:38 [WARNING] GripperOptimized:fast_loop:492 - 主循環執行時間過長: 30.2ms
2025-07-21 03:55:47 [WARNING] GripperOptimized:fast_loop:492 - 主循環執行時間過長: 32.2ms
2025-07-21 03:55:53 [INFO] GripperOptimized:fast_loop:484 - 性能統計: 循環=776000, 平均耗時=13.4ms, 最大耗時=81.3ms, 指令數=59
2025-07-21 03:55:54 [WARNING] GripperOptimized:fast_loop:492 - 主循環執行時間過長: 33.4ms
2025-07-21 03:55:57 [WARNING] GripperOptimized:fast_loop:492 - 主循環執行時間過長: 30.3ms
2025-07-21 03:56:04 [WARNING] GripperOptimized:fast_loop:492 - 主循環執行時間過長: 31.2ms
2025-07-21 03:56:08 [WARNING] GripperOptimized:fast_loop:492 - 主循環執行時間過長: 30.4ms
2025-07-21 03:56:13 [INFO] GripperOptimized:fast_loop:484 - 性能統計: 循環=777000, 平均耗時=13.9ms, 最大耗時=81.3ms, 指令數=59
2025-07-21 03:56:13 [WARNING] GripperOptimized:fast_loop:492 - 主循環執行時間過長: 31.4ms
2025-07-21 03:56:24 [WARNING] GripperOptimized:fast_loop:492 - 主循環執行時間過長: 31.0ms
2025-07-21 03:56:26 [WARNING] GripperOptimized:fast_loop:492 - 主循環執行時間過長: 31.7ms
2025-07-21 03:56:31 [WARNING] GripperOptimized:fast_loop:492 - 主循環執行時間過長: 31.6ms
2025-07-21 03:56:34 [INFO] GripperOptimized:fast_loop:484 - 性能統計: 循環=778000, 平均耗時=12.9ms, 最大耗時=81.3ms, 指令數=59
2025-07-21 03:56:38 [WARNING] GripperOptimized:fast_loop:492 - 主循環執行時間過長: 30.2ms
2025-07-21 03:56:39 [WARNING] GripperOptimized:fast_loop:492 - 主循環執行時間過長: 30.6ms
2025-07-21 03:56:41 [WARNING] GripperOptimized:fast_loop:492 - 主循環執行時間過長: 30.7ms
2025-07-21 03:56:54 [WARNING] GripperOptimized:fast_loop:492 - 主循環執行時間過長: 30.3ms
2025-07-21 03:56:55 [INFO] GripperOptimized:fast_loop:484 - 性能統計: 循環=779000, 平均耗時=12.9ms, 最大耗時=81.3ms, 指令數=59
2025-07-21 03:57:13 [WARNING] GripperOptimized:fast_loop:492 - 主循環執行時間過長: 31.6ms
2025-07-21 03:57:16 [INFO] GripperOptimized:fast_loop:484 - 性能統計: 循環=780000, 平均耗時=14.0ms, 最大耗時=81.3ms, 指令數=59
2025-07-21 03:57:32 [WARNING] GripperOptimized:fast_loop:492 - 主循環執行時間過長: 30.1ms
2025-07-21 03:57:36 [INFO] GripperOptimized:fast_loop:484 - 性能統計: 循環=781000, 平均耗時=13.3ms, 最大耗時=81.3ms, 指令數=59
2025-07-21 03:57:50 [WARNING] GripperOptimized:fast_loop:492 - 主循環執行時間過長: 31.3ms
2025-07-21 03:57:54 [WARNING] GripperOptimized:fast_loop:492 - 主循環執行時間過長: 31.2ms
2025-07-21 03:57:57 [INFO] GripperOptimized:fast_loop:484 - 性能統計: 循環=782000, 平均耗時=13.5ms, 最大耗時=81.3ms, 指令數=59
2025-07-21 03:57:57 [WARNING] GripperOptimized:fast_loop:492 - 主循環執行時間過長: 30.6ms
2025-07-21 03:57:59 [WARNING] GripperOptimized:fast_loop:492 - 主循環執行時間過長: 30.2ms
2025-07-21 03:58:17 [WARNING] GripperOptimized:fast_loop:492 - 主循環執行時間過長: 31.2ms
2025-07-21 03:58:18 [INFO] GripperOptimized:fast_loop:484 - 性能統計: 循環=783000, 平均耗時=14.5ms, 最大耗時=81.3ms, 指令數=59
2025-07-21 03:58:20 [WARNING] GripperOptimized:fast_loop:492 - 主循環執行時間過長: 30.5ms
2025-07-21 03:58:22 [WARNING] GripperOptimized:fast_loop:492 - 主循環執行時間過長: 30.8ms
2025-07-21 03:58:26 [WARNING] GripperOptimized:fast_loop:492 - 主循環執行時間過長: 32.9ms
2025-07-21 03:58:27 [WARNING] GripperOptimized:fast_loop:492 - 主循環執行時間過長: 31.2ms
2025-07-21 03:58:28 [WARNING] GripperOptimized:fast_loop:492 - 主循環執行時間過長: 33.2ms
2025-07-21 03:58:30 [WARNING] GripperOptimized:fast_loop:492 - 主循環執行時間過長: 30.9ms
2025-07-21 03:58:39 [INFO] GripperOptimized:fast_loop:484 - 性能統計: 循環=784000, 平均耗時=14.0ms, 最大耗時=81.3ms, 指令數=59
2025-07-21 03:58:42 [WARNING] GripperOptimized:fast_loop:492 - 主循環執行時間過長: 30.9ms
2025-07-21 03:58:50 [WARNING] GripperOptimized:fast_loop:492 - 主循環執行時間過長: 30.5ms
2025-07-21 03:58:51 [WARNING] GripperOptimized:fast_loop:492 - 主循環執行時間過長: 31.5ms
2025-07-21 03:58:53 [WARNING] GripperOptimized:fast_loop:492 - 主循環執行時間過長: 30.5ms
2025-07-21 03:58:54 [WARNING] GripperOptimized:fast_loop:492 - 主循環執行時間過長: 30.9ms
2025-07-21 03:59:00 [INFO] GripperOptimized:fast_loop:484 - 性能統計: 循環=785000, 平均耗時=13.4ms, 最大耗時=81.3ms, 指令數=59
2025-07-21 03:59:00 [WARNING] GripperOptimized:fast_loop:492 - 主循環執行時間過長: 30.2ms
2025-07-21 03:59:13 [WARNING] GripperOptimized:fast_loop:492 - 主循環執行時間過長: 30.8ms
2025-07-21 03:59:15 [WARNING] GripperOptimized:fast_loop:492 - 主循環執行時間過長: 30.5ms
2025-07-21 03:59:20 [INFO] GripperOptimized:fast_loop:484 - 性能統計: 循環=786000, 平均耗時=13.2ms, 最大耗時=81.3ms, 指令數=59
2025-07-21 03:59:25 [WARNING] GripperOptimized:fast_loop:492 - 主循環執行時間過長: 30.7ms
2025-07-21 03:59:41 [INFO] GripperOptimized:fast_loop:484 - 性能統計: 循環=787000, 平均耗時=14.0ms, 最大耗時=81.3ms, 指令數=59
2025-07-21 03:59:45 [WARNING] GripperOptimized:fast_loop:492 - 主循環執行時間過長: 30.9ms
2025-07-21 03:59:50 [WARNING] GripperOptimized:fast_loop:492 - 主循環執行時間過長: 31.1ms
2025-07-21 03:59:53 [WARNING] GripperOptimized:fast_loop:492 - 主循環執行時間過長: 33.1ms
2025-07-21 03:59:54 [WARNING] GripperOptimized:fast_loop:492 - 主循環執行時間過長: 30.1ms
2025-07-21 03:59:59 [WARNING] GripperOptimized:fast_loop:492 - 主循環執行時間過長: 30.5ms
2025-07-21 04:00:02 [INFO] GripperOptimized:fast_loop:484 - 性能統計: 循環=788000, 平均耗時=13.5ms, 最大耗時=81.3ms, 指令數=59
2025-07-21 04:00:08 [WARNING] GripperOptimized:fast_loop:492 - 主循環執行時間過長: 30.2ms
2025-07-21 04:00:15 [WARNING] GripperOptimized:fast_loop:492 - 主循環執行時間過長: 30.4ms
2025-07-21 04:00:23 [INFO] GripperOptimized:fast_loop:484 - 性能統計: 循環=789000, 平均耗時=12.8ms, 最大耗時=81.3ms, 指令數=59
2025-07-21 04:00:23 [WARNING] GripperOptimized:fast_loop:492 - 主循環執行時間過長: 32.2ms
2025-07-21 04:00:26 [WARNING] GripperOptimized:fast_loop:492 - 主循環執行時間過長: 30.1ms
2025-07-21 04:00:44 [INFO] GripperOptimized:fast_loop:484 - 性能統計: 循環=790000, 平均耗時=13.2ms, 最大耗時=81.3ms, 指令數=59
2025-07-21 04:00:54 [WARNING] GripperOptimized:fast_loop:492 - 主循環執行時間過長: 30.1ms
2025-07-21 04:00:56 [WARNING] GripperOptimized:fast_loop:492 - 主循環執行時間過長: 30.1ms
2025-07-21 04:00:59 [WARNING] GripperOptimized:fast_loop:492 - 主循環執行時間過長: 30.4ms
2025-07-21 04:01:03 [WARNING] GripperOptimized:fast_loop:492 - 主循環執行時間過長: 31.0ms
2025-07-21 04:01:04 [INFO] GripperOptimized:fast_loop:484 - 性能統計: 循環=791000, 平均耗時=14.1ms, 最大耗時=81.3ms, 指令數=59
2025-07-21 04:01:04 [WARNING] GripperOptimized:fast_loop:492 - 主循環執行時間過長: 33.6ms
2025-07-21 04:01:12 [WARNING] GripperOptimized:fast_loop:492 - 主循環執行時間過長: 30.4ms
2025-07-21 04:01:20 [WARNING] GripperOptimized:fast_loop:492 - 主循環執行時間過長: 31.9ms
2025-07-21 04:01:25 [INFO] GripperOptimized:fast_loop:484 - 性能統計: 循環=792000, 平均耗時=13.5ms, 最大耗時=81.3ms, 指令數=59
2025-07-21 04:01:31 [WARNING] GripperOptimized:fast_loop:492 - 主循環執行時間過長: 31.8ms
2025-07-21 04:01:35 [WARNING] GripperOptimized:fast_loop:492 - 主循環執行時間過長: 32.7ms
2025-07-21 04:01:39 [WARNING] GripperOptimized:fast_loop:492 - 主循環執行時間過長: 30.6ms
2025-07-21 04:01:44 [WARNING] GripperOptimized:fast_loop:492 - 主循環執行時間過長: 31.5ms
2025-07-21 04:01:46 [INFO] GripperOptimized:fast_loop:484 - 性能統計: 循環=793000, 平均耗時=12.5ms, 最大耗時=81.3ms, 指令數=59
2025-07-21 04:01:46 [WARNING] GripperOptimized:fast_loop:492 - 主循環執行時間過長: 31.2ms
2025-07-21 04:02:01 [WARNING] GripperOptimized:fast_loop:492 - 主循環執行時間過長: 30.4ms
2025-07-21 04:02:02 [WARNING] GripperOptimized:fast_loop:492 - 主循環執行時間過長: 37.7ms
2025-07-21 04:02:07 [INFO] GripperOptimized:fast_loop:484 - 性能統計: 循環=794000, 平均耗時=13.2ms, 最大耗時=81.3ms, 指令數=59
2025-07-21 04:02:14 [WARNING] GripperOptimized:fast_loop:492 - 主循環執行時間過長: 31.8ms
2025-07-21 04:02:19 [WARNING] GripperOptimized:fast_loop:492 - 主循環執行時間過長: 30.2ms
2025-07-21 04:02:21 [WARNING] GripperOptimized:fast_loop:492 - 主循環執行時間過長: 30.9ms
2025-07-21 04:02:23 [WARNING] GripperOptimized:fast_loop:492 - 主循環執行時間過長: 30.2ms
2025-07-21 04:02:28 [INFO] GripperOptimized:fast_loop:484 - 性能統計: 循環=795000, 平均耗時=13.3ms, 最大耗時=81.3ms, 指令數=59
2025-07-21 04:02:39 [WARNING] GripperOptimized:fast_loop:492 - 主循環執行時間過長: 30.5ms
2025-07-21 04:02:46 [WARNING] GripperOptimized:fast_loop:492 - 主循環執行時間過長: 31.0ms
2025-07-21 04:02:48 [INFO] GripperOptimized:fast_loop:484 - 性能統計: 循環=796000, 平均耗時=13.2ms, 最大耗時=81.3ms, 指令數=59
2025-07-21 04:02:50 [WARNING] GripperOptimized:fast_loop:492 - 主循環執行時間過長: 31.3ms
2025-07-21 04:03:01 [WARNING] GripperOptimized:fast_loop:492 - 主循環執行時間過長: 31.6ms
2025-07-21 04:03:05 [WARNING] GripperOptimized:fast_loop:492 - 主循環執行時間過長: 31.5ms
2025-07-21 04:03:09 [INFO] GripperOptimized:fast_loop:484 - 性能統計: 循環=797000, 平均耗時=13.6ms, 最大耗時=81.3ms, 指令數=59
2025-07-21 04:03:10 [WARNING] GripperOptimized:fast_loop:492 - 主循環執行時間過長: 30.6ms
2025-07-21 04:03:13 [WARNING] GripperOptimized:fast_loop:492 - 主循環執行時間過長: 33.0ms
2025-07-21 04:03:15 [WARNING] GripperOptimized:fast_loop:492 - 主循環執行時間過長: 30.1ms
2025-07-21 04:03:22 [WARNING] GripperOptimized:fast_loop:492 - 主循環執行時間過長: 30.4ms
2025-07-21 04:03:30 [INFO] GripperOptimized:fast_loop:484 - 性能統計: 循環=798000, 平均耗時=14.0ms, 最大耗時=81.3ms, 指令數=59
2025-07-21 04:03:32 [WARNING] GripperOptimized:fast_loop:492 - 主循環執行時間過長: 32.3ms
2025-07-21 04:03:36 [WARNING] GripperOptimized:fast_loop:492 - 主循環執行時間過長: 30.1ms
2025-07-21 04:03:39 [WARNING] GripperOptimized:fast_loop:492 - 主循環執行時間過長: 30.5ms
2025-07-21 04:03:40 [WARNING] GripperOptimized:fast_loop:492 - 主循環執行時間過長: 30.1ms
2025-07-21 04:03:46 [WARNING] GripperOptimized:fast_loop:492 - 主循環執行時間過長: 31.0ms
2025-07-21 04:03:51 [INFO] GripperOptimized:fast_loop:484 - 性能統計: 循環=799000, 平均耗時=13.1ms, 最大耗時=81.3ms, 指令數=59
2025-07-21 04:03:51 [WARNING] GripperOptimized:fast_loop:492 - 主循環執行時間過長: 30.8ms
2025-07-21 04:04:11 [INFO] GripperOptimized:fast_loop:484 - 性能統計: 循環=800000, 平均耗時=12.7ms, 最大耗時=81.3ms, 指令數=59
2025-07-21 04:04:14 [WARNING] GripperOptimized:fast_loop:492 - 主循環執行時間過長: 33.2ms
2025-07-21 04:04:15 [WARNING] GripperOptimized:fast_loop:492 - 主循環執行時間過長: 30.6ms
2025-07-21 04:04:17 [WARNING] GripperOptimized:fast_loop:492 - 主循環執行時間過長: 30.5ms
2025-07-21 04:04:20 [WARNING] GripperOptimized:fast_loop:492 - 主循環執行時間過長: 30.4ms
2025-07-21 04:04:29 [WARNING] GripperOptimized:fast_loop:492 - 主循環執行時間過長: 30.8ms
2025-07-21 04:04:32 [INFO] GripperOptimized:fast_loop:484 - 性能統計: 循環=801000, 平均耗時=13.1ms, 最大耗時=81.3ms, 指令數=59
2025-07-21 04:04:48 [WARNING] GripperOptimized:fast_loop:492 - 主循環執行時間過長: 32.4ms
2025-07-21 04:04:49 [WARNING] GripperOptimized:fast_loop:492 - 主循環執行時間過長: 30.5ms
2025-07-21 04:04:53 [INFO] GripperOptimized:fast_loop:484 - 性能統計: 循環=802000, 平均耗時=13.3ms, 最大耗時=81.3ms, 指令數=59
2025-07-21 04:04:54 [WARNING] GripperOptimized:fast_loop:492 - 主循環執行時間過長: 30.7ms
2025-07-21 04:05:02 [WARNING] GripperOptimized:fast_loop:492 - 主循環執行時間過長: 31.1ms
2025-07-21 04:05:04 [WARNING] GripperOptimized:fast_loop:492 - 主循環執行時間過長: 31.5ms
2025-07-21 04:05:05 [WARNING] GripperOptimized:fast_loop:492 - 主循環執行時間過長: 31.9ms
2025-07-21 04:05:12 [WARNING] GripperOptimized:fast_loop:492 - 主循環執行時間過長: 30.8ms
2025-07-21 04:05:14 [INFO] GripperOptimized:fast_loop:484 - 性能統計: 循環=803000, 平均耗時=12.5ms, 最大耗時=81.3ms, 指令數=59
2025-07-21 04:05:18 [WARNING] GripperOptimized:fast_loop:492 - 主循環執行時間過長: 31.0ms
2025-07-21 04:05:28 [WARNING] GripperOptimized:fast_loop:492 - 主循環執行時間過長: 31.6ms
2025-07-21 04:05:35 [INFO] GripperOptimized:fast_loop:484 - 性能統計: 循環=804000, 平均耗時=13.7ms, 最大耗時=81.3ms, 指令數=59
2025-07-21 04:05:38 [WARNING] GripperOptimized:fast_loop:492 - 主循環執行時間過長: 30.3ms
2025-07-21 04:05:46 [WARNING] GripperOptimized:fast_loop:492 - 主循環執行時間過長: 31.6ms
2025-07-21 04:05:49 [WARNING] GripperOptimized:fast_loop:492 - 主循環執行時間過長: 31.3ms
2025-07-21 04:05:55 [INFO] GripperOptimized:fast_loop:484 - 性能統計: 循環=805000, 平均耗時=13.5ms, 最大耗時=81.3ms, 指令數=59
2025-07-21 04:05:55 [WARNING] GripperOptimized:fast_loop:492 - 主循環執行時間過長: 30.7ms
2025-07-21 04:05:59 [WARNING] GripperOptimized:fast_loop:492 - 主循環執行時間過長: 32.4ms
2025-07-21 04:06:08 [WARNING] GripperOptimized:fast_loop:492 - 主循環執行時間過長: 31.0ms
2025-07-21 04:06:09 [WARNING] GripperOptimized:fast_loop:492 - 主循環執行時間過長: 32.2ms
2025-07-21 04:06:11 [WARNING] GripperOptimized:fast_loop:492 - 主循環執行時間過長: 32.3ms
2025-07-21 04:06:13 [WARNING] GripperOptimized:fast_loop:492 - 主循環執行時間過長: 30.1ms
2025-07-21 04:06:16 [INFO] GripperOptimized:fast_loop:484 - 性能統計: 循環=806000, 平均耗時=14.1ms, 最大耗時=81.3ms, 指令數=59
2025-07-21 04:06:16 [WARNING] GripperOptimized:fast_loop:492 - 主循環執行時間過長: 31.2ms
2025-07-21 04:06:26 [WARNING] GripperOptimized:fast_loop:492 - 主循環執行時間過長: 30.2ms
2025-07-21 04:06:32 [WARNING] GripperOptimized:fast_loop:492 - 主循環執行時間過長: 30.8ms
2025-07-21 04:06:37 [INFO] GripperOptimized:fast_loop:484 - 性能統計: 循環=807000, 平均耗時=14.4ms, 最大耗時=81.3ms, 指令數=59
2025-07-21 04:06:41 [WARNING] GripperOptimized:fast_loop:492 - 主循環執行時間過長: 31.3ms
2025-07-21 04:06:43 [WARNING] GripperOptimized:fast_loop:492 - 主循環執行時間過長: 32.1ms
2025-07-21 04:06:52 [WARNING] GripperOptimized:fast_loop:492 - 主循環執行時間過長: 30.2ms
2025-07-21 04:06:53 [WARNING] GripperOptimized:fast_loop:492 - 主循環執行時間過長: 31.7ms
2025-07-21 04:06:56 [WARNING] GripperOptimized:fast_loop:492 - 主循環執行時間過長: 33.5ms
2025-07-21 04:06:58 [INFO] GripperOptimized:fast_loop:484 - 性能統計: 循環=808000, 平均耗時=13.5ms, 最大耗時=81.3ms, 指令數=59
2025-07-21 04:07:03 [WARNING] GripperOptimized:fast_loop:492 - 主循環執行時間過長: 30.3ms
2025-07-21 04:07:05 [WARNING] GripperOptimized:fast_loop:492 - 主循環執行時間過長: 30.1ms
2025-07-21 04:07:19 [INFO] GripperOptimized:fast_loop:484 - 性能統計: 循環=809000, 平均耗時=12.5ms, 最大耗時=81.3ms, 指令數=59
2025-07-21 04:07:19 [WARNING] GripperOptimized:fast_loop:492 - 主循環執行時間過長: 30.4ms
2025-07-21 04:07:26 [WARNING] GripperOptimized:fast_loop:492 - 主循環執行時間過長: 30.9ms
2025-07-21 04:07:33 [WARNING] GripperOptimized:fast_loop:492 - 主循環執行時間過長: 31.7ms
2025-07-21 04:07:35 [WARNING] GripperOptimized:fast_loop:492 - 主循環執行時間過長: 30.5ms
2025-07-21 04:07:36 [WARNING] GripperOptimized:fast_loop:492 - 主循環執行時間過長: 31.4ms
2025-07-21 04:07:39 [INFO] GripperOptimized:fast_loop:484 - 性能統計: 循環=810000, 平均耗時=14.2ms, 最大耗時=81.3ms, 指令數=59
2025-07-21 04:07:47 [WARNING] GripperOptimized:fast_loop:492 - 主循環執行時間過長: 32.0ms
2025-07-21 04:07:51 [WARNING] GripperOptimized:fast_loop:492 - 主循環執行時間過長: 31.3ms
2025-07-21 04:07:55 [WARNING] GripperOptimized:fast_loop:492 - 主循環執行時間過長: 31.0ms
2025-07-21 04:08:00 [INFO] GripperOptimized:fast_loop:484 - 性能統計: 循環=811000, 平均耗時=13.4ms, 最大耗時=81.3ms, 指令數=59
2025-07-21 04:08:13 [WARNING] GripperOptimized:fast_loop:492 - 主循環執行時間過長: 30.2ms
2025-07-21 04:08:21 [INFO] GripperOptimized:fast_loop:484 - 性能統計: 循環=812000, 平均耗時=12.9ms, 最大耗時=81.3ms, 指令數=59
2025-07-21 04:08:24 [WARNING] GripperOptimized:fast_loop:492 - 主循環執行時間過長: 33.8ms
2025-07-21 04:08:26 [WARNING] GripperOptimized:fast_loop:492 - 主循環執行時間過長: 31.1ms
2025-07-21 04:08:27 [WARNING] GripperOptimized:fast_loop:492 - 主循環執行時間過長: 30.6ms
2025-07-21 04:08:28 [WARNING] GripperOptimized:fast_loop:492 - 主循環執行時間過長: 31.1ms
2025-07-21 04:08:31 [WARNING] GripperOptimized:fast_loop:492 - 主循環執行時間過長: 30.4ms
2025-07-21 04:08:36 [WARNING] GripperOptimized:fast_loop:492 - 主循環執行時間過長: 30.0ms
2025-07-21 04:08:37 [WARNING] GripperOptimized:fast_loop:492 - 主循環執行時間過長: 30.5ms
2025-07-21 04:08:42 [INFO] GripperOptimized:fast_loop:484 - 性能統計: 循環=813000, 平均耗時=13.2ms, 最大耗時=81.3ms, 指令數=59
2025-07-21 04:08:43 [WARNING] GripperOptimized:fast_loop:492 - 主循環執行時間過長: 30.7ms
2025-07-21 04:08:44 [WARNING] GripperOptimized:fast_loop:492 - 主循環執行時間過長: 30.2ms
2025-07-21 04:08:49 [WARNING] GripperOptimized:fast_loop:492 - 主循環執行時間過長: 30.5ms
2025-07-21 04:08:54 [WARNING] GripperOptimized:fast_loop:492 - 主循環執行時間過長: 30.5ms
2025-07-21 04:08:55 [WARNING] GripperOptimized:fast_loop:492 - 主循環執行時間過長: 30.5ms
2025-07-21 04:08:57 [WARNING] GripperOptimized:fast_loop:492 - 主循環執行時間過長: 30.3ms
2025-07-21 04:09:03 [INFO] GripperOptimized:fast_loop:484 - 性能統計: 循環=814000, 平均耗時=13.5ms, 最大耗時=81.3ms, 指令數=59
2025-07-21 04:09:05 [WARNING] GripperOptimized:fast_loop:492 - 主循環執行時間過長: 31.5ms
2025-07-21 04:09:15 [WARNING] GripperOptimized:fast_loop:492 - 主循環執行時間過長: 30.2ms
2025-07-21 04:09:21 [WARNING] GripperOptimized:fast_loop:492 - 主循環執行時間過長: 30.1ms
2025-07-21 04:09:23 [INFO] GripperOptimized:fast_loop:484 - 性能統計: 循環=815000, 平均耗時=12.8ms, 最大耗時=81.3ms, 指令數=59
2025-07-21 04:09:23 [WARNING] GripperOptimized:fast_loop:492 - 主循環執行時間過長: 32.6ms
2025-07-21 04:09:39 [WARNING] GripperOptimized:fast_loop:492 - 主循環執行時間過長: 30.9ms
2025-07-21 04:09:44 [INFO] GripperOptimized:fast_loop:484 - 性能統計: 循環=816000, 平均耗時=14.1ms, 最大耗時=81.3ms, 指令數=59
2025-07-21 04:09:51 [WARNING] GripperOptimized:fast_loop:492 - 主循環執行時間過長: 31.6ms
2025-07-21 04:09:56 [WARNING] GripperOptimized:fast_loop:492 - 主循環執行時間過長: 32.0ms
2025-07-21 04:09:57 [WARNING] GripperOptimized:fast_loop:492 - 主循環執行時間過長: 30.5ms
2025-07-21 04:10:03 [WARNING] GripperOptimized:fast_loop:492 - 主循環執行時間過長: 30.6ms
2025-07-21 04:10:05 [INFO] GripperOptimized:fast_loop:484 - 性能統計: 循環=817000, 平均耗時=13.2ms, 最大耗時=81.3ms, 指令數=59
2025-07-21 04:10:05 [WARNING] GripperOptimized:fast_loop:492 - 主循環執行時間過長: 31.9ms
2025-07-21 04:10:10 [WARNING] GripperOptimized:fast_loop:492 - 主循環執行時間過長: 30.5ms
2025-07-21 04:10:21 [WARNING] GripperOptimized:fast_loop:492 - 主循環執行時間過長: 31.2ms
2025-07-21 04:10:22 [WARNING] GripperOptimized:fast_loop:492 - 主循環執行時間過長: 32.0ms
2025-07-21 04:10:26 [INFO] GripperOptimized:fast_loop:484 - 性能統計: 循環=818000, 平均耗時=12.7ms, 最大耗時=81.3ms, 指令數=59
2025-07-21 04:10:28 [WARNING] GripperOptimized:fast_loop:492 - 主循環執行時間過長: 30.9ms
2025-07-21 04:10:39 [WARNING] GripperOptimized:fast_loop:492 - 主循環執行時間過長: 32.2ms
2025-07-21 04:10:47 [INFO] GripperOptimized:fast_loop:484 - 性能統計: 循環=819000, 平均耗時=13.5ms, 最大耗時=81.3ms, 指令數=59
2025-07-21 04:10:48 [WARNING] GripperOptimized:fast_loop:492 - 主循環執行時間過長: 30.1ms
2025-07-21 04:10:52 [WARNING] GripperOptimized:fast_loop:492 - 主循環執行時間過長: 31.5ms
2025-07-21 04:10:53 [WARNING] GripperOptimized:fast_loop:492 - 主循環執行時間過長: 30.9ms
2025-07-21 04:11:05 [WARNING] GripperOptimized:fast_loop:492 - 主循環執行時間過長: 33.5ms
2025-07-21 04:11:07 [INFO] GripperOptimized:fast_loop:484 - 性能統計: 循環=820000, 平均耗時=12.7ms, 最大耗時=81.3ms, 指令數=59
2025-07-21 04:11:09 [WARNING] GripperOptimized:fast_loop:492 - 主循環執行時間過長: 30.1ms
2025-07-21 04:11:20 [WARNING] GripperOptimized:fast_loop:492 - 主循環執行時間過長: 30.1ms
2025-07-21 04:11:28 [INFO] GripperOptimized:fast_loop:484 - 性能統計: 循環=821000, 平均耗時=13.4ms, 最大耗時=81.3ms, 指令數=59
2025-07-21 04:11:44 [WARNING] GripperOptimized:fast_loop:492 - 主循環執行時間過長: 31.9ms
2025-07-21 04:11:49 [INFO] GripperOptimized:fast_loop:484 - 性能統計: 循環=822000, 平均耗時=13.4ms, 最大耗時=81.3ms, 指令數=59
2025-07-21 04:12:00 [WARNING] GripperOptimized:fast_loop:492 - 主循環執行時間過長: 30.0ms
2025-07-21 04:12:06 [WARNING] GripperOptimized:fast_loop:492 - 主循環執行時間過長: 30.6ms
2025-07-21 04:12:07 [WARNING] GripperOptimized:fast_loop:492 - 主循環執行時間過長: 31.3ms
2025-07-21 04:12:10 [INFO] GripperOptimized:fast_loop:484 - 性能統計: 循環=823000, 平均耗時=13.8ms, 最大耗時=81.3ms, 指令數=59
2025-07-21 04:12:15 [WARNING] GripperOptimized:fast_loop:492 - 主循環執行時間過長: 30.2ms
2025-07-21 04:12:17 [WARNING] GripperOptimized:fast_loop:492 - 主循環執行時間過長: 30.1ms
2025-07-21 04:12:30 [INFO] GripperOptimized:fast_loop:484 - 性能統計: 循環=824000, 平均耗時=12.9ms, 最大耗時=81.3ms, 指令數=59
2025-07-21 04:12:38 [WARNING] GripperOptimized:fast_loop:492 - 主循環執行時間過長: 30.9ms
2025-07-21 04:12:40 [WARNING] GripperOptimized:fast_loop:492 - 主循環執行時間過長: 34.4ms
2025-07-21 04:12:51 [INFO] GripperOptimized:fast_loop:484 - 性能統計: 循環=825000, 平均耗時=14.0ms, 最大耗時=81.3ms, 指令數=59
2025-07-21 04:12:53 [WARNING] GripperOptimized:fast_loop:492 - 主循環執行時間過長: 30.5ms
2025-07-21 04:13:00 [WARNING] GripperOptimized:fast_loop:492 - 主循環執行時間過長: 31.0ms
2025-07-21 04:13:02 [WARNING] GripperOptimized:fast_loop:492 - 主循環執行時間過長: 30.5ms
2025-07-21 04:13:03 [WARNING] GripperOptimized:fast_loop:492 - 主循環執行時間過長: 31.0ms
2025-07-21 04:13:05 [WARNING] GripperOptimized:fast_loop:492 - 主循環執行時間過長: 30.6ms
2025-07-21 04:13:10 [WARNING] GripperOptimized:fast_loop:492 - 主循環執行時間過長: 31.3ms
2025-07-21 04:13:12 [INFO] GripperOptimized:fast_loop:484 - 性能統計: 循環=826000, 平均耗時=13.3ms, 最大耗時=81.3ms, 指令數=59
2025-07-21 04:13:14 [WARNING] GripperOptimized:fast_loop:492 - 主循環執行時間過長: 32.3ms
2025-07-21 04:13:17 [WARNING] GripperOptimized:fast_loop:492 - 主循環執行時間過長: 30.0ms
2025-07-21 04:13:33 [INFO] GripperOptimized:fast_loop:484 - 性能統計: 循環=827000, 平均耗時=13.7ms, 最大耗時=81.3ms, 指令數=59
2025-07-21 04:13:54 [INFO] GripperOptimized:fast_loop:484 - 性能統計: 循環=828000, 平均耗時=13.7ms, 最大耗時=81.3ms, 指令數=59
2025-07-21 04:13:58 [WARNING] GripperOptimized:fast_loop:492 - 主循環執行時間過長: 30.6ms
2025-07-21 04:14:11 [WARNING] GripperOptimized:fast_loop:492 - 主循環執行時間過長: 30.4ms
2025-07-21 04:14:14 [INFO] GripperOptimized:fast_loop:484 - 性能統計: 循環=829000, 平均耗時=12.6ms, 最大耗時=81.3ms, 指令數=59
2025-07-21 04:14:21 [WARNING] GripperOptimized:fast_loop:492 - 主循環執行時間過長: 30.8ms
2025-07-21 04:14:24 [WARNING] GripperOptimized:fast_loop:492 - 主循環執行時間過長: 30.8ms
2025-07-21 04:14:26 [WARNING] GripperOptimized:fast_loop:492 - 主循環執行時間過長: 31.3ms
2025-07-21 04:14:29 [WARNING] GripperOptimized:fast_loop:492 - 主循環執行時間過長: 30.2ms
2025-07-21 04:14:35 [INFO] GripperOptimized:fast_loop:484 - 性能統計: 循環=830000, 平均耗時=13.0ms, 最大耗時=81.3ms, 指令數=59
2025-07-21 04:14:39 [WARNING] GripperOptimized:fast_loop:492 - 主循環執行時間過長: 37.1ms
2025-07-21 04:14:44 [WARNING] GripperOptimized:fast_loop:492 - 主循環執行時間過長: 30.6ms
2025-07-21 04:14:49 [WARNING] GripperOptimized:fast_loop:492 - 主循環執行時間過長: 30.6ms
2025-07-21 04:14:54 [WARNING] GripperOptimized:fast_loop:492 - 主循環執行時間過長: 30.0ms
2025-07-21 04:14:56 [INFO] GripperOptimized:fast_loop:484 - 性能統計: 循環=831000, 平均耗時=13.2ms, 最大耗時=81.3ms, 指令數=59
2025-07-21 04:14:56 [WARNING] GripperOptimized:fast_loop:492 - 主循環執行時間過長: 30.2ms
2025-07-21 04:15:04 [WARNING] GripperOptimized:fast_loop:492 - 主循環執行時間過長: 31.2ms
2025-07-21 04:15:16 [WARNING] GripperOptimized:fast_loop:492 - 主循環執行時間過長: 30.3ms
2025-07-21 04:15:17 [INFO] GripperOptimized:fast_loop:484 - 性能統計: 循環=832000, 平均耗時=12.6ms, 最大耗時=81.3ms, 指令數=59
2025-07-21 04:15:37 [WARNING] GripperOptimized:fast_loop:492 - 主循環執行時間過長: 30.7ms
2025-07-21 04:15:38 [INFO] GripperOptimized:fast_loop:484 - 性能統計: 循環=833000, 平均耗時=13.5ms, 最大耗時=81.3ms, 指令數=59
2025-07-21 04:15:58 [INFO] GripperOptimized:fast_loop:484 - 性能統計: 循環=834000, 平均耗時=13.6ms, 最大耗時=81.3ms, 指令數=59
2025-07-21 04:16:07 [WARNING] GripperOptimized:fast_loop:492 - 主循環執行時間過長: 30.0ms
2025-07-21 04:16:09 [WARNING] GripperOptimized:fast_loop:492 - 主循環執行時間過長: 30.6ms
2025-07-21 04:16:14 [WARNING] GripperOptimized:fast_loop:492 - 主循環執行時間過長: 30.4ms
2025-07-21 04:16:19 [INFO] GripperOptimized:fast_loop:484 - 性能統計: 循環=835000, 平均耗時=13.3ms, 最大耗時=81.3ms, 指令數=59
2025-07-21 04:16:26 [WARNING] GripperOptimized:fast_loop:492 - 主循環執行時間過長: 30.4ms
2025-07-21 04:16:34 [WARNING] GripperOptimized:fast_loop:492 - 主循環執行時間過長: 30.0ms
2025-07-21 04:16:40 [INFO] GripperOptimized:fast_loop:484 - 性能統計: 循環=836000, 平均耗時=13.1ms, 最大耗時=81.3ms, 指令數=59
2025-07-21 04:16:45 [WARNING] GripperOptimized:fast_loop:492 - 主循環執行時間過長: 30.4ms
2025-07-21 04:16:55 [WARNING] GripperOptimized:fast_loop:492 - 主循環執行時間過長: 30.3ms
2025-07-21 04:17:01 [INFO] GripperOptimized:fast_loop:484 - 性能統計: 循環=837000, 平均耗時=13.9ms, 最大耗時=81.3ms, 指令數=59
2025-07-21 04:17:22 [INFO] GripperOptimized:fast_loop:484 - 性能統計: 循環=838000, 平均耗時=14.6ms, 最大耗時=81.3ms, 指令數=59
2025-07-21 04:17:29 [WARNING] GripperOptimized:fast_loop:492 - 主循環執行時間過長: 31.4ms
2025-07-21 04:17:31 [WARNING] GripperOptimized:fast_loop:492 - 主循環執行時間過長: 31.7ms
2025-07-21 04:17:39 [WARNING] GripperOptimized:fast_loop:492 - 主循環執行時間過長: 30.2ms
2025-07-21 04:17:42 [INFO] GripperOptimized:fast_loop:484 - 性能統計: 循環=839000, 平均耗時=13.5ms, 最大耗時=81.3ms, 指令數=59
2025-07-21 04:17:43 [WARNING] GripperOptimized:fast_loop:492 - 主循環執行時間過長: 34.7ms
2025-07-21 04:18:03 [INFO] GripperOptimized:fast_loop:484 - 性能統計: 循環=840000, 平均耗時=13.1ms, 最大耗時=81.3ms, 指令數=59
2025-07-21 04:18:23 [WARNING] GripperOptimized:fast_loop:492 - 主循環執行時間過長: 31.3ms
2025-07-21 04:18:24 [INFO] GripperOptimized:fast_loop:484 - 性能統計: 循環=841000, 平均耗時=13.8ms, 最大耗時=81.3ms, 指令數=59
2025-07-21 04:18:32 [WARNING] GripperOptimized:fast_loop:492 - 主循環執行時間過長: 30.2ms
2025-07-21 04:18:45 [INFO] GripperOptimized:fast_loop:484 - 性能統計: 循環=842000, 平均耗時=13.6ms, 最大耗時=81.3ms, 指令數=59
2025-07-21 04:18:51 [WARNING] GripperOptimized:fast_loop:492 - 主循環執行時間過長: 31.3ms
2025-07-21 04:19:06 [INFO] GripperOptimized:fast_loop:484 - 性能統計: 循環=843000, 平均耗時=13.7ms, 最大耗時=81.3ms, 指令數=59
2025-07-21 04:19:09 [WARNING] GripperOptimized:fast_loop:492 - 主循環執行時間過長: 31.9ms
2025-07-21 04:19:16 [WARNING] GripperOptimized:fast_loop:492 - 主循環執行時間過長: 30.3ms
2025-07-21 04:19:26 [INFO] GripperOptimized:fast_loop:484 - 性能統計: 循環=844000, 平均耗時=13.1ms, 最大耗時=81.3ms, 指令數=59
2025-07-21 04:19:44 [WARNING] GripperOptimized:fast_loop:492 - 主循環執行時間過長: 30.8ms
2025-07-21 04:19:47 [INFO] GripperOptimized:fast_loop:484 - 性能統計: 循環=845000, 平均耗時=13.3ms, 最大耗時=81.3ms, 指令數=59
2025-07-21 04:19:58 [WARNING] GripperOptimized:fast_loop:492 - 主循環執行時間過長: 30.8ms
2025-07-21 04:20:01 [WARNING] GripperOptimized:fast_loop:492 - 主循環執行時間過長: 31.4ms
2025-07-21 04:20:08 [INFO] GripperOptimized:fast_loop:484 - 性能統計: 循環=846000, 平均耗時=13.1ms, 最大耗時=81.3ms, 指令數=59
2025-07-21 04:20:26 [WARNING] GripperOptimized:fast_loop:492 - 主循環執行時間過長: 30.2ms
2025-07-21 04:20:27 [WARNING] GripperOptimized:fast_loop:492 - 主循環執行時間過長: 30.9ms
2025-07-21 04:20:29 [INFO] GripperOptimized:fast_loop:484 - 性能統計: 循環=847000, 平均耗時=13.9ms, 最大耗時=81.3ms, 指令數=59
2025-07-21 04:20:46 [WARNING] GripperOptimized:fast_loop:492 - 主循環執行時間過長: 31.5ms
2025-07-21 04:20:49 [INFO] GripperOptimized:fast_loop:484 - 性能統計: 循環=848000, 平均耗時=13.9ms, 最大耗時=81.3ms, 指令數=59
2025-07-21 04:20:54 [WARNING] GripperOptimized:fast_loop:492 - 主循環執行時間過長: 31.8ms
2025-07-21 04:20:56 [WARNING] GripperOptimized:fast_loop:492 - 主循環執行時間過長: 30.7ms
2025-07-21 04:21:01 [WARNING] GripperOptimized:fast_loop:492 - 主循環執行時間過長: 30.2ms
2025-07-21 04:21:10 [INFO] GripperOptimized:fast_loop:484 - 性能統計: 循環=849000, 平均耗時=12.8ms, 最大耗時=81.3ms, 指令數=59
2025-07-21 04:21:14 [WARNING] GripperOptimized:fast_loop:492 - 主循環執行時間過長: 30.3ms
2025-07-21 04:21:24 [WARNING] GripperOptimized:fast_loop:492 - 主循環執行時間過長: 30.8ms
2025-07-21 04:21:25 [WARNING] GripperOptimized:fast_loop:492 - 主循環執行時間過長: 32.2ms
2025-07-21 04:21:31 [INFO] GripperOptimized:fast_loop:484 - 性能統計: 循環=850000, 平均耗時=13.0ms, 最大耗時=81.3ms, 指令數=59
2025-07-21 04:21:37 [WARNING] GripperOptimized:fast_loop:492 - 主循環執行時間過長: 31.0ms
2025-07-21 04:21:39 [WARNING] GripperOptimized:fast_loop:492 - 主循環執行時間過長: 34.9ms
2025-07-21 04:21:52 [INFO] GripperOptimized:fast_loop:484 - 性能統計: 循環=851000, 平均耗時=13.5ms, 最大耗時=81.3ms, 指令數=59
2025-07-21 04:22:01 [WARNING] GripperOptimized:fast_loop:492 - 主循環執行時間過長: 35.3ms
2025-07-21 04:22:06 [WARNING] GripperOptimized:fast_loop:492 - 主循環執行時間過長: 30.1ms
2025-07-21 04:22:09 [WARNING] GripperOptimized:fast_loop:492 - 主循環執行時間過長: 35.6ms
2025-07-21 04:22:11 [WARNING] GripperOptimized:fast_loop:492 - 主循環執行時間過長: 30.5ms
2025-07-21 04:22:13 [INFO] GripperOptimized:fast_loop:484 - 性能統計: 循環=852000, 平均耗時=13.7ms, 最大耗時=81.3ms, 指令數=59
2025-07-21 04:22:33 [INFO] GripperOptimized:fast_loop:484 - 性能統計: 循環=853000, 平均耗時=13.5ms, 最大耗時=81.3ms, 指令數=59
2025-07-21 04:22:40 [WARNING] GripperOptimized:fast_loop:492 - 主循環執行時間過長: 31.8ms
2025-07-21 04:22:45 [WARNING] GripperOptimized:fast_loop:492 - 主循環執行時間過長: 31.7ms
2025-07-21 04:22:54 [INFO] GripperOptimized:fast_loop:484 - 性能統計: 循環=854000, 平均耗時=13.5ms, 最大耗時=81.3ms, 指令數=59
2025-07-21 04:23:03 [WARNING] GripperOptimized:fast_loop:492 - 主循環執行時間過長: 37.8ms
2025-07-21 04:23:06 [WARNING] GripperOptimized:fast_loop:492 - 主循環執行時間過長: 36.6ms
2025-07-21 04:23:15 [INFO] GripperOptimized:fast_loop:484 - 性能統計: 循環=855000, 平均耗時=13.3ms, 最大耗時=81.3ms, 指令數=59
2025-07-21 04:23:36 [INFO] GripperOptimized:fast_loop:484 - 性能統計: 循環=856000, 平均耗時=13.5ms, 最大耗時=81.3ms, 指令數=59
2025-07-21 04:23:57 [INFO] GripperOptimized:fast_loop:484 - 性能統計: 循環=857000, 平均耗時=13.8ms, 最大耗時=81.3ms, 指令數=59
2025-07-21 04:24:17 [INFO] GripperOptimized:fast_loop:484 - 性能統計: 循環=858000, 平均耗時=13.3ms, 最大耗時=81.3ms, 指令數=59
2025-07-21 04:24:23 [WARNING] GripperOptimized:fast_loop:492 - 主循環執行時間過長: 31.8ms
2025-07-21 04:24:38 [INFO] GripperOptimized:fast_loop:484 - 性能統計: 循環=859000, 平均耗時=14.1ms, 最大耗時=81.3ms, 指令數=59
2025-07-21 04:24:45 [WARNING] GripperOptimized:fast_loop:492 - 主循環執行時間過長: 30.1ms
2025-07-21 04:24:51 [WARNING] GripperOptimized:fast_loop:492 - 主循環執行時間過長: 31.1ms
2025-07-21 04:24:59 [INFO] GripperOptimized:fast_loop:484 - 性能統計: 循環=860000, 平均耗時=13.5ms, 最大耗時=81.3ms, 指令數=59
2025-07-21 04:25:09 [WARNING] GripperOptimized:fast_loop:492 - 主循環執行時間過長: 30.9ms
2025-07-21 04:25:20 [INFO] GripperOptimized:fast_loop:484 - 性能統計: 循環=861000, 平均耗時=13.3ms, 最大耗時=81.3ms, 指令數=59
2025-07-21 04:25:21 [WARNING] GripperOptimized:fast_loop:492 - 主循環執行時間過長: 30.0ms
2025-07-21 04:25:26 [WARNING] GripperOptimized:fast_loop:492 - 主循環執行時間過長: 31.5ms
2025-07-21 04:25:31 [WARNING] GripperOptimized:fast_loop:492 - 主循環執行時間過長: 30.4ms
2025-07-21 04:25:39 [WARNING] GripperOptimized:fast_loop:492 - 主循環執行時間過長: 31.0ms
2025-07-21 04:25:41 [INFO] GripperOptimized:fast_loop:484 - 性能統計: 循環=862000, 平均耗時=13.0ms, 最大耗時=81.3ms, 指令數=59
2025-07-21 04:25:42 [WARNING] GripperOptimized:fast_loop:492 - 主循環執行時間過長: 30.2ms
2025-07-21 04:25:50 [WARNING] GripperOptimized:fast_loop:492 - 主循環執行時間過長: 32.0ms
2025-07-21 04:26:01 [INFO] GripperOptimized:fast_loop:484 - 性能統計: 循環=863000, 平均耗時=13.8ms, 最大耗時=81.3ms, 指令數=59
2025-07-21 04:26:05 [WARNING] GripperOptimized:fast_loop:492 - 主循環執行時間過長: 30.6ms
2025-07-21 04:26:08 [WARNING] GripperOptimized:fast_loop:492 - 主循環執行時間過長: 30.2ms
2025-07-21 04:26:13 [WARNING] GripperOptimized:fast_loop:492 - 主循環執行時間過長: 30.2ms
2025-07-21 04:26:22 [INFO] GripperOptimized:fast_loop:484 - 性能統計: 循環=864000, 平均耗時=13.3ms, 最大耗時=81.3ms, 指令數=59
2025-07-21 04:26:27 [WARNING] GripperOptimized:fast_loop:492 - 主循環執行時間過長: 30.9ms
2025-07-21 04:26:30 [WARNING] GripperOptimized:fast_loop:492 - 主循環執行時間過長: 32.0ms
2025-07-21 04:26:31 [WARNING] GripperOptimized:fast_loop:492 - 主循環執行時間過長: 31.8ms
2025-07-21 04:26:41 [WARNING] GripperOptimized:fast_loop:492 - 主循環執行時間過長: 31.2ms
2025-07-21 04:26:43 [INFO] GripperOptimized:fast_loop:484 - 性能統計: 循環=865000, 平均耗時=13.0ms, 最大耗時=81.3ms, 指令數=59
2025-07-21 04:26:55 [WARNING] GripperOptimized:fast_loop:492 - 主循環執行時間過長: 30.2ms
2025-07-21 04:27:04 [INFO] GripperOptimized:fast_loop:484 - 性能統計: 循環=866000, 平均耗時=12.6ms, 最大耗時=81.3ms, 指令數=59
2025-07-21 04:27:06 [WARNING] GripperOptimized:fast_loop:492 - 主循環執行時間過長: 30.1ms
2025-07-21 04:27:10 [WARNING] GripperOptimized:fast_loop:492 - 主循環執行時間過長: 32.8ms
2025-07-21 04:27:12 [WARNING] GripperOptimized:fast_loop:492 - 主循環執行時間過長: 31.1ms
2025-07-21 04:27:19 [WARNING] GripperOptimized:fast_loop:492 - 主循環執行時間過長: 30.8ms
2025-07-21 04:27:20 [WARNING] GripperOptimized:fast_loop:492 - 主循環執行時間過長: 31.1ms
2025-07-21 04:27:25 [INFO] GripperOptimized:fast_loop:484 - 性能統計: 循環=867000, 平均耗時=14.1ms, 最大耗時=81.3ms, 指令數=59
2025-07-21 04:27:27 [WARNING] GripperOptimized:fast_loop:492 - 主循環執行時間過長: 30.3ms
2025-07-21 04:27:34 [WARNING] GripperOptimized:fast_loop:492 - 主循環執行時間過長: 30.4ms
2025-07-21 04:27:40 [WARNING] GripperOptimized:fast_loop:492 - 主循環執行時間過長: 33.3ms
2025-07-21 04:27:41 [WARNING] GripperOptimized:fast_loop:492 - 主循環執行時間過長: 30.3ms
2025-07-21 04:27:45 [INFO] GripperOptimized:fast_loop:484 - 性能統計: 循環=868000, 平均耗時=13.4ms, 最大耗時=81.3ms, 指令數=59
2025-07-21 04:28:06 [INFO] GripperOptimized:fast_loop:484 - 性能統計: 循環=869000, 平均耗時=13.3ms, 最大耗時=81.3ms, 指令數=59
2025-07-21 04:28:18 [WARNING] GripperOptimized:fast_loop:492 - 主循環執行時間過長: 31.0ms
2025-07-21 04:28:26 [WARNING] GripperOptimized:fast_loop:492 - 主循環執行時間過長: 30.9ms
2025-07-21 04:28:27 [INFO] GripperOptimized:fast_loop:484 - 性能統計: 循環=870000, 平均耗時=13.7ms, 最大耗時=81.3ms, 指令數=59
2025-07-21 04:28:32 [WARNING] GripperOptimized:fast_loop:492 - 主循環執行時間過長: 31.1ms
2025-07-21 04:28:35 [WARNING] GripperOptimized:fast_loop:492 - 主循環執行時間過長: 30.1ms
2025-07-21 04:28:40 [WARNING] GripperOptimized:fast_loop:492 - 主循環執行時間過長: 32.9ms
2025-07-21 04:28:45 [WARNING] GripperOptimized:fast_loop:492 - 主循環執行時間過長: 30.7ms
2025-07-21 04:28:48 [INFO] GripperOptimized:fast_loop:484 - 性能統計: 循環=871000, 平均耗時=13.1ms, 最大耗時=81.3ms, 指令數=59
2025-07-21 04:28:49 [WARNING] GripperOptimized:fast_loop:492 - 主循環執行時間過長: 30.4ms
2025-07-21 04:28:56 [WARNING] GripperOptimized:fast_loop:492 - 主循環執行時間過長: 31.9ms
2025-07-21 04:28:58 [WARNING] GripperOptimized:fast_loop:492 - 主循環執行時間過長: 30.2ms
2025-07-21 04:28:59 [WARNING] GripperOptimized:fast_loop:492 - 主循環執行時間過長: 30.2ms
2025-07-21 04:29:02 [WARNING] GripperOptimized:fast_loop:492 - 主循環執行時間過長: 30.4ms
2025-07-21 04:29:04 [WARNING] GripperOptimized:fast_loop:492 - 主循環執行時間過長: 30.9ms
2025-07-21 04:29:09 [INFO] GripperOptimized:fast_loop:484 - 性能統計: 循環=872000, 平均耗時=12.9ms, 最大耗時=81.3ms, 指令數=59
2025-07-21 04:29:10 [WARNING] GripperOptimized:fast_loop:492 - 主循環執行時間過長: 30.5ms
2025-07-21 04:29:17 [WARNING] GripperOptimized:fast_loop:492 - 主循環執行時間過長: 32.1ms
2025-07-21 04:29:18 [WARNING] GripperOptimized:fast_loop:492 - 主循環執行時間過長: 32.0ms
2025-07-21 04:29:25 [WARNING] GripperOptimized:fast_loop:492 - 主循環執行時間過長: 30.0ms
2025-07-21 04:29:29 [INFO] GripperOptimized:fast_loop:484 - 性能統計: 循環=873000, 平均耗時=12.6ms, 最大耗時=81.3ms, 指令數=59
2025-07-21 04:29:32 [WARNING] GripperOptimized:fast_loop:492 - 主循環執行時間過長: 32.2ms
2025-07-21 04:29:36 [WARNING] GripperOptimized:fast_loop:492 - 主循環執行時間過長: 30.1ms
2025-07-21 04:29:46 [WARNING] GripperOptimized:fast_loop:492 - 主循環執行時間過長: 30.5ms
2025-07-21 04:29:48 [WARNING] GripperOptimized:fast_loop:492 - 主循環執行時間過長: 30.2ms
2025-07-21 04:29:50 [INFO] GripperOptimized:fast_loop:484 - 性能統計: 循環=874000, 平均耗時=13.9ms, 最大耗時=81.3ms, 指令數=59
2025-07-21 04:29:53 [WARNING] GripperOptimized:fast_loop:492 - 主循環執行時間過長: 30.6ms
2025-07-21 04:30:05 [WARNING] GripperOptimized:fast_loop:492 - 主循環執行時間過長: 30.3ms
2025-07-21 04:30:11 [INFO] GripperOptimized:fast_loop:484 - 性能統計: 循環=875000, 平均耗時=13.4ms, 最大耗時=81.3ms, 指令數=59
2025-07-21 04:30:15 [WARNING] GripperOptimized:fast_loop:492 - 主循環執行時間過長: 30.2ms
2025-07-21 04:30:17 [WARNING] GripperOptimized:fast_loop:492 - 主循環執行時間過長: 32.1ms
2025-07-21 04:30:19 [WARNING] GripperOptimized:fast_loop:492 - 主循環執行時間過長: 30.1ms
2025-07-21 04:30:28 [WARNING] GripperOptimized:fast_loop:492 - 主循環執行時間過長: 31.0ms
2025-07-21 04:30:30 [WARNING] GripperOptimized:fast_loop:492 - 主循環執行時間過長: 31.2ms
2025-07-21 04:30:31 [WARNING] GripperOptimized:fast_loop:492 - 主循環執行時間過長: 30.1ms
2025-07-21 04:30:32 [INFO] GripperOptimized:fast_loop:484 - 性能統計: 循環=876000, 平均耗時=14.1ms, 最大耗時=81.3ms, 指令數=59
2025-07-21 04:30:36 [WARNING] GripperOptimized:fast_loop:492 - 主循環執行時間過長: 30.3ms
2025-07-21 04:30:40 [WARNING] GripperOptimized:fast_loop:492 - 主循環執行時間過長: 30.5ms
2025-07-21 04:30:47 [WARNING] GripperOptimized:fast_loop:492 - 主循環執行時間過長: 30.7ms
2025-07-21 04:30:51 [WARNING] GripperOptimized:fast_loop:492 - 主循環執行時間過長: 30.4ms
2025-07-21 04:30:52 [INFO] GripperOptimized:fast_loop:484 - 性能統計: 循環=877000, 平均耗時=14.5ms, 最大耗時=81.3ms, 指令數=59
2025-07-21 04:30:54 [WARNING] GripperOptimized:fast_loop:492 - 主循環執行時間過長: 30.7ms
2025-07-21 04:30:56 [WARNING] GripperOptimized:fast_loop:492 - 主循環執行時間過長: 30.5ms
2025-07-21 04:30:57 [WARNING] GripperOptimized:fast_loop:492 - 主循環執行時間過長: 30.9ms
2025-07-21 04:31:00 [WARNING] GripperOptimized:fast_loop:492 - 主循環執行時間過長: 30.1ms
2025-07-21 04:31:01 [WARNING] GripperOptimized:fast_loop:492 - 主循環執行時間過長: 32.9ms
2025-07-21 04:31:10 [WARNING] GripperOptimized:fast_loop:492 - 主循環執行時間過長: 31.2ms
2025-07-21 04:31:13 [INFO] GripperOptimized:fast_loop:484 - 性能統計: 循環=878000, 平均耗時=13.3ms, 最大耗時=81.3ms, 指令數=59
2025-07-21 04:31:16 [WARNING] GripperOptimized:fast_loop:492 - 主循環執行時間過長: 30.6ms
2025-07-21 04:31:34 [INFO] GripperOptimized:fast_loop:484 - 性能統計: 循環=879000, 平均耗時=12.8ms, 最大耗時=81.3ms, 指令數=59
2025-07-21 04:31:37 [WARNING] GripperOptimized:fast_loop:492 - 主循環執行時間過長: 31.2ms
2025-07-21 04:31:40 [WARNING] GripperOptimized:fast_loop:492 - 主循環執行時間過長: 32.0ms
2025-07-21 04:31:41 [WARNING] GripperOptimized:fast_loop:492 - 主循環執行時間過長: 30.3ms
2025-07-21 04:31:53 [WARNING] GripperOptimized:fast_loop:492 - 主循環執行時間過長: 30.4ms
2025-07-21 04:31:55 [INFO] GripperOptimized:fast_loop:484 - 性能統計: 循環=880000, 平均耗時=13.3ms, 最大耗時=81.3ms, 指令數=59
2025-07-21 04:31:57 [WARNING] GripperOptimized:fast_loop:492 - 主循環執行時間過長: 30.3ms
2025-07-21 04:32:03 [WARNING] GripperOptimized:fast_loop:492 - 主循環執行時間過長: 30.1ms
2025-07-21 04:32:05 [WARNING] GripperOptimized:fast_loop:492 - 主循環執行時間過長: 30.8ms
2025-07-21 04:32:06 [WARNING] GripperOptimized:fast_loop:492 - 主循環執行時間過長: 30.6ms
2025-07-21 04:32:09 [WARNING] GripperOptimized:fast_loop:492 - 主循環執行時間過長: 30.9ms
2025-07-21 04:32:10 [WARNING] GripperOptimized:fast_loop:492 - 主循環執行時間過長: 30.7ms
2025-07-21 04:32:13 [WARNING] GripperOptimized:fast_loop:492 - 主循環執行時間過長: 30.1ms
2025-07-21 04:32:15 [WARNING] GripperOptimized:fast_loop:492 - 主循環執行時間過長: 30.9ms
2025-07-21 04:32:16 [INFO] GripperOptimized:fast_loop:484 - 性能統計: 循環=881000, 平均耗時=13.7ms, 最大耗時=81.3ms, 指令數=59
2025-07-21 04:32:21 [WARNING] GripperOptimized:fast_loop:492 - 主循環執行時間過長: 30.4ms
2025-07-21 04:32:22 [WARNING] GripperOptimized:fast_loop:492 - 主循環執行時間過長: 30.3ms
2025-07-21 04:32:24 [WARNING] GripperOptimized:fast_loop:492 - 主循環執行時間過長: 30.5ms
2025-07-21 04:32:26 [WARNING] GripperOptimized:fast_loop:492 - 主循環執行時間過長: 31.4ms
2025-07-21 04:32:35 [WARNING] GripperOptimized:fast_loop:492 - 主循環執行時間過長: 30.0ms
2025-07-21 04:32:36 [INFO] GripperOptimized:fast_loop:484 - 性能統計: 循環=882000, 平均耗時=12.6ms, 最大耗時=81.3ms, 指令數=59
2025-07-21 04:32:36 [WARNING] GripperOptimized:fast_loop:492 - 主循環執行時間過長: 30.8ms
2025-07-21 04:32:40 [WARNING] GripperOptimized:fast_loop:492 - 主循環執行時間過長: 31.1ms
2025-07-21 04:32:47 [WARNING] GripperOptimized:fast_loop:492 - 主循環執行時間過長: 32.2ms
2025-07-21 04:32:49 [WARNING] GripperOptimized:fast_loop:492 - 主循環執行時間過長: 30.5ms
2025-07-21 04:32:51 [WARNING] GripperOptimized:fast_loop:492 - 主循環執行時間過長: 31.5ms
2025-07-21 04:32:56 [WARNING] GripperOptimized:fast_loop:492 - 主循環執行時間過長: 31.1ms
2025-07-21 04:32:57 [INFO] GripperOptimized:fast_loop:484 - 性能統計: 循環=883000, 平均耗時=12.3ms, 最大耗時=81.3ms, 指令數=59
2025-07-21 04:33:03 [WARNING] GripperOptimized:fast_loop:492 - 主循環執行時間過長: 30.2ms
2025-07-21 04:33:06 [WARNING] GripperOptimized:fast_loop:492 - 主循環執行時間過長: 30.3ms
2025-07-21 04:33:15 [WARNING] GripperOptimized:fast_loop:492 - 主循環執行時間過長: 32.7ms
2025-07-21 04:33:18 [INFO] GripperOptimized:fast_loop:484 - 性能統計: 循環=884000, 平均耗時=12.8ms, 最大耗時=81.3ms, 指令數=59
2025-07-21 04:33:19 [WARNING] GripperOptimized:fast_loop:492 - 主循環執行時間過長: 31.9ms
2025-07-21 04:33:23 [WARNING] GripperOptimized:fast_loop:492 - 主循環執行時間過長: 32.0ms
2025-07-21 04:33:26 [WARNING] GripperOptimized:fast_loop:492 - 主循環執行時間過長: 31.1ms
2025-07-21 04:33:28 [WARNING] GripperOptimized:fast_loop:492 - 主循環執行時間過長: 30.1ms
2025-07-21 04:33:32 [WARNING] GripperOptimized:fast_loop:492 - 主循環執行時間過長: 30.3ms
2025-07-21 04:33:34 [WARNING] GripperOptimized:fast_loop:492 - 主循環執行時間過長: 30.5ms
2025-07-21 04:33:38 [WARNING] GripperOptimized:fast_loop:492 - 主循環執行時間過長: 31.1ms
2025-07-21 04:33:39 [INFO] GripperOptimized:fast_loop:484 - 性能統計: 循環=885000, 平均耗時=13.9ms, 最大耗時=81.3ms, 指令數=59
2025-07-21 04:33:57 [WARNING] GripperOptimized:fast_loop:492 - 主循環執行時間過長: 30.4ms
2025-07-21 04:34:00 [INFO] GripperOptimized:fast_loop:484 - 性能統計: 循環=886000, 平均耗時=13.2ms, 最大耗時=81.3ms, 指令數=59
2025-07-21 04:34:20 [INFO] GripperOptimized:fast_loop:484 - 性能統計: 循環=887000, 平均耗時=12.6ms, 最大耗時=81.3ms, 指令數=59
2025-07-21 04:34:27 [WARNING] GripperOptimized:fast_loop:492 - 主循環執行時間過長: 31.0ms
2025-07-21 04:34:34 [WARNING] GripperOptimized:fast_loop:492 - 主循環執行時間過長: 34.2ms
2025-07-21 04:34:37 [WARNING] GripperOptimized:fast_loop:492 - 主循環執行時間過長: 30.2ms
2025-07-21 04:34:41 [INFO] GripperOptimized:fast_loop:484 - 性能統計: 循環=888000, 平均耗時=13.3ms, 最大耗時=81.3ms, 指令數=59
2025-07-21 04:34:47 [WARNING] GripperOptimized:fast_loop:492 - 主循環執行時間過長: 30.3ms
2025-07-21 04:34:50 [WARNING] GripperOptimized:fast_loop:492 - 主循環執行時間過長: 31.7ms
2025-07-21 04:34:56 [WARNING] GripperOptimized:fast_loop:492 - 主循環執行時間過長: 30.2ms
2025-07-21 04:35:02 [INFO] GripperOptimized:fast_loop:484 - 性能統計: 循環=889000, 平均耗時=12.8ms, 最大耗時=81.3ms, 指令數=59
2025-07-21 04:35:08 [WARNING] GripperOptimized:fast_loop:492 - 主循環執行時間過長: 30.5ms
2025-07-21 04:35:11 [WARNING] GripperOptimized:fast_loop:492 - 主循環執行時間過長: 30.6ms
2025-07-21 04:35:23 [INFO] GripperOptimized:fast_loop:484 - 性能統計: 循環=890000, 平均耗時=13.2ms, 最大耗時=81.3ms, 指令數=59
2025-07-21 04:35:23 [WARNING] GripperOptimized:fast_loop:492 - 主循環執行時間過長: 30.1ms
2025-07-21 04:35:31 [WARNING] GripperOptimized:fast_loop:492 - 主循環執行時間過長: 30.9ms
2025-07-21 04:35:34 [WARNING] GripperOptimized:fast_loop:492 - 主循環執行時間過長: 31.4ms
2025-07-21 04:35:44 [INFO] GripperOptimized:fast_loop:484 - 性能統計: 循環=891000, 平均耗時=13.2ms, 最大耗時=81.3ms, 指令數=59
2025-07-21 04:35:49 [WARNING] GripperOptimized:fast_loop:492 - 主循環執行時間過長: 30.5ms
2025-07-21 04:35:50 [WARNING] GripperOptimized:fast_loop:492 - 主循環執行時間過長: 31.5ms
2025-07-21 04:36:04 [INFO] GripperOptimized:fast_loop:484 - 性能統計: 循環=892000, 平均耗時=13.1ms, 最大耗時=81.3ms, 指令數=59
2025-07-21 04:36:14 [WARNING] GripperOptimized:fast_loop:492 - 主循環執行時間過長: 30.2ms
2025-07-21 04:36:22 [WARNING] GripperOptimized:fast_loop:492 - 主循環執行時間過長: 31.6ms
2025-07-21 04:36:25 [INFO] GripperOptimized:fast_loop:484 - 性能統計: 循環=893000, 平均耗時=13.9ms, 最大耗時=81.3ms, 指令數=59
2025-07-21 04:36:32 [WARNING] GripperOptimized:fast_loop:492 - 主循環執行時間過長: 30.8ms
2025-07-21 04:36:45 [WARNING] GripperOptimized:fast_loop:492 - 主循環執行時間過長: 30.8ms
2025-07-21 04:36:46 [INFO] GripperOptimized:fast_loop:484 - 性能統計: 循環=894000, 平均耗時=13.3ms, 最大耗時=81.3ms, 指令數=59
2025-07-21 04:36:55 [WARNING] GripperOptimized:fast_loop:492 - 主循環執行時間過長: 31.9ms
2025-07-21 04:37:02 [WARNING] GripperOptimized:fast_loop:492 - 主循環執行時間過長: 32.3ms
2025-07-21 04:37:07 [INFO] GripperOptimized:fast_loop:484 - 性能統計: 循環=895000, 平均耗時=13.3ms, 最大耗時=81.3ms, 指令數=59
2025-07-21 04:37:19 [WARNING] GripperOptimized:fast_loop:492 - 主循環執行時間過長: 31.2ms
2025-07-21 04:37:21 [WARNING] GripperOptimized:fast_loop:492 - 主循環執行時間過長: 30.4ms
2025-07-21 04:37:27 [INFO] GripperOptimized:fast_loop:484 - 性能統計: 循環=896000, 平均耗時=13.4ms, 最大耗時=81.3ms, 指令數=59
2025-07-21 04:37:31 [WARNING] GripperOptimized:fast_loop:492 - 主循環執行時間過長: 30.6ms
2025-07-21 04:37:32 [WARNING] GripperOptimized:fast_loop:492 - 主循環執行時間過長: 31.1ms
2025-07-21 04:37:45 [WARNING] GripperOptimized:fast_loop:492 - 主循環執行時間過長: 31.4ms
2025-07-21 04:37:48 [INFO] GripperOptimized:fast_loop:484 - 性能統計: 循環=897000, 平均耗時=12.7ms, 最大耗時=81.3ms, 指令數=59
2025-07-21 04:37:51 [WARNING] GripperOptimized:fast_loop:492 - 主循環執行時間過長: 31.0ms
2025-07-21 04:37:54 [WARNING] GripperOptimized:fast_loop:492 - 主循環執行時間過長: 30.0ms
2025-07-21 04:37:56 [WARNING] GripperOptimized:fast_loop:492 - 主循環執行時間過長: 30.5ms
2025-07-21 04:38:01 [WARNING] GripperOptimized:fast_loop:492 - 主循環執行時間過長: 31.2ms
2025-07-21 04:38:07 [WARNING] GripperOptimized:fast_loop:492 - 主循環執行時間過長: 30.5ms
2025-07-21 04:38:09 [INFO] GripperOptimized:fast_loop:484 - 性能統計: 循環=898000, 平均耗時=13.6ms, 最大耗時=81.3ms, 指令數=59
2025-07-21 04:38:10 [WARNING] GripperOptimized:fast_loop:492 - 主循環執行時間過長: 30.1ms
2025-07-21 04:38:15 [WARNING] GripperOptimized:fast_loop:492 - 主循環執行時間過長: 30.3ms
2025-07-21 04:38:21 [WARNING] GripperOptimized:fast_loop:492 - 主循環執行時間過長: 30.3ms
2025-07-21 04:38:25 [WARNING] GripperOptimized:fast_loop:492 - 主循環執行時間過長: 31.0ms
2025-07-21 04:38:26 [WARNING] GripperOptimized:fast_loop:492 - 主循環執行時間過長: 31.0ms
2025-07-21 04:38:29 [WARNING] GripperOptimized:fast_loop:492 - 主循環執行時間過長: 32.5ms
2025-07-21 04:38:30 [INFO] GripperOptimized:fast_loop:484 - 性能統計: 循環=899000, 平均耗時=14.3ms, 最大耗時=81.3ms, 指令數=59
2025-07-21 04:38:44 [WARNING] GripperOptimized:fast_loop:492 - 主循環執行時間過長: 30.4ms
2025-07-21 04:38:49 [WARNING] GripperOptimized:fast_loop:492 - 主循環執行時間過長: 30.8ms
2025-07-21 04:38:50 [WARNING] GripperOptimized:fast_loop:492 - 主循環執行時間過長: 32.2ms
2025-07-21 04:38:51 [INFO] GripperOptimized:fast_loop:484 - 性能統計: 循環=900000, 平均耗時=14.0ms, 最大耗時=81.3ms, 指令數=59
2025-07-21 04:39:00 [WARNING] GripperOptimized:fast_loop:492 - 主循環執行時間過長: 30.7ms
2025-07-21 04:39:01 [WARNING] GripperOptimized:fast_loop:492 - 主循環執行時間過長: 31.2ms
2025-07-21 04:39:05 [WARNING] GripperOptimized:fast_loop:492 - 主循環執行時間過長: 30.4ms
2025-07-21 04:39:07 [WARNING] GripperOptimized:fast_loop:492 - 主循環執行時間過長: 30.5ms
2025-07-21 04:39:09 [WARNING] GripperOptimized:fast_loop:492 - 主循環執行時間過長: 31.5ms
2025-07-21 04:39:11 [INFO] GripperOptimized:fast_loop:484 - 性能統計: 循環=901000, 平均耗時=13.2ms, 最大耗時=81.3ms, 指令數=59
2025-07-21 04:39:23 [WARNING] GripperOptimized:fast_loop:492 - 主循環執行時間過長: 30.7ms
2025-07-21 04:39:28 [WARNING] GripperOptimized:fast_loop:492 - 主循環執行時間過長: 30.8ms
2025-07-21 04:39:32 [INFO] GripperOptimized:fast_loop:484 - 性能統計: 循環=902000, 平均耗時=12.6ms, 最大耗時=81.3ms, 指令數=59
2025-07-21 04:39:32 [WARNING] GripperOptimized:fast_loop:492 - 主循環執行時間過長: 30.3ms
2025-07-21 04:39:39 [WARNING] GripperOptimized:fast_loop:492 - 主循環執行時間過長: 31.8ms
2025-07-21 04:39:43 [WARNING] GripperOptimized:fast_loop:492 - 主循環執行時間過長: 30.8ms
2025-07-21 04:39:52 [WARNING] GripperOptimized:fast_loop:492 - 主循環執行時間過長: 32.4ms
2025-07-21 04:39:53 [INFO] GripperOptimized:fast_loop:484 - 性能統計: 循環=903000, 平均耗時=13.5ms, 最大耗時=81.3ms, 指令數=59
2025-07-21 04:39:56 [WARNING] GripperOptimized:fast_loop:492 - 主循環執行時間過長: 30.1ms
2025-07-21 04:40:00 [WARNING] GripperOptimized:fast_loop:492 - 主循環執行時間過長: 31.5ms
2025-07-21 04:40:09 [WARNING] GripperOptimized:fast_loop:492 - 主循環執行時間過長: 31.2ms
2025-07-21 04:40:11 [WARNING] GripperOptimized:fast_loop:492 - 主循環執行時間過長: 30.1ms
2025-07-21 04:40:13 [WARNING] GripperOptimized:fast_loop:492 - 主循環執行時間過長: 30.9ms
2025-07-21 04:40:14 [INFO] GripperOptimized:fast_loop:484 - 性能統計: 循環=904000, 平均耗時=13.4ms, 最大耗時=81.3ms, 指令數=59
2025-07-21 04:40:20 [WARNING] GripperOptimized:fast_loop:492 - 主循環執行時間過長: 31.6ms
2025-07-21 04:40:22 [WARNING] GripperOptimized:fast_loop:492 - 主循環執行時間過長: 31.3ms
2025-07-21 04:40:24 [WARNING] GripperOptimized:fast_loop:492 - 主循環執行時間過長: 30.0ms
2025-07-21 04:40:26 [WARNING] GripperOptimized:fast_loop:492 - 主循環執行時間過長: 30.9ms
2025-07-21 04:40:27 [WARNING] GripperOptimized:fast_loop:492 - 主循環執行時間過長: 32.4ms
2025-07-21 04:40:35 [INFO] GripperOptimized:fast_loop:484 - 性能統計: 循環=905000, 平均耗時=13.1ms, 最大耗時=81.3ms, 指令數=59
2025-07-21 04:40:43 [WARNING] GripperOptimized:fast_loop:492 - 主循環執行時間過長: 33.2ms
2025-07-21 04:40:49 [WARNING] GripperOptimized:fast_loop:492 - 主循環執行時間過長: 31.3ms
2025-07-21 04:40:55 [INFO] GripperOptimized:fast_loop:484 - 性能統計: 循環=906000, 平均耗時=13.6ms, 最大耗時=81.3ms, 指令數=59
2025-07-21 04:40:56 [WARNING] GripperOptimized:fast_loop:492 - 主循環執行時間過長: 30.6ms
2025-07-21 04:41:10 [WARNING] GripperOptimized:fast_loop:492 - 主循環執行時間過長: 30.8ms
2025-07-21 04:41:15 [WARNING] GripperOptimized:fast_loop:492 - 主循環執行時間過長: 32.5ms
2025-07-21 04:41:16 [INFO] GripperOptimized:fast_loop:484 - 性能統計: 循環=907000, 平均耗時=12.7ms, 最大耗時=81.3ms, 指令數=59
2025-07-21 04:41:29 [WARNING] GripperOptimized:fast_loop:492 - 主循環執行時間過長: 31.1ms
2025-07-21 04:41:31 [WARNING] GripperOptimized:fast_loop:492 - 主循環執行時間過長: 30.8ms
2025-07-21 04:41:37 [INFO] GripperOptimized:fast_loop:484 - 性能統計: 循環=908000, 平均耗時=12.7ms, 最大耗時=81.3ms, 指令數=59
2025-07-21 04:41:48 [WARNING] GripperOptimized:fast_loop:492 - 主循環執行時間過長: 31.9ms
2025-07-21 04:41:51 [WARNING] GripperOptimized:fast_loop:492 - 主循環執行時間過長: 32.3ms
2025-07-21 04:41:55 [WARNING] GripperOptimized:fast_loop:492 - 主循環執行時間過長: 30.7ms
2025-07-21 04:41:58 [INFO] GripperOptimized:fast_loop:484 - 性能統計: 循環=909000, 平均耗時=12.7ms, 最大耗時=81.3ms, 指令數=59
2025-07-21 04:42:03 [WARNING] GripperOptimized:fast_loop:492 - 主循環執行時間過長: 30.9ms
2025-07-21 04:42:19 [INFO] GripperOptimized:fast_loop:484 - 性能統計: 循環=910000, 平均耗時=13.4ms, 最大耗時=81.3ms, 指令數=59
2025-07-21 04:42:19 [WARNING] GripperOptimized:fast_loop:492 - 主循環執行時間過長: 30.8ms
2025-07-21 04:42:22 [WARNING] GripperOptimized:fast_loop:492 - 主循環執行時間過長: 30.1ms
2025-07-21 04:42:28 [WARNING] GripperOptimized:fast_loop:492 - 主循環執行時間過長: 30.2ms
2025-07-21 04:42:30 [WARNING] GripperOptimized:fast_loop:492 - 主循環執行時間過長: 30.6ms
2025-07-21 04:42:32 [WARNING] GripperOptimized:fast_loop:492 - 主循環執行時間過長: 30.7ms
2025-07-21 04:42:34 [WARNING] GripperOptimized:fast_loop:492 - 主循環執行時間過長: 30.3ms
2025-07-21 04:42:39 [INFO] GripperOptimized:fast_loop:484 - 性能統計: 循環=911000, 平均耗時=13.1ms, 最大耗時=81.3ms, 指令數=59
2025-07-21 04:42:51 [WARNING] GripperOptimized:fast_loop:492 - 主循環執行時間過長: 31.7ms
2025-07-21 04:42:52 [WARNING] GripperOptimized:fast_loop:492 - 主循環執行時間過長: 31.0ms
2025-07-21 04:42:56 [WARNING] GripperOptimized:fast_loop:492 - 主循環執行時間過長: 30.5ms
2025-07-21 04:42:59 [WARNING] GripperOptimized:fast_loop:492 - 主循環執行時間過長: 31.5ms
2025-07-21 04:43:00 [INFO] GripperOptimized:fast_loop:484 - 性能統計: 循環=912000, 平均耗時=12.7ms, 最大耗時=81.3ms, 指令數=59
2025-07-21 04:43:07 [WARNING] GripperOptimized:fast_loop:492 - 主循環執行時間過長: 31.3ms
2025-07-21 04:43:17 [WARNING] GripperOptimized:fast_loop:492 - 主循環執行時間過長: 30.4ms
2025-07-21 04:43:19 [WARNING] GripperOptimized:fast_loop:492 - 主循環執行時間過長: 30.1ms
2025-07-21 04:43:21 [INFO] GripperOptimized:fast_loop:484 - 性能統計: 循環=913000, 平均耗時=13.1ms, 最大耗時=81.3ms, 指令數=59
2025-07-21 04:43:24 [WARNING] GripperOptimized:fast_loop:492 - 主循環執行時間過長: 31.7ms
2025-07-21 04:43:26 [WARNING] GripperOptimized:fast_loop:492 - 主循環執行時間過長: 31.2ms
2025-07-21 04:43:29 [WARNING] GripperOptimized:fast_loop:492 - 主循環執行時間過長: 30.9ms
2025-07-21 04:43:30 [WARNING] GripperOptimized:fast_loop:492 - 主循環執行時間過長: 30.6ms
2025-07-21 04:43:42 [INFO] GripperOptimized:fast_loop:484 - 性能統計: 循環=914000, 平均耗時=12.6ms, 最大耗時=81.3ms, 指令數=59
2025-07-21 04:43:43 [WARNING] GripperOptimized:fast_loop:492 - 主循環執行時間過長: 30.7ms
2025-07-21 04:43:49 [WARNING] GripperOptimized:fast_loop:492 - 主循環執行時間過長: 32.0ms
2025-07-21 04:44:03 [INFO] GripperOptimized:fast_loop:484 - 性能統計: 循環=915000, 平均耗時=13.4ms, 最大耗時=81.3ms, 指令數=59
2025-07-21 04:44:11 [WARNING] GripperOptimized:fast_loop:492 - 主循環執行時間過長: 32.9ms
2025-07-21 04:44:12 [WARNING] GripperOptimized:fast_loop:492 - 主循環執行時間過長: 30.1ms
2025-07-21 04:44:15 [WARNING] GripperOptimized:fast_loop:492 - 主循環執行時間過長: 31.1ms
2025-07-21 04:44:19 [WARNING] GripperOptimized:fast_loop:492 - 主循環執行時間過長: 32.7ms
2025-07-21 04:44:20 [WARNING] GripperOptimized:fast_loop:492 - 主循環執行時間過長: 32.9ms
2025-07-21 04:44:22 [WARNING] GripperOptimized:fast_loop:492 - 主循環執行時間過長: 31.1ms
2025-07-21 04:44:23 [INFO] GripperOptimized:fast_loop:484 - 性能統計: 循環=916000, 平均耗時=14.4ms, 最大耗時=81.3ms, 指令數=59
2025-07-21 04:44:29 [WARNING] GripperOptimized:fast_loop:492 - 主循環執行時間過長: 30.3ms
2025-07-21 04:44:35 [WARNING] GripperOptimized:fast_loop:492 - 主循環執行時間過長: 30.8ms
2025-07-21 04:44:37 [WARNING] GripperOptimized:fast_loop:492 - 主循環執行時間過長: 30.2ms
2025-07-21 04:44:38 [WARNING] GripperOptimized:fast_loop:492 - 主循環執行時間過長: 30.6ms
2025-07-21 04:44:40 [WARNING] GripperOptimized:fast_loop:492 - 主循環執行時間過長: 30.3ms
2025-07-21 04:44:43 [WARNING] GripperOptimized:fast_loop:492 - 主循環執行時間過長: 30.7ms
2025-07-21 04:44:44 [INFO] GripperOptimized:fast_loop:484 - 性能統計: 循環=917000, 平均耗時=13.2ms, 最大耗時=81.3ms, 指令數=59
2025-07-21 04:44:48 [WARNING] GripperOptimized:fast_loop:492 - 主循環執行時間過長: 31.4ms
2025-07-21 04:44:51 [WARNING] GripperOptimized:fast_loop:492 - 主循環執行時間過長: 30.4ms
2025-07-21 04:44:55 [WARNING] GripperOptimized:fast_loop:492 - 主循環執行時間過長: 30.9ms
2025-07-21 04:44:59 [WARNING] GripperOptimized:fast_loop:492 - 主循環執行時間過長: 31.6ms
2025-07-21 04:45:01 [WARNING] GripperOptimized:fast_loop:492 - 主循環執行時間過長: 30.5ms
2025-07-21 04:45:05 [INFO] GripperOptimized:fast_loop:484 - 性能統計: 循環=918000, 平均耗時=13.3ms, 最大耗時=81.3ms, 指令數=59
2025-07-21 04:45:05 [WARNING] GripperOptimized:fast_loop:492 - 主循環執行時間過長: 30.0ms
2025-07-21 04:45:10 [WARNING] GripperOptimized:fast_loop:492 - 主循環執行時間過長: 30.1ms
2025-07-21 04:45:13 [WARNING] GripperOptimized:fast_loop:492 - 主循環執行時間過長: 30.0ms
2025-07-21 04:45:18 [WARNING] GripperOptimized:fast_loop:492 - 主循環執行時間過長: 30.6ms
2025-07-21 04:45:21 [WARNING] GripperOptimized:fast_loop:492 - 主循環執行時間過長: 33.0ms
2025-07-21 04:45:23 [WARNING] GripperOptimized:fast_loop:492 - 主循環執行時間過長: 32.8ms
2025-07-21 04:45:25 [WARNING] GripperOptimized:fast_loop:492 - 主循環執行時間過長: 32.4ms
2025-07-21 04:45:26 [INFO] GripperOptimized:fast_loop:484 - 性能統計: 循環=919000, 平均耗時=12.9ms, 最大耗時=81.3ms, 指令數=59
2025-07-21 04:45:27 [WARNING] GripperOptimized:fast_loop:492 - 主循環執行時間過長: 30.4ms
2025-07-21 04:45:28 [WARNING] GripperOptimized:fast_loop:492 - 主循環執行時間過長: 31.2ms
2025-07-21 04:45:30 [WARNING] GripperOptimized:fast_loop:492 - 主循環執行時間過長: 31.0ms
2025-07-21 04:45:32 [WARNING] GripperOptimized:fast_loop:492 - 主循環執行時間過長: 31.9ms
2025-07-21 04:45:35 [WARNING] GripperOptimized:fast_loop:492 - 主循環執行時間過長: 30.0ms
2025-07-21 04:45:37 [WARNING] GripperOptimized:fast_loop:492 - 主循環執行時間過長: 30.8ms
2025-07-21 04:45:40 [WARNING] GripperOptimized:fast_loop:492 - 主循環執行時間過長: 30.1ms
2025-07-21 04:45:46 [INFO] GripperOptimized:fast_loop:484 - 性能統計: 循環=920000, 平均耗時=12.5ms, 最大耗時=81.3ms, 指令數=59
2025-07-21 04:45:47 [WARNING] GripperOptimized:fast_loop:492 - 主循環執行時間過長: 30.8ms
2025-07-21 04:45:51 [WARNING] GripperOptimized:fast_loop:492 - 主循環執行時間過長: 30.3ms
2025-07-21 04:45:54 [WARNING] GripperOptimized:fast_loop:492 - 主循環執行時間過長: 30.0ms
2025-07-21 04:45:59 [WARNING] GripperOptimized:fast_loop:492 - 主循環執行時間過長: 31.0ms
2025-07-21 04:46:05 [WARNING] GripperOptimized:fast_loop:492 - 主循環執行時間過長: 30.0ms
2025-07-21 04:46:06 [WARNING] GripperOptimized:fast_loop:492 - 主循環執行時間過長: 30.6ms
2025-07-21 04:46:07 [INFO] GripperOptimized:fast_loop:484 - 性能統計: 循環=921000, 平均耗時=13.5ms, 最大耗時=81.3ms, 指令數=59
2025-07-21 04:46:11 [WARNING] GripperOptimized:fast_loop:492 - 主循環執行時間過長: 30.2ms
2025-07-21 04:46:22 [WARNING] GripperOptimized:fast_loop:492 - 主循環執行時間過長: 31.1ms
2025-07-21 04:46:26 [WARNING] GripperOptimized:fast_loop:492 - 主循環執行時間過長: 31.1ms
2025-07-21 04:46:28 [INFO] GripperOptimized:fast_loop:484 - 性能統計: 循環=922000, 平均耗時=13.6ms, 最大耗時=81.3ms, 指令數=59
2025-07-21 04:46:28 [WARNING] GripperOptimized:fast_loop:492 - 主循環執行時間過長: 30.8ms
2025-07-21 04:46:40 [WARNING] GripperOptimized:fast_loop:492 - 主循環執行時間過長: 30.1ms
2025-07-21 04:46:49 [INFO] GripperOptimized:fast_loop:484 - 性能統計: 循環=923000, 平均耗時=13.9ms, 最大耗時=81.3ms, 指令數=59
2025-07-21 04:46:49 [WARNING] GripperOptimized:fast_loop:492 - 主循環執行時間過長: 30.5ms
2025-07-21 04:46:55 [WARNING] GripperOptimized:fast_loop:492 - 主循環執行時間過長: 30.1ms
2025-07-21 04:46:57 [WARNING] GripperOptimized:fast_loop:492 - 主循環執行時間過長: 30.9ms
2025-07-21 04:46:58 [WARNING] GripperOptimized:fast_loop:492 - 主循環執行時間過長: 30.4ms
2025-07-21 04:47:03 [WARNING] GripperOptimized:fast_loop:492 - 主循環執行時間過長: 30.1ms
2025-07-21 04:47:04 [WARNING] GripperOptimized:fast_loop:492 - 主循環執行時間過長: 31.6ms
2025-07-21 04:47:10 [INFO] GripperOptimized:fast_loop:484 - 性能統計: 循環=924000, 平均耗時=12.1ms, 最大耗時=81.3ms, 指令數=59
2025-07-21 04:47:13 [WARNING] GripperOptimized:fast_loop:492 - 主循環執行時間過長: 30.2ms
2025-07-21 04:47:17 [WARNING] GripperOptimized:fast_loop:492 - 主循環執行時間過長: 31.6ms
2025-07-21 04:47:19 [WARNING] GripperOptimized:fast_loop:492 - 主循環執行時間過長: 30.3ms
2025-07-21 04:47:22 [WARNING] GripperOptimized:fast_loop:492 - 主循環執行時間過長: 31.5ms
2025-07-21 04:47:30 [INFO] GripperOptimized:fast_loop:484 - 性能統計: 循環=925000, 平均耗時=13.5ms, 最大耗時=81.3ms, 指令數=59
2025-07-21 04:47:36 [WARNING] GripperOptimized:fast_loop:492 - 主循環執行時間過長: 30.5ms
2025-07-21 04:47:38 [WARNING] GripperOptimized:fast_loop:492 - 主循環執行時間過長: 31.1ms
2025-07-21 04:47:40 [WARNING] GripperOptimized:fast_loop:492 - 主循環執行時間過長: 31.1ms
2025-07-21 04:47:51 [INFO] GripperOptimized:fast_loop:484 - 性能統計: 循環=926000, 平均耗時=12.5ms, 最大耗時=81.3ms, 指令數=59
2025-07-21 04:47:59 [WARNING] GripperOptimized:fast_loop:492 - 主循環執行時間過長: 32.4ms
2025-07-21 04:48:00 [WARNING] GripperOptimized:fast_loop:492 - 主循環執行時間過長: 30.0ms
2025-07-21 04:48:07 [WARNING] GripperOptimized:fast_loop:492 - 主循環執行時間過長: 30.2ms
2025-07-21 04:48:11 [WARNING] GripperOptimized:fast_loop:492 - 主循環執行時間過長: 31.2ms
2025-07-21 04:48:12 [INFO] GripperOptimized:fast_loop:484 - 性能統計: 循環=927000, 平均耗時=13.5ms, 最大耗時=81.3ms, 指令數=59
2025-07-21 04:48:14 [WARNING] GripperOptimized:fast_loop:492 - 主循環執行時間過長: 30.6ms
2025-07-21 04:48:20 [WARNING] GripperOptimized:fast_loop:492 - 主循環執行時間過長: 31.1ms
2025-07-21 04:48:25 [WARNING] GripperOptimized:fast_loop:492 - 主循環執行時間過長: 30.8ms
2025-07-21 04:48:31 [WARNING] GripperOptimized:fast_loop:492 - 主循環執行時間過長: 31.7ms
2025-07-21 04:48:33 [INFO] GripperOptimized:fast_loop:484 - 性能統計: 循環=928000, 平均耗時=13.7ms, 最大耗時=81.3ms, 指令數=59
2025-07-21 04:48:34 [WARNING] GripperOptimized:fast_loop:492 - 主循環執行時間過長: 30.2ms
2025-07-21 04:48:37 [WARNING] GripperOptimized:fast_loop:492 - 主循環執行時間過長: 30.8ms
2025-07-21 04:48:38 [WARNING] GripperOptimized:fast_loop:492 - 主循環執行時間過長: 30.4ms
2025-07-21 04:48:41 [WARNING] GripperOptimized:fast_loop:492 - 主循環執行時間過長: 30.2ms
2025-07-21 04:48:48 [WARNING] GripperOptimized:fast_loop:492 - 主循環執行時間過長: 31.4ms
2025-07-21 04:48:49 [WARNING] GripperOptimized:fast_loop:492 - 主循環執行時間過長: 30.2ms
2025-07-21 04:48:52 [WARNING] GripperOptimized:fast_loop:492 - 主循環執行時間過長: 30.4ms
2025-07-21 04:48:54 [INFO] GripperOptimized:fast_loop:484 - 性能統計: 循環=929000, 平均耗時=13.1ms, 最大耗時=81.3ms, 指令數=59
2025-07-21 04:48:59 [WARNING] GripperOptimized:fast_loop:492 - 主循環執行時間過長: 30.5ms
2025-07-21 04:49:14 [INFO] GripperOptimized:fast_loop:484 - 性能統計: 循環=930000, 平均耗時=12.9ms, 最大耗時=81.3ms, 指令數=59
2025-07-21 04:49:20 [WARNING] GripperOptimized:fast_loop:492 - 主循環執行時間過長: 30.2ms
2025-07-21 04:49:35 [INFO] GripperOptimized:fast_loop:484 - 性能統計: 循環=931000, 平均耗時=14.0ms, 最大耗時=81.3ms, 指令數=59
2025-07-21 04:49:35 [WARNING] GripperOptimized:fast_loop:492 - 主循環執行時間過長: 33.3ms
2025-07-21 04:49:37 [WARNING] GripperOptimized:fast_loop:492 - 主循環執行時間過長: 30.3ms
2025-07-21 04:49:38 [WARNING] GripperOptimized:fast_loop:492 - 主循環執行時間過長: 30.2ms
2025-07-21 04:49:39 [WARNING] GripperOptimized:fast_loop:492 - 主循環執行時間過長: 31.0ms
2025-07-21 04:49:45 [WARNING] GripperOptimized:fast_loop:492 - 主循環執行時間過長: 30.0ms
2025-07-21 04:49:48 [WARNING] GripperOptimized:fast_loop:492 - 主循環執行時間過長: 31.3ms
2025-07-21 04:49:51 [WARNING] GripperOptimized:fast_loop:492 - 主循環執行時間過長: 30.9ms
2025-07-21 04:49:55 [WARNING] GripperOptimized:fast_loop:492 - 主循環執行時間過長: 30.5ms
2025-07-21 04:49:56 [INFO] GripperOptimized:fast_loop:484 - 性能統計: 循環=932000, 平均耗時=14.2ms, 最大耗時=81.3ms, 指令數=59
2025-07-21 04:50:02 [WARNING] GripperOptimized:fast_loop:492 - 主循環執行時間過長: 30.9ms
2025-07-21 04:50:05 [WARNING] GripperOptimized:fast_loop:492 - 主循環執行時間過長: 30.8ms
2025-07-21 04:50:11 [WARNING] GripperOptimized:fast_loop:492 - 主循環執行時間過長: 30.0ms
2025-07-21 04:50:16 [WARNING] GripperOptimized:fast_loop:492 - 主循環執行時間過長: 30.4ms
2025-07-21 04:50:17 [INFO] GripperOptimized:fast_loop:484 - 性能統計: 循環=933000, 平均耗時=13.6ms, 最大耗時=81.3ms, 指令數=59
2025-07-21 04:50:19 [WARNING] GripperOptimized:fast_loop:492 - 主循環執行時間過長: 30.8ms
2025-07-21 04:50:24 [WARNING] GripperOptimized:fast_loop:492 - 主循環執行時間過長: 31.6ms
2025-07-21 04:50:38 [INFO] GripperOptimized:fast_loop:484 - 性能統計: 循環=934000, 平均耗時=13.4ms, 最大耗時=81.3ms, 指令數=59
2025-07-21 04:50:44 [WARNING] GripperOptimized:fast_loop:492 - 主循環執行時間過長: 31.7ms
2025-07-21 04:50:45 [WARNING] GripperOptimized:fast_loop:492 - 主循環執行時間過長: 32.7ms
2025-07-21 04:50:46 [WARNING] GripperOptimized:fast_loop:492 - 主循環執行時間過長: 31.2ms
2025-07-21 04:50:48 [WARNING] GripperOptimized:fast_loop:492 - 主循環執行時間過長: 31.3ms
2025-07-21 04:50:58 [INFO] GripperOptimized:fast_loop:484 - 性能統計: 循環=935000, 平均耗時=14.2ms, 最大耗時=81.3ms, 指令數=59
2025-07-21 04:51:04 [WARNING] GripperOptimized:fast_loop:492 - 主循環執行時間過長: 30.4ms
2025-07-21 04:51:07 [WARNING] GripperOptimized:fast_loop:492 - 主循環執行時間過長: 30.5ms
2025-07-21 04:51:15 [WARNING] GripperOptimized:fast_loop:492 - 主循環執行時間過長: 30.1ms
2025-07-21 04:51:19 [INFO] GripperOptimized:fast_loop:484 - 性能統計: 循環=936000, 平均耗時=13.0ms, 最大耗時=81.3ms, 指令數=59
2025-07-21 04:51:23 [WARNING] GripperOptimized:fast_loop:492 - 主循環執行時間過長: 30.5ms
2025-07-21 04:51:38 [WARNING] GripperOptimized:fast_loop:492 - 主循環執行時間過長: 30.5ms
2025-07-21 04:51:40 [INFO] GripperOptimized:fast_loop:484 - 性能統計: 循環=937000, 平均耗時=13.0ms, 最大耗時=81.3ms, 指令數=59
2025-07-21 04:51:43 [WARNING] GripperOptimized:fast_loop:492 - 主循環執行時間過長: 31.2ms
2025-07-21 04:51:49 [WARNING] GripperOptimized:fast_loop:492 - 主循環執行時間過長: 30.0ms
2025-07-21 04:51:53 [WARNING] GripperOptimized:fast_loop:492 - 主循環執行時間過長: 30.5ms
2025-07-21 04:51:56 [WARNING] GripperOptimized:fast_loop:492 - 主循環執行時間過長: 30.4ms
2025-07-21 04:52:01 [INFO] GripperOptimized:fast_loop:484 - 性能統計: 循環=938000, 平均耗時=12.9ms, 最大耗時=81.3ms, 指令數=59
2025-07-21 04:52:15 [WARNING] GripperOptimized:fast_loop:492 - 主循環執行時間過長: 30.9ms
2025-07-21 04:52:21 [INFO] GripperOptimized:fast_loop:484 - 性能統計: 循環=939000, 平均耗時=12.8ms, 最大耗時=81.3ms, 指令數=59
2025-07-21 04:52:24 [WARNING] GripperOptimized:fast_loop:492 - 主循環執行時間過長: 31.7ms
2025-07-21 04:52:35 [WARNING] GripperOptimized:fast_loop:492 - 主循環執行時間過長: 33.8ms
2025-07-21 04:52:42 [INFO] GripperOptimized:fast_loop:484 - 性能統計: 循環=940000, 平均耗時=13.1ms, 最大耗時=81.3ms, 指令數=59
2025-07-21 04:52:45 [WARNING] GripperOptimized:fast_loop:492 - 主循環執行時間過長: 30.3ms
2025-07-21 04:52:50 [WARNING] GripperOptimized:fast_loop:492 - 主循環執行時間過長: 31.5ms
2025-07-21 04:52:56 [WARNING] GripperOptimized:fast_loop:492 - 主循環執行時間過長: 30.2ms
2025-07-21 04:53:02 [WARNING] GripperOptimized:fast_loop:492 - 主循環執行時間過長: 30.7ms
2025-07-21 04:53:03 [INFO] GripperOptimized:fast_loop:484 - 性能統計: 循環=941000, 平均耗時=13.3ms, 最大耗時=81.3ms, 指令數=59
2025-07-21 04:53:11 [WARNING] GripperOptimized:fast_loop:492 - 主循環執行時間過長: 31.7ms
2025-07-21 04:53:20 [WARNING] GripperOptimized:fast_loop:492 - 主循環執行時間過長: 31.9ms
2025-07-21 04:53:24 [INFO] GripperOptimized:fast_loop:484 - 性能統計: 循環=942000, 平均耗時=13.8ms, 最大耗時=81.3ms, 指令數=59
2025-07-21 04:53:36 [WARNING] GripperOptimized:fast_loop:492 - 主循環執行時間過長: 31.8ms
2025-07-21 04:53:45 [INFO] GripperOptimized:fast_loop:484 - 性能統計: 循環=943000, 平均耗時=13.4ms, 最大耗時=81.3ms, 指令數=59
2025-07-21 04:53:48 [WARNING] GripperOptimized:fast_loop:492 - 主循環執行時間過長: 30.2ms
2025-07-21 04:53:50 [WARNING] GripperOptimized:fast_loop:492 - 主循環執行時間過長: 31.8ms
2025-07-21 04:53:56 [WARNING] GripperOptimized:fast_loop:492 - 主循環執行時間過長: 31.0ms
2025-07-21 04:54:05 [INFO] GripperOptimized:fast_loop:484 - 性能統計: 循環=944000, 平均耗時=14.2ms, 最大耗時=81.3ms, 指令數=59
2025-07-21 04:54:26 [INFO] GripperOptimized:fast_loop:484 - 性能統計: 循環=945000, 平均耗時=13.4ms, 最大耗時=81.3ms, 指令數=59
2025-07-21 04:54:34 [WARNING] GripperOptimized:fast_loop:492 - 主循環執行時間過長: 32.0ms
2025-07-21 04:54:41 [WARNING] GripperOptimized:fast_loop:492 - 主循環執行時間過長: 30.5ms
2025-07-21 04:54:45 [WARNING] GripperOptimized:fast_loop:492 - 主循環執行時間過長: 30.1ms
2025-07-21 04:54:47 [INFO] GripperOptimized:fast_loop:484 - 性能統計: 循環=946000, 平均耗時=13.7ms, 最大耗時=81.3ms, 指令數=59
2025-07-21 04:54:51 [WARNING] GripperOptimized:fast_loop:492 - 主循環執行時間過長: 33.9ms
2025-07-21 04:54:52 [WARNING] GripperOptimized:fast_loop:492 - 主循環執行時間過長: 30.2ms
2025-07-21 04:55:05 [WARNING] GripperOptimized:fast_loop:492 - 主循環執行時間過長: 31.2ms
2025-07-21 04:55:07 [WARNING] GripperOptimized:fast_loop:492 - 主循環執行時間過長: 32.6ms
2025-07-21 04:55:08 [INFO] GripperOptimized:fast_loop:484 - 性能統計: 循環=947000, 平均耗時=13.5ms, 最大耗時=81.3ms, 指令數=59
2025-07-21 04:55:22 [WARNING] GripperOptimized:fast_loop:492 - 主循環執行時間過長: 31.0ms
2025-07-21 04:55:25 [WARNING] GripperOptimized:fast_loop:492 - 主循環執行時間過長: 31.8ms
2025-07-21 04:55:29 [INFO] GripperOptimized:fast_loop:484 - 性能統計: 循環=948000, 平均耗時=13.4ms, 最大耗時=81.3ms, 指令數=59
2025-07-21 04:55:30 [WARNING] GripperOptimized:fast_loop:492 - 主循環執行時間過長: 30.9ms
2025-07-21 04:55:37 [WARNING] GripperOptimized:fast_loop:492 - 主循環執行時間過長: 31.2ms
2025-07-21 04:55:40 [WARNING] GripperOptimized:fast_loop:492 - 主循環執行時間過長: 30.8ms
2025-07-21 04:55:45 [WARNING] GripperOptimized:fast_loop:492 - 主循環執行時間過長: 30.8ms
2025-07-21 04:55:49 [INFO] GripperOptimized:fast_loop:484 - 性能統計: 循環=949000, 平均耗時=13.6ms, 最大耗時=81.3ms, 指令數=59
2025-07-21 04:55:54 [WARNING] GripperOptimized:fast_loop:492 - 主循環執行時間過長: 31.3ms
2025-07-21 04:55:58 [WARNING] GripperOptimized:fast_loop:492 - 主循環執行時間過長: 30.4ms
2025-07-21 04:56:07 [WARNING] GripperOptimized:fast_loop:492 - 主循環執行時間過長: 32.0ms
2025-07-21 04:56:10 [INFO] GripperOptimized:fast_loop:484 - 性能統計: 循環=950000, 平均耗時=12.7ms, 最大耗時=81.3ms, 指令數=59
2025-07-21 04:56:10 [WARNING] GripperOptimized:fast_loop:492 - 主循環執行時間過長: 30.4ms
2025-07-21 04:56:15 [WARNING] GripperOptimized:fast_loop:492 - 主循環執行時間過長: 31.3ms
2025-07-21 04:56:18 [WARNING] GripperOptimized:fast_loop:492 - 主循環執行時間過長: 30.2ms
2025-07-21 04:56:31 [INFO] GripperOptimized:fast_loop:484 - 性能統計: 循環=951000, 平均耗時=12.6ms, 最大耗時=81.3ms, 指令數=59
2025-07-21 04:56:33 [WARNING] GripperOptimized:fast_loop:492 - 主循環執行時間過長: 30.1ms
2025-07-21 04:56:45 [WARNING] GripperOptimized:fast_loop:492 - 主循環執行時間過長: 31.3ms
2025-07-21 04:56:52 [INFO] GripperOptimized:fast_loop:484 - 性能統計: 循環=952000, 平均耗時=14.2ms, 最大耗時=81.3ms, 指令數=59
2025-07-21 04:57:01 [WARNING] GripperOptimized:fast_loop:492 - 主循環執行時間過長: 30.2ms
2025-07-21 04:57:06 [WARNING] GripperOptimized:fast_loop:492 - 主循環執行時間過長: 30.2ms
2025-07-21 04:57:07 [WARNING] GripperOptimized:fast_loop:492 - 主循環執行時間過長: 30.7ms
2025-07-21 04:57:13 [INFO] GripperOptimized:fast_loop:484 - 性能統計: 循環=953000, 平均耗時=12.9ms, 最大耗時=81.3ms, 指令數=59
2025-07-21 04:57:16 [WARNING] GripperOptimized:fast_loop:492 - 主循環執行時間過長: 32.3ms
2025-07-21 04:57:20 [WARNING] GripperOptimized:fast_loop:492 - 主循環執行時間過長: 30.8ms
2025-07-21 04:57:23 [WARNING] GripperOptimized:fast_loop:492 - 主循環執行時間過長: 30.5ms
2025-07-21 04:57:33 [INFO] GripperOptimized:fast_loop:484 - 性能統計: 循環=954000, 平均耗時=13.4ms, 最大耗時=81.3ms, 指令數=59
2025-07-21 04:57:52 [WARNING] GripperOptimized:fast_loop:492 - 主循環執行時間過長: 30.6ms
2025-07-21 04:57:54 [INFO] GripperOptimized:fast_loop:484 - 性能統計: 循環=955000, 平均耗時=12.5ms, 最大耗時=81.3ms, 指令數=59
2025-07-21 04:57:54 [WARNING] GripperOptimized:fast_loop:492 - 主循環執行時間過長: 30.2ms
2025-07-21 04:57:56 [WARNING] GripperOptimized:fast_loop:492 - 主循環執行時間過長: 31.2ms
2025-07-21 04:57:57 [WARNING] GripperOptimized:fast_loop:492 - 主循環執行時間過長: 33.5ms
2025-07-21 04:57:58 [WARNING] GripperOptimized:fast_loop:492 - 主循環執行時間過長: 31.3ms
2025-07-21 04:58:08 [WARNING] GripperOptimized:fast_loop:492 - 主循環執行時間過長: 31.1ms
2025-07-21 04:58:09 [WARNING] GripperOptimized:fast_loop:492 - 主循環執行時間過長: 31.5ms
2025-07-21 04:58:13 [WARNING] GripperOptimized:fast_loop:492 - 主循環執行時間過長: 31.4ms
2025-07-21 04:58:14 [WARNING] GripperOptimized:fast_loop:492 - 主循環執行時間過長: 31.1ms
2025-07-21 04:58:15 [INFO] GripperOptimized:fast_loop:484 - 性能統計: 循環=956000, 平均耗時=13.3ms, 最大耗時=81.3ms, 指令數=59
2025-07-21 04:58:16 [WARNING] GripperOptimized:fast_loop:492 - 主循環執行時間過長: 30.2ms
2025-07-21 04:58:18 [WARNING] GripperOptimized:fast_loop:492 - 主循環執行時間過長: 31.7ms
2025-07-21 04:58:36 [INFO] GripperOptimized:fast_loop:484 - 性能統計: 循環=957000, 平均耗時=13.6ms, 最大耗時=81.3ms, 指令數=59
2025-07-21 04:58:39 [WARNING] GripperOptimized:fast_loop:492 - 主循環執行時間過長: 32.1ms
2025-07-21 04:58:42 [WARNING] GripperOptimized:fast_loop:492 - 主循環執行時間過長: 36.0ms
2025-07-21 04:58:52 [WARNING] GripperOptimized:fast_loop:492 - 主循環執行時間過長: 30.2ms
2025-07-21 04:58:56 [WARNING] GripperOptimized:fast_loop:492 - 主循環執行時間過長: 30.1ms
2025-07-21 04:58:57 [INFO] GripperOptimized:fast_loop:484 - 性能統計: 循環=958000, 平均耗時=13.1ms, 最大耗時=81.3ms, 指令數=59
2025-07-21 04:58:57 [WARNING] GripperOptimized:fast_loop:492 - 主循環執行時間過長: 30.1ms
2025-07-21 04:59:01 [WARNING] GripperOptimized:fast_loop:492 - 主循環執行時間過長: 31.2ms
2025-07-21 04:59:05 [WARNING] GripperOptimized:fast_loop:492 - 主循環執行時間過長: 31.2ms
2025-07-21 04:59:10 [WARNING] GripperOptimized:fast_loop:492 - 主循環執行時間過長: 30.7ms
2025-07-21 04:59:14 [WARNING] GripperOptimized:fast_loop:492 - 主循環執行時間過長: 30.6ms
2025-07-21 04:59:17 [INFO] GripperOptimized:fast_loop:484 - 性能統計: 循環=959000, 平均耗時=13.7ms, 最大耗時=81.3ms, 指令數=59
2025-07-21 04:59:20 [WARNING] GripperOptimized:fast_loop:492 - 主循環執行時間過長: 30.7ms
2025-07-21 04:59:26 [WARNING] GripperOptimized:fast_loop:492 - 主循環執行時間過長: 30.9ms
2025-07-21 04:59:28 [WARNING] GripperOptimized:fast_loop:492 - 主循環執行時間過長: 30.1ms
2025-07-21 04:59:34 [WARNING] GripperOptimized:fast_loop:492 - 主循環執行時間過長: 30.5ms
2025-07-21 04:59:38 [INFO] GripperOptimized:fast_loop:484 - 性能統計: 循環=960000, 平均耗時=12.8ms, 最大耗時=81.3ms, 指令數=59
2025-07-21 04:59:39 [WARNING] GripperOptimized:fast_loop:492 - 主循環執行時間過長: 30.4ms
2025-07-21 04:59:44 [WARNING] GripperOptimized:fast_loop:492 - 主循環執行時間過長: 31.8ms
2025-07-21 04:59:52 [WARNING] GripperOptimized:fast_loop:492 - 主循環執行時間過長: 30.0ms
2025-07-21 04:59:59 [INFO] GripperOptimized:fast_loop:484 - 性能統計: 循環=961000, 平均耗時=14.5ms, 最大耗時=81.3ms, 指令數=59
2025-07-21 05:00:05 [WARNING] GripperOptimized:fast_loop:492 - 主循環執行時間過長: 31.7ms
2025-07-21 05:00:17 [WARNING] GripperOptimized:fast_loop:492 - 主循環執行時間過長: 31.2ms
2025-07-21 05:00:20 [INFO] GripperOptimized:fast_loop:484 - 性能統計: 循環=962000, 平均耗時=14.0ms, 最大耗時=81.3ms, 指令數=59
2025-07-21 05:00:23 [WARNING] GripperOptimized:fast_loop:492 - 主循環執行時間過長: 30.2ms
2025-07-21 05:00:41 [INFO] GripperOptimized:fast_loop:484 - 性能統計: 循環=963000, 平均耗時=14.5ms, 最大耗時=81.3ms, 指令數=59
2025-07-21 05:00:55 [WARNING] GripperOptimized:fast_loop:492 - 主循環執行時間過長: 30.5ms
2025-07-21 05:00:57 [WARNING] GripperOptimized:fast_loop:492 - 主循環執行時間過長: 31.7ms
2025-07-21 05:00:59 [WARNING] GripperOptimized:fast_loop:492 - 主循環執行時間過長: 30.3ms
2025-07-21 05:01:00 [WARNING] GripperOptimized:fast_loop:492 - 主循環執行時間過長: 30.9ms
2025-07-21 05:01:01 [INFO] GripperOptimized:fast_loop:484 - 性能統計: 循環=964000, 平均耗時=12.8ms, 最大耗時=81.3ms, 指令數=59
2025-07-21 05:01:04 [WARNING] GripperOptimized:fast_loop:492 - 主循環執行時間過長: 31.3ms
2025-07-21 05:01:08 [WARNING] GripperOptimized:fast_loop:492 - 主循環執行時間過長: 31.4ms
2025-07-21 05:01:15 [WARNING] GripperOptimized:fast_loop:492 - 主循環執行時間過長: 31.9ms
2025-07-21 05:01:22 [INFO] GripperOptimized:fast_loop:484 - 性能統計: 循環=965000, 平均耗時=12.8ms, 最大耗時=81.3ms, 指令數=59
2025-07-21 05:01:34 [WARNING] GripperOptimized:fast_loop:492 - 主循環執行時間過長: 30.0ms
2025-07-21 05:01:39 [WARNING] GripperOptimized:fast_loop:492 - 主循環執行時間過長: 32.0ms
2025-07-21 05:01:43 [INFO] GripperOptimized:fast_loop:484 - 性能統計: 循環=966000, 平均耗時=13.6ms, 最大耗時=81.3ms, 指令數=59
2025-07-21 05:01:53 [WARNING] GripperOptimized:fast_loop:492 - 主循環執行時間過長: 31.2ms
2025-07-21 05:02:04 [INFO] GripperOptimized:fast_loop:484 - 性能統計: 循環=967000, 平均耗時=13.2ms, 最大耗時=81.3ms, 指令數=59
2025-07-21 05:02:07 [WARNING] GripperOptimized:fast_loop:492 - 主循環執行時間過長: 30.9ms
2025-07-21 05:02:18 [WARNING] GripperOptimized:fast_loop:492 - 主循環執行時間過長: 30.2ms
2025-07-21 05:02:21 [WARNING] GripperOptimized:fast_loop:492 - 主循環執行時間過長: 30.8ms
2025-07-21 05:02:24 [INFO] GripperOptimized:fast_loop:484 - 性能統計: 循環=968000, 平均耗時=14.0ms, 最大耗時=81.3ms, 指令數=59
2025-07-21 05:02:24 [WARNING] GripperOptimized:fast_loop:492 - 主循環執行時間過長: 31.5ms
2025-07-21 05:02:35 [WARNING] GripperOptimized:fast_loop:492 - 主循環執行時間過長: 30.8ms
2025-07-21 05:02:45 [INFO] GripperOptimized:fast_loop:484 - 性能統計: 循環=969000, 平均耗時=13.6ms, 最大耗時=81.3ms, 指令數=59
2025-07-21 05:02:45 [WARNING] GripperOptimized:fast_loop:492 - 主循環執行時間過長: 31.4ms
2025-07-21 05:02:52 [WARNING] GripperOptimized:fast_loop:492 - 主循環執行時間過長: 33.4ms
2025-07-21 05:02:54 [WARNING] GripperOptimized:fast_loop:492 - 主循環執行時間過長: 32.1ms
2025-07-21 05:02:59 [WARNING] GripperOptimized:fast_loop:492 - 主循環執行時間過長: 30.2ms
2025-07-21 05:03:06 [INFO] GripperOptimized:fast_loop:484 - 性能統計: 循環=970000, 平均耗時=12.8ms, 最大耗時=81.3ms, 指令數=59
2025-07-21 05:03:12 [WARNING] GripperOptimized:fast_loop:492 - 主循環執行時間過長: 30.5ms
2025-07-21 05:03:15 [WARNING] GripperOptimized:fast_loop:492 - 主循環執行時間過長: 30.1ms
2025-07-21 05:03:16 [WARNING] GripperOptimized:fast_loop:492 - 主循環執行時間過長: 30.6ms
2025-07-21 05:03:24 [WARNING] GripperOptimized:fast_loop:492 - 主循環執行時間過長: 30.5ms
2025-07-21 05:03:27 [INFO] GripperOptimized:fast_loop:484 - 性能統計: 循環=971000, 平均耗時=13.3ms, 最大耗時=81.3ms, 指令數=59
2025-07-21 05:03:35 [WARNING] GripperOptimized:fast_loop:492 - 主循環執行時間過長: 33.4ms
2025-07-21 05:03:48 [INFO] GripperOptimized:fast_loop:484 - 性能統計: 循環=972000, 平均耗時=12.7ms, 最大耗時=81.3ms, 指令數=59
2025-07-21 05:03:51 [WARNING] GripperOptimized:fast_loop:492 - 主循環執行時間過長: 30.3ms
2025-07-21 05:03:55 [WARNING] GripperOptimized:fast_loop:492 - 主循環執行時間過長: 31.0ms
2025-07-21 05:03:57 [WARNING] GripperOptimized:fast_loop:492 - 主循環執行時間過長: 32.9ms
2025-07-21 05:03:59 [WARNING] GripperOptimized:fast_loop:492 - 主循環執行時間過長: 32.3ms
2025-07-21 05:04:08 [INFO] GripperOptimized:fast_loop:484 - 性能統計: 循環=973000, 平均耗時=13.4ms, 最大耗時=81.3ms, 指令數=59
2025-07-21 05:04:14 [WARNING] GripperOptimized:fast_loop:492 - 主循環執行時間過長: 32.6ms
2025-07-21 05:04:15 [WARNING] GripperOptimized:fast_loop:492 - 主循環執行時間過長: 30.4ms
2025-07-21 05:04:17 [WARNING] GripperOptimized:fast_loop:492 - 主循環執行時間過長: 30.5ms
2025-07-21 05:04:19 [WARNING] GripperOptimized:fast_loop:492 - 主循環執行時間過長: 30.5ms
2025-07-21 05:04:21 [WARNING] GripperOptimized:fast_loop:492 - 主循環執行時間過長: 30.3ms
2025-07-21 05:04:23 [WARNING] GripperOptimized:fast_loop:492 - 主循環執行時間過長: 30.7ms
2025-07-21 05:04:24 [WARNING] GripperOptimized:fast_loop:492 - 主循環執行時間過長: 31.4ms
2025-07-21 05:04:27 [WARNING] GripperOptimized:fast_loop:492 - 主循環執行時間過長: 31.8ms
2025-07-21 05:04:29 [INFO] GripperOptimized:fast_loop:484 - 性能統計: 循環=974000, 平均耗時=13.7ms, 最大耗時=81.3ms, 指令數=59
2025-07-21 05:04:38 [WARNING] GripperOptimized:fast_loop:492 - 主循環執行時間過長: 30.9ms
2025-07-21 05:04:39 [WARNING] GripperOptimized:fast_loop:492 - 主循環執行時間過長: 31.3ms
2025-07-21 05:04:43 [WARNING] GripperOptimized:fast_loop:492 - 主循環執行時間過長: 30.6ms
2025-07-21 05:04:45 [WARNING] GripperOptimized:fast_loop:492 - 主循環執行時間過長: 30.7ms
2025-07-21 05:04:50 [INFO] GripperOptimized:fast_loop:484 - 性能統計: 循環=975000, 平均耗時=13.2ms, 最大耗時=81.3ms, 指令數=59
2025-07-21 05:04:50 [WARNING] GripperOptimized:fast_loop:492 - 主循環執行時間過長: 30.9ms
2025-07-21 05:04:53 [WARNING] GripperOptimized:fast_loop:492 - 主循環執行時間過長: 30.7ms
2025-07-21 05:05:07 [WARNING] GripperOptimized:fast_loop:492 - 主循環執行時間過長: 31.5ms
2025-07-21 05:05:11 [INFO] GripperOptimized:fast_loop:484 - 性能統計: 循環=976000, 平均耗時=14.0ms, 最大耗時=81.3ms, 指令數=59
2025-07-21 05:05:16 [WARNING] GripperOptimized:fast_loop:492 - 主循環執行時間過長: 31.1ms
2025-07-21 05:05:23 [WARNING] GripperOptimized:fast_loop:492 - 主循環執行時間過長: 30.4ms
2025-07-21 05:05:28 [WARNING] GripperOptimized:fast_loop:492 - 主循環執行時間過長: 30.1ms
2025-07-21 05:05:32 [INFO] GripperOptimized:fast_loop:484 - 性能統計: 循環=977000, 平均耗時=12.8ms, 最大耗時=81.3ms, 指令數=59
2025-07-21 05:05:33 [WARNING] GripperOptimized:fast_loop:492 - 主循環執行時間過長: 31.2ms
2025-07-21 05:05:35 [WARNING] GripperOptimized:fast_loop:492 - 主循環執行時間過長: 31.9ms
2025-07-21 05:05:37 [WARNING] GripperOptimized:fast_loop:492 - 主循環執行時間過長: 30.2ms
2025-07-21 05:05:43 [WARNING] GripperOptimized:fast_loop:492 - 主循環執行時間過長: 30.3ms
2025-07-21 05:05:52 [INFO] GripperOptimized:fast_loop:484 - 性能統計: 循環=978000, 平均耗時=14.7ms, 最大耗時=81.3ms, 指令數=59
2025-07-21 05:05:58 [WARNING] GripperOptimized:fast_loop:492 - 主循環執行時間過長: 30.2ms
2025-07-21 05:06:01 [WARNING] GripperOptimized:fast_loop:492 - 主循環執行時間過長: 30.9ms
2025-07-21 05:06:13 [INFO] GripperOptimized:fast_loop:484 - 性能統計: 循環=979000, 平均耗時=13.1ms, 最大耗時=81.3ms, 指令數=59
2025-07-21 05:06:13 [WARNING] GripperOptimized:fast_loop:492 - 主循環執行時間過長: 31.5ms
2025-07-21 05:06:17 [WARNING] GripperOptimized:fast_loop:492 - 主循環執行時間過長: 30.2ms
2025-07-21 05:06:22 [WARNING] GripperOptimized:fast_loop:492 - 主循環執行時間過長: 31.0ms
2025-07-21 05:06:29 [WARNING] GripperOptimized:fast_loop:492 - 主循環執行時間過長: 33.0ms
2025-07-21 05:06:34 [INFO] GripperOptimized:fast_loop:484 - 性能統計: 循環=980000, 平均耗時=13.2ms, 最大耗時=81.3ms, 指令數=59
2025-07-21 05:06:39 [WARNING] GripperOptimized:fast_loop:492 - 主循環執行時間過長: 30.6ms
2025-07-21 05:06:43 [WARNING] GripperOptimized:fast_loop:492 - 主循環執行時間過長: 32.2ms
2025-07-21 05:06:46 [WARNING] GripperOptimized:fast_loop:492 - 主循環執行時間過長: 30.4ms
2025-07-21 05:06:55 [INFO] GripperOptimized:fast_loop:484 - 性能統計: 循環=981000, 平均耗時=13.9ms, 最大耗時=81.3ms, 指令數=59
2025-07-21 05:07:09 [WARNING] GripperOptimized:fast_loop:492 - 主循環執行時間過長: 30.5ms
2025-07-21 05:07:16 [INFO] GripperOptimized:fast_loop:484 - 性能統計: 循環=982000, 平均耗時=12.9ms, 最大耗時=81.3ms, 指令數=59
2025-07-21 05:07:20 [WARNING] GripperOptimized:fast_loop:492 - 主循環執行時間過長: 30.0ms
2025-07-21 05:07:24 [WARNING] GripperOptimized:fast_loop:492 - 主循環執行時間過長: 31.7ms
2025-07-21 05:07:26 [WARNING] GripperOptimized:fast_loop:492 - 主循環執行時間過長: 30.5ms
2025-07-21 05:07:27 [WARNING] GripperOptimized:fast_loop:492 - 主循環執行時間過長: 31.7ms
2025-07-21 05:07:29 [WARNING] GripperOptimized:fast_loop:492 - 主循環執行時間過長: 30.1ms
2025-07-21 05:07:33 [WARNING] GripperOptimized:fast_loop:492 - 主循環執行時間過長: 31.5ms
2025-07-21 05:07:34 [WARNING] GripperOptimized:fast_loop:492 - 主循環執行時間過長: 30.8ms
2025-07-21 05:07:36 [INFO] GripperOptimized:fast_loop:484 - 性能統計: 循環=983000, 平均耗時=12.9ms, 最大耗時=81.3ms, 指令數=59
2025-07-21 05:07:50 [WARNING] GripperOptimized:fast_loop:492 - 主循環執行時間過長: 30.1ms
2025-07-21 05:07:53 [WARNING] GripperOptimized:fast_loop:492 - 主循環執行時間過長: 32.5ms
2025-07-21 05:07:55 [WARNING] GripperOptimized:fast_loop:492 - 主循環執行時間過長: 31.4ms
2025-07-21 05:07:56 [WARNING] GripperOptimized:fast_loop:492 - 主循環執行時間過長: 38.6ms
2025-07-21 05:07:57 [INFO] GripperOptimized:fast_loop:484 - 性能統計: 循環=984000, 平均耗時=14.1ms, 最大耗時=81.3ms, 指令數=59
2025-07-21 05:08:04 [WARNING] GripperOptimized:fast_loop:492 - 主循環執行時間過長: 30.2ms
2025-07-21 05:08:12 [WARNING] GripperOptimized:fast_loop:492 - 主循環執行時間過長: 30.1ms
2025-07-21 05:08:16 [WARNING] GripperOptimized:fast_loop:492 - 主循環執行時間過長: 30.3ms
2025-07-21 05:08:18 [INFO] GripperOptimized:fast_loop:484 - 性能統計: 循環=985000, 平均耗時=13.6ms, 最大耗時=81.3ms, 指令數=59
2025-07-21 05:08:18 [WARNING] GripperOptimized:fast_loop:492 - 主循環執行時間過長: 31.7ms
2025-07-21 05:08:30 [WARNING] GripperOptimized:fast_loop:492 - 主循環執行時間過長: 30.5ms
2025-07-21 05:08:39 [INFO] GripperOptimized:fast_loop:484 - 性能統計: 循環=986000, 平均耗時=13.3ms, 最大耗時=81.3ms, 指令數=59
2025-07-21 05:08:49 [WARNING] GripperOptimized:fast_loop:492 - 主循環執行時間過長: 31.0ms
2025-07-21 05:08:53 [WARNING] GripperOptimized:fast_loop:492 - 主循環執行時間過長: 30.0ms
2025-07-21 05:08:59 [INFO] GripperOptimized:fast_loop:484 - 性能統計: 循環=987000, 平均耗時=14.3ms, 最大耗時=81.3ms, 指令數=59
2025-07-21 05:09:00 [WARNING] GripperOptimized:fast_loop:492 - 主循環執行時間過長: 32.4ms
2025-07-21 05:09:07 [WARNING] GripperOptimized:fast_loop:492 - 主循環執行時間過長: 30.2ms
2025-07-21 05:09:13 [WARNING] GripperOptimized:fast_loop:492 - 主循環執行時間過長: 31.0ms
2025-07-21 05:09:16 [WARNING] GripperOptimized:fast_loop:492 - 主循環執行時間過長: 32.3ms
2025-07-21 05:09:20 [INFO] GripperOptimized:fast_loop:484 - 性能統計: 循環=988000, 平均耗時=13.8ms, 最大耗時=81.3ms, 指令數=59
2025-07-21 05:09:33 [WARNING] GripperOptimized:fast_loop:492 - 主循環執行時間過長: 30.5ms
2025-07-21 05:09:41 [INFO] GripperOptimized:fast_loop:484 - 性能統計: 循環=989000, 平均耗時=13.4ms, 最大耗時=81.3ms, 指令數=59
2025-07-21 05:09:41 [WARNING] GripperOptimized:fast_loop:492 - 主循環執行時間過長: 30.4ms
2025-07-21 05:09:42 [WARNING] GripperOptimized:fast_loop:492 - 主循環執行時間過長: 30.9ms
2025-07-21 05:09:49 [WARNING] GripperOptimized:fast_loop:492 - 主循環執行時間過長: 31.2ms
2025-07-21 05:09:52 [WARNING] GripperOptimized:fast_loop:492 - 主循環執行時間過長: 31.0ms
2025-07-21 05:09:53 [WARNING] GripperOptimized:fast_loop:492 - 主循環執行時間過長: 30.8ms
2025-07-21 05:09:55 [WARNING] GripperOptimized:fast_loop:492 - 主循環執行時間過長: 30.3ms
2025-07-21 05:09:59 [WARNING] GripperOptimized:fast_loop:492 - 主循環執行時間過長: 31.3ms
2025-07-21 05:10:00 [WARNING] GripperOptimized:fast_loop:492 - 主循環執行時間過長: 30.9ms
2025-07-21 05:10:02 [INFO] GripperOptimized:fast_loop:484 - 性能統計: 循環=990000, 平均耗時=12.9ms, 最大耗時=81.3ms, 指令數=59
2025-07-21 05:10:04 [WARNING] GripperOptimized:fast_loop:492 - 主循環執行時間過長: 31.3ms
2025-07-21 05:10:20 [WARNING] GripperOptimized:fast_loop:492 - 主循環執行時間過長: 30.2ms
2025-07-21 05:10:22 [WARNING] GripperOptimized:fast_loop:492 - 主循環執行時間過長: 30.3ms
2025-07-21 05:10:23 [INFO] GripperOptimized:fast_loop:484 - 性能統計: 循環=991000, 平均耗時=13.1ms, 最大耗時=81.3ms, 指令數=59
2025-07-21 05:10:23 [WARNING] GripperOptimized:fast_loop:492 - 主循環執行時間過長: 31.5ms
2025-07-21 05:10:26 [WARNING] GripperOptimized:fast_loop:492 - 主循環執行時間過長: 32.3ms
2025-07-21 05:10:31 [WARNING] GripperOptimized:fast_loop:492 - 主循環執行時間過長: 31.6ms
2025-07-21 05:10:33 [WARNING] GripperOptimized:fast_loop:492 - 主循環執行時間過長: 31.2ms
2025-07-21 05:10:37 [WARNING] GripperOptimized:fast_loop:492 - 主循環執行時間過長: 30.4ms
2025-07-21 05:10:39 [WARNING] GripperOptimized:fast_loop:492 - 主循環執行時間過長: 30.3ms
2025-07-21 05:10:43 [INFO] GripperOptimized:fast_loop:484 - 性能統計: 循環=992000, 平均耗時=12.5ms, 最大耗時=81.3ms, 指令數=59
2025-07-21 05:10:52 [WARNING] GripperOptimized:fast_loop:492 - 主循環執行時間過長: 32.0ms
2025-07-21 05:10:54 [WARNING] GripperOptimized:fast_loop:492 - 主循環執行時間過長: 31.2ms
2025-07-21 05:10:57 [WARNING] GripperOptimized:fast_loop:492 - 主循環執行時間過長: 30.1ms
2025-07-21 05:11:04 [INFO] GripperOptimized:fast_loop:484 - 性能統計: 循環=993000, 平均耗時=13.2ms, 最大耗時=81.3ms, 指令數=59
2025-07-21 05:11:16 [WARNING] GripperOptimized:fast_loop:492 - 主循環執行時間過長: 32.0ms
2025-07-21 05:11:25 [INFO] GripperOptimized:fast_loop:484 - 性能統計: 循環=994000, 平均耗時=13.2ms, 最大耗時=81.3ms, 指令數=59
2025-07-21 05:11:28 [WARNING] GripperOptimized:fast_loop:492 - 主循環執行時間過長: 32.0ms
2025-07-21 05:11:35 [WARNING] GripperOptimized:fast_loop:492 - 主循環執行時間過長: 30.6ms
2025-07-21 05:11:39 [WARNING] GripperOptimized:fast_loop:492 - 主循環執行時間過長: 32.0ms
2025-07-21 05:11:42 [WARNING] GripperOptimized:fast_loop:492 - 主循環執行時間過長: 30.7ms
2025-07-21 05:11:46 [INFO] GripperOptimized:fast_loop:484 - 性能統計: 循環=995000, 平均耗時=13.1ms, 最大耗時=81.3ms, 指令數=59
2025-07-21 05:11:46 [WARNING] GripperOptimized:fast_loop:492 - 主循環執行時間過長: 30.0ms
2025-07-21 05:11:59 [WARNING] GripperOptimized:fast_loop:492 - 主循環執行時間過長: 30.0ms
2025-07-21 05:12:07 [INFO] GripperOptimized:fast_loop:484 - 性能統計: 循環=996000, 平均耗時=13.7ms, 最大耗時=81.3ms, 指令數=59
2025-07-21 05:12:15 [WARNING] GripperOptimized:fast_loop:492 - 主循環執行時間過長: 32.3ms
2025-07-21 05:12:18 [WARNING] GripperOptimized:fast_loop:492 - 主循環執行時間過長: 30.7ms
2025-07-21 05:12:21 [WARNING] GripperOptimized:fast_loop:492 - 主循環執行時間過長: 31.1ms
2025-07-21 05:12:23 [WARNING] GripperOptimized:fast_loop:492 - 主循環執行時間過長: 31.8ms
2025-07-21 05:12:26 [WARNING] GripperOptimized:fast_loop:492 - 主循環執行時間過長: 30.8ms
2025-07-21 05:12:27 [INFO] GripperOptimized:fast_loop:484 - 性能統計: 循環=997000, 平均耗時=13.3ms, 最大耗時=81.3ms, 指令數=59
2025-07-21 05:12:27 [WARNING] GripperOptimized:fast_loop:492 - 主循環執行時間過長: 30.7ms
2025-07-21 05:12:30 [WARNING] GripperOptimized:fast_loop:492 - 主循環執行時間過長: 30.2ms
2025-07-21 05:12:37 [WARNING] GripperOptimized:fast_loop:492 - 主循環執行時間過長: 30.0ms
2025-07-21 05:12:38 [WARNING] GripperOptimized:fast_loop:492 - 主循環執行時間過長: 31.9ms
2025-07-21 05:12:41 [WARNING] GripperOptimized:fast_loop:492 - 主循環執行時間過長: 30.0ms
2025-07-21 05:12:48 [INFO] GripperOptimized:fast_loop:484 - 性能統計: 循環=998000, 平均耗時=12.9ms, 最大耗時=81.3ms, 指令數=59
2025-07-21 05:12:51 [WARNING] GripperOptimized:fast_loop:492 - 主循環執行時間過長: 30.3ms
2025-07-21 05:12:56 [WARNING] GripperOptimized:fast_loop:492 - 主循環執行時間過長: 30.5ms
2025-07-21 05:13:09 [INFO] GripperOptimized:fast_loop:484 - 性能統計: 循環=999000, 平均耗時=13.9ms, 最大耗時=81.3ms, 指令數=59
2025-07-21 05:13:23 [WARNING] GripperOptimized:fast_loop:492 - 主循環執行時間過長: 31.4ms
2025-07-21 05:13:24 [WARNING] GripperOptimized:fast_loop:492 - 主循環執行時間過長: 36.7ms
2025-07-21 05:13:25 [WARNING] GripperOptimized:fast_loop:492 - 主循環執行時間過長: 31.0ms
2025-07-21 05:13:28 [WARNING] GripperOptimized:fast_loop:492 - 主循環執行時間過長: 30.0ms
2025-07-21 05:13:29 [WARNING] GripperOptimized:fast_loop:492 - 主循環執行時間過長: 31.0ms
2025-07-21 05:13:30 [INFO] GripperOptimized:fast_loop:484 - 性能統計: 循環=1000000, 平均耗時=13.7ms, 最大耗時=81.3ms, 指令數=59
2025-07-21 05:13:34 [WARNING] GripperOptimized:fast_loop:492 - 主循環執行時間過長: 31.1ms
2025-07-21 05:13:37 [WARNING] GripperOptimized:fast_loop:492 - 主循環執行時間過長: 31.6ms
2025-07-21 05:13:38 [WARNING] GripperOptimized:fast_loop:492 - 主循環執行時間過長: 32.2ms
2025-07-21 05:13:51 [INFO] GripperOptimized:fast_loop:484 - 性能統計: 循環=1001000, 平均耗時=13.2ms, 最大耗時=81.3ms, 指令數=59
2025-07-21 05:13:54 [WARNING] GripperOptimized:fast_loop:492 - 主循環執行時間過長: 31.4ms
2025-07-21 05:14:11 [INFO] GripperOptimized:fast_loop:484 - 性能統計: 循環=1002000, 平均耗時=13.4ms, 最大耗時=81.3ms, 指令數=59
2025-07-21 05:14:11 [WARNING] GripperOptimized:fast_loop:492 - 主循環執行時間過長: 30.3ms
2025-07-21 05:14:12 [WARNING] GripperOptimized:fast_loop:492 - 主循環執行時間過長: 32.9ms
2025-07-21 05:14:25 [WARNING] GripperOptimized:fast_loop:492 - 主循環執行時間過長: 31.6ms
2025-07-21 05:14:32 [INFO] GripperOptimized:fast_loop:484 - 性能統計: 循環=1003000, 平均耗時=13.7ms, 最大耗時=81.3ms, 指令數=59
2025-07-21 05:14:39 [WARNING] GripperOptimized:fast_loop:492 - 主循環執行時間過長: 30.2ms
2025-07-21 05:14:48 [WARNING] GripperOptimized:fast_loop:492 - 主循環執行時間過長: 30.2ms
2025-07-21 05:14:49 [WARNING] GripperOptimized:fast_loop:492 - 主循環執行時間過長: 30.5ms
2025-07-21 05:14:50 [WARNING] GripperOptimized:fast_loop:492 - 主循環執行時間過長: 30.0ms
2025-07-21 05:14:53 [INFO] GripperOptimized:fast_loop:484 - 性能統計: 循環=1004000, 平均耗時=13.0ms, 最大耗時=81.3ms, 指令數=59
2025-07-21 05:14:58 [WARNING] GripperOptimized:fast_loop:492 - 主循環執行時間過長: 31.3ms
2025-07-21 05:15:08 [WARNING] GripperOptimized:fast_loop:492 - 主循環執行時間過長: 30.4ms
2025-07-21 05:15:11 [WARNING] GripperOptimized:fast_loop:492 - 主循環執行時間過長: 30.5ms
2025-07-21 05:15:14 [INFO] GripperOptimized:fast_loop:484 - 性能統計: 循環=1005000, 平均耗時=13.0ms, 最大耗時=81.3ms, 指令數=59
2025-07-21 05:15:16 [WARNING] GripperOptimized:fast_loop:492 - 主循環執行時間過長: 31.0ms
2025-07-21 05:15:21 [WARNING] GripperOptimized:fast_loop:492 - 主循環執行時間過長: 31.6ms
2025-07-21 05:15:23 [WARNING] GripperOptimized:fast_loop:492 - 主循環執行時間過長: 30.3ms
2025-07-21 05:15:28 [WARNING] GripperOptimized:fast_loop:492 - 主循環執行時間過長: 30.2ms
2025-07-21 05:15:35 [INFO] GripperOptimized:fast_loop:484 - 性能統計: 循環=1006000, 平均耗時=12.5ms, 最大耗時=81.3ms, 指令數=59
2025-07-21 05:15:41 [WARNING] GripperOptimized:fast_loop:492 - 主循環執行時間過長: 31.8ms
2025-07-21 05:15:43 [WARNING] GripperOptimized:fast_loop:492 - 主循環執行時間過長: 31.7ms
2025-07-21 05:15:51 [WARNING] GripperOptimized:fast_loop:492 - 主循環執行時間過長: 30.5ms
2025-07-21 05:15:55 [INFO] GripperOptimized:fast_loop:484 - 性能統計: 循環=1007000, 平均耗時=13.8ms, 最大耗時=81.3ms, 指令數=59
2025-07-21 05:16:04 [WARNING] GripperOptimized:fast_loop:492 - 主循環執行時間過長: 30.0ms
2025-07-21 05:16:09 [WARNING] GripperOptimized:fast_loop:492 - 主循環執行時間過長: 32.7ms
2025-07-21 05:16:16 [INFO] GripperOptimized:fast_loop:484 - 性能統計: 循環=1008000, 平均耗時=13.4ms, 最大耗時=81.3ms, 指令數=59
2025-07-21 05:16:23 [WARNING] GripperOptimized:fast_loop:492 - 主循環執行時間過長: 30.1ms
2025-07-21 05:16:30 [WARNING] GripperOptimized:fast_loop:492 - 主循環執行時間過長: 32.3ms
2025-07-21 05:16:31 [WARNING] GripperOptimized:fast_loop:492 - 主循環執行時間過長: 31.6ms
2025-07-21 05:16:37 [INFO] GripperOptimized:fast_loop:484 - 性能統計: 循環=1009000, 平均耗時=13.5ms, 最大耗時=81.3ms, 指令數=59
2025-07-21 05:16:38 [WARNING] GripperOptimized:fast_loop:492 - 主循環執行時間過長: 30.1ms
2025-07-21 05:16:43 [WARNING] GripperOptimized:fast_loop:492 - 主循環執行時間過長: 30.2ms
2025-07-21 05:16:58 [INFO] GripperOptimized:fast_loop:484 - 性能統計: 循環=1010000, 平均耗時=13.6ms, 最大耗時=81.3ms, 指令數=59
2025-07-21 05:16:58 [WARNING] GripperOptimized:fast_loop:492 - 主循環執行時間過長: 30.4ms
2025-07-21 05:17:03 [WARNING] GripperOptimized:fast_loop:492 - 主循環執行時間過長: 37.8ms
2025-07-21 05:17:05 [WARNING] GripperOptimized:fast_loop:492 - 主循環執行時間過長: 30.2ms
2025-07-21 05:17:19 [INFO] GripperOptimized:fast_loop:484 - 性能統計: 循環=1011000, 平均耗時=14.1ms, 最大耗時=81.3ms, 指令數=59
2025-07-21 05:17:32 [WARNING] GripperOptimized:fast_loop:492 - 主循環執行時間過長: 31.0ms
2025-07-21 05:17:39 [INFO] GripperOptimized:fast_loop:484 - 性能統計: 循環=1012000, 平均耗時=14.2ms, 最大耗時=81.3ms, 指令數=59
2025-07-21 05:18:00 [INFO] GripperOptimized:fast_loop:484 - 性能統計: 循環=1013000, 平均耗時=13.4ms, 最大耗時=81.3ms, 指令數=59
2025-07-21 05:18:21 [INFO] GripperOptimized:fast_loop:484 - 性能統計: 循環=1014000, 平均耗時=13.0ms, 最大耗時=81.3ms, 指令數=59
2025-07-21 05:18:35 [WARNING] GripperOptimized:fast_loop:492 - 主循環執行時間過長: 30.5ms
2025-07-21 05:18:40 [WARNING] GripperOptimized:fast_loop:492 - 主循環執行時間過長: 30.4ms
2025-07-21 05:18:42 [INFO] GripperOptimized:fast_loop:484 - 性能統計: 循環=1015000, 平均耗時=12.9ms, 最大耗時=81.3ms, 指令數=59
2025-07-21 05:19:02 [INFO] GripperOptimized:fast_loop:484 - 性能統計: 循環=1016000, 平均耗時=13.4ms, 最大耗時=81.3ms, 指令數=59
2025-07-21 05:19:04 [WARNING] GripperOptimized:fast_loop:492 - 主循環執行時間過長: 36.5ms
2025-07-21 05:19:07 [WARNING] GripperOptimized:fast_loop:492 - 主循環執行時間過長: 30.8ms
2025-07-21 05:19:12 [WARNING] GripperOptimized:fast_loop:492 - 主循環執行時間過長: 30.3ms
2025-07-21 05:19:23 [INFO] GripperOptimized:fast_loop:484 - 性能統計: 循環=1017000, 平均耗時=13.5ms, 最大耗時=81.3ms, 指令數=59
2025-07-21 05:19:28 [WARNING] GripperOptimized:fast_loop:492 - 主循環執行時間過長: 31.9ms
2025-07-21 05:19:40 [WARNING] GripperOptimized:fast_loop:492 - 主循環執行時間過長: 30.2ms
2025-07-21 05:19:42 [WARNING] GripperOptimized:fast_loop:492 - 主循環執行時間過長: 30.1ms
2025-07-21 05:19:44 [INFO] GripperOptimized:fast_loop:484 - 性能統計: 循環=1018000, 平均耗時=13.9ms, 最大耗時=81.3ms, 指令數=59
2025-07-21 05:19:45 [WARNING] GripperOptimized:fast_loop:492 - 主循環執行時間過長: 30.7ms
2025-07-21 05:19:48 [WARNING] GripperOptimized:fast_loop:492 - 主循環執行時間過長: 30.8ms
2025-07-21 05:20:02 [WARNING] GripperOptimized:fast_loop:492 - 主循環執行時間過長: 30.3ms
2025-07-21 05:20:05 [INFO] GripperOptimized:fast_loop:484 - 性能統計: 循環=1019000, 平均耗時=12.9ms, 最大耗時=81.3ms, 指令數=59
2025-07-21 05:20:11 [WARNING] GripperOptimized:fast_loop:492 - 主循環執行時間過長: 31.3ms
2025-07-21 05:20:17 [WARNING] GripperOptimized:fast_loop:492 - 主循環執行時間過長: 30.4ms
2025-07-21 05:20:24 [WARNING] GripperOptimized:fast_loop:492 - 主循環執行時間過長: 30.7ms
2025-07-21 05:20:25 [WARNING] GripperOptimized:fast_loop:492 - 主循環執行時間過長: 37.6ms
2025-07-21 05:20:26 [INFO] GripperOptimized:fast_loop:484 - 性能統計: 循環=1020000, 平均耗時=13.1ms, 最大耗時=81.3ms, 指令數=59
2025-07-21 05:20:37 [WARNING] GripperOptimized:fast_loop:492 - 主循環執行時間過長: 31.2ms
2025-07-21 05:20:44 [WARNING] GripperOptimized:fast_loop:492 - 主循環執行時間過長: 36.2ms
2025-07-21 05:20:46 [INFO] GripperOptimized:fast_loop:484 - 性能統計: 循環=1021000, 平均耗時=12.9ms, 最大耗時=81.3ms, 指令數=59
2025-07-21 05:21:03 [WARNING] GripperOptimized:fast_loop:492 - 主循環執行時間過長: 31.9ms
2025-07-21 05:21:07 [INFO] GripperOptimized:fast_loop:484 - 性能統計: 循環=1022000, 平均耗時=12.8ms, 最大耗時=81.3ms, 指令數=59
2025-07-21 05:21:28 [INFO] GripperOptimized:fast_loop:484 - 性能統計: 循環=1023000, 平均耗時=13.4ms, 最大耗時=81.3ms, 指令數=59
2025-07-21 05:21:46 [WARNING] GripperOptimized:fast_loop:492 - 主循環執行時間過長: 30.1ms
2025-07-21 05:21:49 [INFO] GripperOptimized:fast_loop:484 - 性能統計: 循環=1024000, 平均耗時=13.8ms, 最大耗時=81.3ms, 指令數=59
2025-07-21 05:21:56 [WARNING] GripperOptimized:fast_loop:492 - 主循環執行時間過長: 30.9ms
2025-07-21 05:22:00 [WARNING] GripperOptimized:fast_loop:492 - 主循環執行時間過長: 31.2ms
2025-07-21 05:22:10 [INFO] GripperOptimized:fast_loop:484 - 性能統計: 循環=1025000, 平均耗時=13.3ms, 最大耗時=81.3ms, 指令數=59
2025-07-21 05:22:14 [WARNING] GripperOptimized:fast_loop:492 - 主循環執行時間過長: 32.0ms
2025-07-21 05:22:30 [INFO] GripperOptimized:fast_loop:484 - 性能統計: 循環=1026000, 平均耗時=13.8ms, 最大耗時=81.3ms, 指令數=59
2025-07-21 05:22:35 [WARNING] GripperOptimized:fast_loop:492 - 主循環執行時間過長: 35.1ms
2025-07-21 05:22:39 [WARNING] GripperOptimized:fast_loop:492 - 主循環執行時間過長: 30.1ms
2025-07-21 05:22:44 [WARNING] GripperOptimized:fast_loop:492 - 主循環執行時間過長: 31.2ms
2025-07-21 05:22:45 [WARNING] GripperOptimized:fast_loop:492 - 主循環執行時間過長: 31.1ms
2025-07-21 05:22:51 [INFO] GripperOptimized:fast_loop:484 - 性能統計: 循環=1027000, 平均耗時=12.5ms, 最大耗時=81.3ms, 指令數=59
2025-07-21 05:22:53 [WARNING] GripperOptimized:fast_loop:492 - 主循環執行時間過長: 30.6ms
2025-07-21 05:23:12 [INFO] GripperOptimized:fast_loop:484 - 性能統計: 循環=1028000, 平均耗時=13.0ms, 最大耗時=81.3ms, 指令數=59
2025-07-21 05:23:14 [WARNING] GripperOptimized:fast_loop:492 - 主循環執行時間過長: 30.8ms
2025-07-21 05:23:15 [WARNING] GripperOptimized:fast_loop:492 - 主循環執行時間過長: 30.7ms
2025-07-21 05:23:21 [WARNING] GripperOptimized:fast_loop:492 - 主循環執行時間過長: 35.9ms
2025-07-21 05:23:23 [WARNING] GripperOptimized:fast_loop:492 - 主循環執行時間過長: 30.6ms
2025-07-21 05:23:33 [INFO] GripperOptimized:fast_loop:484 - 性能統計: 循環=1029000, 平均耗時=12.8ms, 最大耗時=81.3ms, 指令數=59
2025-07-21 05:23:40 [WARNING] GripperOptimized:fast_loop:492 - 主循環執行時間過長: 30.5ms
2025-07-21 05:23:44 [WARNING] GripperOptimized:fast_loop:492 - 主循環執行時間過長: 30.7ms
2025-07-21 05:23:54 [INFO] GripperOptimized:fast_loop:484 - 性能統計: 循環=1030000, 平均耗時=13.6ms, 最大耗時=81.3ms, 指令數=59
2025-07-21 05:24:00 [WARNING] GripperOptimized:fast_loop:492 - 主循環執行時間過長: 30.4ms
2025-07-21 05:24:11 [WARNING] GripperOptimized:fast_loop:492 - 主循環執行時間過長: 30.7ms
2025-07-21 05:24:13 [WARNING] GripperOptimized:fast_loop:492 - 主循環執行時間過長: 31.3ms
2025-07-21 05:24:14 [INFO] GripperOptimized:fast_loop:484 - 性能統計: 循環=1031000, 平均耗時=13.3ms, 最大耗時=81.3ms, 指令數=59
2025-07-21 05:24:30 [WARNING] GripperOptimized:fast_loop:492 - 主循環執行時間過長: 31.2ms
2025-07-21 05:24:35 [INFO] GripperOptimized:fast_loop:484 - 性能統計: 循環=1032000, 平均耗時=13.4ms, 最大耗時=81.3ms, 指令數=59
2025-07-21 05:24:37 [WARNING] GripperOptimized:fast_loop:492 - 主循環執行時間過長: 31.3ms
2025-07-21 05:24:53 [WARNING] GripperOptimized:fast_loop:492 - 主循環執行時間過長: 31.1ms
2025-07-21 05:24:56 [INFO] GripperOptimized:fast_loop:484 - 性能統計: 循環=1033000, 平均耗時=13.7ms, 最大耗時=81.3ms, 指令數=59
2025-07-21 05:24:58 [WARNING] GripperOptimized:fast_loop:492 - 主循環執行時間過長: 30.3ms
2025-07-21 05:25:08 [WARNING] GripperOptimized:fast_loop:492 - 主循環執行時間過長: 30.1ms
2025-07-21 05:25:11 [WARNING] GripperOptimized:fast_loop:492 - 主循環執行時間過長: 30.2ms
2025-07-21 05:25:17 [INFO] GripperOptimized:fast_loop:484 - 性能統計: 循環=1034000, 平均耗時=12.6ms, 最大耗時=81.3ms, 指令數=59
2025-07-21 05:25:17 [WARNING] GripperOptimized:fast_loop:492 - 主循環執行時間過長: 30.3ms
2025-07-21 05:25:23 [WARNING] GripperOptimized:fast_loop:492 - 主循環執行時間過長: 30.2ms
2025-07-21 05:25:31 [WARNING] GripperOptimized:fast_loop:492 - 主循環執行時間過長: 30.6ms
2025-07-21 05:25:38 [INFO] GripperOptimized:fast_loop:484 - 性能統計: 循環=1035000, 平均耗時=14.3ms, 最大耗時=81.3ms, 指令數=59
2025-07-21 05:25:38 [WARNING] GripperOptimized:fast_loop:492 - 主循環執行時間過長: 30.7ms
2025-07-21 05:25:41 [WARNING] GripperOptimized:fast_loop:492 - 主循環執行時間過長: 30.4ms
2025-07-21 05:25:54 [WARNING] GripperOptimized:fast_loop:492 - 主循環執行時間過長: 30.2ms
2025-07-21 05:25:58 [INFO] GripperOptimized:fast_loop:484 - 性能統計: 循環=1036000, 平均耗時=13.2ms, 最大耗時=81.3ms, 指令數=59
2025-07-21 05:26:19 [INFO] GripperOptimized:fast_loop:484 - 性能統計: 循環=1037000, 平均耗時=13.9ms, 最大耗時=81.3ms, 指令數=59
2025-07-21 05:26:20 [WARNING] GripperOptimized:fast_loop:492 - 主循環執行時間過長: 30.6ms
2025-07-21 05:26:22 [WARNING] GripperOptimized:fast_loop:492 - 主循環執行時間過長: 30.6ms
2025-07-21 05:26:24 [WARNING] GripperOptimized:fast_loop:492 - 主循環執行時間過長: 31.9ms
2025-07-21 05:26:38 [WARNING] GripperOptimized:fast_loop:492 - 主循環執行時間過長: 31.2ms
2025-07-21 05:26:40 [INFO] GripperOptimized:fast_loop:484 - 性能統計: 循環=1038000, 平均耗時=12.1ms, 最大耗時=81.3ms, 指令數=59
2025-07-21 05:26:42 [WARNING] GripperOptimized:fast_loop:492 - 主循環執行時間過長: 30.1ms
2025-07-21 05:26:48 [WARNING] GripperOptimized:fast_loop:492 - 主循環執行時間過長: 30.3ms
2025-07-21 05:27:01 [INFO] GripperOptimized:fast_loop:484 - 性能統計: 循環=1039000, 平均耗時=13.0ms, 最大耗時=81.3ms, 指令數=59
2025-07-21 05:27:06 [WARNING] GripperOptimized:fast_loop:492 - 主循環執行時間過長: 30.4ms
2025-07-21 05:27:07 [WARNING] GripperOptimized:fast_loop:492 - 主循環執行時間過長: 31.8ms
2025-07-21 05:27:10 [WARNING] GripperOptimized:fast_loop:492 - 主循環執行時間過長: 30.6ms
2025-07-21 05:27:22 [INFO] GripperOptimized:fast_loop:484 - 性能統計: 循環=1040000, 平均耗時=13.4ms, 最大耗時=81.3ms, 指令數=59
2025-07-21 05:27:24 [WARNING] GripperOptimized:fast_loop:492 - 主循環執行時間過長: 31.4ms
2025-07-21 05:27:26 [WARNING] GripperOptimized:fast_loop:492 - 主循環執行時間過長: 31.0ms
2025-07-21 05:27:28 [WARNING] GripperOptimized:fast_loop:492 - 主循環執行時間過長: 30.1ms
2025-07-21 05:27:30 [WARNING] GripperOptimized:fast_loop:492 - 主循環執行時間過長: 31.6ms
2025-07-21 05:27:32 [WARNING] GripperOptimized:fast_loop:492 - 主循環執行時間過長: 31.9ms
2025-07-21 05:27:42 [INFO] GripperOptimized:fast_loop:484 - 性能統計: 循環=1041000, 平均耗時=13.0ms, 最大耗時=81.3ms, 指令數=59
2025-07-21 05:27:42 [WARNING] GripperOptimized:fast_loop:492 - 主循環執行時間過長: 30.3ms
2025-07-21 05:27:49 [WARNING] GripperOptimized:fast_loop:492 - 主循環執行時間過長: 31.7ms
2025-07-21 05:27:55 [WARNING] GripperOptimized:fast_loop:492 - 主循環執行時間過長: 30.4ms
2025-07-21 05:27:59 [WARNING] GripperOptimized:fast_loop:492 - 主循環執行時間過長: 31.5ms
2025-07-21 05:28:00 [WARNING] GripperOptimized:fast_loop:492 - 主循環執行時間過長: 30.8ms
2025-07-21 05:28:02 [WARNING] GripperOptimized:fast_loop:492 - 主循環執行時間過長: 33.3ms
2025-07-21 05:28:03 [INFO] GripperOptimized:fast_loop:484 - 性能統計: 循環=1042000, 平均耗時=13.1ms, 最大耗時=81.3ms, 指令數=59
2025-07-21 05:28:03 [WARNING] GripperOptimized:fast_loop:492 - 主循環執行時間過長: 37.7ms
2025-07-21 05:28:23 [WARNING] GripperOptimized:fast_loop:492 - 主循環執行時間過長: 31.4ms
2025-07-21 05:28:24 [INFO] GripperOptimized:fast_loop:484 - 性能統計: 循環=1043000, 平均耗時=13.2ms, 最大耗時=81.3ms, 指令數=59
2025-07-21 05:28:28 [WARNING] GripperOptimized:fast_loop:492 - 主循環執行時間過長: 30.7ms
2025-07-21 05:28:29 [WARNING] GripperOptimized:fast_loop:492 - 主循環執行時間過長: 30.7ms
2025-07-21 05:28:31 [WARNING] GripperOptimized:fast_loop:492 - 主循環執行時間過長: 30.8ms
2025-07-21 05:28:35 [WARNING] GripperOptimized:fast_loop:492 - 主循環執行時間過長: 31.6ms
2025-07-21 05:28:38 [WARNING] GripperOptimized:fast_loop:492 - 主循環執行時間過長: 30.6ms
2025-07-21 05:28:45 [INFO] GripperOptimized:fast_loop:484 - 性能統計: 循環=1044000, 平均耗時=13.7ms, 最大耗時=81.3ms, 指令數=59
2025-07-21 05:28:50 [WARNING] GripperOptimized:fast_loop:492 - 主循環執行時間過長: 32.3ms
2025-07-21 05:29:05 [INFO] GripperOptimized:fast_loop:484 - 性能統計: 循環=1045000, 平均耗時=13.3ms, 最大耗時=81.3ms, 指令數=59
2025-07-21 05:29:20 [WARNING] GripperOptimized:fast_loop:492 - 主循環執行時間過長: 31.2ms
2025-07-21 05:29:26 [INFO] GripperOptimized:fast_loop:484 - 性能統計: 循環=1046000, 平均耗時=13.1ms, 最大耗時=81.3ms, 指令數=59
2025-07-21 05:29:27 [WARNING] GripperOptimized:fast_loop:492 - 主循環執行時間過長: 30.9ms
2025-07-21 05:29:30 [WARNING] GripperOptimized:fast_loop:492 - 主循環執行時間過長: 30.1ms
2025-07-21 05:29:44 [WARNING] GripperOptimized:fast_loop:492 - 主循環執行時間過長: 31.5ms
2025-07-21 05:29:47 [INFO] GripperOptimized:fast_loop:484 - 性能統計: 循環=1047000, 平均耗時=12.5ms, 最大耗時=81.3ms, 指令數=59
2025-07-21 05:29:57 [WARNING] GripperOptimized:fast_loop:492 - 主循環執行時間過長: 32.0ms
2025-07-21 05:30:08 [INFO] GripperOptimized:fast_loop:484 - 性能統計: 循環=1048000, 平均耗時=13.4ms, 最大耗時=81.3ms, 指令數=59
2025-07-21 05:30:13 [WARNING] GripperOptimized:fast_loop:492 - 主循環執行時間過長: 30.4ms
2025-07-21 05:30:16 [WARNING] GripperOptimized:fast_loop:492 - 主循環執行時間過長: 30.5ms
2025-07-21 05:30:18 [WARNING] GripperOptimized:fast_loop:492 - 主循環執行時間過長: 30.8ms
2025-07-21 05:30:27 [WARNING] GripperOptimized:fast_loop:492 - 主循環執行時間過長: 30.2ms
2025-07-21 05:30:29 [INFO] GripperOptimized:fast_loop:484 - 性能統計: 循環=1049000, 平均耗時=13.6ms, 最大耗時=81.3ms, 指令數=59
2025-07-21 05:30:41 [WARNING] GripperOptimized:fast_loop:492 - 主循環執行時間過長: 33.1ms
2025-07-21 05:30:46 [WARNING] GripperOptimized:fast_loop:492 - 主循環執行時間過長: 30.4ms
2025-07-21 05:30:49 [INFO] GripperOptimized:fast_loop:484 - 性能統計: 循環=1050000, 平均耗時=13.3ms, 最大耗時=81.3ms, 指令數=59
2025-07-21 05:30:49 [WARNING] GripperOptimized:fast_loop:492 - 主循環執行時間過長: 30.5ms
2025-07-21 05:31:01 [WARNING] GripperOptimized:fast_loop:492 - 主循環執行時間過長: 31.5ms
2025-07-21 05:31:10 [INFO] GripperOptimized:fast_loop:484 - 性能統計: 循環=1051000, 平均耗時=12.7ms, 最大耗時=81.3ms, 指令數=59
2025-07-21 05:31:17 [WARNING] GripperOptimized:fast_loop:492 - 主循環執行時間過長: 30.4ms
2025-07-21 05:31:21 [WARNING] GripperOptimized:fast_loop:492 - 主循環執行時間過長: 31.8ms
2025-07-21 05:31:31 [INFO] GripperOptimized:fast_loop:484 - 性能統計: 循環=1052000, 平均耗時=14.2ms, 最大耗時=81.3ms, 指令數=59
2025-07-21 05:31:31 [WARNING] GripperOptimized:fast_loop:492 - 主循環執行時間過長: 30.3ms
2025-07-21 05:31:36 [WARNING] GripperOptimized:fast_loop:492 - 主循環執行時間過長: 30.4ms
2025-07-21 05:31:41 [WARNING] GripperOptimized:fast_loop:492 - 主循環執行時間過長: 30.1ms
2025-07-21 05:31:47 [WARNING] GripperOptimized:fast_loop:492 - 主循環執行時間過長: 30.1ms
2025-07-21 05:31:52 [INFO] GripperOptimized:fast_loop:484 - 性能統計: 循環=1053000, 平均耗時=12.8ms, 最大耗時=81.3ms, 指令數=59
2025-07-21 05:31:53 [WARNING] GripperOptimized:fast_loop:492 - 主循環執行時間過長: 31.7ms
2025-07-21 05:31:57 [WARNING] GripperOptimized:fast_loop:492 - 主循環執行時間過長: 32.1ms
2025-07-21 05:32:08 [WARNING] GripperOptimized:fast_loop:492 - 主循環執行時間過長: 30.6ms
2025-07-21 05:32:13 [INFO] GripperOptimized:fast_loop:484 - 性能統計: 循環=1054000, 平均耗時=13.5ms, 最大耗時=81.3ms, 指令數=59
2025-07-21 05:32:16 [WARNING] GripperOptimized:fast_loop:492 - 主循環執行時間過長: 30.1ms
2025-07-21 05:32:24 [WARNING] GripperOptimized:fast_loop:492 - 主循環執行時間過長: 30.5ms
2025-07-21 05:32:27 [WARNING] GripperOptimized:fast_loop:492 - 主循環執行時間過長: 33.1ms
2025-07-21 05:32:33 [INFO] GripperOptimized:fast_loop:484 - 性能統計: 循環=1055000, 平均耗時=13.5ms, 最大耗時=81.3ms, 指令數=59
2025-07-21 05:32:41 [WARNING] GripperOptimized:fast_loop:492 - 主循環執行時間過長: 32.3ms
2025-07-21 05:32:46 [WARNING] GripperOptimized:fast_loop:492 - 主循環執行時間過長: 30.7ms
2025-07-21 05:32:47 [WARNING] GripperOptimized:fast_loop:492 - 主循環執行時間過長: 31.8ms
2025-07-21 05:32:54 [INFO] GripperOptimized:fast_loop:484 - 性能統計: 循環=1056000, 平均耗時=12.5ms, 最大耗時=81.3ms, 指令數=59
2025-07-21 05:33:05 [WARNING] GripperOptimized:fast_loop:492 - 主循環執行時間過長: 31.4ms
2025-07-21 05:33:07 [WARNING] GripperOptimized:fast_loop:492 - 主循環執行時間過長: 32.5ms
2025-07-21 05:33:15 [INFO] GripperOptimized:fast_loop:484 - 性能統計: 循環=1057000, 平均耗時=13.9ms, 最大耗時=81.3ms, 指令數=59
2025-07-21 05:33:24 [WARNING] GripperOptimized:fast_loop:492 - 主循環執行時間過長: 31.4ms
2025-07-21 05:33:32 [WARNING] GripperOptimized:fast_loop:492 - 主循環執行時間過長: 30.9ms
2025-07-21 05:33:36 [INFO] GripperOptimized:fast_loop:484 - 性能統計: 循環=1058000, 平均耗時=13.7ms, 最大耗時=81.3ms, 指令數=59
2025-07-21 05:33:57 [INFO] GripperOptimized:fast_loop:484 - 性能統計: 循環=1059000, 平均耗時=13.5ms, 最大耗時=81.3ms, 指令數=59
2025-07-21 05:34:00 [WARNING] GripperOptimized:fast_loop:492 - 主循環執行時間過長: 30.7ms
2025-07-21 05:34:08 [WARNING] GripperOptimized:fast_loop:492 - 主循環執行時間過長: 30.6ms
2025-07-21 05:34:17 [INFO] GripperOptimized:fast_loop:484 - 性能統計: 循環=1060000, 平均耗時=13.3ms, 最大耗時=81.3ms, 指令數=59
2025-07-21 05:34:17 [WARNING] GripperOptimized:fast_loop:492 - 主循環執行時間過長: 30.1ms
2025-07-21 05:34:25 [WARNING] GripperOptimized:fast_loop:492 - 主循環執行時間過長: 30.2ms
2025-07-21 05:34:30 [WARNING] GripperOptimized:fast_loop:492 - 主循環執行時間過長: 31.0ms
2025-07-21 05:34:31 [WARNING] GripperOptimized:fast_loop:492 - 主循環執行時間過長: 30.6ms
2025-07-21 05:34:38 [INFO] GripperOptimized:fast_loop:484 - 性能統計: 循環=1061000, 平均耗時=13.0ms, 最大耗時=81.3ms, 指令數=59
2025-07-21 05:34:39 [WARNING] GripperOptimized:fast_loop:492 - 主循環執行時間過長: 31.7ms
2025-07-21 05:34:40 [WARNING] GripperOptimized:fast_loop:492 - 主循環執行時間過長: 31.1ms
2025-07-21 05:34:54 [WARNING] GripperOptimized:fast_loop:492 - 主循環執行時間過長: 31.6ms
2025-07-21 05:34:56 [WARNING] GripperOptimized:fast_loop:492 - 主循環執行時間過長: 31.4ms
2025-07-21 05:34:59 [INFO] GripperOptimized:fast_loop:484 - 性能統計: 循環=1062000, 平均耗時=13.5ms, 最大耗時=81.3ms, 指令數=59
2025-07-21 05:35:02 [WARNING] GripperOptimized:fast_loop:492 - 主循環執行時間過長: 32.8ms
2025-07-21 05:35:09 [WARNING] GripperOptimized:fast_loop:492 - 主循環執行時間過長: 30.0ms
2025-07-21 05:35:16 [WARNING] GripperOptimized:fast_loop:492 - 主循環執行時間過長: 32.0ms
2025-07-21 05:35:18 [WARNING] GripperOptimized:fast_loop:492 - 主循環執行時間過長: 30.4ms
2025-07-21 05:35:20 [INFO] GripperOptimized:fast_loop:484 - 性能統計: 循環=1063000, 平均耗時=13.1ms, 最大耗時=81.3ms, 指令數=59
2025-07-21 05:35:41 [INFO] GripperOptimized:fast_loop:484 - 性能統計: 循環=1064000, 平均耗時=13.1ms, 最大耗時=81.3ms, 指令數=59
2025-07-21 05:35:47 [WARNING] GripperOptimized:fast_loop:492 - 主循環執行時間過長: 32.4ms
2025-07-21 05:35:53 [WARNING] GripperOptimized:fast_loop:492 - 主循環執行時間過長: 31.5ms
2025-07-21 05:35:55 [WARNING] GripperOptimized:fast_loop:492 - 主循環執行時間過長: 30.9ms
2025-07-21 05:35:58 [WARNING] GripperOptimized:fast_loop:492 - 主循環執行時間過長: 31.8ms
2025-07-21 05:36:01 [INFO] GripperOptimized:fast_loop:484 - 性能統計: 循環=1065000, 平均耗時=13.2ms, 最大耗時=81.3ms, 指令數=59
2025-07-21 05:36:01 [WARNING] GripperOptimized:fast_loop:492 - 主循環執行時間過長: 33.4ms
2025-07-21 05:36:08 [WARNING] GripperOptimized:fast_loop:492 - 主循環執行時間過長: 31.3ms
2025-07-21 05:36:10 [WARNING] GripperOptimized:fast_loop:492 - 主循環執行時間過長: 33.3ms
2025-07-21 05:36:16 [WARNING] GripperOptimized:fast_loop:492 - 主循環執行時間過長: 32.2ms
2025-07-21 05:36:18 [WARNING] GripperOptimized:fast_loop:492 - 主循環執行時間過長: 30.1ms
2025-07-21 05:36:19 [WARNING] GripperOptimized:fast_loop:492 - 主循環執行時間過長: 30.3ms
2025-07-21 05:36:21 [WARNING] GripperOptimized:fast_loop:492 - 主循環執行時間過長: 30.9ms
2025-07-21 05:36:22 [INFO] GripperOptimized:fast_loop:484 - 性能統計: 循環=1066000, 平均耗時=13.9ms, 最大耗時=81.3ms, 指令數=59
2025-07-21 05:36:23 [WARNING] GripperOptimized:fast_loop:492 - 主循環執行時間過長: 32.4ms
2025-07-21 05:36:25 [WARNING] GripperOptimized:fast_loop:492 - 主循環執行時間過長: 31.0ms
2025-07-21 05:36:26 [WARNING] GripperOptimized:fast_loop:492 - 主循環執行時間過長: 30.7ms
2025-07-21 05:36:30 [WARNING] GripperOptimized:fast_loop:492 - 主循環執行時間過長: 30.1ms
2025-07-21 05:36:35 [WARNING] GripperOptimized:fast_loop:492 - 主循環執行時間過長: 31.1ms
2025-07-21 05:36:43 [INFO] GripperOptimized:fast_loop:484 - 性能統計: 循環=1067000, 平均耗時=12.4ms, 最大耗時=81.3ms, 指令數=59
2025-07-21 05:36:48 [WARNING] GripperOptimized:fast_loop:492 - 主循環執行時間過長: 30.7ms
2025-07-21 05:36:56 [WARNING] GripperOptimized:fast_loop:492 - 主循環執行時間過長: 30.9ms
2025-07-21 05:37:04 [INFO] GripperOptimized:fast_loop:484 - 性能統計: 循環=1068000, 平均耗時=14.1ms, 最大耗時=81.3ms, 指令數=59
2025-07-21 05:37:09 [WARNING] GripperOptimized:fast_loop:492 - 主循環執行時間過長: 31.8ms
2025-07-21 05:37:11 [WARNING] GripperOptimized:fast_loop:492 - 主循環執行時間過長: 31.8ms
2025-07-21 05:37:13 [WARNING] GripperOptimized:fast_loop:492 - 主循環執行時間過長: 31.7ms
2025-07-21 05:37:24 [INFO] GripperOptimized:fast_loop:484 - 性能統計: 循環=1069000, 平均耗時=13.8ms, 最大耗時=81.3ms, 指令數=59
2025-07-21 05:37:24 [WARNING] GripperOptimized:fast_loop:492 - 主循環執行時間過長: 31.2ms
2025-07-21 05:37:27 [WARNING] GripperOptimized:fast_loop:492 - 主循環執行時間過長: 30.8ms
2025-07-21 05:37:31 [WARNING] GripperOptimized:fast_loop:492 - 主循環執行時間過長: 31.2ms
2025-07-21 05:37:41 [WARNING] GripperOptimized:fast_loop:492 - 主循環執行時間過長: 31.6ms
2025-07-21 05:37:45 [INFO] GripperOptimized:fast_loop:484 - 性能統計: 循環=1070000, 平均耗時=12.8ms, 最大耗時=81.3ms, 指令數=59
2025-07-21 05:37:49 [WARNING] GripperOptimized:fast_loop:492 - 主循環執行時間過長: 31.1ms
2025-07-21 05:37:53 [WARNING] GripperOptimized:fast_loop:492 - 主循環執行時間過長: 30.7ms
2025-07-21 05:37:56 [WARNING] GripperOptimized:fast_loop:492 - 主循環執行時間過長: 32.3ms
2025-07-21 05:38:02 [WARNING] GripperOptimized:fast_loop:492 - 主循環執行時間過長: 31.4ms
2025-07-21 05:38:06 [INFO] GripperOptimized:fast_loop:484 - 性能統計: 循環=1071000, 平均耗時=13.4ms, 最大耗時=81.3ms, 指令數=59
2025-07-21 05:38:08 [WARNING] GripperOptimized:fast_loop:492 - 主循環執行時間過長: 30.3ms
2025-07-21 05:38:21 [WARNING] GripperOptimized:fast_loop:492 - 主循環執行時間過長: 31.6ms
2025-07-21 05:38:27 [INFO] GripperOptimized:fast_loop:484 - 性能統計: 循環=1072000, 平均耗時=13.8ms, 最大耗時=81.3ms, 指令數=59
2025-07-21 05:38:27 [WARNING] GripperOptimized:fast_loop:492 - 主循環執行時間過長: 31.4ms
2025-07-21 05:38:33 [WARNING] GripperOptimized:fast_loop:492 - 主循環執行時間過長: 30.5ms
2025-07-21 05:38:36 [WARNING] GripperOptimized:fast_loop:492 - 主循環執行時間過長: 31.7ms
2025-07-21 05:38:38 [WARNING] GripperOptimized:fast_loop:492 - 主循環執行時間過長: 32.7ms
2025-07-21 05:38:47 [WARNING] GripperOptimized:fast_loop:492 - 主循環執行時間過長: 30.3ms
2025-07-21 05:38:48 [INFO] GripperOptimized:fast_loop:484 - 性能統計: 循環=1073000, 平均耗時=14.1ms, 最大耗時=81.3ms, 指令數=59
2025-07-21 05:38:52 [WARNING] GripperOptimized:fast_loop:492 - 主循環執行時間過長: 32.9ms
2025-07-21 05:38:54 [WARNING] GripperOptimized:fast_loop:492 - 主循環執行時間過長: 30.6ms
2025-07-21 05:38:56 [WARNING] GripperOptimized:fast_loop:492 - 主循環執行時間過長: 31.8ms
2025-07-21 05:39:06 [WARNING] GripperOptimized:fast_loop:492 - 主循環執行時間過長: 30.6ms
2025-07-21 05:39:08 [INFO] GripperOptimized:fast_loop:484 - 性能統計: 循環=1074000, 平均耗時=13.0ms, 最大耗時=81.3ms, 指令數=59
2025-07-21 05:39:13 [WARNING] GripperOptimized:fast_loop:492 - 主循環執行時間過長: 31.7ms
2025-07-21 05:39:18 [WARNING] GripperOptimized:fast_loop:492 - 主循環執行時間過長: 31.3ms
2025-07-21 05:39:19 [WARNING] GripperOptimized:fast_loop:492 - 主循環執行時間過長: 31.3ms
2025-07-21 05:39:23 [WARNING] GripperOptimized:fast_loop:492 - 主循環執行時間過長: 34.1ms
2025-07-21 05:39:29 [INFO] GripperOptimized:fast_loop:484 - 性能統計: 循環=1075000, 平均耗時=13.7ms, 最大耗時=81.3ms, 指令數=59
2025-07-21 05:39:29 [WARNING] GripperOptimized:fast_loop:492 - 主循環執行時間過長: 30.7ms
2025-07-21 05:39:43 [WARNING] GripperOptimized:fast_loop:492 - 主循環執行時間過長: 30.4ms
2025-07-21 05:39:49 [WARNING] GripperOptimized:fast_loop:492 - 主循環執行時間過長: 31.2ms
2025-07-21 05:39:50 [INFO] GripperOptimized:fast_loop:484 - 性能統計: 循環=1076000, 平均耗時=13.8ms, 最大耗時=81.3ms, 指令數=59
2025-07-21 05:40:04 [WARNING] GripperOptimized:fast_loop:492 - 主循環執行時間過長: 30.2ms
2025-07-21 05:40:05 [WARNING] GripperOptimized:fast_loop:492 - 主循環執行時間過長: 31.6ms
2025-07-21 05:40:08 [WARNING] GripperOptimized:fast_loop:492 - 主循環執行時間過長: 30.9ms
2025-07-21 05:40:11 [INFO] GripperOptimized:fast_loop:484 - 性能統計: 循環=1077000, 平均耗時=13.3ms, 最大耗時=81.3ms, 指令數=59
2025-07-21 05:40:14 [WARNING] GripperOptimized:fast_loop:492 - 主循環執行時間過長: 31.9ms
2025-07-21 05:40:17 [WARNING] GripperOptimized:fast_loop:492 - 主循環執行時間過長: 30.8ms
2025-07-21 05:40:21 [WARNING] GripperOptimized:fast_loop:492 - 主循環執行時間過長: 30.7ms
2025-07-21 05:40:23 [WARNING] GripperOptimized:fast_loop:492 - 主循環執行時間過長: 31.5ms
2025-07-21 05:40:27 [WARNING] GripperOptimized:fast_loop:492 - 主循環執行時間過長: 30.0ms
2025-07-21 05:40:32 [INFO] GripperOptimized:fast_loop:484 - 性能統計: 循環=1078000, 平均耗時=13.2ms, 最大耗時=81.3ms, 指令數=59
2025-07-21 05:40:39 [WARNING] GripperOptimized:fast_loop:492 - 主循環執行時間過長: 30.5ms
2025-07-21 05:40:48 [WARNING] GripperOptimized:fast_loop:492 - 主循環執行時間過長: 32.0ms
2025-07-21 05:40:52 [INFO] GripperOptimized:fast_loop:484 - 性能統計: 循環=1079000, 平均耗時=13.1ms, 最大耗時=81.3ms, 指令數=59
2025-07-21 05:41:08 [WARNING] GripperOptimized:fast_loop:492 - 主循環執行時間過長: 31.5ms
2025-07-21 05:41:13 [INFO] GripperOptimized:fast_loop:484 - 性能統計: 循環=1080000, 平均耗時=12.9ms, 最大耗時=81.3ms, 指令數=59
2025-07-21 05:41:20 [WARNING] GripperOptimized:fast_loop:492 - 主循環執行時間過長: 30.7ms
2025-07-21 05:41:28 [WARNING] GripperOptimized:fast_loop:492 - 主循環執行時間過長: 30.2ms
2025-07-21 05:41:32 [WARNING] GripperOptimized:fast_loop:492 - 主循環執行時間過長: 32.1ms
2025-07-21 05:41:34 [INFO] GripperOptimized:fast_loop:484 - 性能統計: 循環=1081000, 平均耗時=13.0ms, 最大耗時=81.3ms, 指令數=59
2025-07-21 05:41:35 [WARNING] GripperOptimized:fast_loop:492 - 主循環執行時間過長: 30.9ms
2025-07-21 05:41:38 [WARNING] GripperOptimized:fast_loop:492 - 主循環執行時間過長: 32.8ms
2025-07-21 05:41:42 [WARNING] GripperOptimized:fast_loop:492 - 主循環執行時間過長: 31.3ms
2025-07-21 05:41:51 [WARNING] GripperOptimized:fast_loop:492 - 主循環執行時間過長: 30.2ms
2025-07-21 05:41:54 [WARNING] GripperOptimized:fast_loop:492 - 主循環執行時間過長: 30.9ms
2025-07-21 05:41:55 [INFO] GripperOptimized:fast_loop:484 - 性能統計: 循環=1082000, 平均耗時=13.3ms, 最大耗時=81.3ms, 指令數=59
2025-07-21 05:41:55 [WARNING] GripperOptimized:fast_loop:492 - 主循環執行時間過長: 30.1ms
2025-07-21 05:42:09 [WARNING] GripperOptimized:fast_loop:492 - 主循環執行時間過長: 31.2ms
2025-07-21 05:42:16 [INFO] GripperOptimized:fast_loop:484 - 性能統計: 循環=1083000, 平均耗時=14.1ms, 最大耗時=81.3ms, 指令數=59
2025-07-21 05:42:16 [WARNING] GripperOptimized:fast_loop:492 - 主循環執行時間過長: 30.6ms
2025-07-21 05:42:22 [WARNING] GripperOptimized:fast_loop:492 - 主循環執行時間過長: 30.8ms
2025-07-21 05:42:25 [WARNING] GripperOptimized:fast_loop:492 - 主循環執行時間過長: 31.2ms
2025-07-21 05:42:32 [WARNING] GripperOptimized:fast_loop:492 - 主循環執行時間過長: 30.5ms
2025-07-21 05:42:35 [WARNING] GripperOptimized:fast_loop:492 - 主循環執行時間過長: 30.3ms
2025-07-21 05:42:36 [INFO] GripperOptimized:fast_loop:484 - 性能統計: 循環=1084000, 平均耗時=13.7ms, 最大耗時=81.3ms, 指令數=59
2025-07-21 05:42:43 [WARNING] GripperOptimized:fast_loop:492 - 主循環執行時間過長: 31.9ms
2025-07-21 05:42:50 [WARNING] GripperOptimized:fast_loop:492 - 主循環執行時間過長: 31.5ms
2025-07-21 05:42:55 [WARNING] GripperOptimized:fast_loop:492 - 主循環執行時間過長: 30.1ms
2025-07-21 05:42:57 [INFO] GripperOptimized:fast_loop:484 - 性能統計: 循環=1085000, 平均耗時=13.2ms, 最大耗時=81.3ms, 指令數=59
2025-07-21 05:42:57 [WARNING] GripperOptimized:fast_loop:492 - 主循環執行時間過長: 30.5ms
2025-07-21 05:42:58 [WARNING] GripperOptimized:fast_loop:492 - 主循環執行時間過長: 31.2ms
2025-07-21 05:43:04 [WARNING] GripperOptimized:fast_loop:492 - 主循環執行時間過長: 31.4ms
2025-07-21 05:43:05 [WARNING] GripperOptimized:fast_loop:492 - 主循環執行時間過長: 30.4ms
2025-07-21 05:43:18 [INFO] GripperOptimized:fast_loop:484 - 性能統計: 循環=1086000, 平均耗時=13.3ms, 最大耗時=81.3ms, 指令數=59
2025-07-21 05:43:39 [INFO] GripperOptimized:fast_loop:484 - 性能統計: 循環=1087000, 平均耗時=13.3ms, 最大耗時=81.3ms, 指令數=59
2025-07-21 05:43:41 [WARNING] GripperOptimized:fast_loop:492 - 主循環執行時間過長: 31.3ms
2025-07-21 05:43:42 [WARNING] GripperOptimized:fast_loop:492 - 主循環執行時間過長: 30.3ms
2025-07-21 05:43:49 [WARNING] GripperOptimized:fast_loop:492 - 主循環執行時間過長: 30.1ms
2025-07-21 05:43:59 [INFO] GripperOptimized:fast_loop:484 - 性能統計: 循環=1088000, 平均耗時=13.4ms, 最大耗時=81.3ms, 指令數=59
2025-07-21 05:44:20 [INFO] GripperOptimized:fast_loop:484 - 性能統計: 循環=1089000, 平均耗時=13.2ms, 最大耗時=81.3ms, 指令數=59
2025-07-21 05:44:21 [WARNING] GripperOptimized:fast_loop:492 - 主循環執行時間過長: 30.6ms
2025-07-21 05:44:26 [WARNING] GripperOptimized:fast_loop:492 - 主循環執行時間過長: 30.6ms
2025-07-21 05:44:31 [WARNING] GripperOptimized:fast_loop:492 - 主循環執行時間過長: 34.0ms
2025-07-21 05:44:37 [WARNING] GripperOptimized:fast_loop:492 - 主循環執行時間過長: 32.7ms
2025-07-21 05:44:41 [INFO] GripperOptimized:fast_loop:484 - 性能統計: 循環=1090000, 平均耗時=12.7ms, 最大耗時=81.3ms, 指令數=59
2025-07-21 05:44:44 [WARNING] GripperOptimized:fast_loop:492 - 主循環執行時間過長: 30.3ms
2025-07-21 05:44:46 [WARNING] GripperOptimized:fast_loop:492 - 主循環執行時間過長: 30.2ms
2025-07-21 05:44:47 [WARNING] GripperOptimized:fast_loop:492 - 主循環執行時間過長: 30.7ms
2025-07-21 05:44:48 [WARNING] GripperOptimized:fast_loop:492 - 主循環執行時間過長: 31.0ms
2025-07-21 05:44:59 [WARNING] GripperOptimized:fast_loop:492 - 主循環執行時間過長: 30.8ms
2025-07-21 05:45:02 [INFO] GripperOptimized:fast_loop:484 - 性能統計: 循環=1091000, 平均耗時=12.7ms, 最大耗時=81.3ms, 指令數=59
2025-07-21 05:45:03 [WARNING] GripperOptimized:fast_loop:492 - 主循環執行時間過長: 32.9ms
2025-07-21 05:45:20 [WARNING] GripperOptimized:fast_loop:492 - 主循環執行時間過長: 30.4ms
2025-07-21 05:45:21 [WARNING] GripperOptimized:fast_loop:492 - 主循環執行時間過長: 32.8ms
2025-07-21 05:45:23 [INFO] GripperOptimized:fast_loop:484 - 性能統計: 循環=1092000, 平均耗時=13.6ms, 最大耗時=81.3ms, 指令數=59
2025-07-21 05:45:30 [WARNING] GripperOptimized:fast_loop:492 - 主循環執行時間過長: 30.6ms
2025-07-21 05:45:38 [WARNING] GripperOptimized:fast_loop:492 - 主循環執行時間過長: 31.4ms
2025-07-21 05:45:42 [WARNING] GripperOptimized:fast_loop:492 - 主循環執行時間過長: 31.2ms
2025-07-21 05:45:43 [INFO] GripperOptimized:fast_loop:484 - 性能統計: 循環=1093000, 平均耗時=12.8ms, 最大耗時=81.3ms, 指令數=59
2025-07-21 05:45:50 [WARNING] GripperOptimized:fast_loop:492 - 主循環執行時間過長: 30.9ms
2025-07-21 05:45:55 [WARNING] GripperOptimized:fast_loop:492 - 主循環執行時間過長: 30.8ms
2025-07-21 05:46:04 [INFO] GripperOptimized:fast_loop:484 - 性能統計: 循環=1094000, 平均耗時=13.7ms, 最大耗時=81.3ms, 指令數=59
2025-07-21 05:46:08 [WARNING] GripperOptimized:fast_loop:492 - 主循環執行時間過長: 32.5ms
2025-07-21 05:46:12 [WARNING] GripperOptimized:fast_loop:492 - 主循環執行時間過長: 31.4ms
2025-07-21 05:46:15 [WARNING] GripperOptimized:fast_loop:492 - 主循環執行時間過長: 32.4ms
2025-07-21 05:46:16 [WARNING] GripperOptimized:fast_loop:492 - 主循環執行時間過長: 30.0ms
2025-07-21 05:46:25 [INFO] GripperOptimized:fast_loop:484 - 性能統計: 循環=1095000, 平均耗時=12.5ms, 最大耗時=81.3ms, 指令數=59
2025-07-21 05:46:25 [WARNING] GripperOptimized:fast_loop:492 - 主循環執行時間過長: 33.7ms
2025-07-21 05:46:32 [WARNING] GripperOptimized:fast_loop:492 - 主循環執行時間過長: 30.8ms
2025-07-21 05:46:46 [INFO] GripperOptimized:fast_loop:484 - 性能統計: 循環=1096000, 平均耗時=14.0ms, 最大耗時=81.3ms, 指令數=59
2025-07-21 05:47:06 [WARNING] GripperOptimized:fast_loop:492 - 主循環執行時間過長: 32.2ms
2025-07-21 05:47:07 [INFO] GripperOptimized:fast_loop:484 - 性能統計: 循環=1097000, 平均耗時=13.3ms, 最大耗時=81.3ms, 指令數=59
2025-07-21 05:47:24 [WARNING] GripperOptimized:fast_loop:492 - 主循環執行時間過長: 31.7ms
2025-07-21 05:47:27 [INFO] GripperOptimized:fast_loop:484 - 性能統計: 循環=1098000, 平均耗時=13.5ms, 最大耗時=81.3ms, 指令數=59
2025-07-21 05:47:31 [WARNING] GripperOptimized:fast_loop:492 - 主循環執行時間過長: 31.1ms
2025-07-21 05:47:36 [WARNING] GripperOptimized:fast_loop:492 - 主循環執行時間過長: 32.8ms
2025-07-21 05:47:38 [WARNING] GripperOptimized:fast_loop:492 - 主循環執行時間過長: 30.9ms
2025-07-21 05:47:40 [WARNING] GripperOptimized:fast_loop:492 - 主循環執行時間過長: 31.6ms
2025-07-21 05:47:43 [WARNING] GripperOptimized:fast_loop:492 - 主循環執行時間過長: 30.6ms
2025-07-21 05:47:44 [WARNING] GripperOptimized:fast_loop:492 - 主循環執行時間過長: 31.3ms
2025-07-21 05:47:48 [INFO] GripperOptimized:fast_loop:484 - 性能統計: 循環=1099000, 平均耗時=13.5ms, 最大耗時=81.3ms, 指令數=59
2025-07-21 05:47:57 [WARNING] GripperOptimized:fast_loop:492 - 主循環執行時間過長: 33.7ms
2025-07-21 05:48:01 [WARNING] GripperOptimized:fast_loop:492 - 主循環執行時間過長: 31.2ms
2025-07-21 05:48:06 [WARNING] GripperOptimized:fast_loop:492 - 主循環執行時間過長: 32.4ms
2025-07-21 05:48:07 [WARNING] GripperOptimized:fast_loop:492 - 主循環執行時間過長: 30.3ms
2025-07-21 05:48:09 [INFO] GripperOptimized:fast_loop:484 - 性能統計: 循環=1100000, 平均耗時=13.0ms, 最大耗時=81.3ms, 指令數=59
2025-07-21 05:48:09 [WARNING] GripperOptimized:fast_loop:492 - 主循環執行時間過長: 30.5ms
2025-07-21 05:48:21 [WARNING] GripperOptimized:fast_loop:492 - 主循環執行時間過長: 30.6ms
2025-07-21 05:48:30 [INFO] GripperOptimized:fast_loop:484 - 性能統計: 循環=1101000, 平均耗時=13.1ms, 最大耗時=81.3ms, 指令數=59
2025-07-21 05:48:32 [WARNING] GripperOptimized:fast_loop:492 - 主循環執行時間過長: 34.9ms
2025-07-21 05:48:44 [WARNING] GripperOptimized:fast_loop:492 - 主循環執行時間過長: 30.7ms
2025-07-21 05:48:51 [INFO] GripperOptimized:fast_loop:484 - 性能統計: 循環=1102000, 平均耗時=13.6ms, 最大耗時=81.3ms, 指令數=59
2025-07-21 05:48:51 [WARNING] GripperOptimized:fast_loop:492 - 主循環執行時間過長: 31.3ms
2025-07-21 05:48:52 [WARNING] GripperOptimized:fast_loop:492 - 主循環執行時間過長: 30.7ms
2025-07-21 05:48:56 [WARNING] GripperOptimized:fast_loop:492 - 主循環執行時間過長: 30.6ms
2025-07-21 05:49:03 [WARNING] GripperOptimized:fast_loop:492 - 主循環執行時間過長: 30.8ms
2025-07-21 05:49:09 [WARNING] GripperOptimized:fast_loop:492 - 主循環執行時間過長: 31.8ms
2025-07-21 05:49:10 [WARNING] GripperOptimized:fast_loop:492 - 主循環執行時間過長: 30.1ms
2025-07-21 05:49:11 [INFO] GripperOptimized:fast_loop:484 - 性能統計: 循環=1103000, 平均耗時=12.6ms, 最大耗時=81.3ms, 指令數=59
2025-07-21 05:49:11 [WARNING] GripperOptimized:fast_loop:492 - 主循環執行時間過長: 35.9ms
2025-07-21 05:49:13 [WARNING] GripperOptimized:fast_loop:492 - 主循環執行時間過長: 31.2ms
2025-07-21 05:49:23 [WARNING] GripperOptimized:fast_loop:492 - 主循環執行時間過長: 31.3ms
2025-07-21 05:49:25 [WARNING] GripperOptimized:fast_loop:492 - 主循環執行時間過長: 32.3ms
2025-07-21 05:49:26 [WARNING] GripperOptimized:fast_loop:492 - 主循環執行時間過長: 32.9ms
2025-07-21 05:49:28 [WARNING] GripperOptimized:fast_loop:492 - 主循環執行時間過長: 32.0ms
2025-07-21 05:49:32 [INFO] GripperOptimized:fast_loop:484 - 性能統計: 循環=1104000, 平均耗時=13.6ms, 最大耗時=81.3ms, 指令數=59
2025-07-21 05:49:33 [WARNING] GripperOptimized:fast_loop:492 - 主循環執行時間過長: 30.7ms
2025-07-21 05:49:44 [WARNING] GripperOptimized:fast_loop:492 - 主循環執行時間過長: 30.8ms
2025-07-21 05:49:45 [WARNING] GripperOptimized:fast_loop:492 - 主循環執行時間過長: 31.4ms
2025-07-21 05:49:48 [WARNING] GripperOptimized:fast_loop:492 - 主循環執行時間過長: 31.9ms
2025-07-21 05:49:53 [INFO] GripperOptimized:fast_loop:484 - 性能統計: 循環=1105000, 平均耗時=12.6ms, 最大耗時=81.3ms, 指令數=59
2025-07-21 05:50:13 [WARNING] GripperOptimized:fast_loop:492 - 主循環執行時間過長: 32.0ms
2025-07-21 05:50:14 [INFO] GripperOptimized:fast_loop:484 - 性能統計: 循環=1106000, 平均耗時=12.3ms, 最大耗時=81.3ms, 指令數=59
2025-07-21 05:50:17 [WARNING] GripperOptimized:fast_loop:492 - 主循環執行時間過長: 32.2ms
2025-07-21 05:50:21 [WARNING] GripperOptimized:fast_loop:492 - 主循環執行時間過長: 30.5ms
2025-07-21 05:50:23 [WARNING] GripperOptimized:fast_loop:492 - 主循環執行時間過長: 32.3ms
2025-07-21 05:50:28 [WARNING] GripperOptimized:fast_loop:492 - 主循環執行時間過長: 32.0ms
2025-07-21 05:50:34 [WARNING] GripperOptimized:fast_loop:492 - 主循環執行時間過長: 31.8ms
2025-07-21 05:50:35 [INFO] GripperOptimized:fast_loop:484 - 性能統計: 循環=1107000, 平均耗時=12.8ms, 最大耗時=81.3ms, 指令數=59
2025-07-21 05:50:35 [WARNING] GripperOptimized:fast_loop:492 - 主循環執行時間過長: 31.5ms
2025-07-21 05:50:43 [WARNING] GripperOptimized:fast_loop:492 - 主循環執行時間過長: 30.2ms
2025-07-21 05:50:45 [WARNING] GripperOptimized:fast_loop:492 - 主循環執行時間過長: 31.4ms
2025-07-21 05:50:48 [WARNING] GripperOptimized:fast_loop:492 - 主循環執行時間過長: 30.1ms
2025-07-21 05:50:53 [WARNING] GripperOptimized:fast_loop:492 - 主循環執行時間過長: 30.5ms
2025-07-21 05:50:55 [INFO] GripperOptimized:fast_loop:484 - 性能統計: 循環=1108000, 平均耗時=13.0ms, 最大耗時=81.3ms, 指令數=59
2025-07-21 05:50:57 [WARNING] GripperOptimized:fast_loop:492 - 主循環執行時間過長: 30.4ms
2025-07-21 05:51:07 [WARNING] GripperOptimized:fast_loop:492 - 主循環執行時間過長: 30.6ms
2025-07-21 05:51:11 [WARNING] GripperOptimized:fast_loop:492 - 主循環執行時間過長: 31.1ms
2025-07-21 05:51:14 [WARNING] GripperOptimized:fast_loop:492 - 主循環執行時間過長: 30.3ms
2025-07-21 05:51:16 [INFO] GripperOptimized:fast_loop:484 - 性能統計: 循環=1109000, 平均耗時=12.7ms, 最大耗時=81.3ms, 指令數=59
2025-07-21 05:51:17 [WARNING] GripperOptimized:fast_loop:492 - 主循環執行時間過長: 30.7ms
2025-07-21 05:51:28 [WARNING] GripperOptimized:fast_loop:492 - 主循環執行時間過長: 30.9ms
2025-07-21 05:51:31 [WARNING] GripperOptimized:fast_loop:492 - 主循環執行時間過長: 32.7ms
2025-07-21 05:51:37 [INFO] GripperOptimized:fast_loop:484 - 性能統計: 循環=1110000, 平均耗時=13.4ms, 最大耗時=81.3ms, 指令數=59
2025-07-21 05:51:37 [WARNING] GripperOptimized:fast_loop:492 - 主循環執行時間過長: 30.4ms
2025-07-21 05:51:44 [WARNING] GripperOptimized:fast_loop:492 - 主循環執行時間過長: 30.6ms
2025-07-21 05:51:45 [WARNING] GripperOptimized:fast_loop:492 - 主循環執行時間過長: 30.2ms
2025-07-21 05:51:47 [WARNING] GripperOptimized:fast_loop:492 - 主循環執行時間過長: 30.4ms
2025-07-21 05:51:58 [INFO] GripperOptimized:fast_loop:484 - 性能統計: 循環=1111000, 平均耗時=13.2ms, 最大耗時=81.3ms, 指令數=59
2025-07-21 05:52:07 [WARNING] GripperOptimized:fast_loop:492 - 主循環執行時間過長: 32.5ms
2025-07-21 05:52:09 [WARNING] GripperOptimized:fast_loop:492 - 主循環執行時間過長: 30.2ms
2025-07-21 05:52:14 [WARNING] GripperOptimized:fast_loop:492 - 主循環執行時間過長: 31.8ms
2025-07-21 05:52:18 [INFO] GripperOptimized:fast_loop:484 - 性能統計: 循環=1112000, 平均耗時=13.1ms, 最大耗時=81.3ms, 指令數=59
2025-07-21 05:52:19 [WARNING] GripperOptimized:fast_loop:492 - 主循環執行時間過長: 31.9ms
2025-07-21 05:52:27 [WARNING] GripperOptimized:fast_loop:492 - 主循環執行時間過長: 31.2ms
2025-07-21 05:52:32 [WARNING] GripperOptimized:fast_loop:492 - 主循環執行時間過長: 31.4ms
2025-07-21 05:52:38 [WARNING] GripperOptimized:fast_loop:492 - 主循環執行時間過長: 31.0ms
2025-07-21 05:52:39 [INFO] GripperOptimized:fast_loop:484 - 性能統計: 循環=1113000, 平均耗時=12.8ms, 最大耗時=81.3ms, 指令數=59
2025-07-21 05:52:48 [WARNING] GripperOptimized:fast_loop:492 - 主循環執行時間過長: 32.5ms
2025-07-21 05:52:53 [WARNING] GripperOptimized:fast_loop:492 - 主循環執行時間過長: 31.7ms
2025-07-21 05:53:00 [INFO] GripperOptimized:fast_loop:484 - 性能統計: 循環=1114000, 平均耗時=13.3ms, 最大耗時=81.3ms, 指令數=59
2025-07-21 05:53:13 [WARNING] GripperOptimized:fast_loop:492 - 主循環執行時間過長: 30.5ms
2025-07-21 05:53:15 [WARNING] GripperOptimized:fast_loop:492 - 主循環執行時間過長: 31.4ms
2025-07-21 05:53:21 [INFO] GripperOptimized:fast_loop:484 - 性能統計: 循環=1115000, 平均耗時=12.9ms, 最大耗時=81.3ms, 指令數=59
2025-07-21 05:53:24 [WARNING] GripperOptimized:fast_loop:492 - 主循環執行時間過長: 32.7ms
2025-07-21 05:53:28 [WARNING] GripperOptimized:fast_loop:492 - 主循環執行時間過長: 30.4ms
2025-07-21 05:53:32 [WARNING] GripperOptimized:fast_loop:492 - 主循環執行時間過長: 31.7ms
2025-07-21 05:53:42 [INFO] GripperOptimized:fast_loop:484 - 性能統計: 循環=1116000, 平均耗時=12.9ms, 最大耗時=81.3ms, 指令數=59
2025-07-21 05:53:46 [WARNING] GripperOptimized:fast_loop:492 - 主循環執行時間過長: 30.3ms
2025-07-21 05:53:53 [WARNING] GripperOptimized:fast_loop:492 - 主循環執行時間過長: 30.9ms
2025-07-21 05:53:55 [WARNING] GripperOptimized:fast_loop:492 - 主循環執行時間過長: 30.1ms
2025-07-21 05:53:58 [WARNING] GripperOptimized:fast_loop:492 - 主循環執行時間過長: 30.5ms
2025-07-21 05:53:59 [WARNING] GripperOptimized:fast_loop:492 - 主循環執行時間過長: 30.0ms
2025-07-21 05:54:02 [INFO] GripperOptimized:fast_loop:484 - 性能統計: 循環=1117000, 平均耗時=12.9ms, 最大耗時=81.3ms, 指令數=59
2025-07-21 05:54:11 [WARNING] GripperOptimized:fast_loop:492 - 主循環執行時間過長: 30.5ms
2025-07-21 05:54:18 [WARNING] GripperOptimized:fast_loop:492 - 主循環執行時間過長: 33.3ms
2025-07-21 05:54:23 [INFO] GripperOptimized:fast_loop:484 - 性能統計: 循環=1118000, 平均耗時=13.8ms, 最大耗時=81.3ms, 指令數=59
2025-07-21 05:54:25 [WARNING] GripperOptimized:fast_loop:492 - 主循環執行時間過長: 31.1ms
2025-07-21 05:54:28 [WARNING] GripperOptimized:fast_loop:492 - 主循環執行時間過長: 30.2ms
2025-07-21 05:54:33 [WARNING] GripperOptimized:fast_loop:492 - 主循環執行時間過長: 31.9ms
2025-07-21 05:54:44 [INFO] GripperOptimized:fast_loop:484 - 性能統計: 循環=1119000, 平均耗時=13.8ms, 最大耗時=81.3ms, 指令數=59
2025-07-21 05:55:01 [WARNING] GripperOptimized:fast_loop:492 - 主循環執行時間過長: 31.0ms
2025-07-21 05:55:03 [WARNING] GripperOptimized:fast_loop:492 - 主循環執行時間過長: 30.3ms
2025-07-21 05:55:05 [INFO] GripperOptimized:fast_loop:484 - 性能統計: 循環=1120000, 平均耗時=13.5ms, 最大耗時=81.3ms, 指令數=59
2025-07-21 05:55:06 [WARNING] GripperOptimized:fast_loop:492 - 主循環執行時間過長: 30.4ms
2025-07-21 05:55:20 [WARNING] GripperOptimized:fast_loop:492 - 主循環執行時間過長: 32.2ms
2025-07-21 05:55:26 [INFO] GripperOptimized:fast_loop:484 - 性能統計: 循環=1121000, 平均耗時=13.2ms, 最大耗時=81.3ms, 指令數=59
2025-07-21 05:55:33 [WARNING] GripperOptimized:fast_loop:492 - 主循環執行時間過長: 30.4ms
2025-07-21 05:55:39 [WARNING] GripperOptimized:fast_loop:492 - 主循環執行時間過長: 30.4ms
2025-07-21 05:55:44 [WARNING] GripperOptimized:fast_loop:492 - 主循環執行時間過長: 31.2ms
2025-07-21 05:55:46 [INFO] GripperOptimized:fast_loop:484 - 性能統計: 循環=1122000, 平均耗時=13.5ms, 最大耗時=81.3ms, 指令數=59
2025-07-21 05:55:52 [WARNING] GripperOptimized:fast_loop:492 - 主循環執行時間過長: 30.9ms
2025-07-21 05:55:54 [WARNING] GripperOptimized:fast_loop:492 - 主循環執行時間過長: 31.0ms
2025-07-21 05:55:59 [WARNING] GripperOptimized:fast_loop:492 - 主循環執行時間過長: 31.0ms
2025-07-21 05:56:03 [WARNING] GripperOptimized:fast_loop:492 - 主循環執行時間過長: 30.3ms
2025-07-21 05:56:07 [INFO] GripperOptimized:fast_loop:484 - 性能統計: 循環=1123000, 平均耗時=14.1ms, 最大耗時=81.3ms, 指令數=59
2025-07-21 05:56:11 [WARNING] GripperOptimized:fast_loop:492 - 主循環執行時間過長: 32.1ms
2025-07-21 05:56:13 [WARNING] GripperOptimized:fast_loop:492 - 主循環執行時間過長: 30.5ms
2025-07-21 05:56:17 [WARNING] GripperOptimized:fast_loop:492 - 主循環執行時間過長: 31.2ms
2025-07-21 05:56:20 [WARNING] GripperOptimized:fast_loop:492 - 主循環執行時間過長: 32.3ms
2025-07-21 05:56:21 [WARNING] GripperOptimized:fast_loop:492 - 主循環執行時間過長: 30.3ms
2025-07-21 05:56:22 [WARNING] GripperOptimized:fast_loop:492 - 主循環執行時間過長: 33.3ms
2025-07-21 05:56:28 [INFO] GripperOptimized:fast_loop:484 - 性能統計: 循環=1124000, 平均耗時=12.8ms, 最大耗時=81.3ms, 指令數=59
2025-07-21 05:56:34 [WARNING] GripperOptimized:fast_loop:492 - 主循環執行時間過長: 30.5ms
2025-07-21 05:56:48 [WARNING] GripperOptimized:fast_loop:492 - 主循環執行時間過長: 30.5ms
2025-07-21 05:56:49 [INFO] GripperOptimized:fast_loop:484 - 性能統計: 循環=1125000, 平均耗時=13.5ms, 最大耗時=81.3ms, 指令數=59
2025-07-21 05:56:50 [WARNING] GripperOptimized:fast_loop:492 - 主循環執行時間過長: 30.1ms
2025-07-21 05:56:55 [WARNING] GripperOptimized:fast_loop:492 - 主循環執行時間過長: 31.2ms
2025-07-21 05:57:09 [WARNING] GripperOptimized:fast_loop:492 - 主循環執行時間過長: 30.5ms
2025-07-21 05:57:10 [INFO] GripperOptimized:fast_loop:484 - 性能統計: 循環=1126000, 平均耗時=13.4ms, 最大耗時=81.3ms, 指令數=59
2025-07-21 05:57:17 [WARNING] GripperOptimized:fast_loop:492 - 主循環執行時間過長: 31.8ms
2025-07-21 05:57:30 [INFO] GripperOptimized:fast_loop:484 - 性能統計: 循環=1127000, 平均耗時=14.0ms, 最大耗時=81.3ms, 指令數=59
2025-07-21 05:57:31 [WARNING] GripperOptimized:fast_loop:492 - 主循環執行時間過長: 30.5ms
2025-07-21 05:57:40 [WARNING] GripperOptimized:fast_loop:492 - 主循環執行時間過長: 32.8ms
2025-07-21 05:57:44 [WARNING] GripperOptimized:fast_loop:492 - 主循環執行時間過長: 30.7ms
2025-07-21 05:57:51 [INFO] GripperOptimized:fast_loop:484 - 性能統計: 循環=1128000, 平均耗時=13.7ms, 最大耗時=81.3ms, 指令數=59
2025-07-21 05:57:51 [WARNING] GripperOptimized:fast_loop:492 - 主循環執行時間過長: 30.4ms
2025-07-21 05:58:03 [WARNING] GripperOptimized:fast_loop:492 - 主循環執行時間過長: 30.8ms
2025-07-21 05:58:10 [WARNING] GripperOptimized:fast_loop:492 - 主循環執行時間過長: 31.0ms
2025-07-21 05:58:12 [INFO] GripperOptimized:fast_loop:484 - 性能統計: 循環=1129000, 平均耗時=13.9ms, 最大耗時=81.3ms, 指令數=59
2025-07-21 05:58:13 [WARNING] GripperOptimized:fast_loop:492 - 主循環執行時間過長: 30.6ms
2025-07-21 05:58:17 [WARNING] GripperOptimized:fast_loop:492 - 主循環執行時間過長: 31.0ms
2025-07-21 05:58:19 [WARNING] GripperOptimized:fast_loop:492 - 主循環執行時間過長: 31.9ms
2025-07-21 05:58:24 [WARNING] GripperOptimized:fast_loop:492 - 主循環執行時間過長: 30.4ms
2025-07-21 05:58:28 [WARNING] GripperOptimized:fast_loop:492 - 主循環執行時間過長: 33.4ms
2025-07-21 05:58:33 [INFO] GripperOptimized:fast_loop:484 - 性能統計: 循環=1130000, 平均耗時=12.6ms, 最大耗時=81.3ms, 指令數=59
2025-07-21 05:58:34 [WARNING] GripperOptimized:fast_loop:492 - 主循環執行時間過長: 30.3ms
2025-07-21 05:58:35 [WARNING] GripperOptimized:fast_loop:492 - 主循環執行時間過長: 33.8ms
2025-07-21 05:58:42 [WARNING] GripperOptimized:fast_loop:492 - 主循環執行時間過長: 31.5ms
2025-07-21 05:58:43 [WARNING] GripperOptimized:fast_loop:492 - 主循環執行時間過長: 31.3ms
2025-07-21 05:58:50 [WARNING] GripperOptimized:fast_loop:492 - 主循環執行時間過長: 31.9ms
2025-07-21 05:58:54 [INFO] GripperOptimized:fast_loop:484 - 性能統計: 循環=1131000, 平均耗時=13.6ms, 最大耗時=81.3ms, 指令數=59
2025-07-21 05:58:57 [WARNING] GripperOptimized:fast_loop:492 - 主循環執行時間過長: 30.4ms
2025-07-21 05:59:07 [WARNING] GripperOptimized:fast_loop:492 - 主循環執行時間過長: 31.4ms
2025-07-21 05:59:10 [WARNING] GripperOptimized:fast_loop:492 - 主循環執行時間過長: 32.4ms
2025-07-21 05:59:12 [WARNING] GripperOptimized:fast_loop:492 - 主循環執行時間過長: 31.1ms
2025-07-21 05:59:14 [INFO] GripperOptimized:fast_loop:484 - 性能統計: 循環=1132000, 平均耗時=13.3ms, 最大耗時=81.3ms, 指令數=59
2025-07-21 05:59:18 [WARNING] GripperOptimized:fast_loop:492 - 主循環執行時間過長: 30.1ms
2025-07-21 05:59:20 [WARNING] GripperOptimized:fast_loop:492 - 主循環執行時間過長: 30.1ms
2025-07-21 05:59:22 [WARNING] GripperOptimized:fast_loop:492 - 主循環執行時間過長: 31.8ms
2025-07-21 05:59:27 [WARNING] GripperOptimized:fast_loop:492 - 主循環執行時間過長: 33.3ms
2025-07-21 05:59:31 [WARNING] GripperOptimized:fast_loop:492 - 主循環執行時間過長: 30.2ms
2025-07-21 05:59:35 [INFO] GripperOptimized:fast_loop:484 - 性能統計: 循環=1133000, 平均耗時=13.2ms, 最大耗時=81.3ms, 指令數=59
2025-07-21 05:59:37 [WARNING] GripperOptimized:fast_loop:492 - 主循環執行時間過長: 30.9ms
2025-07-21 05:59:40 [WARNING] GripperOptimized:fast_loop:492 - 主循環執行時間過長: 30.3ms
2025-07-21 05:59:42 [WARNING] GripperOptimized:fast_loop:492 - 主循環執行時間過長: 31.5ms
2025-07-21 05:59:52 [WARNING] GripperOptimized:fast_loop:492 - 主循環執行時間過長: 30.1ms
2025-07-21 05:59:56 [INFO] GripperOptimized:fast_loop:484 - 性能統計: 循環=1134000, 平均耗時=13.1ms, 最大耗時=81.3ms, 指令數=59
2025-07-21 05:59:56 [WARNING] GripperOptimized:fast_loop:492 - 主循環執行時間過長: 31.4ms
2025-07-21 06:00:02 [WARNING] GripperOptimized:fast_loop:492 - 主循環執行時間過長: 31.5ms
2025-07-21 06:00:06 [WARNING] GripperOptimized:fast_loop:492 - 主循環執行時間過長: 31.7ms
2025-07-21 06:00:08 [WARNING] GripperOptimized:fast_loop:492 - 主循環執行時間過長: 32.1ms
2025-07-21 06:00:14 [WARNING] GripperOptimized:fast_loop:492 - 主循環執行時間過長: 30.5ms
2025-07-21 06:00:16 [WARNING] GripperOptimized:fast_loop:492 - 主循環執行時間過長: 30.9ms
2025-07-21 06:00:17 [INFO] GripperOptimized:fast_loop:484 - 性能統計: 循環=1135000, 平均耗時=12.7ms, 最大耗時=81.3ms, 指令數=59
2025-07-21 06:00:21 [WARNING] GripperOptimized:fast_loop:492 - 主循環執行時間過長: 30.7ms
2025-07-21 06:00:23 [WARNING] GripperOptimized:fast_loop:492 - 主循環執行時間過長: 30.4ms
2025-07-21 06:00:29 [WARNING] GripperOptimized:fast_loop:492 - 主循環執行時間過長: 33.9ms
2025-07-21 06:00:36 [WARNING] GripperOptimized:fast_loop:492 - 主循環執行時間過長: 30.5ms
2025-07-21 06:00:37 [INFO] GripperOptimized:fast_loop:484 - 性能統計: 循環=1136000, 平均耗時=12.8ms, 最大耗時=81.3ms, 指令數=59
2025-07-21 06:00:48 [WARNING] GripperOptimized:fast_loop:492 - 主循環執行時間過長: 30.6ms
2025-07-21 06:00:49 [WARNING] GripperOptimized:fast_loop:492 - 主循環執行時間過長: 30.5ms
2025-07-21 06:00:52 [WARNING] GripperOptimized:fast_loop:492 - 主循環執行時間過長: 31.4ms
2025-07-21 06:00:53 [WARNING] GripperOptimized:fast_loop:492 - 主循環執行時間過長: 31.3ms
2025-07-21 06:00:58 [INFO] GripperOptimized:fast_loop:484 - 性能統計: 循環=1137000, 平均耗時=14.2ms, 最大耗時=81.3ms, 指令數=59
2025-07-21 06:00:59 [WARNING] GripperOptimized:fast_loop:492 - 主循環執行時間過長: 31.4ms
2025-07-21 06:01:05 [WARNING] GripperOptimized:fast_loop:492 - 主循環執行時間過長: 36.7ms
2025-07-21 06:01:08 [WARNING] GripperOptimized:fast_loop:492 - 主循環執行時間過長: 31.1ms
2025-07-21 06:01:12 [WARNING] GripperOptimized:fast_loop:492 - 主循環執行時間過長: 30.9ms
2025-07-21 06:01:15 [WARNING] GripperOptimized:fast_loop:492 - 主循環執行時間過長: 30.7ms
2025-07-21 06:01:19 [INFO] GripperOptimized:fast_loop:484 - 性能統計: 循環=1138000, 平均耗時=13.5ms, 最大耗時=81.3ms, 指令數=59
2025-07-21 06:01:22 [WARNING] GripperOptimized:fast_loop:492 - 主循環執行時間過長: 31.6ms
2025-07-21 06:01:40 [INFO] GripperOptimized:fast_loop:484 - 性能統計: 循環=1139000, 平均耗時=14.1ms, 最大耗時=81.3ms, 指令數=59
2025-07-21 06:01:42 [WARNING] GripperOptimized:fast_loop:492 - 主循環執行時間過長: 30.3ms
2025-07-21 06:01:43 [WARNING] GripperOptimized:fast_loop:492 - 主循環執行時間過長: 31.1ms
2025-07-21 06:01:46 [WARNING] GripperOptimized:fast_loop:492 - 主循環執行時間過長: 32.5ms
2025-07-21 06:01:49 [WARNING] GripperOptimized:fast_loop:492 - 主循環執行時間過長: 31.5ms
2025-07-21 06:02:00 [WARNING] GripperOptimized:fast_loop:492 - 主循環執行時間過長: 30.3ms
2025-07-21 06:02:01 [INFO] GripperOptimized:fast_loop:484 - 性能統計: 循環=1140000, 平均耗時=13.5ms, 最大耗時=81.3ms, 指令數=59
2025-07-21 06:02:09 [WARNING] GripperOptimized:fast_loop:492 - 主循環執行時間過長: 30.1ms
2025-07-21 06:02:21 [INFO] GripperOptimized:fast_loop:484 - 性能統計: 循環=1141000, 平均耗時=12.7ms, 最大耗時=81.3ms, 指令數=59
2025-07-21 06:02:26 [WARNING] GripperOptimized:fast_loop:492 - 主循環執行時間過長: 31.1ms
2025-07-21 06:02:31 [WARNING] GripperOptimized:fast_loop:492 - 主循環執行時間過長: 30.8ms
2025-07-21 06:02:32 [WARNING] GripperOptimized:fast_loop:492 - 主循環執行時間過長: 31.5ms
2025-07-21 06:02:35 [WARNING] GripperOptimized:fast_loop:492 - 主循環執行時間過長: 30.7ms
2025-07-21 06:02:42 [INFO] GripperOptimized:fast_loop:484 - 性能統計: 循環=1142000, 平均耗時=13.4ms, 最大耗時=81.3ms, 指令數=59
2025-07-21 06:02:44 [WARNING] GripperOptimized:fast_loop:492 - 主循環執行時間過長: 30.7ms
2025-07-21 06:02:46 [WARNING] GripperOptimized:fast_loop:492 - 主循環執行時間過長: 30.9ms
2025-07-21 06:02:54 [WARNING] GripperOptimized:fast_loop:492 - 主循環執行時間過長: 30.5ms
2025-07-21 06:02:55 [WARNING] GripperOptimized:fast_loop:492 - 主循環執行時間過長: 30.8ms
2025-07-21 06:03:00 [WARNING] GripperOptimized:fast_loop:492 - 主循環執行時間過長: 30.4ms
2025-07-21 06:03:03 [INFO] GripperOptimized:fast_loop:484 - 性能統計: 循環=1143000, 平均耗時=13.1ms, 最大耗時=81.3ms, 指令數=59
2025-07-21 06:03:08 [WARNING] GripperOptimized:fast_loop:492 - 主循環執行時間過長: 31.0ms
2025-07-21 06:03:11 [WARNING] GripperOptimized:fast_loop:492 - 主循環執行時間過長: 32.3ms
2025-07-21 06:03:14 [WARNING] GripperOptimized:fast_loop:492 - 主循環執行時間過長: 30.3ms
2025-07-21 06:03:24 [INFO] GripperOptimized:fast_loop:484 - 性能統計: 循環=1144000, 平均耗時=13.1ms, 最大耗時=81.3ms, 指令數=59
2025-07-21 06:03:24 [WARNING] GripperOptimized:fast_loop:492 - 主循環執行時間過長: 30.7ms
2025-07-21 06:03:32 [WARNING] GripperOptimized:fast_loop:492 - 主循環執行時間過長: 30.8ms
2025-07-21 06:03:35 [WARNING] GripperOptimized:fast_loop:492 - 主循環執行時間過長: 30.3ms
2025-07-21 06:03:40 [WARNING] GripperOptimized:fast_loop:492 - 主循環執行時間過長: 30.7ms
2025-07-21 06:03:42 [WARNING] GripperOptimized:fast_loop:492 - 主循環執行時間過長: 31.4ms
2025-07-21 06:03:45 [INFO] GripperOptimized:fast_loop:484 - 性能統計: 循環=1145000, 平均耗時=13.7ms, 最大耗時=81.3ms, 指令數=59
2025-07-21 06:03:48 [WARNING] GripperOptimized:fast_loop:492 - 主循環執行時間過長: 30.6ms
2025-07-21 06:03:56 [WARNING] GripperOptimized:fast_loop:492 - 主循環執行時間過長: 30.9ms
2025-07-21 06:04:05 [INFO] GripperOptimized:fast_loop:484 - 性能統計: 循環=1146000, 平均耗時=13.9ms, 最大耗時=81.3ms, 指令數=59
2025-07-21 06:04:09 [WARNING] GripperOptimized:fast_loop:492 - 主循環執行時間過長: 30.4ms
2025-07-21 06:04:22 [WARNING] GripperOptimized:fast_loop:492 - 主循環執行時間過長: 30.1ms
2025-07-21 06:04:26 [INFO] GripperOptimized:fast_loop:484 - 性能統計: 循環=1147000, 平均耗時=13.2ms, 最大耗時=81.3ms, 指令數=59
2025-07-21 06:04:28 [WARNING] GripperOptimized:fast_loop:492 - 主循環執行時間過長: 31.8ms
2025-07-21 06:04:35 [WARNING] GripperOptimized:fast_loop:492 - 主循環執行時間過長: 30.1ms
2025-07-21 06:04:37 [WARNING] GripperOptimized:fast_loop:492 - 主循環執行時間過長: 30.7ms
2025-07-21 06:04:47 [INFO] GripperOptimized:fast_loop:484 - 性能統計: 循環=1148000, 平均耗時=13.9ms, 最大耗時=81.3ms, 指令數=59
2025-07-21 06:04:54 [WARNING] GripperOptimized:fast_loop:492 - 主循環執行時間過長: 31.0ms
2025-07-21 06:05:08 [INFO] GripperOptimized:fast_loop:484 - 性能統計: 循環=1149000, 平均耗時=13.3ms, 最大耗時=81.3ms, 指令數=59
2025-07-21 06:05:10 [WARNING] GripperOptimized:fast_loop:492 - 主循環執行時間過長: 30.9ms
2025-07-21 06:05:13 [WARNING] GripperOptimized:fast_loop:492 - 主循環執行時間過長: 31.4ms
2025-07-21 06:05:20 [WARNING] GripperOptimized:fast_loop:492 - 主循環執行時間過長: 30.8ms
2025-07-21 06:05:25 [WARNING] GripperOptimized:fast_loop:492 - 主循環執行時間過長: 30.2ms
2025-07-21 06:05:28 [WARNING] GripperOptimized:fast_loop:492 - 主循環執行時間過長: 32.0ms
2025-07-21 06:05:29 [INFO] GripperOptimized:fast_loop:484 - 性能統計: 循環=1150000, 平均耗時=13.3ms, 最大耗時=81.3ms, 指令數=59
2025-07-21 06:05:29 [WARNING] GripperOptimized:fast_loop:492 - 主循環執行時間過長: 31.1ms
2025-07-21 06:05:32 [WARNING] GripperOptimized:fast_loop:492 - 主循環執行時間過長: 30.0ms
2025-07-21 06:05:38 [WARNING] GripperOptimized:fast_loop:492 - 主循環執行時間過長: 32.9ms
2025-07-21 06:05:41 [WARNING] GripperOptimized:fast_loop:492 - 主循環執行時間過長: 30.1ms
2025-07-21 06:05:49 [INFO] GripperOptimized:fast_loop:484 - 性能統計: 循環=1151000, 平均耗時=13.9ms, 最大耗時=81.3ms, 指令數=59
2025-07-21 06:05:52 [WARNING] GripperOptimized:fast_loop:492 - 主循環執行時間過長: 31.0ms
2025-07-21 06:05:55 [WARNING] GripperOptimized:fast_loop:492 - 主循環執行時間過長: 30.2ms
2025-07-21 06:06:02 [WARNING] GripperOptimized:fast_loop:492 - 主循環執行時間過長: 30.0ms
2025-07-21 06:06:09 [WARNING] GripperOptimized:fast_loop:492 - 主循環執行時間過長: 32.0ms
2025-07-21 06:06:10 [INFO] GripperOptimized:fast_loop:484 - 性能統計: 循環=1152000, 平均耗時=14.0ms, 最大耗時=81.3ms, 指令數=59
2025-07-21 06:06:22 [WARNING] GripperOptimized:fast_loop:492 - 主循環執行時間過長: 31.6ms
2025-07-21 06:06:31 [INFO] GripperOptimized:fast_loop:484 - 性能統計: 循環=1153000, 平均耗時=13.4ms, 最大耗時=81.3ms, 指令數=59
2025-07-21 06:06:31 [WARNING] GripperOptimized:fast_loop:492 - 主循環執行時間過長: 31.3ms
2025-07-21 06:06:38 [WARNING] GripperOptimized:fast_loop:492 - 主循環執行時間過長: 32.0ms
2025-07-21 06:06:40 [WARNING] GripperOptimized:fast_loop:492 - 主循環執行時間過長: 37.8ms
2025-07-21 06:06:42 [WARNING] GripperOptimized:fast_loop:492 - 主循環執行時間過長: 30.9ms
2025-07-21 06:06:52 [INFO] GripperOptimized:fast_loop:484 - 性能統計: 循環=1154000, 平均耗時=12.6ms, 最大耗時=81.3ms, 指令數=59
2025-07-21 06:06:57 [WARNING] GripperOptimized:fast_loop:492 - 主循環執行時間過長: 31.4ms
2025-07-21 06:07:02 [WARNING] GripperOptimized:fast_loop:492 - 主循環執行時間過長: 31.2ms
2025-07-21 06:07:13 [INFO] GripperOptimized:fast_loop:484 - 性能統計: 循環=1155000, 平均耗時=13.0ms, 最大耗時=81.3ms, 指令數=59
2025-07-21 06:07:18 [WARNING] GripperOptimized:fast_loop:492 - 主循環執行時間過長: 30.3ms
2025-07-21 06:07:33 [INFO] GripperOptimized:fast_loop:484 - 性能統計: 循環=1156000, 平均耗時=14.4ms, 最大耗時=81.3ms, 指令數=59
2025-07-21 06:07:35 [WARNING] GripperOptimized:fast_loop:492 - 主循環執行時間過長: 30.1ms
2025-07-21 06:07:41 [WARNING] GripperOptimized:fast_loop:492 - 主循環執行時間過長: 30.1ms
2025-07-21 06:07:44 [WARNING] GripperOptimized:fast_loop:492 - 主循環執行時間過長: 32.5ms
2025-07-21 06:07:54 [INFO] GripperOptimized:fast_loop:484 - 性能統計: 循環=1157000, 平均耗時=13.4ms, 最大耗時=81.3ms, 指令數=59
2025-07-21 06:07:58 [WARNING] GripperOptimized:fast_loop:492 - 主循環執行時間過長: 30.6ms
2025-07-21 06:08:09 [WARNING] GripperOptimized:fast_loop:492 - 主循環執行時間過長: 30.7ms
2025-07-21 06:08:13 [WARNING] GripperOptimized:fast_loop:492 - 主循環執行時間過長: 31.1ms
2025-07-21 06:08:15 [INFO] GripperOptimized:fast_loop:484 - 性能統計: 循環=1158000, 平均耗時=12.5ms, 最大耗時=81.3ms, 指令數=59
2025-07-21 06:08:36 [INFO] GripperOptimized:fast_loop:484 - 性能統計: 循環=1159000, 平均耗時=13.4ms, 最大耗時=81.3ms, 指令數=59
2025-07-21 06:08:44 [WARNING] GripperOptimized:fast_loop:492 - 主循環執行時間過長: 32.5ms
2025-07-21 06:08:51 [WARNING] GripperOptimized:fast_loop:492 - 主循環執行時間過長: 32.8ms
2025-07-21 06:08:55 [WARNING] GripperOptimized:fast_loop:492 - 主循環執行時間過長: 30.0ms
2025-07-21 06:08:56 [INFO] GripperOptimized:fast_loop:484 - 性能統計: 循環=1160000, 平均耗時=14.1ms, 最大耗時=81.3ms, 指令數=59
2025-07-21 06:09:00 [WARNING] GripperOptimized:fast_loop:492 - 主循環執行時間過長: 31.9ms
2025-07-21 06:09:02 [WARNING] GripperOptimized:fast_loop:492 - 主循環執行時間過長: 30.5ms
2025-07-21 06:09:03 [WARNING] GripperOptimized:fast_loop:492 - 主循環執行時間過長: 30.1ms
2025-07-21 06:09:07 [WARNING] GripperOptimized:fast_loop:492 - 主循環執行時間過長: 32.3ms
2025-07-21 06:09:17 [INFO] GripperOptimized:fast_loop:484 - 性能統計: 循環=1161000, 平均耗時=13.6ms, 最大耗時=81.3ms, 指令數=59
2025-07-21 06:09:19 [WARNING] GripperOptimized:fast_loop:492 - 主循環執行時間過長: 30.9ms
2025-07-21 06:09:21 [WARNING] GripperOptimized:fast_loop:492 - 主循環執行時間過長: 30.0ms
2025-07-21 06:09:28 [WARNING] GripperOptimized:fast_loop:492 - 主循環執行時間過長: 32.3ms
2025-07-21 06:09:31 [WARNING] GripperOptimized:fast_loop:492 - 主循環執行時間過長: 30.4ms
2025-07-21 06:09:33 [WARNING] GripperOptimized:fast_loop:492 - 主循環執行時間過長: 30.3ms
2025-07-21 06:09:37 [WARNING] GripperOptimized:fast_loop:492 - 主循環執行時間過長: 30.9ms
2025-07-21 06:09:38 [INFO] GripperOptimized:fast_loop:484 - 性能統計: 循環=1162000, 平均耗時=13.7ms, 最大耗時=81.3ms, 指令數=59
2025-07-21 06:09:43 [WARNING] GripperOptimized:fast_loop:492 - 主循環執行時間過長: 30.6ms
2025-07-21 06:09:46 [WARNING] GripperOptimized:fast_loop:492 - 主循環執行時間過長: 30.2ms
2025-07-21 06:09:47 [WARNING] GripperOptimized:fast_loop:492 - 主循環執行時間過長: 32.9ms
2025-07-21 06:09:50 [WARNING] GripperOptimized:fast_loop:492 - 主循環執行時間過長: 30.3ms
2025-07-21 06:09:54 [WARNING] GripperOptimized:fast_loop:492 - 主循環執行時間過長: 30.7ms
2025-07-21 06:09:59 [INFO] GripperOptimized:fast_loop:484 - 性能統計: 循環=1163000, 平均耗時=13.4ms, 最大耗時=81.3ms, 指令數=59
2025-07-21 06:10:11 [WARNING] GripperOptimized:fast_loop:492 - 主循環執行時間過長: 30.5ms
2025-07-21 06:10:18 [WARNING] GripperOptimized:fast_loop:492 - 主循環執行時間過長: 30.5ms
2025-07-21 06:10:20 [INFO] GripperOptimized:fast_loop:484 - 性能統計: 循環=1164000, 平均耗時=12.9ms, 最大耗時=81.3ms, 指令數=59
2025-07-21 06:10:40 [INFO] GripperOptimized:fast_loop:484 - 性能統計: 循環=1165000, 平均耗時=13.9ms, 最大耗時=81.3ms, 指令數=59
2025-07-21 06:10:52 [WARNING] GripperOptimized:fast_loop:492 - 主循環執行時間過長: 30.5ms
2025-07-21 06:11:01 [INFO] GripperOptimized:fast_loop:484 - 性能統計: 循環=1166000, 平均耗時=13.6ms, 最大耗時=81.3ms, 指令數=59
2025-07-21 06:11:07 [WARNING] GripperOptimized:fast_loop:492 - 主循環執行時間過長: 31.0ms
2025-07-21 06:11:22 [INFO] GripperOptimized:fast_loop:484 - 性能統計: 循環=1167000, 平均耗時=13.4ms, 最大耗時=81.3ms, 指令數=59
2025-07-21 06:11:23 [WARNING] GripperOptimized:fast_loop:492 - 主循環執行時間過長: 32.3ms
2025-07-21 06:11:32 [WARNING] GripperOptimized:fast_loop:492 - 主循環執行時間過長: 31.2ms
2025-07-21 06:11:39 [WARNING] GripperOptimized:fast_loop:492 - 主循環執行時間過長: 30.5ms
2025-07-21 06:11:43 [INFO] GripperOptimized:fast_loop:484 - 性能統計: 循環=1168000, 平均耗時=13.8ms, 最大耗時=81.3ms, 指令數=59
2025-07-21 06:11:52 [WARNING] GripperOptimized:fast_loop:492 - 主循環執行時間過長: 30.9ms
2025-07-21 06:11:57 [WARNING] GripperOptimized:fast_loop:492 - 主循環執行時間過長: 31.5ms
2025-07-21 06:11:59 [WARNING] GripperOptimized:fast_loop:492 - 主循環執行時間過長: 30.0ms
2025-07-21 06:12:04 [INFO] GripperOptimized:fast_loop:484 - 性能統計: 循環=1169000, 平均耗時=13.2ms, 最大耗時=81.3ms, 指令數=59
2025-07-21 06:12:08 [WARNING] GripperOptimized:fast_loop:492 - 主循環執行時間過長: 30.6ms
2025-07-21 06:12:24 [INFO] GripperOptimized:fast_loop:484 - 性能統計: 循環=1170000, 平均耗時=12.7ms, 最大耗時=81.3ms, 指令數=59
2025-07-21 06:12:26 [WARNING] GripperOptimized:fast_loop:492 - 主循環執行時間過長: 30.6ms
2025-07-21 06:12:28 [WARNING] GripperOptimized:fast_loop:492 - 主循環執行時間過長: 30.1ms
2025-07-21 06:12:31 [WARNING] GripperOptimized:fast_loop:492 - 主循環執行時間過長: 30.1ms
2025-07-21 06:12:35 [WARNING] GripperOptimized:fast_loop:492 - 主循環執行時間過長: 30.5ms
2025-07-21 06:12:36 [WARNING] GripperOptimized:fast_loop:492 - 主循環執行時間過長: 31.8ms
2025-07-21 06:12:41 [WARNING] GripperOptimized:fast_loop:492 - 主循環執行時間過長: 31.1ms
2025-07-21 06:12:45 [INFO] GripperOptimized:fast_loop:484 - 性能統計: 循環=1171000, 平均耗時=13.5ms, 最大耗時=81.3ms, 指令數=59
2025-07-21 06:12:50 [WARNING] GripperOptimized:fast_loop:492 - 主循環執行時間過長: 30.5ms
2025-07-21 06:12:52 [WARNING] GripperOptimized:fast_loop:492 - 主循環執行時間過長: 31.5ms
2025-07-21 06:12:57 [WARNING] GripperOptimized:fast_loop:492 - 主循環執行時間過長: 30.1ms
2025-07-21 06:13:02 [WARNING] GripperOptimized:fast_loop:492 - 主循環執行時間過長: 30.6ms
2025-07-21 06:13:06 [INFO] GripperOptimized:fast_loop:484 - 性能統計: 循環=1172000, 平均耗時=13.6ms, 最大耗時=81.3ms, 指令數=59
2025-07-21 06:13:06 [WARNING] GripperOptimized:fast_loop:492 - 主循環執行時間過長: 31.7ms
2025-07-21 06:13:17 [WARNING] GripperOptimized:fast_loop:492 - 主循環執行時間過長: 30.2ms
2025-07-21 06:13:19 [WARNING] GripperOptimized:fast_loop:492 - 主循環執行時間過長: 32.1ms
2025-07-21 06:13:22 [WARNING] GripperOptimized:fast_loop:492 - 主循環執行時間過長: 30.8ms
2025-07-21 06:13:27 [INFO] GripperOptimized:fast_loop:484 - 性能統計: 循環=1173000, 平均耗時=12.9ms, 最大耗時=81.3ms, 指令數=59
2025-07-21 06:13:28 [WARNING] GripperOptimized:fast_loop:492 - 主循環執行時間過長: 30.5ms
2025-07-21 06:13:29 [WARNING] GripperOptimized:fast_loop:492 - 主循環執行時間過長: 30.6ms
2025-07-21 06:13:32 [WARNING] GripperOptimized:fast_loop:492 - 主循環執行時間過長: 31.9ms
2025-07-21 06:13:34 [WARNING] GripperOptimized:fast_loop:492 - 主循環執行時間過長: 31.6ms
2025-07-21 06:13:35 [WARNING] GripperOptimized:fast_loop:492 - 主循環執行時間過長: 30.6ms
2025-07-21 06:13:36 [WARNING] GripperOptimized:fast_loop:492 - 主循環執行時間過長: 30.8ms
2025-07-21 06:13:37 [WARNING] GripperOptimized:fast_loop:492 - 主循環執行時間過長: 30.3ms
2025-07-21 06:13:39 [WARNING] GripperOptimized:fast_loop:492 - 主循環執行時間過長: 30.7ms
2025-07-21 06:13:42 [WARNING] GripperOptimized:fast_loop:492 - 主循環執行時間過長: 30.5ms
2025-07-21 06:13:44 [WARNING] GripperOptimized:fast_loop:492 - 主循環執行時間過長: 31.2ms
2025-07-21 06:13:45 [WARNING] GripperOptimized:fast_loop:492 - 主循環執行時間過長: 30.2ms
2025-07-21 06:13:48 [INFO] GripperOptimized:fast_loop:484 - 性能統計: 循環=1174000, 平均耗時=13.1ms, 最大耗時=81.3ms, 指令數=59
2025-07-21 06:13:58 [WARNING] GripperOptimized:fast_loop:492 - 主循環執行時間過長: 31.4ms
2025-07-21 06:13:59 [WARNING] GripperOptimized:fast_loop:492 - 主循環執行時間過長: 31.3ms
2025-07-21 06:14:03 [WARNING] GripperOptimized:fast_loop:492 - 主循環執行時間過長: 30.5ms
2025-07-21 06:14:07 [WARNING] GripperOptimized:fast_loop:492 - 主循環執行時間過長: 30.8ms
2025-07-21 06:14:08 [INFO] GripperOptimized:fast_loop:484 - 性能統計: 循環=1175000, 平均耗時=12.8ms, 最大耗時=81.3ms, 指令數=59
2025-07-21 06:14:10 [WARNING] GripperOptimized:fast_loop:492 - 主循環執行時間過長: 31.5ms
2025-07-21 06:14:17 [WARNING] GripperOptimized:fast_loop:492 - 主循環執行時間過長: 30.7ms
2025-07-21 06:14:24 [WARNING] GripperOptimized:fast_loop:492 - 主循環執行時間過長: 30.7ms
2025-07-21 06:14:25 [WARNING] GripperOptimized:fast_loop:492 - 主循環執行時間過長: 31.0ms
2025-07-21 06:14:29 [INFO] GripperOptimized:fast_loop:484 - 性能統計: 循環=1176000, 平均耗時=13.1ms, 最大耗時=81.3ms, 指令數=59
2025-07-21 06:14:32 [WARNING] GripperOptimized:fast_loop:492 - 主循環執行時間過長: 30.8ms
2025-07-21 06:14:36 [WARNING] GripperOptimized:fast_loop:492 - 主循環執行時間過長: 30.2ms
2025-07-21 06:14:37 [WARNING] GripperOptimized:fast_loop:492 - 主循環執行時間過長: 31.2ms
2025-07-21 06:14:45 [WARNING] GripperOptimized:fast_loop:492 - 主循環執行時間過長: 31.1ms
2025-07-21 06:14:46 [WARNING] GripperOptimized:fast_loop:492 - 主循環執行時間過長: 30.4ms
2025-07-21 06:14:48 [WARNING] GripperOptimized:fast_loop:492 - 主循環執行時間過長: 32.9ms
2025-07-21 06:14:50 [INFO] GripperOptimized:fast_loop:484 - 性能統計: 循環=1177000, 平均耗時=13.2ms, 最大耗時=81.3ms, 指令數=59
2025-07-21 06:14:58 [WARNING] GripperOptimized:fast_loop:492 - 主循環執行時間過長: 30.8ms
2025-07-21 06:14:59 [WARNING] GripperOptimized:fast_loop:492 - 主循環執行時間過長: 30.8ms
2025-07-21 06:15:00 [WARNING] GripperOptimized:fast_loop:492 - 主循環執行時間過長: 31.9ms
2025-07-21 06:15:08 [WARNING] GripperOptimized:fast_loop:492 - 主循環執行時間過長: 30.6ms
2025-07-21 06:15:11 [INFO] GripperOptimized:fast_loop:484 - 性能統計: 循環=1178000, 平均耗時=13.4ms, 最大耗時=81.3ms, 指令數=59
2025-07-21 06:15:15 [WARNING] GripperOptimized:fast_loop:492 - 主循環執行時間過長: 31.1ms
2025-07-21 06:15:19 [WARNING] GripperOptimized:fast_loop:492 - 主循環執行時間過長: 31.0ms
2025-07-21 06:15:28 [WARNING] GripperOptimized:fast_loop:492 - 主循環執行時間過長: 30.6ms
2025-07-21 06:15:31 [INFO] GripperOptimized:fast_loop:484 - 性能統計: 循環=1179000, 平均耗時=13.0ms, 最大耗時=81.3ms, 指令數=59
2025-07-21 06:15:33 [WARNING] GripperOptimized:fast_loop:492 - 主循環執行時間過長: 30.7ms
2025-07-21 06:15:43 [WARNING] GripperOptimized:fast_loop:492 - 主循環執行時間過長: 31.0ms
2025-07-21 06:15:45 [WARNING] GripperOptimized:fast_loop:492 - 主循環執行時間過長: 31.0ms
2025-07-21 06:15:47 [WARNING] GripperOptimized:fast_loop:492 - 主循環執行時間過長: 30.1ms
2025-07-21 06:15:48 [WARNING] GripperOptimized:fast_loop:492 - 主循環執行時間過長: 30.0ms
2025-07-21 06:15:49 [WARNING] GripperOptimized:fast_loop:492 - 主循環執行時間過長: 30.1ms
2025-07-21 06:15:52 [INFO] GripperOptimized:fast_loop:484 - 性能統計: 循環=1180000, 平均耗時=13.9ms, 最大耗時=81.3ms, 指令數=59
2025-07-21 06:16:04 [WARNING] GripperOptimized:fast_loop:492 - 主循環執行時間過長: 30.2ms
2025-07-21 06:16:06 [WARNING] GripperOptimized:fast_loop:492 - 主循環執行時間過長: 32.7ms
2025-07-21 06:16:12 [WARNING] GripperOptimized:fast_loop:492 - 主循環執行時間過長: 32.2ms
2025-07-21 06:16:13 [INFO] GripperOptimized:fast_loop:484 - 性能統計: 循環=1181000, 平均耗時=14.1ms, 最大耗時=81.3ms, 指令數=59
2025-07-21 06:16:17 [WARNING] GripperOptimized:fast_loop:492 - 主循環執行時間過長: 33.8ms
2025-07-21 06:16:20 [WARNING] GripperOptimized:fast_loop:492 - 主循環執行時間過長: 30.3ms
2025-07-21 06:16:23 [WARNING] GripperOptimized:fast_loop:492 - 主循環執行時間過長: 30.1ms
2025-07-21 06:16:28 [WARNING] GripperOptimized:fast_loop:492 - 主循環執行時間過長: 30.5ms
2025-07-21 06:16:31 [WARNING] GripperOptimized:fast_loop:492 - 主循環執行時間過長: 30.9ms
2025-07-21 06:16:32 [WARNING] GripperOptimized:fast_loop:492 - 主循環執行時間過長: 30.7ms
2025-07-21 06:16:33 [WARNING] GripperOptimized:fast_loop:492 - 主循環執行時間過長: 30.3ms
2025-07-21 06:16:34 [INFO] GripperOptimized:fast_loop:484 - 性能統計: 循環=1182000, 平均耗時=13.1ms, 最大耗時=81.3ms, 指令數=59
2025-07-21 06:16:36 [WARNING] GripperOptimized:fast_loop:492 - 主循環執行時間過長: 30.0ms
2025-07-21 06:16:37 [WARNING] GripperOptimized:fast_loop:492 - 主循環執行時間過長: 31.5ms
2025-07-21 06:16:44 [WARNING] GripperOptimized:fast_loop:492 - 主循環執行時間過長: 33.1ms
2025-07-21 06:16:52 [WARNING] GripperOptimized:fast_loop:492 - 主循環執行時間過長: 30.6ms
2025-07-21 06:16:55 [INFO] GripperOptimized:fast_loop:484 - 性能統計: 循環=1183000, 平均耗時=12.8ms, 最大耗時=81.3ms, 指令數=59
2025-07-21 06:17:00 [WARNING] GripperOptimized:fast_loop:492 - 主循環執行時間過長: 31.9ms
2025-07-21 06:17:03 [WARNING] GripperOptimized:fast_loop:492 - 主循環執行時間過長: 31.5ms
2025-07-21 06:17:11 [WARNING] GripperOptimized:fast_loop:492 - 主循環執行時間過長: 30.6ms
2025-07-21 06:17:14 [WARNING] GripperOptimized:fast_loop:492 - 主循環執行時間過長: 31.7ms
2025-07-21 06:17:15 [INFO] GripperOptimized:fast_loop:484 - 性能統計: 循環=1184000, 平均耗時=13.4ms, 最大耗時=81.3ms, 指令數=59
2025-07-21 06:17:17 [WARNING] GripperOptimized:fast_loop:492 - 主循環執行時間過長: 31.3ms
2025-07-21 06:17:20 [WARNING] GripperOptimized:fast_loop:492 - 主循環執行時間過長: 31.8ms
2025-07-21 06:17:23 [WARNING] GripperOptimized:fast_loop:492 - 主循環執行時間過長: 32.2ms
2025-07-21 06:17:27 [WARNING] GripperOptimized:fast_loop:492 - 主循環執行時間過長: 31.2ms
2025-07-21 06:17:36 [INFO] GripperOptimized:fast_loop:484 - 性能統計: 循環=1185000, 平均耗時=13.7ms, 最大耗時=81.3ms, 指令數=59
2025-07-21 06:17:36 [WARNING] GripperOptimized:fast_loop:492 - 主循環執行時間過長: 30.5ms
2025-07-21 06:17:38 [WARNING] GripperOptimized:fast_loop:492 - 主循環執行時間過長: 30.2ms
2025-07-21 06:17:40 [WARNING] GripperOptimized:fast_loop:492 - 主循環執行時間過長: 30.3ms
2025-07-21 06:17:47 [WARNING] GripperOptimized:fast_loop:492 - 主循環執行時間過長: 31.2ms
2025-07-21 06:17:49 [WARNING] GripperOptimized:fast_loop:492 - 主循環執行時間過長: 30.5ms
2025-07-21 06:17:55 [WARNING] GripperOptimized:fast_loop:492 - 主循環執行時間過長: 31.1ms
2025-07-21 06:17:57 [INFO] GripperOptimized:fast_loop:484 - 性能統計: 循環=1186000, 平均耗時=13.2ms, 最大耗時=81.3ms, 指令數=59
2025-07-21 06:18:01 [WARNING] GripperOptimized:fast_loop:492 - 主循環執行時間過長: 31.1ms
2025-07-21 06:18:05 [WARNING] GripperOptimized:fast_loop:492 - 主循環執行時間過長: 30.9ms
2025-07-21 06:18:11 [WARNING] GripperOptimized:fast_loop:492 - 主循環執行時間過長: 31.5ms
2025-07-21 06:18:13 [WARNING] GripperOptimized:fast_loop:492 - 主循環執行時間過長: 33.9ms
2025-07-21 06:18:15 [WARNING] GripperOptimized:fast_loop:492 - 主循環執行時間過長: 30.1ms
2025-07-21 06:18:18 [INFO] GripperOptimized:fast_loop:484 - 性能統計: 循環=1187000, 平均耗時=13.8ms, 最大耗時=81.3ms, 指令數=59
2025-07-21 06:18:18 [WARNING] GripperOptimized:fast_loop:492 - 主循環執行時間過長: 30.2ms
2025-07-21 06:18:20 [WARNING] GripperOptimized:fast_loop:492 - 主循環執行時間過長: 31.9ms
2025-07-21 06:18:24 [WARNING] GripperOptimized:fast_loop:492 - 主循環執行時間過長: 30.0ms
2025-07-21 06:18:27 [WARNING] GripperOptimized:fast_loop:492 - 主循環執行時間過長: 32.5ms
2025-07-21 06:18:30 [WARNING] GripperOptimized:fast_loop:492 - 主循環執行時間過長: 31.8ms
2025-07-21 06:18:33 [WARNING] GripperOptimized:fast_loop:492 - 主循環執行時間過長: 32.0ms
2025-07-21 06:18:34 [WARNING] GripperOptimized:fast_loop:492 - 主循環執行時間過長: 31.1ms
2025-07-21 06:18:39 [INFO] GripperOptimized:fast_loop:484 - 性能統計: 循環=1188000, 平均耗時=14.0ms, 最大耗時=81.3ms, 指令數=59
2025-07-21 06:18:44 [WARNING] GripperOptimized:fast_loop:492 - 主循環執行時間過長: 30.0ms
2025-07-21 06:18:45 [WARNING] GripperOptimized:fast_loop:492 - 主循環執行時間過長: 30.1ms
2025-07-21 06:18:47 [WARNING] GripperOptimized:fast_loop:492 - 主循環執行時間過長: 31.1ms
2025-07-21 06:18:51 [WARNING] GripperOptimized:fast_loop:492 - 主循環執行時間過長: 30.2ms
2025-07-21 06:18:53 [WARNING] GripperOptimized:fast_loop:492 - 主循環執行時間過長: 31.5ms
2025-07-21 06:18:55 [WARNING] GripperOptimized:fast_loop:492 - 主循環執行時間過長: 32.3ms
2025-07-21 06:18:59 [INFO] GripperOptimized:fast_loop:484 - 性能統計: 循環=1189000, 平均耗時=13.4ms, 最大耗時=81.3ms, 指令數=59
2025-07-21 06:19:20 [INFO] GripperOptimized:fast_loop:484 - 性能統計: 循環=1190000, 平均耗時=13.8ms, 最大耗時=81.3ms, 指令數=59
2025-07-21 06:19:27 [WARNING] GripperOptimized:fast_loop:492 - 主循環執行時間過長: 30.2ms
2025-07-21 06:19:29 [WARNING] GripperOptimized:fast_loop:492 - 主循環執行時間過長: 33.1ms
2025-07-21 06:19:39 [WARNING] GripperOptimized:fast_loop:492 - 主循環執行時間過長: 30.0ms
2025-07-21 06:19:41 [INFO] GripperOptimized:fast_loop:484 - 性能統計: 循環=1191000, 平均耗時=14.1ms, 最大耗時=81.3ms, 指令數=59
2025-07-21 06:19:43 [WARNING] GripperOptimized:fast_loop:492 - 主循環執行時間過長: 31.8ms
2025-07-21 06:19:44 [WARNING] GripperOptimized:fast_loop:492 - 主循環執行時間過長: 31.9ms
2025-07-21 06:20:00 [WARNING] GripperOptimized:fast_loop:492 - 主循環執行時間過長: 30.9ms
2025-07-21 06:20:02 [INFO] GripperOptimized:fast_loop:484 - 性能統計: 循環=1192000, 平均耗時=14.0ms, 最大耗時=81.3ms, 指令數=59
2025-07-21 06:20:11 [WARNING] GripperOptimized:fast_loop:492 - 主循環執行時間過長: 32.9ms
2025-07-21 06:20:15 [WARNING] GripperOptimized:fast_loop:492 - 主循環執行時間過長: 33.4ms
2025-07-21 06:20:23 [INFO] GripperOptimized:fast_loop:484 - 性能統計: 循環=1193000, 平均耗時=13.2ms, 最大耗時=81.3ms, 指令數=59
2025-07-21 06:20:32 [WARNING] GripperOptimized:fast_loop:492 - 主循環執行時間過長: 30.0ms
2025-07-21 06:20:43 [INFO] GripperOptimized:fast_loop:484 - 性能統計: 循環=1194000, 平均耗時=13.9ms, 最大耗時=81.3ms, 指令數=59
2025-07-21 06:20:46 [WARNING] GripperOptimized:fast_loop:492 - 主循環執行時間過長: 30.8ms
2025-07-21 06:20:56 [WARNING] GripperOptimized:fast_loop:492 - 主循環執行時間過長: 31.1ms
2025-07-21 06:21:02 [WARNING] GripperOptimized:fast_loop:492 - 主循環執行時間過長: 31.1ms
2025-07-21 06:21:04 [INFO] GripperOptimized:fast_loop:484 - 性能統計: 循環=1195000, 平均耗時=13.7ms, 最大耗時=81.3ms, 指令數=59
2025-07-21 06:21:06 [WARNING] GripperOptimized:fast_loop:492 - 主循環執行時間過長: 31.2ms
2025-07-21 06:21:09 [WARNING] GripperOptimized:fast_loop:492 - 主循環執行時間過長: 30.7ms
2025-07-21 06:21:10 [WARNING] GripperOptimized:fast_loop:492 - 主循環執行時間過長: 30.7ms
2025-07-21 06:21:14 [WARNING] GripperOptimized:fast_loop:492 - 主循環執行時間過長: 30.8ms
2025-07-21 06:21:16 [WARNING] GripperOptimized:fast_loop:492 - 主循環執行時間過長: 30.3ms
2025-07-21 06:21:22 [WARNING] GripperOptimized:fast_loop:492 - 主循環執行時間過長: 30.2ms
2025-07-21 06:21:25 [INFO] GripperOptimized:fast_loop:484 - 性能統計: 循環=1196000, 平均耗時=13.0ms, 最大耗時=81.3ms, 指令數=59
2025-07-21 06:21:30 [WARNING] GripperOptimized:fast_loop:492 - 主循環執行時間過長: 31.3ms
2025-07-21 06:21:41 [WARNING] GripperOptimized:fast_loop:492 - 主循環執行時間過長: 31.6ms
2025-07-21 06:21:44 [WARNING] GripperOptimized:fast_loop:492 - 主循環執行時間過長: 31.7ms
2025-07-21 06:21:46 [INFO] GripperOptimized:fast_loop:484 - 性能統計: 循環=1197000, 平均耗時=12.5ms, 最大耗時=81.3ms, 指令數=59
2025-07-21 06:21:55 [WARNING] GripperOptimized:fast_loop:492 - 主循環執行時間過長: 32.9ms
2025-07-21 06:21:58 [WARNING] GripperOptimized:fast_loop:492 - 主循環執行時間過長: 31.7ms
2025-07-21 06:22:06 [WARNING] GripperOptimized:fast_loop:492 - 主循環執行時間過長: 30.1ms
2025-07-21 06:22:07 [INFO] GripperOptimized:fast_loop:484 - 性能統計: 循環=1198000, 平均耗時=14.3ms, 最大耗時=81.3ms, 指令數=59
2025-07-21 06:22:11 [WARNING] GripperOptimized:fast_loop:492 - 主循環執行時間過長: 30.1ms
2025-07-21 06:22:14 [WARNING] GripperOptimized:fast_loop:492 - 主循環執行時間過長: 30.5ms
2025-07-21 06:22:19 [WARNING] GripperOptimized:fast_loop:492 - 主循環執行時間過長: 31.3ms
2025-07-21 06:22:27 [INFO] GripperOptimized:fast_loop:484 - 性能統計: 循環=1199000, 平均耗時=12.9ms, 最大耗時=81.3ms, 指令數=59
2025-07-21 06:22:27 [WARNING] GripperOptimized:fast_loop:492 - 主循環執行時間過長: 30.7ms
2025-07-21 06:22:28 [WARNING] GripperOptimized:fast_loop:492 - 主循環執行時間過長: 31.4ms
2025-07-21 06:22:29 [WARNING] GripperOptimized:fast_loop:492 - 主循環執行時間過長: 30.7ms
2025-07-21 06:22:37 [WARNING] GripperOptimized:fast_loop:492 - 主循環執行時間過長: 31.4ms
2025-07-21 06:22:41 [WARNING] GripperOptimized:fast_loop:492 - 主循環執行時間過長: 31.5ms
2025-07-21 06:22:43 [WARNING] GripperOptimized:fast_loop:492 - 主循環執行時間過長: 30.2ms
2025-07-21 06:22:45 [WARNING] GripperOptimized:fast_loop:492 - 主循環執行時間過長: 31.6ms
2025-07-21 06:22:48 [INFO] GripperOptimized:fast_loop:484 - 性能統計: 循環=1200000, 平均耗時=13.3ms, 最大耗時=81.3ms, 指令數=59
2025-07-21 06:22:48 [WARNING] GripperOptimized:fast_loop:492 - 主循環執行時間過長: 30.3ms
2025-07-21 06:22:50 [WARNING] GripperOptimized:fast_loop:492 - 主循環執行時間過長: 31.4ms
2025-07-21 06:22:57 [WARNING] GripperOptimized:fast_loop:492 - 主循環執行時間過長: 30.5ms
2025-07-21 06:22:59 [WARNING] GripperOptimized:fast_loop:492 - 主循環執行時間過長: 30.3ms
2025-07-21 06:23:01 [WARNING] GripperOptimized:fast_loop:492 - 主循環執行時間過長: 30.6ms
2025-07-21 06:23:06 [WARNING] GripperOptimized:fast_loop:492 - 主循環執行時間過長: 32.1ms
2025-07-21 06:23:09 [INFO] GripperOptimized:fast_loop:484 - 性能統計: 循環=1201000, 平均耗時=13.9ms, 最大耗時=81.3ms, 指令數=59
2025-07-21 06:23:21 [WARNING] GripperOptimized:fast_loop:492 - 主循環執行時間過長: 31.3ms
2025-07-21 06:23:29 [WARNING] GripperOptimized:fast_loop:492 - 主循環執行時間過長: 32.1ms
2025-07-21 06:23:30 [INFO] GripperOptimized:fast_loop:484 - 性能統計: 循環=1202000, 平均耗時=13.3ms, 最大耗時=81.3ms, 指令數=59
2025-07-21 06:23:30 [WARNING] GripperOptimized:fast_loop:492 - 主循環執行時間過長: 31.5ms
2025-07-21 06:23:40 [WARNING] GripperOptimized:fast_loop:492 - 主循環執行時間過長: 36.8ms
2025-07-21 06:23:50 [INFO] GripperOptimized:fast_loop:484 - 性能統計: 循環=1203000, 平均耗時=13.4ms, 最大耗時=81.3ms, 指令數=59
2025-07-21 06:23:54 [WARNING] GripperOptimized:fast_loop:492 - 主循環執行時間過長: 31.4ms
2025-07-21 06:24:00 [WARNING] GripperOptimized:fast_loop:492 - 主循環執行時間過長: 30.2ms
2025-07-21 06:24:01 [WARNING] GripperOptimized:fast_loop:492 - 主循環執行時間過長: 30.1ms
2025-07-21 06:24:11 [INFO] GripperOptimized:fast_loop:484 - 性能統計: 循環=1204000, 平均耗時=14.2ms, 最大耗時=81.3ms, 指令數=59
2025-07-21 06:24:14 [WARNING] GripperOptimized:fast_loop:492 - 主循環執行時間過長: 30.3ms
2025-07-21 06:24:19 [WARNING] GripperOptimized:fast_loop:492 - 主循環執行時間過長: 30.7ms
2025-07-21 06:24:24 [WARNING] GripperOptimized:fast_loop:492 - 主循環執行時間過長: 30.2ms
2025-07-21 06:24:25 [WARNING] GripperOptimized:fast_loop:492 - 主循環執行時間過長: 32.6ms
2025-07-21 06:24:28 [WARNING] GripperOptimized:fast_loop:492 - 主循環執行時間過長: 31.1ms
2025-07-21 06:24:31 [WARNING] GripperOptimized:fast_loop:492 - 主循環執行時間過長: 30.3ms
2025-07-21 06:24:32 [INFO] GripperOptimized:fast_loop:484 - 性能統計: 循環=1205000, 平均耗時=13.0ms, 最大耗時=81.3ms, 指令數=59
2025-07-21 06:24:32 [WARNING] GripperOptimized:fast_loop:492 - 主循環執行時間過長: 30.5ms
2025-07-21 06:24:34 [WARNING] GripperOptimized:fast_loop:492 - 主循環執行時間過長: 31.0ms
2025-07-21 06:24:35 [WARNING] GripperOptimized:fast_loop:492 - 主循環執行時間過長: 30.4ms
2025-07-21 06:24:45 [WARNING] GripperOptimized:fast_loop:492 - 主循環執行時間過長: 30.2ms
2025-07-21 06:24:46 [WARNING] GripperOptimized:fast_loop:492 - 主循環執行時間過長: 32.8ms
2025-07-21 06:24:48 [WARNING] GripperOptimized:fast_loop:492 - 主循環執行時間過長: 30.3ms
2025-07-21 06:24:53 [INFO] GripperOptimized:fast_loop:484 - 性能統計: 循環=1206000, 平均耗時=13.8ms, 最大耗時=81.3ms, 指令數=59
2025-07-21 06:25:10 [WARNING] GripperOptimized:fast_loop:492 - 主循環執行時間過長: 31.5ms
2025-07-21 06:25:14 [INFO] GripperOptimized:fast_loop:484 - 性能統計: 循環=1207000, 平均耗時=14.2ms, 最大耗時=81.3ms, 指令數=59
2025-07-21 06:25:21 [WARNING] GripperOptimized:fast_loop:492 - 主循環執行時間過長: 32.5ms
2025-07-21 06:25:33 [WARNING] GripperOptimized:fast_loop:492 - 主循環執行時間過長: 30.6ms
2025-07-21 06:25:34 [INFO] GripperOptimized:fast_loop:484 - 性能統計: 循環=1208000, 平均耗時=13.9ms, 最大耗時=81.3ms, 指令數=59
2025-07-21 06:25:39 [WARNING] GripperOptimized:fast_loop:492 - 主循環執行時間過長: 30.1ms
2025-07-21 06:25:40 [WARNING] GripperOptimized:fast_loop:492 - 主循環執行時間過長: 30.3ms
2025-07-21 06:25:42 [WARNING] GripperOptimized:fast_loop:492 - 主循環執行時間過長: 30.7ms
2025-07-21 06:25:48 [WARNING] GripperOptimized:fast_loop:492 - 主循環執行時間過長: 32.0ms
2025-07-21 06:25:55 [INFO] GripperOptimized:fast_loop:484 - 性能統計: 循環=1209000, 平均耗時=14.0ms, 最大耗時=81.3ms, 指令數=59
2025-07-21 06:25:55 [WARNING] GripperOptimized:fast_loop:492 - 主循環執行時間過長: 31.8ms
2025-07-21 06:26:04 [WARNING] GripperOptimized:fast_loop:492 - 主循環執行時間過長: 30.8ms
2025-07-21 06:26:09 [WARNING] GripperOptimized:fast_loop:492 - 主循環執行時間過長: 30.9ms
2025-07-21 06:26:13 [WARNING] GripperOptimized:fast_loop:492 - 主循環執行時間過長: 31.8ms
2025-07-21 06:26:16 [INFO] GripperOptimized:fast_loop:484 - 性能統計: 循環=1210000, 平均耗時=13.2ms, 最大耗時=81.3ms, 指令數=59
2025-07-21 06:26:18 [WARNING] GripperOptimized:fast_loop:492 - 主循環執行時間過長: 31.5ms
2025-07-21 06:26:19 [WARNING] GripperOptimized:fast_loop:492 - 主循環執行時間過長: 30.6ms
2025-07-21 06:26:24 [WARNING] GripperOptimized:fast_loop:492 - 主循環執行時間過長: 30.7ms
2025-07-21 06:26:26 [WARNING] GripperOptimized:fast_loop:492 - 主循環執行時間過長: 32.8ms
2025-07-21 06:26:37 [INFO] GripperOptimized:fast_loop:484 - 性能統計: 循環=1211000, 平均耗時=13.5ms, 最大耗時=81.3ms, 指令數=59
2025-07-21 06:26:40 [WARNING] GripperOptimized:fast_loop:492 - 主循環執行時間過長: 31.7ms
2025-07-21 06:26:42 [WARNING] GripperOptimized:fast_loop:492 - 主循環執行時間過長: 32.0ms
2025-07-21 06:26:55 [WARNING] GripperOptimized:fast_loop:492 - 主循環執行時間過長: 30.3ms
2025-07-21 06:26:57 [WARNING] GripperOptimized:fast_loop:492 - 主循環執行時間過長: 31.6ms
2025-07-21 06:26:58 [INFO] GripperOptimized:fast_loop:484 - 性能統計: 循環=1212000, 平均耗時=13.4ms, 最大耗時=81.3ms, 指令數=59
2025-07-21 06:27:02 [WARNING] GripperOptimized:fast_loop:492 - 主循環執行時間過長: 33.2ms
2025-07-21 06:27:06 [WARNING] GripperOptimized:fast_loop:492 - 主循環執行時間過長: 31.1ms
2025-07-21 06:27:13 [WARNING] GripperOptimized:fast_loop:492 - 主循環執行時間過長: 31.9ms
2025-07-21 06:27:18 [INFO] GripperOptimized:fast_loop:484 - 性能統計: 循環=1213000, 平均耗時=13.3ms, 最大耗時=81.3ms, 指令數=59
2025-07-21 06:27:23 [WARNING] GripperOptimized:fast_loop:492 - 主循環執行時間過長: 31.0ms
2025-07-21 06:27:32 [WARNING] GripperOptimized:fast_loop:492 - 主循環執行時間過長: 31.0ms
2025-07-21 06:27:35 [WARNING] GripperOptimized:fast_loop:492 - 主循環執行時間過長: 30.3ms
2025-07-21 06:27:39 [INFO] GripperOptimized:fast_loop:484 - 性能統計: 循環=1214000, 平均耗時=13.1ms, 最大耗時=81.3ms, 指令數=59
2025-07-21 06:27:43 [WARNING] GripperOptimized:fast_loop:492 - 主循環執行時間過長: 30.7ms
2025-07-21 06:27:50 [WARNING] GripperOptimized:fast_loop:492 - 主循環執行時間過長: 31.2ms
2025-07-21 06:27:55 [WARNING] GripperOptimized:fast_loop:492 - 主循環執行時間過長: 31.4ms
2025-07-21 06:27:57 [WARNING] GripperOptimized:fast_loop:492 - 主循環執行時間過長: 30.4ms
2025-07-21 06:27:58 [WARNING] GripperOptimized:fast_loop:492 - 主循環執行時間過長: 32.1ms
2025-07-21 06:28:00 [INFO] GripperOptimized:fast_loop:484 - 性能統計: 循環=1215000, 平均耗時=12.2ms, 最大耗時=81.3ms, 指令數=59
2025-07-21 06:28:02 [WARNING] GripperOptimized:fast_loop:492 - 主循環執行時間過長: 30.1ms
2025-07-21 06:28:12 [WARNING] GripperOptimized:fast_loop:492 - 主循環執行時間過長: 30.8ms
2025-07-21 06:28:15 [WARNING] GripperOptimized:fast_loop:492 - 主循環執行時間過長: 32.8ms
2025-07-21 06:28:21 [INFO] GripperOptimized:fast_loop:484 - 性能統計: 循環=1216000, 平均耗時=12.7ms, 最大耗時=81.3ms, 指令數=59
2025-07-21 06:28:27 [WARNING] GripperOptimized:fast_loop:492 - 主循環執行時間過長: 30.5ms
2025-07-21 06:28:30 [WARNING] GripperOptimized:fast_loop:492 - 主循環執行時間過長: 30.3ms
2025-07-21 06:28:33 [WARNING] GripperOptimized:fast_loop:492 - 主循環執行時間過長: 30.5ms
2025-07-21 06:28:35 [WARNING] GripperOptimized:fast_loop:492 - 主循環執行時間過長: 30.3ms
2025-07-21 06:28:38 [WARNING] GripperOptimized:fast_loop:492 - 主循環執行時間過長: 30.0ms
2025-07-21 06:28:42 [INFO] GripperOptimized:fast_loop:484 - 性能統計: 循環=1217000, 平均耗時=12.5ms, 最大耗時=81.3ms, 指令數=59
2025-07-21 06:28:59 [WARNING] GripperOptimized:fast_loop:492 - 主循環執行時間過長: 30.2ms
2025-07-21 06:29:02 [INFO] GripperOptimized:fast_loop:484 - 性能統計: 循環=1218000, 平均耗時=13.9ms, 最大耗時=81.3ms, 指令數=59
2025-07-21 06:29:02 [WARNING] GripperOptimized:fast_loop:492 - 主循環執行時間過長: 31.9ms
2025-07-21 06:29:15 [WARNING] GripperOptimized:fast_loop:492 - 主循環執行時間過長: 30.9ms
2025-07-21 06:29:16 [WARNING] GripperOptimized:fast_loop:492 - 主循環執行時間過長: 31.6ms
2025-07-21 06:29:22 [WARNING] GripperOptimized:fast_loop:492 - 主循環執行時間過長: 30.6ms
2025-07-21 06:29:23 [INFO] GripperOptimized:fast_loop:484 - 性能統計: 循環=1219000, 平均耗時=13.8ms, 最大耗時=81.3ms, 指令數=59
2025-07-21 06:29:25 [WARNING] GripperOptimized:fast_loop:492 - 主循環執行時間過長: 31.0ms
2025-07-21 06:29:33 [WARNING] GripperOptimized:fast_loop:492 - 主循環執行時間過長: 33.5ms
2025-07-21 06:29:44 [INFO] GripperOptimized:fast_loop:484 - 性能統計: 循環=1220000, 平均耗時=13.6ms, 最大耗時=81.3ms, 指令數=59
2025-07-21 06:29:54 [WARNING] GripperOptimized:fast_loop:492 - 主循環執行時間過長: 30.0ms
2025-07-21 06:30:04 [WARNING] GripperOptimized:fast_loop:492 - 主循環執行時間過長: 30.0ms
2025-07-21 06:30:05 [INFO] GripperOptimized:fast_loop:484 - 性能統計: 循環=1221000, 平均耗時=14.3ms, 最大耗時=81.3ms, 指令數=59
2025-07-21 06:30:08 [WARNING] GripperOptimized:fast_loop:492 - 主循環執行時間過長: 30.5ms
2025-07-21 06:30:10 [WARNING] GripperOptimized:fast_loop:492 - 主循環執行時間過長: 30.9ms
2025-07-21 06:30:25 [INFO] GripperOptimized:fast_loop:484 - 性能統計: 循環=1222000, 平均耗時=13.5ms, 最大耗時=81.3ms, 指令數=59
2025-07-21 06:30:29 [WARNING] GripperOptimized:fast_loop:492 - 主循環執行時間過長: 30.9ms
2025-07-21 06:30:31 [WARNING] GripperOptimized:fast_loop:492 - 主循環執行時間過長: 30.4ms
2025-07-21 06:30:35 [WARNING] GripperOptimized:fast_loop:492 - 主循環執行時間過長: 30.8ms
2025-07-21 06:30:46 [INFO] GripperOptimized:fast_loop:484 - 性能統計: 循環=1223000, 平均耗時=13.5ms, 最大耗時=81.3ms, 指令數=59
2025-07-21 06:30:49 [WARNING] GripperOptimized:fast_loop:492 - 主循環執行時間過長: 32.1ms
2025-07-21 06:30:50 [WARNING] GripperOptimized:fast_loop:492 - 主循環執行時間過長: 31.9ms
2025-07-21 06:30:53 [WARNING] GripperOptimized:fast_loop:492 - 主循環執行時間過長: 30.1ms
2025-07-21 06:30:59 [WARNING] GripperOptimized:fast_loop:492 - 主循環執行時間過長: 30.4ms
2025-07-21 06:31:06 [WARNING] GripperOptimized:fast_loop:492 - 主循環執行時間過長: 30.4ms
2025-07-21 06:31:07 [INFO] GripperOptimized:fast_loop:484 - 性能統計: 循環=1224000, 平均耗時=13.6ms, 最大耗時=81.3ms, 指令數=59
2025-07-21 06:31:10 [WARNING] GripperOptimized:fast_loop:492 - 主循環執行時間過長: 30.9ms
2025-07-21 06:31:15 [WARNING] GripperOptimized:fast_loop:492 - 主循環執行時間過長: 30.1ms
2025-07-21 06:31:19 [WARNING] GripperOptimized:fast_loop:492 - 主循環執行時間過長: 31.7ms
2025-07-21 06:31:28 [INFO] GripperOptimized:fast_loop:484 - 性能統計: 循環=1225000, 平均耗時=12.8ms, 最大耗時=81.3ms, 指令數=59
2025-07-21 06:31:35 [WARNING] GripperOptimized:fast_loop:492 - 主循環執行時間過長: 30.7ms
2025-07-21 06:31:40 [WARNING] GripperOptimized:fast_loop:492 - 主循環執行時間過長: 30.3ms
2025-07-21 06:31:48 [WARNING] GripperOptimized:fast_loop:492 - 主循環執行時間過長: 30.2ms
2025-07-21 06:31:49 [INFO] GripperOptimized:fast_loop:484 - 性能統計: 循環=1226000, 平均耗時=13.5ms, 最大耗時=81.3ms, 指令數=59
2025-07-21 06:31:51 [WARNING] GripperOptimized:fast_loop:492 - 主循環執行時間過長: 30.4ms
2025-07-21 06:31:55 [WARNING] GripperOptimized:fast_loop:492 - 主循環執行時間過長: 30.3ms
2025-07-21 06:31:56 [WARNING] GripperOptimized:fast_loop:492 - 主循環執行時間過長: 30.1ms
2025-07-21 06:32:08 [WARNING] GripperOptimized:fast_loop:492 - 主循環執行時間過長: 31.3ms
2025-07-21 06:32:09 [INFO] GripperOptimized:fast_loop:484 - 性能統計: 循環=1227000, 平均耗時=13.1ms, 最大耗時=81.3ms, 指令數=59
2025-07-21 06:32:12 [WARNING] GripperOptimized:fast_loop:492 - 主循環執行時間過長: 30.6ms
2025-07-21 06:32:17 [WARNING] GripperOptimized:fast_loop:492 - 主循環執行時間過長: 30.6ms
2025-07-21 06:32:30 [INFO] GripperOptimized:fast_loop:484 - 性能統計: 循環=1228000, 平均耗時=13.0ms, 最大耗時=81.3ms, 指令數=59
2025-07-21 06:32:34 [WARNING] GripperOptimized:fast_loop:492 - 主循環執行時間過長: 30.7ms
2025-07-21 06:32:41 [WARNING] GripperOptimized:fast_loop:492 - 主循環執行時間過長: 31.1ms
2025-07-21 06:32:43 [WARNING] GripperOptimized:fast_loop:492 - 主循環執行時間過長: 31.6ms
2025-07-21 06:32:44 [WARNING] GripperOptimized:fast_loop:492 - 主循環執行時間過長: 30.8ms
2025-07-21 06:32:46 [WARNING] GripperOptimized:fast_loop:492 - 主循環執行時間過長: 30.0ms
2025-07-21 06:32:48 [WARNING] GripperOptimized:fast_loop:492 - 主循環執行時間過長: 30.4ms
2025-07-21 06:32:49 [WARNING] GripperOptimized:fast_loop:492 - 主循環執行時間過長: 31.1ms
2025-07-21 06:32:51 [INFO] GripperOptimized:fast_loop:484 - 性能統計: 循環=1229000, 平均耗時=13.2ms, 最大耗時=81.3ms, 指令數=59
2025-07-21 06:33:12 [INFO] GripperOptimized:fast_loop:484 - 性能統計: 循環=1230000, 平均耗時=13.3ms, 最大耗時=81.3ms, 指令數=59
2025-07-21 06:33:14 [WARNING] GripperOptimized:fast_loop:492 - 主循環執行時間過長: 31.9ms
2025-07-21 06:33:33 [INFO] GripperOptimized:fast_loop:484 - 性能統計: 循環=1231000, 平均耗時=13.8ms, 最大耗時=81.3ms, 指令數=59
2025-07-21 06:33:48 [WARNING] GripperOptimized:fast_loop:492 - 主循環執行時間過長: 30.4ms
2025-07-21 06:33:53 [INFO] GripperOptimized:fast_loop:484 - 性能統計: 循環=1232000, 平均耗時=14.1ms, 最大耗時=81.3ms, 指令數=59
2025-07-21 06:33:57 [WARNING] GripperOptimized:fast_loop:492 - 主循環執行時間過長: 30.9ms
2025-07-21 06:34:01 [WARNING] GripperOptimized:fast_loop:492 - 主循環執行時間過長: 31.1ms
2025-07-21 06:34:04 [WARNING] GripperOptimized:fast_loop:492 - 主循環執行時間過長: 30.1ms
2025-07-21 06:34:14 [INFO] GripperOptimized:fast_loop:484 - 性能統計: 循環=1233000, 平均耗時=13.0ms, 最大耗時=81.3ms, 指令數=59
2025-07-21 06:34:14 [WARNING] GripperOptimized:fast_loop:492 - 主循環執行時間過長: 31.3ms
2025-07-21 06:34:16 [WARNING] GripperOptimized:fast_loop:492 - 主循環執行時間過長: 30.6ms
2025-07-21 06:34:20 [WARNING] GripperOptimized:fast_loop:492 - 主循環執行時間過長: 30.8ms
2025-07-21 06:34:23 [WARNING] GripperOptimized:fast_loop:492 - 主循環執行時間過長: 30.1ms
2025-07-21 06:34:35 [INFO] GripperOptimized:fast_loop:484 - 性能統計: 循環=1234000, 平均耗時=12.5ms, 最大耗時=81.3ms, 指令數=59
2025-07-21 06:34:36 [WARNING] GripperOptimized:fast_loop:492 - 主循環執行時間過長: 34.2ms
2025-07-21 06:34:56 [INFO] GripperOptimized:fast_loop:484 - 性能統計: 循環=1235000, 平均耗時=13.2ms, 最大耗時=81.3ms, 指令數=59
2025-07-21 06:34:59 [WARNING] GripperOptimized:fast_loop:492 - 主循環執行時間過長: 31.1ms
2025-07-21 06:35:01 [WARNING] GripperOptimized:fast_loop:492 - 主循環執行時間過長: 31.3ms
2025-07-21 06:35:03 [WARNING] GripperOptimized:fast_loop:492 - 主循環執行時間過長: 30.1ms
2025-07-21 06:35:11 [WARNING] GripperOptimized:fast_loop:492 - 主循環執行時間過長: 30.7ms
2025-07-21 06:35:17 [INFO] GripperOptimized:fast_loop:484 - 性能統計: 循環=1236000, 平均耗時=13.1ms, 最大耗時=81.3ms, 指令數=59
2025-07-21 06:35:24 [WARNING] GripperOptimized:fast_loop:492 - 主循環執行時間過長: 30.8ms
2025-07-21 06:35:27 [WARNING] GripperOptimized:fast_loop:492 - 主循環執行時間過長: 31.7ms
2025-07-21 06:35:33 [WARNING] GripperOptimized:fast_loop:492 - 主循環執行時間過長: 30.6ms
2025-07-21 06:35:37 [INFO] GripperOptimized:fast_loop:484 - 性能統計: 循環=1237000, 平均耗時=13.0ms, 最大耗時=81.3ms, 指令數=59
2025-07-21 06:35:37 [WARNING] GripperOptimized:fast_loop:492 - 主循環執行時間過長: 32.5ms
2025-07-21 06:35:44 [WARNING] GripperOptimized:fast_loop:492 - 主循環執行時間過長: 30.7ms
2025-07-21 06:35:54 [WARNING] GripperOptimized:fast_loop:492 - 主循環執行時間過長: 31.3ms
2025-07-21 06:35:58 [INFO] GripperOptimized:fast_loop:484 - 性能統計: 循環=1238000, 平均耗時=13.0ms, 最大耗時=81.3ms, 指令數=59
2025-07-21 06:36:01 [WARNING] GripperOptimized:fast_loop:492 - 主循環執行時間過長: 31.7ms
2025-07-21 06:36:06 [WARNING] GripperOptimized:fast_loop:492 - 主循環執行時間過長: 30.1ms
2025-07-21 06:36:14 [WARNING] GripperOptimized:fast_loop:492 - 主循環執行時間過長: 31.2ms
2025-07-21 06:36:19 [INFO] GripperOptimized:fast_loop:484 - 性能統計: 循環=1239000, 平均耗時=12.9ms, 最大耗時=81.3ms, 指令數=59
2025-07-21 06:36:19 [WARNING] GripperOptimized:fast_loop:492 - 主循環執行時間過長: 31.9ms
2025-07-21 06:36:25 [WARNING] GripperOptimized:fast_loop:492 - 主循環執行時間過長: 31.1ms
2025-07-21 06:36:30 [WARNING] GripperOptimized:fast_loop:492 - 主循環執行時間過長: 31.5ms
2025-07-21 06:36:31 [WARNING] GripperOptimized:fast_loop:492 - 主循環執行時間過長: 30.7ms
2025-07-21 06:36:37 [WARNING] GripperOptimized:fast_loop:492 - 主循環執行時間過長: 31.3ms
2025-07-21 06:36:38 [WARNING] GripperOptimized:fast_loop:492 - 主循環執行時間過長: 30.4ms
2025-07-21 06:36:40 [INFO] GripperOptimized:fast_loop:484 - 性能統計: 循環=1240000, 平均耗時=13.9ms, 最大耗時=81.3ms, 指令數=59
2025-07-21 06:36:43 [WARNING] GripperOptimized:fast_loop:492 - 主循環執行時間過長: 30.7ms
2025-07-21 06:36:44 [WARNING] GripperOptimized:fast_loop:492 - 主循環執行時間過長: 31.6ms
2025-07-21 06:36:45 [WARNING] GripperOptimized:fast_loop:492 - 主循環執行時間過長: 30.2ms
2025-07-21 06:36:48 [WARNING] GripperOptimized:fast_loop:492 - 主循環執行時間過長: 30.0ms
2025-07-21 06:36:51 [WARNING] GripperOptimized:fast_loop:492 - 主循環執行時間過長: 30.1ms
2025-07-21 06:36:55 [WARNING] GripperOptimized:fast_loop:492 - 主循環執行時間過長: 31.2ms
2025-07-21 06:37:01 [INFO] GripperOptimized:fast_loop:484 - 性能統計: 循環=1241000, 平均耗時=13.0ms, 最大耗時=81.3ms, 指令數=59
2025-07-21 06:37:03 [WARNING] GripperOptimized:fast_loop:492 - 主循環執行時間過長: 30.7ms
2025-07-21 06:37:20 [WARNING] GripperOptimized:fast_loop:492 - 主循環執行時間過長: 30.7ms
2025-07-21 06:37:21 [INFO] GripperOptimized:fast_loop:484 - 性能統計: 循環=1242000, 平均耗時=14.0ms, 最大耗時=81.3ms, 指令數=59
2025-07-21 06:37:28 [WARNING] GripperOptimized:fast_loop:492 - 主循環執行時間過長: 36.0ms
2025-07-21 06:37:32 [WARNING] GripperOptimized:fast_loop:492 - 主循環執行時間過長: 30.9ms
2025-07-21 06:37:33 [WARNING] GripperOptimized:fast_loop:492 - 主循環執行時間過長: 30.6ms
2025-07-21 06:37:35 [WARNING] GripperOptimized:fast_loop:492 - 主循環執行時間過長: 32.5ms
2025-07-21 06:37:37 [WARNING] GripperOptimized:fast_loop:492 - 主循環執行時間過長: 30.7ms
2025-07-21 06:37:39 [WARNING] GripperOptimized:fast_loop:492 - 主循環執行時間過長: 30.5ms
2025-07-21 06:37:41 [WARNING] GripperOptimized:fast_loop:492 - 主循環執行時間過長: 31.3ms
2025-07-21 06:37:42 [INFO] GripperOptimized:fast_loop:484 - 性能統計: 循環=1243000, 平均耗時=13.1ms, 最大耗時=81.3ms, 指令數=59
2025-07-21 06:37:46 [WARNING] GripperOptimized:fast_loop:492 - 主循環執行時間過長: 31.7ms
2025-07-21 06:38:03 [INFO] GripperOptimized:fast_loop:484 - 性能統計: 循環=1244000, 平均耗時=13.6ms, 最大耗時=81.3ms, 指令數=59
2025-07-21 06:38:13 [WARNING] GripperOptimized:fast_loop:492 - 主循環執行時間過長: 33.2ms
2025-07-21 06:38:24 [INFO] GripperOptimized:fast_loop:484 - 性能統計: 循環=1245000, 平均耗時=13.2ms, 最大耗時=81.3ms, 指令數=59
2025-07-21 06:38:28 [WARNING] GripperOptimized:fast_loop:492 - 主循環執行時間過長: 37.0ms
2025-07-21 06:38:32 [WARNING] GripperOptimized:fast_loop:492 - 主循環執行時間過長: 31.0ms
2025-07-21 06:38:34 [WARNING] GripperOptimized:fast_loop:492 - 主循環執行時間過長: 30.5ms
2025-07-21 06:38:38 [WARNING] GripperOptimized:fast_loop:492 - 主循環執行時間過長: 30.2ms
2025-07-21 06:38:45 [INFO] GripperOptimized:fast_loop:484 - 性能統計: 循環=1246000, 平均耗時=13.3ms, 最大耗時=81.3ms, 指令數=59
2025-07-21 06:38:54 [WARNING] GripperOptimized:fast_loop:492 - 主循環執行時間過長: 31.3ms
2025-07-21 06:38:57 [WARNING] GripperOptimized:fast_loop:492 - 主循環執行時間過長: 30.3ms
2025-07-21 06:39:05 [INFO] GripperOptimized:fast_loop:484 - 性能統計: 循環=1247000, 平均耗時=13.5ms, 最大耗時=81.3ms, 指令數=59
2025-07-21 06:39:19 [WARNING] GripperOptimized:fast_loop:492 - 主循環執行時間過長: 31.8ms
2025-07-21 06:39:25 [WARNING] GripperOptimized:fast_loop:492 - 主循環執行時間過長: 32.0ms
2025-07-21 06:39:26 [INFO] GripperOptimized:fast_loop:484 - 性能統計: 循環=1248000, 平均耗時=13.9ms, 最大耗時=81.3ms, 指令數=59
2025-07-21 06:39:33 [WARNING] GripperOptimized:fast_loop:492 - 主循環執行時間過長: 30.9ms
2025-07-21 06:39:35 [WARNING] GripperOptimized:fast_loop:492 - 主循環執行時間過長: 31.4ms
2025-07-21 06:39:41 [WARNING] GripperOptimized:fast_loop:492 - 主循環執行時間過長: 30.2ms
2025-07-21 06:39:44 [WARNING] GripperOptimized:fast_loop:492 - 主循環執行時間過長: 31.4ms
2025-07-21 06:39:47 [INFO] GripperOptimized:fast_loop:484 - 性能統計: 循環=1249000, 平均耗時=13.2ms, 最大耗時=81.3ms, 指令數=59
2025-07-21 06:39:47 [WARNING] GripperOptimized:fast_loop:492 - 主循環執行時間過長: 30.5ms
2025-07-21 06:39:51 [WARNING] GripperOptimized:fast_loop:492 - 主循環執行時間過長: 30.9ms
2025-07-21 06:39:52 [WARNING] GripperOptimized:fast_loop:492 - 主循環執行時間過長: 32.6ms
2025-07-21 06:40:00 [WARNING] GripperOptimized:fast_loop:492 - 主循環執行時間過長: 30.1ms
2025-07-21 06:40:08 [INFO] GripperOptimized:fast_loop:484 - 性能統計: 循環=1250000, 平均耗時=14.0ms, 最大耗時=81.3ms, 指令數=59
2025-07-21 06:40:21 [WARNING] GripperOptimized:fast_loop:492 - 主循環執行時間過長: 30.3ms
2025-07-21 06:40:28 [INFO] GripperOptimized:fast_loop:484 - 性能統計: 循環=1251000, 平均耗時=13.5ms, 最大耗時=81.3ms, 指令數=59
2025-07-21 06:40:30 [WARNING] GripperOptimized:fast_loop:492 - 主循環執行時間過長: 30.2ms
2025-07-21 06:40:33 [WARNING] GripperOptimized:fast_loop:492 - 主循環執行時間過長: 33.0ms
2025-07-21 06:40:35 [WARNING] GripperOptimized:fast_loop:492 - 主循環執行時間過長: 33.2ms
2025-07-21 06:40:45 [WARNING] GripperOptimized:fast_loop:492 - 主循環執行時間過長: 31.4ms
2025-07-21 06:40:49 [INFO] GripperOptimized:fast_loop:484 - 性能統計: 循環=1252000, 平均耗時=13.7ms, 最大耗時=81.3ms, 指令數=59
2025-07-21 06:40:52 [WARNING] GripperOptimized:fast_loop:492 - 主循環執行時間過長: 30.9ms
2025-07-21 06:40:57 [WARNING] GripperOptimized:fast_loop:492 - 主循環執行時間過長: 33.0ms
2025-07-21 06:41:00 [WARNING] GripperOptimized:fast_loop:492 - 主循環執行時間過長: 30.2ms
2025-07-21 06:41:01 [WARNING] GripperOptimized:fast_loop:492 - 主循環執行時間過長: 30.5ms
2025-07-21 06:41:05 [WARNING] GripperOptimized:fast_loop:492 - 主循環執行時間過長: 31.0ms
2025-07-21 06:41:10 [INFO] GripperOptimized:fast_loop:484 - 性能統計: 循環=1253000, 平均耗時=13.4ms, 最大耗時=81.3ms, 指令數=59
2025-07-21 06:41:22 [WARNING] GripperOptimized:fast_loop:492 - 主循環執行時間過長: 31.8ms
2025-07-21 06:41:30 [WARNING] GripperOptimized:fast_loop:492 - 主循環執行時間過長: 30.1ms
2025-07-21 06:41:31 [INFO] GripperOptimized:fast_loop:484 - 性能統計: 循環=1254000, 平均耗時=13.8ms, 最大耗時=81.3ms, 指令數=59
2025-07-21 06:41:39 [WARNING] GripperOptimized:fast_loop:492 - 主循環執行時間過長: 32.8ms
2025-07-21 06:41:45 [WARNING] GripperOptimized:fast_loop:492 - 主循環執行時間過長: 31.2ms
2025-07-21 06:41:46 [WARNING] GripperOptimized:fast_loop:492 - 主循環執行時間過長: 30.6ms
2025-07-21 06:41:48 [WARNING] GripperOptimized:fast_loop:492 - 主循環執行時間過長: 30.2ms
2025-07-21 06:41:52 [INFO] GripperOptimized:fast_loop:484 - 性能統計: 循環=1255000, 平均耗時=13.3ms, 最大耗時=81.3ms, 指令數=59
2025-07-21 06:41:52 [WARNING] GripperOptimized:fast_loop:492 - 主循環執行時間過長: 31.5ms
2025-07-21 06:41:54 [WARNING] GripperOptimized:fast_loop:492 - 主循環執行時間過長: 30.7ms
2025-07-21 06:41:56 [WARNING] GripperOptimized:fast_loop:492 - 主循環執行時間過長: 30.1ms
2025-07-21 06:42:03 [WARNING] GripperOptimized:fast_loop:492 - 主循環執行時間過長: 30.1ms
2025-07-21 06:42:08 [WARNING] GripperOptimized:fast_loop:492 - 主循環執行時間過長: 30.3ms
2025-07-21 06:42:12 [INFO] GripperOptimized:fast_loop:484 - 性能統計: 循環=1256000, 平均耗時=12.3ms, 最大耗時=81.3ms, 指令數=59
2025-07-21 06:42:17 [WARNING] GripperOptimized:fast_loop:492 - 主循環執行時間過長: 30.8ms
2025-07-21 06:42:22 [WARNING] GripperOptimized:fast_loop:492 - 主循環執行時間過長: 30.2ms
2025-07-21 06:42:27 [WARNING] GripperOptimized:fast_loop:492 - 主循環執行時間過長: 31.2ms
2025-07-21 06:42:33 [INFO] GripperOptimized:fast_loop:484 - 性能統計: 循環=1257000, 平均耗時=13.3ms, 最大耗時=81.3ms, 指令數=59
2025-07-21 06:42:44 [WARNING] GripperOptimized:fast_loop:492 - 主循環執行時間過長: 34.8ms
2025-07-21 06:42:46 [WARNING] GripperOptimized:fast_loop:492 - 主循環執行時間過長: 30.9ms
2025-07-21 06:42:53 [WARNING] GripperOptimized:fast_loop:492 - 主循環執行時間過長: 30.8ms
2025-07-21 06:42:54 [INFO] GripperOptimized:fast_loop:484 - 性能統計: 循環=1258000, 平均耗時=12.4ms, 最大耗時=81.3ms, 指令數=59
2025-07-21 06:42:54 [WARNING] GripperOptimized:fast_loop:492 - 主循環執行時間過長: 30.0ms
2025-07-21 06:43:01 [WARNING] GripperOptimized:fast_loop:492 - 主循環執行時間過長: 31.6ms
2025-07-21 06:43:15 [INFO] GripperOptimized:fast_loop:484 - 性能統計: 循環=1259000, 平均耗時=13.4ms, 最大耗時=81.3ms, 指令數=59
2025-07-21 06:43:16 [WARNING] GripperOptimized:fast_loop:492 - 主循環執行時間過長: 30.1ms
2025-07-21 06:43:25 [WARNING] GripperOptimized:fast_loop:492 - 主循環執行時間過長: 30.8ms
2025-07-21 06:43:36 [INFO] GripperOptimized:fast_loop:484 - 性能統計: 循環=1260000, 平均耗時=13.4ms, 最大耗時=81.3ms, 指令數=59
2025-07-21 06:43:36 [WARNING] GripperOptimized:fast_loop:492 - 主循環執行時間過長: 31.9ms
2025-07-21 06:43:44 [WARNING] GripperOptimized:fast_loop:492 - 主循環執行時間過長: 30.4ms
2025-07-21 06:43:51 [WARNING] GripperOptimized:fast_loop:492 - 主循環執行時間過長: 31.0ms
2025-07-21 06:43:56 [INFO] GripperOptimized:fast_loop:484 - 性能統計: 循環=1261000, 平均耗時=13.7ms, 最大耗時=81.3ms, 指令數=59
2025-07-21 06:44:00 [WARNING] GripperOptimized:fast_loop:492 - 主循環執行時間過長: 30.2ms
2025-07-21 06:44:08 [WARNING] GripperOptimized:fast_loop:492 - 主循環執行時間過長: 30.8ms
2025-07-21 06:44:17 [INFO] GripperOptimized:fast_loop:484 - 性能統計: 循環=1262000, 平均耗時=13.0ms, 最大耗時=81.3ms, 指令數=59
2025-07-21 06:44:30 [WARNING] GripperOptimized:fast_loop:492 - 主循環執行時間過長: 30.2ms
2025-07-21 06:44:34 [WARNING] GripperOptimized:fast_loop:492 - 主循環執行時間過長: 30.2ms
2025-07-21 06:44:38 [INFO] GripperOptimized:fast_loop:484 - 性能統計: 循環=1263000, 平均耗時=12.6ms, 最大耗時=81.3ms, 指令數=59
2025-07-21 06:44:40 [WARNING] GripperOptimized:fast_loop:492 - 主循環執行時間過長: 31.8ms
2025-07-21 06:44:44 [WARNING] GripperOptimized:fast_loop:492 - 主循環執行時間過長: 30.2ms
2025-07-21 06:44:54 [WARNING] GripperOptimized:fast_loop:492 - 主循環執行時間過長: 30.0ms
2025-07-21 06:44:59 [INFO] GripperOptimized:fast_loop:484 - 性能統計: 循環=1264000, 平均耗時=13.4ms, 最大耗時=81.3ms, 指令數=59
2025-07-21 06:45:01 [WARNING] GripperOptimized:fast_loop:492 - 主循環執行時間過長: 32.0ms
2025-07-21 06:45:03 [WARNING] GripperOptimized:fast_loop:492 - 主循環執行時間過長: 31.3ms
2025-07-21 06:45:11 [WARNING] GripperOptimized:fast_loop:492 - 主循環執行時間過長: 30.7ms
2025-07-21 06:45:15 [WARNING] GripperOptimized:fast_loop:492 - 主循環執行時間過長: 30.7ms
2025-07-21 06:45:20 [INFO] GripperOptimized:fast_loop:484 - 性能統計: 循環=1265000, 平均耗時=13.3ms, 最大耗時=81.3ms, 指令數=59
2025-07-21 06:45:20 [WARNING] GripperOptimized:fast_loop:492 - 主循環執行時間過長: 30.5ms
2025-07-21 06:45:21 [WARNING] GripperOptimized:fast_loop:492 - 主循環執行時間過長: 30.3ms
2025-07-21 06:45:24 [WARNING] GripperOptimized:fast_loop:492 - 主循環執行時間過長: 32.1ms
2025-07-21 06:45:26 [WARNING] GripperOptimized:fast_loop:492 - 主循環執行時間過長: 30.7ms
2025-07-21 06:45:31 [WARNING] GripperOptimized:fast_loop:492 - 主循環執行時間過長: 30.9ms
2025-07-21 06:45:40 [INFO] GripperOptimized:fast_loop:484 - 性能統計: 循環=1266000, 平均耗時=13.7ms, 最大耗時=81.3ms, 指令數=59
2025-07-21 06:45:46 [WARNING] GripperOptimized:fast_loop:492 - 主循環執行時間過長: 31.3ms
2025-07-21 06:45:49 [WARNING] GripperOptimized:fast_loop:492 - 主循環執行時間過長: 31.0ms
2025-07-21 06:45:57 [WARNING] GripperOptimized:fast_loop:492 - 主循環執行時間過長: 31.0ms
2025-07-21 06:46:00 [WARNING] GripperOptimized:fast_loop:492 - 主循環執行時間過長: 31.4ms
2025-07-21 06:46:01 [INFO] GripperOptimized:fast_loop:484 - 性能統計: 循環=1267000, 平均耗時=12.4ms, 最大耗時=81.3ms, 指令數=59
2025-07-21 06:46:09 [WARNING] GripperOptimized:fast_loop:492 - 主循環執行時間過長: 30.1ms
2025-07-21 06:46:22 [INFO] GripperOptimized:fast_loop:484 - 性能統計: 循環=1268000, 平均耗時=12.9ms, 最大耗時=81.3ms, 指令數=59
2025-07-21 06:46:31 [WARNING] GripperOptimized:fast_loop:492 - 主循環執行時間過長: 31.0ms
2025-07-21 06:46:36 [WARNING] GripperOptimized:fast_loop:492 - 主循環執行時間過長: 30.5ms
2025-07-21 06:46:43 [INFO] GripperOptimized:fast_loop:484 - 性能統計: 循環=1269000, 平均耗時=13.7ms, 最大耗時=81.3ms, 指令數=59
2025-07-21 06:46:44 [WARNING] GripperOptimized:fast_loop:492 - 主循環執行時間過長: 31.5ms
2025-07-21 06:46:58 [WARNING] GripperOptimized:fast_loop:492 - 主循環執行時間過長: 32.5ms
2025-07-21 06:47:00 [WARNING] GripperOptimized:fast_loop:492 - 主循環執行時間過長: 31.2ms
2025-07-21 06:47:03 [INFO] GripperOptimized:fast_loop:484 - 性能統計: 循環=1270000, 平均耗時=13.7ms, 最大耗時=81.3ms, 指令數=59
2025-07-21 06:47:07 [WARNING] GripperOptimized:fast_loop:492 - 主循環執行時間過長: 32.6ms
2025-07-21 06:47:14 [WARNING] GripperOptimized:fast_loop:492 - 主循環執行時間過長: 33.0ms
2025-07-21 06:47:16 [WARNING] GripperOptimized:fast_loop:492 - 主循環執行時間過長: 30.3ms
2025-07-21 06:47:24 [INFO] GripperOptimized:fast_loop:484 - 性能統計: 循環=1271000, 平均耗時=12.3ms, 最大耗時=81.3ms, 指令數=59
2025-07-21 06:47:33 [WARNING] GripperOptimized:fast_loop:492 - 主循環執行時間過長: 30.1ms
2025-07-21 06:47:35 [WARNING] GripperOptimized:fast_loop:492 - 主循環執行時間過長: 30.3ms
2025-07-21 06:47:37 [WARNING] GripperOptimized:fast_loop:492 - 主循環執行時間過長: 30.1ms
2025-07-21 06:47:45 [INFO] GripperOptimized:fast_loop:484 - 性能統計: 循環=1272000, 平均耗時=13.1ms, 最大耗時=81.3ms, 指令數=59
2025-07-21 06:47:45 [WARNING] GripperOptimized:fast_loop:492 - 主循環執行時間過長: 30.6ms
2025-07-21 06:47:50 [WARNING] GripperOptimized:fast_loop:492 - 主循環執行時間過長: 30.4ms
2025-07-21 06:48:06 [INFO] GripperOptimized:fast_loop:484 - 性能統計: 循環=1273000, 平均耗時=13.8ms, 最大耗時=81.3ms, 指令數=59
2025-07-21 06:48:15 [WARNING] GripperOptimized:fast_loop:492 - 主循環執行時間過長: 30.5ms
2025-07-21 06:48:25 [WARNING] GripperOptimized:fast_loop:492 - 主循環執行時間過長: 31.5ms
2025-07-21 06:48:27 [INFO] GripperOptimized:fast_loop:484 - 性能統計: 循環=1274000, 平均耗時=13.1ms, 最大耗時=81.3ms, 指令數=59
2025-07-21 06:48:27 [WARNING] GripperOptimized:fast_loop:492 - 主循環執行時間過長: 30.6ms
2025-07-21 06:48:37 [WARNING] GripperOptimized:fast_loop:492 - 主循環執行時間過長: 32.3ms
2025-07-21 06:48:45 [WARNING] GripperOptimized:fast_loop:492 - 主循環執行時間過長: 32.1ms
2025-07-21 06:48:47 [INFO] GripperOptimized:fast_loop:484 - 性能統計: 循環=1275000, 平均耗時=13.7ms, 最大耗時=81.3ms, 指令數=59
2025-07-21 06:48:47 [WARNING] GripperOptimized:fast_loop:492 - 主循環執行時間過長: 30.6ms
2025-07-21 06:48:51 [WARNING] GripperOptimized:fast_loop:492 - 主循環執行時間過長: 30.5ms
2025-07-21 06:48:53 [WARNING] GripperOptimized:fast_loop:492 - 主循環執行時間過長: 30.5ms
2025-07-21 06:48:57 [WARNING] GripperOptimized:fast_loop:492 - 主循環執行時間過長: 30.8ms
2025-07-21 06:48:58 [WARNING] GripperOptimized:fast_loop:492 - 主循環執行時間過長: 33.0ms
2025-07-21 06:49:01 [WARNING] GripperOptimized:fast_loop:492 - 主循環執行時間過長: 30.1ms
2025-07-21 06:49:08 [INFO] GripperOptimized:fast_loop:484 - 性能統計: 循環=1276000, 平均耗時=12.7ms, 最大耗時=81.3ms, 指令數=59
2025-07-21 06:49:13 [WARNING] GripperOptimized:fast_loop:492 - 主循環執行時間過長: 32.5ms
2025-07-21 06:49:25 [WARNING] GripperOptimized:fast_loop:492 - 主循環執行時間過長: 31.9ms
2025-07-21 06:49:29 [INFO] GripperOptimized:fast_loop:484 - 性能統計: 循環=1277000, 平均耗時=13.3ms, 最大耗時=81.3ms, 指令數=59
2025-07-21 06:49:31 [WARNING] GripperOptimized:fast_loop:492 - 主循環執行時間過長: 30.7ms
2025-07-21 06:49:35 [WARNING] GripperOptimized:fast_loop:492 - 主循環執行時間過長: 30.0ms
2025-07-21 06:49:47 [WARNING] GripperOptimized:fast_loop:492 - 主循環執行時間過長: 31.8ms
2025-07-21 06:49:50 [INFO] GripperOptimized:fast_loop:484 - 性能統計: 循環=1278000, 平均耗時=13.4ms, 最大耗時=81.3ms, 指令數=59
2025-07-21 06:49:50 [WARNING] GripperOptimized:fast_loop:492 - 主循環執行時間過長: 30.5ms
2025-07-21 06:49:54 [WARNING] GripperOptimized:fast_loop:492 - 主循環執行時間過長: 30.3ms
2025-07-21 06:50:01 [WARNING] GripperOptimized:fast_loop:492 - 主循環執行時間過長: 30.3ms
2025-07-21 06:50:06 [WARNING] GripperOptimized:fast_loop:492 - 主循環執行時間過長: 30.5ms
2025-07-21 06:50:11 [INFO] GripperOptimized:fast_loop:484 - 性能統計: 循環=1279000, 平均耗時=13.4ms, 最大耗時=81.3ms, 指令數=59
2025-07-21 06:50:21 [WARNING] GripperOptimized:fast_loop:492 - 主循環執行時間過長: 31.2ms
2025-07-21 06:50:31 [INFO] GripperOptimized:fast_loop:484 - 性能統計: 循環=1280000, 平均耗時=13.0ms, 最大耗時=81.3ms, 指令數=59
2025-07-21 06:50:44 [WARNING] GripperOptimized:fast_loop:492 - 主循環執行時間過長: 30.8ms
2025-07-21 06:50:45 [WARNING] GripperOptimized:fast_loop:492 - 主循環執行時間過長: 30.4ms
2025-07-21 06:50:49 [WARNING] GripperOptimized:fast_loop:492 - 主循環執行時間過長: 30.7ms
2025-07-21 06:50:52 [INFO] GripperOptimized:fast_loop:484 - 性能統計: 循環=1281000, 平均耗時=12.9ms, 最大耗時=81.3ms, 指令數=59
2025-07-21 06:51:09 [WARNING] GripperOptimized:fast_loop:492 - 主循環執行時間過長: 30.5ms
2025-07-21 06:51:12 [WARNING] GripperOptimized:fast_loop:492 - 主循環執行時間過長: 30.2ms
2025-07-21 06:51:13 [INFO] GripperOptimized:fast_loop:484 - 性能統計: 循環=1282000, 平均耗時=13.7ms, 最大耗時=81.3ms, 指令數=59
2025-07-21 06:51:20 [WARNING] GripperOptimized:fast_loop:492 - 主循環執行時間過長: 32.2ms
2025-07-21 06:51:27 [WARNING] GripperOptimized:fast_loop:492 - 主循環執行時間過長: 32.4ms
2025-07-21 06:51:30 [WARNING] GripperOptimized:fast_loop:492 - 主循環執行時間過長: 31.4ms
2025-07-21 06:51:31 [WARNING] GripperOptimized:fast_loop:492 - 主循環執行時間過長: 30.6ms
2025-07-21 06:51:34 [INFO] GripperOptimized:fast_loop:484 - 性能統計: 循環=1283000, 平均耗時=14.0ms, 最大耗時=81.3ms, 指令數=59
2025-07-21 06:51:37 [WARNING] GripperOptimized:fast_loop:492 - 主循環執行時間過長: 30.0ms
2025-07-21 06:51:42 [WARNING] GripperOptimized:fast_loop:492 - 主循環執行時間過長: 30.1ms
2025-07-21 06:51:45 [WARNING] GripperOptimized:fast_loop:492 - 主循環執行時間過長: 31.3ms
2025-07-21 06:51:49 [WARNING] GripperOptimized:fast_loop:492 - 主循環執行時間過長: 30.8ms
2025-07-21 06:51:55 [INFO] GripperOptimized:fast_loop:484 - 性能統計: 循環=1284000, 平均耗時=13.7ms, 最大耗時=81.3ms, 指令數=59
2025-07-21 06:52:00 [WARNING] GripperOptimized:fast_loop:492 - 主循環執行時間過長: 33.7ms
2025-07-21 06:52:07 [WARNING] GripperOptimized:fast_loop:492 - 主循環執行時間過長: 32.1ms
2025-07-21 06:52:08 [WARNING] GripperOptimized:fast_loop:492 - 主循環執行時間過長: 33.4ms
2025-07-21 06:52:10 [WARNING] GripperOptimized:fast_loop:492 - 主循環執行時間過長: 30.7ms
2025-07-21 06:52:13 [WARNING] GripperOptimized:fast_loop:492 - 主循環執行時間過長: 30.4ms
2025-07-21 06:52:15 [INFO] GripperOptimized:fast_loop:484 - 性能統計: 循環=1285000, 平均耗時=12.7ms, 最大耗時=81.3ms, 指令數=59
2025-07-21 06:52:15 [WARNING] GripperOptimized:fast_loop:492 - 主循環執行時間過長: 30.3ms
2025-07-21 06:52:19 [WARNING] GripperOptimized:fast_loop:492 - 主循環執行時間過長: 30.3ms
2025-07-21 06:52:24 [WARNING] GripperOptimized:fast_loop:492 - 主循環執行時間過長: 30.1ms
2025-07-21 06:52:34 [WARNING] GripperOptimized:fast_loop:492 - 主循環執行時間過長: 31.0ms
2025-07-21 06:52:35 [WARNING] GripperOptimized:fast_loop:492 - 主循環執行時間過長: 30.6ms
2025-07-21 06:52:36 [INFO] GripperOptimized:fast_loop:484 - 性能統計: 循環=1286000, 平均耗時=12.6ms, 最大耗時=81.3ms, 指令數=59
2025-07-21 06:52:57 [INFO] GripperOptimized:fast_loop:484 - 性能統計: 循環=1287000, 平均耗時=12.8ms, 最大耗時=81.3ms, 指令數=59
2025-07-21 06:52:59 [WARNING] GripperOptimized:fast_loop:492 - 主循環執行時間過長: 30.0ms
2025-07-21 06:53:01 [WARNING] GripperOptimized:fast_loop:492 - 主循環執行時間過長: 31.2ms
2025-07-21 06:53:08 [WARNING] GripperOptimized:fast_loop:492 - 主循環執行時間過長: 31.3ms
2025-07-21 06:53:14 [WARNING] GripperOptimized:fast_loop:492 - 主循環執行時間過長: 31.7ms
2025-07-21 06:53:17 [WARNING] GripperOptimized:fast_loop:492 - 主循環執行時間過長: 30.5ms
2025-07-21 06:53:18 [INFO] GripperOptimized:fast_loop:484 - 性能統計: 循環=1288000, 平均耗時=13.0ms, 最大耗時=81.3ms, 指令數=59
2025-07-21 06:53:20 [WARNING] GripperOptimized:fast_loop:492 - 主循環執行時間過長: 30.6ms
2025-07-21 06:53:23 [WARNING] GripperOptimized:fast_loop:492 - 主循環執行時間過長: 34.4ms
2025-07-21 06:53:27 [WARNING] GripperOptimized:fast_loop:492 - 主循環執行時間過長: 32.3ms
2025-07-21 06:53:32 [WARNING] GripperOptimized:fast_loop:492 - 主循環執行時間過長: 33.0ms
2025-07-21 06:53:36 [WARNING] GripperOptimized:fast_loop:492 - 主循環執行時間過長: 30.3ms
2025-07-21 06:53:39 [INFO] GripperOptimized:fast_loop:484 - 性能統計: 循環=1289000, 平均耗時=13.4ms, 最大耗時=81.3ms, 指令數=59
2025-07-21 06:53:41 [WARNING] GripperOptimized:fast_loop:492 - 主循環執行時間過長: 30.9ms
2025-07-21 06:53:51 [WARNING] GripperOptimized:fast_loop:492 - 主循環執行時間過長: 32.1ms
2025-07-21 06:53:57 [WARNING] GripperOptimized:fast_loop:492 - 主循環執行時間過長: 30.7ms
2025-07-21 06:53:59 [INFO] GripperOptimized:fast_loop:484 - 性能統計: 循環=1290000, 平均耗時=13.4ms, 最大耗時=81.3ms, 指令數=59
2025-07-21 06:54:12 [WARNING] GripperOptimized:fast_loop:492 - 主循環執行時間過長: 30.2ms
2025-07-21 06:54:20 [INFO] GripperOptimized:fast_loop:484 - 性能統計: 循環=1291000, 平均耗時=13.2ms, 最大耗時=81.3ms, 指令數=59
2025-07-21 06:54:22 [WARNING] GripperOptimized:fast_loop:492 - 主循環執行時間過長: 32.8ms
2025-07-21 06:54:31 [WARNING] GripperOptimized:fast_loop:492 - 主循環執行時間過長: 31.3ms
2025-07-21 06:54:32 [WARNING] GripperOptimized:fast_loop:492 - 主循環執行時間過長: 31.2ms
2025-07-21 06:54:41 [INFO] GripperOptimized:fast_loop:484 - 性能統計: 循環=1292000, 平均耗時=13.7ms, 最大耗時=81.3ms, 指令數=59
2025-07-21 06:54:43 [WARNING] GripperOptimized:fast_loop:492 - 主循環執行時間過長: 34.7ms
2025-07-21 06:54:51 [WARNING] GripperOptimized:fast_loop:492 - 主循環執行時間過長: 30.9ms
2025-07-21 06:54:55 [WARNING] GripperOptimized:fast_loop:492 - 主循環執行時間過長: 31.7ms
2025-07-21 06:54:57 [WARNING] GripperOptimized:fast_loop:492 - 主循環執行時間過長: 30.0ms
2025-07-21 06:55:02 [INFO] GripperOptimized:fast_loop:484 - 性能統計: 循環=1293000, 平均耗時=14.3ms, 最大耗時=81.3ms, 指令數=59
2025-07-21 06:55:11 [WARNING] GripperOptimized:fast_loop:492 - 主循環執行時間過長: 30.1ms
2025-07-21 06:55:14 [WARNING] GripperOptimized:fast_loop:492 - 主循環執行時間過長: 32.2ms
2025-07-21 06:55:22 [INFO] GripperOptimized:fast_loop:484 - 性能統計: 循環=1294000, 平均耗時=13.6ms, 最大耗時=81.3ms, 指令數=59
2025-07-21 06:55:35 [WARNING] GripperOptimized:fast_loop:492 - 主循環執行時間過長: 30.0ms
2025-07-21 06:55:37 [WARNING] GripperOptimized:fast_loop:492 - 主循環執行時間過長: 30.2ms
2025-07-21 06:55:43 [INFO] GripperOptimized:fast_loop:484 - 性能統計: 循環=1295000, 平均耗時=13.1ms, 最大耗時=81.3ms, 指令數=59
2025-07-21 06:55:48 [WARNING] GripperOptimized:fast_loop:492 - 主循環執行時間過長: 32.5ms
2025-07-21 06:55:57 [WARNING] GripperOptimized:fast_loop:492 - 主循環執行時間過長: 30.3ms
2025-07-21 06:56:04 [INFO] GripperOptimized:fast_loop:484 - 性能統計: 循環=1296000, 平均耗時=13.1ms, 最大耗時=81.3ms, 指令數=59
2025-07-21 06:56:25 [INFO] GripperOptimized:fast_loop:484 - 性能統計: 循環=1297000, 平均耗時=12.9ms, 最大耗時=81.3ms, 指令數=59
2025-07-21 06:56:28 [WARNING] GripperOptimized:fast_loop:492 - 主循環執行時間過長: 30.4ms
2025-07-21 06:56:32 [WARNING] GripperOptimized:fast_loop:492 - 主循環執行時間過長: 30.9ms
2025-07-21 06:56:36 [WARNING] GripperOptimized:fast_loop:492 - 主循環執行時間過長: 31.0ms
2025-07-21 06:56:46 [INFO] GripperOptimized:fast_loop:484 - 性能統計: 循環=1298000, 平均耗時=13.9ms, 最大耗時=81.3ms, 指令數=59
2025-07-21 06:56:52 [WARNING] GripperOptimized:fast_loop:492 - 主循環執行時間過長: 30.2ms
2025-07-21 06:56:54 [WARNING] GripperOptimized:fast_loop:492 - 主循環執行時間過長: 30.9ms
2025-07-21 06:57:06 [INFO] GripperOptimized:fast_loop:484 - 性能統計: 循環=1299000, 平均耗時=14.2ms, 最大耗時=81.3ms, 指令數=59
2025-07-21 06:57:17 [WARNING] GripperOptimized:fast_loop:492 - 主循環執行時間過長: 31.2ms
2025-07-21 06:57:20 [WARNING] GripperOptimized:fast_loop:492 - 主循環執行時間過長: 32.2ms
2025-07-21 06:57:27 [INFO] GripperOptimized:fast_loop:484 - 性能統計: 循環=1300000, 平均耗時=12.2ms, 最大耗時=81.3ms, 指令數=59
2025-07-21 06:57:29 [WARNING] GripperOptimized:fast_loop:492 - 主循環執行時間過長: 33.7ms
2025-07-21 06:57:32 [WARNING] GripperOptimized:fast_loop:492 - 主循環執行時間過長: 30.6ms
2025-07-21 06:57:48 [INFO] GripperOptimized:fast_loop:484 - 性能統計: 循環=1301000, 平均耗時=13.4ms, 最大耗時=81.3ms, 指令數=59
2025-07-21 06:57:50 [WARNING] GripperOptimized:fast_loop:492 - 主循環執行時間過長: 31.2ms
2025-07-21 06:57:56 [WARNING] GripperOptimized:fast_loop:492 - 主循環執行時間過長: 30.4ms
2025-07-21 06:58:09 [INFO] GripperOptimized:fast_loop:484 - 性能統計: 循環=1302000, 平均耗時=13.5ms, 最大耗時=81.3ms, 指令數=59
2025-07-21 06:58:16 [WARNING] GripperOptimized:fast_loop:492 - 主循環執行時間過長: 30.8ms
2025-07-21 06:58:18 [WARNING] GripperOptimized:fast_loop:492 - 主循環執行時間過長: 30.1ms
2025-07-21 06:58:28 [WARNING] GripperOptimized:fast_loop:492 - 主循環執行時間過長: 32.3ms
2025-07-21 06:58:30 [INFO] GripperOptimized:fast_loop:484 - 性能統計: 循環=1303000, 平均耗時=13.1ms, 最大耗時=81.3ms, 指令數=59
2025-07-21 06:58:34 [WARNING] GripperOptimized:fast_loop:492 - 主循環執行時間過長: 30.0ms
2025-07-21 06:58:36 [WARNING] GripperOptimized:fast_loop:492 - 主循環執行時間過長: 30.1ms
2025-07-21 06:58:40 [WARNING] GripperOptimized:fast_loop:492 - 主循環執行時間過長: 33.9ms
2025-07-21 06:58:48 [WARNING] GripperOptimized:fast_loop:492 - 主循環執行時間過長: 31.8ms
2025-07-21 06:58:50 [INFO] GripperOptimized:fast_loop:484 - 性能統計: 循環=1304000, 平均耗時=12.5ms, 最大耗時=81.3ms, 指令數=59
2025-07-21 06:58:50 [WARNING] GripperOptimized:fast_loop:492 - 主循環執行時間過長: 31.4ms
2025-07-21 06:58:54 [WARNING] GripperOptimized:fast_loop:492 - 主循環執行時間過長: 32.4ms
2025-07-21 06:59:07 [WARNING] GripperOptimized:fast_loop:492 - 主循環執行時間過長: 30.7ms
2025-07-21 06:59:11 [INFO] GripperOptimized:fast_loop:484 - 性能統計: 循環=1305000, 平均耗時=13.0ms, 最大耗時=81.3ms, 指令數=59
2025-07-21 06:59:17 [WARNING] GripperOptimized:fast_loop:492 - 主循環執行時間過長: 30.9ms
2025-07-21 06:59:23 [WARNING] GripperOptimized:fast_loop:492 - 主循環執行時間過長: 30.5ms
2025-07-21 06:59:28 [WARNING] GripperOptimized:fast_loop:492 - 主循環執行時間過長: 30.0ms
2025-07-21 06:59:32 [INFO] GripperOptimized:fast_loop:484 - 性能統計: 循環=1306000, 平均耗時=13.2ms, 最大耗時=81.3ms, 指令數=59
2025-07-21 06:59:32 [WARNING] GripperOptimized:fast_loop:492 - 主循環執行時間過長: 32.0ms
2025-07-21 06:59:42 [WARNING] GripperOptimized:fast_loop:492 - 主循環執行時間過長: 33.3ms
2025-07-21 06:59:53 [INFO] GripperOptimized:fast_loop:484 - 性能統計: 循環=1307000, 平均耗時=13.1ms, 最大耗時=81.3ms, 指令數=59
2025-07-21 07:00:02 [WARNING] GripperOptimized:fast_loop:492 - 主循環執行時間過長: 30.1ms
2025-07-21 07:00:03 [WARNING] GripperOptimized:fast_loop:492 - 主循環執行時間過長: 31.0ms
2025-07-21 07:00:08 [WARNING] GripperOptimized:fast_loop:492 - 主循環執行時間過長: 31.8ms
2025-07-21 07:00:14 [INFO] GripperOptimized:fast_loop:484 - 性能統計: 循環=1308000, 平均耗時=13.4ms, 最大耗時=81.3ms, 指令數=59
2025-07-21 07:00:20 [WARNING] GripperOptimized:fast_loop:492 - 主循環執行時間過長: 30.3ms
2025-07-21 07:00:21 [WARNING] GripperOptimized:fast_loop:492 - 主循環執行時間過長: 31.9ms
2025-07-21 07:00:24 [WARNING] GripperOptimized:fast_loop:492 - 主循環執行時間過長: 30.2ms
2025-07-21 07:00:31 [WARNING] GripperOptimized:fast_loop:492 - 主循環執行時間過長: 30.5ms
2025-07-21 07:00:33 [WARNING] GripperOptimized:fast_loop:492 - 主循環執行時間過長: 30.5ms
2025-07-21 07:00:34 [INFO] GripperOptimized:fast_loop:484 - 性能統計: 循環=1309000, 平均耗時=13.2ms, 最大耗時=81.3ms, 指令數=59
2025-07-21 07:00:34 [WARNING] GripperOptimized:fast_loop:492 - 主循環執行時間過長: 31.1ms
2025-07-21 07:00:35 [WARNING] GripperOptimized:fast_loop:492 - 主循環執行時間過長: 32.6ms
2025-07-21 07:00:40 [WARNING] GripperOptimized:fast_loop:492 - 主循環執行時間過長: 30.6ms
2025-07-21 07:00:42 [WARNING] GripperOptimized:fast_loop:492 - 主循環執行時間過長: 31.6ms
2025-07-21 07:00:50 [WARNING] GripperOptimized:fast_loop:492 - 主循環執行時間過長: 30.1ms
2025-07-21 07:00:55 [INFO] GripperOptimized:fast_loop:484 - 性能統計: 循環=1310000, 平均耗時=12.4ms, 最大耗時=81.3ms, 指令數=59
2025-07-21 07:00:57 [WARNING] GripperOptimized:fast_loop:492 - 主循環執行時間過長: 32.0ms
2025-07-21 07:01:02 [WARNING] GripperOptimized:fast_loop:492 - 主循環執行時間過長: 30.8ms
2025-07-21 07:01:13 [WARNING] GripperOptimized:fast_loop:492 - 主循環執行時間過長: 31.5ms
2025-07-21 07:01:16 [INFO] GripperOptimized:fast_loop:484 - 性能統計: 循環=1311000, 平均耗時=13.3ms, 最大耗時=81.3ms, 指令數=59
2025-07-21 07:01:19 [WARNING] GripperOptimized:fast_loop:492 - 主循環執行時間過長: 30.5ms
2025-07-21 07:01:34 [WARNING] GripperOptimized:fast_loop:492 - 主循環執行時間過長: 30.6ms
2025-07-21 07:01:35 [WARNING] GripperOptimized:fast_loop:492 - 主循環執行時間過長: 30.2ms
2025-07-21 07:01:37 [INFO] GripperOptimized:fast_loop:484 - 性能統計: 循環=1312000, 平均耗時=13.3ms, 最大耗時=81.3ms, 指令數=59
2025-07-21 07:01:37 [WARNING] GripperOptimized:fast_loop:492 - 主循環執行時間過長: 30.1ms
2025-07-21 07:01:41 [WARNING] GripperOptimized:fast_loop:492 - 主循環執行時間過長: 31.3ms
2025-07-21 07:01:42 [WARNING] GripperOptimized:fast_loop:492 - 主循環執行時間過長: 30.9ms
2025-07-21 07:01:45 [WARNING] GripperOptimized:fast_loop:492 - 主循環執行時間過長: 30.3ms
2025-07-21 07:01:51 [WARNING] GripperOptimized:fast_loop:492 - 主循環執行時間過長: 32.2ms
2025-07-21 07:01:57 [WARNING] GripperOptimized:fast_loop:492 - 主循環執行時間過長: 30.9ms
2025-07-21 07:01:58 [INFO] GripperOptimized:fast_loop:484 - 性能統計: 循環=1313000, 平均耗時=13.8ms, 最大耗時=81.3ms, 指令數=59
2025-07-21 07:02:00 [WARNING] GripperOptimized:fast_loop:492 - 主循環執行時間過長: 30.1ms
2025-07-21 07:02:11 [WARNING] GripperOptimized:fast_loop:492 - 主循環執行時間過長: 30.4ms
2025-07-21 07:02:15 [WARNING] GripperOptimized:fast_loop:492 - 主循環執行時間過長: 30.4ms
2025-07-21 07:02:16 [WARNING] GripperOptimized:fast_loop:492 - 主循環執行時間過長: 30.0ms
2025-07-21 07:02:18 [INFO] GripperOptimized:fast_loop:484 - 性能統計: 循環=1314000, 平均耗時=13.4ms, 最大耗時=81.3ms, 指令數=59
2025-07-21 07:02:19 [WARNING] GripperOptimized:fast_loop:492 - 主循環執行時間過長: 30.1ms
2025-07-21 07:02:26 [WARNING] GripperOptimized:fast_loop:492 - 主循環執行時間過長: 31.4ms
2025-07-21 07:02:32 [WARNING] GripperOptimized:fast_loop:492 - 主循環執行時間過長: 31.3ms
2025-07-21 07:02:39 [INFO] GripperOptimized:fast_loop:484 - 性能統計: 循環=1315000, 平均耗時=12.4ms, 最大耗時=81.3ms, 指令數=59
2025-07-21 07:02:41 [WARNING] GripperOptimized:fast_loop:492 - 主循環執行時間過長: 30.5ms
2025-07-21 07:02:47 [WARNING] GripperOptimized:fast_loop:492 - 主循環執行時間過長: 30.1ms
2025-07-21 07:03:00 [INFO] GripperOptimized:fast_loop:484 - 性能統計: 循環=1316000, 平均耗時=13.4ms, 最大耗時=81.3ms, 指令數=59
2025-07-21 07:03:08 [WARNING] GripperOptimized:fast_loop:492 - 主循環執行時間過長: 30.6ms
2025-07-21 07:03:19 [WARNING] GripperOptimized:fast_loop:492 - 主循環執行時間過長: 30.8ms
2025-07-21 07:03:21 [INFO] GripperOptimized:fast_loop:484 - 性能統計: 循環=1317000, 平均耗時=13.5ms, 最大耗時=81.3ms, 指令數=59
2025-07-21 07:03:33 [WARNING] GripperOptimized:fast_loop:492 - 主循環執行時間過長: 30.0ms
2025-07-21 07:03:41 [INFO] GripperOptimized:fast_loop:484 - 性能統計: 循環=1318000, 平均耗時=12.9ms, 最大耗時=81.3ms, 指令數=59
2025-07-21 07:04:02 [INFO] GripperOptimized:fast_loop:484 - 性能統計: 循環=1319000, 平均耗時=12.9ms, 最大耗時=81.3ms, 指令數=59
2025-07-21 07:04:02 [WARNING] GripperOptimized:fast_loop:492 - 主循環執行時間過長: 30.3ms
2025-07-21 07:04:14 [WARNING] GripperOptimized:fast_loop:492 - 主循環執行時間過長: 30.0ms
2025-07-21 07:04:17 [WARNING] GripperOptimized:fast_loop:492 - 主循環執行時間過長: 30.1ms
2025-07-21 07:04:23 [INFO] GripperOptimized:fast_loop:484 - 性能統計: 循環=1320000, 平均耗時=13.6ms, 最大耗時=81.3ms, 指令數=59
2025-07-21 07:04:25 [WARNING] GripperOptimized:fast_loop:492 - 主循環執行時間過長: 30.2ms
2025-07-21 07:04:27 [WARNING] GripperOptimized:fast_loop:492 - 主循環執行時間過長: 30.8ms
2025-07-21 07:04:29 [WARNING] GripperOptimized:fast_loop:492 - 主循環執行時間過長: 33.2ms
2025-07-21 07:04:43 [WARNING] GripperOptimized:fast_loop:492 - 主循環執行時間過長: 31.7ms
2025-07-21 07:04:44 [INFO] GripperOptimized:fast_loop:484 - 性能統計: 循環=1321000, 平均耗時=13.6ms, 最大耗時=81.3ms, 指令數=59
2025-07-21 07:04:47 [WARNING] GripperOptimized:fast_loop:492 - 主循環執行時間過長: 31.0ms
2025-07-21 07:04:51 [WARNING] GripperOptimized:fast_loop:492 - 主循環執行時間過長: 30.3ms
2025-07-21 07:05:05 [INFO] GripperOptimized:fast_loop:484 - 性能統計: 循環=1322000, 平均耗時=13.7ms, 最大耗時=81.3ms, 指令數=59
2025-07-21 07:05:10 [WARNING] GripperOptimized:fast_loop:492 - 主循環執行時間過長: 32.9ms
2025-07-21 07:05:15 [WARNING] GripperOptimized:fast_loop:492 - 主循環執行時間過長: 30.5ms
2025-07-21 07:05:25 [INFO] GripperOptimized:fast_loop:484 - 性能統計: 循環=1323000, 平均耗時=13.6ms, 最大耗時=81.3ms, 指令數=59
2025-07-21 07:05:31 [WARNING] GripperOptimized:fast_loop:492 - 主循環執行時間過長: 31.4ms
2025-07-21 07:05:33 [WARNING] GripperOptimized:fast_loop:492 - 主循環執行時間過長: 31.5ms
2025-07-21 07:05:45 [WARNING] GripperOptimized:fast_loop:492 - 主循環執行時間過長: 30.3ms
2025-07-21 07:05:46 [INFO] GripperOptimized:fast_loop:484 - 性能統計: 循環=1324000, 平均耗時=13.1ms, 最大耗時=81.3ms, 指令數=59
2025-07-21 07:05:46 [WARNING] GripperOptimized:fast_loop:492 - 主循環執行時間過長: 31.8ms
2025-07-21 07:05:48 [WARNING] GripperOptimized:fast_loop:492 - 主循環執行時間過長: 30.6ms
2025-07-21 07:05:58 [WARNING] GripperOptimized:fast_loop:492 - 主循環執行時間過長: 30.8ms
2025-07-21 07:06:07 [INFO] GripperOptimized:fast_loop:484 - 性能統計: 循環=1325000, 平均耗時=13.8ms, 最大耗時=81.3ms, 指令數=59
2025-07-21 07:06:09 [WARNING] GripperOptimized:fast_loop:492 - 主循環執行時間過長: 30.9ms
2025-07-21 07:06:10 [WARNING] GripperOptimized:fast_loop:492 - 主循環執行時間過長: 30.5ms
2025-07-21 07:06:16 [WARNING] GripperOptimized:fast_loop:492 - 主循環執行時間過長: 30.2ms
2025-07-21 07:06:28 [INFO] GripperOptimized:fast_loop:484 - 性能統計: 循環=1326000, 平均耗時=13.2ms, 最大耗時=81.3ms, 指令數=59
2025-07-21 07:06:32 [WARNING] GripperOptimized:fast_loop:492 - 主循環執行時間過長: 30.2ms
2025-07-21 07:06:36 [WARNING] GripperOptimized:fast_loop:492 - 主循環執行時間過長: 31.0ms
2025-07-21 07:06:37 [WARNING] GripperOptimized:fast_loop:492 - 主循環執行時間過長: 30.3ms
2025-07-21 07:06:39 [WARNING] GripperOptimized:fast_loop:492 - 主循環執行時間過長: 31.0ms
2025-07-21 07:06:49 [INFO] GripperOptimized:fast_loop:484 - 性能統計: 循環=1327000, 平均耗時=14.3ms, 最大耗時=81.3ms, 指令數=59
2025-07-21 07:06:53 [WARNING] GripperOptimized:fast_loop:492 - 主循環執行時間過長: 30.4ms
2025-07-21 07:06:55 [WARNING] GripperOptimized:fast_loop:492 - 主循環執行時間過長: 32.2ms
2025-07-21 07:06:59 [WARNING] GripperOptimized:fast_loop:492 - 主循環執行時間過長: 31.0ms
2025-07-21 07:07:00 [WARNING] GripperOptimized:fast_loop:492 - 主循環執行時間過長: 30.8ms
2025-07-21 07:07:07 [WARNING] GripperOptimized:fast_loop:492 - 主循環執行時間過長: 31.2ms
2025-07-21 07:07:09 [INFO] GripperOptimized:fast_loop:484 - 性能統計: 循環=1328000, 平均耗時=14.1ms, 最大耗時=81.3ms, 指令數=59
2025-07-21 07:07:16 [WARNING] GripperOptimized:fast_loop:492 - 主循環執行時間過長: 30.3ms
2025-07-21 07:07:18 [WARNING] GripperOptimized:fast_loop:492 - 主循環執行時間過長: 30.2ms
2025-07-21 07:07:30 [INFO] GripperOptimized:fast_loop:484 - 性能統計: 循環=1329000, 平均耗時=13.0ms, 最大耗時=81.3ms, 指令數=59
2025-07-21 07:07:30 [WARNING] GripperOptimized:fast_loop:492 - 主循環執行時間過長: 30.2ms
2025-07-21 07:07:35 [WARNING] GripperOptimized:fast_loop:492 - 主循環執行時間過長: 30.2ms
2025-07-21 07:07:36 [WARNING] GripperOptimized:fast_loop:492 - 主循環執行時間過長: 30.5ms
2025-07-21 07:07:37 [WARNING] GripperOptimized:fast_loop:492 - 主循環執行時間過長: 31.4ms
2025-07-21 07:07:40 [WARNING] GripperOptimized:fast_loop:492 - 主循環執行時間過長: 30.2ms
2025-07-21 07:07:41 [WARNING] GripperOptimized:fast_loop:492 - 主循環執行時間過長: 36.5ms
2025-07-21 07:07:51 [INFO] GripperOptimized:fast_loop:484 - 性能統計: 循環=1330000, 平均耗時=12.8ms, 最大耗時=81.3ms, 指令數=59
2025-07-21 07:07:51 [WARNING] GripperOptimized:fast_loop:492 - 主循環執行時間過長: 30.3ms
2025-07-21 07:07:59 [WARNING] GripperOptimized:fast_loop:492 - 主循環執行時間過長: 30.2ms
2025-07-21 07:08:09 [WARNING] GripperOptimized:fast_loop:492 - 主循環執行時間過長: 32.3ms
2025-07-21 07:08:12 [INFO] GripperOptimized:fast_loop:484 - 性能統計: 循環=1331000, 平均耗時=13.2ms, 最大耗時=81.3ms, 指令數=59
2025-07-21 07:08:23 [WARNING] GripperOptimized:fast_loop:492 - 主循環執行時間過長: 30.4ms
2025-07-21 07:08:33 [INFO] GripperOptimized:fast_loop:484 - 性能統計: 循環=1332000, 平均耗時=12.8ms, 最大耗時=81.3ms, 指令數=59
2025-07-21 07:08:36 [WARNING] GripperOptimized:fast_loop:492 - 主循環執行時間過長: 31.4ms
2025-07-21 07:08:43 [WARNING] GripperOptimized:fast_loop:492 - 主循環執行時間過長: 30.9ms
2025-07-21 07:08:45 [WARNING] GripperOptimized:fast_loop:492 - 主循環執行時間過長: 31.9ms
2025-07-21 07:08:46 [WARNING] GripperOptimized:fast_loop:492 - 主循環執行時間過長: 32.0ms
2025-07-21 07:08:53 [INFO] GripperOptimized:fast_loop:484 - 性能統計: 循環=1333000, 平均耗時=13.7ms, 最大耗時=81.3ms, 指令數=59
2025-07-21 07:09:00 [WARNING] GripperOptimized:fast_loop:492 - 主循環執行時間過長: 30.0ms
2025-07-21 07:09:14 [INFO] GripperOptimized:fast_loop:484 - 性能統計: 循環=1334000, 平均耗時=13.4ms, 最大耗時=81.3ms, 指令數=59
2025-07-21 07:09:21 [WARNING] GripperOptimized:fast_loop:492 - 主循環執行時間過長: 32.0ms
2025-07-21 07:09:22 [WARNING] GripperOptimized:fast_loop:492 - 主循環執行時間過長: 34.2ms
2025-07-21 07:09:24 [WARNING] GripperOptimized:fast_loop:492 - 主循環執行時間過長: 30.1ms
2025-07-21 07:09:26 [WARNING] GripperOptimized:fast_loop:492 - 主循環執行時間過長: 30.4ms
2025-07-21 07:09:31 [WARNING] GripperOptimized:fast_loop:492 - 主循環執行時間過長: 30.7ms
2025-07-21 07:09:35 [INFO] GripperOptimized:fast_loop:484 - 性能統計: 循環=1335000, 平均耗時=13.4ms, 最大耗時=81.3ms, 指令數=59
2025-07-21 07:09:35 [WARNING] GripperOptimized:fast_loop:492 - 主循環執行時間過長: 32.5ms
2025-07-21 07:09:40 [WARNING] GripperOptimized:fast_loop:492 - 主循環執行時間過長: 32.1ms
2025-07-21 07:09:42 [WARNING] GripperOptimized:fast_loop:492 - 主循環執行時間過長: 30.1ms
2025-07-21 07:09:44 [WARNING] GripperOptimized:fast_loop:492 - 主循環執行時間過長: 32.5ms
2025-07-21 07:09:48 [WARNING] GripperOptimized:fast_loop:492 - 主循環執行時間過長: 30.1ms
2025-07-21 07:09:50 [WARNING] GripperOptimized:fast_loop:492 - 主循環執行時間過長: 31.1ms
2025-07-21 07:09:55 [WARNING] GripperOptimized:fast_loop:492 - 主循環執行時間過長: 30.8ms
2025-07-21 07:09:56 [INFO] GripperOptimized:fast_loop:484 - 性能統計: 循環=1336000, 平均耗時=13.0ms, 最大耗時=81.3ms, 指令數=59
2025-07-21 07:09:56 [WARNING] GripperOptimized:fast_loop:492 - 主循環執行時間過長: 33.3ms
2025-07-21 07:09:58 [WARNING] GripperOptimized:fast_loop:492 - 主循環執行時間過長: 32.8ms
2025-07-21 07:10:00 [WARNING] GripperOptimized:fast_loop:492 - 主循環執行時間過長: 30.8ms
2025-07-21 07:10:02 [WARNING] GripperOptimized:fast_loop:492 - 主循環執行時間過長: 30.4ms
2025-07-21 07:10:03 [WARNING] GripperOptimized:fast_loop:492 - 主循環執行時間過長: 30.0ms
2025-07-21 07:10:06 [WARNING] GripperOptimized:fast_loop:492 - 主循環執行時間過長: 30.3ms
2025-07-21 07:10:07 [WARNING] GripperOptimized:fast_loop:492 - 主循環執行時間過長: 30.9ms
2025-07-21 07:10:09 [WARNING] GripperOptimized:fast_loop:492 - 主循環執行時間過長: 31.7ms
2025-07-21 07:10:10 [WARNING] GripperOptimized:fast_loop:492 - 主循環執行時間過長: 30.6ms
2025-07-21 07:10:12 [WARNING] GripperOptimized:fast_loop:492 - 主循環執行時間過長: 30.3ms
2025-07-21 07:10:13 [WARNING] GripperOptimized:fast_loop:492 - 主循環執行時間過長: 30.8ms
2025-07-21 07:10:17 [INFO] GripperOptimized:fast_loop:484 - 性能統計: 循環=1337000, 平均耗時=13.0ms, 最大耗時=81.3ms, 指令數=59
2025-07-21 07:10:19 [WARNING] GripperOptimized:fast_loop:492 - 主循環執行時間過長: 30.9ms
2025-07-21 07:10:21 [WARNING] GripperOptimized:fast_loop:492 - 主循環執行時間過長: 32.4ms
2025-07-21 07:10:28 [WARNING] GripperOptimized:fast_loop:492 - 主循環執行時間過長: 30.2ms
2025-07-21 07:10:33 [WARNING] GripperOptimized:fast_loop:492 - 主循環執行時間過長: 30.6ms
2025-07-21 07:10:35 [WARNING] GripperOptimized:fast_loop:492 - 主循環執行時間過長: 30.6ms
2025-07-21 07:10:37 [INFO] GripperOptimized:fast_loop:484 - 性能統計: 循環=1338000, 平均耗時=12.3ms, 最大耗時=81.3ms, 指令數=59
2025-07-21 07:10:37 [WARNING] GripperOptimized:fast_loop:492 - 主循環執行時間過長: 30.7ms
2025-07-21 07:10:40 [WARNING] GripperOptimized:fast_loop:492 - 主循環執行時間過長: 30.3ms
2025-07-21 07:10:44 [WARNING] GripperOptimized:fast_loop:492 - 主循環執行時間過長: 30.8ms
2025-07-21 07:10:46 [WARNING] GripperOptimized:fast_loop:492 - 主循環執行時間過長: 30.2ms
2025-07-21 07:10:47 [WARNING] GripperOptimized:fast_loop:492 - 主循環執行時間過長: 31.4ms
2025-07-21 07:10:50 [WARNING] GripperOptimized:fast_loop:492 - 主循環執行時間過長: 31.0ms
2025-07-21 07:10:57 [WARNING] GripperOptimized:fast_loop:492 - 主循環執行時間過長: 30.2ms
2025-07-21 07:10:58 [INFO] GripperOptimized:fast_loop:484 - 性能統計: 循環=1339000, 平均耗時=13.9ms, 最大耗時=81.3ms, 指令數=59
2025-07-21 07:11:12 [WARNING] GripperOptimized:fast_loop:492 - 主循環執行時間過長: 31.0ms
2025-07-21 07:11:16 [WARNING] GripperOptimized:fast_loop:492 - 主循環執行時間過長: 30.4ms
2025-07-21 07:11:19 [INFO] GripperOptimized:fast_loop:484 - 性能統計: 循環=1340000, 平均耗時=13.0ms, 最大耗時=81.3ms, 指令數=59
2025-07-21 07:11:29 [WARNING] GripperOptimized:fast_loop:492 - 主循環執行時間過長: 31.3ms
2025-07-21 07:11:33 [WARNING] GripperOptimized:fast_loop:492 - 主循環執行時間過長: 30.4ms
2025-07-21 07:11:38 [WARNING] GripperOptimized:fast_loop:492 - 主循環執行時間過長: 30.0ms
2025-07-21 07:11:40 [INFO] GripperOptimized:fast_loop:484 - 性能統計: 循環=1341000, 平均耗時=13.3ms, 最大耗時=81.3ms, 指令數=59
2025-07-21 07:11:40 [WARNING] GripperOptimized:fast_loop:492 - 主循環執行時間過長: 31.6ms
2025-07-21 07:11:49 [WARNING] GripperOptimized:fast_loop:492 - 主循環執行時間過長: 30.8ms
2025-07-21 07:12:00 [INFO] GripperOptimized:fast_loop:484 - 性能統計: 循環=1342000, 平均耗時=13.3ms, 最大耗時=81.3ms, 指令數=59
2025-07-21 07:12:05 [WARNING] GripperOptimized:fast_loop:492 - 主循環執行時間過長: 31.2ms
2025-07-21 07:12:10 [WARNING] GripperOptimized:fast_loop:492 - 主循環執行時間過長: 31.0ms
2025-07-21 07:12:14 [WARNING] GripperOptimized:fast_loop:492 - 主循環執行時間過長: 31.3ms
2025-07-21 07:12:19 [WARNING] GripperOptimized:fast_loop:492 - 主循環執行時間過長: 30.4ms
2025-07-21 07:12:21 [INFO] GripperOptimized:fast_loop:484 - 性能統計: 循環=1343000, 平均耗時=13.7ms, 最大耗時=81.3ms, 指令數=59
2025-07-21 07:12:23 [WARNING] GripperOptimized:fast_loop:492 - 主循環執行時間過長: 30.6ms
2025-07-21 07:12:26 [WARNING] GripperOptimized:fast_loop:492 - 主循環執行時間過長: 32.8ms
2025-07-21 07:12:28 [WARNING] GripperOptimized:fast_loop:492 - 主循環執行時間過長: 30.0ms
2025-07-21 07:12:34 [WARNING] GripperOptimized:fast_loop:492 - 主循環執行時間過長: 30.6ms
2025-07-21 07:12:40 [WARNING] GripperOptimized:fast_loop:492 - 主循環執行時間過長: 30.3ms
2025-07-21 07:12:42 [INFO] GripperOptimized:fast_loop:484 - 性能統計: 循環=1344000, 平均耗時=14.1ms, 最大耗時=81.3ms, 指令數=59
2025-07-21 07:12:45 [WARNING] GripperOptimized:fast_loop:492 - 主循環執行時間過長: 31.6ms
2025-07-21 07:12:50 [WARNING] GripperOptimized:fast_loop:492 - 主循環執行時間過長: 31.1ms
2025-07-21 07:12:54 [WARNING] GripperOptimized:fast_loop:492 - 主循環執行時間過長: 30.6ms
2025-07-21 07:13:03 [INFO] GripperOptimized:fast_loop:484 - 性能統計: 循環=1345000, 平均耗時=13.3ms, 最大耗時=81.3ms, 指令數=59
2025-07-21 07:13:06 [WARNING] GripperOptimized:fast_loop:492 - 主循環執行時間過長: 30.8ms
2025-07-21 07:13:14 [WARNING] GripperOptimized:fast_loop:492 - 主循環執行時間過長: 31.2ms
2025-07-21 07:13:21 [WARNING] GripperOptimized:fast_loop:492 - 主循環執行時間過長: 30.7ms
2025-07-21 07:13:24 [INFO] GripperOptimized:fast_loop:484 - 性能統計: 循環=1346000, 平均耗時=13.7ms, 最大耗時=81.3ms, 指令數=59
2025-07-21 07:13:34 [WARNING] GripperOptimized:fast_loop:492 - 主循環執行時間過長: 30.9ms
2025-07-21 07:13:35 [WARNING] GripperOptimized:fast_loop:492 - 主循環執行時間過長: 32.6ms
2025-07-21 07:13:39 [WARNING] GripperOptimized:fast_loop:492 - 主循環執行時間過長: 31.1ms
2025-07-21 07:13:41 [WARNING] GripperOptimized:fast_loop:492 - 主循環執行時間過長: 30.7ms
2025-07-21 07:13:43 [WARNING] GripperOptimized:fast_loop:492 - 主循環執行時間過長: 31.1ms
2025-07-21 07:13:44 [INFO] GripperOptimized:fast_loop:484 - 性能統計: 循環=1347000, 平均耗時=13.3ms, 最大耗時=81.3ms, 指令數=59
2025-07-21 07:13:47 [WARNING] GripperOptimized:fast_loop:492 - 主循環執行時間過長: 30.0ms
2025-07-21 07:13:48 [WARNING] GripperOptimized:fast_loop:492 - 主循環執行時間過長: 31.4ms
2025-07-21 07:13:51 [WARNING] GripperOptimized:fast_loop:492 - 主循環執行時間過長: 31.1ms
2025-07-21 07:13:57 [WARNING] GripperOptimized:fast_loop:492 - 主循環執行時間過長: 30.6ms
2025-07-21 07:14:02 [WARNING] GripperOptimized:fast_loop:492 - 主循環執行時間過長: 30.7ms
2025-07-21 07:14:04 [WARNING] GripperOptimized:fast_loop:492 - 主循環執行時間過長: 31.0ms
2025-07-21 07:14:05 [INFO] GripperOptimized:fast_loop:484 - 性能統計: 循環=1348000, 平均耗時=13.0ms, 最大耗時=81.3ms, 指令數=59
2025-07-21 07:14:13 [WARNING] GripperOptimized:fast_loop:492 - 主循環執行時間過長: 31.4ms
2025-07-21 07:14:15 [WARNING] GripperOptimized:fast_loop:492 - 主循環執行時間過長: 32.1ms
2025-07-21 07:14:19 [WARNING] GripperOptimized:fast_loop:492 - 主循環執行時間過長: 31.6ms
2025-07-21 07:14:25 [WARNING] GripperOptimized:fast_loop:492 - 主循環執行時間過長: 30.7ms
2025-07-21 07:14:26 [INFO] GripperOptimized:fast_loop:484 - 性能統計: 循環=1349000, 平均耗時=13.0ms, 最大耗時=81.3ms, 指令數=59
2025-07-21 07:14:29 [WARNING] GripperOptimized:fast_loop:492 - 主循環執行時間過長: 31.1ms
2025-07-21 07:14:36 [WARNING] GripperOptimized:fast_loop:492 - 主循環執行時間過長: 31.6ms
2025-07-21 07:14:37 [WARNING] GripperOptimized:fast_loop:492 - 主循環執行時間過長: 31.4ms
2025-07-21 07:14:47 [INFO] GripperOptimized:fast_loop:484 - 性能統計: 循環=1350000, 平均耗時=13.8ms, 最大耗時=81.3ms, 指令數=59
2025-07-21 07:14:48 [WARNING] GripperOptimized:fast_loop:492 - 主循環執行時間過長: 30.8ms
2025-07-21 07:14:52 [WARNING] GripperOptimized:fast_loop:492 - 主循環執行時間過長: 31.7ms
2025-07-21 07:14:54 [WARNING] GripperOptimized:fast_loop:492 - 主循環執行時間過長: 31.9ms
2025-07-21 07:14:55 [WARNING] GripperOptimized:fast_loop:492 - 主循環執行時間過長: 31.6ms
2025-07-21 07:15:08 [INFO] GripperOptimized:fast_loop:484 - 性能統計: 循環=1351000, 平均耗時=13.2ms, 最大耗時=81.3ms, 指令數=59
2025-07-21 07:15:08 [WARNING] GripperOptimized:fast_loop:492 - 主循環執行時間過長: 31.6ms
2025-07-21 07:15:09 [WARNING] GripperOptimized:fast_loop:492 - 主循環執行時間過長: 30.4ms
2025-07-21 07:15:12 [WARNING] GripperOptimized:fast_loop:492 - 主循環執行時間過長: 30.6ms
2025-07-21 07:15:14 [WARNING] GripperOptimized:fast_loop:492 - 主循環執行時間過長: 30.1ms
2025-07-21 07:15:18 [WARNING] GripperOptimized:fast_loop:492 - 主循環執行時間過長: 30.0ms
2025-07-21 07:15:19 [WARNING] GripperOptimized:fast_loop:492 - 主循環執行時間過長: 31.9ms
2025-07-21 07:15:21 [WARNING] GripperOptimized:fast_loop:492 - 主循環執行時間過長: 30.4ms
2025-07-21 07:15:25 [WARNING] GripperOptimized:fast_loop:492 - 主循環執行時間過長: 30.3ms
2025-07-21 07:15:28 [INFO] GripperOptimized:fast_loop:484 - 性能統計: 循環=1352000, 平均耗時=13.4ms, 最大耗時=81.3ms, 指令數=59
2025-07-21 07:15:32 [WARNING] GripperOptimized:fast_loop:492 - 主循環執行時間過長: 30.6ms
2025-07-21 07:15:35 [WARNING] GripperOptimized:fast_loop:492 - 主循環執行時間過長: 30.1ms
2025-07-21 07:15:41 [WARNING] GripperOptimized:fast_loop:492 - 主循環執行時間過長: 31.3ms
2025-07-21 07:15:47 [WARNING] GripperOptimized:fast_loop:492 - 主循環執行時間過長: 31.1ms
2025-07-21 07:15:49 [INFO] GripperOptimized:fast_loop:484 - 性能統計: 循環=1353000, 平均耗時=12.9ms, 最大耗時=81.3ms, 指令數=59
2025-07-21 07:15:49 [WARNING] GripperOptimized:fast_loop:492 - 主循環執行時間過長: 30.8ms
2025-07-21 07:15:59 [WARNING] GripperOptimized:fast_loop:492 - 主循環執行時間過長: 31.2ms
2025-07-21 07:16:02 [WARNING] GripperOptimized:fast_loop:492 - 主循環執行時間過長: 30.5ms
2025-07-21 07:16:04 [WARNING] GripperOptimized:fast_loop:492 - 主循環執行時間過長: 30.7ms
2025-07-21 07:16:10 [INFO] GripperOptimized:fast_loop:484 - 性能統計: 循環=1354000, 平均耗時=12.8ms, 最大耗時=81.3ms, 指令數=59
2025-07-21 07:16:11 [WARNING] GripperOptimized:fast_loop:492 - 主循環執行時間過長: 32.1ms
2025-07-21 07:16:13 [WARNING] GripperOptimized:fast_loop:492 - 主循環執行時間過長: 30.2ms
2025-07-21 07:16:14 [WARNING] GripperOptimized:fast_loop:492 - 主循環執行時間過長: 30.7ms
2025-07-21 07:16:21 [WARNING] GripperOptimized:fast_loop:492 - 主循環執行時間過長: 31.6ms
2025-07-21 07:16:25 [WARNING] GripperOptimized:fast_loop:492 - 主循環執行時間過長: 30.3ms
2025-07-21 07:16:27 [WARNING] GripperOptimized:fast_loop:492 - 主循環執行時間過長: 30.6ms
2025-07-21 07:16:29 [WARNING] GripperOptimized:fast_loop:492 - 主循環執行時間過長: 30.3ms
2025-07-21 07:16:30 [WARNING] GripperOptimized:fast_loop:492 - 主循環執行時間過長: 30.6ms
2025-07-21 07:16:31 [INFO] GripperOptimized:fast_loop:484 - 性能統計: 循環=1355000, 平均耗時=13.2ms, 最大耗時=81.3ms, 指令數=59
2025-07-21 07:16:34 [WARNING] GripperOptimized:fast_loop:492 - 主循環執行時間過長: 30.2ms
2025-07-21 07:16:41 [WARNING] GripperOptimized:fast_loop:492 - 主循環執行時間過長: 30.5ms
2025-07-21 07:16:43 [WARNING] GripperOptimized:fast_loop:492 - 主循環執行時間過長: 30.4ms
2025-07-21 07:16:47 [WARNING] GripperOptimized:fast_loop:492 - 主循環執行時間過長: 31.2ms
2025-07-21 07:16:52 [INFO] GripperOptimized:fast_loop:484 - 性能統計: 循環=1356000, 平均耗時=13.3ms, 最大耗時=81.3ms, 指令數=59
2025-07-21 07:16:53 [WARNING] GripperOptimized:fast_loop:492 - 主循環執行時間過長: 31.7ms
2025-07-21 07:17:00 [WARNING] GripperOptimized:fast_loop:492 - 主循環執行時間過長: 30.4ms
2025-07-21 07:17:12 [INFO] GripperOptimized:fast_loop:484 - 性能統計: 循環=1357000, 平均耗時=12.9ms, 最大耗時=81.3ms, 指令數=59
2025-07-21 07:17:23 [WARNING] GripperOptimized:fast_loop:492 - 主循環執行時間過長: 31.3ms
2025-07-21 07:17:30 [WARNING] GripperOptimized:fast_loop:492 - 主循環執行時間過長: 32.3ms
2025-07-21 07:17:33 [INFO] GripperOptimized:fast_loop:484 - 性能統計: 循環=1358000, 平均耗時=13.2ms, 最大耗時=81.3ms, 指令數=59
2025-07-21 07:17:33 [WARNING] GripperOptimized:fast_loop:492 - 主循環執行時間過長: 30.1ms
2025-07-21 07:17:35 [WARNING] GripperOptimized:fast_loop:492 - 主循環執行時間過長: 32.4ms
2025-07-21 07:17:39 [WARNING] GripperOptimized:fast_loop:492 - 主循環執行時間過長: 31.2ms
2025-07-21 07:17:41 [WARNING] GripperOptimized:fast_loop:492 - 主循環執行時間過長: 30.2ms
2025-07-21 07:17:48 [WARNING] GripperOptimized:fast_loop:492 - 主循環執行時間過長: 30.5ms
2025-07-21 07:17:52 [WARNING] GripperOptimized:fast_loop:492 - 主循環執行時間過長: 31.2ms
2025-07-21 07:17:54 [INFO] GripperOptimized:fast_loop:484 - 性能統計: 循環=1359000, 平均耗時=14.0ms, 最大耗時=81.3ms, 指令數=59
2025-07-21 07:18:04 [WARNING] GripperOptimized:fast_loop:492 - 主循環執行時間過長: 30.8ms
2025-07-21 07:18:14 [WARNING] GripperOptimized:fast_loop:492 - 主循環執行時間過長: 30.9ms
2025-07-21 07:18:15 [INFO] GripperOptimized:fast_loop:484 - 性能統計: 循環=1360000, 平均耗時=12.8ms, 最大耗時=81.3ms, 指令數=59
2025-07-21 07:18:27 [WARNING] GripperOptimized:fast_loop:492 - 主循環執行時間過長: 30.1ms
2025-07-21 07:18:36 [INFO] GripperOptimized:fast_loop:484 - 性能統計: 循環=1361000, 平均耗時=13.8ms, 最大耗時=81.3ms, 指令數=59
2025-07-21 07:18:39 [WARNING] GripperOptimized:fast_loop:492 - 主循環執行時間過長: 30.9ms
2025-07-21 07:18:42 [WARNING] GripperOptimized:fast_loop:492 - 主循環執行時間過長: 31.5ms
2025-07-21 07:18:43 [WARNING] GripperOptimized:fast_loop:492 - 主循環執行時間過長: 31.0ms
2025-07-21 07:18:51 [WARNING] GripperOptimized:fast_loop:492 - 主循環執行時間過長: 31.5ms
2025-07-21 07:18:56 [INFO] GripperOptimized:fast_loop:484 - 性能統計: 循環=1362000, 平均耗時=13.9ms, 最大耗時=81.3ms, 指令數=59
2025-07-21 07:19:02 [WARNING] GripperOptimized:fast_loop:492 - 主循環執行時間過長: 30.1ms
2025-07-21 07:19:11 [WARNING] GripperOptimized:fast_loop:492 - 主循環執行時間過長: 31.1ms
2025-07-21 07:19:13 [WARNING] GripperOptimized:fast_loop:492 - 主循環執行時間過長: 30.8ms
2025-07-21 07:19:14 [WARNING] GripperOptimized:fast_loop:492 - 主循環執行時間過長: 31.2ms
2025-07-21 07:19:15 [WARNING] GripperOptimized:fast_loop:492 - 主循環執行時間過長: 30.2ms
2025-07-21 07:19:17 [INFO] GripperOptimized:fast_loop:484 - 性能統計: 循環=1363000, 平均耗時=14.2ms, 最大耗時=81.3ms, 指令數=59
2025-07-21 07:19:18 [WARNING] GripperOptimized:fast_loop:492 - 主循環執行時間過長: 30.0ms
2025-07-21 07:19:21 [WARNING] GripperOptimized:fast_loop:492 - 主循環執行時間過長: 31.4ms
2025-07-21 07:19:23 [WARNING] GripperOptimized:fast_loop:492 - 主循環執行時間過長: 31.9ms
2025-07-21 07:19:32 [WARNING] GripperOptimized:fast_loop:492 - 主循環執行時間過長: 31.1ms
2025-07-21 07:19:38 [INFO] GripperOptimized:fast_loop:484 - 性能統計: 循環=1364000, 平均耗時=13.2ms, 最大耗時=81.3ms, 指令數=59
2025-07-21 07:19:41 [WARNING] GripperOptimized:fast_loop:492 - 主循環執行時間過長: 31.0ms
2025-07-21 07:19:44 [WARNING] GripperOptimized:fast_loop:492 - 主循環執行時間過長: 30.3ms
2025-07-21 07:19:55 [WARNING] GripperOptimized:fast_loop:492 - 主循環執行時間過長: 30.4ms
2025-07-21 07:19:59 [INFO] GripperOptimized:fast_loop:484 - 性能統計: 循環=1365000, 平均耗時=12.7ms, 最大耗時=81.3ms, 指令數=59
2025-07-21 07:20:12 [WARNING] GripperOptimized:fast_loop:492 - 主循環執行時間過長: 32.2ms
2025-07-21 07:20:15 [WARNING] GripperOptimized:fast_loop:492 - 主循環執行時間過長: 30.9ms
2025-07-21 07:20:18 [WARNING] GripperOptimized:fast_loop:492 - 主循環執行時間過長: 30.9ms
2025-07-21 07:20:19 [INFO] GripperOptimized:fast_loop:484 - 性能統計: 循環=1366000, 平均耗時=13.9ms, 最大耗時=81.3ms, 指令數=59
2025-07-21 07:20:21 [WARNING] GripperOptimized:fast_loop:492 - 主循環執行時間過長: 31.3ms
2025-07-21 07:20:22 [WARNING] GripperOptimized:fast_loop:492 - 主循環執行時間過長: 30.6ms
2025-07-21 07:20:25 [WARNING] GripperOptimized:fast_loop:492 - 主循環執行時間過長: 31.6ms
2025-07-21 07:20:27 [WARNING] GripperOptimized:fast_loop:492 - 主循環執行時間過長: 30.4ms
2025-07-21 07:20:32 [WARNING] GripperOptimized:fast_loop:492 - 主循環執行時間過長: 31.7ms
2025-07-21 07:20:34 [WARNING] GripperOptimized:fast_loop:492 - 主循環執行時間過長: 30.3ms
2025-07-21 07:20:37 [WARNING] GripperOptimized:fast_loop:492 - 主循環執行時間過長: 31.1ms
2025-07-21 07:20:40 [INFO] GripperOptimized:fast_loop:484 - 性能統計: 循環=1367000, 平均耗時=13.1ms, 最大耗時=81.3ms, 指令數=59
2025-07-21 07:20:41 [WARNING] GripperOptimized:fast_loop:492 - 主循環執行時間過長: 31.7ms
2025-07-21 07:20:45 [WARNING] GripperOptimized:fast_loop:492 - 主循環執行時間過長: 31.2ms
2025-07-21 07:20:47 [WARNING] GripperOptimized:fast_loop:492 - 主循環執行時間過長: 30.9ms
2025-07-21 07:21:01 [INFO] GripperOptimized:fast_loop:484 - 性能統計: 循環=1368000, 平均耗時=13.6ms, 最大耗時=81.3ms, 指令數=59
2025-07-21 07:21:17 [WARNING] GripperOptimized:fast_loop:492 - 主循環執行時間過長: 31.5ms
2025-07-21 07:21:21 [WARNING] GripperOptimized:fast_loop:492 - 主循環執行時間過長: 30.5ms
2025-07-21 07:21:22 [INFO] GripperOptimized:fast_loop:484 - 性能統計: 循環=1369000, 平均耗時=13.4ms, 最大耗時=81.3ms, 指令數=59
2025-07-21 07:21:23 [WARNING] GripperOptimized:fast_loop:492 - 主循環執行時間過長: 30.6ms
2025-07-21 07:21:27 [WARNING] GripperOptimized:fast_loop:492 - 主循環執行時間過長: 32.9ms
2025-07-21 07:21:31 [WARNING] GripperOptimized:fast_loop:492 - 主循環執行時間過長: 30.1ms
2025-07-21 07:21:32 [WARNING] GripperOptimized:fast_loop:492 - 主循環執行時間過長: 31.9ms
2025-07-21 07:21:37 [WARNING] GripperOptimized:fast_loop:492 - 主循環執行時間過長: 32.0ms
2025-07-21 07:21:41 [WARNING] GripperOptimized:fast_loop:492 - 主循環執行時間過長: 32.9ms
2025-07-21 07:21:43 [INFO] GripperOptimized:fast_loop:484 - 性能統計: 循環=1370000, 平均耗時=13.6ms, 最大耗時=81.3ms, 指令數=59
2025-07-21 07:21:47 [WARNING] GripperOptimized:fast_loop:492 - 主循環執行時間過長: 31.0ms
2025-07-21 07:21:48 [WARNING] GripperOptimized:fast_loop:492 - 主循環執行時間過長: 30.2ms
2025-07-21 07:22:03 [INFO] GripperOptimized:fast_loop:484 - 性能統計: 循環=1371000, 平均耗時=13.3ms, 最大耗時=81.3ms, 指令數=59
2025-07-21 07:22:09 [WARNING] GripperOptimized:fast_loop:492 - 主循環執行時間過長: 31.3ms
2025-07-21 07:22:11 [WARNING] GripperOptimized:fast_loop:492 - 主循環執行時間過長: 30.3ms
2025-07-21 07:22:14 [WARNING] GripperOptimized:fast_loop:492 - 主循環執行時間過長: 30.0ms
2025-07-21 07:22:17 [WARNING] GripperOptimized:fast_loop:492 - 主循環執行時間過長: 31.6ms
2025-07-21 07:22:24 [INFO] GripperOptimized:fast_loop:484 - 性能統計: 循環=1372000, 平均耗時=13.3ms, 最大耗時=81.3ms, 指令數=59
2025-07-21 07:22:26 [WARNING] GripperOptimized:fast_loop:492 - 主循環執行時間過長: 30.3ms
2025-07-21 07:22:32 [WARNING] GripperOptimized:fast_loop:492 - 主循環執行時間過長: 30.9ms
2025-07-21 07:22:35 [WARNING] GripperOptimized:fast_loop:492 - 主循環執行時間過長: 32.4ms
2025-07-21 07:22:41 [WARNING] GripperOptimized:fast_loop:492 - 主循環執行時間過長: 30.3ms
2025-07-21 07:22:42 [WARNING] GripperOptimized:fast_loop:492 - 主循環執行時間過長: 30.2ms
2025-07-21 07:22:45 [INFO] GripperOptimized:fast_loop:484 - 性能統計: 循環=1373000, 平均耗時=12.5ms, 最大耗時=81.3ms, 指令數=59
2025-07-21 07:22:49 [WARNING] GripperOptimized:fast_loop:492 - 主循環執行時間過長: 30.3ms
2025-07-21 07:22:54 [WARNING] GripperOptimized:fast_loop:492 - 主循環執行時間過長: 30.2ms
2025-07-21 07:22:56 [WARNING] GripperOptimized:fast_loop:492 - 主循環執行時間過長: 31.2ms
2025-07-21 07:23:01 [WARNING] GripperOptimized:fast_loop:492 - 主循環執行時間過長: 32.9ms
2025-07-21 07:23:02 [WARNING] GripperOptimized:fast_loop:492 - 主循環執行時間過長: 31.8ms
2025-07-21 07:23:03 [WARNING] GripperOptimized:fast_loop:492 - 主循環執行時間過長: 30.0ms
2025-07-21 07:23:05 [WARNING] GripperOptimized:fast_loop:492 - 主循環執行時間過長: 31.1ms
2025-07-21 07:23:06 [INFO] GripperOptimized:fast_loop:484 - 性能統計: 循環=1374000, 平均耗時=13.7ms, 最大耗時=81.3ms, 指令數=59
2025-07-21 07:23:10 [WARNING] GripperOptimized:fast_loop:492 - 主循環執行時間過長: 33.3ms
2025-07-21 07:23:14 [WARNING] GripperOptimized:fast_loop:492 - 主循環執行時間過長: 31.4ms
2025-07-21 07:23:17 [WARNING] GripperOptimized:fast_loop:492 - 主循環執行時間過長: 30.5ms
2025-07-21 07:23:23 [WARNING] GripperOptimized:fast_loop:492 - 主循環執行時間過長: 30.2ms
2025-07-21 07:23:27 [INFO] GripperOptimized:fast_loop:484 - 性能統計: 循環=1375000, 平均耗時=13.2ms, 最大耗時=81.3ms, 指令數=59
2025-07-21 07:23:32 [WARNING] GripperOptimized:fast_loop:492 - 主循環執行時間過長: 30.4ms
2025-07-21 07:23:35 [WARNING] GripperOptimized:fast_loop:492 - 主循環執行時間過長: 30.4ms
2025-07-21 07:23:38 [WARNING] GripperOptimized:fast_loop:492 - 主循環執行時間過長: 30.5ms
2025-07-21 07:23:39 [WARNING] GripperOptimized:fast_loop:492 - 主循環執行時間過長: 30.5ms
2025-07-21 07:23:41 [WARNING] GripperOptimized:fast_loop:492 - 主循環執行時間過長: 30.6ms
2025-07-21 07:23:44 [WARNING] GripperOptimized:fast_loop:492 - 主循環執行時間過長: 31.3ms
2025-07-21 07:23:47 [INFO] GripperOptimized:fast_loop:484 - 性能統計: 循環=1376000, 平均耗時=12.3ms, 最大耗時=81.3ms, 指令數=59
2025-07-21 07:23:54 [WARNING] GripperOptimized:fast_loop:492 - 主循環執行時間過長: 30.4ms
2025-07-21 07:23:56 [WARNING] GripperOptimized:fast_loop:492 - 主循環執行時間過長: 30.8ms
2025-07-21 07:24:02 [WARNING] GripperOptimized:fast_loop:492 - 主循環執行時間過長: 31.2ms
2025-07-21 07:24:06 [WARNING] GripperOptimized:fast_loop:492 - 主循環執行時間過長: 31.3ms
2025-07-21 07:24:07 [WARNING] GripperOptimized:fast_loop:492 - 主循環執行時間過長: 30.5ms
2025-07-21 07:24:08 [INFO] GripperOptimized:fast_loop:484 - 性能統計: 循環=1377000, 平均耗時=12.7ms, 最大耗時=81.3ms, 指令數=59
2025-07-21 07:24:27 [WARNING] GripperOptimized:fast_loop:492 - 主循環執行時間過長: 32.0ms
2025-07-21 07:24:29 [INFO] GripperOptimized:fast_loop:484 - 性能統計: 循環=1378000, 平均耗時=13.3ms, 最大耗時=81.3ms, 指令數=59
2025-07-21 07:24:31 [WARNING] GripperOptimized:fast_loop:492 - 主循環執行時間過長: 32.1ms
2025-07-21 07:24:36 [WARNING] GripperOptimized:fast_loop:492 - 主循環執行時間過長: 30.1ms
2025-07-21 07:24:41 [WARNING] GripperOptimized:fast_loop:492 - 主循環執行時間過長: 31.8ms
2025-07-21 07:24:47 [WARNING] GripperOptimized:fast_loop:492 - 主循環執行時間過長: 30.4ms
2025-07-21 07:24:49 [WARNING] GripperOptimized:fast_loop:492 - 主循環執行時間過長: 32.6ms
2025-07-21 07:24:50 [INFO] GripperOptimized:fast_loop:484 - 性能統計: 循環=1379000, 平均耗時=14.0ms, 最大耗時=81.3ms, 指令數=59
2025-07-21 07:24:57 [WARNING] GripperOptimized:fast_loop:492 - 主循環執行時間過長: 31.6ms
2025-07-21 07:25:04 [WARNING] GripperOptimized:fast_loop:492 - 主循環執行時間過長: 31.8ms
2025-07-21 07:25:10 [WARNING] GripperOptimized:fast_loop:492 - 主循環執行時間過長: 30.4ms
2025-07-21 07:25:11 [INFO] GripperOptimized:fast_loop:484 - 性能統計: 循環=1380000, 平均耗時=13.2ms, 最大耗時=81.3ms, 指令數=59
2025-07-21 07:25:16 [WARNING] GripperOptimized:fast_loop:492 - 主循環執行時間過長: 31.2ms
2025-07-21 07:25:18 [WARNING] GripperOptimized:fast_loop:492 - 主循環執行時間過長: 30.9ms
2025-07-21 07:25:25 [WARNING] GripperOptimized:fast_loop:492 - 主循環執行時間過長: 30.2ms
2025-07-21 07:25:31 [INFO] GripperOptimized:fast_loop:484 - 性能統計: 循環=1381000, 平均耗時=13.6ms, 最大耗時=81.3ms, 指令數=59
2025-07-21 07:25:39 [WARNING] GripperOptimized:fast_loop:492 - 主循環執行時間過長: 32.4ms
2025-07-21 07:25:45 [WARNING] GripperOptimized:fast_loop:492 - 主循環執行時間過長: 32.1ms
2025-07-21 07:25:49 [WARNING] GripperOptimized:fast_loop:492 - 主循環執行時間過長: 30.3ms
2025-07-21 07:25:50 [WARNING] GripperOptimized:fast_loop:492 - 主循環執行時間過長: 34.4ms
2025-07-21 07:25:52 [INFO] GripperOptimized:fast_loop:484 - 性能統計: 循環=1382000, 平均耗時=12.8ms, 最大耗時=81.3ms, 指令數=59
2025-07-21 07:25:58 [WARNING] GripperOptimized:fast_loop:492 - 主循環執行時間過長: 31.8ms
2025-07-21 07:26:07 [WARNING] GripperOptimized:fast_loop:492 - 主循環執行時間過長: 32.7ms
2025-07-21 07:26:13 [INFO] GripperOptimized:fast_loop:484 - 性能統計: 循環=1383000, 平均耗時=13.9ms, 最大耗時=81.3ms, 指令數=59
2025-07-21 07:26:14 [WARNING] GripperOptimized:fast_loop:492 - 主循環執行時間過長: 30.8ms
2025-07-21 07:26:21 [WARNING] GripperOptimized:fast_loop:492 - 主循環執行時間過長: 31.4ms
2025-07-21 07:26:34 [INFO] GripperOptimized:fast_loop:484 - 性能統計: 循環=1384000, 平均耗時=12.8ms, 最大耗時=81.3ms, 指令數=59
2025-07-21 07:26:38 [WARNING] GripperOptimized:fast_loop:492 - 主循環執行時間過長: 30.4ms
2025-07-21 07:26:53 [WARNING] GripperOptimized:fast_loop:492 - 主循環執行時間過長: 30.6ms
2025-07-21 07:26:54 [INFO] GripperOptimized:fast_loop:484 - 性能統計: 循環=1385000, 平均耗時=13.4ms, 最大耗時=81.3ms, 指令數=59
2025-07-21 07:26:55 [WARNING] GripperOptimized:fast_loop:492 - 主循環執行時間過長: 30.8ms
2025-07-21 07:26:58 [WARNING] GripperOptimized:fast_loop:492 - 主循環執行時間過長: 31.3ms
2025-07-21 07:27:11 [WARNING] GripperOptimized:fast_loop:492 - 主循環執行時間過長: 30.1ms
2025-07-21 07:27:15 [INFO] GripperOptimized:fast_loop:484 - 性能統計: 循環=1386000, 平均耗時=13.0ms, 最大耗時=81.3ms, 指令數=59
2025-07-21 07:27:18 [WARNING] GripperOptimized:fast_loop:492 - 主循環執行時間過長: 32.9ms
2025-07-21 07:27:23 [WARNING] GripperOptimized:fast_loop:492 - 主循環執行時間過長: 30.1ms
2025-07-21 07:27:26 [WARNING] GripperOptimized:fast_loop:492 - 主循環執行時間過長: 30.1ms
2025-07-21 07:27:30 [WARNING] GripperOptimized:fast_loop:492 - 主循環執行時間過長: 30.5ms
2025-07-21 07:27:31 [WARNING] GripperOptimized:fast_loop:492 - 主循環執行時間過長: 31.1ms
2025-07-21 07:27:35 [WARNING] GripperOptimized:fast_loop:492 - 主循環執行時間過長: 30.9ms
2025-07-21 07:27:36 [INFO] GripperOptimized:fast_loop:484 - 性能統計: 循環=1387000, 平均耗時=12.8ms, 最大耗時=81.3ms, 指令數=59
2025-07-21 07:27:39 [WARNING] GripperOptimized:fast_loop:492 - 主循環執行時間過長: 30.2ms
2025-07-21 07:27:42 [WARNING] GripperOptimized:fast_loop:492 - 主循環執行時間過長: 30.2ms
2025-07-21 07:27:47 [WARNING] GripperOptimized:fast_loop:492 - 主循環執行時間過長: 31.2ms
2025-07-21 07:27:50 [WARNING] GripperOptimized:fast_loop:492 - 主循環執行時間過長: 31.1ms
2025-07-21 07:27:57 [INFO] GripperOptimized:fast_loop:484 - 性能統計: 循環=1388000, 平均耗時=13.4ms, 最大耗時=81.3ms, 指令數=59
2025-07-21 07:28:16 [WARNING] GripperOptimized:fast_loop:492 - 主循環執行時間過長: 30.3ms
2025-07-21 07:28:18 [INFO] GripperOptimized:fast_loop:484 - 性能統計: 循環=1389000, 平均耗時=12.8ms, 最大耗時=81.3ms, 指令數=59
2025-07-21 07:28:18 [WARNING] GripperOptimized:fast_loop:492 - 主循環執行時間過長: 31.3ms
2025-07-21 07:28:19 [WARNING] GripperOptimized:fast_loop:492 - 主循環執行時間過長: 31.6ms
2025-07-21 07:28:23 [WARNING] GripperOptimized:fast_loop:492 - 主循環執行時間過長: 31.0ms
2025-07-21 07:28:24 [WARNING] GripperOptimized:fast_loop:492 - 主循環執行時間過長: 31.0ms
2025-07-21 07:28:29 [WARNING] GripperOptimized:fast_loop:492 - 主循環執行時間過長: 30.4ms
2025-07-21 07:28:38 [INFO] GripperOptimized:fast_loop:484 - 性能統計: 循環=1390000, 平均耗時=13.0ms, 最大耗時=81.3ms, 指令數=59
2025-07-21 07:28:46 [WARNING] GripperOptimized:fast_loop:492 - 主循環執行時間過長: 30.9ms
2025-07-21 07:28:49 [WARNING] GripperOptimized:fast_loop:492 - 主循環執行時間過長: 30.7ms
2025-07-21 07:28:59 [INFO] GripperOptimized:fast_loop:484 - 性能統計: 循環=1391000, 平均耗時=13.7ms, 最大耗時=81.3ms, 指令數=59
2025-07-21 07:29:03 [WARNING] GripperOptimized:fast_loop:492 - 主循環執行時間過長: 30.5ms
2025-07-21 07:29:06 [WARNING] GripperOptimized:fast_loop:492 - 主循環執行時間過長: 30.9ms
2025-07-21 07:29:13 [WARNING] GripperOptimized:fast_loop:492 - 主循環執行時間過長: 31.5ms
2025-07-21 07:29:19 [WARNING] GripperOptimized:fast_loop:492 - 主循環執行時間過長: 32.7ms
2025-07-21 07:29:20 [INFO] GripperOptimized:fast_loop:484 - 性能統計: 循環=1392000, 平均耗時=13.4ms, 最大耗時=81.3ms, 指令數=59
2025-07-21 07:29:22 [WARNING] GripperOptimized:fast_loop:492 - 主循環執行時間過長: 30.2ms
2025-07-21 07:29:30 [WARNING] GripperOptimized:fast_loop:492 - 主循環執行時間過長: 30.3ms
2025-07-21 07:29:34 [WARNING] GripperOptimized:fast_loop:492 - 主循環執行時間過長: 30.0ms
2025-07-21 07:29:39 [WARNING] GripperOptimized:fast_loop:492 - 主循環執行時間過長: 30.7ms
2025-07-21 07:29:40 [WARNING] GripperOptimized:fast_loop:492 - 主循環執行時間過長: 31.3ms
2025-07-21 07:29:41 [INFO] GripperOptimized:fast_loop:484 - 性能統計: 循環=1393000, 平均耗時=13.9ms, 最大耗時=81.3ms, 指令數=59
2025-07-21 07:29:53 [WARNING] GripperOptimized:fast_loop:492 - 主循環執行時間過長: 32.3ms
2025-07-21 07:30:01 [WARNING] GripperOptimized:fast_loop:492 - 主循環執行時間過長: 31.3ms
2025-07-21 07:30:02 [INFO] GripperOptimized:fast_loop:484 - 性能統計: 循環=1394000, 平均耗時=12.5ms, 最大耗時=81.3ms, 指令數=59
2025-07-21 07:30:04 [WARNING] GripperOptimized:fast_loop:492 - 主循環執行時間過長: 31.3ms
2025-07-21 07:30:07 [WARNING] GripperOptimized:fast_loop:492 - 主循環執行時間過長: 31.1ms
2025-07-21 07:30:14 [WARNING] GripperOptimized:fast_loop:492 - 主循環執行時間過長: 31.2ms
2025-07-21 07:30:22 [INFO] GripperOptimized:fast_loop:484 - 性能統計: 循環=1395000, 平均耗時=13.3ms, 最大耗時=81.3ms, 指令數=59
2025-07-21 07:30:30 [WARNING] GripperOptimized:fast_loop:492 - 主循環執行時間過長: 30.9ms
2025-07-21 07:30:31 [WARNING] GripperOptimized:fast_loop:492 - 主循環執行時間過長: 32.6ms
2025-07-21 07:30:32 [WARNING] GripperOptimized:fast_loop:492 - 主循環執行時間過長: 30.2ms
2025-07-21 07:30:33 [WARNING] GripperOptimized:fast_loop:492 - 主循環執行時間過長: 30.7ms
2025-07-21 07:30:38 [WARNING] GripperOptimized:fast_loop:492 - 主循環執行時間過長: 31.1ms
2025-07-21 07:30:41 [WARNING] GripperOptimized:fast_loop:492 - 主循環執行時間過長: 30.2ms
2025-07-21 07:30:43 [INFO] GripperOptimized:fast_loop:484 - 性能統計: 循環=1396000, 平均耗時=13.5ms, 最大耗時=81.3ms, 指令數=59
2025-07-21 07:30:43 [WARNING] GripperOptimized:fast_loop:492 - 主循環執行時間過長: 30.0ms
2025-07-21 07:30:45 [WARNING] GripperOptimized:fast_loop:492 - 主循環執行時間過長: 31.0ms
2025-07-21 07:30:48 [WARNING] GripperOptimized:fast_loop:492 - 主循環執行時間過長: 31.3ms
2025-07-21 07:30:52 [WARNING] GripperOptimized:fast_loop:492 - 主循環執行時間過長: 30.2ms
2025-07-21 07:30:58 [WARNING] GripperOptimized:fast_loop:492 - 主循環執行時間過長: 33.7ms
2025-07-21 07:31:01 [WARNING] GripperOptimized:fast_loop:492 - 主循環執行時間過長: 30.1ms
2025-07-21 07:31:02 [WARNING] GripperOptimized:fast_loop:492 - 主循環執行時間過長: 32.0ms
2025-07-21 07:31:03 [WARNING] GripperOptimized:fast_loop:492 - 主循環執行時間過長: 30.7ms
2025-07-21 07:31:04 [INFO] GripperOptimized:fast_loop:484 - 性能統計: 循環=1397000, 平均耗時=13.9ms, 最大耗時=81.3ms, 指令數=59
2025-07-21 07:31:10 [WARNING] GripperOptimized:fast_loop:492 - 主循環執行時間過長: 31.0ms
2025-07-21 07:31:11 [WARNING] GripperOptimized:fast_loop:492 - 主循環執行時間過長: 31.4ms
2025-07-21 07:31:12 [WARNING] GripperOptimized:fast_loop:492 - 主循環執行時間過長: 30.1ms
2025-07-21 07:31:13 [WARNING] GripperOptimized:fast_loop:492 - 主循環執行時間過長: 31.0ms
2025-07-21 07:31:15 [WARNING] GripperOptimized:fast_loop:492 - 主循環執行時間過長: 30.1ms
2025-07-21 07:31:18 [WARNING] GripperOptimized:fast_loop:492 - 主循環執行時間過長: 33.0ms
2025-07-21 07:31:20 [WARNING] GripperOptimized:fast_loop:492 - 主循環執行時間過長: 30.5ms
2025-07-21 07:31:21 [WARNING] GripperOptimized:fast_loop:492 - 主循環執行時間過長: 30.0ms
2025-07-21 07:31:22 [WARNING] GripperOptimized:fast_loop:492 - 主循環執行時間過長: 30.7ms
2025-07-21 07:31:25 [INFO] GripperOptimized:fast_loop:484 - 性能統計: 循環=1398000, 平均耗時=12.6ms, 最大耗時=81.3ms, 指令數=59
2025-07-21 07:31:25 [WARNING] GripperOptimized:fast_loop:492 - 主循環執行時間過長: 30.0ms
2025-07-21 07:31:28 [WARNING] GripperOptimized:fast_loop:492 - 主循環執行時間過長: 30.2ms
2025-07-21 07:31:31 [WARNING] GripperOptimized:fast_loop:492 - 主循環執行時間過長: 31.5ms
2025-07-21 07:31:33 [WARNING] GripperOptimized:fast_loop:492 - 主循環執行時間過長: 31.9ms
2025-07-21 07:31:35 [WARNING] GripperOptimized:fast_loop:492 - 主循環執行時間過長: 32.2ms
2025-07-21 07:31:36 [WARNING] GripperOptimized:fast_loop:492 - 主循環執行時間過長: 31.7ms
2025-07-21 07:31:37 [WARNING] GripperOptimized:fast_loop:492 - 主循環執行時間過長: 30.5ms
2025-07-21 07:31:39 [WARNING] GripperOptimized:fast_loop:492 - 主循環執行時間過長: 32.8ms
2025-07-21 07:31:44 [WARNING] GripperOptimized:fast_loop:492 - 主循環執行時間過長: 30.8ms
2025-07-21 07:31:45 [WARNING] GripperOptimized:fast_loop:492 - 主循環執行時間過長: 32.1ms
2025-07-21 07:31:46 [INFO] GripperOptimized:fast_loop:484 - 性能統計: 循環=1399000, 平均耗時=13.8ms, 最大耗時=81.3ms, 指令數=59
2025-07-21 07:31:46 [WARNING] GripperOptimized:fast_loop:492 - 主循環執行時間過長: 31.3ms
2025-07-21 07:31:48 [WARNING] GripperOptimized:fast_loop:492 - 主循環執行時間過長: 31.5ms
2025-07-21 07:31:52 [WARNING] GripperOptimized:fast_loop:492 - 主循環執行時間過長: 30.2ms
2025-07-21 07:31:54 [WARNING] GripperOptimized:fast_loop:492 - 主循環執行時間過長: 33.3ms
2025-07-21 07:31:57 [WARNING] GripperOptimized:fast_loop:492 - 主循環執行時間過長: 30.2ms
2025-07-21 07:32:00 [WARNING] GripperOptimized:fast_loop:492 - 主循環執行時間過長: 30.5ms
2025-07-21 07:32:03 [WARNING] GripperOptimized:fast_loop:492 - 主循環執行時間過長: 30.2ms
2025-07-21 07:32:04 [WARNING] GripperOptimized:fast_loop:492 - 主循環執行時間過長: 31.1ms
2025-07-21 07:32:06 [INFO] GripperOptimized:fast_loop:484 - 性能統計: 循環=1400000, 平均耗時=13.5ms, 最大耗時=81.3ms, 指令數=59
2025-07-21 07:32:11 [WARNING] GripperOptimized:fast_loop:492 - 主循環執行時間過長: 30.6ms
2025-07-21 07:32:20 [WARNING] GripperOptimized:fast_loop:492 - 主循環執行時間過長: 31.3ms
2025-07-21 07:32:23 [WARNING] GripperOptimized:fast_loop:492 - 主循環執行時間過長: 30.0ms
2025-07-21 07:32:25 [WARNING] GripperOptimized:fast_loop:492 - 主循環執行時間過長: 30.9ms
2025-07-21 07:32:27 [INFO] GripperOptimized:fast_loop:484 - 性能統計: 循環=1401000, 平均耗時=13.5ms, 最大耗時=81.3ms, 指令數=59
2025-07-21 07:32:48 [INFO] GripperOptimized:fast_loop:484 - 性能統計: 循環=1402000, 平均耗時=13.8ms, 最大耗時=81.3ms, 指令數=59
2025-07-21 07:32:48 [WARNING] GripperOptimized:fast_loop:492 - 主循環執行時間過長: 32.2ms
2025-07-21 07:32:49 [WARNING] GripperOptimized:fast_loop:492 - 主循環執行時間過長: 31.1ms
2025-07-21 07:32:52 [WARNING] GripperOptimized:fast_loop:492 - 主循環執行時間過長: 30.6ms
2025-07-21 07:33:09 [INFO] GripperOptimized:fast_loop:484 - 性能統計: 循環=1403000, 平均耗時=13.3ms, 最大耗時=81.3ms, 指令數=59
2025-07-21 07:33:11 [WARNING] GripperOptimized:fast_loop:492 - 主循環執行時間過長: 31.2ms
2025-07-21 07:33:13 [WARNING] GripperOptimized:fast_loop:492 - 主循環執行時間過長: 30.9ms
2025-07-21 07:33:18 [WARNING] GripperOptimized:fast_loop:492 - 主循環執行時間過長: 30.0ms
2025-07-21 07:33:30 [INFO] GripperOptimized:fast_loop:484 - 性能統計: 循環=1404000, 平均耗時=12.8ms, 最大耗時=81.3ms, 指令數=59
2025-07-21 07:33:30 [WARNING] GripperOptimized:fast_loop:492 - 主循環執行時間過長: 33.7ms
2025-07-21 07:33:34 [WARNING] GripperOptimized:fast_loop:492 - 主循環執行時間過長: 30.6ms
2025-07-21 07:33:39 [WARNING] GripperOptimized:fast_loop:492 - 主循環執行時間過長: 32.1ms
2025-07-21 07:33:41 [WARNING] GripperOptimized:fast_loop:492 - 主循環執行時間過長: 30.2ms
2025-07-21 07:33:46 [WARNING] GripperOptimized:fast_loop:492 - 主循環執行時間過長: 32.3ms
2025-07-21 07:33:47 [WARNING] GripperOptimized:fast_loop:492 - 主循環執行時間過長: 30.3ms
2025-07-21 07:33:50 [INFO] GripperOptimized:fast_loop:484 - 性能統計: 循環=1405000, 平均耗時=13.8ms, 最大耗時=81.3ms, 指令數=59
2025-07-21 07:33:57 [WARNING] GripperOptimized:fast_loop:492 - 主循環執行時間過長: 31.3ms
2025-07-21 07:33:59 [WARNING] GripperOptimized:fast_loop:492 - 主循環執行時間過長: 30.1ms
2025-07-21 07:34:11 [INFO] GripperOptimized:fast_loop:484 - 性能統計: 循環=1406000, 平均耗時=14.2ms, 最大耗時=81.3ms, 指令數=59
2025-07-21 07:34:24 [WARNING] GripperOptimized:fast_loop:492 - 主循環執行時間過長: 31.1ms
2025-07-21 07:34:27 [WARNING] GripperOptimized:fast_loop:492 - 主循環執行時間過長: 30.5ms
2025-07-21 07:34:29 [WARNING] GripperOptimized:fast_loop:492 - 主循環執行時間過長: 30.9ms
2025-07-21 07:34:32 [INFO] GripperOptimized:fast_loop:484 - 性能統計: 循環=1407000, 平均耗時=13.7ms, 最大耗時=81.3ms, 指令數=59
2025-07-21 07:34:32 [WARNING] GripperOptimized:fast_loop:492 - 主循環執行時間過長: 30.8ms
2025-07-21 07:34:43 [WARNING] GripperOptimized:fast_loop:492 - 主循環執行時間過長: 30.8ms
2025-07-21 07:34:44 [WARNING] GripperOptimized:fast_loop:492 - 主循環執行時間過長: 30.1ms
2025-07-21 07:34:53 [INFO] GripperOptimized:fast_loop:484 - 性能統計: 循環=1408000, 平均耗時=12.3ms, 最大耗時=81.3ms, 指令數=59
2025-07-21 07:34:57 [WARNING] GripperOptimized:fast_loop:492 - 主循環執行時間過長: 31.1ms
2025-07-21 07:35:00 [WARNING] GripperOptimized:fast_loop:492 - 主循環執行時間過長: 30.7ms
2025-07-21 07:35:07 [WARNING] GripperOptimized:fast_loop:492 - 主循環執行時間過長: 30.6ms
2025-07-21 07:35:13 [INFO] GripperOptimized:fast_loop:484 - 性能統計: 循環=1409000, 平均耗時=13.3ms, 最大耗時=81.3ms, 指令數=59
2025-07-21 07:35:15 [WARNING] GripperOptimized:fast_loop:492 - 主循環執行時間過長: 30.6ms
2025-07-21 07:35:18 [WARNING] GripperOptimized:fast_loop:492 - 主循環執行時間過長: 30.5ms
2025-07-21 07:35:23 [WARNING] GripperOptimized:fast_loop:492 - 主循環執行時間過長: 37.1ms
2025-07-21 07:35:24 [WARNING] GripperOptimized:fast_loop:492 - 主循環執行時間過長: 30.2ms
2025-07-21 07:35:26 [WARNING] GripperOptimized:fast_loop:492 - 主循環執行時間過長: 30.5ms
2025-07-21 07:35:31 [WARNING] GripperOptimized:fast_loop:492 - 主循環執行時間過長: 30.1ms
2025-07-21 07:35:34 [INFO] GripperOptimized:fast_loop:484 - 性能統計: 循環=1410000, 平均耗時=12.5ms, 最大耗時=81.3ms, 指令數=59
2025-07-21 07:35:36 [WARNING] GripperOptimized:fast_loop:492 - 主循環執行時間過長: 32.0ms
2025-07-21 07:35:37 [WARNING] GripperOptimized:fast_loop:492 - 主循環執行時間過長: 31.0ms
2025-07-21 07:35:42 [WARNING] GripperOptimized:fast_loop:492 - 主循環執行時間過長: 30.5ms
2025-07-21 07:35:44 [WARNING] GripperOptimized:fast_loop:492 - 主循環執行時間過長: 31.2ms
2025-07-21 07:35:53 [WARNING] GripperOptimized:fast_loop:492 - 主循環執行時間過長: 31.7ms
2025-07-21 07:35:55 [INFO] GripperOptimized:fast_loop:484 - 性能統計: 循環=1411000, 平均耗時=13.2ms, 最大耗時=81.3ms, 指令數=59
2025-07-21 07:35:56 [WARNING] GripperOptimized:fast_loop:492 - 主循環執行時間過長: 31.9ms
2025-07-21 07:36:12 [WARNING] GripperOptimized:fast_loop:492 - 主循環執行時間過長: 30.2ms
2025-07-21 07:36:14 [WARNING] GripperOptimized:fast_loop:492 - 主循環執行時間過長: 30.9ms
2025-07-21 07:36:16 [INFO] GripperOptimized:fast_loop:484 - 性能統計: 循環=1412000, 平均耗時=13.8ms, 最大耗時=81.3ms, 指令數=59
2025-07-21 07:36:20 [WARNING] GripperOptimized:fast_loop:492 - 主循環執行時間過長: 30.2ms
2025-07-21 07:36:36 [WARNING] GripperOptimized:fast_loop:492 - 主循環執行時間過長: 31.6ms
2025-07-21 07:36:37 [INFO] GripperOptimized:fast_loop:484 - 性能統計: 循環=1413000, 平均耗時=12.2ms, 最大耗時=81.3ms, 指令數=59
2025-07-21 07:36:39 [WARNING] GripperOptimized:fast_loop:492 - 主循環執行時間過長: 30.3ms
2025-07-21 07:36:52 [WARNING] GripperOptimized:fast_loop:492 - 主循環執行時間過長: 30.1ms
2025-07-21 07:36:57 [INFO] GripperOptimized:fast_loop:484 - 性能統計: 循環=1414000, 平均耗時=13.4ms, 最大耗時=81.3ms, 指令數=59
2025-07-21 07:37:10 [WARNING] GripperOptimized:fast_loop:492 - 主循環執行時間過長: 30.2ms
2025-07-21 07:37:13 [WARNING] GripperOptimized:fast_loop:492 - 主循環執行時間過長: 30.0ms
2025-07-21 07:37:18 [INFO] GripperOptimized:fast_loop:484 - 性能統計: 循環=1415000, 平均耗時=13.0ms, 最大耗時=81.3ms, 指令數=59
2025-07-21 07:37:20 [WARNING] GripperOptimized:fast_loop:492 - 主循環執行時間過長: 30.6ms
2025-07-21 07:37:30 [WARNING] GripperOptimized:fast_loop:492 - 主循環執行時間過長: 30.9ms
2025-07-21 07:37:32 [WARNING] GripperOptimized:fast_loop:492 - 主循環執行時間過長: 31.5ms
2025-07-21 07:37:39 [INFO] GripperOptimized:fast_loop:484 - 性能統計: 循環=1416000, 平均耗時=14.1ms, 最大耗時=81.3ms, 指令數=59
2025-07-21 07:37:47 [WARNING] GripperOptimized:fast_loop:492 - 主循環執行時間過長: 32.3ms
2025-07-21 07:37:49 [WARNING] GripperOptimized:fast_loop:492 - 主循環執行時間過長: 30.2ms
2025-07-21 07:37:54 [WARNING] GripperOptimized:fast_loop:492 - 主循環執行時間過長: 31.5ms
2025-07-21 07:37:57 [WARNING] GripperOptimized:fast_loop:492 - 主循環執行時間過長: 31.1ms
2025-07-21 07:38:00 [INFO] GripperOptimized:fast_loop:484 - 性能統計: 循環=1417000, 平均耗時=14.1ms, 最大耗時=81.3ms, 指令數=59
2025-07-21 07:38:06 [WARNING] GripperOptimized:fast_loop:492 - 主循環執行時間過長: 30.6ms
2025-07-21 07:38:20 [WARNING] GripperOptimized:fast_loop:492 - 主循環執行時間過長: 30.1ms
2025-07-21 07:38:21 [INFO] GripperOptimized:fast_loop:484 - 性能統計: 循環=1418000, 平均耗時=12.4ms, 最大耗時=81.3ms, 指令數=59
2025-07-21 07:38:24 [WARNING] GripperOptimized:fast_loop:492 - 主循環執行時間過長: 30.6ms
2025-07-21 07:38:33 [WARNING] GripperOptimized:fast_loop:492 - 主循環執行時間過長: 31.2ms
2025-07-21 07:38:39 [WARNING] GripperOptimized:fast_loop:492 - 主循環執行時間過長: 32.3ms
2025-07-21 07:38:41 [INFO] GripperOptimized:fast_loop:484 - 性能統計: 循環=1419000, 平均耗時=13.5ms, 最大耗時=81.3ms, 指令數=59
2025-07-21 07:38:44 [WARNING] GripperOptimized:fast_loop:492 - 主循環執行時間過長: 30.3ms
2025-07-21 07:38:46 [WARNING] GripperOptimized:fast_loop:492 - 主循環執行時間過長: 32.2ms
2025-07-21 07:38:56 [WARNING] GripperOptimized:fast_loop:492 - 主循環執行時間過長: 31.0ms
2025-07-21 07:38:58 [WARNING] GripperOptimized:fast_loop:492 - 主循環執行時間過長: 30.8ms
2025-07-21 07:39:02 [INFO] GripperOptimized:fast_loop:484 - 性能統計: 循環=1420000, 平均耗時=14.2ms, 最大耗時=81.3ms, 指令數=59
2025-07-21 07:39:04 [WARNING] GripperOptimized:fast_loop:492 - 主循環執行時間過長: 30.4ms
2025-07-21 07:39:12 [WARNING] GripperOptimized:fast_loop:492 - 主循環執行時間過長: 32.3ms
2025-07-21 07:39:13 [WARNING] GripperOptimized:fast_loop:492 - 主循環執行時間過長: 30.4ms
2025-07-21 07:39:21 [WARNING] GripperOptimized:fast_loop:492 - 主循環執行時間過長: 30.8ms
2025-07-21 07:39:23 [INFO] GripperOptimized:fast_loop:484 - 性能統計: 循環=1421000, 平均耗時=12.9ms, 最大耗時=81.3ms, 指令數=59
2025-07-21 07:39:30 [WARNING] GripperOptimized:fast_loop:492 - 主循環執行時間過長: 31.5ms
2025-07-21 07:39:37 [WARNING] GripperOptimized:fast_loop:492 - 主循環執行時間過長: 30.1ms
2025-07-21 07:39:44 [INFO] GripperOptimized:fast_loop:484 - 性能統計: 循環=1422000, 平均耗時=13.0ms, 最大耗時=81.3ms, 指令數=59
2025-07-21 07:40:05 [INFO] GripperOptimized:fast_loop:484 - 性能統計: 循環=1423000, 平均耗時=13.7ms, 最大耗時=81.3ms, 指令數=59
2025-07-21 07:40:05 [WARNING] GripperOptimized:fast_loop:492 - 主循環執行時間過長: 30.7ms
2025-07-21 07:40:09 [WARNING] GripperOptimized:fast_loop:492 - 主循環執行時間過長: 30.3ms
2025-07-21 07:40:15 [WARNING] GripperOptimized:fast_loop:492 - 主循環執行時間過長: 30.3ms
2025-07-21 07:40:25 [INFO] GripperOptimized:fast_loop:484 - 性能統計: 循環=1424000, 平均耗時=13.6ms, 最大耗時=81.3ms, 指令數=59
2025-07-21 07:40:26 [WARNING] GripperOptimized:fast_loop:492 - 主循環執行時間過長: 32.1ms
2025-07-21 07:40:32 [WARNING] GripperOptimized:fast_loop:492 - 主循環執行時間過長: 31.7ms
2025-07-21 07:40:38 [WARNING] GripperOptimized:fast_loop:492 - 主循環執行時間過長: 30.8ms
2025-07-21 07:40:45 [WARNING] GripperOptimized:fast_loop:492 - 主循環執行時間過長: 30.2ms
2025-07-21 07:40:46 [INFO] GripperOptimized:fast_loop:484 - 性能統計: 循環=1425000, 平均耗時=12.8ms, 最大耗時=81.3ms, 指令數=59
2025-07-21 07:40:51 [WARNING] GripperOptimized:fast_loop:492 - 主循環執行時間過長: 30.2ms
2025-07-21 07:40:52 [WARNING] GripperOptimized:fast_loop:492 - 主循環執行時間過長: 31.5ms
2025-07-21 07:40:53 [WARNING] GripperOptimized:fast_loop:492 - 主循環執行時間過長: 30.6ms
2025-07-21 07:40:58 [WARNING] GripperOptimized:fast_loop:492 - 主循環執行時間過長: 31.0ms
2025-07-21 07:41:02 [WARNING] GripperOptimized:fast_loop:492 - 主循環執行時間過長: 31.0ms
2025-07-21 07:41:07 [INFO] GripperOptimized:fast_loop:484 - 性能統計: 循環=1426000, 平均耗時=13.3ms, 最大耗時=81.3ms, 指令數=59
2025-07-21 07:41:28 [INFO] GripperOptimized:fast_loop:484 - 性能統計: 循環=1427000, 平均耗時=13.4ms, 最大耗時=81.3ms, 指令數=59
2025-07-21 07:41:28 [WARNING] GripperOptimized:fast_loop:492 - 主循環執行時間過長: 31.9ms
2025-07-21 07:41:29 [WARNING] GripperOptimized:fast_loop:492 - 主循環執行時間過長: 30.6ms
2025-07-21 07:41:30 [WARNING] GripperOptimized:fast_loop:492 - 主循環執行時間過長: 31.1ms
2025-07-21 07:41:33 [WARNING] GripperOptimized:fast_loop:492 - 主循環執行時間過長: 31.2ms
2025-07-21 07:41:40 [WARNING] GripperOptimized:fast_loop:492 - 主循環執行時間過長: 31.5ms
2025-07-21 07:41:45 [WARNING] GripperOptimized:fast_loop:492 - 主循環執行時間過長: 31.1ms
2025-07-21 07:41:46 [WARNING] GripperOptimized:fast_loop:492 - 主循環執行時間過長: 31.5ms
2025-07-21 07:41:49 [INFO] GripperOptimized:fast_loop:484 - 性能統計: 循環=1428000, 平均耗時=13.1ms, 最大耗時=81.3ms, 指令數=59
2025-07-21 07:41:58 [WARNING] GripperOptimized:fast_loop:492 - 主循環執行時間過長: 30.6ms
2025-07-21 07:42:02 [WARNING] GripperOptimized:fast_loop:492 - 主循環執行時間過長: 31.3ms
2025-07-21 07:42:09 [INFO] GripperOptimized:fast_loop:484 - 性能統計: 循環=1429000, 平均耗時=13.6ms, 最大耗時=81.3ms, 指令數=59
2025-07-21 07:42:09 [WARNING] GripperOptimized:fast_loop:492 - 主循環執行時間過長: 31.6ms
2025-07-21 07:42:16 [WARNING] GripperOptimized:fast_loop:492 - 主循環執行時間過長: 30.7ms
2025-07-21 07:42:18 [WARNING] GripperOptimized:fast_loop:492 - 主循環執行時間過長: 32.7ms
2025-07-21 07:42:20 [WARNING] GripperOptimized:fast_loop:492 - 主循環執行時間過長: 31.2ms
2025-07-21 07:42:22 [WARNING] GripperOptimized:fast_loop:492 - 主循環執行時間過長: 30.7ms
2025-07-21 07:42:30 [INFO] GripperOptimized:fast_loop:484 - 性能統計: 循環=1430000, 平均耗時=12.7ms, 最大耗時=81.3ms, 指令數=59
2025-07-21 07:42:30 [WARNING] GripperOptimized:fast_loop:492 - 主循環執行時間過長: 30.7ms
2025-07-21 07:42:37 [WARNING] GripperOptimized:fast_loop:492 - 主循環執行時間過長: 31.5ms
2025-07-21 07:42:51 [INFO] GripperOptimized:fast_loop:484 - 性能統計: 循環=1431000, 平均耗時=13.3ms, 最大耗時=81.3ms, 指令數=59
2025-07-21 07:43:10 [WARNING] GripperOptimized:fast_loop:492 - 主循環執行時間過長: 30.4ms
2025-07-21 07:43:12 [INFO] GripperOptimized:fast_loop:484 - 性能統計: 循環=1432000, 平均耗時=13.9ms, 最大耗時=81.3ms, 指令數=59
2025-07-21 07:43:16 [WARNING] GripperOptimized:fast_loop:492 - 主循環執行時間過長: 30.5ms
2025-07-21 07:43:25 [WARNING] GripperOptimized:fast_loop:492 - 主循環執行時間過長: 30.7ms
2025-07-21 07:43:27 [WARNING] GripperOptimized:fast_loop:492 - 主循環執行時間過長: 30.7ms
2025-07-21 07:43:29 [WARNING] GripperOptimized:fast_loop:492 - 主循環執行時間過長: 32.3ms
2025-07-21 07:43:32 [INFO] GripperOptimized:fast_loop:484 - 性能統計: 循環=1433000, 平均耗時=13.9ms, 最大耗時=81.3ms, 指令數=59
2025-07-21 07:43:37 [WARNING] GripperOptimized:fast_loop:492 - 主循環執行時間過長: 30.7ms
2025-07-21 07:43:43 [WARNING] GripperOptimized:fast_loop:492 - 主循環執行時間過長: 32.1ms
2025-07-21 07:43:53 [INFO] GripperOptimized:fast_loop:484 - 性能統計: 循環=1434000, 平均耗時=13.4ms, 最大耗時=81.3ms, 指令數=59
2025-07-21 07:44:02 [WARNING] GripperOptimized:fast_loop:492 - 主循環執行時間過長: 31.2ms
2025-07-21 07:44:08 [WARNING] GripperOptimized:fast_loop:492 - 主循環執行時間過長: 30.5ms
2025-07-21 07:44:11 [WARNING] GripperOptimized:fast_loop:492 - 主循環執行時間過長: 33.4ms
2025-07-21 07:44:12 [WARNING] GripperOptimized:fast_loop:492 - 主循環執行時間過長: 30.1ms
2025-07-21 07:44:14 [INFO] GripperOptimized:fast_loop:484 - 性能統計: 循環=1435000, 平均耗時=14.3ms, 最大耗時=81.3ms, 指令數=59
2025-07-21 07:44:23 [WARNING] GripperOptimized:fast_loop:492 - 主循環執行時間過長: 32.0ms
2025-07-21 07:44:24 [WARNING] GripperOptimized:fast_loop:492 - 主循環執行時間過長: 32.2ms
2025-07-21 07:44:30 [WARNING] GripperOptimized:fast_loop:492 - 主循環執行時間過長: 30.4ms
2025-07-21 07:44:34 [WARNING] GripperOptimized:fast_loop:492 - 主循環執行時間過長: 32.3ms
2025-07-21 07:44:35 [INFO] GripperOptimized:fast_loop:484 - 性能統計: 循環=1436000, 平均耗時=13.3ms, 最大耗時=81.3ms, 指令數=59
2025-07-21 07:44:35 [WARNING] GripperOptimized:fast_loop:492 - 主循環執行時間過長: 31.6ms
2025-07-21 07:44:37 [WARNING] GripperOptimized:fast_loop:492 - 主循環執行時間過長: 30.8ms
2025-07-21 07:44:39 [WARNING] GripperOptimized:fast_loop:492 - 主循環執行時間過長: 32.1ms
2025-07-21 07:44:41 [WARNING] GripperOptimized:fast_loop:492 - 主循環執行時間過長: 31.1ms
2025-07-21 07:44:50 [WARNING] GripperOptimized:fast_loop:492 - 主循環執行時間過長: 32.1ms
2025-07-21 07:44:53 [WARNING] GripperOptimized:fast_loop:492 - 主循環執行時間過長: 30.9ms
2025-07-21 07:44:54 [WARNING] GripperOptimized:fast_loop:492 - 主循環執行時間過長: 30.3ms
2025-07-21 07:44:56 [INFO] GripperOptimized:fast_loop:484 - 性能統計: 循環=1437000, 平均耗時=13.0ms, 最大耗時=81.3ms, 指令數=59
2025-07-21 07:44:57 [WARNING] GripperOptimized:fast_loop:492 - 主循環執行時間過長: 30.0ms
2025-07-21 07:45:01 [WARNING] GripperOptimized:fast_loop:492 - 主循環執行時間過長: 33.0ms
2025-07-21 07:45:04 [WARNING] GripperOptimized:fast_loop:492 - 主循環執行時間過長: 32.8ms
2025-07-21 07:45:05 [WARNING] GripperOptimized:fast_loop:492 - 主循環執行時間過長: 31.0ms
2025-07-21 07:45:08 [WARNING] GripperOptimized:fast_loop:492 - 主循環執行時間過長: 32.2ms
2025-07-21 07:45:14 [WARNING] GripperOptimized:fast_loop:492 - 主循環執行時間過長: 30.3ms
2025-07-21 07:45:16 [INFO] GripperOptimized:fast_loop:484 - 性能統計: 循環=1438000, 平均耗時=13.6ms, 最大耗時=81.3ms, 指令數=59
2025-07-21 07:45:26 [WARNING] GripperOptimized:fast_loop:492 - 主循環執行時間過長: 30.9ms
2025-07-21 07:45:27 [WARNING] GripperOptimized:fast_loop:492 - 主循環執行時間過長: 30.2ms
2025-07-21 07:45:37 [INFO] GripperOptimized:fast_loop:484 - 性能統計: 循環=1439000, 平均耗時=14.2ms, 最大耗時=81.3ms, 指令數=59
2025-07-21 07:45:45 [WARNING] GripperOptimized:fast_loop:492 - 主循環執行時間過長: 30.7ms
2025-07-21 07:45:51 [WARNING] GripperOptimized:fast_loop:492 - 主循環執行時間過長: 30.5ms
2025-07-21 07:45:52 [WARNING] GripperOptimized:fast_loop:492 - 主循環執行時間過長: 32.8ms
2025-07-21 07:45:57 [WARNING] GripperOptimized:fast_loop:492 - 主循環執行時間過長: 32.2ms
2025-07-21 07:45:58 [INFO] GripperOptimized:fast_loop:484 - 性能統計: 循環=1440000, 平均耗時=13.5ms, 最大耗時=81.3ms, 指令數=59
2025-07-21 07:45:59 [WARNING] GripperOptimized:fast_loop:492 - 主循環執行時間過長: 32.7ms
2025-07-21 07:46:01 [WARNING] GripperOptimized:fast_loop:492 - 主循環執行時間過長: 31.3ms
2025-07-21 07:46:07 [WARNING] GripperOptimized:fast_loop:492 - 主循環執行時間過長: 31.0ms
2025-07-21 07:46:08 [WARNING] GripperOptimized:fast_loop:492 - 主循環執行時間過長: 30.2ms
2025-07-21 07:46:19 [INFO] GripperOptimized:fast_loop:484 - 性能統計: 循環=1441000, 平均耗時=13.2ms, 最大耗時=81.3ms, 指令數=59
2025-07-21 07:46:31 [WARNING] GripperOptimized:fast_loop:492 - 主循環執行時間過長: 31.0ms
2025-07-21 07:46:32 [WARNING] GripperOptimized:fast_loop:492 - 主循環執行時間過長: 30.6ms
2025-07-21 07:46:39 [WARNING] GripperOptimized:fast_loop:492 - 主循環執行時間過長: 31.3ms
2025-07-21 07:46:40 [INFO] GripperOptimized:fast_loop:484 - 性能統計: 循環=1442000, 平均耗時=13.3ms, 最大耗時=81.3ms, 指令數=59
2025-07-21 07:46:40 [WARNING] GripperOptimized:fast_loop:492 - 主循環執行時間過長: 30.3ms
2025-07-21 07:46:41 [WARNING] GripperOptimized:fast_loop:492 - 主循環執行時間過長: 30.1ms
2025-07-21 07:46:42 [WARNING] GripperOptimized:fast_loop:492 - 主循環執行時間過長: 31.5ms
2025-07-21 07:46:43 [WARNING] GripperOptimized:fast_loop:492 - 主循環執行時間過長: 31.2ms
2025-07-21 07:46:44 [WARNING] GripperOptimized:fast_loop:492 - 主循環執行時間過長: 30.0ms
2025-07-21 07:46:46 [WARNING] GripperOptimized:fast_loop:492 - 主循環執行時間過長: 30.4ms
2025-07-21 07:46:47 [WARNING] GripperOptimized:fast_loop:492 - 主循環執行時間過長: 32.0ms
2025-07-21 07:46:53 [WARNING] GripperOptimized:fast_loop:492 - 主循環執行時間過長: 31.0ms
2025-07-21 07:46:56 [WARNING] GripperOptimized:fast_loop:492 - 主循環執行時間過長: 33.3ms
2025-07-21 07:46:59 [WARNING] GripperOptimized:fast_loop:492 - 主循環執行時間過長: 30.5ms
2025-07-21 07:47:00 [INFO] GripperOptimized:fast_loop:484 - 性能統計: 循環=1443000, 平均耗時=13.0ms, 最大耗時=81.3ms, 指令數=59
2025-07-21 07:47:01 [WARNING] GripperOptimized:fast_loop:492 - 主循環執行時間過長: 30.3ms
2025-07-21 07:47:05 [WARNING] GripperOptimized:fast_loop:492 - 主循環執行時間過長: 32.4ms
2025-07-21 07:47:14 [WARNING] GripperOptimized:fast_loop:492 - 主循環執行時間過長: 30.0ms
2025-07-21 07:47:16 [WARNING] GripperOptimized:fast_loop:492 - 主循環執行時間過長: 32.2ms
2025-07-21 07:47:19 [WARNING] GripperOptimized:fast_loop:492 - 主循環執行時間過長: 31.3ms
2025-07-21 07:47:21 [INFO] GripperOptimized:fast_loop:484 - 性能統計: 循環=1444000, 平均耗時=12.6ms, 最大耗時=81.3ms, 指令數=59
2025-07-21 07:47:21 [WARNING] GripperOptimized:fast_loop:492 - 主循環執行時間過長: 32.5ms
2025-07-21 07:47:24 [WARNING] GripperOptimized:fast_loop:492 - 主循環執行時間過長: 32.4ms
2025-07-21 07:47:31 [WARNING] GripperOptimized:fast_loop:492 - 主循環執行時間過長: 30.9ms
2025-07-21 07:47:33 [WARNING] GripperOptimized:fast_loop:492 - 主循環執行時間過長: 30.0ms
2025-07-21 07:47:40 [WARNING] GripperOptimized:fast_loop:492 - 主循環執行時間過長: 30.6ms
2025-07-21 07:47:42 [INFO] GripperOptimized:fast_loop:484 - 性能統計: 循環=1445000, 平均耗時=12.2ms, 最大耗時=81.3ms, 指令數=59
2025-07-21 07:47:45 [WARNING] GripperOptimized:fast_loop:492 - 主循環執行時間過長: 30.4ms
2025-07-21 07:47:47 [WARNING] GripperOptimized:fast_loop:492 - 主循環執行時間過長: 30.6ms
2025-07-21 07:47:48 [WARNING] GripperOptimized:fast_loop:492 - 主循環執行時間過長: 30.4ms
2025-07-21 07:47:51 [WARNING] GripperOptimized:fast_loop:492 - 主循環執行時間過長: 30.8ms
2025-07-21 07:47:54 [WARNING] GripperOptimized:fast_loop:492 - 主循環執行時間過長: 30.4ms
2025-07-21 07:48:03 [INFO] GripperOptimized:fast_loop:484 - 性能統計: 循環=1446000, 平均耗時=14.0ms, 最大耗時=81.3ms, 指令數=59
2025-07-21 07:48:04 [WARNING] GripperOptimized:fast_loop:492 - 主循環執行時間過長: 30.0ms
2025-07-21 07:48:09 [WARNING] GripperOptimized:fast_loop:492 - 主循環執行時間過長: 31.4ms
2025-07-21 07:48:12 [WARNING] GripperOptimized:fast_loop:492 - 主循環執行時間過長: 30.1ms
2025-07-21 07:48:13 [WARNING] GripperOptimized:fast_loop:492 - 主循環執行時間過長: 31.9ms
2025-07-21 07:48:15 [WARNING] GripperOptimized:fast_loop:492 - 主循環執行時間過長: 31.7ms
2025-07-21 07:48:20 [WARNING] GripperOptimized:fast_loop:492 - 主循環執行時間過長: 31.9ms
2025-07-21 07:48:24 [INFO] GripperOptimized:fast_loop:484 - 性能統計: 循環=1447000, 平均耗時=13.3ms, 最大耗時=81.3ms, 指令數=59
2025-07-21 07:48:24 [WARNING] GripperOptimized:fast_loop:492 - 主循環執行時間過長: 30.1ms
2025-07-21 07:48:27 [WARNING] GripperOptimized:fast_loop:492 - 主循環執行時間過長: 31.2ms
2025-07-21 07:48:29 [WARNING] GripperOptimized:fast_loop:492 - 主循環執行時間過長: 32.0ms
2025-07-21 07:48:41 [WARNING] GripperOptimized:fast_loop:492 - 主循環執行時間過長: 32.9ms
2025-07-21 07:48:43 [WARNING] GripperOptimized:fast_loop:492 - 主循環執行時間過長: 31.6ms
2025-07-21 07:48:44 [INFO] GripperOptimized:fast_loop:484 - 性能統計: 循環=1448000, 平均耗時=14.0ms, 最大耗時=81.3ms, 指令數=59
2025-07-21 07:48:48 [WARNING] GripperOptimized:fast_loop:492 - 主循環執行時間過長: 32.2ms
2025-07-21 07:48:51 [WARNING] GripperOptimized:fast_loop:492 - 主循環執行時間過長: 30.2ms
2025-07-21 07:48:56 [WARNING] GripperOptimized:fast_loop:492 - 主循環執行時間過長: 31.0ms
2025-07-21 07:48:57 [WARNING] GripperOptimized:fast_loop:492 - 主循環執行時間過長: 30.7ms
2025-07-21 07:48:59 [WARNING] GripperOptimized:fast_loop:492 - 主循環執行時間過長: 32.3ms
2025-07-21 07:49:00 [WARNING] GripperOptimized:fast_loop:492 - 主循環執行時間過長: 32.0ms
2025-07-21 07:49:01 [WARNING] GripperOptimized:fast_loop:492 - 主循環執行時間過長: 31.2ms
2025-07-21 07:49:02 [WARNING] GripperOptimized:fast_loop:492 - 主循環執行時間過長: 31.0ms
2025-07-21 07:49:03 [WARNING] GripperOptimized:fast_loop:492 - 主循環執行時間過長: 31.2ms
2025-07-21 07:49:05 [INFO] GripperOptimized:fast_loop:484 - 性能統計: 循環=1449000, 平均耗時=13.3ms, 最大耗時=81.3ms, 指令數=59
2025-07-21 07:49:10 [WARNING] GripperOptimized:fast_loop:492 - 主循環執行時間過長: 30.6ms
2025-07-21 07:49:17 [WARNING] GripperOptimized:fast_loop:492 - 主循環執行時間過長: 30.9ms
2025-07-21 07:49:21 [WARNING] GripperOptimized:fast_loop:492 - 主循環執行時間過長: 30.1ms
2025-07-21 07:49:22 [WARNING] GripperOptimized:fast_loop:492 - 主循環執行時間過長: 30.7ms
2025-07-21 07:49:24 [WARNING] GripperOptimized:fast_loop:492 - 主循環執行時間過長: 30.3ms
2025-07-21 07:49:26 [INFO] GripperOptimized:fast_loop:484 - 性能統計: 循環=1450000, 平均耗時=13.1ms, 最大耗時=81.3ms, 指令數=59
2025-07-21 07:49:32 [WARNING] GripperOptimized:fast_loop:492 - 主循環執行時間過長: 30.2ms
2025-07-21 07:49:38 [WARNING] GripperOptimized:fast_loop:492 - 主循環執行時間過長: 31.6ms
2025-07-21 07:49:39 [WARNING] GripperOptimized:fast_loop:492 - 主循環執行時間過長: 31.8ms
2025-07-21 07:49:42 [WARNING] GripperOptimized:fast_loop:492 - 主循環執行時間過長: 31.0ms
2025-07-21 07:49:47 [INFO] GripperOptimized:fast_loop:484 - 性能統計: 循環=1451000, 平均耗時=13.3ms, 最大耗時=81.3ms, 指令數=59
2025-07-21 07:49:56 [WARNING] GripperOptimized:fast_loop:492 - 主循環執行時間過長: 31.4ms
2025-07-21 07:50:02 [WARNING] GripperOptimized:fast_loop:492 - 主循環執行時間過長: 30.5ms
2025-07-21 07:50:03 [WARNING] GripperOptimized:fast_loop:492 - 主循環執行時間過長: 31.4ms
2025-07-21 07:50:04 [WARNING] GripperOptimized:fast_loop:492 - 主循環執行時間過長: 32.0ms
2025-07-21 07:50:08 [INFO] GripperOptimized:fast_loop:484 - 性能統計: 循環=1452000, 平均耗時=13.1ms, 最大耗時=81.3ms, 指令數=59
2025-07-21 07:50:17 [WARNING] GripperOptimized:fast_loop:492 - 主循環執行時間過長: 31.1ms
2025-07-21 07:50:28 [INFO] GripperOptimized:fast_loop:484 - 性能統計: 循環=1453000, 平均耗時=13.5ms, 最大耗時=81.3ms, 指令數=59
2025-07-21 07:50:28 [WARNING] GripperOptimized:fast_loop:492 - 主循環執行時間過長: 30.4ms
2025-07-21 07:50:32 [WARNING] GripperOptimized:fast_loop:492 - 主循環執行時間過長: 30.4ms
2025-07-21 07:50:41 [WARNING] GripperOptimized:fast_loop:492 - 主循環執行時間過長: 31.1ms
2025-07-21 07:50:44 [WARNING] GripperOptimized:fast_loop:492 - 主循環執行時間過長: 30.2ms
2025-07-21 07:50:47 [WARNING] GripperOptimized:fast_loop:492 - 主循環執行時間過長: 30.2ms
2025-07-21 07:50:49 [INFO] GripperOptimized:fast_loop:484 - 性能統計: 循環=1454000, 平均耗時=13.6ms, 最大耗時=81.3ms, 指令數=59
2025-07-21 07:50:49 [WARNING] GripperOptimized:fast_loop:492 - 主循環執行時間過長: 31.2ms
2025-07-21 07:50:55 [WARNING] GripperOptimized:fast_loop:492 - 主循環執行時間過長: 31.0ms
2025-07-21 07:51:00 [WARNING] GripperOptimized:fast_loop:492 - 主循環執行時間過長: 31.0ms
2025-07-21 07:51:01 [WARNING] GripperOptimized:fast_loop:492 - 主循環執行時間過長: 30.5ms
2025-07-21 07:51:06 [WARNING] GripperOptimized:fast_loop:492 - 主循環執行時間過長: 30.2ms
2025-07-21 07:51:10 [INFO] GripperOptimized:fast_loop:484 - 性能統計: 循環=1455000, 平均耗時=12.8ms, 最大耗時=81.3ms, 指令數=59
2025-07-21 07:51:11 [WARNING] GripperOptimized:fast_loop:492 - 主循環執行時間過長: 30.1ms
2025-07-21 07:51:24 [WARNING] GripperOptimized:fast_loop:492 - 主循環執行時間過長: 30.3ms
2025-07-21 07:51:31 [INFO] GripperOptimized:fast_loop:484 - 性能統計: 循環=1456000, 平均耗時=13.2ms, 最大耗時=81.3ms, 指令數=59
2025-07-21 07:51:34 [WARNING] GripperOptimized:fast_loop:492 - 主循環執行時間過長: 31.2ms
2025-07-21 07:51:36 [WARNING] GripperOptimized:fast_loop:492 - 主循環執行時間過長: 30.9ms
2025-07-21 07:51:38 [WARNING] GripperOptimized:fast_loop:492 - 主循環執行時間過長: 30.6ms
2025-07-21 07:51:39 [WARNING] GripperOptimized:fast_loop:492 - 主循環執行時間過長: 30.2ms
2025-07-21 07:51:42 [WARNING] GripperOptimized:fast_loop:492 - 主循環執行時間過長: 32.6ms
2025-07-21 07:51:45 [WARNING] GripperOptimized:fast_loop:492 - 主循環執行時間過長: 30.8ms
2025-07-21 07:51:51 [INFO] GripperOptimized:fast_loop:484 - 性能統計: 循環=1457000, 平均耗時=12.7ms, 最大耗時=81.3ms, 指令數=59
2025-07-21 07:51:52 [WARNING] GripperOptimized:fast_loop:492 - 主循環執行時間過長: 31.7ms
2025-07-21 07:51:55 [WARNING] GripperOptimized:fast_loop:492 - 主循環執行時間過長: 30.0ms
2025-07-21 07:52:11 [WARNING] GripperOptimized:fast_loop:492 - 主循環執行時間過長: 30.9ms
2025-07-21 07:52:12 [INFO] GripperOptimized:fast_loop:484 - 性能統計: 循環=1458000, 平均耗時=13.7ms, 最大耗時=81.3ms, 指令數=59
2025-07-21 07:52:21 [WARNING] GripperOptimized:fast_loop:492 - 主循環執行時間過長: 30.5ms
2025-07-21 07:52:24 [WARNING] GripperOptimized:fast_loop:492 - 主循環執行時間過長: 31.7ms
2025-07-21 07:52:28 [WARNING] GripperOptimized:fast_loop:492 - 主循環執行時間過長: 31.9ms
2025-07-21 07:52:33 [INFO] GripperOptimized:fast_loop:484 - 性能統計: 循環=1459000, 平均耗時=13.1ms, 最大耗時=81.3ms, 指令數=59
2025-07-21 07:52:33 [WARNING] GripperOptimized:fast_loop:492 - 主循環執行時間過長: 31.2ms
2025-07-21 07:52:41 [WARNING] GripperOptimized:fast_loop:492 - 主循環執行時間過長: 30.2ms
2025-07-21 07:52:42 [WARNING] GripperOptimized:fast_loop:492 - 主循環執行時間過長: 30.4ms
2025-07-21 07:52:51 [WARNING] GripperOptimized:fast_loop:492 - 主循環執行時間過長: 31.8ms
2025-07-21 07:52:54 [INFO] GripperOptimized:fast_loop:484 - 性能統計: 循環=1460000, 平均耗時=12.7ms, 最大耗時=81.3ms, 指令數=59
2025-07-21 07:52:55 [WARNING] GripperOptimized:fast_loop:492 - 主循環執行時間過長: 30.0ms
2025-07-21 07:52:57 [WARNING] GripperOptimized:fast_loop:492 - 主循環執行時間過長: 30.3ms
2025-07-21 07:53:08 [WARNING] GripperOptimized:fast_loop:492 - 主循環執行時間過長: 31.4ms
2025-07-21 07:53:14 [WARNING] GripperOptimized:fast_loop:492 - 主循環執行時間過長: 32.0ms
2025-07-21 07:53:15 [INFO] GripperOptimized:fast_loop:484 - 性能統計: 循環=1461000, 平均耗時=13.0ms, 最大耗時=81.3ms, 指令數=59
2025-07-21 07:53:15 [WARNING] GripperOptimized:fast_loop:492 - 主循環執行時間過長: 31.5ms
2025-07-21 07:53:16 [WARNING] GripperOptimized:fast_loop:492 - 主循環執行時間過長: 30.1ms
2025-07-21 07:53:23 [WARNING] GripperOptimized:fast_loop:492 - 主循環執行時間過長: 30.1ms
2025-07-21 07:53:24 [WARNING] GripperOptimized:fast_loop:492 - 主循環執行時間過長: 30.3ms
2025-07-21 07:53:26 [WARNING] GripperOptimized:fast_loop:492 - 主循環執行時間過長: 30.4ms
2025-07-21 07:53:31 [WARNING] GripperOptimized:fast_loop:492 - 主循環執行時間過長: 30.0ms
2025-07-21 07:53:34 [WARNING] GripperOptimized:fast_loop:492 - 主循環執行時間過長: 30.1ms
2025-07-21 07:53:35 [INFO] GripperOptimized:fast_loop:484 - 性能統計: 循環=1462000, 平均耗時=13.3ms, 最大耗時=81.3ms, 指令數=59
2025-07-21 07:53:35 [WARNING] GripperOptimized:fast_loop:492 - 主循環執行時間過長: 31.6ms
2025-07-21 07:53:39 [WARNING] GripperOptimized:fast_loop:492 - 主循環執行時間過長: 30.8ms
2025-07-21 07:53:46 [WARNING] GripperOptimized:fast_loop:492 - 主循環執行時間過長: 30.3ms
2025-07-21 07:53:53 [WARNING] GripperOptimized:fast_loop:492 - 主循環執行時間過長: 30.9ms
2025-07-21 07:53:55 [WARNING] GripperOptimized:fast_loop:492 - 主循環執行時間過長: 30.9ms
2025-07-21 07:53:56 [INFO] GripperOptimized:fast_loop:484 - 性能統計: 循環=1463000, 平均耗時=13.2ms, 最大耗時=81.3ms, 指令數=59
2025-07-21 07:54:01 [WARNING] GripperOptimized:fast_loop:492 - 主循環執行時間過長: 30.2ms
2025-07-21 07:54:06 [WARNING] GripperOptimized:fast_loop:492 - 主循環執行時間過長: 30.2ms
2025-07-21 07:54:16 [WARNING] GripperOptimized:fast_loop:492 - 主循環執行時間過長: 30.1ms
2025-07-21 07:54:17 [INFO] GripperOptimized:fast_loop:484 - 性能統計: 循環=1464000, 平均耗時=13.9ms, 最大耗時=81.3ms, 指令數=59
2025-07-21 07:54:23 [WARNING] GripperOptimized:fast_loop:492 - 主循環執行時間過長: 33.6ms
2025-07-21 07:54:28 [WARNING] GripperOptimized:fast_loop:492 - 主循環執行時間過長: 30.1ms
2025-07-21 07:54:37 [WARNING] GripperOptimized:fast_loop:492 - 主循環執行時間過長: 30.3ms
2025-07-21 07:54:38 [INFO] GripperOptimized:fast_loop:484 - 性能統計: 循環=1465000, 平均耗時=13.0ms, 最大耗時=81.3ms, 指令數=59
2025-07-21 07:54:38 [WARNING] GripperOptimized:fast_loop:492 - 主循環執行時間過長: 30.7ms
2025-07-21 07:54:59 [INFO] GripperOptimized:fast_loop:484 - 性能統計: 循環=1466000, 平均耗時=13.4ms, 最大耗時=81.3ms, 指令數=59
2025-07-21 07:55:07 [WARNING] GripperOptimized:fast_loop:492 - 主循環執行時間過長: 31.7ms
2025-07-21 07:55:10 [WARNING] GripperOptimized:fast_loop:492 - 主循環執行時間過長: 30.5ms
2025-07-21 07:55:13 [WARNING] GripperOptimized:fast_loop:492 - 主循環執行時間過長: 31.1ms
2025-07-21 07:55:19 [INFO] GripperOptimized:fast_loop:484 - 性能統計: 循環=1467000, 平均耗時=12.6ms, 最大耗時=81.3ms, 指令數=59
2025-07-21 07:55:19 [WARNING] GripperOptimized:fast_loop:492 - 主循環執行時間過長: 31.1ms
2025-07-21 07:55:24 [WARNING] GripperOptimized:fast_loop:492 - 主循環執行時間過長: 31.6ms
2025-07-21 07:55:32 [WARNING] GripperOptimized:fast_loop:492 - 主循環執行時間過長: 32.8ms
2025-07-21 07:55:36 [WARNING] GripperOptimized:fast_loop:492 - 主循環執行時間過長: 31.9ms
2025-07-21 07:55:38 [WARNING] GripperOptimized:fast_loop:492 - 主循環執行時間過長: 31.1ms
2025-07-21 07:55:39 [WARNING] GripperOptimized:fast_loop:492 - 主循環執行時間過長: 31.2ms
2025-07-21 07:55:40 [INFO] GripperOptimized:fast_loop:484 - 性能統計: 循環=1468000, 平均耗時=13.7ms, 最大耗時=81.3ms, 指令數=59
2025-07-21 07:55:44 [WARNING] GripperOptimized:fast_loop:492 - 主循環執行時間過長: 31.2ms
2025-07-21 07:55:49 [WARNING] GripperOptimized:fast_loop:492 - 主循環執行時間過長: 30.8ms
2025-07-21 07:55:51 [WARNING] GripperOptimized:fast_loop:492 - 主循環執行時間過長: 30.0ms
2025-07-21 07:55:53 [WARNING] GripperOptimized:fast_loop:492 - 主循環執行時間過長: 30.8ms
2025-07-21 07:56:01 [INFO] GripperOptimized:fast_loop:484 - 性能統計: 循環=1469000, 平均耗時=12.8ms, 最大耗時=81.3ms, 指令數=59
2025-07-21 07:56:07 [WARNING] GripperOptimized:fast_loop:492 - 主循環執行時間過長: 31.0ms
2025-07-21 07:56:09 [WARNING] GripperOptimized:fast_loop:492 - 主循環執行時間過長: 30.4ms
2025-07-21 07:56:15 [WARNING] GripperOptimized:fast_loop:492 - 主循環執行時間過長: 30.2ms
2025-07-21 07:56:17 [WARNING] GripperOptimized:fast_loop:492 - 主循環執行時間過長: 31.1ms
2025-07-21 07:56:22 [INFO] GripperOptimized:fast_loop:484 - 性能統計: 循環=1470000, 平均耗時=13.1ms, 最大耗時=81.3ms, 指令數=59
2025-07-21 07:56:23 [WARNING] GripperOptimized:fast_loop:492 - 主循環執行時間過長: 31.4ms
2025-07-21 07:56:28 [WARNING] GripperOptimized:fast_loop:492 - 主循環執行時間過長: 31.9ms
2025-07-21 07:56:31 [WARNING] GripperOptimized:fast_loop:492 - 主循環執行時間過長: 31.1ms
2025-07-21 07:56:33 [WARNING] GripperOptimized:fast_loop:492 - 主循環執行時間過長: 31.4ms
2025-07-21 07:56:36 [WARNING] GripperOptimized:fast_loop:492 - 主循環執行時間過長: 33.4ms
2025-07-21 07:56:41 [WARNING] GripperOptimized:fast_loop:492 - 主循環執行時間過長: 30.2ms
2025-07-21 07:56:43 [INFO] GripperOptimized:fast_loop:484 - 性能統計: 循環=1471000, 平均耗時=14.0ms, 最大耗時=81.3ms, 指令數=59
2025-07-21 07:56:43 [WARNING] GripperOptimized:fast_loop:492 - 主循環執行時間過長: 33.7ms
2025-07-21 07:56:52 [WARNING] GripperOptimized:fast_loop:492 - 主循環執行時間過長: 30.1ms
2025-07-21 07:56:55 [WARNING] GripperOptimized:fast_loop:492 - 主循環執行時間過長: 30.6ms
2025-07-21 07:56:58 [WARNING] GripperOptimized:fast_loop:492 - 主循環執行時間過長: 30.9ms
2025-07-21 07:57:02 [WARNING] GripperOptimized:fast_loop:492 - 主循環執行時間過長: 30.2ms
2025-07-21 07:57:03 [INFO] GripperOptimized:fast_loop:484 - 性能統計: 循環=1472000, 平均耗時=13.6ms, 最大耗時=81.3ms, 指令數=59
2025-07-21 07:57:03 [WARNING] GripperOptimized:fast_loop:492 - 主循環執行時間過長: 31.1ms
2025-07-21 07:57:05 [WARNING] GripperOptimized:fast_loop:492 - 主循環執行時間過長: 30.6ms
2025-07-21 07:57:16 [WARNING] GripperOptimized:fast_loop:492 - 主循環執行時間過長: 32.1ms
2025-07-21 07:57:17 [WARNING] GripperOptimized:fast_loop:492 - 主循環執行時間過長: 30.7ms
2025-07-21 07:57:20 [WARNING] GripperOptimized:fast_loop:492 - 主循環執行時間過長: 31.4ms
2025-07-21 07:57:21 [WARNING] GripperOptimized:fast_loop:492 - 主循環執行時間過長: 30.9ms
2025-07-21 07:57:23 [WARNING] GripperOptimized:fast_loop:492 - 主循環執行時間過長: 31.6ms
2025-07-21 07:57:24 [INFO] GripperOptimized:fast_loop:484 - 性能統計: 循環=1473000, 平均耗時=13.6ms, 最大耗時=81.3ms, 指令數=59
2025-07-21 07:57:28 [WARNING] GripperOptimized:fast_loop:492 - 主循環執行時間過長: 32.1ms
2025-07-21 07:57:35 [WARNING] GripperOptimized:fast_loop:492 - 主循環執行時間過長: 33.2ms
2025-07-21 07:57:38 [WARNING] GripperOptimized:fast_loop:492 - 主循環執行時間過長: 32.6ms
2025-07-21 07:57:43 [WARNING] GripperOptimized:fast_loop:492 - 主循環執行時間過長: 31.5ms
2025-07-21 07:57:45 [INFO] GripperOptimized:fast_loop:484 - 性能統計: 循環=1474000, 平均耗時=13.1ms, 最大耗時=81.3ms, 指令數=59
2025-07-21 07:57:49 [WARNING] GripperOptimized:fast_loop:492 - 主循環執行時間過長: 30.1ms
2025-07-21 07:57:54 [WARNING] GripperOptimized:fast_loop:492 - 主循環執行時間過長: 31.2ms
2025-07-21 07:57:56 [WARNING] GripperOptimized:fast_loop:492 - 主循環執行時間過長: 30.2ms
2025-07-21 07:58:03 [WARNING] GripperOptimized:fast_loop:492 - 主循環執行時間過長: 31.5ms
2025-07-21 07:58:04 [WARNING] GripperOptimized:fast_loop:492 - 主循環執行時間過長: 31.9ms
2025-07-21 07:58:06 [INFO] GripperOptimized:fast_loop:484 - 性能統計: 循環=1475000, 平均耗時=12.8ms, 最大耗時=81.3ms, 指令數=59
2025-07-21 07:58:06 [WARNING] GripperOptimized:fast_loop:492 - 主循環執行時間過長: 30.7ms
2025-07-21 07:58:08 [WARNING] GripperOptimized:fast_loop:492 - 主循環執行時間過長: 31.0ms
2025-07-21 07:58:13 [WARNING] GripperOptimized:fast_loop:492 - 主循環執行時間過長: 30.1ms
2025-07-21 07:58:19 [WARNING] GripperOptimized:fast_loop:492 - 主循環執行時間過長: 30.4ms
2025-07-21 07:58:21 [WARNING] GripperOptimized:fast_loop:492 - 主循環執行時間過長: 31.5ms
2025-07-21 07:58:23 [WARNING] GripperOptimized:fast_loop:492 - 主循環執行時間過長: 32.2ms
2025-07-21 07:58:27 [INFO] GripperOptimized:fast_loop:484 - 性能統計: 循環=1476000, 平均耗時=13.4ms, 最大耗時=81.3ms, 指令數=59
2025-07-21 07:58:32 [WARNING] GripperOptimized:fast_loop:492 - 主循環執行時間過長: 31.0ms
2025-07-21 07:58:38 [WARNING] GripperOptimized:fast_loop:492 - 主循環執行時間過長: 31.4ms
2025-07-21 07:58:43 [WARNING] GripperOptimized:fast_loop:492 - 主循環執行時間過長: 30.5ms
2025-07-21 07:58:46 [WARNING] GripperOptimized:fast_loop:492 - 主循環執行時間過長: 31.7ms
2025-07-21 07:58:47 [INFO] GripperOptimized:fast_loop:484 - 性能統計: 循環=1477000, 平均耗時=13.9ms, 最大耗時=81.3ms, 指令數=59
2025-07-21 07:58:53 [WARNING] GripperOptimized:fast_loop:492 - 主循環執行時間過長: 30.8ms
2025-07-21 07:58:54 [WARNING] GripperOptimized:fast_loop:492 - 主循環執行時間過長: 30.6ms
2025-07-21 07:58:56 [WARNING] GripperOptimized:fast_loop:492 - 主循環執行時間過長: 31.1ms
2025-07-21 07:58:59 [WARNING] GripperOptimized:fast_loop:492 - 主循環執行時間過長: 30.4ms
2025-07-21 07:59:06 [WARNING] GripperOptimized:fast_loop:492 - 主循環執行時間過長: 30.3ms
2025-07-21 07:59:08 [INFO] GripperOptimized:fast_loop:484 - 性能統計: 循環=1478000, 平均耗時=13.6ms, 最大耗時=81.3ms, 指令數=59
2025-07-21 07:59:13 [WARNING] GripperOptimized:fast_loop:492 - 主循環執行時間過長: 31.7ms
2025-07-21 07:59:15 [WARNING] GripperOptimized:fast_loop:492 - 主循環執行時間過長: 30.7ms
2025-07-21 07:59:22 [WARNING] GripperOptimized:fast_loop:492 - 主循環執行時間過長: 30.8ms
2025-07-21 07:59:23 [WARNING] GripperOptimized:fast_loop:492 - 主循環執行時間過長: 34.2ms
2025-07-21 07:59:24 [WARNING] GripperOptimized:fast_loop:492 - 主循環執行時間過長: 30.2ms
2025-07-21 07:59:29 [INFO] GripperOptimized:fast_loop:484 - 性能統計: 循環=1479000, 平均耗時=12.6ms, 最大耗時=81.3ms, 指令數=59
2025-07-21 07:59:29 [WARNING] GripperOptimized:fast_loop:492 - 主循環執行時間過長: 31.6ms
2025-07-21 07:59:32 [WARNING] GripperOptimized:fast_loop:492 - 主循環執行時間過長: 30.2ms
2025-07-21 07:59:34 [WARNING] GripperOptimized:fast_loop:492 - 主循環執行時間過長: 30.8ms
2025-07-21 07:59:47 [WARNING] GripperOptimized:fast_loop:492 - 主循環執行時間過長: 32.2ms
2025-07-21 07:59:50 [INFO] GripperOptimized:fast_loop:484 - 性能統計: 循環=1480000, 平均耗時=12.8ms, 最大耗時=81.3ms, 指令數=59
2025-07-21 07:59:52 [WARNING] GripperOptimized:fast_loop:492 - 主循環執行時間過長: 33.0ms
2025-07-21 07:59:53 [WARNING] GripperOptimized:fast_loop:492 - 主循環執行時間過長: 30.3ms
2025-07-21 07:59:57 [WARNING] GripperOptimized:fast_loop:492 - 主循環執行時間過長: 34.3ms
2025-07-21 07:59:58 [WARNING] GripperOptimized:fast_loop:492 - 主循環執行時間過長: 30.9ms
2025-07-21 08:00:06 [WARNING] GripperOptimized:fast_loop:492 - 主循環執行時間過長: 31.3ms
2025-07-21 08:00:10 [INFO] GripperOptimized:fast_loop:484 - 性能統計: 循環=1481000, 平均耗時=13.1ms, 最大耗時=81.3ms, 指令數=59
2025-07-21 08:00:10 [WARNING] GripperOptimized:fast_loop:492 - 主循環執行時間過長: 30.1ms
2025-07-21 08:00:13 [WARNING] GripperOptimized:fast_loop:492 - 主循環執行時間過長: 30.3ms
2025-07-21 08:00:19 [WARNING] GripperOptimized:fast_loop:492 - 主循環執行時間過長: 30.4ms
2025-07-21 08:00:22 [WARNING] GripperOptimized:fast_loop:492 - 主循環執行時間過長: 30.1ms
2025-07-21 08:00:23 [WARNING] GripperOptimized:fast_loop:492 - 主循環執行時間過長: 31.7ms
2025-07-21 08:00:24 [WARNING] GripperOptimized:fast_loop:492 - 主循環執行時間過長: 30.4ms
2025-07-21 08:00:25 [WARNING] GripperOptimized:fast_loop:492 - 主循環執行時間過長: 30.1ms
2025-07-21 08:00:26 [WARNING] GripperOptimized:fast_loop:492 - 主循環執行時間過長: 30.1ms
2025-07-21 08:00:27 [WARNING] GripperOptimized:fast_loop:492 - 主循環執行時間過長: 30.6ms
2025-07-21 08:00:28 [WARNING] GripperOptimized:fast_loop:492 - 主循環執行時間過長: 31.1ms
2025-07-21 08:00:29 [WARNING] GripperOptimized:fast_loop:492 - 主循環執行時間過長: 30.5ms
2025-07-21 08:00:31 [INFO] GripperOptimized:fast_loop:484 - 性能統計: 循環=1482000, 平均耗時=13.8ms, 最大耗時=81.3ms, 指令數=59
2025-07-21 08:00:34 [WARNING] GripperOptimized:fast_loop:492 - 主循環執行時間過長: 31.1ms
2025-07-21 08:00:35 [WARNING] GripperOptimized:fast_loop:492 - 主循環執行時間過長: 31.9ms
2025-07-21 08:00:43 [WARNING] GripperOptimized:fast_loop:492 - 主循環執行時間過長: 30.8ms
2025-07-21 08:00:46 [WARNING] GripperOptimized:fast_loop:492 - 主循環執行時間過長: 30.2ms
2025-07-21 08:00:50 [WARNING] GripperOptimized:fast_loop:492 - 主循環執行時間過長: 31.8ms
2025-07-21 08:00:52 [INFO] GripperOptimized:fast_loop:484 - 性能統計: 循環=1483000, 平均耗時=13.3ms, 最大耗時=81.3ms, 指令數=59
2025-07-21 08:00:55 [WARNING] GripperOptimized:fast_loop:492 - 主循環執行時間過長: 31.2ms
2025-07-21 08:01:02 [WARNING] GripperOptimized:fast_loop:492 - 主循環執行時間過長: 30.3ms
2025-07-21 08:01:11 [WARNING] GripperOptimized:fast_loop:492 - 主循環執行時間過長: 31.0ms
2025-07-21 08:01:13 [INFO] GripperOptimized:fast_loop:484 - 性能統計: 循環=1484000, 平均耗時=14.1ms, 最大耗時=81.3ms, 指令數=59
2025-07-21 08:01:15 [WARNING] GripperOptimized:fast_loop:492 - 主循環執行時間過長: 30.2ms
2025-07-21 08:01:18 [WARNING] GripperOptimized:fast_loop:492 - 主循環執行時間過長: 30.3ms
2025-07-21 08:01:20 [WARNING] GripperOptimized:fast_loop:492 - 主循環執行時間過長: 31.1ms
2025-07-21 08:01:22 [WARNING] GripperOptimized:fast_loop:492 - 主循環執行時間過長: 30.3ms
2025-07-21 08:01:34 [INFO] GripperOptimized:fast_loop:484 - 性能統計: 循環=1485000, 平均耗時=13.2ms, 最大耗時=81.3ms, 指令數=59
2025-07-21 08:01:39 [WARNING] GripperOptimized:fast_loop:492 - 主循環執行時間過長: 33.7ms
2025-07-21 08:01:42 [WARNING] GripperOptimized:fast_loop:492 - 主循環執行時間過長: 32.8ms
2025-07-21 08:01:44 [WARNING] GripperOptimized:fast_loop:492 - 主循環執行時間過長: 30.2ms
2025-07-21 08:01:46 [WARNING] GripperOptimized:fast_loop:492 - 主循環執行時間過長: 30.9ms
2025-07-21 08:01:48 [WARNING] GripperOptimized:fast_loop:492 - 主循環執行時間過長: 30.7ms
2025-07-21 08:01:51 [WARNING] GripperOptimized:fast_loop:492 - 主循環執行時間過長: 30.2ms
2025-07-21 08:01:54 [INFO] GripperOptimized:fast_loop:484 - 性能統計: 循環=1486000, 平均耗時=14.1ms, 最大耗時=81.3ms, 指令數=59
2025-07-21 08:02:00 [WARNING] GripperOptimized:fast_loop:492 - 主循環執行時間過長: 30.1ms
2025-07-21 08:02:03 [WARNING] GripperOptimized:fast_loop:492 - 主循環執行時間過長: 31.8ms
2025-07-21 08:02:09 [WARNING] GripperOptimized:fast_loop:492 - 主循環執行時間過長: 30.1ms
2025-07-21 08:02:14 [WARNING] GripperOptimized:fast_loop:492 - 主循環執行時間過長: 31.7ms
2025-07-21 08:02:15 [INFO] GripperOptimized:fast_loop:484 - 性能統計: 循環=1487000, 平均耗時=12.9ms, 最大耗時=81.3ms, 指令數=59
2025-07-21 08:02:30 [WARNING] GripperOptimized:fast_loop:492 - 主循環執行時間過長: 30.1ms
2025-07-21 08:02:33 [WARNING] GripperOptimized:fast_loop:492 - 主循環執行時間過長: 30.8ms
2025-07-21 08:02:36 [INFO] GripperOptimized:fast_loop:484 - 性能統計: 循環=1488000, 平均耗時=12.5ms, 最大耗時=81.3ms, 指令數=59
2025-07-21 08:02:40 [WARNING] GripperOptimized:fast_loop:492 - 主循環執行時間過長: 30.4ms
2025-07-21 08:02:42 [WARNING] GripperOptimized:fast_loop:492 - 主循環執行時間過長: 30.9ms
2025-07-21 08:02:46 [WARNING] GripperOptimized:fast_loop:492 - 主循環執行時間過長: 30.9ms
2025-07-21 08:02:55 [WARNING] GripperOptimized:fast_loop:492 - 主循環執行時間過長: 30.6ms
2025-07-21 08:02:57 [INFO] GripperOptimized:fast_loop:484 - 性能統計: 循環=1489000, 平均耗時=12.3ms, 最大耗時=81.3ms, 指令數=59
2025-07-21 08:02:59 [WARNING] GripperOptimized:fast_loop:492 - 主循環執行時間過長: 31.2ms
2025-07-21 08:03:01 [WARNING] GripperOptimized:fast_loop:492 - 主循環執行時間過長: 32.0ms
2025-07-21 08:03:09 [WARNING] GripperOptimized:fast_loop:492 - 主循環執行時間過長: 32.2ms
2025-07-21 08:03:10 [WARNING] GripperOptimized:fast_loop:492 - 主循環執行時間過長: 30.8ms
2025-07-21 08:03:18 [INFO] GripperOptimized:fast_loop:484 - 性能統計: 循環=1490000, 平均耗時=13.5ms, 最大耗時=81.3ms, 指令數=59
2025-07-21 08:03:18 [WARNING] GripperOptimized:fast_loop:492 - 主循環執行時間過長: 33.3ms
2025-07-21 08:03:19 [WARNING] GripperOptimized:fast_loop:492 - 主循環執行時間過長: 31.4ms
2025-07-21 08:03:22 [WARNING] GripperOptimized:fast_loop:492 - 主循環執行時間過長: 31.2ms
2025-07-21 08:03:24 [WARNING] GripperOptimized:fast_loop:492 - 主循環執行時間過長: 30.6ms
2025-07-21 08:03:25 [WARNING] GripperOptimized:fast_loop:492 - 主循環執行時間過長: 30.8ms
2025-07-21 08:03:27 [WARNING] GripperOptimized:fast_loop:492 - 主循環執行時間過長: 30.5ms
2025-07-21 08:03:33 [WARNING] GripperOptimized:fast_loop:492 - 主循環執行時間過長: 33.4ms
2025-07-21 08:03:36 [WARNING] GripperOptimized:fast_loop:492 - 主循環執行時間過長: 31.5ms
2025-07-21 08:03:38 [INFO] GripperOptimized:fast_loop:484 - 性能統計: 循環=1491000, 平均耗時=13.4ms, 最大耗時=81.3ms, 指令數=59
2025-07-21 08:03:47 [WARNING] GripperOptimized:fast_loop:492 - 主循環執行時間過長: 30.4ms
2025-07-21 08:03:54 [WARNING] GripperOptimized:fast_loop:492 - 主循環執行時間過長: 30.0ms
2025-07-21 08:03:56 [WARNING] GripperOptimized:fast_loop:492 - 主循環執行時間過長: 31.9ms
2025-07-21 08:03:58 [WARNING] GripperOptimized:fast_loop:492 - 主循環執行時間過長: 30.5ms
2025-07-21 08:03:59 [INFO] GripperOptimized:fast_loop:484 - 性能統計: 循環=1492000, 平均耗時=13.2ms, 最大耗時=81.3ms, 指令數=59
2025-07-21 08:04:01 [WARNING] GripperOptimized:fast_loop:492 - 主循環執行時間過長: 30.4ms
2025-07-21 08:04:03 [WARNING] GripperOptimized:fast_loop:492 - 主循環執行時間過長: 31.8ms
2025-07-21 08:04:20 [INFO] GripperOptimized:fast_loop:484 - 性能統計: 循環=1493000, 平均耗時=13.0ms, 最大耗時=81.3ms, 指令數=59
2025-07-21 08:04:23 [WARNING] GripperOptimized:fast_loop:492 - 主循環執行時間過長: 33.2ms
2025-07-21 08:04:29 [WARNING] GripperOptimized:fast_loop:492 - 主循環執行時間過長: 30.2ms
2025-07-21 08:04:31 [WARNING] GripperOptimized:fast_loop:492 - 主循環執行時間過長: 31.3ms
2025-07-21 08:04:32 [WARNING] GripperOptimized:fast_loop:492 - 主循環執行時間過長: 31.9ms
2025-07-21 08:04:41 [INFO] GripperOptimized:fast_loop:484 - 性能統計: 循環=1494000, 平均耗時=13.5ms, 最大耗時=81.3ms, 指令數=59
2025-07-21 08:04:41 [WARNING] GripperOptimized:fast_loop:492 - 主循環執行時間過長: 32.4ms
2025-07-21 08:04:43 [WARNING] GripperOptimized:fast_loop:492 - 主循環執行時間過長: 31.5ms
2025-07-21 08:04:48 [WARNING] GripperOptimized:fast_loop:492 - 主循環執行時間過長: 31.7ms
2025-07-21 08:04:55 [WARNING] GripperOptimized:fast_loop:492 - 主循環執行時間過長: 30.7ms
2025-07-21 08:05:02 [INFO] GripperOptimized:fast_loop:484 - 性能統計: 循環=1495000, 平均耗時=12.7ms, 最大耗時=81.3ms, 指令數=59
2025-07-21 08:05:05 [WARNING] GripperOptimized:fast_loop:492 - 主循環執行時間過長: 30.5ms
2025-07-21 08:05:08 [WARNING] GripperOptimized:fast_loop:492 - 主循環執行時間過長: 30.0ms
2025-07-21 08:05:11 [WARNING] GripperOptimized:fast_loop:492 - 主循環執行時間過長: 30.4ms
2025-07-21 08:05:14 [WARNING] GripperOptimized:fast_loop:492 - 主循環執行時間過長: 30.3ms
2025-07-21 08:05:18 [WARNING] GripperOptimized:fast_loop:492 - 主循環執行時間過長: 30.3ms
2025-07-21 08:05:22 [INFO] GripperOptimized:fast_loop:484 - 性能統計: 循環=1496000, 平均耗時=13.5ms, 最大耗時=81.3ms, 指令數=59
2025-07-21 08:05:22 [WARNING] GripperOptimized:fast_loop:492 - 主循環執行時間過長: 30.7ms
2025-07-21 08:05:24 [WARNING] GripperOptimized:fast_loop:492 - 主循環執行時間過長: 32.2ms
2025-07-21 08:05:36 [WARNING] GripperOptimized:fast_loop:492 - 主循環執行時間過長: 32.2ms
2025-07-21 08:05:42 [WARNING] GripperOptimized:fast_loop:492 - 主循環執行時間過長: 31.6ms
2025-07-21 08:05:43 [INFO] GripperOptimized:fast_loop:484 - 性能統計: 循環=1497000, 平均耗時=13.9ms, 最大耗時=81.3ms, 指令數=59
2025-07-21 08:05:49 [WARNING] GripperOptimized:fast_loop:492 - 主循環執行時間過長: 30.8ms
2025-07-21 08:05:50 [WARNING] GripperOptimized:fast_loop:492 - 主循環執行時間過長: 30.2ms
2025-07-21 08:05:53 [WARNING] GripperOptimized:fast_loop:492 - 主循環執行時間過長: 30.5ms
2025-07-21 08:05:55 [WARNING] GripperOptimized:fast_loop:492 - 主循環執行時間過長: 30.7ms
2025-07-21 08:05:58 [WARNING] GripperOptimized:fast_loop:492 - 主循環執行時間過長: 32.9ms
2025-07-21 08:06:04 [INFO] GripperOptimized:fast_loop:484 - 性能統計: 循環=1498000, 平均耗時=12.8ms, 最大耗時=81.3ms, 指令數=59
2025-07-21 08:06:10 [WARNING] GripperOptimized:fast_loop:492 - 主循環執行時間過長: 31.9ms
2025-07-21 08:06:11 [WARNING] GripperOptimized:fast_loop:492 - 主循環執行時間過長: 31.1ms
2025-07-21 08:06:13 [WARNING] GripperOptimized:fast_loop:492 - 主循環執行時間過長: 30.5ms
2025-07-21 08:06:16 [WARNING] GripperOptimized:fast_loop:492 - 主循環執行時間過長: 31.1ms
2025-07-21 08:06:18 [WARNING] GripperOptimized:fast_loop:492 - 主循環執行時間過長: 30.4ms
2025-07-21 08:06:21 [WARNING] GripperOptimized:fast_loop:492 - 主循環執行時間過長: 32.0ms
2025-07-21 08:06:22 [WARNING] GripperOptimized:fast_loop:492 - 主循環執行時間過長: 30.7ms
2025-07-21 08:06:25 [INFO] GripperOptimized:fast_loop:484 - 性能統計: 循環=1499000, 平均耗時=13.7ms, 最大耗時=81.3ms, 指令數=59
2025-07-21 08:06:29 [WARNING] GripperOptimized:fast_loop:492 - 主循環執行時間過長: 30.0ms
2025-07-21 08:06:36 [WARNING] GripperOptimized:fast_loop:492 - 主循環執行時間過長: 32.0ms
2025-07-21 08:06:45 [INFO] GripperOptimized:fast_loop:484 - 性能統計: 循環=1500000, 平均耗時=12.9ms, 最大耗時=81.3ms, 指令數=59
2025-07-21 08:06:46 [WARNING] GripperOptimized:fast_loop:492 - 主循環執行時間過長: 33.1ms
2025-07-21 08:06:47 [WARNING] GripperOptimized:fast_loop:492 - 主循環執行時間過長: 30.5ms
2025-07-21 08:06:48 [WARNING] GripperOptimized:fast_loop:492 - 主循環執行時間過長: 30.3ms
2025-07-21 08:06:50 [WARNING] GripperOptimized:fast_loop:492 - 主循環執行時間過長: 31.3ms
2025-07-21 08:06:56 [WARNING] GripperOptimized:fast_loop:492 - 主循環執行時間過長: 31.4ms
2025-07-21 08:06:58 [WARNING] GripperOptimized:fast_loop:492 - 主循環執行時間過長: 30.2ms
2025-07-21 08:07:04 [WARNING] GripperOptimized:fast_loop:492 - 主循環執行時間過長: 32.0ms
2025-07-21 08:07:06 [INFO] GripperOptimized:fast_loop:484 - 性能統計: 循環=1501000, 平均耗時=12.8ms, 最大耗時=81.3ms, 指令數=59
2025-07-21 08:07:06 [WARNING] GripperOptimized:fast_loop:492 - 主循環執行時間過長: 30.0ms
2025-07-21 08:07:13 [WARNING] GripperOptimized:fast_loop:492 - 主循環執行時間過長: 30.4ms
2025-07-21 08:07:14 [WARNING] GripperOptimized:fast_loop:492 - 主循環執行時間過長: 30.2ms
2025-07-21 08:07:27 [INFO] GripperOptimized:fast_loop:484 - 性能統計: 循環=1502000, 平均耗時=13.2ms, 最大耗時=81.3ms, 指令數=59
2025-07-21 08:07:34 [WARNING] GripperOptimized:fast_loop:492 - 主循環執行時間過長: 32.7ms
2025-07-21 08:07:42 [WARNING] GripperOptimized:fast_loop:492 - 主循環執行時間過長: 30.2ms
2025-07-21 08:07:46 [WARNING] GripperOptimized:fast_loop:492 - 主循環執行時間過長: 31.5ms
2025-07-21 08:07:47 [WARNING] GripperOptimized:fast_loop:492 - 主循環執行時間過長: 33.2ms
2025-07-21 08:07:48 [INFO] GripperOptimized:fast_loop:484 - 性能統計: 循環=1503000, 平均耗時=13.6ms, 最大耗時=81.3ms, 指令數=59
2025-07-21 08:07:50 [WARNING] GripperOptimized:fast_loop:492 - 主循環執行時間過長: 30.6ms
2025-07-21 08:07:52 [WARNING] GripperOptimized:fast_loop:492 - 主循環執行時間過長: 30.5ms
2025-07-21 08:07:55 [WARNING] GripperOptimized:fast_loop:492 - 主循環執行時間過長: 30.3ms
2025-07-21 08:08:03 [WARNING] GripperOptimized:fast_loop:492 - 主循環執行時間過長: 31.3ms
2025-07-21 08:08:09 [INFO] GripperOptimized:fast_loop:484 - 性能統計: 循環=1504000, 平均耗時=13.3ms, 最大耗時=81.3ms, 指令數=59
2025-07-21 08:08:15 [WARNING] GripperOptimized:fast_loop:492 - 主循環執行時間過長: 30.6ms
2025-07-21 08:08:29 [INFO] GripperOptimized:fast_loop:484 - 性能統計: 循環=1505000, 平均耗時=13.5ms, 最大耗時=81.3ms, 指令數=59
2025-07-21 08:08:34 [WARNING] GripperOptimized:fast_loop:492 - 主循環執行時間過長: 30.4ms
2025-07-21 08:08:35 [WARNING] GripperOptimized:fast_loop:492 - 主循環執行時間過長: 31.3ms
2025-07-21 08:08:40 [WARNING] GripperOptimized:fast_loop:492 - 主循環執行時間過長: 30.7ms
2025-07-21 08:08:42 [WARNING] GripperOptimized:fast_loop:492 - 主循環執行時間過長: 30.4ms
2025-07-21 08:08:48 [WARNING] GripperOptimized:fast_loop:492 - 主循環執行時間過長: 31.3ms
2025-07-21 08:08:49 [WARNING] GripperOptimized:fast_loop:492 - 主循環執行時間過長: 30.8ms
2025-07-21 08:08:50 [INFO] GripperOptimized:fast_loop:484 - 性能統計: 循環=1506000, 平均耗時=14.2ms, 最大耗時=81.3ms, 指令數=59
2025-07-21 08:08:53 [WARNING] GripperOptimized:fast_loop:492 - 主循環執行時間過長: 32.2ms
2025-07-21 08:08:54 [WARNING] GripperOptimized:fast_loop:492 - 主循環執行時間過長: 30.5ms
2025-07-21 08:08:55 [WARNING] GripperOptimized:fast_loop:492 - 主循環執行時間過長: 31.1ms
2025-07-21 08:08:57 [WARNING] GripperOptimized:fast_loop:492 - 主循環執行時間過長: 30.8ms
2025-07-21 08:09:02 [WARNING] GripperOptimized:fast_loop:492 - 主循環執行時間過長: 30.1ms
2025-07-21 08:09:11 [INFO] GripperOptimized:fast_loop:484 - 性能統計: 循環=1507000, 平均耗時=13.5ms, 最大耗時=81.3ms, 指令數=59
2025-07-21 08:09:15 [WARNING] GripperOptimized:fast_loop:492 - 主循環執行時間過長: 30.7ms
2025-07-21 08:09:26 [WARNING] GripperOptimized:fast_loop:492 - 主循環執行時間過長: 30.3ms
2025-07-21 08:09:28 [WARNING] GripperOptimized:fast_loop:492 - 主循環執行時間過長: 30.9ms
2025-07-21 08:09:30 [WARNING] GripperOptimized:fast_loop:492 - 主循環執行時間過長: 31.2ms
2025-07-21 08:09:32 [INFO] GripperOptimized:fast_loop:484 - 性能統計: 循環=1508000, 平均耗時=12.4ms, 最大耗時=81.3ms, 指令數=59
2025-07-21 08:09:36 [WARNING] GripperOptimized:fast_loop:492 - 主循環執行時間過長: 31.9ms
2025-07-21 08:09:38 [WARNING] GripperOptimized:fast_loop:492 - 主循環執行時間過長: 30.0ms
2025-07-21 08:09:44 [WARNING] GripperOptimized:fast_loop:492 - 主循環執行時間過長: 31.2ms
2025-07-21 08:09:47 [WARNING] GripperOptimized:fast_loop:492 - 主循環執行時間過長: 31.3ms
2025-07-21 08:09:48 [WARNING] GripperOptimized:fast_loop:492 - 主循環執行時間過長: 33.1ms
2025-07-21 08:09:50 [WARNING] GripperOptimized:fast_loop:492 - 主循環執行時間過長: 30.8ms
2025-07-21 08:09:52 [WARNING] GripperOptimized:fast_loop:492 - 主循環執行時間過長: 32.1ms
2025-07-21 08:09:53 [INFO] GripperOptimized:fast_loop:484 - 性能統計: 循環=1509000, 平均耗時=12.6ms, 最大耗時=81.3ms, 指令數=59
2025-07-21 08:09:54 [WARNING] GripperOptimized:fast_loop:492 - 主循環執行時間過長: 31.2ms
2025-07-21 08:09:57 [WARNING] GripperOptimized:fast_loop:492 - 主循環執行時間過長: 31.3ms
2025-07-21 08:10:00 [WARNING] GripperOptimized:fast_loop:492 - 主循環執行時間過長: 31.3ms
2025-07-21 08:10:03 [WARNING] GripperOptimized:fast_loop:492 - 主循環執行時間過長: 31.5ms
2025-07-21 08:10:08 [WARNING] GripperOptimized:fast_loop:492 - 主循環執行時間過長: 31.0ms
2025-07-21 08:10:13 [INFO] GripperOptimized:fast_loop:484 - 性能統計: 循環=1510000, 平均耗時=12.8ms, 最大耗時=81.3ms, 指令數=59
2025-07-21 08:10:18 [WARNING] GripperOptimized:fast_loop:492 - 主循環執行時間過長: 30.5ms
2025-07-21 08:10:21 [WARNING] GripperOptimized:fast_loop:492 - 主循環執行時間過長: 31.2ms
2025-07-21 08:10:26 [WARNING] GripperOptimized:fast_loop:492 - 主循環執行時間過長: 30.3ms
2025-07-21 08:10:27 [WARNING] GripperOptimized:fast_loop:492 - 主循環執行時間過長: 30.7ms
2025-07-21 08:10:29 [WARNING] GripperOptimized:fast_loop:492 - 主循環執行時間過長: 30.3ms
2025-07-21 08:10:30 [WARNING] GripperOptimized:fast_loop:492 - 主循環執行時間過長: 32.0ms
2025-07-21 08:10:34 [INFO] GripperOptimized:fast_loop:484 - 性能統計: 循環=1511000, 平均耗時=13.2ms, 最大耗時=81.3ms, 指令數=59
2025-07-21 08:10:38 [WARNING] GripperOptimized:fast_loop:492 - 主循環執行時間過長: 33.1ms
2025-07-21 08:10:39 [WARNING] GripperOptimized:fast_loop:492 - 主循環執行時間過長: 30.3ms
2025-07-21 08:10:45 [WARNING] GripperOptimized:fast_loop:492 - 主循環執行時間過長: 32.2ms
2025-07-21 08:10:47 [WARNING] GripperOptimized:fast_loop:492 - 主循環執行時間過長: 31.2ms
2025-07-21 08:10:50 [WARNING] GripperOptimized:fast_loop:492 - 主循環執行時間過長: 31.4ms
2025-07-21 08:10:55 [INFO] GripperOptimized:fast_loop:484 - 性能統計: 循環=1512000, 平均耗時=12.7ms, 最大耗時=81.3ms, 指令數=59
2025-07-21 08:10:56 [WARNING] GripperOptimized:fast_loop:492 - 主循環執行時間過長: 30.1ms
2025-07-21 08:10:57 [WARNING] GripperOptimized:fast_loop:492 - 主循環執行時間過長: 30.2ms
2025-07-21 08:11:01 [WARNING] GripperOptimized:fast_loop:492 - 主循環執行時間過長: 31.1ms
2025-07-21 08:11:05 [WARNING] GripperOptimized:fast_loop:492 - 主循環執行時間過長: 31.2ms
2025-07-21 08:11:13 [WARNING] GripperOptimized:fast_loop:492 - 主循環執行時間過長: 31.1ms
2025-07-21 08:11:16 [INFO] GripperOptimized:fast_loop:484 - 性能統計: 循環=1513000, 平均耗時=12.9ms, 最大耗時=81.3ms, 指令數=59
2025-07-21 08:11:16 [WARNING] GripperOptimized:fast_loop:492 - 主循環執行時間過長: 31.5ms
2025-07-21 08:11:18 [WARNING] GripperOptimized:fast_loop:492 - 主循環執行時間過長: 31.3ms
2025-07-21 08:11:28 [WARNING] GripperOptimized:fast_loop:492 - 主循環執行時間過長: 30.2ms
2025-07-21 08:11:31 [WARNING] GripperOptimized:fast_loop:492 - 主循環執行時間過長: 30.1ms
2025-07-21 08:11:32 [WARNING] GripperOptimized:fast_loop:492 - 主循環執行時間過長: 30.3ms
2025-07-21 08:11:37 [INFO] GripperOptimized:fast_loop:484 - 性能統計: 循環=1514000, 平均耗時=13.6ms, 最大耗時=81.3ms, 指令數=59
2025-07-21 08:11:37 [WARNING] GripperOptimized:fast_loop:492 - 主循環執行時間過長: 31.9ms
2025-07-21 08:11:39 [WARNING] GripperOptimized:fast_loop:492 - 主循環執行時間過長: 34.1ms
2025-07-21 08:11:41 [WARNING] GripperOptimized:fast_loop:492 - 主循環執行時間過長: 32.4ms
2025-07-21 08:11:43 [WARNING] GripperOptimized:fast_loop:492 - 主循環執行時間過長: 32.5ms
2025-07-21 08:11:49 [WARNING] GripperOptimized:fast_loop:492 - 主循環執行時間過長: 31.8ms
2025-07-21 08:11:54 [WARNING] GripperOptimized:fast_loop:492 - 主循環執行時間過長: 30.0ms
2025-07-21 08:11:55 [WARNING] GripperOptimized:fast_loop:492 - 主循環執行時間過長: 30.3ms
2025-07-21 08:11:56 [WARNING] GripperOptimized:fast_loop:492 - 主循環執行時間過長: 30.5ms
2025-07-21 08:11:57 [INFO] GripperOptimized:fast_loop:484 - 性能統計: 循環=1515000, 平均耗時=14.2ms, 最大耗時=81.3ms, 指令數=59
2025-07-21 08:11:59 [WARNING] GripperOptimized:fast_loop:492 - 主循環執行時間過長: 30.2ms
2025-07-21 08:12:02 [WARNING] GripperOptimized:fast_loop:492 - 主循環執行時間過長: 30.7ms
2025-07-21 08:12:06 [WARNING] GripperOptimized:fast_loop:492 - 主循環執行時間過長: 30.2ms
2025-07-21 08:12:10 [WARNING] GripperOptimized:fast_loop:492 - 主循環執行時間過長: 30.9ms
2025-07-21 08:12:16 [WARNING] GripperOptimized:fast_loop:492 - 主循環執行時間過長: 31.8ms
2025-07-21 08:12:18 [INFO] GripperOptimized:fast_loop:484 - 性能統計: 循環=1516000, 平均耗時=13.7ms, 最大耗時=81.3ms, 指令數=59
2025-07-21 08:12:20 [WARNING] GripperOptimized:fast_loop:492 - 主循環執行時間過長: 31.2ms
2025-07-21 08:12:24 [WARNING] GripperOptimized:fast_loop:492 - 主循環執行時間過長: 31.0ms
2025-07-21 08:12:29 [WARNING] GripperOptimized:fast_loop:492 - 主循環執行時間過長: 30.7ms
2025-07-21 08:12:31 [WARNING] GripperOptimized:fast_loop:492 - 主循環執行時間過長: 36.8ms
2025-07-21 08:12:32 [WARNING] GripperOptimized:fast_loop:492 - 主循環執行時間過長: 31.6ms
2025-07-21 08:12:34 [WARNING] GripperOptimized:fast_loop:492 - 主循環執行時間過長: 31.2ms
2025-07-21 08:12:36 [WARNING] GripperOptimized:fast_loop:492 - 主循環執行時間過長: 31.2ms
2025-07-21 08:12:38 [WARNING] GripperOptimized:fast_loop:492 - 主循環執行時間過長: 30.6ms
2025-07-21 08:12:39 [INFO] GripperOptimized:fast_loop:484 - 性能統計: 循環=1517000, 平均耗時=13.2ms, 最大耗時=81.3ms, 指令數=59
2025-07-21 08:12:40 [WARNING] GripperOptimized:fast_loop:492 - 主循環執行時間過長: 30.1ms
2025-07-21 08:12:43 [WARNING] GripperOptimized:fast_loop:492 - 主循環執行時間過長: 31.2ms
2025-07-21 08:12:49 [WARNING] GripperOptimized:fast_loop:492 - 主循環執行時間過長: 30.6ms
2025-07-21 08:12:55 [WARNING] GripperOptimized:fast_loop:492 - 主循環執行時間過長: 30.2ms
2025-07-21 08:12:56 [WARNING] GripperOptimized:fast_loop:492 - 主循環執行時間過長: 31.2ms
2025-07-21 08:13:00 [INFO] GripperOptimized:fast_loop:484 - 性能統計: 循環=1518000, 平均耗時=13.3ms, 最大耗時=81.3ms, 指令數=59
2025-07-21 08:13:04 [WARNING] GripperOptimized:fast_loop:492 - 主循環執行時間過長: 31.2ms
2025-07-21 08:13:05 [WARNING] GripperOptimized:fast_loop:492 - 主循環執行時間過長: 31.2ms
2025-07-21 08:13:13 [WARNING] GripperOptimized:fast_loop:492 - 主循環執行時間過長: 31.3ms
2025-07-21 08:13:21 [INFO] GripperOptimized:fast_loop:484 - 性能統計: 循環=1519000, 平均耗時=14.0ms, 最大耗時=81.3ms, 指令數=59
2025-07-21 08:13:25 [WARNING] GripperOptimized:fast_loop:492 - 主循環執行時間過長: 30.8ms
2025-07-21 08:13:26 [WARNING] GripperOptimized:fast_loop:492 - 主循環執行時間過長: 31.8ms
2025-07-21 08:13:27 [WARNING] GripperOptimized:fast_loop:492 - 主循環執行時間過長: 30.3ms
2025-07-21 08:13:29 [WARNING] GripperOptimized:fast_loop:492 - 主循環執行時間過長: 30.1ms
2025-07-21 08:13:38 [WARNING] GripperOptimized:fast_loop:492 - 主循環執行時間過長: 30.6ms
2025-07-21 08:13:41 [INFO] GripperOptimized:fast_loop:484 - 性能統計: 循環=1520000, 平均耗時=12.7ms, 最大耗時=81.3ms, 指令數=59
2025-07-21 08:13:46 [WARNING] GripperOptimized:fast_loop:492 - 主循環執行時間過長: 32.5ms
2025-07-21 08:13:50 [WARNING] GripperOptimized:fast_loop:492 - 主循環執行時間過長: 30.0ms
2025-07-21 08:14:01 [WARNING] GripperOptimized:fast_loop:492 - 主循環執行時間過長: 31.8ms
2025-07-21 08:14:02 [INFO] GripperOptimized:fast_loop:484 - 性能統計: 循環=1521000, 平均耗時=14.1ms, 最大耗時=81.3ms, 指令數=59
2025-07-21 08:14:09 [WARNING] GripperOptimized:fast_loop:492 - 主循環執行時間過長: 30.4ms
2025-07-21 08:14:10 [WARNING] GripperOptimized:fast_loop:492 - 主循環執行時間過長: 31.3ms
2025-07-21 08:14:13 [WARNING] GripperOptimized:fast_loop:492 - 主循環執行時間過長: 30.4ms
2025-07-21 08:14:20 [WARNING] GripperOptimized:fast_loop:492 - 主循環執行時間過長: 31.7ms
2025-07-21 08:14:23 [INFO] GripperOptimized:fast_loop:484 - 性能統計: 循環=1522000, 平均耗時=14.4ms, 最大耗時=81.3ms, 指令數=59
2025-07-21 08:14:24 [WARNING] GripperOptimized:fast_loop:492 - 主循環執行時間過長: 33.1ms
2025-07-21 08:14:25 [WARNING] GripperOptimized:fast_loop:492 - 主循環執行時間過長: 31.5ms
2025-07-21 08:14:34 [WARNING] GripperOptimized:fast_loop:492 - 主循環執行時間過長: 31.3ms
2025-07-21 08:14:36 [WARNING] GripperOptimized:fast_loop:492 - 主循環執行時間過長: 30.7ms
2025-07-21 08:14:37 [WARNING] GripperOptimized:fast_loop:492 - 主循環執行時間過長: 30.6ms
2025-07-21 08:14:40 [WARNING] GripperOptimized:fast_loop:492 - 主循環執行時間過長: 31.1ms
2025-07-21 08:14:43 [WARNING] GripperOptimized:fast_loop:492 - 主循環執行時間過長: 31.6ms
2025-07-21 08:14:44 [INFO] GripperOptimized:fast_loop:484 - 性能統計: 循環=1523000, 平均耗時=13.7ms, 最大耗時=81.3ms, 指令數=59
2025-07-21 08:14:47 [WARNING] GripperOptimized:fast_loop:492 - 主循環執行時間過長: 30.8ms
2025-07-21 08:14:49 [WARNING] GripperOptimized:fast_loop:492 - 主循環執行時間過長: 30.8ms
2025-07-21 08:14:52 [WARNING] GripperOptimized:fast_loop:492 - 主循環執行時間過長: 31.3ms
2025-07-21 08:14:53 [WARNING] GripperOptimized:fast_loop:492 - 主循環執行時間過長: 30.1ms
2025-07-21 08:14:55 [WARNING] GripperOptimized:fast_loop:492 - 主循環執行時間過長: 33.3ms
2025-07-21 08:15:03 [WARNING] GripperOptimized:fast_loop:492 - 主循環執行時間過長: 30.2ms
2025-07-21 08:15:04 [INFO] GripperOptimized:fast_loop:484 - 性能統計: 循環=1524000, 平均耗時=12.8ms, 最大耗時=81.3ms, 指令數=59
2025-07-21 08:15:09 [WARNING] GripperOptimized:fast_loop:492 - 主循環執行時間過長: 31.6ms
2025-07-21 08:15:10 [WARNING] GripperOptimized:fast_loop:492 - 主循環執行時間過長: 30.3ms
2025-07-21 08:15:11 [WARNING] GripperOptimized:fast_loop:492 - 主循環執行時間過長: 33.8ms
2025-07-21 08:15:13 [WARNING] GripperOptimized:fast_loop:492 - 主循環執行時間過長: 31.7ms
2025-07-21 08:15:22 [WARNING] GripperOptimized:fast_loop:492 - 主循環執行時間過長: 32.8ms
2025-07-21 08:15:23 [WARNING] GripperOptimized:fast_loop:492 - 主循環執行時間過長: 30.4ms
2025-07-21 08:15:25 [INFO] GripperOptimized:fast_loop:484 - 性能統計: 循環=1525000, 平均耗時=13.3ms, 最大耗時=81.3ms, 指令數=59
2025-07-21 08:15:28 [WARNING] GripperOptimized:fast_loop:492 - 主循環執行時間過長: 31.5ms
2025-07-21 08:15:46 [INFO] GripperOptimized:fast_loop:484 - 性能統計: 循環=1526000, 平均耗時=13.0ms, 最大耗時=81.3ms, 指令數=59
2025-07-21 08:15:46 [WARNING] GripperOptimized:fast_loop:492 - 主循環執行時間過長: 30.4ms
2025-07-21 08:15:48 [WARNING] GripperOptimized:fast_loop:492 - 主循環執行時間過長: 32.7ms
2025-07-21 08:15:50 [WARNING] GripperOptimized:fast_loop:492 - 主循環執行時間過長: 30.5ms
2025-07-21 08:15:51 [WARNING] GripperOptimized:fast_loop:492 - 主循環執行時間過長: 32.5ms
2025-07-21 08:16:00 [WARNING] GripperOptimized:fast_loop:492 - 主循環執行時間過長: 30.4ms
2025-07-21 08:16:02 [WARNING] GripperOptimized:fast_loop:492 - 主循環執行時間過長: 30.9ms
2025-07-21 08:16:03 [WARNING] GripperOptimized:fast_loop:492 - 主循環執行時間過長: 30.0ms
2025-07-21 08:16:07 [INFO] GripperOptimized:fast_loop:484 - 性能統計: 循環=1527000, 平均耗時=13.2ms, 最大耗時=81.3ms, 指令數=59
2025-07-21 08:16:10 [WARNING] GripperOptimized:fast_loop:492 - 主循環執行時間過長: 32.3ms
2025-07-21 08:16:25 [WARNING] GripperOptimized:fast_loop:492 - 主循環執行時間過長: 31.7ms
2025-07-21 08:16:28 [INFO] GripperOptimized:fast_loop:484 - 性能統計: 循環=1528000, 平均耗時=13.8ms, 最大耗時=81.3ms, 指令數=59
2025-07-21 08:16:28 [WARNING] GripperOptimized:fast_loop:492 - 主循環執行時間過長: 30.1ms
2025-07-21 08:16:31 [WARNING] GripperOptimized:fast_loop:492 - 主循環執行時間過長: 30.4ms
2025-07-21 08:16:43 [WARNING] GripperOptimized:fast_loop:492 - 主循環執行時間過長: 31.7ms
2025-07-21 08:16:48 [INFO] GripperOptimized:fast_loop:484 - 性能統計: 循環=1529000, 平均耗時=12.6ms, 最大耗時=81.3ms, 指令數=59
2025-07-21 08:16:52 [WARNING] GripperOptimized:fast_loop:492 - 主循環執行時間過長: 33.6ms
2025-07-21 08:16:54 [WARNING] GripperOptimized:fast_loop:492 - 主循環執行時間過長: 30.9ms
2025-07-21 08:16:55 [WARNING] GripperOptimized:fast_loop:492 - 主循環執行時間過長: 31.6ms
2025-07-21 08:17:01 [WARNING] GripperOptimized:fast_loop:492 - 主循環執行時間過長: 31.3ms
2025-07-21 08:17:09 [INFO] GripperOptimized:fast_loop:484 - 性能統計: 循環=1530000, 平均耗時=12.6ms, 最大耗時=81.3ms, 指令數=59
2025-07-21 08:17:13 [WARNING] GripperOptimized:fast_loop:492 - 主循環執行時間過長: 33.7ms
2025-07-21 08:17:16 [WARNING] GripperOptimized:fast_loop:492 - 主循環執行時間過長: 30.1ms
2025-07-21 08:17:17 [WARNING] GripperOptimized:fast_loop:492 - 主循環執行時間過長: 31.8ms
2025-07-21 08:17:21 [WARNING] GripperOptimized:fast_loop:492 - 主循環執行時間過長: 32.6ms
2025-07-21 08:17:24 [WARNING] GripperOptimized:fast_loop:492 - 主循環執行時間過長: 31.8ms
2025-07-21 08:17:26 [WARNING] GripperOptimized:fast_loop:492 - 主循環執行時間過長: 30.8ms
2025-07-21 08:17:30 [INFO] GripperOptimized:fast_loop:484 - 性能統計: 循環=1531000, 平均耗時=13.2ms, 最大耗時=81.3ms, 指令數=59
2025-07-21 08:17:30 [WARNING] GripperOptimized:fast_loop:492 - 主循環執行時間過長: 30.4ms
2025-07-21 08:17:32 [WARNING] GripperOptimized:fast_loop:492 - 主循環執行時間過長: 31.2ms
2025-07-21 08:17:36 [WARNING] GripperOptimized:fast_loop:492 - 主循環執行時間過長: 30.8ms
2025-07-21 08:17:37 [WARNING] GripperOptimized:fast_loop:492 - 主循環執行時間過長: 31.0ms
2025-07-21 08:17:38 [WARNING] GripperOptimized:fast_loop:492 - 主循環執行時間過長: 33.0ms
2025-07-21 08:17:41 [WARNING] GripperOptimized:fast_loop:492 - 主循環執行時間過長: 31.8ms
2025-07-21 08:17:45 [WARNING] GripperOptimized:fast_loop:492 - 主循環執行時間過長: 30.6ms
2025-07-21 08:17:48 [WARNING] GripperOptimized:fast_loop:492 - 主循環執行時間過長: 30.9ms
2025-07-21 08:17:50 [WARNING] GripperOptimized:fast_loop:492 - 主循環執行時間過長: 32.0ms
2025-07-21 08:17:51 [INFO] GripperOptimized:fast_loop:484 - 性能統計: 循環=1532000, 平均耗時=13.9ms, 最大耗時=81.3ms, 指令數=59
2025-07-21 08:17:52 [WARNING] GripperOptimized:fast_loop:492 - 主循環執行時間過長: 30.8ms
2025-07-21 08:17:55 [WARNING] GripperOptimized:fast_loop:492 - 主循環執行時間過長: 32.8ms
2025-07-21 08:18:01 [WARNING] GripperOptimized:fast_loop:492 - 主循環執行時間過長: 31.7ms
2025-07-21 08:18:03 [WARNING] GripperOptimized:fast_loop:492 - 主循環執行時間過長: 30.2ms
2025-07-21 08:18:10 [WARNING] GripperOptimized:fast_loop:492 - 主循環執行時間過長: 30.5ms
2025-07-21 08:18:12 [INFO] GripperOptimized:fast_loop:484 - 性能統計: 循環=1533000, 平均耗時=12.9ms, 最大耗時=81.3ms, 指令數=59
2025-07-21 08:18:12 [WARNING] GripperOptimized:fast_loop:492 - 主循環執行時間過長: 30.1ms
2025-07-21 08:18:14 [WARNING] GripperOptimized:fast_loop:492 - 主循環執行時間過長: 30.2ms
2025-07-21 08:18:16 [WARNING] GripperOptimized:fast_loop:492 - 主循環執行時間過長: 30.6ms
2025-07-21 08:18:17 [WARNING] GripperOptimized:fast_loop:492 - 主循環執行時間過長: 30.5ms
2025-07-21 08:18:19 [WARNING] GripperOptimized:fast_loop:492 - 主循環執行時間過長: 32.7ms
2025-07-21 08:18:22 [WARNING] GripperOptimized:fast_loop:492 - 主循環執行時間過長: 31.3ms
2025-07-21 08:18:25 [WARNING] GripperOptimized:fast_loop:492 - 主循環執行時間過長: 30.3ms
2025-07-21 08:18:27 [WARNING] GripperOptimized:fast_loop:492 - 主循環執行時間過長: 30.4ms
2025-07-21 08:18:29 [WARNING] GripperOptimized:fast_loop:492 - 主循環執行時間過長: 31.2ms
2025-07-21 08:18:31 [WARNING] GripperOptimized:fast_loop:492 - 主循環執行時間過長: 30.5ms
2025-07-21 08:18:32 [INFO] GripperOptimized:fast_loop:484 - 性能統計: 循環=1534000, 平均耗時=12.7ms, 最大耗時=81.3ms, 指令數=59
2025-07-21 08:18:42 [WARNING] GripperOptimized:fast_loop:492 - 主循環執行時間過長: 32.3ms
2025-07-21 08:18:44 [WARNING] GripperOptimized:fast_loop:492 - 主循環執行時間過長: 32.1ms
2025-07-21 08:18:47 [WARNING] GripperOptimized:fast_loop:492 - 主循環執行時間過長: 30.2ms
2025-07-21 08:18:48 [WARNING] GripperOptimized:fast_loop:492 - 主循環執行時間過長: 30.3ms
2025-07-21 08:18:49 [WARNING] GripperOptimized:fast_loop:492 - 主循環執行時間過長: 30.3ms
2025-07-21 08:18:53 [INFO] GripperOptimized:fast_loop:484 - 性能統計: 循環=1535000, 平均耗時=13.3ms, 最大耗時=81.3ms, 指令數=59
2025-07-21 08:18:53 [WARNING] GripperOptimized:fast_loop:492 - 主循環執行時間過長: 30.7ms
2025-07-21 08:18:59 [WARNING] GripperOptimized:fast_loop:492 - 主循環執行時間過長: 31.1ms
2025-07-21 08:19:03 [WARNING] GripperOptimized:fast_loop:492 - 主循環執行時間過長: 30.8ms
2025-07-21 08:19:04 [WARNING] GripperOptimized:fast_loop:492 - 主循環執行時間過長: 30.1ms
2025-07-21 08:19:09 [WARNING] GripperOptimized:fast_loop:492 - 主循環執行時間過長: 31.5ms
2025-07-21 08:19:10 [WARNING] GripperOptimized:fast_loop:492 - 主循環執行時間過長: 30.4ms
2025-07-21 08:19:14 [INFO] GripperOptimized:fast_loop:484 - 性能統計: 循環=1536000, 平均耗時=13.1ms, 最大耗時=81.3ms, 指令數=59
2025-07-21 08:19:14 [WARNING] GripperOptimized:fast_loop:492 - 主循環執行時間過長: 31.5ms
2025-07-21 08:19:17 [WARNING] GripperOptimized:fast_loop:492 - 主循環執行時間過長: 31.1ms
2025-07-21 08:19:21 [WARNING] GripperOptimized:fast_loop:492 - 主循環執行時間過長: 30.9ms
2025-07-21 08:19:26 [WARNING] GripperOptimized:fast_loop:492 - 主循環執行時間過長: 32.3ms
2025-07-21 08:19:29 [WARNING] GripperOptimized:fast_loop:492 - 主循環執行時間過長: 33.0ms
2025-07-21 08:19:30 [WARNING] GripperOptimized:fast_loop:492 - 主循環執行時間過長: 30.6ms
2025-07-21 08:19:32 [WARNING] GripperOptimized:fast_loop:492 - 主循環執行時間過長: 32.3ms
2025-07-21 08:19:34 [WARNING] GripperOptimized:fast_loop:492 - 主循環執行時間過長: 30.8ms
2025-07-21 08:19:35 [INFO] GripperOptimized:fast_loop:484 - 性能統計: 循環=1537000, 平均耗時=13.2ms, 最大耗時=81.3ms, 指令數=59
2025-07-21 08:19:38 [WARNING] GripperOptimized:fast_loop:492 - 主循環執行時間過長: 32.4ms
2025-07-21 08:19:39 [WARNING] GripperOptimized:fast_loop:492 - 主循環執行時間過長: 30.2ms
2025-07-21 08:19:46 [WARNING] GripperOptimized:fast_loop:492 - 主循環執行時間過長: 31.6ms
2025-07-21 08:19:47 [WARNING] GripperOptimized:fast_loop:492 - 主循環執行時間過長: 30.5ms
2025-07-21 08:19:54 [WARNING] GripperOptimized:fast_loop:492 - 主循環執行時間過長: 30.3ms
2025-07-21 08:19:56 [INFO] GripperOptimized:fast_loop:484 - 性能統計: 循環=1538000, 平均耗時=12.7ms, 最大耗時=81.3ms, 指令數=59
2025-07-21 08:20:02 [WARNING] GripperOptimized:fast_loop:492 - 主循環執行時間過長: 30.8ms
2025-07-21 08:20:09 [WARNING] GripperOptimized:fast_loop:492 - 主循環執行時間過長: 31.8ms
2025-07-21 08:20:11 [WARNING] GripperOptimized:fast_loop:492 - 主循環執行時間過長: 30.2ms
2025-07-21 08:20:16 [INFO] GripperOptimized:fast_loop:484 - 性能統計: 循環=1539000, 平均耗時=12.7ms, 最大耗時=81.3ms, 指令數=59
2025-07-21 08:20:16 [WARNING] GripperOptimized:fast_loop:492 - 主循環執行時間過長: 31.0ms
2025-07-21 08:20:17 [WARNING] GripperOptimized:fast_loop:492 - 主循環執行時間過長: 32.0ms
2025-07-21 08:20:21 [WARNING] GripperOptimized:fast_loop:492 - 主循環執行時間過長: 30.0ms
2025-07-21 08:20:23 [WARNING] GripperOptimized:fast_loop:492 - 主循環執行時間過長: 31.2ms
2025-07-21 08:20:27 [WARNING] GripperOptimized:fast_loop:492 - 主循環執行時間過長: 30.2ms
2025-07-21 08:20:28 [WARNING] GripperOptimized:fast_loop:492 - 主循環執行時間過長: 31.3ms
2025-07-21 08:20:30 [WARNING] GripperOptimized:fast_loop:492 - 主循環執行時間過長: 30.7ms
2025-07-21 08:20:37 [INFO] GripperOptimized:fast_loop:484 - 性能統計: 循環=1540000, 平均耗時=13.1ms, 最大耗時=81.3ms, 指令數=59
2025-07-21 08:20:39 [WARNING] GripperOptimized:fast_loop:492 - 主循環執行時間過長: 31.1ms
2025-07-21 08:20:42 [WARNING] GripperOptimized:fast_loop:492 - 主循環執行時間過長: 32.4ms
2025-07-21 08:20:43 [WARNING] GripperOptimized:fast_loop:492 - 主循環執行時間過長: 30.1ms
2025-07-21 08:20:44 [WARNING] GripperOptimized:fast_loop:492 - 主循環執行時間過長: 31.6ms
2025-07-21 08:20:47 [WARNING] GripperOptimized:fast_loop:492 - 主循環執行時間過長: 30.5ms
2025-07-21 08:20:55 [WARNING] GripperOptimized:fast_loop:492 - 主循環執行時間過長: 30.2ms
2025-07-21 08:20:57 [WARNING] GripperOptimized:fast_loop:492 - 主循環執行時間過長: 30.6ms
2025-07-21 08:20:58 [INFO] GripperOptimized:fast_loop:484 - 性能統計: 循環=1541000, 平均耗時=13.2ms, 最大耗時=81.3ms, 指令數=59
2025-07-21 08:20:59 [WARNING] GripperOptimized:fast_loop:492 - 主循環執行時間過長: 30.2ms
2025-07-21 08:21:02 [WARNING] GripperOptimized:fast_loop:492 - 主循環執行時間過長: 33.8ms
2025-07-21 08:21:04 [WARNING] GripperOptimized:fast_loop:492 - 主循環執行時間過長: 30.4ms
2025-07-21 08:21:05 [WARNING] GripperOptimized:fast_loop:492 - 主循環執行時間過長: 31.8ms
2025-07-21 08:21:08 [WARNING] GripperOptimized:fast_loop:492 - 主循環執行時間過長: 30.4ms
2025-07-21 08:21:10 [WARNING] GripperOptimized:fast_loop:492 - 主循環執行時間過長: 31.7ms
2025-07-21 08:21:11 [WARNING] GripperOptimized:fast_loop:492 - 主循環執行時間過長: 30.5ms
2025-07-21 08:21:13 [WARNING] GripperOptimized:fast_loop:492 - 主循環執行時間過長: 31.0ms
2025-07-21 08:21:15 [WARNING] GripperOptimized:fast_loop:492 - 主循環執行時間過長: 30.7ms
2025-07-21 08:21:16 [WARNING] GripperOptimized:fast_loop:492 - 主循環執行時間過長: 31.7ms
2025-07-21 08:21:18 [WARNING] GripperOptimized:fast_loop:492 - 主循環執行時間過長: 33.1ms
2025-07-21 08:21:19 [INFO] GripperOptimized:fast_loop:484 - 性能統計: 循環=1542000, 平均耗時=12.4ms, 最大耗時=81.3ms, 指令數=59
2025-07-21 08:21:20 [WARNING] GripperOptimized:fast_loop:492 - 主循環執行時間過長: 30.1ms
2025-07-21 08:21:26 [WARNING] GripperOptimized:fast_loop:492 - 主循環執行時間過長: 32.9ms
2025-07-21 08:21:29 [WARNING] GripperOptimized:fast_loop:492 - 主循環執行時間過長: 30.0ms
2025-07-21 08:21:31 [WARNING] GripperOptimized:fast_loop:492 - 主循環執行時間過長: 30.2ms
2025-07-21 08:21:33 [WARNING] GripperOptimized:fast_loop:492 - 主循環執行時間過長: 30.8ms
2025-07-21 08:21:34 [WARNING] GripperOptimized:fast_loop:492 - 主循環執行時間過長: 31.7ms
2025-07-21 08:21:36 [WARNING] GripperOptimized:fast_loop:492 - 主循環執行時間過長: 31.9ms
2025-07-21 08:21:39 [WARNING] GripperOptimized:fast_loop:492 - 主循環執行時間過長: 30.9ms
2025-07-21 08:21:40 [INFO] GripperOptimized:fast_loop:484 - 性能統計: 循環=1543000, 平均耗時=13.7ms, 最大耗時=81.3ms, 指令數=59
2025-07-21 08:21:43 [WARNING] GripperOptimized:fast_loop:492 - 主循環執行時間過長: 31.5ms
2025-07-21 08:21:44 [WARNING] GripperOptimized:fast_loop:492 - 主循環執行時間過長: 30.3ms
2025-07-21 08:21:45 [WARNING] GripperOptimized:fast_loop:492 - 主循環執行時間過長: 32.5ms
2025-07-21 08:21:47 [WARNING] GripperOptimized:fast_loop:492 - 主循環執行時間過長: 31.3ms
2025-07-21 08:21:50 [WARNING] GripperOptimized:fast_loop:492 - 主循環執行時間過長: 32.4ms
2025-07-21 08:21:54 [WARNING] GripperOptimized:fast_loop:492 - 主循環執行時間過長: 30.6ms
2025-07-21 08:21:56 [WARNING] GripperOptimized:fast_loop:492 - 主循環執行時間過長: 35.4ms
2025-07-21 08:21:57 [WARNING] GripperOptimized:fast_loop:492 - 主循環執行時間過長: 30.7ms
2025-07-21 08:21:58 [WARNING] GripperOptimized:fast_loop:492 - 主循環執行時間過長: 30.6ms
2025-07-21 08:22:00 [INFO] GripperOptimized:fast_loop:484 - 性能統計: 循環=1544000, 平均耗時=12.8ms, 最大耗時=81.3ms, 指令數=59
2025-07-21 08:22:00 [WARNING] GripperOptimized:fast_loop:492 - 主循環執行時間過長: 31.1ms
2025-07-21 08:22:02 [WARNING] GripperOptimized:fast_loop:492 - 主循環執行時間過長: 31.9ms
2025-07-21 08:22:05 [WARNING] GripperOptimized:fast_loop:492 - 主循環執行時間過長: 31.3ms
2025-07-21 08:22:09 [WARNING] GripperOptimized:fast_loop:492 - 主循環執行時間過長: 31.5ms
2025-07-21 08:22:13 [WARNING] GripperOptimized:fast_loop:492 - 主循環執行時間過長: 30.9ms
2025-07-21 08:22:14 [WARNING] GripperOptimized:fast_loop:492 - 主循環執行時間過長: 30.4ms
2025-07-21 08:22:21 [INFO] GripperOptimized:fast_loop:484 - 性能統計: 循環=1545000, 平均耗時=13.3ms, 最大耗時=81.3ms, 指令數=59
2025-07-21 08:22:22 [WARNING] GripperOptimized:fast_loop:492 - 主循環執行時間過長: 30.7ms
2025-07-21 08:22:23 [WARNING] GripperOptimized:fast_loop:492 - 主循環執行時間過長: 30.4ms
2025-07-21 08:22:28 [WARNING] GripperOptimized:fast_loop:492 - 主循環執行時間過長: 31.3ms
2025-07-21 08:22:30 [WARNING] GripperOptimized:fast_loop:492 - 主循環執行時間過長: 31.3ms
2025-07-21 08:22:40 [WARNING] GripperOptimized:fast_loop:492 - 主循環執行時間過長: 31.6ms
2025-07-21 08:22:42 [INFO] GripperOptimized:fast_loop:484 - 性能統計: 循環=1546000, 平均耗時=14.4ms, 最大耗時=81.3ms, 指令數=59
2025-07-21 08:22:49 [WARNING] GripperOptimized:fast_loop:492 - 主循環執行時間過長: 31.5ms
2025-07-21 08:22:54 [WARNING] GripperOptimized:fast_loop:492 - 主循環執行時間過長: 30.7ms
2025-07-21 08:22:58 [WARNING] GripperOptimized:fast_loop:492 - 主循環執行時間過長: 30.4ms
2025-07-21 08:23:03 [INFO] GripperOptimized:fast_loop:484 - 性能統計: 循環=1547000, 平均耗時=14.0ms, 最大耗時=81.3ms, 指令數=59
2025-07-21 08:23:06 [WARNING] GripperOptimized:fast_loop:492 - 主循環執行時間過長: 30.0ms
2025-07-21 08:23:13 [WARNING] GripperOptimized:fast_loop:492 - 主循環執行時間過長: 32.6ms
2025-07-21 08:23:15 [WARNING] GripperOptimized:fast_loop:492 - 主循環執行時間過長: 31.0ms
2025-07-21 08:23:23 [INFO] GripperOptimized:fast_loop:484 - 性能統計: 循環=1548000, 平均耗時=13.2ms, 最大耗時=81.3ms, 指令數=59
2025-07-21 08:23:25 [WARNING] GripperOptimized:fast_loop:492 - 主循環執行時間過長: 32.0ms
2025-07-21 08:23:31 [WARNING] GripperOptimized:fast_loop:492 - 主循環執行時間過長: 31.6ms
2025-07-21 08:23:33 [WARNING] GripperOptimized:fast_loop:492 - 主循環執行時間過長: 31.0ms
2025-07-21 08:23:39 [WARNING] GripperOptimized:fast_loop:492 - 主循環執行時間過長: 30.1ms
2025-07-21 08:23:42 [WARNING] GripperOptimized:fast_loop:492 - 主循環執行時間過長: 31.0ms
2025-07-21 08:23:44 [INFO] GripperOptimized:fast_loop:484 - 性能統計: 循環=1549000, 平均耗時=12.5ms, 最大耗時=81.3ms, 指令數=59
2025-07-21 08:23:44 [WARNING] GripperOptimized:fast_loop:492 - 主循環執行時間過長: 31.6ms
2025-07-21 08:23:46 [WARNING] GripperOptimized:fast_loop:492 - 主循環執行時間過長: 31.1ms
2025-07-21 08:23:48 [WARNING] GripperOptimized:fast_loop:492 - 主循環執行時間過長: 31.5ms
2025-07-21 08:23:51 [WARNING] GripperOptimized:fast_loop:492 - 主循環執行時間過長: 31.0ms
2025-07-21 08:23:58 [WARNING] GripperOptimized:fast_loop:492 - 主循環執行時間過長: 30.0ms
2025-07-21 08:24:01 [WARNING] GripperOptimized:fast_loop:492 - 主循環執行時間過長: 30.4ms
2025-07-21 08:24:05 [INFO] GripperOptimized:fast_loop:484 - 性能統計: 循環=1550000, 平均耗時=14.7ms, 最大耗時=81.3ms, 指令數=59
2025-07-21 08:24:11 [WARNING] GripperOptimized:fast_loop:492 - 主循環執行時間過長: 31.7ms
2025-07-21 08:24:17 [WARNING] GripperOptimized:fast_loop:492 - 主循環執行時間過長: 34.1ms
2025-07-21 08:24:26 [INFO] GripperOptimized:fast_loop:484 - 性能統計: 循環=1551000, 平均耗時=12.9ms, 最大耗時=81.3ms, 指令數=59
2025-07-21 08:24:34 [WARNING] GripperOptimized:fast_loop:492 - 主循環執行時間過長: 31.2ms
2025-07-21 08:24:41 [WARNING] GripperOptimized:fast_loop:492 - 主循環執行時間過長: 30.5ms
2025-07-21 08:24:45 [WARNING] GripperOptimized:fast_loop:492 - 主循環執行時間過長: 31.1ms
2025-07-21 08:24:46 [WARNING] GripperOptimized:fast_loop:492 - 主循環執行時間過長: 32.1ms
2025-07-21 08:24:47 [INFO] GripperOptimized:fast_loop:484 - 性能統計: 循環=1552000, 平均耗時=13.4ms, 最大耗時=81.3ms, 指令數=59
2025-07-21 08:24:52 [WARNING] GripperOptimized:fast_loop:492 - 主循環執行時間過長: 30.6ms
2025-07-21 08:24:56 [WARNING] GripperOptimized:fast_loop:492 - 主循環執行時間過長: 30.1ms
2025-07-21 08:25:01 [WARNING] GripperOptimized:fast_loop:492 - 主循環執行時間過長: 31.3ms
2025-07-21 08:25:04 [WARNING] GripperOptimized:fast_loop:492 - 主循環執行時間過長: 30.4ms
2025-07-21 08:25:07 [INFO] GripperOptimized:fast_loop:484 - 性能統計: 循環=1553000, 平均耗時=12.6ms, 最大耗時=81.3ms, 指令數=59
2025-07-21 08:25:10 [WARNING] GripperOptimized:fast_loop:492 - 主循環執行時間過長: 30.6ms
2025-07-21 08:25:12 [WARNING] GripperOptimized:fast_loop:492 - 主循環執行時間過長: 30.9ms
2025-07-21 08:25:16 [WARNING] GripperOptimized:fast_loop:492 - 主循環執行時間過長: 32.1ms
2025-07-21 08:25:23 [WARNING] GripperOptimized:fast_loop:492 - 主循環執行時間過長: 31.0ms
2025-07-21 08:25:28 [INFO] GripperOptimized:fast_loop:484 - 性能統計: 循環=1554000, 平均耗時=13.6ms, 最大耗時=81.3ms, 指令數=59
2025-07-21 08:25:35 [WARNING] GripperOptimized:fast_loop:492 - 主循環執行時間過長: 31.3ms
2025-07-21 08:25:38 [WARNING] GripperOptimized:fast_loop:492 - 主循環執行時間過長: 31.3ms
2025-07-21 08:25:39 [WARNING] GripperOptimized:fast_loop:492 - 主循環執行時間過長: 33.2ms
2025-07-21 08:25:46 [WARNING] GripperOptimized:fast_loop:492 - 主循環執行時間過長: 30.7ms
2025-07-21 08:25:49 [INFO] GripperOptimized:fast_loop:484 - 性能統計: 循環=1555000, 平均耗時=13.2ms, 最大耗時=81.3ms, 指令數=59
2025-07-21 08:25:49 [WARNING] GripperOptimized:fast_loop:492 - 主循環執行時間過長: 31.1ms
2025-07-21 08:25:59 [WARNING] GripperOptimized:fast_loop:492 - 主循環執行時間過長: 31.3ms
2025-07-21 08:26:00 [WARNING] GripperOptimized:fast_loop:492 - 主循環執行時間過長: 30.4ms
2025-07-21 08:26:05 [WARNING] GripperOptimized:fast_loop:492 - 主循環執行時間過長: 30.6ms
2025-07-21 08:26:07 [WARNING] GripperOptimized:fast_loop:492 - 主循環執行時間過長: 30.8ms
2025-07-21 08:26:10 [INFO] GripperOptimized:fast_loop:484 - 性能統計: 循環=1556000, 平均耗時=13.7ms, 最大耗時=81.3ms, 指令數=59
2025-07-21 08:26:18 [WARNING] GripperOptimized:fast_loop:492 - 主循環執行時間過長: 31.3ms
2025-07-21 08:26:20 [WARNING] GripperOptimized:fast_loop:492 - 主循環執行時間過長: 31.1ms
2025-07-21 08:26:28 [WARNING] GripperOptimized:fast_loop:492 - 主循環執行時間過長: 32.6ms
2025-07-21 08:26:31 [INFO] GripperOptimized:fast_loop:484 - 性能統計: 循環=1557000, 平均耗時=13.4ms, 最大耗時=81.3ms, 指令數=59
2025-07-21 08:26:32 [WARNING] GripperOptimized:fast_loop:492 - 主循環執行時間過長: 30.7ms
2025-07-21 08:26:38 [WARNING] GripperOptimized:fast_loop:492 - 主循環執行時間過長: 31.7ms
2025-07-21 08:26:46 [WARNING] GripperOptimized:fast_loop:492 - 主循環執行時間過長: 32.4ms
2025-07-21 08:26:49 [WARNING] GripperOptimized:fast_loop:492 - 主循環執行時間過長: 31.3ms
2025-07-21 08:26:50 [WARNING] GripperOptimized:fast_loop:492 - 主循環執行時間過長: 30.4ms
2025-07-21 08:26:51 [INFO] GripperOptimized:fast_loop:484 - 性能統計: 循環=1558000, 平均耗時=12.9ms, 最大耗時=81.3ms, 指令數=59
2025-07-21 08:26:54 [WARNING] GripperOptimized:fast_loop:492 - 主循環執行時間過長: 30.9ms
2025-07-21 08:26:58 [WARNING] GripperOptimized:fast_loop:492 - 主循環執行時間過長: 32.4ms
2025-07-21 08:27:09 [WARNING] GripperOptimized:fast_loop:492 - 主循環執行時間過長: 30.4ms
2025-07-21 08:27:11 [WARNING] GripperOptimized:fast_loop:492 - 主循環執行時間過長: 30.9ms
2025-07-21 08:27:12 [INFO] GripperOptimized:fast_loop:484 - 性能統計: 循環=1559000, 平均耗時=13.9ms, 最大耗時=81.3ms, 指令數=59
2025-07-21 08:27:13 [WARNING] GripperOptimized:fast_loop:492 - 主循環執行時間過長: 30.1ms
2025-07-21 08:27:16 [WARNING] GripperOptimized:fast_loop:492 - 主循環執行時間過長: 30.1ms
2025-07-21 08:27:23 [WARNING] GripperOptimized:fast_loop:492 - 主循環執行時間過長: 30.3ms
2025-07-21 08:27:24 [WARNING] GripperOptimized:fast_loop:492 - 主循環執行時間過長: 30.1ms
2025-07-21 08:27:26 [WARNING] GripperOptimized:fast_loop:492 - 主循環執行時間過長: 32.3ms
2025-07-21 08:27:33 [INFO] GripperOptimized:fast_loop:484 - 性能統計: 循環=1560000, 平均耗時=12.8ms, 最大耗時=81.3ms, 指令數=59
2025-07-21 08:27:37 [WARNING] GripperOptimized:fast_loop:492 - 主循環執行時間過長: 32.0ms
2025-07-21 08:27:38 [WARNING] GripperOptimized:fast_loop:492 - 主循環執行時間過長: 30.6ms
2025-07-21 08:27:49 [WARNING] GripperOptimized:fast_loop:492 - 主循環執行時間過長: 31.2ms
2025-07-21 08:27:52 [WARNING] GripperOptimized:fast_loop:492 - 主循環執行時間過長: 30.5ms
2025-07-21 08:27:54 [INFO] GripperOptimized:fast_loop:484 - 性能統計: 循環=1561000, 平均耗時=12.6ms, 最大耗時=81.3ms, 指令數=59
2025-07-21 08:27:58 [WARNING] GripperOptimized:fast_loop:492 - 主循環執行時間過長: 31.2ms
2025-07-21 08:28:03 [WARNING] GripperOptimized:fast_loop:492 - 主循環執行時間過長: 30.4ms
2025-07-21 08:28:08 [WARNING] GripperOptimized:fast_loop:492 - 主循環執行時間過長: 30.8ms
2025-07-21 08:28:15 [INFO] GripperOptimized:fast_loop:484 - 性能統計: 循環=1562000, 平均耗時=12.3ms, 最大耗時=81.3ms, 指令數=59
2025-07-21 08:28:21 [WARNING] GripperOptimized:fast_loop:492 - 主循環執行時間過長: 32.8ms
2025-07-21 08:28:27 [WARNING] GripperOptimized:fast_loop:492 - 主循環執行時間過長: 30.2ms
2025-07-21 08:28:33 [WARNING] GripperOptimized:fast_loop:492 - 主循環執行時間過長: 31.6ms
2025-07-21 08:28:35 [INFO] GripperOptimized:fast_loop:484 - 性能統計: 循環=1563000, 平均耗時=13.3ms, 最大耗時=81.3ms, 指令數=59
2025-07-21 08:28:37 [WARNING] GripperOptimized:fast_loop:492 - 主循環執行時間過長: 30.9ms
2025-07-21 08:28:40 [WARNING] GripperOptimized:fast_loop:492 - 主循環執行時間過長: 32.6ms
2025-07-21 08:28:43 [WARNING] GripperOptimized:fast_loop:492 - 主循環執行時間過長: 30.1ms
2025-07-21 08:28:46 [WARNING] GripperOptimized:fast_loop:492 - 主循環執行時間過長: 31.0ms
2025-07-21 08:28:50 [WARNING] GripperOptimized:fast_loop:492 - 主循環執行時間過長: 30.9ms
2025-07-21 08:28:56 [INFO] GripperOptimized:fast_loop:484 - 性能統計: 循環=1564000, 平均耗時=13.3ms, 最大耗時=81.3ms, 指令數=59
2025-07-21 08:28:57 [WARNING] GripperOptimized:fast_loop:492 - 主循環執行時間過長: 30.3ms
2025-07-21 08:29:03 [WARNING] GripperOptimized:fast_loop:492 - 主循環執行時間過長: 31.6ms
2025-07-21 08:29:06 [WARNING] GripperOptimized:fast_loop:492 - 主循環執行時間過長: 30.4ms
2025-07-21 08:29:12 [WARNING] GripperOptimized:fast_loop:492 - 主循環執行時間過長: 30.5ms
2025-07-21 08:29:17 [INFO] GripperOptimized:fast_loop:484 - 性能統計: 循環=1565000, 平均耗時=13.2ms, 最大耗時=81.3ms, 指令數=59
2025-07-21 08:29:19 [WARNING] GripperOptimized:fast_loop:492 - 主循環執行時間過長: 30.0ms
2025-07-21 08:29:21 [WARNING] GripperOptimized:fast_loop:492 - 主循環執行時間過長: 30.1ms
2025-07-21 08:29:24 [WARNING] GripperOptimized:fast_loop:492 - 主循環執行時間過長: 30.4ms
2025-07-21 08:29:29 [WARNING] GripperOptimized:fast_loop:492 - 主循環執行時間過長: 30.9ms
2025-07-21 08:29:38 [INFO] GripperOptimized:fast_loop:484 - 性能統計: 循環=1566000, 平均耗時=13.2ms, 最大耗時=81.3ms, 指令數=59
2025-07-21 08:29:40 [WARNING] GripperOptimized:fast_loop:492 - 主循環執行時間過長: 31.7ms
2025-07-21 08:29:42 [WARNING] GripperOptimized:fast_loop:492 - 主循環執行時間過長: 30.9ms
2025-07-21 08:29:43 [WARNING] GripperOptimized:fast_loop:492 - 主循環執行時間過長: 30.0ms
2025-07-21 08:29:47 [WARNING] GripperOptimized:fast_loop:492 - 主循環執行時間過長: 30.5ms
2025-07-21 08:29:53 [WARNING] GripperOptimized:fast_loop:492 - 主循環執行時間過長: 32.9ms
2025-07-21 08:29:59 [INFO] GripperOptimized:fast_loop:484 - 性能統計: 循環=1567000, 平均耗時=13.3ms, 最大耗時=81.3ms, 指令數=59
2025-07-21 08:30:19 [INFO] GripperOptimized:fast_loop:484 - 性能統計: 循環=1568000, 平均耗時=13.8ms, 最大耗時=81.3ms, 指令數=59
2025-07-21 08:30:20 [WARNING] GripperOptimized:fast_loop:492 - 主循環執行時間過長: 30.5ms
2025-07-21 08:30:22 [WARNING] GripperOptimized:fast_loop:492 - 主循環執行時間過長: 32.9ms
2025-07-21 08:30:28 [WARNING] GripperOptimized:fast_loop:492 - 主循環執行時間過長: 31.9ms
2025-07-21 08:30:37 [WARNING] GripperOptimized:fast_loop:492 - 主循環執行時間過長: 30.2ms
2025-07-21 08:30:40 [INFO] GripperOptimized:fast_loop:484 - 性能統計: 循環=1569000, 平均耗時=13.1ms, 最大耗時=81.3ms, 指令數=59
2025-07-21 08:30:51 [WARNING] GripperOptimized:fast_loop:492 - 主循環執行時間過長: 31.2ms
2025-07-21 08:30:57 [WARNING] GripperOptimized:fast_loop:492 - 主循環執行時間過長: 31.6ms
2025-07-21 08:30:59 [WARNING] GripperOptimized:fast_loop:492 - 主循環執行時間過長: 32.6ms
2025-07-21 08:31:01 [INFO] GripperOptimized:fast_loop:484 - 性能統計: 循環=1570000, 平均耗時=13.5ms, 最大耗時=81.3ms, 指令數=59
2025-07-21 08:31:06 [WARNING] GripperOptimized:fast_loop:492 - 主循環執行時間過長: 31.0ms
2025-07-21 08:31:09 [WARNING] GripperOptimized:fast_loop:492 - 主循環執行時間過長: 30.8ms
2025-07-21 08:31:13 [WARNING] GripperOptimized:fast_loop:492 - 主循環執行時間過長: 31.3ms
2025-07-21 08:31:17 [WARNING] GripperOptimized:fast_loop:492 - 主循環執行時間過長: 30.1ms
2025-07-21 08:31:21 [WARNING] GripperOptimized:fast_loop:492 - 主循環執行時間過長: 30.7ms
2025-07-21 08:31:22 [INFO] GripperOptimized:fast_loop:484 - 性能統計: 循環=1571000, 平均耗時=13.2ms, 最大耗時=81.3ms, 指令數=59
2025-07-21 08:31:29 [WARNING] GripperOptimized:fast_loop:492 - 主循環執行時間過長: 32.4ms
2025-07-21 08:31:41 [WARNING] GripperOptimized:fast_loop:492 - 主循環執行時間過長: 31.5ms
2025-07-21 08:31:42 [INFO] GripperOptimized:fast_loop:484 - 性能統計: 循環=1572000, 平均耗時=13.1ms, 最大耗時=81.3ms, 指令數=59
2025-07-21 08:31:47 [WARNING] GripperOptimized:fast_loop:492 - 主循環執行時間過長: 32.4ms
2025-07-21 08:31:49 [WARNING] GripperOptimized:fast_loop:492 - 主循環執行時間過長: 31.6ms
2025-07-21 08:31:56 [WARNING] GripperOptimized:fast_loop:492 - 主循環執行時間過長: 30.6ms
2025-07-21 08:31:58 [WARNING] GripperOptimized:fast_loop:492 - 主循環執行時間過長: 31.6ms
2025-07-21 08:31:59 [WARNING] GripperOptimized:fast_loop:492 - 主循環執行時間過長: 30.9ms
2025-07-21 08:32:03 [INFO] GripperOptimized:fast_loop:484 - 性能統計: 循環=1573000, 平均耗時=13.1ms, 最大耗時=81.3ms, 指令數=59
2025-07-21 08:32:06 [WARNING] GripperOptimized:fast_loop:492 - 主循環執行時間過長: 30.3ms
2025-07-21 08:32:22 [WARNING] GripperOptimized:fast_loop:492 - 主循環執行時間過長: 31.1ms
2025-07-21 08:32:24 [INFO] GripperOptimized:fast_loop:484 - 性能統計: 循環=1574000, 平均耗時=13.8ms, 最大耗時=81.3ms, 指令數=59
2025-07-21 08:32:30 [WARNING] GripperOptimized:fast_loop:492 - 主循環執行時間過長: 30.2ms
2025-07-21 08:32:36 [WARNING] GripperOptimized:fast_loop:492 - 主循環執行時間過長: 33.1ms
2025-07-21 08:32:38 [WARNING] GripperOptimized:fast_loop:492 - 主循環執行時間過長: 30.7ms
2025-07-21 08:32:39 [WARNING] GripperOptimized:fast_loop:492 - 主循環執行時間過長: 30.7ms
2025-07-21 08:32:42 [WARNING] GripperOptimized:fast_loop:492 - 主循環執行時間過長: 30.6ms
2025-07-21 08:32:45 [INFO] GripperOptimized:fast_loop:484 - 性能統計: 循環=1575000, 平均耗時=13.7ms, 最大耗時=81.3ms, 指令數=59
2025-07-21 08:32:45 [WARNING] GripperOptimized:fast_loop:492 - 主循環執行時間過長: 31.7ms
2025-07-21 08:32:57 [WARNING] GripperOptimized:fast_loop:492 - 主循環執行時間過長: 31.6ms
2025-07-21 08:32:59 [WARNING] GripperOptimized:fast_loop:492 - 主循環執行時間過長: 31.5ms
2025-07-21 08:33:06 [INFO] GripperOptimized:fast_loop:484 - 性能統計: 循環=1576000, 平均耗時=13.3ms, 最大耗時=81.3ms, 指令數=59
2025-07-21 08:33:12 [WARNING] GripperOptimized:fast_loop:492 - 主循環執行時間過長: 30.3ms
2025-07-21 08:33:19 [WARNING] GripperOptimized:fast_loop:492 - 主循環執行時間過長: 32.8ms
2025-07-21 08:33:21 [WARNING] GripperOptimized:fast_loop:492 - 主循環執行時間過長: 30.6ms
2025-07-21 08:33:22 [WARNING] GripperOptimized:fast_loop:492 - 主循環執行時間過長: 31.7ms
2025-07-21 08:33:23 [WARNING] GripperOptimized:fast_loop:492 - 主循環執行時間過長: 31.1ms
2025-07-21 08:33:25 [WARNING] GripperOptimized:fast_loop:492 - 主循環執行時間過長: 32.0ms
2025-07-21 08:33:26 [INFO] GripperOptimized:fast_loop:484 - 性能統計: 循環=1577000, 平均耗時=13.5ms, 最大耗時=81.3ms, 指令數=59
2025-07-21 08:33:26 [WARNING] GripperOptimized:fast_loop:492 - 主循環執行時間過長: 31.0ms
2025-07-21 08:33:28 [WARNING] GripperOptimized:fast_loop:492 - 主循環執行時間過長: 30.1ms
2025-07-21 08:33:29 [WARNING] GripperOptimized:fast_loop:492 - 主循環執行時間過長: 31.2ms
2025-07-21 08:33:31 [WARNING] GripperOptimized:fast_loop:492 - 主循環執行時間過長: 30.3ms
2025-07-21 08:33:32 [WARNING] GripperOptimized:fast_loop:492 - 主循環執行時間過長: 31.7ms
2025-07-21 08:33:33 [WARNING] GripperOptimized:fast_loop:492 - 主循環執行時間過長: 31.9ms
2025-07-21 08:33:34 [WARNING] GripperOptimized:fast_loop:492 - 主循環執行時間過長: 30.2ms
2025-07-21 08:33:37 [WARNING] GripperOptimized:fast_loop:492 - 主循環執行時間過長: 31.8ms
2025-07-21 08:33:40 [WARNING] GripperOptimized:fast_loop:492 - 主循環執行時間過長: 32.5ms
2025-07-21 08:33:44 [WARNING] GripperOptimized:fast_loop:492 - 主循環執行時間過長: 33.5ms
2025-07-21 08:33:47 [INFO] GripperOptimized:fast_loop:484 - 性能統計: 循環=1578000, 平均耗時=13.1ms, 最大耗時=81.3ms, 指令數=59
2025-07-21 08:33:47 [WARNING] GripperOptimized:fast_loop:492 - 主循環執行時間過長: 30.1ms
2025-07-21 08:33:48 [WARNING] GripperOptimized:fast_loop:492 - 主循環執行時間過長: 31.1ms
2025-07-21 08:33:55 [WARNING] GripperOptimized:fast_loop:492 - 主循環執行時間過長: 30.9ms
2025-07-21 08:34:00 [WARNING] GripperOptimized:fast_loop:492 - 主循環執行時間過長: 30.8ms
2025-07-21 08:34:08 [INFO] GripperOptimized:fast_loop:484 - 性能統計: 循環=1579000, 平均耗時=12.2ms, 最大耗時=81.3ms, 指令數=59
2025-07-21 08:34:10 [WARNING] GripperOptimized:fast_loop:492 - 主循環執行時間過長: 31.4ms
2025-07-21 08:34:11 [WARNING] GripperOptimized:fast_loop:492 - 主循環執行時間過長: 31.1ms
2025-07-21 08:34:14 [WARNING] GripperOptimized:fast_loop:492 - 主循環執行時間過長: 31.6ms
2025-07-21 08:34:21 [WARNING] GripperOptimized:fast_loop:492 - 主循環執行時間過長: 30.1ms
2025-07-21 09:57:13 [INFO] GripperOptimized:__init__:66 - 夾爪模組啟動 - 優化版本 - 基地址: 500-539
2025-07-21 09:57:13 [INFO] GripperOptimized:__init__:67 - 性能參數: 主循環=20.0ms, 狀態更新=10.0ms
2025-07-21 09:57:13 [INFO] GripperOptimized:fast_loop:438 - 夾爪主循環啟動 - 高性能模式
2025-07-21 09:57:13 [INFO] GripperOptimized:start:509 - 夾爪模組已啟動 - 高性能模式
2025-07-21 09:57:14 [WARNING] GripperOptimized:connect_main_server:161 - 主服務器連接失敗，將在主循環中重試
2025-07-21 09:57:16 [WARNING] GripperOptimized:connect_main_server:161 - 主服務器連接失敗，將在主循環中重試
2025-07-21 09:57:17 [WARNING] GripperOptimized:connect_main_server:161 - 主服務器連接失敗，將在主循環中重試
2025-07-21 09:57:19 [WARNING] GripperOptimized:connect_main_server:161 - 主服務器連接失敗，將在主循環中重試
2025-07-21 09:57:20 [WARNING] GripperOptimized:connect_main_server:161 - 主服務器連接失敗，將在主循環中重試
2025-07-21 09:57:22 [WARNING] GripperOptimized:connect_main_server:161 - 主服務器連接失敗，將在主循環中重試
2025-07-21 09:57:23 [WARNING] GripperOptimized:connect_main_server:161 - 主服務器連接失敗，將在主循環中重試
2025-07-21 09:57:25 [WARNING] GripperOptimized:connect_main_server:161 - 主服務器連接失敗，將在主循環中重試
2025-07-21 09:57:26 [WARNING] GripperOptimized:connect_main_server:161 - 主服務器連接失敗，將在主循環中重試
2025-07-21 09:57:28 [WARNING] GripperOptimized:connect_main_server:161 - 主服務器連接失敗，將在主循環中重試
2025-07-21 09:58:00 [INFO] GripperOptimized:__init__:66 - 夾爪模組啟動 - 優化版本 - 基地址: 500-539
2025-07-21 09:58:00 [INFO] GripperOptimized:__init__:67 - 性能參數: 主循環=20.0ms, 狀態更新=10.0ms
2025-07-21 09:58:00 [INFO] GripperOptimized:fast_loop:438 - 夾爪主循環啟動 - 高性能模式
2025-07-21 09:58:00 [INFO] GripperOptimized:start:509 - 夾爪模組已啟動 - 高性能模式
2025-07-21 09:58:00 [INFO] GripperOptimized:connect_main_server:158 - 主服務器連接成功: 127.0.0.1:502
2025-07-21 09:58:00 [INFO] GripperOptimized:connect_rtu_devices:183 - RTU設備連接成功: COM3
2025-07-21 09:58:00 [WARNING] GripperOptimized:fast_loop:492 - 主循環執行時間過長: 41.8ms
2025-07-21 09:58:04 [INFO] GripperOptimized:process_commands:412 - 收到PGC指令: 代碼=1, 參數1=0, 參數2=0, ID=1
2025-07-21 09:58:04 [INFO] GripperOptimized:process_commands:418 - PGC指令執行成功
2025-07-21 09:58:04 [WARNING] GripperOptimized:fast_loop:492 - 主循環執行時間過長: 48.0ms
2025-07-21 09:58:04 [WARNING] GripperOptimized:fast_loop:492 - 主循環執行時間過長: 33.3ms
2025-07-21 09:58:05 [WARNING] GripperOptimized:fast_loop:492 - 主循環執行時間過長: 31.3ms
2025-07-21 09:58:08 [WARNING] GripperOptimized:fast_loop:492 - 主循環執行時間過長: 30.5ms
2025-07-21 09:58:13 [WARNING] GripperOptimized:fast_loop:492 - 主循環執行時間過長: 35.3ms
2025-07-21 09:58:15 [WARNING] GripperOptimized:fast_loop:492 - 主循環執行時間過長: 39.0ms
2025-07-21 09:58:16 [WARNING] GripperOptimized:fast_loop:492 - 主循環執行時間過長: 36.1ms
2025-07-21 09:58:18 [WARNING] GripperOptimized:fast_loop:492 - 主循環執行時間過長: 31.1ms
2025-07-21 09:58:19 [WARNING] GripperOptimized:fast_loop:492 - 主循環執行時間過長: 35.3ms
2025-07-21 09:58:20 [WARNING] GripperOptimized:fast_loop:492 - 主循環執行時間過長: 31.4ms
2025-07-21 09:58:21 [INFO] GripperOptimized:fast_loop:484 - 性能統計: 循環=1000, 平均耗時=14.1ms, 最大耗時=48.0ms, 指令數=1
2025-07-21 09:58:22 [WARNING] GripperOptimized:fast_loop:492 - 主循環執行時間過長: 36.2ms
2025-07-21 09:58:25 [WARNING] GripperOptimized:fast_loop:492 - 主循環執行時間過長: 36.1ms
2025-07-21 09:58:30 [WARNING] GripperOptimized:fast_loop:492 - 主循環執行時間過長: 32.8ms
2025-07-21 09:58:31 [WARNING] GripperOptimized:fast_loop:492 - 主循環執行時間過長: 30.2ms
2025-07-21 09:58:32 [WARNING] GripperOptimized:fast_loop:492 - 主循環執行時間過長: 32.7ms
2025-07-21 09:58:33 [WARNING] GripperOptimized:fast_loop:492 - 主循環執行時間過長: 30.7ms
2025-07-21 09:58:34 [WARNING] GripperOptimized:fast_loop:492 - 主循環執行時間過長: 31.0ms
2025-07-21 09:58:35 [WARNING] GripperOptimized:fast_loop:492 - 主循環執行時間過長: 31.7ms
2025-07-21 09:58:36 [WARNING] GripperOptimized:fast_loop:492 - 主循環執行時間過長: 31.9ms
2025-07-21 09:58:37 [WARNING] GripperOptimized:fast_loop:492 - 主循環執行時間過長: 31.1ms
2025-07-21 09:58:38 [WARNING] GripperOptimized:fast_loop:492 - 主循環執行時間過長: 30.2ms
2025-07-21 09:58:40 [WARNING] GripperOptimized:fast_loop:492 - 主循環執行時間過長: 30.7ms
2025-07-21 09:58:42 [INFO] GripperOptimized:fast_loop:484 - 性能統計: 循環=2000, 平均耗時=13.5ms, 最大耗時=48.0ms, 指令數=1
2025-07-21 09:58:44 [WARNING] GripperOptimized:fast_loop:492 - 主循環執行時間過長: 36.7ms
2025-07-21 09:58:47 [WARNING] GripperOptimized:fast_loop:492 - 主循環執行時間過長: 36.9ms
2025-07-21 09:58:50 [WARNING] GripperOptimized:fast_loop:492 - 主循環執行時間過長: 30.1ms
2025-07-21 09:58:51 [WARNING] GripperOptimized:fast_loop:492 - 主循環執行時間過長: 36.9ms
2025-07-21 09:58:56 [WARNING] GripperOptimized:fast_loop:492 - 主循環執行時間過長: 33.1ms
2025-07-21 09:58:58 [WARNING] GripperOptimized:fast_loop:492 - 主循環執行時間過長: 30.7ms
2025-07-21 09:59:03 [INFO] GripperOptimized:fast_loop:484 - 性能統計: 循環=3000, 平均耗時=13.1ms, 最大耗時=48.0ms, 指令數=1
2025-07-21 09:59:04 [WARNING] GripperOptimized:fast_loop:492 - 主循環執行時間過長: 30.3ms
2025-07-21 09:59:08 [WARNING] GripperOptimized:fast_loop:492 - 主循環執行時間過長: 31.4ms
2025-07-21 09:59:20 [WARNING] GripperOptimized:fast_loop:492 - 主循環執行時間過長: 30.1ms
2025-07-21 09:59:21 [WARNING] GripperOptimized:fast_loop:492 - 主循環執行時間過長: 30.3ms
2025-07-21 09:59:24 [INFO] GripperOptimized:fast_loop:484 - 性能統計: 循環=4000, 平均耗時=14.1ms, 最大耗時=48.0ms, 指令數=1
2025-07-21 09:59:25 [WARNING] GripperOptimized:fast_loop:492 - 主循環執行時間過長: 35.2ms
2025-07-21 09:59:25 [INFO] GripperOptimized:process_commands:412 - 收到PGC指令: 代碼=1, 參數1=0, 參數2=0, ID=15245
2025-07-21 09:59:25 [INFO] GripperOptimized:process_commands:418 - PGC指令執行成功
2025-07-21 09:59:25 [WARNING] GripperOptimized:fast_loop:492 - 主循環執行時間過長: 41.8ms
2025-07-21 09:59:26 [WARNING] GripperOptimized:fast_loop:492 - 主循環執行時間過長: 35.6ms
2025-07-21 09:59:27 [WARNING] GripperOptimized:fast_loop:492 - 主循環執行時間過長: 31.0ms
2025-07-21 09:59:28 [INFO] GripperOptimized:process_commands:412 - 收到PGC指令: 代碼=8, 參數1=0, 參數2=0, ID=17669
2025-07-21 09:59:28 [INFO] GripperOptimized:process_commands:418 - PGC指令執行成功
2025-07-21 09:59:28 [WARNING] GripperOptimized:fast_loop:492 - 主循環執行時間過長: 51.1ms
2025-07-21 09:59:34 [WARNING] GripperOptimized:fast_loop:492 - 主循環執行時間過長: 32.6ms
2025-07-21 09:59:37 [WARNING] GripperOptimized:fast_loop:492 - 主循環執行時間過長: 35.1ms
2025-07-21 09:59:38 [WARNING] GripperOptimized:fast_loop:492 - 主循環執行時間過長: 30.2ms
2025-07-21 09:59:39 [WARNING] GripperOptimized:fast_loop:492 - 主循環執行時間過長: 32.2ms
2025-07-21 09:59:40 [WARNING] GripperOptimized:fast_loop:492 - 主循環執行時間過長: 30.0ms
2025-07-21 09:59:45 [INFO] GripperOptimized:fast_loop:484 - 性能統計: 循環=5000, 平均耗時=13.8ms, 最大耗時=51.1ms, 指令數=3
2025-07-21 09:59:49 [WARNING] GripperOptimized:fast_loop:492 - 主循環執行時間過長: 37.1ms
2025-07-21 09:59:54 [WARNING] GripperOptimized:fast_loop:492 - 主循環執行時間過長: 37.8ms
2025-07-21 09:59:55 [WARNING] GripperOptimized:fast_loop:492 - 主循環執行時間過長: 32.8ms
2025-07-21 09:59:57 [WARNING] GripperOptimized:fast_loop:492 - 主循環執行時間過長: 37.5ms
2025-07-21 09:59:58 [WARNING] GripperOptimized:fast_loop:492 - 主循環執行時間過長: 34.3ms
2025-07-21 10:00:03 [WARNING] GripperOptimized:fast_loop:492 - 主循環執行時間過長: 32.0ms
2025-07-21 10:00:04 [WARNING] GripperOptimized:fast_loop:492 - 主循環執行時間過長: 32.0ms
2025-07-21 10:00:05 [INFO] GripperOptimized:fast_loop:484 - 性能統計: 循環=6000, 平均耗時=12.3ms, 最大耗時=51.1ms, 指令數=3
2025-07-21 10:00:05 [WARNING] GripperOptimized:fast_loop:492 - 主循環執行時間過長: 32.4ms
2025-07-21 10:00:07 [WARNING] GripperOptimized:fast_loop:492 - 主循環執行時間過長: 31.6ms
2025-07-21 10:00:08 [WARNING] GripperOptimized:fast_loop:492 - 主循環執行時間過長: 34.5ms
2025-07-21 10:00:09 [WARNING] GripperOptimized:fast_loop:492 - 主循環執行時間過長: 33.4ms
2025-07-21 10:00:11 [INFO] GripperOptimized:process_commands:412 - 收到PGC指令: 代碼=3, 參數1=205, 參數2=0, ID=61341
2025-07-21 10:00:11 [INFO] GripperOptimized:process_commands:418 - PGC指令執行成功
2025-07-21 10:00:11 [WARNING] GripperOptimized:fast_loop:492 - 主循環執行時間過長: 52.3ms
2025-07-21 10:00:13 [WARNING] GripperOptimized:fast_loop:492 - 主循環執行時間過長: 33.9ms
2025-07-21 10:00:14 [WARNING] GripperOptimized:fast_loop:492 - 主循環執行時間過長: 31.2ms
2025-07-21 10:00:15 [WARNING] GripperOptimized:fast_loop:492 - 主循環執行時間過長: 35.2ms
2025-07-21 10:00:17 [INFO] GripperOptimized:process_commands:412 - 收到PGC指令: 代碼=8, 參數1=0, 參數2=0, ID=1270
2025-07-21 10:00:17 [INFO] GripperOptimized:process_commands:418 - PGC指令執行成功
2025-07-21 10:00:17 [WARNING] GripperOptimized:fast_loop:492 - 主循環執行時間過長: 48.1ms
2025-07-21 10:00:17 [WARNING] GripperOptimized:fast_loop:492 - 主循環執行時間過長: 33.2ms
2025-07-21 10:00:18 [WARNING] GripperOptimized:fast_loop:492 - 主循環執行時間過長: 30.3ms
2025-07-21 10:00:19 [WARNING] GripperOptimized:fast_loop:492 - 主循環執行時間過長: 31.0ms
2025-07-21 10:00:20 [WARNING] GripperOptimized:fast_loop:492 - 主循環執行時間過長: 30.2ms
2025-07-21 10:00:23 [WARNING] GripperOptimized:fast_loop:492 - 主循環執行時間過長: 34.1ms
2025-07-21 10:00:24 [WARNING] GripperOptimized:fast_loop:492 - 主循環執行時間過長: 33.0ms
2025-07-21 10:00:25 [WARNING] GripperOptimized:fast_loop:492 - 主循環執行時間過長: 32.2ms
2025-07-21 10:00:26 [INFO] GripperOptimized:fast_loop:484 - 性能統計: 循環=7000, 平均耗時=12.7ms, 最大耗時=52.3ms, 指令數=5
2025-07-21 10:00:28 [WARNING] GripperOptimized:fast_loop:492 - 主循環執行時間過長: 32.4ms
2025-07-21 10:00:29 [WARNING] GripperOptimized:fast_loop:492 - 主循環執行時間過長: 32.2ms
2025-07-21 10:00:30 [WARNING] GripperOptimized:fast_loop:492 - 主循環執行時間過長: 34.9ms
2025-07-21 10:00:33 [WARNING] GripperOptimized:fast_loop:492 - 主循環執行時間過長: 30.7ms
2025-07-21 10:00:33 [INFO] GripperOptimized:process_commands:412 - 收到PGC指令: 代碼=3, 參數1=202, 參數2=0, ID=17446
2025-07-21 10:00:33 [INFO] GripperOptimized:process_commands:418 - PGC指令執行成功
2025-07-21 10:00:33 [WARNING] GripperOptimized:fast_loop:492 - 主循環執行時間過長: 52.3ms
2025-07-21 10:00:36 [WARNING] GripperOptimized:fast_loop:492 - 主循環執行時間過長: 33.2ms
2025-07-21 10:00:43 [INFO] GripperOptimized:process_commands:412 - 收到PGC指令: 代碼=8, 參數1=0, 參數2=0, ID=27422
2025-07-21 10:00:43 [INFO] GripperOptimized:process_commands:418 - PGC指令執行成功
2025-07-21 10:00:43 [WARNING] GripperOptimized:fast_loop:492 - 主循環執行時間過長: 64.9ms
2025-07-21 10:00:44 [WARNING] GripperOptimized:fast_loop:492 - 主循環執行時間過長: 31.6ms
2025-07-21 10:00:46 [INFO] GripperOptimized:process_commands:412 - 收到PGC指令: 代碼=3, 參數1=202, 參數2=0, ID=30213
2025-07-21 10:00:46 [INFO] GripperOptimized:process_commands:418 - PGC指令執行成功
2025-07-21 10:00:46 [WARNING] GripperOptimized:fast_loop:492 - 主循環執行時間過長: 47.0ms
2025-07-21 10:00:46 [WARNING] GripperOptimized:fast_loop:492 - 主循環執行時間過長: 31.7ms
2025-07-21 10:00:47 [INFO] GripperOptimized:process_commands:412 - 收到PGC指令: 代碼=8, 參數1=0, 參數2=0, ID=31590
2025-07-21 10:00:47 [INFO] GripperOptimized:process_commands:418 - PGC指令執行成功
2025-07-21 10:00:47 [WARNING] GripperOptimized:fast_loop:492 - 主循環執行時間過長: 47.5ms
2025-07-21 10:00:47 [INFO] GripperOptimized:fast_loop:484 - 性能統計: 循環=8000, 平均耗時=16.3ms, 最大耗時=64.9ms, 指令數=9
2025-07-21 10:00:51 [WARNING] GripperOptimized:fast_loop:492 - 主循環執行時間過長: 33.8ms
2025-07-21 10:00:54 [WARNING] GripperOptimized:fast_loop:492 - 主循環執行時間過長: 38.6ms
2025-07-21 10:00:56 [WARNING] GripperOptimized:fast_loop:492 - 主循環執行時間過長: 33.1ms
2025-07-21 10:00:57 [WARNING] GripperOptimized:fast_loop:492 - 主循環執行時間過長: 33.5ms
2025-07-21 10:01:01 [INFO] GripperOptimized:process_commands:412 - 收到PGC指令: 代碼=3, 參數1=202, 參數2=0, ID=45469
2025-07-21 10:01:01 [INFO] GripperOptimized:process_commands:418 - PGC指令執行成功
2025-07-21 10:01:01 [WARNING] GripperOptimized:fast_loop:492 - 主循環執行時間過長: 46.1ms
2025-07-21 10:01:02 [WARNING] GripperOptimized:fast_loop:492 - 主循環執行時間過長: 34.3ms
2025-07-21 10:01:03 [INFO] GripperOptimized:process_commands:412 - 收到PGC指令: 代碼=7, 參數1=0, 參數2=0, ID=47494
2025-07-21 10:01:03 [INFO] GripperOptimized:process_commands:418 - PGC指令執行成功
2025-07-21 10:01:03 [WARNING] GripperOptimized:fast_loop:492 - 主循環執行時間過長: 47.1ms
2025-07-21 10:01:04 [WARNING] GripperOptimized:fast_loop:492 - 主循環執行時間過長: 34.5ms
2025-07-21 10:01:05 [INFO] GripperOptimized:process_commands:412 - 收到PGC指令: 代碼=8, 參數1=0, 參數2=0, ID=49109
2025-07-21 10:01:05 [INFO] GripperOptimized:process_commands:418 - PGC指令執行成功
2025-07-21 10:01:05 [WARNING] GripperOptimized:fast_loop:492 - 主循環執行時間過長: 38.5ms
2025-07-21 10:01:08 [INFO] GripperOptimized:fast_loop:484 - 性能統計: 循環=9000, 平均耗時=14.3ms, 最大耗時=64.9ms, 指令數=12
2025-07-21 10:01:09 [WARNING] GripperOptimized:fast_loop:492 - 主循環執行時間過長: 35.9ms
2025-07-21 10:01:10 [INFO] GripperOptimized:process_commands:412 - 收到PGC指令: 代碼=3, 參數1=140, 參數2=0, ID=54645
2025-07-21 10:01:10 [INFO] GripperOptimized:process_commands:418 - PGC指令執行成功
2025-07-21 10:01:10 [WARNING] GripperOptimized:fast_loop:492 - 主循環執行時間過長: 47.6ms
2025-07-21 10:01:10 [WARNING] GripperOptimized:fast_loop:492 - 主循環執行時間過長: 31.6ms
2025-07-21 10:01:12 [INFO] GripperOptimized:process_commands:412 - 收到PGC指令: 代碼=8, 參數1=0, 參數2=0, ID=56357
2025-07-21 10:01:12 [INFO] GripperOptimized:process_commands:418 - PGC指令執行成功
2025-07-21 10:01:12 [WARNING] GripperOptimized:fast_loop:492 - 主循環執行時間過長: 46.6ms
2025-07-21 10:01:12 [WARNING] GripperOptimized:fast_loop:492 - 主循環執行時間過長: 34.8ms
2025-07-21 10:01:13 [WARNING] GripperOptimized:fast_loop:492 - 主循環執行時間過長: 30.2ms
2025-07-21 10:01:14 [INFO] GripperOptimized:process_commands:412 - 收到PGC指令: 代碼=3, 參數1=140, 參數2=0, ID=58453
2025-07-21 10:01:14 [INFO] GripperOptimized:process_commands:418 - PGC指令執行成功
2025-07-21 10:01:14 [WARNING] GripperOptimized:fast_loop:492 - 主循環執行時間過長: 47.1ms
2025-07-21 10:01:15 [INFO] GripperOptimized:process_commands:412 - 收到PGC指令: 代碼=8, 參數1=0, 參數2=0, ID=58981
2025-07-21 10:01:15 [INFO] GripperOptimized:process_commands:418 - PGC指令執行成功
2025-07-21 10:01:15 [WARNING] GripperOptimized:fast_loop:492 - 主循環執行時間過長: 41.9ms
2025-07-21 10:01:16 [WARNING] GripperOptimized:fast_loop:492 - 主循環執行時間過長: 36.2ms
2025-07-21 10:01:16 [INFO] GripperOptimized:process_commands:412 - 收到PGC指令: 代碼=3, 參數1=140, 參數2=0, ID=60006
2025-07-21 10:01:16 [INFO] GripperOptimized:process_commands:418 - PGC指令執行成功
2025-07-21 10:01:16 [WARNING] GripperOptimized:fast_loop:492 - 主循環執行時間過長: 48.1ms
2025-07-21 10:01:16 [INFO] GripperOptimized:process_commands:412 - 收到PGC指令: 代碼=8, 參數1=0, 參數2=0, ID=60813
2025-07-21 10:01:16 [INFO] GripperOptimized:process_commands:418 - PGC指令執行成功
2025-07-21 10:01:16 [WARNING] GripperOptimized:fast_loop:492 - 主循環執行時間過長: 42.2ms
2025-07-21 10:01:18 [WARNING] GripperOptimized:fast_loop:492 - 主循環執行時間過長: 31.4ms
2025-07-21 10:01:20 [WARNING] GripperOptimized:fast_loop:492 - 主循環執行時間過長: 32.0ms
2025-07-21 10:01:23 [WARNING] GripperOptimized:fast_loop:492 - 主循環執行時間過長: 34.4ms
2025-07-21 10:01:24 [WARNING] GripperOptimized:fast_loop:492 - 主循環執行時間過長: 30.8ms
2025-07-21 10:01:29 [INFO] GripperOptimized:fast_loop:484 - 性能統計: 循環=10000, 平均耗時=11.8ms, 最大耗時=64.9ms, 指令數=18
2025-07-21 10:01:29 [WARNING] GripperOptimized:fast_loop:492 - 主循環執行時間過長: 32.8ms
2025-07-21 10:01:30 [WARNING] GripperOptimized:fast_loop:492 - 主循環執行時間過長: 33.3ms
2025-07-21 10:01:31 [WARNING] GripperOptimized:fast_loop:492 - 主循環執行時間過長: 37.6ms
2025-07-21 10:01:32 [WARNING] GripperOptimized:fast_loop:492 - 主循環執行時間過長: 37.4ms
2025-07-21 10:01:34 [WARNING] GripperOptimized:fast_loop:492 - 主循環執行時間過長: 33.4ms
2025-07-21 10:01:35 [WARNING] GripperOptimized:fast_loop:492 - 主循環執行時間過長: 31.6ms
2025-07-21 10:01:43 [WARNING] GripperOptimized:fast_loop:492 - 主循環執行時間過長: 37.1ms
2025-07-21 10:01:47 [WARNING] GripperOptimized:fast_loop:492 - 主循環執行時間過長: 30.7ms
2025-07-21 10:01:49 [WARNING] GripperOptimized:fast_loop:492 - 主循環執行時間過長: 38.1ms
2025-07-21 10:01:50 [INFO] GripperOptimized:fast_loop:484 - 性能統計: 循環=11000, 平均耗時=13.5ms, 最大耗時=64.9ms, 指令數=18
2025-07-21 10:01:50 [WARNING] GripperOptimized:fast_loop:492 - 主循環執行時間過長: 35.4ms
2025-07-21 10:01:51 [WARNING] GripperOptimized:fast_loop:492 - 主循環執行時間過長: 34.5ms
2025-07-21 10:01:53 [WARNING] GripperOptimized:fast_loop:492 - 主循環執行時間過長: 32.5ms
2025-07-21 10:01:54 [WARNING] GripperOptimized:fast_loop:492 - 主循環執行時間過長: 33.5ms
2025-07-21 10:01:55 [WARNING] GripperOptimized:fast_loop:492 - 主循環執行時間過長: 35.4ms
2025-07-21 10:01:57 [WARNING] GripperOptimized:fast_loop:492 - 主循環執行時間過長: 35.3ms
2025-07-21 10:02:00 [WARNING] GripperOptimized:fast_loop:492 - 主循環執行時間過長: 37.2ms
2025-07-21 10:02:04 [WARNING] GripperOptimized:fast_loop:492 - 主循環執行時間過長: 31.2ms
2025-07-21 10:02:05 [WARNING] GripperOptimized:fast_loop:492 - 主循環執行時間過長: 36.1ms
2025-07-21 10:02:06 [WARNING] GripperOptimized:fast_loop:492 - 主循環執行時間過長: 35.1ms
2025-07-21 10:02:08 [WARNING] GripperOptimized:fast_loop:492 - 主循環執行時間過長: 36.0ms
2025-07-21 10:02:11 [INFO] GripperOptimized:fast_loop:484 - 性能統計: 循環=12000, 平均耗時=13.5ms, 最大耗時=64.9ms, 指令數=18
2025-07-21 10:02:12 [WARNING] GripperOptimized:fast_loop:492 - 主循環執行時間過長: 37.6ms
2025-07-21 10:02:17 [WARNING] GripperOptimized:fast_loop:492 - 主循環執行時間過長: 33.4ms
2025-07-21 10:02:18 [WARNING] GripperOptimized:fast_loop:492 - 主循環執行時間過長: 34.2ms
2025-07-21 10:02:20 [WARNING] GripperOptimized:fast_loop:492 - 主循環執行時間過長: 37.6ms
2025-07-21 10:02:21 [WARNING] GripperOptimized:fast_loop:492 - 主循環執行時間過長: 30.9ms
2025-07-21 10:02:29 [WARNING] GripperOptimized:fast_loop:492 - 主循環執行時間過長: 36.5ms
2025-07-21 10:02:31 [WARNING] GripperOptimized:fast_loop:492 - 主循環執行時間過長: 35.5ms
2025-07-21 10:02:32 [INFO] GripperOptimized:fast_loop:484 - 性能統計: 循環=13000, 平均耗時=13.8ms, 最大耗時=64.9ms, 指令數=18
2025-07-21 10:02:34 [WARNING] GripperOptimized:fast_loop:492 - 主循環執行時間過長: 35.2ms
2025-07-21 10:02:39 [WARNING] GripperOptimized:fast_loop:492 - 主循環執行時間過長: 32.9ms
2025-07-21 10:02:41 [WARNING] GripperOptimized:fast_loop:492 - 主循環執行時間過長: 34.6ms
2025-07-21 10:02:42 [WARNING] GripperOptimized:fast_loop:492 - 主循環執行時間過長: 33.7ms
2025-07-21 10:02:43 [WARNING] GripperOptimized:fast_loop:492 - 主循環執行時間過長: 35.5ms
2025-07-21 10:02:45 [WARNING] GripperOptimized:fast_loop:492 - 主循環執行時間過長: 31.3ms
2025-07-21 10:02:46 [WARNING] GripperOptimized:fast_loop:492 - 主循環執行時間過長: 37.1ms
2025-07-21 10:02:48 [WARNING] GripperOptimized:fast_loop:492 - 主循環執行時間過長: 37.6ms
2025-07-21 10:02:49 [WARNING] GripperOptimized:fast_loop:492 - 主循環執行時間過長: 38.1ms
2025-07-21 10:02:50 [WARNING] GripperOptimized:fast_loop:492 - 主循環執行時間過長: 30.6ms
2025-07-21 10:02:53 [INFO] GripperOptimized:fast_loop:484 - 性能統計: 循環=14000, 平均耗時=14.2ms, 最大耗時=64.9ms, 指令數=18
2025-07-21 10:02:54 [WARNING] GripperOptimized:fast_loop:492 - 主循環執行時間過長: 31.3ms
2025-07-21 10:02:56 [WARNING] GripperOptimized:fast_loop:492 - 主循環執行時間過長: 33.7ms
2025-07-21 10:02:59 [WARNING] GripperOptimized:fast_loop:492 - 主循環執行時間過長: 37.0ms
2025-07-21 10:03:03 [WARNING] GripperOptimized:fast_loop:492 - 主循環執行時間過長: 37.6ms
2025-07-21 10:03:04 [WARNING] GripperOptimized:fast_loop:492 - 主循環執行時間過長: 32.0ms
2025-07-21 10:03:06 [WARNING] GripperOptimized:fast_loop:492 - 主循環執行時間過長: 36.6ms
2025-07-21 10:03:07 [WARNING] GripperOptimized:fast_loop:492 - 主循環執行時間過長: 35.6ms
2025-07-21 10:03:08 [WARNING] GripperOptimized:fast_loop:492 - 主循環執行時間過長: 36.1ms
2025-07-21 10:03:12 [WARNING] GripperOptimized:fast_loop:492 - 主循環執行時間過長: 34.8ms
2025-07-21 10:03:13 [WARNING] GripperOptimized:fast_loop:492 - 主循環執行時間過長: 36.6ms
2025-07-21 10:03:14 [INFO] GripperOptimized:fast_loop:484 - 性能統計: 循環=15000, 平均耗時=12.9ms, 最大耗時=64.9ms, 指令數=18
2025-07-21 10:03:14 [WARNING] GripperOptimized:fast_loop:492 - 主循環執行時間過長: 32.1ms
2025-07-21 10:03:15 [WARNING] GripperOptimized:fast_loop:492 - 主循環執行時間過長: 37.4ms
2025-07-21 10:03:16 [WARNING] GripperOptimized:fast_loop:492 - 主循環執行時間過長: 36.7ms
2025-07-21 10:03:18 [WARNING] GripperOptimized:fast_loop:492 - 主循環執行時間過長: 37.6ms
2025-07-21 10:03:21 [WARNING] GripperOptimized:fast_loop:492 - 主循環執行時間過長: 34.7ms
2025-07-21 10:03:22 [WARNING] GripperOptimized:fast_loop:492 - 主循環執行時間過長: 35.0ms
2025-07-21 10:03:23 [WARNING] GripperOptimized:fast_loop:492 - 主循環執行時間過長: 33.3ms
2025-07-21 10:03:24 [WARNING] GripperOptimized:fast_loop:492 - 主循環執行時間過長: 36.3ms
2025-07-21 10:03:26 [WARNING] GripperOptimized:fast_loop:492 - 主循環執行時間過長: 38.1ms
2025-07-21 10:03:27 [WARNING] GripperOptimized:fast_loop:492 - 主循環執行時間過長: 33.8ms
2025-07-21 10:03:28 [WARNING] GripperOptimized:fast_loop:492 - 主循環執行時間過長: 34.2ms
2025-07-21 10:03:29 [WARNING] GripperOptimized:fast_loop:492 - 主循環執行時間過長: 36.6ms
2025-07-21 10:03:31 [WARNING] GripperOptimized:fast_loop:492 - 主循環執行時間過長: 31.1ms
2025-07-21 10:03:32 [WARNING] GripperOptimized:fast_loop:492 - 主循環執行時間過長: 36.6ms
2025-07-21 10:03:33 [WARNING] GripperOptimized:fast_loop:492 - 主循環執行時間過長: 36.8ms
2025-07-21 10:03:34 [WARNING] GripperOptimized:fast_loop:492 - 主循環執行時間過長: 35.7ms
2025-07-21 10:03:35 [INFO] GripperOptimized:fast_loop:484 - 性能統計: 循環=16000, 平均耗時=13.0ms, 最大耗時=64.9ms, 指令數=18
2025-07-21 10:03:35 [WARNING] GripperOptimized:fast_loop:492 - 主循環執行時間過長: 33.7ms
2025-07-21 10:03:36 [WARNING] GripperOptimized:fast_loop:492 - 主循環執行時間過長: 37.2ms
2025-07-21 10:03:37 [WARNING] GripperOptimized:fast_loop:492 - 主循環執行時間過長: 31.3ms
2025-07-21 10:03:39 [WARNING] GripperOptimized:fast_loop:492 - 主循環執行時間過長: 32.8ms
2025-07-21 10:03:40 [WARNING] GripperOptimized:fast_loop:492 - 主循環執行時間過長: 38.4ms
2025-07-21 10:03:41 [WARNING] GripperOptimized:fast_loop:492 - 主循環執行時間過長: 34.1ms
2025-07-21 10:03:44 [WARNING] GripperOptimized:fast_loop:492 - 主循環執行時間過長: 36.1ms
2025-07-21 10:03:49 [WARNING] GripperOptimized:fast_loop:492 - 主循環執行時間過長: 37.8ms
2025-07-21 10:03:51 [WARNING] GripperOptimized:fast_loop:492 - 主循環執行時間過長: 31.4ms
2025-07-21 10:03:53 [WARNING] GripperOptimized:fast_loop:492 - 主循環執行時間過長: 37.1ms
2025-07-21 10:03:55 [WARNING] GripperOptimized:fast_loop:492 - 主循環執行時間過長: 37.1ms
2025-07-21 10:03:56 [INFO] GripperOptimized:fast_loop:484 - 性能統計: 循環=17000, 平均耗時=13.8ms, 最大耗時=64.9ms, 指令數=18
2025-07-21 10:03:57 [WARNING] GripperOptimized:fast_loop:492 - 主循環執行時間過長: 31.6ms
2025-07-21 10:03:59 [WARNING] GripperOptimized:fast_loop:492 - 主循環執行時間過長: 37.7ms
2025-07-21 10:04:01 [WARNING] GripperOptimized:fast_loop:492 - 主循環執行時間過長: 36.5ms
2025-07-21 10:04:02 [WARNING] GripperOptimized:fast_loop:492 - 主循環執行時間過長: 35.5ms
2025-07-21 10:04:03 [WARNING] GripperOptimized:fast_loop:492 - 主循環執行時間過長: 33.6ms
