2025-07-24 20:14:40 [DEBUG] AutoFeeding:trigger_ccd1_detection:553 - 發送檢測指令前 - 201狀態: 9
2025-07-24 20:14:40 [DEBUG] AutoFeeding:trigger_ccd1_detection:561 - 已發送控制指令16到寄存器200
2025-07-24 20:14:41 [DEBUG] AutoFeeding:trigger_ccd1_detection:580 - CCD1檢測完成標誌確認
2025-07-24 20:14:41 [INFO] AutoFeeding:feeding_cycle:741 - 週期934 檢測結果: DR_F=14, 總數=28
2025-07-24 20:14:41 [INFO] AutoFeeding:feeding_cycle:768 - 找到保護區內DR_F: (-95.52, 262.6)
2025-07-24 20:14:41 [INFO] AutoFeeding:set_dr_f_available:720 - DR_F已就緒: (-95.52, 262.6), Flow1可直接讀取座標
2025-07-24 20:14:42 [DEBUG] AutoFeeding:trigger_ccd1_detection:553 - 發送檢測指令前 - 201狀態: 9
2025-07-24 20:14:42 [DEBUG] AutoFeeding:trigger_ccd1_detection:561 - 已發送控制指令16到寄存器200
2025-07-24 20:14:43 [DEBUG] AutoFeeding:trigger_ccd1_detection:580 - CCD1檢測完成標誌確認
2025-07-24 20:14:43 [INFO] AutoFeeding:feeding_cycle:741 - 週期935 檢測結果: DR_F=14, 總數=28
2025-07-24 20:14:43 [INFO] AutoFeeding:feeding_cycle:768 - 找到保護區內DR_F: (-95.51, 262.6)
2025-07-24 20:14:43 [INFO] AutoFeeding:set_dr_f_available:720 - DR_F已就緒: (-95.51, 262.6), Flow1可直接讀取座標
2025-07-24 20:14:44 [DEBUG] AutoFeeding:trigger_ccd1_detection:553 - 發送檢測指令前 - 201狀態: 9
2025-07-24 20:14:44 [DEBUG] AutoFeeding:trigger_ccd1_detection:561 - 已發送控制指令16到寄存器200
2025-07-24 20:14:45 [DEBUG] AutoFeeding:trigger_ccd1_detection:580 - CCD1檢測完成標誌確認
2025-07-24 20:14:45 [INFO] AutoFeeding:feeding_cycle:741 - 週期936 檢測結果: DR_F=14, 總數=28
2025-07-24 20:14:45 [INFO] AutoFeeding:feeding_cycle:768 - 找到保護區內DR_F: (-95.51, 262.6)
2025-07-24 20:14:45 [INFO] AutoFeeding:set_dr_f_available:720 - DR_F已就緒: (-95.51, 262.6), Flow1可直接讀取座標
2025-07-24 20:14:46 [DEBUG] AutoFeeding:trigger_ccd1_detection:553 - 發送檢測指令前 - 201狀態: 9
2025-07-24 20:14:46 [DEBUG] AutoFeeding:trigger_ccd1_detection:561 - 已發送控制指令16到寄存器200
2025-07-24 20:14:47 [DEBUG] AutoFeeding:trigger_ccd1_detection:580 - CCD1檢測完成標誌確認
2025-07-24 20:14:47 [INFO] AutoFeeding:feeding_cycle:741 - 週期937 檢測結果: DR_F=14, 總數=28
2025-07-24 20:14:47 [INFO] AutoFeeding:feeding_cycle:768 - 找到保護區內DR_F: (-95.52, 262.6)
2025-07-24 20:14:47 [INFO] AutoFeeding:set_dr_f_available:720 - DR_F已就緒: (-95.52, 262.6), Flow1可直接讀取座標
2025-07-24 20:14:48 [DEBUG] AutoFeeding:trigger_ccd1_detection:553 - 發送檢測指令前 - 201狀態: 9
2025-07-24 20:14:48 [DEBUG] AutoFeeding:trigger_ccd1_detection:561 - 已發送控制指令16到寄存器200
2025-07-24 20:14:49 [DEBUG] AutoFeeding:trigger_ccd1_detection:580 - CCD1檢測完成標誌確認
2025-07-24 20:14:49 [INFO] AutoFeeding:feeding_cycle:741 - 週期938 檢測結果: DR_F=14, 總數=28
2025-07-24 20:14:49 [INFO] AutoFeeding:feeding_cycle:768 - 找到保護區內DR_F: (-95.52, 262.6)
2025-07-24 20:14:49 [INFO] AutoFeeding:set_dr_f_available:720 - DR_F已就緒: (-95.52, 262.6), Flow1可直接讀取座標
2025-07-24 20:14:50 [DEBUG] AutoFeeding:trigger_ccd1_detection:553 - 發送檢測指令前 - 201狀態: 9
2025-07-24 20:14:50 [DEBUG] AutoFeeding:trigger_ccd1_detection:561 - 已發送控制指令16到寄存器200
2025-07-24 20:14:51 [DEBUG] AutoFeeding:trigger_ccd1_detection:580 - CCD1檢測完成標誌確認
2025-07-24 20:14:51 [INFO] AutoFeeding:feeding_cycle:741 - 週期939 檢測結果: DR_F=14, 總數=28
2025-07-24 20:14:51 [INFO] AutoFeeding:feeding_cycle:768 - 找到保護區內DR_F: (-95.52, 262.6)
2025-07-24 20:14:51 [INFO] AutoFeeding:set_dr_f_available:720 - DR_F已就緒: (-95.52, 262.6), Flow1可直接讀取座標
2025-07-24 20:14:52 [DEBUG] AutoFeeding:trigger_ccd1_detection:553 - 發送檢測指令前 - 201狀態: 9
2025-07-24 20:14:52 [DEBUG] AutoFeeding:trigger_ccd1_detection:561 - 已發送控制指令16到寄存器200
2025-07-24 20:14:53 [DEBUG] AutoFeeding:trigger_ccd1_detection:580 - CCD1檢測完成標誌確認
2025-07-24 20:14:53 [INFO] AutoFeeding:feeding_cycle:741 - 週期940 檢測結果: DR_F=14, 總數=28
2025-07-24 20:14:53 [INFO] AutoFeeding:feeding_cycle:768 - 找到保護區內DR_F: (-95.52, 262.6)
2025-07-24 20:14:53 [INFO] AutoFeeding:set_dr_f_available:720 - DR_F已就緒: (-95.52, 262.6), Flow1可直接讀取座標
2025-07-24 20:14:54 [DEBUG] AutoFeeding:trigger_ccd1_detection:553 - 發送檢測指令前 - 201狀態: 9
2025-07-24 20:14:54 [DEBUG] AutoFeeding:trigger_ccd1_detection:561 - 已發送控制指令16到寄存器200
2025-07-24 20:14:55 [DEBUG] AutoFeeding:trigger_ccd1_detection:580 - CCD1檢測完成標誌確認
2025-07-24 20:14:55 [INFO] AutoFeeding:feeding_cycle:741 - 週期941 檢測結果: DR_F=14, 總數=28
2025-07-24 20:14:55 [INFO] AutoFeeding:feeding_cycle:768 - 找到保護區內DR_F: (-95.52, 262.6)
2025-07-24 20:14:55 [INFO] AutoFeeding:set_dr_f_available:720 - DR_F已就緒: (-95.52, 262.6), Flow1可直接讀取座標
2025-07-24 20:14:56 [DEBUG] AutoFeeding:trigger_ccd1_detection:553 - 發送檢測指令前 - 201狀態: 9
2025-07-24 20:14:56 [DEBUG] AutoFeeding:trigger_ccd1_detection:561 - 已發送控制指令16到寄存器200
2025-07-24 20:14:57 [DEBUG] AutoFeeding:trigger_ccd1_detection:580 - CCD1檢測完成標誌確認
2025-07-24 20:14:57 [INFO] AutoFeeding:feeding_cycle:741 - 週期942 檢測結果: DR_F=14, 總數=28
2025-07-24 20:14:57 [INFO] AutoFeeding:feeding_cycle:768 - 找到保護區內DR_F: (-95.51, 262.6)
2025-07-24 20:14:57 [INFO] AutoFeeding:set_dr_f_available:720 - DR_F已就緒: (-95.51, 262.6), Flow1可直接讀取座標
2025-07-24 20:14:58 [DEBUG] AutoFeeding:trigger_ccd1_detection:553 - 發送檢測指令前 - 201狀態: 9
2025-07-24 20:14:58 [DEBUG] AutoFeeding:trigger_ccd1_detection:561 - 已發送控制指令16到寄存器200
2025-07-24 20:14:59 [DEBUG] AutoFeeding:trigger_ccd1_detection:580 - CCD1檢測完成標誌確認
2025-07-24 20:14:59 [INFO] AutoFeeding:feeding_cycle:741 - 週期943 檢測結果: DR_F=14, 總數=28
2025-07-24 20:14:59 [INFO] AutoFeeding:feeding_cycle:768 - 找到保護區內DR_F: (-95.51, 262.6)
2025-07-24 20:14:59 [INFO] AutoFeeding:set_dr_f_available:720 - DR_F已就緒: (-95.51, 262.6), Flow1可直接讀取座標
2025-07-24 20:15:00 [DEBUG] AutoFeeding:trigger_ccd1_detection:553 - 發送檢測指令前 - 201狀態: 9
2025-07-24 20:15:00 [DEBUG] AutoFeeding:trigger_ccd1_detection:561 - 已發送控制指令16到寄存器200
2025-07-24 20:15:01 [DEBUG] AutoFeeding:trigger_ccd1_detection:580 - CCD1檢測完成標誌確認
2025-07-24 20:15:01 [INFO] AutoFeeding:feeding_cycle:741 - 週期944 檢測結果: DR_F=14, 總數=28
2025-07-24 20:15:01 [INFO] AutoFeeding:feeding_cycle:768 - 找到保護區內DR_F: (-95.52, 262.6)
2025-07-24 20:15:01 [INFO] AutoFeeding:set_dr_f_available:720 - DR_F已就緒: (-95.52, 262.6), Flow1可直接讀取座標
2025-07-24 20:15:02 [DEBUG] AutoFeeding:trigger_ccd1_detection:553 - 發送檢測指令前 - 201狀態: 9
2025-07-24 20:15:02 [DEBUG] AutoFeeding:trigger_ccd1_detection:561 - 已發送控制指令16到寄存器200
2025-07-24 20:15:03 [DEBUG] AutoFeeding:trigger_ccd1_detection:580 - CCD1檢測完成標誌確認
2025-07-24 20:15:03 [INFO] AutoFeeding:feeding_cycle:741 - 週期945 檢測結果: DR_F=14, 總數=28
2025-07-24 20:15:03 [INFO] AutoFeeding:feeding_cycle:768 - 找到保護區內DR_F: (-95.52, 262.6)
2025-07-24 20:15:03 [INFO] AutoFeeding:set_dr_f_available:720 - DR_F已就緒: (-95.52, 262.6), Flow1可直接讀取座標
2025-07-24 20:15:04 [DEBUG] AutoFeeding:trigger_ccd1_detection:553 - 發送檢測指令前 - 201狀態: 9
2025-07-24 20:15:04 [DEBUG] AutoFeeding:trigger_ccd1_detection:561 - 已發送控制指令16到寄存器200
2025-07-24 20:15:05 [DEBUG] AutoFeeding:trigger_ccd1_detection:580 - CCD1檢測完成標誌確認
2025-07-24 20:15:05 [INFO] AutoFeeding:feeding_cycle:741 - 週期946 檢測結果: DR_F=14, 總數=28
2025-07-24 20:15:05 [INFO] AutoFeeding:feeding_cycle:768 - 找到保護區內DR_F: (-95.52, 262.6)
2025-07-24 20:15:05 [INFO] AutoFeeding:set_dr_f_available:720 - DR_F已就緒: (-95.52, 262.6), Flow1可直接讀取座標
2025-07-24 20:15:06 [DEBUG] AutoFeeding:trigger_ccd1_detection:553 - 發送檢測指令前 - 201狀態: 9
2025-07-24 20:15:06 [DEBUG] AutoFeeding:trigger_ccd1_detection:561 - 已發送控制指令16到寄存器200
2025-07-24 20:15:07 [DEBUG] AutoFeeding:trigger_ccd1_detection:580 - CCD1檢測完成標誌確認
2025-07-24 20:15:07 [INFO] AutoFeeding:feeding_cycle:741 - 週期947 檢測結果: DR_F=14, 總數=28
2025-07-24 20:15:07 [INFO] AutoFeeding:feeding_cycle:768 - 找到保護區內DR_F: (-95.52, 262.6)
2025-07-24 20:15:07 [INFO] AutoFeeding:set_dr_f_available:720 - DR_F已就緒: (-95.52, 262.6), Flow1可直接讀取座標
2025-07-24 20:15:08 [DEBUG] AutoFeeding:trigger_ccd1_detection:553 - 發送檢測指令前 - 201狀態: 9
2025-07-24 20:15:08 [DEBUG] AutoFeeding:trigger_ccd1_detection:561 - 已發送控制指令16到寄存器200
2025-07-24 20:15:09 [DEBUG] AutoFeeding:trigger_ccd1_detection:580 - CCD1檢測完成標誌確認
2025-07-24 20:15:09 [INFO] AutoFeeding:feeding_cycle:741 - 週期948 檢測結果: DR_F=14, 總數=28
2025-07-24 20:15:09 [INFO] AutoFeeding:feeding_cycle:768 - 找到保護區內DR_F: (-95.53, 262.6)
2025-07-24 20:15:09 [INFO] AutoFeeding:set_dr_f_available:720 - DR_F已就緒: (-95.53, 262.6), Flow1可直接讀取座標
2025-07-24 20:15:10 [DEBUG] AutoFeeding:trigger_ccd1_detection:553 - 發送檢測指令前 - 201狀態: 9
2025-07-24 20:15:10 [DEBUG] AutoFeeding:trigger_ccd1_detection:561 - 已發送控制指令16到寄存器200
2025-07-24 20:15:11 [DEBUG] AutoFeeding:trigger_ccd1_detection:580 - CCD1檢測完成標誌確認
2025-07-24 20:15:11 [INFO] AutoFeeding:feeding_cycle:741 - 週期949 檢測結果: DR_F=14, 總數=28
2025-07-24 20:15:11 [INFO] AutoFeeding:feeding_cycle:768 - 找到保護區內DR_F: (-95.52, 262.6)
2025-07-24 20:15:11 [INFO] AutoFeeding:set_dr_f_available:720 - DR_F已就緒: (-95.52, 262.6), Flow1可直接讀取座標
2025-07-24 20:15:12 [DEBUG] AutoFeeding:trigger_ccd1_detection:553 - 發送檢測指令前 - 201狀態: 9
2025-07-24 20:15:12 [DEBUG] AutoFeeding:trigger_ccd1_detection:561 - 已發送控制指令16到寄存器200
2025-07-24 20:15:13 [DEBUG] AutoFeeding:trigger_ccd1_detection:580 - CCD1檢測完成標誌確認
2025-07-24 20:15:13 [INFO] AutoFeeding:feeding_cycle:741 - 週期950 檢測結果: DR_F=14, 總數=28
2025-07-24 20:15:13 [INFO] AutoFeeding:feeding_cycle:768 - 找到保護區內DR_F: (-95.52, 262.6)
2025-07-24 20:15:13 [INFO] AutoFeeding:set_dr_f_available:720 - DR_F已就緒: (-95.52, 262.6), Flow1可直接讀取座標
2025-07-24 20:15:14 [DEBUG] AutoFeeding:trigger_ccd1_detection:553 - 發送檢測指令前 - 201狀態: 9
2025-07-24 20:15:14 [DEBUG] AutoFeeding:trigger_ccd1_detection:561 - 已發送控制指令16到寄存器200
2025-07-24 20:15:15 [DEBUG] AutoFeeding:trigger_ccd1_detection:580 - CCD1檢測完成標誌確認
2025-07-24 20:15:15 [INFO] AutoFeeding:feeding_cycle:741 - 週期951 檢測結果: DR_F=14, 總數=28
2025-07-24 20:15:15 [INFO] AutoFeeding:feeding_cycle:768 - 找到保護區內DR_F: (-95.52, 262.6)
2025-07-24 20:15:15 [INFO] AutoFeeding:set_dr_f_available:720 - DR_F已就緒: (-95.52, 262.6), Flow1可直接讀取座標
2025-07-24 20:15:16 [DEBUG] AutoFeeding:trigger_ccd1_detection:553 - 發送檢測指令前 - 201狀態: 9
2025-07-24 20:15:16 [DEBUG] AutoFeeding:trigger_ccd1_detection:561 - 已發送控制指令16到寄存器200
2025-07-24 20:15:18 [DEBUG] AutoFeeding:trigger_ccd1_detection:580 - CCD1檢測完成標誌確認
2025-07-24 20:15:18 [INFO] AutoFeeding:feeding_cycle:741 - 週期952 檢測結果: DR_F=14, 總數=28
2025-07-24 20:15:18 [INFO] AutoFeeding:feeding_cycle:768 - 找到保護區內DR_F: (-95.52, 262.6)
2025-07-24 20:15:18 [INFO] AutoFeeding:set_dr_f_available:720 - DR_F已就緒: (-95.52, 262.6), Flow1可直接讀取座標
2025-07-24 20:15:19 [DEBUG] AutoFeeding:trigger_ccd1_detection:553 - 發送檢測指令前 - 201狀態: 9
2025-07-24 20:15:19 [DEBUG] AutoFeeding:trigger_ccd1_detection:561 - 已發送控制指令16到寄存器200
2025-07-24 20:15:20 [DEBUG] AutoFeeding:trigger_ccd1_detection:580 - CCD1檢測完成標誌確認
2025-07-24 20:15:20 [INFO] AutoFeeding:feeding_cycle:741 - 週期953 檢測結果: DR_F=14, 總數=28
2025-07-24 20:15:20 [INFO] AutoFeeding:feeding_cycle:768 - 找到保護區內DR_F: (-95.52, 262.6)
2025-07-24 20:15:20 [INFO] AutoFeeding:set_dr_f_available:720 - DR_F已就緒: (-95.52, 262.6), Flow1可直接讀取座標
2025-07-24 20:15:21 [DEBUG] AutoFeeding:trigger_ccd1_detection:553 - 發送檢測指令前 - 201狀態: 9
2025-07-24 20:15:21 [DEBUG] AutoFeeding:trigger_ccd1_detection:561 - 已發送控制指令16到寄存器200
2025-07-24 20:15:22 [DEBUG] AutoFeeding:trigger_ccd1_detection:580 - CCD1檢測完成標誌確認
2025-07-24 20:15:22 [INFO] AutoFeeding:feeding_cycle:741 - 週期954 檢測結果: DR_F=14, 總數=28
2025-07-24 20:15:22 [INFO] AutoFeeding:feeding_cycle:768 - 找到保護區內DR_F: (-95.52, 262.6)
2025-07-24 20:15:22 [INFO] AutoFeeding:set_dr_f_available:720 - DR_F已就緒: (-95.52, 262.6), Flow1可直接讀取座標
2025-07-24 20:15:23 [DEBUG] AutoFeeding:trigger_ccd1_detection:553 - 發送檢測指令前 - 201狀態: 9
2025-07-24 20:15:23 [DEBUG] AutoFeeding:trigger_ccd1_detection:561 - 已發送控制指令16到寄存器200
2025-07-24 20:15:24 [DEBUG] AutoFeeding:trigger_ccd1_detection:580 - CCD1檢測完成標誌確認
2025-07-24 20:15:24 [INFO] AutoFeeding:feeding_cycle:741 - 週期955 檢測結果: DR_F=14, 總數=28
2025-07-24 20:15:24 [INFO] AutoFeeding:feeding_cycle:768 - 找到保護區內DR_F: (-95.52, 262.6)
2025-07-24 20:15:24 [INFO] AutoFeeding:set_dr_f_available:720 - DR_F已就緒: (-95.52, 262.6), Flow1可直接讀取座標
2025-07-24 20:15:25 [DEBUG] AutoFeeding:trigger_ccd1_detection:553 - 發送檢測指令前 - 201狀態: 9
2025-07-24 20:15:25 [DEBUG] AutoFeeding:trigger_ccd1_detection:561 - 已發送控制指令16到寄存器200
2025-07-24 20:15:26 [DEBUG] AutoFeeding:trigger_ccd1_detection:580 - CCD1檢測完成標誌確認
2025-07-24 20:15:26 [INFO] AutoFeeding:feeding_cycle:741 - 週期956 檢測結果: DR_F=14, 總數=28
2025-07-24 20:15:26 [INFO] AutoFeeding:feeding_cycle:768 - 找到保護區內DR_F: (-95.52, 262.6)
2025-07-24 20:15:26 [INFO] AutoFeeding:set_dr_f_available:720 - DR_F已就緒: (-95.52, 262.6), Flow1可直接讀取座標
2025-07-24 20:15:27 [DEBUG] AutoFeeding:trigger_ccd1_detection:553 - 發送檢測指令前 - 201狀態: 9
2025-07-24 20:15:27 [DEBUG] AutoFeeding:trigger_ccd1_detection:561 - 已發送控制指令16到寄存器200
2025-07-24 20:15:28 [DEBUG] AutoFeeding:trigger_ccd1_detection:580 - CCD1檢測完成標誌確認
2025-07-24 20:15:28 [INFO] AutoFeeding:feeding_cycle:741 - 週期957 檢測結果: DR_F=14, 總數=28
2025-07-24 20:15:28 [INFO] AutoFeeding:feeding_cycle:768 - 找到保護區內DR_F: (-95.51, 262.6)
2025-07-24 20:15:28 [INFO] AutoFeeding:set_dr_f_available:720 - DR_F已就緒: (-95.51, 262.6), Flow1可直接讀取座標
2025-07-24 20:15:29 [DEBUG] AutoFeeding:trigger_ccd1_detection:553 - 發送檢測指令前 - 201狀態: 9
2025-07-24 20:15:29 [DEBUG] AutoFeeding:trigger_ccd1_detection:561 - 已發送控制指令16到寄存器200
2025-07-24 20:15:30 [DEBUG] AutoFeeding:trigger_ccd1_detection:580 - CCD1檢測完成標誌確認
2025-07-24 20:15:30 [INFO] AutoFeeding:feeding_cycle:741 - 週期958 檢測結果: DR_F=14, 總數=28
2025-07-24 20:15:30 [INFO] AutoFeeding:feeding_cycle:768 - 找到保護區內DR_F: (-95.52, 262.6)
2025-07-24 20:15:30 [INFO] AutoFeeding:set_dr_f_available:720 - DR_F已就緒: (-95.52, 262.6), Flow1可直接讀取座標
2025-07-24 20:15:31 [DEBUG] AutoFeeding:trigger_ccd1_detection:553 - 發送檢測指令前 - 201狀態: 9
2025-07-24 20:15:31 [DEBUG] AutoFeeding:trigger_ccd1_detection:561 - 已發送控制指令16到寄存器200
2025-07-24 20:15:32 [DEBUG] AutoFeeding:trigger_ccd1_detection:580 - CCD1檢測完成標誌確認
2025-07-24 20:15:32 [INFO] AutoFeeding:feeding_cycle:741 - 週期959 檢測結果: DR_F=14, 總數=28
2025-07-24 20:15:32 [INFO] AutoFeeding:feeding_cycle:768 - 找到保護區內DR_F: (-95.52, 262.6)
2025-07-24 20:15:32 [INFO] AutoFeeding:set_dr_f_available:720 - DR_F已就緒: (-95.52, 262.6), Flow1可直接讀取座標
2025-07-24 20:15:33 [DEBUG] AutoFeeding:trigger_ccd1_detection:553 - 發送檢測指令前 - 201狀態: 9
2025-07-24 20:15:33 [DEBUG] AutoFeeding:trigger_ccd1_detection:561 - 已發送控制指令16到寄存器200
2025-07-24 20:15:34 [DEBUG] AutoFeeding:trigger_ccd1_detection:580 - CCD1檢測完成標誌確認
2025-07-24 20:15:34 [INFO] AutoFeeding:feeding_cycle:741 - 週期960 檢測結果: DR_F=14, 總數=28
2025-07-24 20:15:34 [INFO] AutoFeeding:feeding_cycle:768 - 找到保護區內DR_F: (-95.52, 262.6)
2025-07-24 20:15:34 [INFO] AutoFeeding:set_dr_f_available:720 - DR_F已就緒: (-95.52, 262.6), Flow1可直接讀取座標
2025-07-24 20:15:35 [DEBUG] AutoFeeding:trigger_ccd1_detection:553 - 發送檢測指令前 - 201狀態: 9
2025-07-24 20:15:35 [DEBUG] AutoFeeding:trigger_ccd1_detection:561 - 已發送控制指令16到寄存器200
2025-07-24 20:15:36 [DEBUG] AutoFeeding:trigger_ccd1_detection:580 - CCD1檢測完成標誌確認
2025-07-24 20:15:36 [INFO] AutoFeeding:feeding_cycle:741 - 週期961 檢測結果: DR_F=14, 總數=28
2025-07-24 20:15:36 [INFO] AutoFeeding:feeding_cycle:768 - 找到保護區內DR_F: (-95.52, 262.6)
2025-07-24 20:15:36 [INFO] AutoFeeding:set_dr_f_available:720 - DR_F已就緒: (-95.52, 262.6), Flow1可直接讀取座標
2025-07-24 20:15:37 [DEBUG] AutoFeeding:trigger_ccd1_detection:553 - 發送檢測指令前 - 201狀態: 9
2025-07-24 20:15:37 [DEBUG] AutoFeeding:trigger_ccd1_detection:561 - 已發送控制指令16到寄存器200
2025-07-24 20:15:38 [DEBUG] AutoFeeding:trigger_ccd1_detection:580 - CCD1檢測完成標誌確認
2025-07-24 20:15:38 [INFO] AutoFeeding:feeding_cycle:741 - 週期962 檢測結果: DR_F=14, 總數=28
2025-07-24 20:15:38 [INFO] AutoFeeding:feeding_cycle:768 - 找到保護區內DR_F: (-95.52, 262.6)
2025-07-24 20:15:38 [INFO] AutoFeeding:set_dr_f_available:720 - DR_F已就緒: (-95.52, 262.6), Flow1可直接讀取座標
2025-07-24 20:15:39 [DEBUG] AutoFeeding:trigger_ccd1_detection:553 - 發送檢測指令前 - 201狀態: 9
2025-07-24 20:15:39 [DEBUG] AutoFeeding:trigger_ccd1_detection:561 - 已發送控制指令16到寄存器200
2025-07-24 20:15:40 [DEBUG] AutoFeeding:trigger_ccd1_detection:580 - CCD1檢測完成標誌確認
2025-07-24 20:15:40 [INFO] AutoFeeding:feeding_cycle:741 - 週期963 檢測結果: DR_F=14, 總數=28
2025-07-24 20:15:40 [INFO] AutoFeeding:feeding_cycle:768 - 找到保護區內DR_F: (-95.52, 262.6)
2025-07-24 20:15:40 [INFO] AutoFeeding:set_dr_f_available:720 - DR_F已就緒: (-95.52, 262.6), Flow1可直接讀取座標
2025-07-24 20:15:41 [DEBUG] AutoFeeding:trigger_ccd1_detection:553 - 發送檢測指令前 - 201狀態: 9
2025-07-24 20:15:41 [DEBUG] AutoFeeding:trigger_ccd1_detection:561 - 已發送控制指令16到寄存器200
2025-07-24 20:15:42 [DEBUG] AutoFeeding:trigger_ccd1_detection:580 - CCD1檢測完成標誌確認
2025-07-24 20:15:42 [INFO] AutoFeeding:feeding_cycle:741 - 週期964 檢測結果: DR_F=14, 總數=28
2025-07-24 20:15:42 [INFO] AutoFeeding:feeding_cycle:768 - 找到保護區內DR_F: (-95.52, 262.6)
2025-07-24 20:15:42 [INFO] AutoFeeding:set_dr_f_available:720 - DR_F已就緒: (-95.52, 262.6), Flow1可直接讀取座標
2025-07-24 20:15:43 [DEBUG] AutoFeeding:trigger_ccd1_detection:553 - 發送檢測指令前 - 201狀態: 9
2025-07-24 20:15:43 [DEBUG] AutoFeeding:trigger_ccd1_detection:561 - 已發送控制指令16到寄存器200
2025-07-24 20:15:44 [DEBUG] AutoFeeding:trigger_ccd1_detection:580 - CCD1檢測完成標誌確認
2025-07-24 20:15:44 [INFO] AutoFeeding:feeding_cycle:741 - 週期965 檢測結果: DR_F=14, 總數=28
2025-07-24 20:15:44 [INFO] AutoFeeding:feeding_cycle:768 - 找到保護區內DR_F: (-95.51, 262.6)
2025-07-24 20:15:44 [INFO] AutoFeeding:set_dr_f_available:720 - DR_F已就緒: (-95.51, 262.6), Flow1可直接讀取座標
2025-07-24 20:15:45 [DEBUG] AutoFeeding:trigger_ccd1_detection:553 - 發送檢測指令前 - 201狀態: 9
2025-07-24 20:15:45 [DEBUG] AutoFeeding:trigger_ccd1_detection:561 - 已發送控制指令16到寄存器200
2025-07-24 20:15:46 [DEBUG] AutoFeeding:trigger_ccd1_detection:580 - CCD1檢測完成標誌確認
2025-07-24 20:15:46 [INFO] AutoFeeding:feeding_cycle:741 - 週期966 檢測結果: DR_F=14, 總數=28
2025-07-24 20:15:46 [INFO] AutoFeeding:feeding_cycle:768 - 找到保護區內DR_F: (-95.51, 262.59)
2025-07-24 20:15:46 [INFO] AutoFeeding:set_dr_f_available:720 - DR_F已就緒: (-95.51, 262.59), Flow1可直接讀取座標
2025-07-24 20:15:47 [DEBUG] AutoFeeding:trigger_ccd1_detection:553 - 發送檢測指令前 - 201狀態: 9
2025-07-24 20:15:47 [DEBUG] AutoFeeding:trigger_ccd1_detection:561 - 已發送控制指令16到寄存器200
2025-07-24 20:15:48 [DEBUG] AutoFeeding:trigger_ccd1_detection:580 - CCD1檢測完成標誌確認
2025-07-24 20:15:48 [INFO] AutoFeeding:feeding_cycle:741 - 週期967 檢測結果: DR_F=14, 總數=28
2025-07-24 20:15:48 [INFO] AutoFeeding:feeding_cycle:768 - 找到保護區內DR_F: (-95.52, 262.6)
2025-07-24 20:15:48 [INFO] AutoFeeding:set_dr_f_available:720 - DR_F已就緒: (-95.52, 262.6), Flow1可直接讀取座標
2025-07-24 20:15:49 [DEBUG] AutoFeeding:trigger_ccd1_detection:553 - 發送檢測指令前 - 201狀態: 9
2025-07-24 20:15:49 [DEBUG] AutoFeeding:trigger_ccd1_detection:561 - 已發送控制指令16到寄存器200
2025-07-24 20:15:50 [DEBUG] AutoFeeding:trigger_ccd1_detection:580 - CCD1檢測完成標誌確認
2025-07-24 20:15:50 [INFO] AutoFeeding:feeding_cycle:741 - 週期968 檢測結果: DR_F=14, 總數=28
2025-07-24 20:15:50 [INFO] AutoFeeding:feeding_cycle:768 - 找到保護區內DR_F: (-95.52, 262.6)
2025-07-24 20:15:50 [INFO] AutoFeeding:set_dr_f_available:720 - DR_F已就緒: (-95.52, 262.6), Flow1可直接讀取座標
2025-07-24 20:15:51 [DEBUG] AutoFeeding:trigger_ccd1_detection:553 - 發送檢測指令前 - 201狀態: 9
2025-07-24 20:15:51 [DEBUG] AutoFeeding:trigger_ccd1_detection:561 - 已發送控制指令16到寄存器200
2025-07-24 20:15:52 [DEBUG] AutoFeeding:trigger_ccd1_detection:580 - CCD1檢測完成標誌確認
2025-07-24 20:15:52 [INFO] AutoFeeding:feeding_cycle:741 - 週期969 檢測結果: DR_F=14, 總數=28
2025-07-24 20:15:52 [INFO] AutoFeeding:feeding_cycle:768 - 找到保護區內DR_F: (-95.52, 262.6)
2025-07-24 20:15:52 [INFO] AutoFeeding:set_dr_f_available:720 - DR_F已就緒: (-95.52, 262.6), Flow1可直接讀取座標
2025-07-24 20:15:53 [DEBUG] AutoFeeding:trigger_ccd1_detection:553 - 發送檢測指令前 - 201狀態: 9
2025-07-24 20:15:53 [DEBUG] AutoFeeding:trigger_ccd1_detection:561 - 已發送控制指令16到寄存器200
2025-07-24 20:15:54 [DEBUG] AutoFeeding:trigger_ccd1_detection:580 - CCD1檢測完成標誌確認
2025-07-24 20:15:54 [INFO] AutoFeeding:feeding_cycle:741 - 週期970 檢測結果: DR_F=14, 總數=28
2025-07-24 20:15:54 [INFO] AutoFeeding:feeding_cycle:768 - 找到保護區內DR_F: (-95.52, 262.6)
2025-07-24 20:15:54 [INFO] AutoFeeding:set_dr_f_available:720 - DR_F已就緒: (-95.52, 262.6), Flow1可直接讀取座標
2025-07-24 20:15:55 [DEBUG] AutoFeeding:trigger_ccd1_detection:553 - 發送檢測指令前 - 201狀態: 9
2025-07-24 20:15:55 [DEBUG] AutoFeeding:trigger_ccd1_detection:561 - 已發送控制指令16到寄存器200
2025-07-24 20:15:56 [DEBUG] AutoFeeding:trigger_ccd1_detection:580 - CCD1檢測完成標誌確認
2025-07-24 20:15:56 [INFO] AutoFeeding:feeding_cycle:741 - 週期971 檢測結果: DR_F=14, 總數=28
2025-07-24 20:15:56 [INFO] AutoFeeding:feeding_cycle:768 - 找到保護區內DR_F: (-95.52, 262.6)
2025-07-24 20:15:56 [INFO] AutoFeeding:set_dr_f_available:720 - DR_F已就緒: (-95.52, 262.6), Flow1可直接讀取座標
2025-07-24 20:15:57 [DEBUG] AutoFeeding:main_loop:880 - 主循環 1001: running=True, status=RUNNING, flow1_active=False, progress_blocking=False, dr_f_available=True
2025-07-24 20:15:57 [DEBUG] AutoFeeding:trigger_ccd1_detection:553 - 發送檢測指令前 - 201狀態: 9
2025-07-24 20:15:57 [DEBUG] AutoFeeding:trigger_ccd1_detection:561 - 已發送控制指令16到寄存器200
2025-07-24 20:15:58 [DEBUG] AutoFeeding:trigger_ccd1_detection:580 - CCD1檢測完成標誌確認
2025-07-24 20:15:58 [INFO] AutoFeeding:feeding_cycle:741 - 週期972 檢測結果: DR_F=14, 總數=28
2025-07-24 20:15:58 [INFO] AutoFeeding:feeding_cycle:768 - 找到保護區內DR_F: (-95.52, 262.6)
2025-07-24 20:15:58 [INFO] AutoFeeding:set_dr_f_available:720 - DR_F已就緒: (-95.52, 262.6), Flow1可直接讀取座標
2025-07-24 20:15:59 [DEBUG] AutoFeeding:trigger_ccd1_detection:553 - 發送檢測指令前 - 201狀態: 9
2025-07-24 20:15:59 [DEBUG] AutoFeeding:trigger_ccd1_detection:561 - 已發送控制指令16到寄存器200
2025-07-24 20:16:00 [DEBUG] AutoFeeding:trigger_ccd1_detection:580 - CCD1檢測完成標誌確認
2025-07-24 20:16:00 [INFO] AutoFeeding:feeding_cycle:741 - 週期973 檢測結果: DR_F=14, 總數=28
2025-07-24 20:16:00 [INFO] AutoFeeding:feeding_cycle:768 - 找到保護區內DR_F: (-95.52, 262.6)
2025-07-24 20:16:00 [INFO] AutoFeeding:set_dr_f_available:720 - DR_F已就緒: (-95.52, 262.6), Flow1可直接讀取座標
2025-07-24 20:16:01 [DEBUG] AutoFeeding:trigger_ccd1_detection:553 - 發送檢測指令前 - 201狀態: 9
2025-07-24 20:16:01 [DEBUG] AutoFeeding:trigger_ccd1_detection:561 - 已發送控制指令16到寄存器200
2025-07-24 20:16:03 [DEBUG] AutoFeeding:trigger_ccd1_detection:580 - CCD1檢測完成標誌確認
2025-07-24 20:16:03 [INFO] AutoFeeding:feeding_cycle:741 - 週期974 檢測結果: DR_F=14, 總數=28
2025-07-24 20:16:03 [INFO] AutoFeeding:feeding_cycle:768 - 找到保護區內DR_F: (-95.52, 262.6)
2025-07-24 20:16:03 [INFO] AutoFeeding:set_dr_f_available:720 - DR_F已就緒: (-95.52, 262.6), Flow1可直接讀取座標
2025-07-24 20:16:04 [DEBUG] AutoFeeding:trigger_ccd1_detection:553 - 發送檢測指令前 - 201狀態: 9
2025-07-24 20:16:04 [DEBUG] AutoFeeding:trigger_ccd1_detection:561 - 已發送控制指令16到寄存器200
2025-07-24 20:16:05 [DEBUG] AutoFeeding:trigger_ccd1_detection:580 - CCD1檢測完成標誌確認
2025-07-24 20:16:05 [INFO] AutoFeeding:feeding_cycle:741 - 週期975 檢測結果: DR_F=14, 總數=28
2025-07-24 20:16:05 [INFO] AutoFeeding:feeding_cycle:768 - 找到保護區內DR_F: (-95.52, 262.6)
2025-07-24 20:16:05 [INFO] AutoFeeding:set_dr_f_available:720 - DR_F已就緒: (-95.52, 262.6), Flow1可直接讀取座標
2025-07-24 20:16:06 [DEBUG] AutoFeeding:trigger_ccd1_detection:553 - 發送檢測指令前 - 201狀態: 9
2025-07-24 20:16:06 [DEBUG] AutoFeeding:trigger_ccd1_detection:561 - 已發送控制指令16到寄存器200
2025-07-24 20:16:07 [DEBUG] AutoFeeding:trigger_ccd1_detection:580 - CCD1檢測完成標誌確認
2025-07-24 20:16:07 [INFO] AutoFeeding:feeding_cycle:741 - 週期976 檢測結果: DR_F=14, 總數=28
2025-07-24 20:16:07 [INFO] AutoFeeding:feeding_cycle:768 - 找到保護區內DR_F: (-95.52, 262.6)
2025-07-24 20:16:07 [INFO] AutoFeeding:set_dr_f_available:720 - DR_F已就緒: (-95.52, 262.6), Flow1可直接讀取座標
2025-07-24 20:16:08 [DEBUG] AutoFeeding:trigger_ccd1_detection:553 - 發送檢測指令前 - 201狀態: 9
2025-07-24 20:16:08 [DEBUG] AutoFeeding:trigger_ccd1_detection:561 - 已發送控制指令16到寄存器200
2025-07-24 20:16:09 [DEBUG] AutoFeeding:trigger_ccd1_detection:580 - CCD1檢測完成標誌確認
2025-07-24 20:16:09 [INFO] AutoFeeding:feeding_cycle:741 - 週期977 檢測結果: DR_F=14, 總數=28
2025-07-24 20:16:09 [INFO] AutoFeeding:feeding_cycle:768 - 找到保護區內DR_F: (-95.52, 262.6)
2025-07-24 20:16:09 [INFO] AutoFeeding:set_dr_f_available:720 - DR_F已就緒: (-95.52, 262.6), Flow1可直接讀取座標
2025-07-24 20:16:10 [DEBUG] AutoFeeding:trigger_ccd1_detection:553 - 發送檢測指令前 - 201狀態: 9
2025-07-24 20:16:10 [DEBUG] AutoFeeding:trigger_ccd1_detection:561 - 已發送控制指令16到寄存器200
2025-07-24 20:16:11 [DEBUG] AutoFeeding:trigger_ccd1_detection:580 - CCD1檢測完成標誌確認
2025-07-24 20:16:11 [INFO] AutoFeeding:feeding_cycle:741 - 週期978 檢測結果: DR_F=14, 總數=28
2025-07-24 20:16:11 [INFO] AutoFeeding:feeding_cycle:768 - 找到保護區內DR_F: (-95.52, 262.6)
2025-07-24 20:16:11 [INFO] AutoFeeding:set_dr_f_available:720 - DR_F已就緒: (-95.52, 262.6), Flow1可直接讀取座標
2025-07-24 20:16:12 [DEBUG] AutoFeeding:trigger_ccd1_detection:553 - 發送檢測指令前 - 201狀態: 9
2025-07-24 20:16:12 [DEBUG] AutoFeeding:trigger_ccd1_detection:561 - 已發送控制指令16到寄存器200
2025-07-24 20:16:13 [DEBUG] AutoFeeding:trigger_ccd1_detection:580 - CCD1檢測完成標誌確認
2025-07-24 20:16:13 [INFO] AutoFeeding:feeding_cycle:741 - 週期979 檢測結果: DR_F=14, 總數=28
2025-07-24 20:16:13 [INFO] AutoFeeding:feeding_cycle:768 - 找到保護區內DR_F: (-95.51, 262.6)
2025-07-24 20:16:13 [INFO] AutoFeeding:set_dr_f_available:720 - DR_F已就緒: (-95.51, 262.6), Flow1可直接讀取座標
2025-07-24 20:16:14 [DEBUG] AutoFeeding:trigger_ccd1_detection:553 - 發送檢測指令前 - 201狀態: 9
2025-07-24 20:16:14 [DEBUG] AutoFeeding:trigger_ccd1_detection:561 - 已發送控制指令16到寄存器200
2025-07-24 20:16:15 [DEBUG] AutoFeeding:trigger_ccd1_detection:580 - CCD1檢測完成標誌確認
2025-07-24 20:16:15 [INFO] AutoFeeding:feeding_cycle:741 - 週期980 檢測結果: DR_F=14, 總數=28
2025-07-24 20:16:15 [INFO] AutoFeeding:feeding_cycle:768 - 找到保護區內DR_F: (-95.52, 262.6)
2025-07-24 20:16:15 [INFO] AutoFeeding:set_dr_f_available:720 - DR_F已就緒: (-95.52, 262.6), Flow1可直接讀取座標
2025-07-24 20:16:16 [DEBUG] AutoFeeding:trigger_ccd1_detection:553 - 發送檢測指令前 - 201狀態: 9
2025-07-24 20:16:16 [DEBUG] AutoFeeding:trigger_ccd1_detection:561 - 已發送控制指令16到寄存器200
2025-07-24 20:16:17 [DEBUG] AutoFeeding:trigger_ccd1_detection:580 - CCD1檢測完成標誌確認
2025-07-24 20:16:17 [INFO] AutoFeeding:feeding_cycle:741 - 週期981 檢測結果: DR_F=14, 總數=28
2025-07-24 20:16:17 [INFO] AutoFeeding:feeding_cycle:768 - 找到保護區內DR_F: (-95.52, 262.59)
2025-07-24 20:16:17 [INFO] AutoFeeding:set_dr_f_available:720 - DR_F已就緒: (-95.52, 262.59), Flow1可直接讀取座標
2025-07-24 20:16:18 [DEBUG] AutoFeeding:trigger_ccd1_detection:553 - 發送檢測指令前 - 201狀態: 9
2025-07-24 20:16:18 [DEBUG] AutoFeeding:trigger_ccd1_detection:561 - 已發送控制指令16到寄存器200
2025-07-24 20:16:19 [DEBUG] AutoFeeding:trigger_ccd1_detection:580 - CCD1檢測完成標誌確認
2025-07-24 20:16:19 [INFO] AutoFeeding:feeding_cycle:741 - 週期982 檢測結果: DR_F=14, 總數=28
2025-07-24 20:16:19 [INFO] AutoFeeding:feeding_cycle:768 - 找到保護區內DR_F: (-95.52, 262.6)
2025-07-24 20:16:19 [INFO] AutoFeeding:set_dr_f_available:720 - DR_F已就緒: (-95.52, 262.6), Flow1可直接讀取座標
2025-07-24 20:16:20 [DEBUG] AutoFeeding:trigger_ccd1_detection:553 - 發送檢測指令前 - 201狀態: 9
2025-07-24 20:16:20 [DEBUG] AutoFeeding:trigger_ccd1_detection:561 - 已發送控制指令16到寄存器200
2025-07-24 20:16:21 [DEBUG] AutoFeeding:trigger_ccd1_detection:580 - CCD1檢測完成標誌確認
2025-07-24 20:16:21 [INFO] AutoFeeding:feeding_cycle:741 - 週期983 檢測結果: DR_F=14, 總數=28
2025-07-24 20:16:21 [INFO] AutoFeeding:feeding_cycle:768 - 找到保護區內DR_F: (-95.51, 262.6)
2025-07-24 20:16:21 [INFO] AutoFeeding:set_dr_f_available:720 - DR_F已就緒: (-95.51, 262.6), Flow1可直接讀取座標
2025-07-24 20:16:22 [DEBUG] AutoFeeding:trigger_ccd1_detection:553 - 發送檢測指令前 - 201狀態: 9
2025-07-24 20:16:22 [DEBUG] AutoFeeding:trigger_ccd1_detection:561 - 已發送控制指令16到寄存器200
2025-07-24 20:16:23 [DEBUG] AutoFeeding:trigger_ccd1_detection:580 - CCD1檢測完成標誌確認
2025-07-24 20:16:23 [INFO] AutoFeeding:feeding_cycle:741 - 週期984 檢測結果: DR_F=14, 總數=28
2025-07-24 20:16:23 [INFO] AutoFeeding:feeding_cycle:768 - 找到保護區內DR_F: (-95.52, 262.6)
2025-07-24 20:16:23 [INFO] AutoFeeding:set_dr_f_available:720 - DR_F已就緒: (-95.52, 262.6), Flow1可直接讀取座標
2025-07-24 20:16:24 [DEBUG] AutoFeeding:trigger_ccd1_detection:553 - 發送檢測指令前 - 201狀態: 9
2025-07-24 20:16:24 [DEBUG] AutoFeeding:trigger_ccd1_detection:561 - 已發送控制指令16到寄存器200
2025-07-24 20:16:25 [DEBUG] AutoFeeding:trigger_ccd1_detection:580 - CCD1檢測完成標誌確認
2025-07-24 20:16:25 [INFO] AutoFeeding:feeding_cycle:741 - 週期985 檢測結果: DR_F=14, 總數=28
2025-07-24 20:16:25 [INFO] AutoFeeding:feeding_cycle:768 - 找到保護區內DR_F: (-95.52, 262.6)
2025-07-24 20:16:25 [INFO] AutoFeeding:set_dr_f_available:720 - DR_F已就緒: (-95.52, 262.6), Flow1可直接讀取座標
2025-07-24 20:16:26 [DEBUG] AutoFeeding:trigger_ccd1_detection:553 - 發送檢測指令前 - 201狀態: 9
2025-07-24 20:16:26 [DEBUG] AutoFeeding:trigger_ccd1_detection:561 - 已發送控制指令16到寄存器200
2025-07-24 20:16:27 [DEBUG] AutoFeeding:trigger_ccd1_detection:580 - CCD1檢測完成標誌確認
2025-07-24 20:16:27 [INFO] AutoFeeding:feeding_cycle:741 - 週期986 檢測結果: DR_F=14, 總數=28
2025-07-24 20:16:27 [INFO] AutoFeeding:feeding_cycle:768 - 找到保護區內DR_F: (-95.52, 262.6)
2025-07-24 20:16:27 [INFO] AutoFeeding:set_dr_f_available:720 - DR_F已就緒: (-95.52, 262.6), Flow1可直接讀取座標
2025-07-24 20:16:28 [DEBUG] AutoFeeding:trigger_ccd1_detection:553 - 發送檢測指令前 - 201狀態: 9
2025-07-24 20:16:28 [DEBUG] AutoFeeding:trigger_ccd1_detection:561 - 已發送控制指令16到寄存器200
2025-07-24 20:16:29 [DEBUG] AutoFeeding:trigger_ccd1_detection:580 - CCD1檢測完成標誌確認
2025-07-24 20:16:29 [INFO] AutoFeeding:feeding_cycle:741 - 週期987 檢測結果: DR_F=14, 總數=28
2025-07-24 20:16:29 [INFO] AutoFeeding:feeding_cycle:768 - 找到保護區內DR_F: (-95.52, 262.6)
2025-07-24 20:16:29 [INFO] AutoFeeding:set_dr_f_available:720 - DR_F已就緒: (-95.52, 262.6), Flow1可直接讀取座標
2025-07-24 20:16:30 [DEBUG] AutoFeeding:trigger_ccd1_detection:553 - 發送檢測指令前 - 201狀態: 9
2025-07-24 20:16:30 [DEBUG] AutoFeeding:trigger_ccd1_detection:561 - 已發送控制指令16到寄存器200
2025-07-24 20:16:31 [DEBUG] AutoFeeding:trigger_ccd1_detection:580 - CCD1檢測完成標誌確認
2025-07-24 20:16:31 [INFO] AutoFeeding:feeding_cycle:741 - 週期988 檢測結果: DR_F=14, 總數=28
2025-07-24 20:16:31 [INFO] AutoFeeding:feeding_cycle:768 - 找到保護區內DR_F: (-95.51, 262.6)
2025-07-24 20:16:31 [INFO] AutoFeeding:set_dr_f_available:720 - DR_F已就緒: (-95.51, 262.6), Flow1可直接讀取座標
2025-07-24 20:16:32 [DEBUG] AutoFeeding:trigger_ccd1_detection:553 - 發送檢測指令前 - 201狀態: 9
2025-07-24 20:16:32 [DEBUG] AutoFeeding:trigger_ccd1_detection:561 - 已發送控制指令16到寄存器200
2025-07-24 20:16:33 [DEBUG] AutoFeeding:trigger_ccd1_detection:580 - CCD1檢測完成標誌確認
2025-07-24 20:16:33 [INFO] AutoFeeding:feeding_cycle:741 - 週期989 檢測結果: DR_F=14, 總數=28
2025-07-24 20:16:33 [INFO] AutoFeeding:feeding_cycle:768 - 找到保護區內DR_F: (-95.51, 262.6)
2025-07-24 20:16:33 [INFO] AutoFeeding:set_dr_f_available:720 - DR_F已就緒: (-95.51, 262.6), Flow1可直接讀取座標
2025-07-24 20:16:34 [DEBUG] AutoFeeding:trigger_ccd1_detection:553 - 發送檢測指令前 - 201狀態: 9
2025-07-24 20:16:34 [DEBUG] AutoFeeding:trigger_ccd1_detection:561 - 已發送控制指令16到寄存器200
2025-07-24 20:16:35 [DEBUG] AutoFeeding:trigger_ccd1_detection:580 - CCD1檢測完成標誌確認
2025-07-24 20:16:35 [INFO] AutoFeeding:feeding_cycle:741 - 週期990 檢測結果: DR_F=14, 總數=28
2025-07-24 20:16:35 [INFO] AutoFeeding:feeding_cycle:768 - 找到保護區內DR_F: (-95.52, 262.6)
2025-07-24 20:16:35 [INFO] AutoFeeding:set_dr_f_available:720 - DR_F已就緒: (-95.52, 262.6), Flow1可直接讀取座標
2025-07-24 20:16:36 [DEBUG] AutoFeeding:trigger_ccd1_detection:553 - 發送檢測指令前 - 201狀態: 9
2025-07-24 20:16:36 [DEBUG] AutoFeeding:trigger_ccd1_detection:561 - 已發送控制指令16到寄存器200
2025-07-24 20:16:37 [DEBUG] AutoFeeding:trigger_ccd1_detection:580 - CCD1檢測完成標誌確認
2025-07-24 20:16:37 [INFO] AutoFeeding:feeding_cycle:741 - 週期991 檢測結果: DR_F=14, 總數=28
2025-07-24 20:16:37 [INFO] AutoFeeding:feeding_cycle:768 - 找到保護區內DR_F: (-95.52, 262.6)
2025-07-24 20:16:37 [INFO] AutoFeeding:set_dr_f_available:720 - DR_F已就緒: (-95.52, 262.6), Flow1可直接讀取座標
2025-07-24 20:16:38 [DEBUG] AutoFeeding:trigger_ccd1_detection:553 - 發送檢測指令前 - 201狀態: 9
2025-07-24 20:16:38 [DEBUG] AutoFeeding:trigger_ccd1_detection:561 - 已發送控制指令16到寄存器200
2025-07-24 20:16:39 [DEBUG] AutoFeeding:trigger_ccd1_detection:580 - CCD1檢測完成標誌確認
2025-07-24 20:16:39 [INFO] AutoFeeding:feeding_cycle:741 - 週期992 檢測結果: DR_F=14, 總數=28
2025-07-24 20:16:39 [INFO] AutoFeeding:feeding_cycle:768 - 找到保護區內DR_F: (-95.52, 262.6)
2025-07-24 20:16:39 [INFO] AutoFeeding:set_dr_f_available:720 - DR_F已就緒: (-95.52, 262.6), Flow1可直接讀取座標
2025-07-24 20:16:40 [DEBUG] AutoFeeding:trigger_ccd1_detection:553 - 發送檢測指令前 - 201狀態: 9
2025-07-24 20:16:40 [DEBUG] AutoFeeding:trigger_ccd1_detection:561 - 已發送控制指令16到寄存器200
2025-07-24 20:16:41 [DEBUG] AutoFeeding:trigger_ccd1_detection:580 - CCD1檢測完成標誌確認
2025-07-24 20:16:41 [INFO] AutoFeeding:feeding_cycle:741 - 週期993 檢測結果: DR_F=14, 總數=28
2025-07-24 20:16:41 [INFO] AutoFeeding:feeding_cycle:768 - 找到保護區內DR_F: (-95.52, 262.6)
2025-07-24 20:16:41 [INFO] AutoFeeding:set_dr_f_available:720 - DR_F已就緒: (-95.52, 262.6), Flow1可直接讀取座標
2025-07-24 20:16:42 [DEBUG] AutoFeeding:trigger_ccd1_detection:553 - 發送檢測指令前 - 201狀態: 9
2025-07-24 20:16:42 [DEBUG] AutoFeeding:trigger_ccd1_detection:561 - 已發送控制指令16到寄存器200
2025-07-24 20:16:44 [DEBUG] AutoFeeding:trigger_ccd1_detection:580 - CCD1檢測完成標誌確認
2025-07-24 20:16:44 [INFO] AutoFeeding:feeding_cycle:741 - 週期994 檢測結果: DR_F=14, 總數=28
2025-07-24 20:16:44 [INFO] AutoFeeding:feeding_cycle:768 - 找到保護區內DR_F: (-95.52, 262.6)
2025-07-24 20:16:44 [INFO] AutoFeeding:set_dr_f_available:720 - DR_F已就緒: (-95.52, 262.6), Flow1可直接讀取座標
2025-07-24 20:16:45 [DEBUG] AutoFeeding:trigger_ccd1_detection:553 - 發送檢測指令前 - 201狀態: 9
2025-07-24 20:16:45 [DEBUG] AutoFeeding:trigger_ccd1_detection:561 - 已發送控制指令16到寄存器200
2025-07-24 20:16:46 [DEBUG] AutoFeeding:trigger_ccd1_detection:580 - CCD1檢測完成標誌確認
2025-07-24 20:16:46 [INFO] AutoFeeding:feeding_cycle:741 - 週期995 檢測結果: DR_F=14, 總數=28
2025-07-24 20:16:46 [INFO] AutoFeeding:feeding_cycle:768 - 找到保護區內DR_F: (-95.52, 262.6)
2025-07-24 20:16:46 [INFO] AutoFeeding:set_dr_f_available:720 - DR_F已就緒: (-95.52, 262.6), Flow1可直接讀取座標
2025-07-24 20:16:47 [DEBUG] AutoFeeding:trigger_ccd1_detection:553 - 發送檢測指令前 - 201狀態: 9
2025-07-24 20:16:47 [DEBUG] AutoFeeding:trigger_ccd1_detection:561 - 已發送控制指令16到寄存器200
2025-07-24 20:16:48 [DEBUG] AutoFeeding:trigger_ccd1_detection:580 - CCD1檢測完成標誌確認
2025-07-24 20:16:48 [INFO] AutoFeeding:feeding_cycle:741 - 週期996 檢測結果: DR_F=14, 總數=28
2025-07-24 20:16:48 [INFO] AutoFeeding:feeding_cycle:768 - 找到保護區內DR_F: (-95.52, 262.6)
2025-07-24 20:16:48 [INFO] AutoFeeding:set_dr_f_available:720 - DR_F已就緒: (-95.52, 262.6), Flow1可直接讀取座標
2025-07-24 20:16:49 [DEBUG] AutoFeeding:trigger_ccd1_detection:553 - 發送檢測指令前 - 201狀態: 9
2025-07-24 20:16:49 [DEBUG] AutoFeeding:trigger_ccd1_detection:561 - 已發送控制指令16到寄存器200
2025-07-24 20:16:50 [DEBUG] AutoFeeding:trigger_ccd1_detection:580 - CCD1檢測完成標誌確認
2025-07-24 20:16:50 [INFO] AutoFeeding:feeding_cycle:741 - 週期997 檢測結果: DR_F=14, 總數=28
2025-07-24 20:16:50 [INFO] AutoFeeding:feeding_cycle:768 - 找到保護區內DR_F: (-95.52, 262.6)
2025-07-24 20:16:50 [INFO] AutoFeeding:set_dr_f_available:720 - DR_F已就緒: (-95.52, 262.6), Flow1可直接讀取座標
2025-07-24 20:16:51 [DEBUG] AutoFeeding:trigger_ccd1_detection:553 - 發送檢測指令前 - 201狀態: 9
2025-07-24 20:16:51 [DEBUG] AutoFeeding:trigger_ccd1_detection:561 - 已發送控制指令16到寄存器200
2025-07-24 20:16:52 [DEBUG] AutoFeeding:trigger_ccd1_detection:580 - CCD1檢測完成標誌確認
2025-07-24 20:16:52 [INFO] AutoFeeding:feeding_cycle:741 - 週期998 檢測結果: DR_F=14, 總數=28
2025-07-24 20:16:52 [INFO] AutoFeeding:feeding_cycle:768 - 找到保護區內DR_F: (-95.52, 262.6)
2025-07-24 20:16:52 [INFO] AutoFeeding:set_dr_f_available:720 - DR_F已就緒: (-95.52, 262.6), Flow1可直接讀取座標
2025-07-24 20:16:53 [DEBUG] AutoFeeding:trigger_ccd1_detection:553 - 發送檢測指令前 - 201狀態: 9
2025-07-24 20:16:53 [DEBUG] AutoFeeding:trigger_ccd1_detection:561 - 已發送控制指令16到寄存器200
2025-07-24 20:16:54 [DEBUG] AutoFeeding:trigger_ccd1_detection:580 - CCD1檢測完成標誌確認
2025-07-24 20:16:54 [INFO] AutoFeeding:feeding_cycle:741 - 週期999 檢測結果: DR_F=14, 總數=28
2025-07-24 20:16:54 [INFO] AutoFeeding:feeding_cycle:768 - 找到保護區內DR_F: (-95.52, 262.6)
2025-07-24 20:16:54 [INFO] AutoFeeding:set_dr_f_available:720 - DR_F已就緒: (-95.52, 262.6), Flow1可直接讀取座標
2025-07-24 20:16:55 [DEBUG] AutoFeeding:trigger_ccd1_detection:553 - 發送檢測指令前 - 201狀態: 9
2025-07-24 20:16:55 [DEBUG] AutoFeeding:trigger_ccd1_detection:561 - 已發送控制指令16到寄存器200
2025-07-24 20:16:56 [DEBUG] AutoFeeding:trigger_ccd1_detection:580 - CCD1檢測完成標誌確認
2025-07-24 20:16:56 [INFO] AutoFeeding:feeding_cycle:741 - 週期1000 檢測結果: DR_F=14, 總數=28
2025-07-24 20:16:56 [INFO] AutoFeeding:feeding_cycle:768 - 找到保護區內DR_F: (-95.52, 262.6)
2025-07-24 20:16:56 [INFO] AutoFeeding:set_dr_f_available:720 - DR_F已就緒: (-95.52, 262.6), Flow1可直接讀取座標
2025-07-24 20:16:57 [DEBUG] AutoFeeding:check_modules_status:480 - CCD1狀態: 9 (Ready=True, Running=False, Alarm=False, Init=True)
2025-07-24 20:16:57 [DEBUG] AutoFeeding:trigger_ccd1_detection:553 - 發送檢測指令前 - 201狀態: 9
2025-07-24 20:16:57 [DEBUG] AutoFeeding:trigger_ccd1_detection:561 - 已發送控制指令16到寄存器200
2025-07-24 20:16:58 [DEBUG] AutoFeeding:trigger_ccd1_detection:580 - CCD1檢測完成標誌確認
2025-07-24 20:16:58 [INFO] AutoFeeding:feeding_cycle:741 - 週期1001 檢測結果: DR_F=14, 總數=28
2025-07-24 20:16:58 [INFO] AutoFeeding:feeding_cycle:768 - 找到保護區內DR_F: (-95.52, 262.6)
2025-07-24 20:16:58 [INFO] AutoFeeding:set_dr_f_available:720 - DR_F已就緒: (-95.52, 262.6), Flow1可直接讀取座標
2025-07-24 20:16:59 [DEBUG] AutoFeeding:check_flow_and_progress_status:432 - Flow監控: 1201=0, 1202=100, 阻擋=False
2025-07-24 20:16:59 [DEBUG] AutoFeeding:trigger_ccd1_detection:553 - 發送檢測指令前 - 201狀態: 9
2025-07-24 20:16:59 [DEBUG] AutoFeeding:trigger_ccd1_detection:561 - 已發送控制指令16到寄存器200
2025-07-24 20:17:00 [DEBUG] AutoFeeding:trigger_ccd1_detection:580 - CCD1檢測完成標誌確認
2025-07-24 20:17:00 [INFO] AutoFeeding:feeding_cycle:741 - 週期1002 檢測結果: DR_F=14, 總數=28
2025-07-24 20:17:00 [INFO] AutoFeeding:feeding_cycle:768 - 找到保護區內DR_F: (-95.52, 262.6)
2025-07-24 20:17:00 [INFO] AutoFeeding:set_dr_f_available:720 - DR_F已就緒: (-95.52, 262.6), Flow1可直接讀取座標
2025-07-24 20:17:01 [DEBUG] AutoFeeding:trigger_ccd1_detection:553 - 發送檢測指令前 - 201狀態: 9
2025-07-24 20:17:01 [DEBUG] AutoFeeding:trigger_ccd1_detection:561 - 已發送控制指令16到寄存器200
2025-07-24 20:17:02 [DEBUG] AutoFeeding:trigger_ccd1_detection:580 - CCD1檢測完成標誌確認
2025-07-24 20:17:02 [INFO] AutoFeeding:feeding_cycle:741 - 週期1003 檢測結果: DR_F=14, 總數=28
2025-07-24 20:17:02 [INFO] AutoFeeding:feeding_cycle:768 - 找到保護區內DR_F: (-95.52, 262.6)
2025-07-24 20:17:02 [INFO] AutoFeeding:set_dr_f_available:720 - DR_F已就緒: (-95.52, 262.6), Flow1可直接讀取座標
2025-07-24 20:17:03 [DEBUG] AutoFeeding:trigger_ccd1_detection:553 - 發送檢測指令前 - 201狀態: 9
2025-07-24 20:17:03 [DEBUG] AutoFeeding:trigger_ccd1_detection:561 - 已發送控制指令16到寄存器200
2025-07-24 20:17:04 [DEBUG] AutoFeeding:trigger_ccd1_detection:580 - CCD1檢測完成標誌確認
2025-07-24 20:17:04 [INFO] AutoFeeding:feeding_cycle:741 - 週期1004 檢測結果: DR_F=14, 總數=28
2025-07-24 20:17:04 [INFO] AutoFeeding:feeding_cycle:768 - 找到保護區內DR_F: (-95.52, 262.6)
2025-07-24 20:17:04 [INFO] AutoFeeding:set_dr_f_available:720 - DR_F已就緒: (-95.52, 262.6), Flow1可直接讀取座標
2025-07-24 20:17:05 [DEBUG] AutoFeeding:trigger_ccd1_detection:553 - 發送檢測指令前 - 201狀態: 9
2025-07-24 20:17:05 [DEBUG] AutoFeeding:trigger_ccd1_detection:561 - 已發送控制指令16到寄存器200
2025-07-24 20:17:06 [DEBUG] AutoFeeding:trigger_ccd1_detection:580 - CCD1檢測完成標誌確認
2025-07-24 20:17:06 [INFO] AutoFeeding:feeding_cycle:741 - 週期1005 檢測結果: DR_F=14, 總數=28
2025-07-24 20:17:06 [INFO] AutoFeeding:feeding_cycle:768 - 找到保護區內DR_F: (-95.52, 262.6)
2025-07-24 20:17:06 [INFO] AutoFeeding:set_dr_f_available:720 - DR_F已就緒: (-95.52, 262.6), Flow1可直接讀取座標
2025-07-24 20:17:07 [DEBUG] AutoFeeding:trigger_ccd1_detection:553 - 發送檢測指令前 - 201狀態: 9
2025-07-24 20:17:07 [DEBUG] AutoFeeding:trigger_ccd1_detection:561 - 已發送控制指令16到寄存器200
2025-07-24 20:17:08 [DEBUG] AutoFeeding:trigger_ccd1_detection:580 - CCD1檢測完成標誌確認
2025-07-24 20:17:08 [INFO] AutoFeeding:feeding_cycle:741 - 週期1006 檢測結果: DR_F=14, 總數=28
2025-07-24 20:17:08 [INFO] AutoFeeding:feeding_cycle:768 - 找到保護區內DR_F: (-95.52, 262.6)
2025-07-24 20:17:08 [INFO] AutoFeeding:set_dr_f_available:720 - DR_F已就緒: (-95.52, 262.6), Flow1可直接讀取座標
2025-07-24 20:17:09 [DEBUG] AutoFeeding:trigger_ccd1_detection:553 - 發送檢測指令前 - 201狀態: 9
2025-07-24 20:17:09 [DEBUG] AutoFeeding:trigger_ccd1_detection:561 - 已發送控制指令16到寄存器200
2025-07-24 20:17:10 [DEBUG] AutoFeeding:trigger_ccd1_detection:580 - CCD1檢測完成標誌確認
2025-07-24 20:17:10 [INFO] AutoFeeding:feeding_cycle:741 - 週期1007 檢測結果: DR_F=14, 總數=28
2025-07-24 20:17:10 [INFO] AutoFeeding:feeding_cycle:768 - 找到保護區內DR_F: (-95.52, 262.6)
2025-07-24 20:17:10 [INFO] AutoFeeding:set_dr_f_available:720 - DR_F已就緒: (-95.52, 262.6), Flow1可直接讀取座標
2025-07-24 20:17:11 [DEBUG] AutoFeeding:trigger_ccd1_detection:553 - 發送檢測指令前 - 201狀態: 9
2025-07-24 20:17:11 [DEBUG] AutoFeeding:trigger_ccd1_detection:561 - 已發送控制指令16到寄存器200
2025-07-24 20:17:12 [DEBUG] AutoFeeding:trigger_ccd1_detection:580 - CCD1檢測完成標誌確認
2025-07-24 20:17:12 [INFO] AutoFeeding:feeding_cycle:741 - 週期1008 檢測結果: DR_F=14, 總數=28
2025-07-24 20:17:12 [INFO] AutoFeeding:feeding_cycle:768 - 找到保護區內DR_F: (-95.52, 262.6)
2025-07-24 20:17:12 [INFO] AutoFeeding:set_dr_f_available:720 - DR_F已就緒: (-95.52, 262.6), Flow1可直接讀取座標
2025-07-24 20:17:13 [DEBUG] AutoFeeding:trigger_ccd1_detection:553 - 發送檢測指令前 - 201狀態: 9
2025-07-24 20:17:13 [DEBUG] AutoFeeding:trigger_ccd1_detection:561 - 已發送控制指令16到寄存器200
2025-07-24 20:17:14 [DEBUG] AutoFeeding:trigger_ccd1_detection:580 - CCD1檢測完成標誌確認
2025-07-24 20:17:14 [INFO] AutoFeeding:feeding_cycle:741 - 週期1009 檢測結果: DR_F=14, 總數=28
2025-07-24 20:17:14 [INFO] AutoFeeding:feeding_cycle:768 - 找到保護區內DR_F: (-95.52, 262.6)
2025-07-24 20:17:14 [INFO] AutoFeeding:set_dr_f_available:720 - DR_F已就緒: (-95.52, 262.6), Flow1可直接讀取座標
2025-07-24 20:17:15 [DEBUG] AutoFeeding:trigger_ccd1_detection:553 - 發送檢測指令前 - 201狀態: 9
2025-07-24 20:17:15 [DEBUG] AutoFeeding:trigger_ccd1_detection:561 - 已發送控制指令16到寄存器200
2025-07-24 20:17:16 [DEBUG] AutoFeeding:trigger_ccd1_detection:580 - CCD1檢測完成標誌確認
2025-07-24 20:17:16 [INFO] AutoFeeding:feeding_cycle:741 - 週期1010 檢測結果: DR_F=14, 總數=28
2025-07-24 20:17:16 [INFO] AutoFeeding:feeding_cycle:768 - 找到保護區內DR_F: (-95.52, 262.6)
2025-07-24 20:17:16 [INFO] AutoFeeding:set_dr_f_available:720 - DR_F已就緒: (-95.52, 262.6), Flow1可直接讀取座標
2025-07-24 20:17:17 [DEBUG] AutoFeeding:trigger_ccd1_detection:553 - 發送檢測指令前 - 201狀態: 9
2025-07-24 20:17:17 [DEBUG] AutoFeeding:trigger_ccd1_detection:561 - 已發送控制指令16到寄存器200
2025-07-24 20:17:18 [DEBUG] AutoFeeding:trigger_ccd1_detection:580 - CCD1檢測完成標誌確認
2025-07-24 20:17:18 [INFO] AutoFeeding:feeding_cycle:741 - 週期1011 檢測結果: DR_F=14, 總數=28
2025-07-24 20:17:18 [INFO] AutoFeeding:feeding_cycle:768 - 找到保護區內DR_F: (-95.52, 262.6)
2025-07-24 20:17:18 [INFO] AutoFeeding:set_dr_f_available:720 - DR_F已就緒: (-95.52, 262.6), Flow1可直接讀取座標
2025-07-24 20:17:19 [DEBUG] AutoFeeding:trigger_ccd1_detection:553 - 發送檢測指令前 - 201狀態: 9
2025-07-24 20:17:19 [DEBUG] AutoFeeding:trigger_ccd1_detection:561 - 已發送控制指令16到寄存器200
2025-07-24 20:17:20 [DEBUG] AutoFeeding:trigger_ccd1_detection:580 - CCD1檢測完成標誌確認
2025-07-24 20:17:20 [INFO] AutoFeeding:feeding_cycle:741 - 週期1012 檢測結果: DR_F=14, 總數=28
2025-07-24 20:17:20 [INFO] AutoFeeding:feeding_cycle:768 - 找到保護區內DR_F: (-95.52, 262.61)
2025-07-24 20:17:20 [INFO] AutoFeeding:set_dr_f_available:720 - DR_F已就緒: (-95.52, 262.61), Flow1可直接讀取座標
2025-07-24 20:17:21 [DEBUG] AutoFeeding:trigger_ccd1_detection:553 - 發送檢測指令前 - 201狀態: 9
2025-07-24 20:17:21 [DEBUG] AutoFeeding:trigger_ccd1_detection:561 - 已發送控制指令16到寄存器200
2025-07-24 20:17:22 [DEBUG] AutoFeeding:trigger_ccd1_detection:580 - CCD1檢測完成標誌確認
2025-07-24 20:17:22 [INFO] AutoFeeding:feeding_cycle:741 - 週期1013 檢測結果: DR_F=14, 總數=28
2025-07-24 20:17:22 [INFO] AutoFeeding:feeding_cycle:768 - 找到保護區內DR_F: (-95.52, 262.6)
2025-07-24 20:17:22 [INFO] AutoFeeding:set_dr_f_available:720 - DR_F已就緒: (-95.52, 262.6), Flow1可直接讀取座標
2025-07-24 20:17:23 [DEBUG] AutoFeeding:trigger_ccd1_detection:553 - 發送檢測指令前 - 201狀態: 9
2025-07-24 20:17:23 [DEBUG] AutoFeeding:trigger_ccd1_detection:561 - 已發送控制指令16到寄存器200
2025-07-24 20:17:24 [DEBUG] AutoFeeding:trigger_ccd1_detection:580 - CCD1檢測完成標誌確認
2025-07-24 20:17:24 [INFO] AutoFeeding:feeding_cycle:741 - 週期1014 檢測結果: DR_F=14, 總數=28
2025-07-24 20:17:24 [INFO] AutoFeeding:feeding_cycle:768 - 找到保護區內DR_F: (-95.52, 262.6)
2025-07-24 20:17:24 [INFO] AutoFeeding:set_dr_f_available:720 - DR_F已就緒: (-95.52, 262.6), Flow1可直接讀取座標
2025-07-24 20:17:25 [DEBUG] AutoFeeding:trigger_ccd1_detection:553 - 發送檢測指令前 - 201狀態: 9
2025-07-24 20:17:25 [DEBUG] AutoFeeding:trigger_ccd1_detection:561 - 已發送控制指令16到寄存器200
2025-07-24 20:17:26 [DEBUG] AutoFeeding:trigger_ccd1_detection:580 - CCD1檢測完成標誌確認
2025-07-24 20:17:26 [INFO] AutoFeeding:feeding_cycle:741 - 週期1015 檢測結果: DR_F=14, 總數=28
2025-07-24 20:17:26 [INFO] AutoFeeding:feeding_cycle:768 - 找到保護區內DR_F: (-95.52, 262.6)
2025-07-24 20:17:26 [INFO] AutoFeeding:set_dr_f_available:720 - DR_F已就緒: (-95.52, 262.6), Flow1可直接讀取座標
2025-07-24 20:17:27 [DEBUG] AutoFeeding:trigger_ccd1_detection:553 - 發送檢測指令前 - 201狀態: 9
2025-07-24 20:17:27 [DEBUG] AutoFeeding:trigger_ccd1_detection:561 - 已發送控制指令16到寄存器200
2025-07-24 20:17:29 [DEBUG] AutoFeeding:trigger_ccd1_detection:580 - CCD1檢測完成標誌確認
2025-07-24 20:17:29 [INFO] AutoFeeding:feeding_cycle:741 - 週期1016 檢測結果: DR_F=14, 總數=28
2025-07-24 20:17:29 [INFO] AutoFeeding:feeding_cycle:768 - 找到保護區內DR_F: (-95.52, 262.6)
2025-07-24 20:17:29 [INFO] AutoFeeding:set_dr_f_available:720 - DR_F已就緒: (-95.52, 262.6), Flow1可直接讀取座標
2025-07-24 20:17:30 [DEBUG] AutoFeeding:trigger_ccd1_detection:553 - 發送檢測指令前 - 201狀態: 9
2025-07-24 20:17:30 [DEBUG] AutoFeeding:trigger_ccd1_detection:561 - 已發送控制指令16到寄存器200
2025-07-24 20:17:31 [DEBUG] AutoFeeding:trigger_ccd1_detection:580 - CCD1檢測完成標誌確認
2025-07-24 20:17:31 [INFO] AutoFeeding:feeding_cycle:741 - 週期1017 檢測結果: DR_F=14, 總數=28
2025-07-24 20:17:31 [INFO] AutoFeeding:feeding_cycle:768 - 找到保護區內DR_F: (-95.52, 262.6)
2025-07-24 20:17:31 [INFO] AutoFeeding:set_dr_f_available:720 - DR_F已就緒: (-95.52, 262.6), Flow1可直接讀取座標
2025-07-24 20:17:32 [DEBUG] AutoFeeding:trigger_ccd1_detection:553 - 發送檢測指令前 - 201狀態: 9
2025-07-24 20:17:32 [DEBUG] AutoFeeding:trigger_ccd1_detection:561 - 已發送控制指令16到寄存器200
2025-07-24 20:17:33 [DEBUG] AutoFeeding:trigger_ccd1_detection:580 - CCD1檢測完成標誌確認
2025-07-24 20:17:33 [INFO] AutoFeeding:feeding_cycle:741 - 週期1018 檢測結果: DR_F=14, 總數=28
2025-07-24 20:17:33 [INFO] AutoFeeding:feeding_cycle:768 - 找到保護區內DR_F: (-95.52, 262.6)
2025-07-24 20:17:33 [INFO] AutoFeeding:set_dr_f_available:720 - DR_F已就緒: (-95.52, 262.6), Flow1可直接讀取座標
2025-07-24 20:17:34 [DEBUG] AutoFeeding:trigger_ccd1_detection:553 - 發送檢測指令前 - 201狀態: 9
2025-07-24 20:17:34 [DEBUG] AutoFeeding:trigger_ccd1_detection:561 - 已發送控制指令16到寄存器200
2025-07-24 20:17:35 [DEBUG] AutoFeeding:trigger_ccd1_detection:580 - CCD1檢測完成標誌確認
2025-07-24 20:17:35 [INFO] AutoFeeding:feeding_cycle:741 - 週期1019 檢測結果: DR_F=14, 總數=28
2025-07-24 20:17:35 [INFO] AutoFeeding:feeding_cycle:768 - 找到保護區內DR_F: (-95.52, 262.6)
2025-07-24 20:17:35 [INFO] AutoFeeding:set_dr_f_available:720 - DR_F已就緒: (-95.52, 262.6), Flow1可直接讀取座標
2025-07-24 20:17:36 [DEBUG] AutoFeeding:trigger_ccd1_detection:553 - 發送檢測指令前 - 201狀態: 9
2025-07-24 20:17:36 [DEBUG] AutoFeeding:trigger_ccd1_detection:561 - 已發送控制指令16到寄存器200
2025-07-24 20:17:37 [DEBUG] AutoFeeding:trigger_ccd1_detection:580 - CCD1檢測完成標誌確認
2025-07-24 20:17:37 [INFO] AutoFeeding:feeding_cycle:741 - 週期1020 檢測結果: DR_F=14, 總數=28
2025-07-24 20:17:37 [INFO] AutoFeeding:feeding_cycle:768 - 找到保護區內DR_F: (-95.52, 262.6)
2025-07-24 20:17:37 [INFO] AutoFeeding:set_dr_f_available:720 - DR_F已就緒: (-95.52, 262.6), Flow1可直接讀取座標
2025-07-24 20:17:38 [DEBUG] AutoFeeding:trigger_ccd1_detection:553 - 發送檢測指令前 - 201狀態: 9
2025-07-24 20:17:38 [DEBUG] AutoFeeding:trigger_ccd1_detection:561 - 已發送控制指令16到寄存器200
2025-07-24 20:17:39 [DEBUG] AutoFeeding:trigger_ccd1_detection:580 - CCD1檢測完成標誌確認
2025-07-24 20:17:39 [INFO] AutoFeeding:feeding_cycle:741 - 週期1021 檢測結果: DR_F=14, 總數=28
2025-07-24 20:17:39 [INFO] AutoFeeding:feeding_cycle:768 - 找到保護區內DR_F: (-95.52, 262.6)
2025-07-24 20:17:39 [INFO] AutoFeeding:set_dr_f_available:720 - DR_F已就緒: (-95.52, 262.6), Flow1可直接讀取座標
2025-07-24 20:17:40 [DEBUG] AutoFeeding:trigger_ccd1_detection:553 - 發送檢測指令前 - 201狀態: 9
2025-07-24 20:17:40 [DEBUG] AutoFeeding:trigger_ccd1_detection:561 - 已發送控制指令16到寄存器200
2025-07-24 20:17:41 [DEBUG] AutoFeeding:trigger_ccd1_detection:580 - CCD1檢測完成標誌確認
2025-07-24 20:17:41 [INFO] AutoFeeding:feeding_cycle:741 - 週期1022 檢測結果: DR_F=14, 總數=28
2025-07-24 20:17:41 [INFO] AutoFeeding:feeding_cycle:768 - 找到保護區內DR_F: (-95.52, 262.6)
2025-07-24 20:17:41 [INFO] AutoFeeding:set_dr_f_available:720 - DR_F已就緒: (-95.52, 262.6), Flow1可直接讀取座標
2025-07-24 20:17:42 [DEBUG] AutoFeeding:trigger_ccd1_detection:553 - 發送檢測指令前 - 201狀態: 9
2025-07-24 20:17:42 [DEBUG] AutoFeeding:trigger_ccd1_detection:561 - 已發送控制指令16到寄存器200
2025-07-24 20:17:43 [DEBUG] AutoFeeding:trigger_ccd1_detection:580 - CCD1檢測完成標誌確認
2025-07-24 20:17:43 [INFO] AutoFeeding:feeding_cycle:741 - 週期1023 檢測結果: DR_F=14, 總數=28
2025-07-24 20:17:43 [INFO] AutoFeeding:feeding_cycle:768 - 找到保護區內DR_F: (-95.52, 262.6)
2025-07-24 20:17:43 [INFO] AutoFeeding:set_dr_f_available:720 - DR_F已就緒: (-95.52, 262.6), Flow1可直接讀取座標
2025-07-24 20:17:44 [DEBUG] AutoFeeding:trigger_ccd1_detection:553 - 發送檢測指令前 - 201狀態: 9
2025-07-24 20:17:44 [DEBUG] AutoFeeding:trigger_ccd1_detection:561 - 已發送控制指令16到寄存器200
2025-07-24 20:17:45 [DEBUG] AutoFeeding:trigger_ccd1_detection:580 - CCD1檢測完成標誌確認
2025-07-24 20:17:45 [INFO] AutoFeeding:feeding_cycle:741 - 週期1024 檢測結果: DR_F=14, 總數=28
2025-07-24 20:17:45 [INFO] AutoFeeding:feeding_cycle:768 - 找到保護區內DR_F: (-95.52, 262.6)
2025-07-24 20:17:45 [INFO] AutoFeeding:set_dr_f_available:720 - DR_F已就緒: (-95.52, 262.6), Flow1可直接讀取座標
2025-07-24 20:17:46 [DEBUG] AutoFeeding:trigger_ccd1_detection:553 - 發送檢測指令前 - 201狀態: 9
2025-07-24 20:17:46 [DEBUG] AutoFeeding:trigger_ccd1_detection:561 - 已發送控制指令16到寄存器200
2025-07-24 20:17:47 [DEBUG] AutoFeeding:trigger_ccd1_detection:580 - CCD1檢測完成標誌確認
2025-07-24 20:17:47 [INFO] AutoFeeding:feeding_cycle:741 - 週期1025 檢測結果: DR_F=14, 總數=28
2025-07-24 20:17:47 [INFO] AutoFeeding:feeding_cycle:768 - 找到保護區內DR_F: (-95.52, 262.6)
2025-07-24 20:17:47 [INFO] AutoFeeding:set_dr_f_available:720 - DR_F已就緒: (-95.52, 262.6), Flow1可直接讀取座標
2025-07-24 20:17:48 [DEBUG] AutoFeeding:trigger_ccd1_detection:553 - 發送檢測指令前 - 201狀態: 9
2025-07-24 20:17:48 [DEBUG] AutoFeeding:trigger_ccd1_detection:561 - 已發送控制指令16到寄存器200
2025-07-24 20:17:49 [DEBUG] AutoFeeding:trigger_ccd1_detection:580 - CCD1檢測完成標誌確認
2025-07-24 20:17:49 [INFO] AutoFeeding:feeding_cycle:741 - 週期1026 檢測結果: DR_F=14, 總數=28
2025-07-24 20:17:49 [INFO] AutoFeeding:feeding_cycle:768 - 找到保護區內DR_F: (-95.52, 262.59)
2025-07-24 20:17:49 [INFO] AutoFeeding:set_dr_f_available:720 - DR_F已就緒: (-95.52, 262.59), Flow1可直接讀取座標
2025-07-24 20:17:50 [DEBUG] AutoFeeding:trigger_ccd1_detection:553 - 發送檢測指令前 - 201狀態: 9
2025-07-24 20:17:50 [DEBUG] AutoFeeding:trigger_ccd1_detection:561 - 已發送控制指令16到寄存器200
2025-07-24 20:17:51 [DEBUG] AutoFeeding:trigger_ccd1_detection:580 - CCD1檢測完成標誌確認
2025-07-24 20:17:51 [INFO] AutoFeeding:feeding_cycle:741 - 週期1027 檢測結果: DR_F=14, 總數=28
2025-07-24 20:17:51 [INFO] AutoFeeding:feeding_cycle:768 - 找到保護區內DR_F: (-95.52, 262.6)
2025-07-24 20:17:51 [INFO] AutoFeeding:set_dr_f_available:720 - DR_F已就緒: (-95.52, 262.6), Flow1可直接讀取座標
2025-07-24 20:17:52 [DEBUG] AutoFeeding:trigger_ccd1_detection:553 - 發送檢測指令前 - 201狀態: 9
2025-07-24 20:17:52 [DEBUG] AutoFeeding:trigger_ccd1_detection:561 - 已發送控制指令16到寄存器200
2025-07-24 20:17:53 [DEBUG] AutoFeeding:trigger_ccd1_detection:580 - CCD1檢測完成標誌確認
2025-07-24 20:17:53 [INFO] AutoFeeding:feeding_cycle:741 - 週期1028 檢測結果: DR_F=14, 總數=28
2025-07-24 20:17:53 [INFO] AutoFeeding:feeding_cycle:768 - 找到保護區內DR_F: (-95.52, 262.6)
2025-07-24 20:17:53 [INFO] AutoFeeding:set_dr_f_available:720 - DR_F已就緒: (-95.52, 262.6), Flow1可直接讀取座標
2025-07-24 20:17:54 [DEBUG] AutoFeeding:trigger_ccd1_detection:553 - 發送檢測指令前 - 201狀態: 9
2025-07-24 20:17:54 [DEBUG] AutoFeeding:trigger_ccd1_detection:561 - 已發送控制指令16到寄存器200
2025-07-24 20:17:55 [DEBUG] AutoFeeding:trigger_ccd1_detection:580 - CCD1檢測完成標誌確認
2025-07-24 20:17:55 [INFO] AutoFeeding:feeding_cycle:741 - 週期1029 檢測結果: DR_F=14, 總數=28
2025-07-24 20:17:55 [INFO] AutoFeeding:feeding_cycle:768 - 找到保護區內DR_F: (-95.52, 262.6)
2025-07-24 20:17:55 [INFO] AutoFeeding:set_dr_f_available:720 - DR_F已就緒: (-95.52, 262.6), Flow1可直接讀取座標
2025-07-24 20:17:56 [DEBUG] AutoFeeding:trigger_ccd1_detection:553 - 發送檢測指令前 - 201狀態: 9
2025-07-24 20:17:56 [DEBUG] AutoFeeding:trigger_ccd1_detection:561 - 已發送控制指令16到寄存器200
2025-07-24 20:17:57 [DEBUG] AutoFeeding:trigger_ccd1_detection:580 - CCD1檢測完成標誌確認
2025-07-24 20:17:57 [INFO] AutoFeeding:feeding_cycle:741 - 週期1030 檢測結果: DR_F=14, 總數=28
2025-07-24 20:17:57 [INFO] AutoFeeding:feeding_cycle:768 - 找到保護區內DR_F: (-95.52, 262.6)
2025-07-24 20:17:57 [INFO] AutoFeeding:set_dr_f_available:720 - DR_F已就緒: (-95.52, 262.6), Flow1可直接讀取座標
2025-07-24 20:17:58 [DEBUG] AutoFeeding:trigger_ccd1_detection:553 - 發送檢測指令前 - 201狀態: 9
2025-07-24 20:17:58 [DEBUG] AutoFeeding:trigger_ccd1_detection:561 - 已發送控制指令16到寄存器200
2025-07-24 20:17:59 [DEBUG] AutoFeeding:trigger_ccd1_detection:580 - CCD1檢測完成標誌確認
2025-07-24 20:17:59 [INFO] AutoFeeding:feeding_cycle:741 - 週期1031 檢測結果: DR_F=14, 總數=28
2025-07-24 20:17:59 [INFO] AutoFeeding:feeding_cycle:768 - 找到保護區內DR_F: (-95.51, 262.6)
2025-07-24 20:17:59 [INFO] AutoFeeding:set_dr_f_available:720 - DR_F已就緒: (-95.51, 262.6), Flow1可直接讀取座標
2025-07-24 20:18:00 [DEBUG] AutoFeeding:trigger_ccd1_detection:553 - 發送檢測指令前 - 201狀態: 9
2025-07-24 20:18:00 [DEBUG] AutoFeeding:trigger_ccd1_detection:561 - 已發送控制指令16到寄存器200
2025-07-24 20:18:01 [DEBUG] AutoFeeding:trigger_ccd1_detection:580 - CCD1檢測完成標誌確認
2025-07-24 20:18:01 [INFO] AutoFeeding:feeding_cycle:741 - 週期1032 檢測結果: DR_F=14, 總數=28
2025-07-24 20:18:01 [INFO] AutoFeeding:feeding_cycle:768 - 找到保護區內DR_F: (-95.52, 262.6)
2025-07-24 20:18:01 [INFO] AutoFeeding:set_dr_f_available:720 - DR_F已就緒: (-95.52, 262.6), Flow1可直接讀取座標
2025-07-24 20:18:02 [DEBUG] AutoFeeding:trigger_ccd1_detection:553 - 發送檢測指令前 - 201狀態: 9
2025-07-24 20:18:02 [DEBUG] AutoFeeding:trigger_ccd1_detection:561 - 已發送控制指令16到寄存器200
2025-07-24 20:18:03 [DEBUG] AutoFeeding:trigger_ccd1_detection:580 - CCD1檢測完成標誌確認
2025-07-24 20:18:03 [INFO] AutoFeeding:feeding_cycle:741 - 週期1033 檢測結果: DR_F=14, 總數=28
2025-07-24 20:18:03 [INFO] AutoFeeding:feeding_cycle:768 - 找到保護區內DR_F: (-95.51, 262.6)
2025-07-24 20:18:03 [INFO] AutoFeeding:set_dr_f_available:720 - DR_F已就緒: (-95.51, 262.6), Flow1可直接讀取座標
2025-07-24 20:18:04 [DEBUG] AutoFeeding:trigger_ccd1_detection:553 - 發送檢測指令前 - 201狀態: 9
2025-07-24 20:18:04 [DEBUG] AutoFeeding:trigger_ccd1_detection:561 - 已發送控制指令16到寄存器200
2025-07-24 20:18:05 [DEBUG] AutoFeeding:trigger_ccd1_detection:580 - CCD1檢測完成標誌確認
2025-07-24 20:18:05 [INFO] AutoFeeding:feeding_cycle:741 - 週期1034 檢測結果: DR_F=14, 總數=28
2025-07-24 20:18:05 [INFO] AutoFeeding:feeding_cycle:768 - 找到保護區內DR_F: (-95.52, 262.6)
2025-07-24 20:18:05 [INFO] AutoFeeding:set_dr_f_available:720 - DR_F已就緒: (-95.52, 262.6), Flow1可直接讀取座標
2025-07-24 20:18:06 [DEBUG] AutoFeeding:trigger_ccd1_detection:553 - 發送檢測指令前 - 201狀態: 9
2025-07-24 20:18:06 [DEBUG] AutoFeeding:trigger_ccd1_detection:561 - 已發送控制指令16到寄存器200
2025-07-24 20:18:07 [DEBUG] AutoFeeding:trigger_ccd1_detection:580 - CCD1檢測完成標誌確認
2025-07-24 20:18:07 [INFO] AutoFeeding:feeding_cycle:741 - 週期1035 檢測結果: DR_F=14, 總數=28
2025-07-24 20:18:07 [INFO] AutoFeeding:feeding_cycle:768 - 找到保護區內DR_F: (-95.51, 262.6)
2025-07-24 20:18:07 [INFO] AutoFeeding:set_dr_f_available:720 - DR_F已就緒: (-95.51, 262.6), Flow1可直接讀取座標
2025-07-24 20:18:08 [DEBUG] AutoFeeding:trigger_ccd1_detection:553 - 發送檢測指令前 - 201狀態: 9
2025-07-24 20:18:08 [DEBUG] AutoFeeding:trigger_ccd1_detection:561 - 已發送控制指令16到寄存器200
2025-07-24 20:18:09 [DEBUG] AutoFeeding:trigger_ccd1_detection:580 - CCD1檢測完成標誌確認
2025-07-24 20:18:09 [INFO] AutoFeeding:feeding_cycle:741 - 週期1036 檢測結果: DR_F=14, 總數=28
2025-07-24 20:18:09 [INFO] AutoFeeding:feeding_cycle:768 - 找到保護區內DR_F: (-95.51, 262.6)
2025-07-24 20:18:09 [INFO] AutoFeeding:set_dr_f_available:720 - DR_F已就緒: (-95.51, 262.6), Flow1可直接讀取座標
2025-07-24 20:18:10 [DEBUG] AutoFeeding:trigger_ccd1_detection:553 - 發送檢測指令前 - 201狀態: 9
2025-07-24 20:18:10 [DEBUG] AutoFeeding:trigger_ccd1_detection:561 - 已發送控制指令16到寄存器200
2025-07-24 20:18:12 [DEBUG] AutoFeeding:trigger_ccd1_detection:580 - CCD1檢測完成標誌確認
2025-07-24 20:18:12 [INFO] AutoFeeding:feeding_cycle:741 - 週期1037 檢測結果: DR_F=14, 總數=28
2025-07-24 20:18:12 [INFO] AutoFeeding:feeding_cycle:768 - 找到保護區內DR_F: (-95.52, 262.6)
2025-07-24 20:18:12 [INFO] AutoFeeding:set_dr_f_available:720 - DR_F已就緒: (-95.52, 262.6), Flow1可直接讀取座標
2025-07-24 20:18:13 [DEBUG] AutoFeeding:trigger_ccd1_detection:553 - 發送檢測指令前 - 201狀態: 9
2025-07-24 20:18:13 [DEBUG] AutoFeeding:trigger_ccd1_detection:561 - 已發送控制指令16到寄存器200
2025-07-24 20:18:14 [DEBUG] AutoFeeding:trigger_ccd1_detection:580 - CCD1檢測完成標誌確認
2025-07-24 20:18:14 [INFO] AutoFeeding:feeding_cycle:741 - 週期1038 檢測結果: DR_F=14, 總數=28
2025-07-24 20:18:14 [INFO] AutoFeeding:feeding_cycle:768 - 找到保護區內DR_F: (-95.52, 262.6)
2025-07-24 20:18:14 [INFO] AutoFeeding:set_dr_f_available:720 - DR_F已就緒: (-95.52, 262.6), Flow1可直接讀取座標
2025-07-24 20:18:15 [DEBUG] AutoFeeding:trigger_ccd1_detection:553 - 發送檢測指令前 - 201狀態: 9
2025-07-24 20:18:15 [DEBUG] AutoFeeding:trigger_ccd1_detection:561 - 已發送控制指令16到寄存器200
2025-07-24 20:18:16 [DEBUG] AutoFeeding:trigger_ccd1_detection:580 - CCD1檢測完成標誌確認
2025-07-24 20:18:16 [INFO] AutoFeeding:feeding_cycle:741 - 週期1039 檢測結果: DR_F=14, 總數=28
2025-07-24 20:18:16 [INFO] AutoFeeding:feeding_cycle:768 - 找到保護區內DR_F: (-95.52, 262.6)
2025-07-24 20:18:16 [INFO] AutoFeeding:set_dr_f_available:720 - DR_F已就緒: (-95.52, 262.6), Flow1可直接讀取座標
2025-07-24 20:18:17 [DEBUG] AutoFeeding:trigger_ccd1_detection:553 - 發送檢測指令前 - 201狀態: 9
2025-07-24 20:18:17 [DEBUG] AutoFeeding:trigger_ccd1_detection:561 - 已發送控制指令16到寄存器200
2025-07-24 20:18:18 [DEBUG] AutoFeeding:trigger_ccd1_detection:580 - CCD1檢測完成標誌確認
2025-07-24 20:18:18 [INFO] AutoFeeding:feeding_cycle:741 - 週期1040 檢測結果: DR_F=14, 總數=28
2025-07-24 20:18:18 [INFO] AutoFeeding:feeding_cycle:768 - 找到保護區內DR_F: (-95.51, 262.6)
2025-07-24 20:18:18 [INFO] AutoFeeding:set_dr_f_available:720 - DR_F已就緒: (-95.51, 262.6), Flow1可直接讀取座標
2025-07-24 20:18:19 [DEBUG] AutoFeeding:trigger_ccd1_detection:553 - 發送檢測指令前 - 201狀態: 9
2025-07-24 20:18:19 [DEBUG] AutoFeeding:trigger_ccd1_detection:561 - 已發送控制指令16到寄存器200
2025-07-24 20:18:20 [DEBUG] AutoFeeding:trigger_ccd1_detection:580 - CCD1檢測完成標誌確認
2025-07-24 20:18:20 [INFO] AutoFeeding:feeding_cycle:741 - 週期1041 檢測結果: DR_F=14, 總數=28
2025-07-24 20:18:20 [INFO] AutoFeeding:feeding_cycle:768 - 找到保護區內DR_F: (-95.52, 262.6)
2025-07-24 20:18:20 [INFO] AutoFeeding:set_dr_f_available:720 - DR_F已就緒: (-95.52, 262.6), Flow1可直接讀取座標
2025-07-24 20:18:21 [DEBUG] AutoFeeding:trigger_ccd1_detection:553 - 發送檢測指令前 - 201狀態: 9
2025-07-24 20:18:21 [DEBUG] AutoFeeding:trigger_ccd1_detection:561 - 已發送控制指令16到寄存器200
2025-07-24 20:18:22 [DEBUG] AutoFeeding:trigger_ccd1_detection:580 - CCD1檢測完成標誌確認
2025-07-24 20:18:22 [INFO] AutoFeeding:feeding_cycle:741 - 週期1042 檢測結果: DR_F=14, 總數=28
2025-07-24 20:18:22 [INFO] AutoFeeding:feeding_cycle:768 - 找到保護區內DR_F: (-95.52, 262.6)
2025-07-24 20:18:22 [INFO] AutoFeeding:set_dr_f_available:720 - DR_F已就緒: (-95.52, 262.6), Flow1可直接讀取座標
2025-07-24 20:18:23 [DEBUG] AutoFeeding:trigger_ccd1_detection:553 - 發送檢測指令前 - 201狀態: 9
2025-07-24 20:18:23 [DEBUG] AutoFeeding:trigger_ccd1_detection:561 - 已發送控制指令16到寄存器200
2025-07-24 20:18:24 [DEBUG] AutoFeeding:trigger_ccd1_detection:580 - CCD1檢測完成標誌確認
2025-07-24 20:18:24 [INFO] AutoFeeding:feeding_cycle:741 - 週期1043 檢測結果: DR_F=14, 總數=28
2025-07-24 20:18:24 [INFO] AutoFeeding:feeding_cycle:768 - 找到保護區內DR_F: (-95.52, 262.6)
2025-07-24 20:18:24 [INFO] AutoFeeding:set_dr_f_available:720 - DR_F已就緒: (-95.52, 262.6), Flow1可直接讀取座標
2025-07-24 20:18:25 [DEBUG] AutoFeeding:trigger_ccd1_detection:553 - 發送檢測指令前 - 201狀態: 9
2025-07-24 20:18:25 [DEBUG] AutoFeeding:trigger_ccd1_detection:561 - 已發送控制指令16到寄存器200
2025-07-24 20:18:26 [DEBUG] AutoFeeding:trigger_ccd1_detection:580 - CCD1檢測完成標誌確認
2025-07-24 20:18:26 [INFO] AutoFeeding:feeding_cycle:741 - 週期1044 檢測結果: DR_F=14, 總數=28
2025-07-24 20:18:26 [INFO] AutoFeeding:feeding_cycle:768 - 找到保護區內DR_F: (-95.52, 262.6)
2025-07-24 20:18:26 [INFO] AutoFeeding:set_dr_f_available:720 - DR_F已就緒: (-95.52, 262.6), Flow1可直接讀取座標
2025-07-24 20:18:27 [DEBUG] AutoFeeding:trigger_ccd1_detection:553 - 發送檢測指令前 - 201狀態: 9
2025-07-24 20:18:27 [DEBUG] AutoFeeding:trigger_ccd1_detection:561 - 已發送控制指令16到寄存器200
2025-07-24 20:18:28 [DEBUG] AutoFeeding:trigger_ccd1_detection:580 - CCD1檢測完成標誌確認
2025-07-24 20:18:28 [INFO] AutoFeeding:feeding_cycle:741 - 週期1045 檢測結果: DR_F=14, 總數=28
2025-07-24 20:18:28 [INFO] AutoFeeding:feeding_cycle:768 - 找到保護區內DR_F: (-95.52, 262.6)
2025-07-24 20:18:28 [INFO] AutoFeeding:set_dr_f_available:720 - DR_F已就緒: (-95.52, 262.6), Flow1可直接讀取座標
2025-07-24 20:18:29 [DEBUG] AutoFeeding:trigger_ccd1_detection:553 - 發送檢測指令前 - 201狀態: 9
2025-07-24 20:18:29 [DEBUG] AutoFeeding:trigger_ccd1_detection:561 - 已發送控制指令16到寄存器200
2025-07-24 20:18:30 [DEBUG] AutoFeeding:trigger_ccd1_detection:580 - CCD1檢測完成標誌確認
2025-07-24 20:18:30 [INFO] AutoFeeding:feeding_cycle:741 - 週期1046 檢測結果: DR_F=14, 總數=28
2025-07-24 20:18:30 [INFO] AutoFeeding:feeding_cycle:768 - 找到保護區內DR_F: (-95.52, 262.6)
2025-07-24 20:18:30 [INFO] AutoFeeding:set_dr_f_available:720 - DR_F已就緒: (-95.52, 262.6), Flow1可直接讀取座標
2025-07-24 20:18:31 [DEBUG] AutoFeeding:trigger_ccd1_detection:553 - 發送檢測指令前 - 201狀態: 9
2025-07-24 20:18:31 [DEBUG] AutoFeeding:trigger_ccd1_detection:561 - 已發送控制指令16到寄存器200
2025-07-24 20:18:32 [DEBUG] AutoFeeding:trigger_ccd1_detection:580 - CCD1檢測完成標誌確認
2025-07-24 20:18:32 [INFO] AutoFeeding:feeding_cycle:741 - 週期1047 檢測結果: DR_F=14, 總數=28
2025-07-24 20:18:32 [INFO] AutoFeeding:feeding_cycle:768 - 找到保護區內DR_F: (-95.52, 262.6)
2025-07-24 20:18:32 [INFO] AutoFeeding:set_dr_f_available:720 - DR_F已就緒: (-95.52, 262.6), Flow1可直接讀取座標
2025-07-24 20:18:33 [DEBUG] AutoFeeding:trigger_ccd1_detection:553 - 發送檢測指令前 - 201狀態: 9
2025-07-24 20:18:33 [DEBUG] AutoFeeding:trigger_ccd1_detection:561 - 已發送控制指令16到寄存器200
2025-07-24 20:18:34 [DEBUG] AutoFeeding:trigger_ccd1_detection:580 - CCD1檢測完成標誌確認
2025-07-24 20:18:34 [INFO] AutoFeeding:feeding_cycle:741 - 週期1048 檢測結果: DR_F=14, 總數=28
2025-07-24 20:18:34 [INFO] AutoFeeding:feeding_cycle:768 - 找到保護區內DR_F: (-95.52, 262.6)
2025-07-24 20:18:34 [INFO] AutoFeeding:set_dr_f_available:720 - DR_F已就緒: (-95.52, 262.6), Flow1可直接讀取座標
2025-07-24 20:18:35 [DEBUG] AutoFeeding:trigger_ccd1_detection:553 - 發送檢測指令前 - 201狀態: 9
2025-07-24 20:18:35 [DEBUG] AutoFeeding:trigger_ccd1_detection:561 - 已發送控制指令16到寄存器200
2025-07-24 20:18:36 [DEBUG] AutoFeeding:trigger_ccd1_detection:580 - CCD1檢測完成標誌確認
2025-07-24 20:18:36 [INFO] AutoFeeding:feeding_cycle:741 - 週期1049 檢測結果: DR_F=14, 總數=28
2025-07-24 20:18:36 [INFO] AutoFeeding:feeding_cycle:768 - 找到保護區內DR_F: (-95.52, 262.6)
2025-07-24 20:18:36 [INFO] AutoFeeding:set_dr_f_available:720 - DR_F已就緒: (-95.52, 262.6), Flow1可直接讀取座標
2025-07-24 20:18:37 [DEBUG] AutoFeeding:trigger_ccd1_detection:553 - 發送檢測指令前 - 201狀態: 9
2025-07-24 20:18:37 [DEBUG] AutoFeeding:trigger_ccd1_detection:561 - 已發送控制指令16到寄存器200
2025-07-24 20:18:38 [DEBUG] AutoFeeding:trigger_ccd1_detection:580 - CCD1檢測完成標誌確認
2025-07-24 20:18:38 [INFO] AutoFeeding:feeding_cycle:741 - 週期1050 檢測結果: DR_F=14, 總數=28
2025-07-24 20:18:38 [INFO] AutoFeeding:feeding_cycle:768 - 找到保護區內DR_F: (-95.52, 262.6)
2025-07-24 20:18:38 [INFO] AutoFeeding:set_dr_f_available:720 - DR_F已就緒: (-95.52, 262.6), Flow1可直接讀取座標
2025-07-24 20:18:39 [DEBUG] AutoFeeding:trigger_ccd1_detection:553 - 發送檢測指令前 - 201狀態: 9
2025-07-24 20:18:39 [DEBUG] AutoFeeding:trigger_ccd1_detection:561 - 已發送控制指令16到寄存器200
2025-07-24 20:18:40 [DEBUG] AutoFeeding:trigger_ccd1_detection:580 - CCD1檢測完成標誌確認
2025-07-24 20:18:40 [INFO] AutoFeeding:feeding_cycle:741 - 週期1051 檢測結果: DR_F=14, 總數=28
2025-07-24 20:18:40 [INFO] AutoFeeding:feeding_cycle:768 - 找到保護區內DR_F: (-95.52, 262.6)
2025-07-24 20:18:40 [INFO] AutoFeeding:set_dr_f_available:720 - DR_F已就緒: (-95.52, 262.6), Flow1可直接讀取座標
2025-07-24 20:18:41 [DEBUG] AutoFeeding:trigger_ccd1_detection:553 - 發送檢測指令前 - 201狀態: 9
2025-07-24 20:18:41 [DEBUG] AutoFeeding:trigger_ccd1_detection:561 - 已發送控制指令16到寄存器200
2025-07-24 20:18:42 [DEBUG] AutoFeeding:trigger_ccd1_detection:580 - CCD1檢測完成標誌確認
2025-07-24 20:18:42 [INFO] AutoFeeding:feeding_cycle:741 - 週期1052 檢測結果: DR_F=14, 總數=28
2025-07-24 20:18:42 [INFO] AutoFeeding:feeding_cycle:768 - 找到保護區內DR_F: (-95.52, 262.6)
2025-07-24 20:18:42 [INFO] AutoFeeding:set_dr_f_available:720 - DR_F已就緒: (-95.52, 262.6), Flow1可直接讀取座標
2025-07-24 20:18:43 [DEBUG] AutoFeeding:trigger_ccd1_detection:553 - 發送檢測指令前 - 201狀態: 9
2025-07-24 20:18:43 [DEBUG] AutoFeeding:trigger_ccd1_detection:561 - 已發送控制指令16到寄存器200
2025-07-24 20:18:44 [DEBUG] AutoFeeding:trigger_ccd1_detection:580 - CCD1檢測完成標誌確認
2025-07-24 20:18:44 [INFO] AutoFeeding:feeding_cycle:741 - 週期1053 檢測結果: DR_F=14, 總數=28
2025-07-24 20:18:44 [INFO] AutoFeeding:feeding_cycle:768 - 找到保護區內DR_F: (-95.52, 262.6)
2025-07-24 20:18:44 [INFO] AutoFeeding:set_dr_f_available:720 - DR_F已就緒: (-95.52, 262.6), Flow1可直接讀取座標
2025-07-24 20:18:45 [DEBUG] AutoFeeding:trigger_ccd1_detection:553 - 發送檢測指令前 - 201狀態: 9
2025-07-24 20:18:45 [DEBUG] AutoFeeding:trigger_ccd1_detection:561 - 已發送控制指令16到寄存器200
2025-07-24 20:18:46 [DEBUG] AutoFeeding:trigger_ccd1_detection:580 - CCD1檢測完成標誌確認
2025-07-24 20:18:46 [INFO] AutoFeeding:feeding_cycle:741 - 週期1054 檢測結果: DR_F=14, 總數=28
2025-07-24 20:18:46 [INFO] AutoFeeding:feeding_cycle:768 - 找到保護區內DR_F: (-95.52, 262.6)
2025-07-24 20:18:46 [INFO] AutoFeeding:set_dr_f_available:720 - DR_F已就緒: (-95.52, 262.6), Flow1可直接讀取座標
2025-07-24 20:18:47 [DEBUG] AutoFeeding:trigger_ccd1_detection:553 - 發送檢測指令前 - 201狀態: 9
2025-07-24 20:18:47 [DEBUG] AutoFeeding:trigger_ccd1_detection:561 - 已發送控制指令16到寄存器200
2025-07-24 20:18:48 [DEBUG] AutoFeeding:trigger_ccd1_detection:580 - CCD1檢測完成標誌確認
2025-07-24 20:18:48 [INFO] AutoFeeding:feeding_cycle:741 - 週期1055 檢測結果: DR_F=14, 總數=28
2025-07-24 20:18:48 [INFO] AutoFeeding:feeding_cycle:768 - 找到保護區內DR_F: (-95.52, 262.6)
2025-07-24 20:18:48 [INFO] AutoFeeding:set_dr_f_available:720 - DR_F已就緒: (-95.52, 262.6), Flow1可直接讀取座標
2025-07-24 20:18:49 [DEBUG] AutoFeeding:trigger_ccd1_detection:553 - 發送檢測指令前 - 201狀態: 9
2025-07-24 20:18:49 [DEBUG] AutoFeeding:trigger_ccd1_detection:561 - 已發送控制指令16到寄存器200
2025-07-24 20:18:50 [DEBUG] AutoFeeding:trigger_ccd1_detection:580 - CCD1檢測完成標誌確認
2025-07-24 20:18:50 [INFO] AutoFeeding:feeding_cycle:741 - 週期1056 檢測結果: DR_F=14, 總數=28
2025-07-24 20:18:50 [INFO] AutoFeeding:feeding_cycle:768 - 找到保護區內DR_F: (-95.52, 262.6)
2025-07-24 20:18:50 [INFO] AutoFeeding:set_dr_f_available:720 - DR_F已就緒: (-95.52, 262.6), Flow1可直接讀取座標
2025-07-24 20:18:51 [DEBUG] AutoFeeding:trigger_ccd1_detection:553 - 發送檢測指令前 - 201狀態: 9
2025-07-24 20:18:51 [DEBUG] AutoFeeding:trigger_ccd1_detection:561 - 已發送控制指令16到寄存器200
2025-07-24 20:18:52 [DEBUG] AutoFeeding:trigger_ccd1_detection:580 - CCD1檢測完成標誌確認
2025-07-24 20:18:52 [INFO] AutoFeeding:feeding_cycle:741 - 週期1057 檢測結果: DR_F=14, 總數=28
2025-07-24 20:18:52 [INFO] AutoFeeding:feeding_cycle:768 - 找到保護區內DR_F: (-95.52, 262.6)
2025-07-24 20:18:52 [INFO] AutoFeeding:set_dr_f_available:720 - DR_F已就緒: (-95.52, 262.6), Flow1可直接讀取座標
2025-07-24 20:18:53 [DEBUG] AutoFeeding:trigger_ccd1_detection:553 - 發送檢測指令前 - 201狀態: 9
2025-07-24 20:18:53 [DEBUG] AutoFeeding:trigger_ccd1_detection:561 - 已發送控制指令16到寄存器200
2025-07-24 20:18:54 [DEBUG] AutoFeeding:trigger_ccd1_detection:580 - CCD1檢測完成標誌確認
2025-07-24 20:18:54 [INFO] AutoFeeding:feeding_cycle:741 - 週期1058 檢測結果: DR_F=14, 總數=28
2025-07-24 20:18:54 [INFO] AutoFeeding:feeding_cycle:768 - 找到保護區內DR_F: (-95.51, 262.6)
2025-07-24 20:18:54 [INFO] AutoFeeding:set_dr_f_available:720 - DR_F已就緒: (-95.51, 262.6), Flow1可直接讀取座標
2025-07-24 20:18:55 [DEBUG] AutoFeeding:trigger_ccd1_detection:553 - 發送檢測指令前 - 201狀態: 9
2025-07-24 20:18:55 [DEBUG] AutoFeeding:trigger_ccd1_detection:561 - 已發送控制指令16到寄存器200
2025-07-24 20:18:57 [DEBUG] AutoFeeding:trigger_ccd1_detection:580 - CCD1檢測完成標誌確認
2025-07-24 20:18:57 [INFO] AutoFeeding:feeding_cycle:741 - 週期1059 檢測結果: DR_F=14, 總數=28
2025-07-24 20:18:57 [INFO] AutoFeeding:feeding_cycle:768 - 找到保護區內DR_F: (-95.52, 262.6)
2025-07-24 20:18:57 [INFO] AutoFeeding:set_dr_f_available:720 - DR_F已就緒: (-95.52, 262.6), Flow1可直接讀取座標
2025-07-24 20:18:58 [DEBUG] AutoFeeding:trigger_ccd1_detection:553 - 發送檢測指令前 - 201狀態: 9
2025-07-24 20:18:58 [DEBUG] AutoFeeding:trigger_ccd1_detection:561 - 已發送控制指令16到寄存器200
2025-07-24 20:18:59 [DEBUG] AutoFeeding:trigger_ccd1_detection:580 - CCD1檢測完成標誌確認
2025-07-24 20:18:59 [INFO] AutoFeeding:feeding_cycle:741 - 週期1060 檢測結果: DR_F=14, 總數=28
2025-07-24 20:18:59 [INFO] AutoFeeding:feeding_cycle:768 - 找到保護區內DR_F: (-95.52, 262.6)
2025-07-24 20:18:59 [INFO] AutoFeeding:set_dr_f_available:720 - DR_F已就緒: (-95.52, 262.6), Flow1可直接讀取座標
2025-07-24 20:19:00 [DEBUG] AutoFeeding:trigger_ccd1_detection:553 - 發送檢測指令前 - 201狀態: 9
2025-07-24 20:19:00 [DEBUG] AutoFeeding:trigger_ccd1_detection:561 - 已發送控制指令16到寄存器200
2025-07-24 20:19:01 [DEBUG] AutoFeeding:trigger_ccd1_detection:580 - CCD1檢測完成標誌確認
2025-07-24 20:19:01 [INFO] AutoFeeding:feeding_cycle:741 - 週期1061 檢測結果: DR_F=14, 總數=28
2025-07-24 20:19:01 [INFO] AutoFeeding:feeding_cycle:768 - 找到保護區內DR_F: (-95.52, 262.6)
2025-07-24 20:19:01 [INFO] AutoFeeding:set_dr_f_available:720 - DR_F已就緒: (-95.52, 262.6), Flow1可直接讀取座標
2025-07-24 20:19:02 [DEBUG] AutoFeeding:trigger_ccd1_detection:553 - 發送檢測指令前 - 201狀態: 9
2025-07-24 20:19:02 [DEBUG] AutoFeeding:trigger_ccd1_detection:561 - 已發送控制指令16到寄存器200
2025-07-24 20:19:03 [DEBUG] AutoFeeding:trigger_ccd1_detection:580 - CCD1檢測完成標誌確認
2025-07-24 20:19:03 [INFO] AutoFeeding:feeding_cycle:741 - 週期1062 檢測結果: DR_F=14, 總數=28
2025-07-24 20:19:03 [INFO] AutoFeeding:feeding_cycle:768 - 找到保護區內DR_F: (-95.52, 262.6)
2025-07-24 20:19:03 [INFO] AutoFeeding:set_dr_f_available:720 - DR_F已就緒: (-95.52, 262.6), Flow1可直接讀取座標
2025-07-24 20:19:04 [DEBUG] AutoFeeding:trigger_ccd1_detection:553 - 發送檢測指令前 - 201狀態: 9
2025-07-24 20:19:04 [DEBUG] AutoFeeding:trigger_ccd1_detection:561 - 已發送控制指令16到寄存器200
2025-07-24 20:19:05 [DEBUG] AutoFeeding:trigger_ccd1_detection:580 - CCD1檢測完成標誌確認
2025-07-24 20:19:05 [INFO] AutoFeeding:feeding_cycle:741 - 週期1063 檢測結果: DR_F=14, 總數=28
2025-07-24 20:19:05 [INFO] AutoFeeding:feeding_cycle:768 - 找到保護區內DR_F: (-95.52, 262.6)
2025-07-24 20:19:05 [INFO] AutoFeeding:set_dr_f_available:720 - DR_F已就緒: (-95.52, 262.6), Flow1可直接讀取座標
2025-07-24 20:19:06 [DEBUG] AutoFeeding:trigger_ccd1_detection:553 - 發送檢測指令前 - 201狀態: 9
2025-07-24 20:19:06 [DEBUG] AutoFeeding:trigger_ccd1_detection:561 - 已發送控制指令16到寄存器200
2025-07-24 20:19:07 [DEBUG] AutoFeeding:trigger_ccd1_detection:580 - CCD1檢測完成標誌確認
2025-07-24 20:19:07 [INFO] AutoFeeding:feeding_cycle:741 - 週期1064 檢測結果: DR_F=14, 總數=28
2025-07-24 20:19:07 [INFO] AutoFeeding:feeding_cycle:768 - 找到保護區內DR_F: (-95.52, 262.6)
2025-07-24 20:19:07 [INFO] AutoFeeding:set_dr_f_available:720 - DR_F已就緒: (-95.52, 262.6), Flow1可直接讀取座標
2025-07-24 20:19:08 [DEBUG] AutoFeeding:trigger_ccd1_detection:553 - 發送檢測指令前 - 201狀態: 9
2025-07-24 20:19:08 [DEBUG] AutoFeeding:trigger_ccd1_detection:561 - 已發送控制指令16到寄存器200
2025-07-24 20:19:09 [DEBUG] AutoFeeding:trigger_ccd1_detection:580 - CCD1檢測完成標誌確認
2025-07-24 20:19:09 [INFO] AutoFeeding:feeding_cycle:741 - 週期1065 檢測結果: DR_F=14, 總數=28
2025-07-24 20:19:09 [INFO] AutoFeeding:feeding_cycle:768 - 找到保護區內DR_F: (-95.51, 262.6)
2025-07-24 20:19:09 [INFO] AutoFeeding:set_dr_f_available:720 - DR_F已就緒: (-95.51, 262.6), Flow1可直接讀取座標
2025-07-24 20:19:10 [DEBUG] AutoFeeding:trigger_ccd1_detection:553 - 發送檢測指令前 - 201狀態: 9
2025-07-24 20:19:10 [DEBUG] AutoFeeding:trigger_ccd1_detection:561 - 已發送控制指令16到寄存器200
2025-07-24 20:19:11 [DEBUG] AutoFeeding:trigger_ccd1_detection:580 - CCD1檢測完成標誌確認
2025-07-24 20:19:11 [INFO] AutoFeeding:feeding_cycle:741 - 週期1066 檢測結果: DR_F=14, 總數=28
2025-07-24 20:19:11 [INFO] AutoFeeding:feeding_cycle:768 - 找到保護區內DR_F: (-95.52, 262.6)
2025-07-24 20:19:11 [INFO] AutoFeeding:set_dr_f_available:720 - DR_F已就緒: (-95.52, 262.6), Flow1可直接讀取座標
2025-07-24 20:19:12 [DEBUG] AutoFeeding:trigger_ccd1_detection:553 - 發送檢測指令前 - 201狀態: 9
2025-07-24 20:19:12 [DEBUG] AutoFeeding:trigger_ccd1_detection:561 - 已發送控制指令16到寄存器200
2025-07-24 20:19:13 [DEBUG] AutoFeeding:trigger_ccd1_detection:580 - CCD1檢測完成標誌確認
2025-07-24 20:19:13 [INFO] AutoFeeding:feeding_cycle:741 - 週期1067 檢測結果: DR_F=14, 總數=28
2025-07-24 20:19:13 [INFO] AutoFeeding:feeding_cycle:768 - 找到保護區內DR_F: (-95.52, 262.6)
2025-07-24 20:19:13 [INFO] AutoFeeding:set_dr_f_available:720 - DR_F已就緒: (-95.52, 262.6), Flow1可直接讀取座標
2025-07-24 20:19:14 [DEBUG] AutoFeeding:trigger_ccd1_detection:553 - 發送檢測指令前 - 201狀態: 9
2025-07-24 20:19:14 [DEBUG] AutoFeeding:trigger_ccd1_detection:561 - 已發送控制指令16到寄存器200
2025-07-24 20:19:15 [DEBUG] AutoFeeding:trigger_ccd1_detection:580 - CCD1檢測完成標誌確認
2025-07-24 20:19:15 [INFO] AutoFeeding:feeding_cycle:741 - 週期1068 檢測結果: DR_F=14, 總數=28
2025-07-24 20:19:15 [INFO] AutoFeeding:feeding_cycle:768 - 找到保護區內DR_F: (-95.52, 262.6)
2025-07-24 20:19:15 [INFO] AutoFeeding:set_dr_f_available:720 - DR_F已就緒: (-95.52, 262.6), Flow1可直接讀取座標
2025-07-24 20:19:16 [DEBUG] AutoFeeding:trigger_ccd1_detection:553 - 發送檢測指令前 - 201狀態: 9
2025-07-24 20:19:16 [DEBUG] AutoFeeding:trigger_ccd1_detection:561 - 已發送控制指令16到寄存器200
2025-07-24 20:19:17 [DEBUG] AutoFeeding:trigger_ccd1_detection:580 - CCD1檢測完成標誌確認
2025-07-24 20:19:17 [INFO] AutoFeeding:feeding_cycle:741 - 週期1069 檢測結果: DR_F=14, 總數=28
2025-07-24 20:19:17 [INFO] AutoFeeding:feeding_cycle:768 - 找到保護區內DR_F: (-95.52, 262.6)
2025-07-24 20:19:17 [INFO] AutoFeeding:set_dr_f_available:720 - DR_F已就緒: (-95.52, 262.6), Flow1可直接讀取座標
2025-07-24 20:19:18 [DEBUG] AutoFeeding:trigger_ccd1_detection:553 - 發送檢測指令前 - 201狀態: 9
2025-07-24 20:19:18 [DEBUG] AutoFeeding:trigger_ccd1_detection:561 - 已發送控制指令16到寄存器200
2025-07-24 20:19:19 [DEBUG] AutoFeeding:trigger_ccd1_detection:580 - CCD1檢測完成標誌確認
2025-07-24 20:19:19 [INFO] AutoFeeding:feeding_cycle:741 - 週期1070 檢測結果: DR_F=14, 總數=28
2025-07-24 20:19:19 [INFO] AutoFeeding:feeding_cycle:768 - 找到保護區內DR_F: (-95.52, 262.6)
2025-07-24 20:19:19 [INFO] AutoFeeding:set_dr_f_available:720 - DR_F已就緒: (-95.52, 262.6), Flow1可直接讀取座標
2025-07-24 20:19:20 [DEBUG] AutoFeeding:trigger_ccd1_detection:553 - 發送檢測指令前 - 201狀態: 9
2025-07-24 20:19:20 [DEBUG] AutoFeeding:trigger_ccd1_detection:561 - 已發送控制指令16到寄存器200
2025-07-24 20:19:21 [DEBUG] AutoFeeding:trigger_ccd1_detection:580 - CCD1檢測完成標誌確認
2025-07-24 20:19:21 [INFO] AutoFeeding:feeding_cycle:741 - 週期1071 檢測結果: DR_F=14, 總數=28
2025-07-24 20:19:21 [INFO] AutoFeeding:feeding_cycle:768 - 找到保護區內DR_F: (-95.52, 262.6)
2025-07-24 20:19:21 [INFO] AutoFeeding:set_dr_f_available:720 - DR_F已就緒: (-95.52, 262.6), Flow1可直接讀取座標
2025-07-24 20:19:22 [DEBUG] AutoFeeding:trigger_ccd1_detection:553 - 發送檢測指令前 - 201狀態: 9
2025-07-24 20:19:22 [DEBUG] AutoFeeding:trigger_ccd1_detection:561 - 已發送控制指令16到寄存器200
2025-07-24 20:19:23 [DEBUG] AutoFeeding:trigger_ccd1_detection:580 - CCD1檢測完成標誌確認
2025-07-24 20:19:23 [INFO] AutoFeeding:feeding_cycle:741 - 週期1072 檢測結果: DR_F=14, 總數=28
2025-07-24 20:19:23 [INFO] AutoFeeding:feeding_cycle:768 - 找到保護區內DR_F: (-95.52, 262.6)
2025-07-24 20:19:23 [INFO] AutoFeeding:set_dr_f_available:720 - DR_F已就緒: (-95.52, 262.6), Flow1可直接讀取座標
2025-07-24 20:19:24 [DEBUG] AutoFeeding:trigger_ccd1_detection:553 - 發送檢測指令前 - 201狀態: 9
2025-07-24 20:19:24 [DEBUG] AutoFeeding:trigger_ccd1_detection:561 - 已發送控制指令16到寄存器200
2025-07-24 20:19:25 [DEBUG] AutoFeeding:trigger_ccd1_detection:580 - CCD1檢測完成標誌確認
2025-07-24 20:19:25 [INFO] AutoFeeding:feeding_cycle:741 - 週期1073 檢測結果: DR_F=14, 總數=28
2025-07-24 20:19:25 [INFO] AutoFeeding:feeding_cycle:768 - 找到保護區內DR_F: (-95.52, 262.59)
2025-07-24 20:19:25 [INFO] AutoFeeding:set_dr_f_available:720 - DR_F已就緒: (-95.52, 262.59), Flow1可直接讀取座標
2025-07-24 20:19:26 [DEBUG] AutoFeeding:trigger_ccd1_detection:553 - 發送檢測指令前 - 201狀態: 9
2025-07-24 20:19:26 [DEBUG] AutoFeeding:trigger_ccd1_detection:561 - 已發送控制指令16到寄存器200
2025-07-24 20:19:27 [DEBUG] AutoFeeding:trigger_ccd1_detection:580 - CCD1檢測完成標誌確認
2025-07-24 20:19:27 [INFO] AutoFeeding:feeding_cycle:741 - 週期1074 檢測結果: DR_F=14, 總數=28
2025-07-24 20:19:27 [INFO] AutoFeeding:feeding_cycle:768 - 找到保護區內DR_F: (-95.52, 262.6)
2025-07-24 20:19:27 [INFO] AutoFeeding:set_dr_f_available:720 - DR_F已就緒: (-95.52, 262.6), Flow1可直接讀取座標
2025-07-24 20:19:28 [DEBUG] AutoFeeding:trigger_ccd1_detection:553 - 發送檢測指令前 - 201狀態: 9
2025-07-24 20:19:28 [DEBUG] AutoFeeding:trigger_ccd1_detection:561 - 已發送控制指令16到寄存器200
2025-07-24 20:19:29 [DEBUG] AutoFeeding:trigger_ccd1_detection:580 - CCD1檢測完成標誌確認
2025-07-24 20:19:29 [INFO] AutoFeeding:feeding_cycle:741 - 週期1075 檢測結果: DR_F=14, 總數=28
2025-07-24 20:19:29 [INFO] AutoFeeding:feeding_cycle:768 - 找到保護區內DR_F: (-95.52, 262.6)
2025-07-24 20:19:29 [INFO] AutoFeeding:set_dr_f_available:720 - DR_F已就緒: (-95.52, 262.6), Flow1可直接讀取座標
2025-07-24 20:19:30 [DEBUG] AutoFeeding:trigger_ccd1_detection:553 - 發送檢測指令前 - 201狀態: 9
2025-07-24 20:19:30 [DEBUG] AutoFeeding:trigger_ccd1_detection:561 - 已發送控制指令16到寄存器200
2025-07-24 20:19:31 [DEBUG] AutoFeeding:trigger_ccd1_detection:580 - CCD1檢測完成標誌確認
2025-07-24 20:19:31 [INFO] AutoFeeding:feeding_cycle:741 - 週期1076 檢測結果: DR_F=14, 總數=28
2025-07-24 20:19:31 [INFO] AutoFeeding:feeding_cycle:768 - 找到保護區內DR_F: (-95.52, 262.6)
2025-07-24 20:19:31 [INFO] AutoFeeding:set_dr_f_available:720 - DR_F已就緒: (-95.52, 262.6), Flow1可直接讀取座標
2025-07-24 20:19:32 [DEBUG] AutoFeeding:trigger_ccd1_detection:553 - 發送檢測指令前 - 201狀態: 9
2025-07-24 20:19:32 [DEBUG] AutoFeeding:trigger_ccd1_detection:561 - 已發送控制指令16到寄存器200
2025-07-24 20:19:33 [DEBUG] AutoFeeding:trigger_ccd1_detection:580 - CCD1檢測完成標誌確認
2025-07-24 20:19:33 [INFO] AutoFeeding:feeding_cycle:741 - 週期1077 檢測結果: DR_F=14, 總數=28
2025-07-24 20:19:33 [INFO] AutoFeeding:feeding_cycle:768 - 找到保護區內DR_F: (-95.52, 262.6)
2025-07-24 20:19:33 [INFO] AutoFeeding:set_dr_f_available:720 - DR_F已就緒: (-95.52, 262.6), Flow1可直接讀取座標
2025-07-24 20:19:34 [DEBUG] AutoFeeding:trigger_ccd1_detection:553 - 發送檢測指令前 - 201狀態: 9
2025-07-24 20:19:34 [DEBUG] AutoFeeding:trigger_ccd1_detection:561 - 已發送控制指令16到寄存器200
2025-07-24 20:19:35 [DEBUG] AutoFeeding:trigger_ccd1_detection:580 - CCD1檢測完成標誌確認
2025-07-24 20:19:35 [INFO] AutoFeeding:feeding_cycle:741 - 週期1078 檢測結果: DR_F=14, 總數=28
2025-07-24 20:19:35 [INFO] AutoFeeding:feeding_cycle:768 - 找到保護區內DR_F: (-95.52, 262.6)
2025-07-24 20:19:35 [INFO] AutoFeeding:set_dr_f_available:720 - DR_F已就緒: (-95.52, 262.6), Flow1可直接讀取座標
2025-07-24 20:19:36 [DEBUG] AutoFeeding:trigger_ccd1_detection:553 - 發送檢測指令前 - 201狀態: 9
2025-07-24 20:19:36 [DEBUG] AutoFeeding:trigger_ccd1_detection:561 - 已發送控制指令16到寄存器200
2025-07-24 20:19:38 [DEBUG] AutoFeeding:trigger_ccd1_detection:580 - CCD1檢測完成標誌確認
2025-07-24 20:19:38 [INFO] AutoFeeding:feeding_cycle:741 - 週期1079 檢測結果: DR_F=14, 總數=28
2025-07-24 20:19:38 [INFO] AutoFeeding:feeding_cycle:768 - 找到保護區內DR_F: (-95.52, 262.6)
2025-07-24 20:19:38 [INFO] AutoFeeding:set_dr_f_available:720 - DR_F已就緒: (-95.52, 262.6), Flow1可直接讀取座標
2025-07-24 20:19:39 [DEBUG] AutoFeeding:trigger_ccd1_detection:553 - 發送檢測指令前 - 201狀態: 9
2025-07-24 20:19:39 [DEBUG] AutoFeeding:trigger_ccd1_detection:561 - 已發送控制指令16到寄存器200
2025-07-24 20:19:40 [DEBUG] AutoFeeding:trigger_ccd1_detection:580 - CCD1檢測完成標誌確認
2025-07-24 20:19:40 [INFO] AutoFeeding:feeding_cycle:741 - 週期1080 檢測結果: DR_F=14, 總數=28
2025-07-24 20:19:40 [INFO] AutoFeeding:feeding_cycle:768 - 找到保護區內DR_F: (-95.51, 262.6)
2025-07-24 20:19:40 [INFO] AutoFeeding:set_dr_f_available:720 - DR_F已就緒: (-95.51, 262.6), Flow1可直接讀取座標
2025-07-24 20:19:41 [DEBUG] AutoFeeding:trigger_ccd1_detection:553 - 發送檢測指令前 - 201狀態: 9
2025-07-24 20:19:41 [DEBUG] AutoFeeding:trigger_ccd1_detection:561 - 已發送控制指令16到寄存器200
2025-07-24 20:19:42 [DEBUG] AutoFeeding:trigger_ccd1_detection:580 - CCD1檢測完成標誌確認
2025-07-24 20:19:42 [INFO] AutoFeeding:feeding_cycle:741 - 週期1081 檢測結果: DR_F=14, 總數=28
2025-07-24 20:19:42 [INFO] AutoFeeding:feeding_cycle:768 - 找到保護區內DR_F: (-95.52, 262.6)
2025-07-24 20:19:42 [INFO] AutoFeeding:set_dr_f_available:720 - DR_F已就緒: (-95.52, 262.6), Flow1可直接讀取座標
2025-07-24 20:19:43 [DEBUG] AutoFeeding:trigger_ccd1_detection:553 - 發送檢測指令前 - 201狀態: 9
2025-07-24 20:19:43 [DEBUG] AutoFeeding:trigger_ccd1_detection:561 - 已發送控制指令16到寄存器200
2025-07-24 20:19:44 [DEBUG] AutoFeeding:trigger_ccd1_detection:580 - CCD1檢測完成標誌確認
2025-07-24 20:19:44 [INFO] AutoFeeding:feeding_cycle:741 - 週期1082 檢測結果: DR_F=14, 總數=28
2025-07-24 20:19:44 [INFO] AutoFeeding:feeding_cycle:768 - 找到保護區內DR_F: (-95.52, 262.6)
2025-07-24 20:19:44 [INFO] AutoFeeding:set_dr_f_available:720 - DR_F已就緒: (-95.52, 262.6), Flow1可直接讀取座標
2025-07-24 20:19:45 [DEBUG] AutoFeeding:trigger_ccd1_detection:553 - 發送檢測指令前 - 201狀態: 9
2025-07-24 20:19:45 [DEBUG] AutoFeeding:trigger_ccd1_detection:561 - 已發送控制指令16到寄存器200
2025-07-24 20:19:46 [DEBUG] AutoFeeding:trigger_ccd1_detection:580 - CCD1檢測完成標誌確認
2025-07-24 20:19:46 [INFO] AutoFeeding:feeding_cycle:741 - 週期1083 檢測結果: DR_F=14, 總數=28
2025-07-24 20:19:46 [INFO] AutoFeeding:feeding_cycle:768 - 找到保護區內DR_F: (-95.52, 262.6)
2025-07-24 20:19:46 [INFO] AutoFeeding:set_dr_f_available:720 - DR_F已就緒: (-95.52, 262.6), Flow1可直接讀取座標
2025-07-24 20:19:47 [DEBUG] AutoFeeding:trigger_ccd1_detection:553 - 發送檢測指令前 - 201狀態: 9
2025-07-24 20:19:47 [DEBUG] AutoFeeding:trigger_ccd1_detection:561 - 已發送控制指令16到寄存器200
2025-07-24 20:19:48 [DEBUG] AutoFeeding:trigger_ccd1_detection:580 - CCD1檢測完成標誌確認
2025-07-24 20:19:48 [INFO] AutoFeeding:feeding_cycle:741 - 週期1084 檢測結果: DR_F=14, 總數=28
2025-07-24 20:19:48 [INFO] AutoFeeding:feeding_cycle:768 - 找到保護區內DR_F: (-95.52, 262.6)
2025-07-24 20:19:48 [INFO] AutoFeeding:set_dr_f_available:720 - DR_F已就緒: (-95.52, 262.6), Flow1可直接讀取座標
2025-07-24 20:19:49 [DEBUG] AutoFeeding:trigger_ccd1_detection:553 - 發送檢測指令前 - 201狀態: 9
2025-07-24 20:19:49 [DEBUG] AutoFeeding:trigger_ccd1_detection:561 - 已發送控制指令16到寄存器200
2025-07-24 20:19:50 [DEBUG] AutoFeeding:trigger_ccd1_detection:580 - CCD1檢測完成標誌確認
2025-07-24 20:19:50 [INFO] AutoFeeding:feeding_cycle:741 - 週期1085 檢測結果: DR_F=14, 總數=28
2025-07-24 20:19:50 [INFO] AutoFeeding:feeding_cycle:768 - 找到保護區內DR_F: (-95.52, 262.6)
2025-07-24 20:19:50 [INFO] AutoFeeding:set_dr_f_available:720 - DR_F已就緒: (-95.52, 262.6), Flow1可直接讀取座標
2025-07-24 20:19:51 [DEBUG] AutoFeeding:trigger_ccd1_detection:553 - 發送檢測指令前 - 201狀態: 9
2025-07-24 20:19:51 [DEBUG] AutoFeeding:trigger_ccd1_detection:561 - 已發送控制指令16到寄存器200
2025-07-24 20:19:52 [DEBUG] AutoFeeding:trigger_ccd1_detection:580 - CCD1檢測完成標誌確認
2025-07-24 20:19:52 [INFO] AutoFeeding:feeding_cycle:741 - 週期1086 檢測結果: DR_F=14, 總數=28
2025-07-24 20:19:52 [INFO] AutoFeeding:feeding_cycle:768 - 找到保護區內DR_F: (-95.52, 262.6)
2025-07-24 20:19:52 [INFO] AutoFeeding:set_dr_f_available:720 - DR_F已就緒: (-95.52, 262.6), Flow1可直接讀取座標
2025-07-24 20:19:53 [DEBUG] AutoFeeding:trigger_ccd1_detection:553 - 發送檢測指令前 - 201狀態: 9
2025-07-24 20:19:53 [DEBUG] AutoFeeding:trigger_ccd1_detection:561 - 已發送控制指令16到寄存器200
2025-07-24 20:19:54 [DEBUG] AutoFeeding:trigger_ccd1_detection:580 - CCD1檢測完成標誌確認
2025-07-24 20:19:54 [INFO] AutoFeeding:feeding_cycle:741 - 週期1087 檢測結果: DR_F=14, 總數=28
2025-07-24 20:19:54 [INFO] AutoFeeding:feeding_cycle:768 - 找到保護區內DR_F: (-95.51, 262.6)
2025-07-24 20:19:54 [INFO] AutoFeeding:set_dr_f_available:720 - DR_F已就緒: (-95.51, 262.6), Flow1可直接讀取座標
2025-07-24 20:19:55 [DEBUG] AutoFeeding:trigger_ccd1_detection:553 - 發送檢測指令前 - 201狀態: 9
2025-07-24 20:19:55 [DEBUG] AutoFeeding:trigger_ccd1_detection:561 - 已發送控制指令16到寄存器200
2025-07-24 20:19:56 [DEBUG] AutoFeeding:trigger_ccd1_detection:580 - CCD1檢測完成標誌確認
2025-07-24 20:19:56 [INFO] AutoFeeding:feeding_cycle:741 - 週期1088 檢測結果: DR_F=14, 總數=28
2025-07-24 20:19:56 [INFO] AutoFeeding:feeding_cycle:768 - 找到保護區內DR_F: (-95.52, 262.6)
2025-07-24 20:19:56 [INFO] AutoFeeding:set_dr_f_available:720 - DR_F已就緒: (-95.52, 262.6), Flow1可直接讀取座標
2025-07-24 20:19:57 [DEBUG] AutoFeeding:trigger_ccd1_detection:553 - 發送檢測指令前 - 201狀態: 9
2025-07-24 20:19:57 [DEBUG] AutoFeeding:trigger_ccd1_detection:561 - 已發送控制指令16到寄存器200
2025-07-24 20:19:58 [DEBUG] AutoFeeding:trigger_ccd1_detection:580 - CCD1檢測完成標誌確認
2025-07-24 20:19:58 [INFO] AutoFeeding:feeding_cycle:741 - 週期1089 檢測結果: DR_F=14, 總數=28
2025-07-24 20:19:58 [INFO] AutoFeeding:feeding_cycle:768 - 找到保護區內DR_F: (-95.51, 262.6)
2025-07-24 20:19:58 [INFO] AutoFeeding:set_dr_f_available:720 - DR_F已就緒: (-95.51, 262.6), Flow1可直接讀取座標
2025-07-24 20:19:59 [DEBUG] AutoFeeding:trigger_ccd1_detection:553 - 發送檢測指令前 - 201狀態: 9
2025-07-24 20:19:59 [DEBUG] AutoFeeding:trigger_ccd1_detection:561 - 已發送控制指令16到寄存器200
2025-07-24 20:20:00 [DEBUG] AutoFeeding:trigger_ccd1_detection:580 - CCD1檢測完成標誌確認
2025-07-24 20:20:00 [INFO] AutoFeeding:feeding_cycle:741 - 週期1090 檢測結果: DR_F=14, 總數=28
2025-07-24 20:20:00 [INFO] AutoFeeding:feeding_cycle:768 - 找到保護區內DR_F: (-95.52, 262.6)
2025-07-24 20:20:00 [INFO] AutoFeeding:set_dr_f_available:720 - DR_F已就緒: (-95.52, 262.6), Flow1可直接讀取座標
2025-07-24 20:20:01 [DEBUG] AutoFeeding:trigger_ccd1_detection:553 - 發送檢測指令前 - 201狀態: 9
2025-07-24 20:20:01 [DEBUG] AutoFeeding:trigger_ccd1_detection:561 - 已發送控制指令16到寄存器200
2025-07-24 20:20:02 [DEBUG] AutoFeeding:trigger_ccd1_detection:580 - CCD1檢測完成標誌確認
2025-07-24 20:20:02 [INFO] AutoFeeding:feeding_cycle:741 - 週期1091 檢測結果: DR_F=14, 總數=28
2025-07-24 20:20:02 [INFO] AutoFeeding:feeding_cycle:768 - 找到保護區內DR_F: (-95.52, 262.6)
2025-07-24 20:20:02 [INFO] AutoFeeding:set_dr_f_available:720 - DR_F已就緒: (-95.52, 262.6), Flow1可直接讀取座標
2025-07-24 20:20:03 [DEBUG] AutoFeeding:trigger_ccd1_detection:553 - 發送檢測指令前 - 201狀態: 9
2025-07-24 20:20:03 [DEBUG] AutoFeeding:trigger_ccd1_detection:561 - 已發送控制指令16到寄存器200
2025-07-24 20:20:04 [DEBUG] AutoFeeding:trigger_ccd1_detection:580 - CCD1檢測完成標誌確認
2025-07-24 20:20:04 [INFO] AutoFeeding:feeding_cycle:741 - 週期1092 檢測結果: DR_F=14, 總數=28
2025-07-24 20:20:04 [INFO] AutoFeeding:feeding_cycle:768 - 找到保護區內DR_F: (-95.52, 262.6)
2025-07-24 20:20:04 [INFO] AutoFeeding:set_dr_f_available:720 - DR_F已就緒: (-95.52, 262.6), Flow1可直接讀取座標
2025-07-24 20:20:05 [DEBUG] AutoFeeding:trigger_ccd1_detection:553 - 發送檢測指令前 - 201狀態: 9
2025-07-24 20:20:05 [DEBUG] AutoFeeding:trigger_ccd1_detection:561 - 已發送控制指令16到寄存器200
2025-07-24 20:20:06 [DEBUG] AutoFeeding:trigger_ccd1_detection:580 - CCD1檢測完成標誌確認
2025-07-24 20:20:06 [INFO] AutoFeeding:feeding_cycle:741 - 週期1093 檢測結果: DR_F=14, 總數=28
2025-07-24 20:20:06 [INFO] AutoFeeding:feeding_cycle:768 - 找到保護區內DR_F: (-95.51, 262.6)
2025-07-24 20:20:06 [INFO] AutoFeeding:set_dr_f_available:720 - DR_F已就緒: (-95.51, 262.6), Flow1可直接讀取座標
2025-07-24 20:20:07 [DEBUG] AutoFeeding:trigger_ccd1_detection:553 - 發送檢測指令前 - 201狀態: 9
2025-07-24 20:20:07 [DEBUG] AutoFeeding:trigger_ccd1_detection:561 - 已發送控制指令16到寄存器200
2025-07-24 20:20:08 [DEBUG] AutoFeeding:trigger_ccd1_detection:580 - CCD1檢測完成標誌確認
2025-07-24 20:20:08 [INFO] AutoFeeding:feeding_cycle:741 - 週期1094 檢測結果: DR_F=14, 總數=28
2025-07-24 20:20:08 [INFO] AutoFeeding:feeding_cycle:768 - 找到保護區內DR_F: (-95.51, 262.6)
2025-07-24 20:20:08 [INFO] AutoFeeding:set_dr_f_available:720 - DR_F已就緒: (-95.51, 262.6), Flow1可直接讀取座標
2025-07-24 20:20:09 [DEBUG] AutoFeeding:trigger_ccd1_detection:553 - 發送檢測指令前 - 201狀態: 9
2025-07-24 20:20:09 [DEBUG] AutoFeeding:trigger_ccd1_detection:561 - 已發送控制指令16到寄存器200
2025-07-24 20:20:10 [DEBUG] AutoFeeding:trigger_ccd1_detection:580 - CCD1檢測完成標誌確認
2025-07-24 20:20:10 [INFO] AutoFeeding:feeding_cycle:741 - 週期1095 檢測結果: DR_F=14, 總數=28
2025-07-24 20:20:10 [INFO] AutoFeeding:feeding_cycle:768 - 找到保護區內DR_F: (-95.52, 262.6)
2025-07-24 20:20:10 [INFO] AutoFeeding:set_dr_f_available:720 - DR_F已就緒: (-95.52, 262.6), Flow1可直接讀取座標
2025-07-24 20:20:11 [DEBUG] AutoFeeding:trigger_ccd1_detection:553 - 發送檢測指令前 - 201狀態: 9
2025-07-24 20:20:11 [DEBUG] AutoFeeding:trigger_ccd1_detection:561 - 已發送控制指令16到寄存器200
2025-07-24 20:20:12 [DEBUG] AutoFeeding:trigger_ccd1_detection:580 - CCD1檢測完成標誌確認
2025-07-24 20:20:12 [INFO] AutoFeeding:feeding_cycle:741 - 週期1096 檢測結果: DR_F=14, 總數=28
2025-07-24 20:20:12 [INFO] AutoFeeding:feeding_cycle:768 - 找到保護區內DR_F: (-95.52, 262.6)
2025-07-24 20:20:12 [INFO] AutoFeeding:set_dr_f_available:720 - DR_F已就緒: (-95.52, 262.6), Flow1可直接讀取座標
2025-07-24 20:20:13 [DEBUG] AutoFeeding:trigger_ccd1_detection:553 - 發送檢測指令前 - 201狀態: 9
2025-07-24 20:20:13 [DEBUG] AutoFeeding:trigger_ccd1_detection:561 - 已發送控制指令16到寄存器200
2025-07-24 20:20:14 [DEBUG] AutoFeeding:trigger_ccd1_detection:580 - CCD1檢測完成標誌確認
2025-07-24 20:20:14 [INFO] AutoFeeding:feeding_cycle:741 - 週期1097 檢測結果: DR_F=14, 總數=28
2025-07-24 20:20:14 [INFO] AutoFeeding:feeding_cycle:768 - 找到保護區內DR_F: (-95.52, 262.6)
2025-07-24 20:20:14 [INFO] AutoFeeding:set_dr_f_available:720 - DR_F已就緒: (-95.52, 262.6), Flow1可直接讀取座標
2025-07-24 20:20:15 [DEBUG] AutoFeeding:trigger_ccd1_detection:553 - 發送檢測指令前 - 201狀態: 9
2025-07-24 20:20:15 [DEBUG] AutoFeeding:trigger_ccd1_detection:561 - 已發送控制指令16到寄存器200
2025-07-24 20:20:16 [DEBUG] AutoFeeding:trigger_ccd1_detection:580 - CCD1檢測完成標誌確認
2025-07-24 20:20:16 [INFO] AutoFeeding:feeding_cycle:741 - 週期1098 檢測結果: DR_F=14, 總數=28
2025-07-24 20:20:16 [INFO] AutoFeeding:feeding_cycle:768 - 找到保護區內DR_F: (-95.52, 262.6)
2025-07-24 20:20:16 [INFO] AutoFeeding:set_dr_f_available:720 - DR_F已就緒: (-95.52, 262.6), Flow1可直接讀取座標
2025-07-24 20:20:17 [DEBUG] AutoFeeding:trigger_ccd1_detection:553 - 發送檢測指令前 - 201狀態: 9
2025-07-24 20:20:17 [DEBUG] AutoFeeding:trigger_ccd1_detection:561 - 已發送控制指令16到寄存器200
2025-07-24 20:20:18 [DEBUG] AutoFeeding:trigger_ccd1_detection:580 - CCD1檢測完成標誌確認
2025-07-24 20:20:18 [INFO] AutoFeeding:feeding_cycle:741 - 週期1099 檢測結果: DR_F=14, 總數=28
2025-07-24 20:20:18 [INFO] AutoFeeding:feeding_cycle:768 - 找到保護區內DR_F: (-95.52, 262.6)
2025-07-24 20:20:18 [INFO] AutoFeeding:set_dr_f_available:720 - DR_F已就緒: (-95.52, 262.6), Flow1可直接讀取座標
2025-07-24 20:20:19 [DEBUG] AutoFeeding:trigger_ccd1_detection:553 - 發送檢測指令前 - 201狀態: 9
2025-07-24 20:20:19 [DEBUG] AutoFeeding:trigger_ccd1_detection:561 - 已發送控制指令16到寄存器200
2025-07-24 20:20:20 [DEBUG] AutoFeeding:trigger_ccd1_detection:580 - CCD1檢測完成標誌確認
2025-07-24 20:20:20 [INFO] AutoFeeding:feeding_cycle:741 - 週期1100 檢測結果: DR_F=14, 總數=28
2025-07-24 20:20:20 [INFO] AutoFeeding:feeding_cycle:768 - 找到保護區內DR_F: (-95.52, 262.6)
2025-07-24 20:20:20 [INFO] AutoFeeding:set_dr_f_available:720 - DR_F已就緒: (-95.52, 262.6), Flow1可直接讀取座標
2025-07-24 20:20:21 [DEBUG] AutoFeeding:check_modules_status:480 - CCD1狀態: 9 (Ready=True, Running=False, Alarm=False, Init=True)
2025-07-24 20:20:21 [DEBUG] AutoFeeding:trigger_ccd1_detection:553 - 發送檢測指令前 - 201狀態: 9
2025-07-24 20:20:21 [DEBUG] AutoFeeding:trigger_ccd1_detection:561 - 已發送控制指令16到寄存器200
2025-07-24 20:20:23 [DEBUG] AutoFeeding:trigger_ccd1_detection:580 - CCD1檢測完成標誌確認
2025-07-24 20:20:23 [INFO] AutoFeeding:feeding_cycle:741 - 週期1101 檢測結果: DR_F=14, 總數=28
2025-07-24 20:20:23 [INFO] AutoFeeding:feeding_cycle:768 - 找到保護區內DR_F: (-95.52, 262.6)
2025-07-24 20:20:23 [INFO] AutoFeeding:set_dr_f_available:720 - DR_F已就緒: (-95.52, 262.6), Flow1可直接讀取座標
2025-07-24 20:20:24 [DEBUG] AutoFeeding:check_flow_and_progress_status:432 - Flow監控: 1201=0, 1202=100, 阻擋=False
2025-07-24 20:20:24 [DEBUG] AutoFeeding:trigger_ccd1_detection:553 - 發送檢測指令前 - 201狀態: 9
2025-07-24 20:20:24 [DEBUG] AutoFeeding:trigger_ccd1_detection:561 - 已發送控制指令16到寄存器200
2025-07-24 20:20:25 [DEBUG] AutoFeeding:trigger_ccd1_detection:580 - CCD1檢測完成標誌確認
2025-07-24 20:20:25 [INFO] AutoFeeding:feeding_cycle:741 - 週期1102 檢測結果: DR_F=14, 總數=28
2025-07-24 20:20:25 [INFO] AutoFeeding:feeding_cycle:768 - 找到保護區內DR_F: (-95.52, 262.6)
2025-07-24 20:20:25 [INFO] AutoFeeding:set_dr_f_available:720 - DR_F已就緒: (-95.52, 262.6), Flow1可直接讀取座標
2025-07-24 20:20:26 [DEBUG] AutoFeeding:trigger_ccd1_detection:553 - 發送檢測指令前 - 201狀態: 9
2025-07-24 20:20:26 [DEBUG] AutoFeeding:trigger_ccd1_detection:561 - 已發送控制指令16到寄存器200
2025-07-24 20:20:27 [DEBUG] AutoFeeding:trigger_ccd1_detection:580 - CCD1檢測完成標誌確認
2025-07-24 20:20:27 [INFO] AutoFeeding:feeding_cycle:741 - 週期1103 檢測結果: DR_F=14, 總數=28
2025-07-24 20:20:27 [INFO] AutoFeeding:feeding_cycle:768 - 找到保護區內DR_F: (-95.52, 262.6)
2025-07-24 20:20:27 [INFO] AutoFeeding:set_dr_f_available:720 - DR_F已就緒: (-95.52, 262.6), Flow1可直接讀取座標
2025-07-24 20:20:28 [DEBUG] AutoFeeding:trigger_ccd1_detection:553 - 發送檢測指令前 - 201狀態: 9
2025-07-24 20:20:28 [DEBUG] AutoFeeding:trigger_ccd1_detection:561 - 已發送控制指令16到寄存器200
2025-07-24 20:20:29 [DEBUG] AutoFeeding:trigger_ccd1_detection:580 - CCD1檢測完成標誌確認
2025-07-24 20:20:29 [INFO] AutoFeeding:feeding_cycle:741 - 週期1104 檢測結果: DR_F=14, 總數=28
2025-07-24 20:20:29 [INFO] AutoFeeding:feeding_cycle:768 - 找到保護區內DR_F: (-95.52, 262.6)
2025-07-24 20:20:29 [INFO] AutoFeeding:set_dr_f_available:720 - DR_F已就緒: (-95.52, 262.6), Flow1可直接讀取座標
2025-07-24 20:20:30 [DEBUG] AutoFeeding:trigger_ccd1_detection:553 - 發送檢測指令前 - 201狀態: 9
2025-07-24 20:20:30 [DEBUG] AutoFeeding:trigger_ccd1_detection:561 - 已發送控制指令16到寄存器200
2025-07-24 20:20:31 [DEBUG] AutoFeeding:trigger_ccd1_detection:580 - CCD1檢測完成標誌確認
2025-07-24 20:20:31 [INFO] AutoFeeding:feeding_cycle:741 - 週期1105 檢測結果: DR_F=14, 總數=28
2025-07-24 20:20:31 [INFO] AutoFeeding:feeding_cycle:768 - 找到保護區內DR_F: (-95.52, 262.6)
2025-07-24 20:20:31 [INFO] AutoFeeding:set_dr_f_available:720 - DR_F已就緒: (-95.52, 262.6), Flow1可直接讀取座標
2025-07-24 20:20:32 [DEBUG] AutoFeeding:trigger_ccd1_detection:553 - 發送檢測指令前 - 201狀態: 9
2025-07-24 20:20:32 [DEBUG] AutoFeeding:trigger_ccd1_detection:561 - 已發送控制指令16到寄存器200
2025-07-24 20:20:33 [DEBUG] AutoFeeding:trigger_ccd1_detection:580 - CCD1檢測完成標誌確認
2025-07-24 20:20:33 [INFO] AutoFeeding:feeding_cycle:741 - 週期1106 檢測結果: DR_F=14, 總數=28
2025-07-24 20:20:33 [INFO] AutoFeeding:feeding_cycle:768 - 找到保護區內DR_F: (-95.52, 262.6)
2025-07-24 20:20:33 [INFO] AutoFeeding:set_dr_f_available:720 - DR_F已就緒: (-95.52, 262.6), Flow1可直接讀取座標
2025-07-24 20:20:34 [DEBUG] AutoFeeding:trigger_ccd1_detection:553 - 發送檢測指令前 - 201狀態: 9
2025-07-24 20:20:34 [DEBUG] AutoFeeding:trigger_ccd1_detection:561 - 已發送控制指令16到寄存器200
2025-07-24 20:20:35 [DEBUG] AutoFeeding:trigger_ccd1_detection:580 - CCD1檢測完成標誌確認
2025-07-24 20:20:35 [INFO] AutoFeeding:feeding_cycle:741 - 週期1107 檢測結果: DR_F=14, 總數=28
2025-07-24 20:20:35 [INFO] AutoFeeding:feeding_cycle:768 - 找到保護區內DR_F: (-95.52, 262.6)
2025-07-24 20:20:35 [INFO] AutoFeeding:set_dr_f_available:720 - DR_F已就緒: (-95.52, 262.6), Flow1可直接讀取座標
2025-07-24 20:20:36 [DEBUG] AutoFeeding:trigger_ccd1_detection:553 - 發送檢測指令前 - 201狀態: 9
2025-07-24 20:20:36 [DEBUG] AutoFeeding:trigger_ccd1_detection:561 - 已發送控制指令16到寄存器200
2025-07-24 20:20:37 [DEBUG] AutoFeeding:trigger_ccd1_detection:580 - CCD1檢測完成標誌確認
2025-07-24 20:20:37 [INFO] AutoFeeding:feeding_cycle:741 - 週期1108 檢測結果: DR_F=14, 總數=28
2025-07-24 20:20:37 [INFO] AutoFeeding:feeding_cycle:768 - 找到保護區內DR_F: (-95.52, 262.6)
2025-07-24 20:20:37 [INFO] AutoFeeding:set_dr_f_available:720 - DR_F已就緒: (-95.52, 262.6), Flow1可直接讀取座標
2025-07-24 20:20:38 [DEBUG] AutoFeeding:trigger_ccd1_detection:553 - 發送檢測指令前 - 201狀態: 9
2025-07-24 20:20:38 [DEBUG] AutoFeeding:trigger_ccd1_detection:561 - 已發送控制指令16到寄存器200
2025-07-24 20:20:39 [DEBUG] AutoFeeding:trigger_ccd1_detection:580 - CCD1檢測完成標誌確認
2025-07-24 20:20:39 [INFO] AutoFeeding:feeding_cycle:741 - 週期1109 檢測結果: DR_F=14, 總數=28
2025-07-24 20:20:39 [INFO] AutoFeeding:feeding_cycle:768 - 找到保護區內DR_F: (-95.51, 262.6)
2025-07-24 20:20:39 [INFO] AutoFeeding:set_dr_f_available:720 - DR_F已就緒: (-95.51, 262.6), Flow1可直接讀取座標
2025-07-24 20:20:40 [DEBUG] AutoFeeding:trigger_ccd1_detection:553 - 發送檢測指令前 - 201狀態: 9
2025-07-24 20:20:40 [DEBUG] AutoFeeding:trigger_ccd1_detection:561 - 已發送控制指令16到寄存器200
2025-07-24 20:20:41 [DEBUG] AutoFeeding:trigger_ccd1_detection:580 - CCD1檢測完成標誌確認
2025-07-24 20:20:41 [INFO] AutoFeeding:feeding_cycle:741 - 週期1110 檢測結果: DR_F=14, 總數=28
2025-07-24 20:20:41 [INFO] AutoFeeding:feeding_cycle:768 - 找到保護區內DR_F: (-95.52, 262.6)
2025-07-24 20:20:41 [INFO] AutoFeeding:set_dr_f_available:720 - DR_F已就緒: (-95.52, 262.6), Flow1可直接讀取座標
2025-07-24 20:20:42 [DEBUG] AutoFeeding:trigger_ccd1_detection:553 - 發送檢測指令前 - 201狀態: 9
2025-07-24 20:20:42 [DEBUG] AutoFeeding:trigger_ccd1_detection:561 - 已發送控制指令16到寄存器200
2025-07-24 20:20:43 [DEBUG] AutoFeeding:trigger_ccd1_detection:580 - CCD1檢測完成標誌確認
2025-07-24 20:20:43 [INFO] AutoFeeding:feeding_cycle:741 - 週期1111 檢測結果: DR_F=14, 總數=28
2025-07-24 20:20:43 [INFO] AutoFeeding:feeding_cycle:768 - 找到保護區內DR_F: (-95.52, 262.6)
2025-07-24 20:20:43 [INFO] AutoFeeding:set_dr_f_available:720 - DR_F已就緒: (-95.52, 262.6), Flow1可直接讀取座標
2025-07-24 20:20:44 [DEBUG] AutoFeeding:trigger_ccd1_detection:553 - 發送檢測指令前 - 201狀態: 9
2025-07-24 20:20:44 [DEBUG] AutoFeeding:trigger_ccd1_detection:561 - 已發送控制指令16到寄存器200
2025-07-24 20:20:45 [DEBUG] AutoFeeding:trigger_ccd1_detection:580 - CCD1檢測完成標誌確認
2025-07-24 20:20:45 [INFO] AutoFeeding:feeding_cycle:741 - 週期1112 檢測結果: DR_F=14, 總數=28
2025-07-24 20:20:45 [INFO] AutoFeeding:feeding_cycle:768 - 找到保護區內DR_F: (-95.52, 262.6)
2025-07-24 20:20:45 [INFO] AutoFeeding:set_dr_f_available:720 - DR_F已就緒: (-95.52, 262.6), Flow1可直接讀取座標
2025-07-24 20:20:46 [DEBUG] AutoFeeding:trigger_ccd1_detection:553 - 發送檢測指令前 - 201狀態: 9
2025-07-24 20:20:46 [DEBUG] AutoFeeding:trigger_ccd1_detection:561 - 已發送控制指令16到寄存器200
2025-07-24 20:20:47 [DEBUG] AutoFeeding:trigger_ccd1_detection:580 - CCD1檢測完成標誌確認
2025-07-24 20:20:47 [INFO] AutoFeeding:feeding_cycle:741 - 週期1113 檢測結果: DR_F=14, 總數=28
2025-07-24 20:20:47 [INFO] AutoFeeding:feeding_cycle:768 - 找到保護區內DR_F: (-95.52, 262.6)
2025-07-24 20:20:47 [INFO] AutoFeeding:set_dr_f_available:720 - DR_F已就緒: (-95.52, 262.6), Flow1可直接讀取座標
2025-07-24 20:20:48 [DEBUG] AutoFeeding:trigger_ccd1_detection:553 - 發送檢測指令前 - 201狀態: 9
2025-07-24 20:20:48 [DEBUG] AutoFeeding:trigger_ccd1_detection:561 - 已發送控制指令16到寄存器200
2025-07-24 20:20:49 [DEBUG] AutoFeeding:trigger_ccd1_detection:580 - CCD1檢測完成標誌確認
2025-07-24 20:20:49 [INFO] AutoFeeding:feeding_cycle:741 - 週期1114 檢測結果: DR_F=14, 總數=28
2025-07-24 20:20:49 [INFO] AutoFeeding:feeding_cycle:768 - 找到保護區內DR_F: (-95.52, 262.6)
2025-07-24 20:20:49 [INFO] AutoFeeding:set_dr_f_available:720 - DR_F已就緒: (-95.52, 262.6), Flow1可直接讀取座標
2025-07-24 20:20:50 [DEBUG] AutoFeeding:trigger_ccd1_detection:553 - 發送檢測指令前 - 201狀態: 9
2025-07-24 20:20:50 [DEBUG] AutoFeeding:trigger_ccd1_detection:561 - 已發送控制指令16到寄存器200
2025-07-24 20:20:51 [DEBUG] AutoFeeding:trigger_ccd1_detection:580 - CCD1檢測完成標誌確認
2025-07-24 20:20:51 [INFO] AutoFeeding:feeding_cycle:741 - 週期1115 檢測結果: DR_F=14, 總數=28
2025-07-24 20:20:51 [INFO] AutoFeeding:feeding_cycle:768 - 找到保護區內DR_F: (-95.51, 262.6)
2025-07-24 20:20:51 [INFO] AutoFeeding:set_dr_f_available:720 - DR_F已就緒: (-95.51, 262.6), Flow1可直接讀取座標
2025-07-24 20:20:52 [DEBUG] AutoFeeding:trigger_ccd1_detection:553 - 發送檢測指令前 - 201狀態: 9
2025-07-24 20:20:52 [DEBUG] AutoFeeding:trigger_ccd1_detection:561 - 已發送控制指令16到寄存器200
2025-07-24 20:20:53 [DEBUG] AutoFeeding:trigger_ccd1_detection:580 - CCD1檢測完成標誌確認
2025-07-24 20:20:53 [INFO] AutoFeeding:feeding_cycle:741 - 週期1116 檢測結果: DR_F=14, 總數=28
2025-07-24 20:20:53 [INFO] AutoFeeding:feeding_cycle:768 - 找到保護區內DR_F: (-95.52, 262.6)
2025-07-24 20:20:53 [INFO] AutoFeeding:set_dr_f_available:720 - DR_F已就緒: (-95.52, 262.6), Flow1可直接讀取座標
2025-07-24 20:20:54 [DEBUG] AutoFeeding:trigger_ccd1_detection:553 - 發送檢測指令前 - 201狀態: 9
2025-07-24 20:20:54 [DEBUG] AutoFeeding:trigger_ccd1_detection:561 - 已發送控制指令16到寄存器200
2025-07-24 20:20:55 [DEBUG] AutoFeeding:trigger_ccd1_detection:580 - CCD1檢測完成標誌確認
2025-07-24 20:20:55 [INFO] AutoFeeding:feeding_cycle:741 - 週期1117 檢測結果: DR_F=14, 總數=28
2025-07-24 20:20:55 [INFO] AutoFeeding:feeding_cycle:768 - 找到保護區內DR_F: (-95.51, 262.6)
2025-07-24 20:20:55 [INFO] AutoFeeding:set_dr_f_available:720 - DR_F已就緒: (-95.51, 262.6), Flow1可直接讀取座標
2025-07-24 20:20:56 [DEBUG] AutoFeeding:trigger_ccd1_detection:553 - 發送檢測指令前 - 201狀態: 9
2025-07-24 20:20:56 [DEBUG] AutoFeeding:trigger_ccd1_detection:561 - 已發送控制指令16到寄存器200
2025-07-24 20:20:57 [DEBUG] AutoFeeding:trigger_ccd1_detection:580 - CCD1檢測完成標誌確認
2025-07-24 20:20:57 [INFO] AutoFeeding:feeding_cycle:741 - 週期1118 檢測結果: DR_F=14, 總數=28
2025-07-24 20:20:57 [INFO] AutoFeeding:feeding_cycle:768 - 找到保護區內DR_F: (-95.51, 262.61)
2025-07-24 20:20:57 [INFO] AutoFeeding:set_dr_f_available:720 - DR_F已就緒: (-95.51, 262.61), Flow1可直接讀取座標
2025-07-24 20:20:58 [DEBUG] AutoFeeding:trigger_ccd1_detection:553 - 發送檢測指令前 - 201狀態: 9
2025-07-24 20:20:58 [DEBUG] AutoFeeding:trigger_ccd1_detection:561 - 已發送控制指令16到寄存器200
2025-07-24 20:20:59 [DEBUG] AutoFeeding:trigger_ccd1_detection:580 - CCD1檢測完成標誌確認
2025-07-24 20:20:59 [INFO] AutoFeeding:feeding_cycle:741 - 週期1119 檢測結果: DR_F=14, 總數=28
2025-07-24 20:20:59 [INFO] AutoFeeding:feeding_cycle:768 - 找到保護區內DR_F: (-95.52, 262.6)
2025-07-24 20:20:59 [INFO] AutoFeeding:set_dr_f_available:720 - DR_F已就緒: (-95.52, 262.6), Flow1可直接讀取座標
2025-07-24 20:21:00 [DEBUG] AutoFeeding:trigger_ccd1_detection:553 - 發送檢測指令前 - 201狀態: 9
2025-07-24 20:21:00 [DEBUG] AutoFeeding:trigger_ccd1_detection:561 - 已發送控制指令16到寄存器200
2025-07-24 20:21:01 [DEBUG] AutoFeeding:trigger_ccd1_detection:580 - CCD1檢測完成標誌確認
2025-07-24 20:21:01 [INFO] AutoFeeding:feeding_cycle:741 - 週期1120 檢測結果: DR_F=14, 總數=28
2025-07-24 20:21:01 [INFO] AutoFeeding:feeding_cycle:768 - 找到保護區內DR_F: (-95.52, 262.6)
2025-07-24 20:21:01 [INFO] AutoFeeding:set_dr_f_available:720 - DR_F已就緒: (-95.52, 262.6), Flow1可直接讀取座標
2025-07-24 20:21:02 [DEBUG] AutoFeeding:trigger_ccd1_detection:553 - 發送檢測指令前 - 201狀態: 9
2025-07-24 20:21:02 [DEBUG] AutoFeeding:trigger_ccd1_detection:561 - 已發送控制指令16到寄存器200
2025-07-24 20:21:03 [DEBUG] AutoFeeding:trigger_ccd1_detection:580 - CCD1檢測完成標誌確認
2025-07-24 20:21:03 [INFO] AutoFeeding:feeding_cycle:741 - 週期1121 檢測結果: DR_F=14, 總數=28
2025-07-24 20:21:03 [INFO] AutoFeeding:feeding_cycle:768 - 找到保護區內DR_F: (-95.52, 262.6)
2025-07-24 20:21:03 [INFO] AutoFeeding:set_dr_f_available:720 - DR_F已就緒: (-95.52, 262.6), Flow1可直接讀取座標
2025-07-24 20:21:04 [DEBUG] AutoFeeding:trigger_ccd1_detection:553 - 發送檢測指令前 - 201狀態: 9
2025-07-24 20:21:04 [DEBUG] AutoFeeding:trigger_ccd1_detection:561 - 已發送控制指令16到寄存器200
2025-07-24 20:21:05 [DEBUG] AutoFeeding:trigger_ccd1_detection:580 - CCD1檢測完成標誌確認
2025-07-24 20:21:05 [INFO] AutoFeeding:feeding_cycle:741 - 週期1122 檢測結果: DR_F=14, 總數=28
2025-07-24 20:21:05 [INFO] AutoFeeding:feeding_cycle:768 - 找到保護區內DR_F: (-95.52, 262.6)
2025-07-24 20:21:05 [INFO] AutoFeeding:set_dr_f_available:720 - DR_F已就緒: (-95.52, 262.6), Flow1可直接讀取座標
2025-07-24 20:21:06 [DEBUG] AutoFeeding:trigger_ccd1_detection:553 - 發送檢測指令前 - 201狀態: 9
2025-07-24 20:21:06 [DEBUG] AutoFeeding:trigger_ccd1_detection:561 - 已發送控制指令16到寄存器200
2025-07-24 20:21:08 [DEBUG] AutoFeeding:trigger_ccd1_detection:580 - CCD1檢測完成標誌確認
2025-07-24 20:21:08 [INFO] AutoFeeding:feeding_cycle:741 - 週期1123 檢測結果: DR_F=14, 總數=28
2025-07-24 20:21:08 [INFO] AutoFeeding:feeding_cycle:768 - 找到保護區內DR_F: (-95.53, 262.6)
2025-07-24 20:21:08 [INFO] AutoFeeding:set_dr_f_available:720 - DR_F已就緒: (-95.53, 262.6), Flow1可直接讀取座標
2025-07-24 20:21:09 [DEBUG] AutoFeeding:trigger_ccd1_detection:553 - 發送檢測指令前 - 201狀態: 9
2025-07-24 20:21:09 [DEBUG] AutoFeeding:trigger_ccd1_detection:561 - 已發送控制指令16到寄存器200
2025-07-24 20:21:10 [DEBUG] AutoFeeding:trigger_ccd1_detection:580 - CCD1檢測完成標誌確認
2025-07-24 20:21:10 [INFO] AutoFeeding:feeding_cycle:741 - 週期1124 檢測結果: DR_F=14, 總數=28
2025-07-24 20:21:10 [INFO] AutoFeeding:feeding_cycle:768 - 找到保護區內DR_F: (-95.52, 262.6)
2025-07-24 20:21:10 [INFO] AutoFeeding:set_dr_f_available:720 - DR_F已就緒: (-95.52, 262.6), Flow1可直接讀取座標
2025-07-24 20:21:11 [DEBUG] AutoFeeding:trigger_ccd1_detection:553 - 發送檢測指令前 - 201狀態: 9
2025-07-24 20:21:11 [DEBUG] AutoFeeding:trigger_ccd1_detection:561 - 已發送控制指令16到寄存器200
2025-07-24 20:21:12 [DEBUG] AutoFeeding:trigger_ccd1_detection:580 - CCD1檢測完成標誌確認
2025-07-24 20:21:12 [INFO] AutoFeeding:feeding_cycle:741 - 週期1125 檢測結果: DR_F=14, 總數=28
2025-07-24 20:21:12 [INFO] AutoFeeding:feeding_cycle:768 - 找到保護區內DR_F: (-95.52, 262.6)
2025-07-24 20:21:12 [INFO] AutoFeeding:set_dr_f_available:720 - DR_F已就緒: (-95.52, 262.6), Flow1可直接讀取座標
2025-07-24 20:21:13 [DEBUG] AutoFeeding:trigger_ccd1_detection:553 - 發送檢測指令前 - 201狀態: 9
2025-07-24 20:21:13 [DEBUG] AutoFeeding:trigger_ccd1_detection:561 - 已發送控制指令16到寄存器200
2025-07-24 20:21:14 [DEBUG] AutoFeeding:trigger_ccd1_detection:580 - CCD1檢測完成標誌確認
2025-07-24 20:21:14 [INFO] AutoFeeding:feeding_cycle:741 - 週期1126 檢測結果: DR_F=14, 總數=28
2025-07-24 20:21:14 [INFO] AutoFeeding:feeding_cycle:768 - 找到保護區內DR_F: (-95.52, 262.6)
2025-07-24 20:21:14 [INFO] AutoFeeding:set_dr_f_available:720 - DR_F已就緒: (-95.52, 262.6), Flow1可直接讀取座標
2025-07-24 20:21:15 [DEBUG] AutoFeeding:trigger_ccd1_detection:553 - 發送檢測指令前 - 201狀態: 9
2025-07-24 20:21:15 [DEBUG] AutoFeeding:trigger_ccd1_detection:561 - 已發送控制指令16到寄存器200
2025-07-24 20:21:16 [DEBUG] AutoFeeding:trigger_ccd1_detection:580 - CCD1檢測完成標誌確認
2025-07-24 20:21:16 [INFO] AutoFeeding:feeding_cycle:741 - 週期1127 檢測結果: DR_F=14, 總數=28
2025-07-24 20:21:16 [INFO] AutoFeeding:feeding_cycle:768 - 找到保護區內DR_F: (-95.52, 262.6)
2025-07-24 20:21:16 [INFO] AutoFeeding:set_dr_f_available:720 - DR_F已就緒: (-95.52, 262.6), Flow1可直接讀取座標
2025-07-24 20:21:17 [DEBUG] AutoFeeding:trigger_ccd1_detection:553 - 發送檢測指令前 - 201狀態: 9
2025-07-24 20:21:17 [DEBUG] AutoFeeding:trigger_ccd1_detection:561 - 已發送控制指令16到寄存器200
2025-07-24 20:21:18 [DEBUG] AutoFeeding:trigger_ccd1_detection:580 - CCD1檢測完成標誌確認
2025-07-24 20:21:18 [INFO] AutoFeeding:feeding_cycle:741 - 週期1128 檢測結果: DR_F=14, 總數=28
2025-07-24 20:21:18 [INFO] AutoFeeding:feeding_cycle:768 - 找到保護區內DR_F: (-95.52, 262.6)
2025-07-24 20:21:18 [INFO] AutoFeeding:set_dr_f_available:720 - DR_F已就緒: (-95.52, 262.6), Flow1可直接讀取座標
2025-07-24 20:21:19 [DEBUG] AutoFeeding:trigger_ccd1_detection:553 - 發送檢測指令前 - 201狀態: 9
2025-07-24 20:21:19 [DEBUG] AutoFeeding:trigger_ccd1_detection:561 - 已發送控制指令16到寄存器200
2025-07-24 20:21:20 [DEBUG] AutoFeeding:trigger_ccd1_detection:580 - CCD1檢測完成標誌確認
2025-07-24 20:21:20 [INFO] AutoFeeding:feeding_cycle:741 - 週期1129 檢測結果: DR_F=14, 總數=28
2025-07-24 20:21:20 [INFO] AutoFeeding:feeding_cycle:768 - 找到保護區內DR_F: (-95.52, 262.6)
2025-07-24 20:21:20 [INFO] AutoFeeding:set_dr_f_available:720 - DR_F已就緒: (-95.52, 262.6), Flow1可直接讀取座標
2025-07-24 20:21:21 [DEBUG] AutoFeeding:trigger_ccd1_detection:553 - 發送檢測指令前 - 201狀態: 9
2025-07-24 20:21:21 [DEBUG] AutoFeeding:trigger_ccd1_detection:561 - 已發送控制指令16到寄存器200
2025-07-24 20:21:22 [DEBUG] AutoFeeding:trigger_ccd1_detection:580 - CCD1檢測完成標誌確認
2025-07-24 20:21:22 [INFO] AutoFeeding:feeding_cycle:741 - 週期1130 檢測結果: DR_F=14, 總數=28
2025-07-24 20:21:22 [INFO] AutoFeeding:feeding_cycle:768 - 找到保護區內DR_F: (-95.52, 262.6)
2025-07-24 20:21:22 [INFO] AutoFeeding:set_dr_f_available:720 - DR_F已就緒: (-95.52, 262.6), Flow1可直接讀取座標
2025-07-24 20:21:23 [DEBUG] AutoFeeding:trigger_ccd1_detection:553 - 發送檢測指令前 - 201狀態: 9
2025-07-24 20:21:23 [DEBUG] AutoFeeding:trigger_ccd1_detection:561 - 已發送控制指令16到寄存器200
2025-07-24 20:21:24 [DEBUG] AutoFeeding:trigger_ccd1_detection:580 - CCD1檢測完成標誌確認
2025-07-24 20:21:24 [INFO] AutoFeeding:feeding_cycle:741 - 週期1131 檢測結果: DR_F=14, 總數=28
2025-07-24 20:21:24 [INFO] AutoFeeding:feeding_cycle:768 - 找到保護區內DR_F: (-95.52, 262.6)
2025-07-24 20:21:24 [INFO] AutoFeeding:set_dr_f_available:720 - DR_F已就緒: (-95.52, 262.6), Flow1可直接讀取座標
2025-07-24 20:21:25 [DEBUG] AutoFeeding:trigger_ccd1_detection:553 - 發送檢測指令前 - 201狀態: 9
2025-07-24 20:21:25 [DEBUG] AutoFeeding:trigger_ccd1_detection:561 - 已發送控制指令16到寄存器200
2025-07-24 20:21:26 [DEBUG] AutoFeeding:trigger_ccd1_detection:580 - CCD1檢測完成標誌確認
2025-07-24 20:21:26 [INFO] AutoFeeding:feeding_cycle:741 - 週期1132 檢測結果: DR_F=14, 總數=28
2025-07-24 20:21:26 [INFO] AutoFeeding:feeding_cycle:768 - 找到保護區內DR_F: (-95.52, 262.6)
2025-07-24 20:21:26 [INFO] AutoFeeding:set_dr_f_available:720 - DR_F已就緒: (-95.52, 262.6), Flow1可直接讀取座標
2025-07-24 20:21:27 [DEBUG] AutoFeeding:trigger_ccd1_detection:553 - 發送檢測指令前 - 201狀態: 9
2025-07-24 20:21:27 [DEBUG] AutoFeeding:trigger_ccd1_detection:561 - 已發送控制指令16到寄存器200
2025-07-24 20:21:28 [DEBUG] AutoFeeding:trigger_ccd1_detection:580 - CCD1檢測完成標誌確認
2025-07-24 20:21:28 [INFO] AutoFeeding:feeding_cycle:741 - 週期1133 檢測結果: DR_F=14, 總數=28
2025-07-24 20:21:28 [INFO] AutoFeeding:feeding_cycle:768 - 找到保護區內DR_F: (-95.52, 262.6)
2025-07-24 20:21:28 [INFO] AutoFeeding:set_dr_f_available:720 - DR_F已就緒: (-95.52, 262.6), Flow1可直接讀取座標
2025-07-24 20:21:29 [DEBUG] AutoFeeding:trigger_ccd1_detection:553 - 發送檢測指令前 - 201狀態: 9
2025-07-24 20:21:29 [DEBUG] AutoFeeding:trigger_ccd1_detection:561 - 已發送控制指令16到寄存器200
2025-07-24 20:21:30 [DEBUG] AutoFeeding:trigger_ccd1_detection:580 - CCD1檢測完成標誌確認
2025-07-24 20:21:30 [INFO] AutoFeeding:feeding_cycle:741 - 週期1134 檢測結果: DR_F=14, 總數=28
2025-07-24 20:21:30 [INFO] AutoFeeding:feeding_cycle:768 - 找到保護區內DR_F: (-95.52, 262.6)
2025-07-24 20:21:30 [INFO] AutoFeeding:set_dr_f_available:720 - DR_F已就緒: (-95.52, 262.6), Flow1可直接讀取座標
2025-07-24 20:21:31 [DEBUG] AutoFeeding:trigger_ccd1_detection:553 - 發送檢測指令前 - 201狀態: 9
2025-07-24 20:21:31 [DEBUG] AutoFeeding:trigger_ccd1_detection:561 - 已發送控制指令16到寄存器200
2025-07-24 20:21:32 [DEBUG] AutoFeeding:trigger_ccd1_detection:580 - CCD1檢測完成標誌確認
2025-07-24 20:21:32 [INFO] AutoFeeding:feeding_cycle:741 - 週期1135 檢測結果: DR_F=14, 總數=28
2025-07-24 20:21:32 [INFO] AutoFeeding:feeding_cycle:768 - 找到保護區內DR_F: (-95.52, 262.6)
2025-07-24 20:21:32 [INFO] AutoFeeding:set_dr_f_available:720 - DR_F已就緒: (-95.52, 262.6), Flow1可直接讀取座標
2025-07-24 20:21:33 [DEBUG] AutoFeeding:trigger_ccd1_detection:553 - 發送檢測指令前 - 201狀態: 9
2025-07-24 20:21:33 [DEBUG] AutoFeeding:trigger_ccd1_detection:561 - 已發送控制指令16到寄存器200
2025-07-24 20:21:34 [DEBUG] AutoFeeding:trigger_ccd1_detection:580 - CCD1檢測完成標誌確認
2025-07-24 20:21:34 [INFO] AutoFeeding:feeding_cycle:741 - 週期1136 檢測結果: DR_F=14, 總數=28
2025-07-24 20:21:34 [INFO] AutoFeeding:feeding_cycle:768 - 找到保護區內DR_F: (-95.53, 262.6)
2025-07-24 20:21:34 [INFO] AutoFeeding:set_dr_f_available:720 - DR_F已就緒: (-95.53, 262.6), Flow1可直接讀取座標
2025-07-24 20:21:35 [DEBUG] AutoFeeding:trigger_ccd1_detection:553 - 發送檢測指令前 - 201狀態: 9
2025-07-24 20:21:35 [DEBUG] AutoFeeding:trigger_ccd1_detection:561 - 已發送控制指令16到寄存器200
2025-07-24 20:21:36 [DEBUG] AutoFeeding:trigger_ccd1_detection:580 - CCD1檢測完成標誌確認
2025-07-24 20:21:36 [INFO] AutoFeeding:feeding_cycle:741 - 週期1137 檢測結果: DR_F=14, 總數=28
2025-07-24 20:21:36 [INFO] AutoFeeding:feeding_cycle:768 - 找到保護區內DR_F: (-95.52, 262.6)
2025-07-24 20:21:36 [INFO] AutoFeeding:set_dr_f_available:720 - DR_F已就緒: (-95.52, 262.6), Flow1可直接讀取座標
2025-07-24 20:21:37 [DEBUG] AutoFeeding:trigger_ccd1_detection:553 - 發送檢測指令前 - 201狀態: 9
2025-07-24 20:21:37 [DEBUG] AutoFeeding:trigger_ccd1_detection:561 - 已發送控制指令16到寄存器200
2025-07-24 20:21:38 [DEBUG] AutoFeeding:trigger_ccd1_detection:580 - CCD1檢測完成標誌確認
2025-07-24 20:21:38 [INFO] AutoFeeding:feeding_cycle:741 - 週期1138 檢測結果: DR_F=14, 總數=28
2025-07-24 20:21:38 [INFO] AutoFeeding:feeding_cycle:768 - 找到保護區內DR_F: (-95.52, 262.6)
2025-07-24 20:21:38 [INFO] AutoFeeding:set_dr_f_available:720 - DR_F已就緒: (-95.52, 262.6), Flow1可直接讀取座標
2025-07-24 20:21:39 [DEBUG] AutoFeeding:trigger_ccd1_detection:553 - 發送檢測指令前 - 201狀態: 9
2025-07-24 20:21:39 [DEBUG] AutoFeeding:trigger_ccd1_detection:561 - 已發送控制指令16到寄存器200
2025-07-24 20:21:40 [DEBUG] AutoFeeding:trigger_ccd1_detection:580 - CCD1檢測完成標誌確認
2025-07-24 20:21:40 [INFO] AutoFeeding:feeding_cycle:741 - 週期1139 檢測結果: DR_F=14, 總數=28
2025-07-24 20:21:40 [INFO] AutoFeeding:feeding_cycle:768 - 找到保護區內DR_F: (-95.52, 262.6)
2025-07-24 20:21:40 [INFO] AutoFeeding:set_dr_f_available:720 - DR_F已就緒: (-95.52, 262.6), Flow1可直接讀取座標
2025-07-24 20:21:41 [DEBUG] AutoFeeding:trigger_ccd1_detection:553 - 發送檢測指令前 - 201狀態: 9
2025-07-24 20:21:41 [DEBUG] AutoFeeding:trigger_ccd1_detection:561 - 已發送控制指令16到寄存器200
2025-07-24 20:21:42 [DEBUG] AutoFeeding:trigger_ccd1_detection:580 - CCD1檢測完成標誌確認
2025-07-24 20:21:42 [INFO] AutoFeeding:feeding_cycle:741 - 週期1140 檢測結果: DR_F=14, 總數=28
2025-07-24 20:21:42 [INFO] AutoFeeding:feeding_cycle:768 - 找到保護區內DR_F: (-95.52, 262.6)
2025-07-24 20:21:42 [INFO] AutoFeeding:set_dr_f_available:720 - DR_F已就緒: (-95.52, 262.6), Flow1可直接讀取座標
2025-07-24 20:21:43 [DEBUG] AutoFeeding:trigger_ccd1_detection:553 - 發送檢測指令前 - 201狀態: 9
2025-07-24 20:21:43 [DEBUG] AutoFeeding:trigger_ccd1_detection:561 - 已發送控制指令16到寄存器200
2025-07-24 20:21:44 [DEBUG] AutoFeeding:trigger_ccd1_detection:580 - CCD1檢測完成標誌確認
2025-07-24 20:21:44 [INFO] AutoFeeding:feeding_cycle:741 - 週期1141 檢測結果: DR_F=14, 總數=28
2025-07-24 20:21:44 [INFO] AutoFeeding:feeding_cycle:768 - 找到保護區內DR_F: (-95.52, 262.6)
2025-07-24 20:21:44 [INFO] AutoFeeding:set_dr_f_available:720 - DR_F已就緒: (-95.52, 262.6), Flow1可直接讀取座標
2025-07-24 20:21:45 [DEBUG] AutoFeeding:trigger_ccd1_detection:553 - 發送檢測指令前 - 201狀態: 9
2025-07-24 20:21:45 [DEBUG] AutoFeeding:trigger_ccd1_detection:561 - 已發送控制指令16到寄存器200
2025-07-24 20:21:46 [DEBUG] AutoFeeding:trigger_ccd1_detection:580 - CCD1檢測完成標誌確認
2025-07-24 20:21:46 [INFO] AutoFeeding:feeding_cycle:741 - 週期1142 檢測結果: DR_F=14, 總數=28
2025-07-24 20:21:46 [INFO] AutoFeeding:feeding_cycle:768 - 找到保護區內DR_F: (-95.51, 262.6)
2025-07-24 20:21:46 [INFO] AutoFeeding:set_dr_f_available:720 - DR_F已就緒: (-95.51, 262.6), Flow1可直接讀取座標
2025-07-24 20:21:47 [DEBUG] AutoFeeding:trigger_ccd1_detection:553 - 發送檢測指令前 - 201狀態: 9
2025-07-24 20:21:47 [DEBUG] AutoFeeding:trigger_ccd1_detection:561 - 已發送控制指令16到寄存器200
2025-07-24 20:21:48 [DEBUG] AutoFeeding:trigger_ccd1_detection:580 - CCD1檢測完成標誌確認
2025-07-24 20:21:48 [INFO] AutoFeeding:feeding_cycle:741 - 週期1143 檢測結果: DR_F=14, 總數=28
2025-07-24 20:21:48 [INFO] AutoFeeding:feeding_cycle:768 - 找到保護區內DR_F: (-95.52, 262.61)
2025-07-24 20:21:48 [INFO] AutoFeeding:set_dr_f_available:720 - DR_F已就緒: (-95.52, 262.61), Flow1可直接讀取座標
2025-07-24 20:21:49 [DEBUG] AutoFeeding:trigger_ccd1_detection:553 - 發送檢測指令前 - 201狀態: 9
2025-07-24 20:21:49 [DEBUG] AutoFeeding:trigger_ccd1_detection:561 - 已發送控制指令16到寄存器200
2025-07-24 20:21:51 [DEBUG] AutoFeeding:trigger_ccd1_detection:580 - CCD1檢測完成標誌確認
2025-07-24 20:21:51 [INFO] AutoFeeding:feeding_cycle:741 - 週期1144 檢測結果: DR_F=14, 總數=28
2025-07-24 20:21:51 [INFO] AutoFeeding:feeding_cycle:768 - 找到保護區內DR_F: (-95.52, 262.6)
2025-07-24 20:21:51 [INFO] AutoFeeding:set_dr_f_available:720 - DR_F已就緒: (-95.52, 262.6), Flow1可直接讀取座標
2025-07-24 20:21:52 [DEBUG] AutoFeeding:trigger_ccd1_detection:553 - 發送檢測指令前 - 201狀態: 9
2025-07-24 20:21:52 [DEBUG] AutoFeeding:trigger_ccd1_detection:561 - 已發送控制指令16到寄存器200
2025-07-24 20:21:53 [DEBUG] AutoFeeding:trigger_ccd1_detection:580 - CCD1檢測完成標誌確認
2025-07-24 20:21:53 [INFO] AutoFeeding:feeding_cycle:741 - 週期1145 檢測結果: DR_F=14, 總數=28
2025-07-24 20:21:53 [INFO] AutoFeeding:feeding_cycle:768 - 找到保護區內DR_F: (-95.52, 262.6)
2025-07-24 20:21:53 [INFO] AutoFeeding:set_dr_f_available:720 - DR_F已就緒: (-95.52, 262.6), Flow1可直接讀取座標
2025-07-24 20:21:54 [DEBUG] AutoFeeding:trigger_ccd1_detection:553 - 發送檢測指令前 - 201狀態: 9
2025-07-24 20:21:54 [DEBUG] AutoFeeding:trigger_ccd1_detection:561 - 已發送控制指令16到寄存器200
2025-07-24 20:21:55 [DEBUG] AutoFeeding:trigger_ccd1_detection:580 - CCD1檢測完成標誌確認
2025-07-24 20:21:55 [INFO] AutoFeeding:feeding_cycle:741 - 週期1146 檢測結果: DR_F=14, 總數=28
2025-07-24 20:21:55 [INFO] AutoFeeding:feeding_cycle:768 - 找到保護區內DR_F: (-95.51, 262.6)
2025-07-24 20:21:55 [INFO] AutoFeeding:set_dr_f_available:720 - DR_F已就緒: (-95.51, 262.6), Flow1可直接讀取座標
2025-07-24 20:21:56 [DEBUG] AutoFeeding:trigger_ccd1_detection:553 - 發送檢測指令前 - 201狀態: 9
2025-07-24 20:21:56 [DEBUG] AutoFeeding:trigger_ccd1_detection:561 - 已發送控制指令16到寄存器200
2025-07-24 20:21:57 [DEBUG] AutoFeeding:trigger_ccd1_detection:580 - CCD1檢測完成標誌確認
2025-07-24 20:21:57 [INFO] AutoFeeding:feeding_cycle:741 - 週期1147 檢測結果: DR_F=14, 總數=28
2025-07-24 20:21:57 [INFO] AutoFeeding:feeding_cycle:768 - 找到保護區內DR_F: (-95.52, 262.6)
2025-07-24 20:21:57 [INFO] AutoFeeding:set_dr_f_available:720 - DR_F已就緒: (-95.52, 262.6), Flow1可直接讀取座標
2025-07-24 20:21:58 [DEBUG] AutoFeeding:trigger_ccd1_detection:553 - 發送檢測指令前 - 201狀態: 9
2025-07-24 20:21:58 [DEBUG] AutoFeeding:trigger_ccd1_detection:561 - 已發送控制指令16到寄存器200
2025-07-24 20:21:59 [DEBUG] AutoFeeding:trigger_ccd1_detection:580 - CCD1檢測完成標誌確認
2025-07-24 20:21:59 [INFO] AutoFeeding:feeding_cycle:741 - 週期1148 檢測結果: DR_F=14, 總數=28
2025-07-24 20:21:59 [INFO] AutoFeeding:feeding_cycle:768 - 找到保護區內DR_F: (-95.53, 262.61)
2025-07-24 20:21:59 [INFO] AutoFeeding:set_dr_f_available:720 - DR_F已就緒: (-95.53, 262.61), Flow1可直接讀取座標
2025-07-24 20:22:00 [DEBUG] AutoFeeding:trigger_ccd1_detection:553 - 發送檢測指令前 - 201狀態: 9
2025-07-24 20:22:00 [DEBUG] AutoFeeding:trigger_ccd1_detection:561 - 已發送控制指令16到寄存器200
2025-07-24 20:22:01 [DEBUG] AutoFeeding:trigger_ccd1_detection:580 - CCD1檢測完成標誌確認
2025-07-24 20:22:01 [INFO] AutoFeeding:feeding_cycle:741 - 週期1149 檢測結果: DR_F=14, 總數=28
2025-07-24 20:22:01 [INFO] AutoFeeding:feeding_cycle:768 - 找到保護區內DR_F: (-95.52, 262.6)
2025-07-24 20:22:01 [INFO] AutoFeeding:set_dr_f_available:720 - DR_F已就緒: (-95.52, 262.6), Flow1可直接讀取座標
2025-07-24 20:22:02 [DEBUG] AutoFeeding:trigger_ccd1_detection:553 - 發送檢測指令前 - 201狀態: 9
2025-07-24 20:22:02 [DEBUG] AutoFeeding:trigger_ccd1_detection:561 - 已發送控制指令16到寄存器200
2025-07-24 20:22:03 [DEBUG] AutoFeeding:trigger_ccd1_detection:580 - CCD1檢測完成標誌確認
2025-07-24 20:22:03 [INFO] AutoFeeding:feeding_cycle:741 - 週期1150 檢測結果: DR_F=14, 總數=28
2025-07-24 20:22:03 [INFO] AutoFeeding:feeding_cycle:768 - 找到保護區內DR_F: (-95.52, 262.6)
2025-07-24 20:22:03 [INFO] AutoFeeding:set_dr_f_available:720 - DR_F已就緒: (-95.52, 262.6), Flow1可直接讀取座標
2025-07-24 20:22:04 [DEBUG] AutoFeeding:trigger_ccd1_detection:553 - 發送檢測指令前 - 201狀態: 9
2025-07-24 20:22:04 [DEBUG] AutoFeeding:trigger_ccd1_detection:561 - 已發送控制指令16到寄存器200
2025-07-24 20:22:05 [DEBUG] AutoFeeding:trigger_ccd1_detection:580 - CCD1檢測完成標誌確認
2025-07-24 20:22:05 [INFO] AutoFeeding:feeding_cycle:741 - 週期1151 檢測結果: DR_F=14, 總數=28
2025-07-24 20:22:05 [INFO] AutoFeeding:feeding_cycle:768 - 找到保護區內DR_F: (-95.51, 262.6)
2025-07-24 20:22:05 [INFO] AutoFeeding:set_dr_f_available:720 - DR_F已就緒: (-95.51, 262.6), Flow1可直接讀取座標
2025-07-24 20:22:06 [DEBUG] AutoFeeding:trigger_ccd1_detection:553 - 發送檢測指令前 - 201狀態: 9
2025-07-24 20:22:06 [DEBUG] AutoFeeding:trigger_ccd1_detection:561 - 已發送控制指令16到寄存器200
2025-07-24 20:22:07 [DEBUG] AutoFeeding:trigger_ccd1_detection:580 - CCD1檢測完成標誌確認
2025-07-24 20:22:07 [INFO] AutoFeeding:feeding_cycle:741 - 週期1152 檢測結果: DR_F=14, 總數=28
2025-07-24 20:22:07 [INFO] AutoFeeding:feeding_cycle:768 - 找到保護區內DR_F: (-95.52, 262.6)
2025-07-24 20:22:07 [INFO] AutoFeeding:set_dr_f_available:720 - DR_F已就緒: (-95.52, 262.6), Flow1可直接讀取座標
2025-07-24 20:22:08 [DEBUG] AutoFeeding:trigger_ccd1_detection:553 - 發送檢測指令前 - 201狀態: 9
2025-07-24 20:22:08 [DEBUG] AutoFeeding:trigger_ccd1_detection:561 - 已發送控制指令16到寄存器200
2025-07-24 20:22:09 [DEBUG] AutoFeeding:trigger_ccd1_detection:580 - CCD1檢測完成標誌確認
2025-07-24 20:22:09 [INFO] AutoFeeding:feeding_cycle:741 - 週期1153 檢測結果: DR_F=14, 總數=28
2025-07-24 20:22:09 [INFO] AutoFeeding:feeding_cycle:768 - 找到保護區內DR_F: (-95.52, 262.6)
2025-07-24 20:22:09 [INFO] AutoFeeding:set_dr_f_available:720 - DR_F已就緒: (-95.52, 262.6), Flow1可直接讀取座標
2025-07-24 20:22:10 [DEBUG] AutoFeeding:trigger_ccd1_detection:553 - 發送檢測指令前 - 201狀態: 9
2025-07-24 20:22:10 [DEBUG] AutoFeeding:trigger_ccd1_detection:561 - 已發送控制指令16到寄存器200
2025-07-24 20:22:11 [DEBUG] AutoFeeding:trigger_ccd1_detection:580 - CCD1檢測完成標誌確認
2025-07-24 20:22:11 [INFO] AutoFeeding:feeding_cycle:741 - 週期1154 檢測結果: DR_F=14, 總數=28
2025-07-24 20:22:11 [INFO] AutoFeeding:feeding_cycle:768 - 找到保護區內DR_F: (-95.52, 262.6)
2025-07-24 20:22:11 [INFO] AutoFeeding:set_dr_f_available:720 - DR_F已就緒: (-95.52, 262.6), Flow1可直接讀取座標
2025-07-24 20:22:12 [DEBUG] AutoFeeding:trigger_ccd1_detection:553 - 發送檢測指令前 - 201狀態: 9
2025-07-24 20:22:12 [DEBUG] AutoFeeding:trigger_ccd1_detection:561 - 已發送控制指令16到寄存器200
2025-07-24 20:22:13 [DEBUG] AutoFeeding:trigger_ccd1_detection:580 - CCD1檢測完成標誌確認
2025-07-24 20:22:13 [INFO] AutoFeeding:feeding_cycle:741 - 週期1155 檢測結果: DR_F=14, 總數=28
2025-07-24 20:22:13 [INFO] AutoFeeding:feeding_cycle:768 - 找到保護區內DR_F: (-95.52, 262.6)
2025-07-24 20:22:13 [INFO] AutoFeeding:set_dr_f_available:720 - DR_F已就緒: (-95.52, 262.6), Flow1可直接讀取座標
2025-07-24 20:22:14 [DEBUG] AutoFeeding:trigger_ccd1_detection:553 - 發送檢測指令前 - 201狀態: 9
2025-07-24 20:22:14 [DEBUG] AutoFeeding:trigger_ccd1_detection:561 - 已發送控制指令16到寄存器200
2025-07-24 20:22:15 [DEBUG] AutoFeeding:trigger_ccd1_detection:580 - CCD1檢測完成標誌確認
2025-07-24 20:22:15 [INFO] AutoFeeding:feeding_cycle:741 - 週期1156 檢測結果: DR_F=14, 總數=28
2025-07-24 20:22:15 [INFO] AutoFeeding:feeding_cycle:768 - 找到保護區內DR_F: (-95.51, 262.6)
2025-07-24 20:22:15 [INFO] AutoFeeding:set_dr_f_available:720 - DR_F已就緒: (-95.51, 262.6), Flow1可直接讀取座標
2025-07-24 20:22:16 [DEBUG] AutoFeeding:trigger_ccd1_detection:553 - 發送檢測指令前 - 201狀態: 9
2025-07-24 20:22:16 [DEBUG] AutoFeeding:trigger_ccd1_detection:561 - 已發送控制指令16到寄存器200
2025-07-24 20:22:17 [DEBUG] AutoFeeding:trigger_ccd1_detection:580 - CCD1檢測完成標誌確認
2025-07-24 20:22:17 [INFO] AutoFeeding:feeding_cycle:741 - 週期1157 檢測結果: DR_F=14, 總數=28
2025-07-24 20:22:17 [INFO] AutoFeeding:feeding_cycle:768 - 找到保護區內DR_F: (-95.52, 262.6)
2025-07-24 20:22:17 [INFO] AutoFeeding:set_dr_f_available:720 - DR_F已就緒: (-95.52, 262.6), Flow1可直接讀取座標
2025-07-24 20:22:18 [DEBUG] AutoFeeding:trigger_ccd1_detection:553 - 發送檢測指令前 - 201狀態: 9
2025-07-24 20:22:18 [DEBUG] AutoFeeding:trigger_ccd1_detection:561 - 已發送控制指令16到寄存器200
2025-07-24 20:22:19 [DEBUG] AutoFeeding:trigger_ccd1_detection:580 - CCD1檢測完成標誌確認
2025-07-24 20:22:19 [INFO] AutoFeeding:feeding_cycle:741 - 週期1158 檢測結果: DR_F=14, 總數=28
2025-07-24 20:22:19 [INFO] AutoFeeding:feeding_cycle:768 - 找到保護區內DR_F: (-95.51, 262.6)
2025-07-24 20:22:19 [INFO] AutoFeeding:set_dr_f_available:720 - DR_F已就緒: (-95.51, 262.6), Flow1可直接讀取座標
2025-07-24 20:22:20 [DEBUG] AutoFeeding:trigger_ccd1_detection:553 - 發送檢測指令前 - 201狀態: 9
2025-07-24 20:22:20 [DEBUG] AutoFeeding:trigger_ccd1_detection:561 - 已發送控制指令16到寄存器200
2025-07-24 20:22:21 [DEBUG] AutoFeeding:trigger_ccd1_detection:580 - CCD1檢測完成標誌確認
2025-07-24 20:22:21 [INFO] AutoFeeding:feeding_cycle:741 - 週期1159 檢測結果: DR_F=14, 總數=28
2025-07-24 20:22:21 [INFO] AutoFeeding:feeding_cycle:768 - 找到保護區內DR_F: (-95.52, 262.6)
2025-07-24 20:22:21 [INFO] AutoFeeding:set_dr_f_available:720 - DR_F已就緒: (-95.52, 262.6), Flow1可直接讀取座標
2025-07-24 20:22:22 [DEBUG] AutoFeeding:trigger_ccd1_detection:553 - 發送檢測指令前 - 201狀態: 9
2025-07-24 20:22:22 [DEBUG] AutoFeeding:trigger_ccd1_detection:561 - 已發送控制指令16到寄存器200
2025-07-24 20:22:23 [DEBUG] AutoFeeding:trigger_ccd1_detection:580 - CCD1檢測完成標誌確認
2025-07-24 20:22:23 [INFO] AutoFeeding:feeding_cycle:741 - 週期1160 檢測結果: DR_F=14, 總數=28
2025-07-24 20:22:23 [INFO] AutoFeeding:feeding_cycle:768 - 找到保護區內DR_F: (-95.52, 262.6)
2025-07-24 20:22:23 [INFO] AutoFeeding:set_dr_f_available:720 - DR_F已就緒: (-95.52, 262.6), Flow1可直接讀取座標
2025-07-24 20:22:24 [DEBUG] AutoFeeding:trigger_ccd1_detection:553 - 發送檢測指令前 - 201狀態: 9
2025-07-24 20:22:24 [DEBUG] AutoFeeding:trigger_ccd1_detection:561 - 已發送控制指令16到寄存器200
2025-07-24 20:22:25 [DEBUG] AutoFeeding:trigger_ccd1_detection:580 - CCD1檢測完成標誌確認
2025-07-24 20:22:25 [INFO] AutoFeeding:feeding_cycle:741 - 週期1161 檢測結果: DR_F=14, 總數=28
2025-07-24 20:22:25 [INFO] AutoFeeding:feeding_cycle:768 - 找到保護區內DR_F: (-95.52, 262.6)
2025-07-24 20:22:25 [INFO] AutoFeeding:set_dr_f_available:720 - DR_F已就緒: (-95.52, 262.6), Flow1可直接讀取座標
2025-07-24 20:22:26 [DEBUG] AutoFeeding:trigger_ccd1_detection:553 - 發送檢測指令前 - 201狀態: 9
2025-07-24 20:22:26 [DEBUG] AutoFeeding:trigger_ccd1_detection:561 - 已發送控制指令16到寄存器200
2025-07-24 20:22:27 [DEBUG] AutoFeeding:trigger_ccd1_detection:580 - CCD1檢測完成標誌確認
2025-07-24 20:22:27 [INFO] AutoFeeding:feeding_cycle:741 - 週期1162 檢測結果: DR_F=14, 總數=28
2025-07-24 20:22:27 [INFO] AutoFeeding:feeding_cycle:768 - 找到保護區內DR_F: (-95.52, 262.6)
2025-07-24 20:22:27 [INFO] AutoFeeding:set_dr_f_available:720 - DR_F已就緒: (-95.52, 262.6), Flow1可直接讀取座標
2025-07-24 20:22:28 [DEBUG] AutoFeeding:trigger_ccd1_detection:553 - 發送檢測指令前 - 201狀態: 9
2025-07-24 20:22:28 [DEBUG] AutoFeeding:trigger_ccd1_detection:561 - 已發送控制指令16到寄存器200
2025-07-24 20:22:29 [DEBUG] AutoFeeding:trigger_ccd1_detection:580 - CCD1檢測完成標誌確認
2025-07-24 20:22:29 [INFO] AutoFeeding:feeding_cycle:741 - 週期1163 檢測結果: DR_F=14, 總數=28
2025-07-24 20:22:29 [INFO] AutoFeeding:feeding_cycle:768 - 找到保護區內DR_F: (-95.52, 262.6)
2025-07-24 20:22:29 [INFO] AutoFeeding:set_dr_f_available:720 - DR_F已就緒: (-95.52, 262.6), Flow1可直接讀取座標
2025-07-24 20:22:30 [DEBUG] AutoFeeding:trigger_ccd1_detection:553 - 發送檢測指令前 - 201狀態: 9
2025-07-24 20:22:30 [DEBUG] AutoFeeding:trigger_ccd1_detection:561 - 已發送控制指令16到寄存器200
2025-07-24 20:22:31 [DEBUG] AutoFeeding:trigger_ccd1_detection:580 - CCD1檢測完成標誌確認
2025-07-24 20:22:31 [INFO] AutoFeeding:feeding_cycle:741 - 週期1164 檢測結果: DR_F=14, 總數=28
2025-07-24 20:22:31 [INFO] AutoFeeding:feeding_cycle:768 - 找到保護區內DR_F: (-95.52, 262.6)
2025-07-24 20:22:31 [INFO] AutoFeeding:set_dr_f_available:720 - DR_F已就緒: (-95.52, 262.6), Flow1可直接讀取座標
2025-07-24 20:22:32 [DEBUG] AutoFeeding:trigger_ccd1_detection:553 - 發送檢測指令前 - 201狀態: 9
2025-07-24 20:22:32 [DEBUG] AutoFeeding:trigger_ccd1_detection:561 - 已發送控制指令16到寄存器200
2025-07-24 20:22:33 [DEBUG] AutoFeeding:trigger_ccd1_detection:580 - CCD1檢測完成標誌確認
2025-07-24 20:22:33 [INFO] AutoFeeding:feeding_cycle:741 - 週期1165 檢測結果: DR_F=14, 總數=28
2025-07-24 20:22:33 [INFO] AutoFeeding:feeding_cycle:768 - 找到保護區內DR_F: (-95.52, 262.6)
2025-07-24 20:22:33 [INFO] AutoFeeding:set_dr_f_available:720 - DR_F已就緒: (-95.52, 262.6), Flow1可直接讀取座標
2025-07-24 20:22:34 [DEBUG] AutoFeeding:trigger_ccd1_detection:553 - 發送檢測指令前 - 201狀態: 9
2025-07-24 20:22:34 [DEBUG] AutoFeeding:trigger_ccd1_detection:561 - 已發送控制指令16到寄存器200
2025-07-24 20:22:36 [DEBUG] AutoFeeding:trigger_ccd1_detection:580 - CCD1檢測完成標誌確認
2025-07-24 20:22:36 [INFO] AutoFeeding:feeding_cycle:741 - 週期1166 檢測結果: DR_F=14, 總數=28
2025-07-24 20:22:36 [INFO] AutoFeeding:feeding_cycle:768 - 找到保護區內DR_F: (-95.52, 262.6)
2025-07-24 20:22:36 [INFO] AutoFeeding:set_dr_f_available:720 - DR_F已就緒: (-95.52, 262.6), Flow1可直接讀取座標
2025-07-24 20:22:37 [DEBUG] AutoFeeding:trigger_ccd1_detection:553 - 發送檢測指令前 - 201狀態: 9
2025-07-24 20:22:37 [DEBUG] AutoFeeding:trigger_ccd1_detection:561 - 已發送控制指令16到寄存器200
2025-07-24 20:22:38 [DEBUG] AutoFeeding:trigger_ccd1_detection:580 - CCD1檢測完成標誌確認
2025-07-24 20:22:38 [INFO] AutoFeeding:feeding_cycle:741 - 週期1167 檢測結果: DR_F=14, 總數=28
2025-07-24 20:22:38 [INFO] AutoFeeding:feeding_cycle:768 - 找到保護區內DR_F: (-95.52, 262.6)
2025-07-24 20:22:38 [INFO] AutoFeeding:set_dr_f_available:720 - DR_F已就緒: (-95.52, 262.6), Flow1可直接讀取座標
2025-07-24 20:22:39 [DEBUG] AutoFeeding:trigger_ccd1_detection:553 - 發送檢測指令前 - 201狀態: 9
2025-07-24 20:22:39 [DEBUG] AutoFeeding:trigger_ccd1_detection:561 - 已發送控制指令16到寄存器200
2025-07-24 20:22:40 [DEBUG] AutoFeeding:trigger_ccd1_detection:580 - CCD1檢測完成標誌確認
2025-07-24 20:22:40 [INFO] AutoFeeding:feeding_cycle:741 - 週期1168 檢測結果: DR_F=14, 總數=28
2025-07-24 20:22:40 [INFO] AutoFeeding:feeding_cycle:768 - 找到保護區內DR_F: (-95.52, 262.6)
2025-07-24 20:22:40 [INFO] AutoFeeding:set_dr_f_available:720 - DR_F已就緒: (-95.52, 262.6), Flow1可直接讀取座標
2025-07-24 20:22:41 [DEBUG] AutoFeeding:trigger_ccd1_detection:553 - 發送檢測指令前 - 201狀態: 9
2025-07-24 20:22:41 [DEBUG] AutoFeeding:trigger_ccd1_detection:561 - 已發送控制指令16到寄存器200
2025-07-24 20:22:42 [DEBUG] AutoFeeding:trigger_ccd1_detection:580 - CCD1檢測完成標誌確認
2025-07-24 20:22:42 [INFO] AutoFeeding:feeding_cycle:741 - 週期1169 檢測結果: DR_F=14, 總數=28
2025-07-24 20:22:42 [INFO] AutoFeeding:feeding_cycle:768 - 找到保護區內DR_F: (-95.52, 262.6)
2025-07-24 20:22:42 [INFO] AutoFeeding:set_dr_f_available:720 - DR_F已就緒: (-95.52, 262.6), Flow1可直接讀取座標
2025-07-24 20:22:43 [DEBUG] AutoFeeding:trigger_ccd1_detection:553 - 發送檢測指令前 - 201狀態: 9
2025-07-24 20:22:43 [DEBUG] AutoFeeding:trigger_ccd1_detection:561 - 已發送控制指令16到寄存器200
2025-07-24 20:22:44 [DEBUG] AutoFeeding:trigger_ccd1_detection:580 - CCD1檢測完成標誌確認
2025-07-24 20:22:44 [INFO] AutoFeeding:feeding_cycle:741 - 週期1170 檢測結果: DR_F=14, 總數=28
2025-07-24 20:22:44 [INFO] AutoFeeding:feeding_cycle:768 - 找到保護區內DR_F: (-95.51, 262.6)
2025-07-24 20:22:44 [INFO] AutoFeeding:set_dr_f_available:720 - DR_F已就緒: (-95.51, 262.6), Flow1可直接讀取座標
2025-07-24 20:22:45 [DEBUG] AutoFeeding:trigger_ccd1_detection:553 - 發送檢測指令前 - 201狀態: 9
2025-07-24 20:22:45 [DEBUG] AutoFeeding:trigger_ccd1_detection:561 - 已發送控制指令16到寄存器200
2025-07-24 20:22:46 [DEBUG] AutoFeeding:trigger_ccd1_detection:580 - CCD1檢測完成標誌確認
2025-07-24 20:22:46 [INFO] AutoFeeding:feeding_cycle:741 - 週期1171 檢測結果: DR_F=14, 總數=28
2025-07-24 20:22:46 [INFO] AutoFeeding:feeding_cycle:768 - 找到保護區內DR_F: (-95.52, 262.6)
2025-07-24 20:22:46 [INFO] AutoFeeding:set_dr_f_available:720 - DR_F已就緒: (-95.52, 262.6), Flow1可直接讀取座標
2025-07-24 20:22:47 [DEBUG] AutoFeeding:main_loop:880 - 主循環 1201: running=True, status=RUNNING, flow1_active=False, progress_blocking=False, dr_f_available=True
2025-07-24 20:22:47 [DEBUG] AutoFeeding:trigger_ccd1_detection:553 - 發送檢測指令前 - 201狀態: 9
2025-07-24 20:22:47 [DEBUG] AutoFeeding:trigger_ccd1_detection:561 - 已發送控制指令16到寄存器200
2025-07-24 20:22:48 [DEBUG] AutoFeeding:trigger_ccd1_detection:580 - CCD1檢測完成標誌確認
2025-07-24 20:22:48 [INFO] AutoFeeding:feeding_cycle:741 - 週期1172 檢測結果: DR_F=14, 總數=28
2025-07-24 20:22:48 [INFO] AutoFeeding:feeding_cycle:768 - 找到保護區內DR_F: (-95.52, 262.6)
2025-07-24 20:22:48 [INFO] AutoFeeding:set_dr_f_available:720 - DR_F已就緒: (-95.52, 262.6), Flow1可直接讀取座標
2025-07-24 20:22:49 [DEBUG] AutoFeeding:trigger_ccd1_detection:553 - 發送檢測指令前 - 201狀態: 9
2025-07-24 20:22:49 [DEBUG] AutoFeeding:trigger_ccd1_detection:561 - 已發送控制指令16到寄存器200
2025-07-24 20:22:50 [DEBUG] AutoFeeding:trigger_ccd1_detection:580 - CCD1檢測完成標誌確認
2025-07-24 20:22:50 [INFO] AutoFeeding:feeding_cycle:741 - 週期1173 檢測結果: DR_F=14, 總數=28
2025-07-24 20:22:50 [INFO] AutoFeeding:feeding_cycle:768 - 找到保護區內DR_F: (-95.52, 262.6)
2025-07-24 20:22:50 [INFO] AutoFeeding:set_dr_f_available:720 - DR_F已就緒: (-95.52, 262.6), Flow1可直接讀取座標
2025-07-24 20:22:51 [DEBUG] AutoFeeding:trigger_ccd1_detection:553 - 發送檢測指令前 - 201狀態: 9
2025-07-24 20:22:51 [DEBUG] AutoFeeding:trigger_ccd1_detection:561 - 已發送控制指令16到寄存器200
2025-07-24 20:22:52 [DEBUG] AutoFeeding:trigger_ccd1_detection:580 - CCD1檢測完成標誌確認
2025-07-24 20:22:52 [INFO] AutoFeeding:feeding_cycle:741 - 週期1174 檢測結果: DR_F=14, 總數=28
2025-07-24 20:22:52 [INFO] AutoFeeding:feeding_cycle:768 - 找到保護區內DR_F: (-95.52, 262.6)
2025-07-24 20:22:52 [INFO] AutoFeeding:set_dr_f_available:720 - DR_F已就緒: (-95.52, 262.6), Flow1可直接讀取座標
2025-07-24 20:22:53 [DEBUG] AutoFeeding:trigger_ccd1_detection:553 - 發送檢測指令前 - 201狀態: 9
2025-07-24 20:22:53 [DEBUG] AutoFeeding:trigger_ccd1_detection:561 - 已發送控制指令16到寄存器200
2025-07-24 20:22:54 [DEBUG] AutoFeeding:trigger_ccd1_detection:580 - CCD1檢測完成標誌確認
2025-07-24 20:22:54 [INFO] AutoFeeding:feeding_cycle:741 - 週期1175 檢測結果: DR_F=14, 總數=28
2025-07-24 20:22:54 [INFO] AutoFeeding:feeding_cycle:768 - 找到保護區內DR_F: (-95.51, 262.6)
2025-07-24 20:22:54 [INFO] AutoFeeding:set_dr_f_available:720 - DR_F已就緒: (-95.51, 262.6), Flow1可直接讀取座標
2025-07-24 20:22:55 [DEBUG] AutoFeeding:trigger_ccd1_detection:553 - 發送檢測指令前 - 201狀態: 9
2025-07-24 20:22:55 [DEBUG] AutoFeeding:trigger_ccd1_detection:561 - 已發送控制指令16到寄存器200
2025-07-24 20:22:56 [DEBUG] AutoFeeding:trigger_ccd1_detection:580 - CCD1檢測完成標誌確認
2025-07-24 20:22:56 [INFO] AutoFeeding:feeding_cycle:741 - 週期1176 檢測結果: DR_F=14, 總數=28
2025-07-24 20:22:56 [INFO] AutoFeeding:feeding_cycle:768 - 找到保護區內DR_F: (-95.52, 262.6)
2025-07-24 20:22:56 [INFO] AutoFeeding:set_dr_f_available:720 - DR_F已就緒: (-95.52, 262.6), Flow1可直接讀取座標
2025-07-24 20:22:57 [DEBUG] AutoFeeding:trigger_ccd1_detection:553 - 發送檢測指令前 - 201狀態: 9
2025-07-24 20:22:57 [DEBUG] AutoFeeding:trigger_ccd1_detection:561 - 已發送控制指令16到寄存器200
2025-07-24 20:22:58 [DEBUG] AutoFeeding:trigger_ccd1_detection:580 - CCD1檢測完成標誌確認
2025-07-24 20:22:58 [INFO] AutoFeeding:feeding_cycle:741 - 週期1177 檢測結果: DR_F=14, 總數=28
2025-07-24 20:22:58 [INFO] AutoFeeding:feeding_cycle:768 - 找到保護區內DR_F: (-95.52, 262.6)
2025-07-24 20:22:58 [INFO] AutoFeeding:set_dr_f_available:720 - DR_F已就緒: (-95.52, 262.6), Flow1可直接讀取座標
2025-07-24 20:22:59 [DEBUG] AutoFeeding:trigger_ccd1_detection:553 - 發送檢測指令前 - 201狀態: 9
2025-07-24 20:22:59 [DEBUG] AutoFeeding:trigger_ccd1_detection:561 - 已發送控制指令16到寄存器200
2025-07-24 20:23:00 [DEBUG] AutoFeeding:trigger_ccd1_detection:580 - CCD1檢測完成標誌確認
2025-07-24 20:23:00 [INFO] AutoFeeding:feeding_cycle:741 - 週期1178 檢測結果: DR_F=14, 總數=28
2025-07-24 20:23:00 [INFO] AutoFeeding:feeding_cycle:768 - 找到保護區內DR_F: (-95.52, 262.6)
2025-07-24 20:23:00 [INFO] AutoFeeding:set_dr_f_available:720 - DR_F已就緒: (-95.52, 262.6), Flow1可直接讀取座標
2025-07-24 20:23:01 [DEBUG] AutoFeeding:trigger_ccd1_detection:553 - 發送檢測指令前 - 201狀態: 9
2025-07-24 20:23:01 [DEBUG] AutoFeeding:trigger_ccd1_detection:561 - 已發送控制指令16到寄存器200
2025-07-24 20:23:02 [DEBUG] AutoFeeding:trigger_ccd1_detection:580 - CCD1檢測完成標誌確認
2025-07-24 20:23:02 [INFO] AutoFeeding:feeding_cycle:741 - 週期1179 檢測結果: DR_F=14, 總數=28
2025-07-24 20:23:02 [INFO] AutoFeeding:feeding_cycle:768 - 找到保護區內DR_F: (-95.52, 262.6)
2025-07-24 20:23:02 [INFO] AutoFeeding:set_dr_f_available:720 - DR_F已就緒: (-95.52, 262.6), Flow1可直接讀取座標
2025-07-24 20:23:03 [DEBUG] AutoFeeding:trigger_ccd1_detection:553 - 發送檢測指令前 - 201狀態: 9
2025-07-24 20:23:03 [DEBUG] AutoFeeding:trigger_ccd1_detection:561 - 已發送控制指令16到寄存器200
2025-07-24 20:23:04 [DEBUG] AutoFeeding:trigger_ccd1_detection:580 - CCD1檢測完成標誌確認
2025-07-24 20:23:04 [INFO] AutoFeeding:feeding_cycle:741 - 週期1180 檢測結果: DR_F=14, 總數=28
2025-07-24 20:23:04 [INFO] AutoFeeding:feeding_cycle:768 - 找到保護區內DR_F: (-95.52, 262.6)
2025-07-24 20:23:04 [INFO] AutoFeeding:set_dr_f_available:720 - DR_F已就緒: (-95.52, 262.6), Flow1可直接讀取座標
2025-07-24 20:23:05 [DEBUG] AutoFeeding:trigger_ccd1_detection:553 - 發送檢測指令前 - 201狀態: 9
2025-07-24 20:23:05 [DEBUG] AutoFeeding:trigger_ccd1_detection:561 - 已發送控制指令16到寄存器200
2025-07-24 20:23:06 [DEBUG] AutoFeeding:trigger_ccd1_detection:580 - CCD1檢測完成標誌確認
2025-07-24 20:23:06 [INFO] AutoFeeding:feeding_cycle:741 - 週期1181 檢測結果: DR_F=14, 總數=28
2025-07-24 20:23:06 [INFO] AutoFeeding:feeding_cycle:768 - 找到保護區內DR_F: (-95.52, 262.6)
2025-07-24 20:23:06 [INFO] AutoFeeding:set_dr_f_available:720 - DR_F已就緒: (-95.52, 262.6), Flow1可直接讀取座標
2025-07-24 20:23:07 [DEBUG] AutoFeeding:trigger_ccd1_detection:553 - 發送檢測指令前 - 201狀態: 9
2025-07-24 20:23:07 [DEBUG] AutoFeeding:trigger_ccd1_detection:561 - 已發送控制指令16到寄存器200
2025-07-24 20:23:08 [DEBUG] AutoFeeding:trigger_ccd1_detection:580 - CCD1檢測完成標誌確認
2025-07-24 20:23:08 [INFO] AutoFeeding:feeding_cycle:741 - 週期1182 檢測結果: DR_F=14, 總數=28
2025-07-24 20:23:08 [INFO] AutoFeeding:feeding_cycle:768 - 找到保護區內DR_F: (-95.52, 262.6)
2025-07-24 20:23:08 [INFO] AutoFeeding:set_dr_f_available:720 - DR_F已就緒: (-95.52, 262.6), Flow1可直接讀取座標
2025-07-24 20:23:09 [DEBUG] AutoFeeding:trigger_ccd1_detection:553 - 發送檢測指令前 - 201狀態: 9
2025-07-24 20:23:09 [DEBUG] AutoFeeding:trigger_ccd1_detection:561 - 已發送控制指令16到寄存器200
2025-07-24 20:23:10 [DEBUG] AutoFeeding:trigger_ccd1_detection:580 - CCD1檢測完成標誌確認
2025-07-24 20:23:10 [INFO] AutoFeeding:feeding_cycle:741 - 週期1183 檢測結果: DR_F=14, 總數=28
2025-07-24 20:23:10 [INFO] AutoFeeding:feeding_cycle:768 - 找到保護區內DR_F: (-95.52, 262.6)
2025-07-24 20:23:10 [INFO] AutoFeeding:set_dr_f_available:720 - DR_F已就緒: (-95.52, 262.6), Flow1可直接讀取座標
2025-07-24 20:23:11 [DEBUG] AutoFeeding:trigger_ccd1_detection:553 - 發送檢測指令前 - 201狀態: 9
2025-07-24 20:23:11 [DEBUG] AutoFeeding:trigger_ccd1_detection:561 - 已發送控制指令16到寄存器200
2025-07-24 20:23:12 [DEBUG] AutoFeeding:trigger_ccd1_detection:580 - CCD1檢測完成標誌確認
2025-07-24 20:23:12 [INFO] AutoFeeding:feeding_cycle:741 - 週期1184 檢測結果: DR_F=14, 總數=28
2025-07-24 20:23:12 [INFO] AutoFeeding:feeding_cycle:768 - 找到保護區內DR_F: (-95.51, 262.6)
2025-07-24 20:23:12 [INFO] AutoFeeding:set_dr_f_available:720 - DR_F已就緒: (-95.51, 262.6), Flow1可直接讀取座標
2025-07-24 20:23:13 [DEBUG] AutoFeeding:trigger_ccd1_detection:553 - 發送檢測指令前 - 201狀態: 9
2025-07-24 20:23:13 [DEBUG] AutoFeeding:trigger_ccd1_detection:561 - 已發送控制指令16到寄存器200
2025-07-24 20:23:14 [DEBUG] AutoFeeding:trigger_ccd1_detection:580 - CCD1檢測完成標誌確認
2025-07-24 20:23:14 [INFO] AutoFeeding:feeding_cycle:741 - 週期1185 檢測結果: DR_F=14, 總數=28
2025-07-24 20:23:14 [INFO] AutoFeeding:feeding_cycle:768 - 找到保護區內DR_F: (-95.51, 262.6)
2025-07-24 20:23:14 [INFO] AutoFeeding:set_dr_f_available:720 - DR_F已就緒: (-95.51, 262.6), Flow1可直接讀取座標
2025-07-24 20:23:15 [DEBUG] AutoFeeding:trigger_ccd1_detection:553 - 發送檢測指令前 - 201狀態: 9
2025-07-24 20:23:15 [DEBUG] AutoFeeding:trigger_ccd1_detection:561 - 已發送控制指令16到寄存器200
2025-07-24 20:23:16 [DEBUG] AutoFeeding:trigger_ccd1_detection:580 - CCD1檢測完成標誌確認
2025-07-24 20:23:16 [INFO] AutoFeeding:feeding_cycle:741 - 週期1186 檢測結果: DR_F=14, 總數=28
2025-07-24 20:23:16 [INFO] AutoFeeding:feeding_cycle:768 - 找到保護區內DR_F: (-95.52, 262.6)
2025-07-24 20:23:16 [INFO] AutoFeeding:set_dr_f_available:720 - DR_F已就緒: (-95.52, 262.6), Flow1可直接讀取座標
2025-07-24 20:23:17 [DEBUG] AutoFeeding:trigger_ccd1_detection:553 - 發送檢測指令前 - 201狀態: 9
2025-07-24 20:23:17 [DEBUG] AutoFeeding:trigger_ccd1_detection:561 - 已發送控制指令16到寄存器200
2025-07-24 20:23:19 [DEBUG] AutoFeeding:trigger_ccd1_detection:580 - CCD1檢測完成標誌確認
2025-07-24 20:23:19 [INFO] AutoFeeding:feeding_cycle:741 - 週期1187 檢測結果: DR_F=14, 總數=28
2025-07-24 20:23:19 [INFO] AutoFeeding:feeding_cycle:768 - 找到保護區內DR_F: (-95.52, 262.6)
2025-07-24 20:23:19 [INFO] AutoFeeding:set_dr_f_available:720 - DR_F已就緒: (-95.52, 262.6), Flow1可直接讀取座標
2025-07-24 20:23:20 [DEBUG] AutoFeeding:trigger_ccd1_detection:553 - 發送檢測指令前 - 201狀態: 9
2025-07-24 20:23:20 [DEBUG] AutoFeeding:trigger_ccd1_detection:561 - 已發送控制指令16到寄存器200
2025-07-24 20:23:21 [DEBUG] AutoFeeding:trigger_ccd1_detection:580 - CCD1檢測完成標誌確認
2025-07-24 20:23:21 [INFO] AutoFeeding:feeding_cycle:741 - 週期1188 檢測結果: DR_F=14, 總數=28
2025-07-24 20:23:21 [INFO] AutoFeeding:feeding_cycle:768 - 找到保護區內DR_F: (-95.51, 262.6)
2025-07-24 20:23:21 [INFO] AutoFeeding:set_dr_f_available:720 - DR_F已就緒: (-95.51, 262.6), Flow1可直接讀取座標
2025-07-24 20:23:22 [DEBUG] AutoFeeding:trigger_ccd1_detection:553 - 發送檢測指令前 - 201狀態: 9
2025-07-24 20:23:22 [DEBUG] AutoFeeding:trigger_ccd1_detection:561 - 已發送控制指令16到寄存器200
2025-07-24 20:23:23 [DEBUG] AutoFeeding:trigger_ccd1_detection:580 - CCD1檢測完成標誌確認
2025-07-24 20:23:23 [INFO] AutoFeeding:feeding_cycle:741 - 週期1189 檢測結果: DR_F=14, 總數=28
2025-07-24 20:23:23 [INFO] AutoFeeding:feeding_cycle:768 - 找到保護區內DR_F: (-95.52, 262.6)
2025-07-24 20:23:23 [INFO] AutoFeeding:set_dr_f_available:720 - DR_F已就緒: (-95.52, 262.6), Flow1可直接讀取座標
2025-07-24 20:23:24 [DEBUG] AutoFeeding:trigger_ccd1_detection:553 - 發送檢測指令前 - 201狀態: 9
2025-07-24 20:23:24 [DEBUG] AutoFeeding:trigger_ccd1_detection:561 - 已發送控制指令16到寄存器200
2025-07-24 20:23:25 [DEBUG] AutoFeeding:trigger_ccd1_detection:580 - CCD1檢測完成標誌確認
2025-07-24 20:23:25 [INFO] AutoFeeding:feeding_cycle:741 - 週期1190 檢測結果: DR_F=14, 總數=28
2025-07-24 20:23:25 [INFO] AutoFeeding:feeding_cycle:768 - 找到保護區內DR_F: (-95.52, 262.6)
2025-07-24 20:23:25 [INFO] AutoFeeding:set_dr_f_available:720 - DR_F已就緒: (-95.52, 262.6), Flow1可直接讀取座標
2025-07-24 20:23:26 [DEBUG] AutoFeeding:trigger_ccd1_detection:553 - 發送檢測指令前 - 201狀態: 9
2025-07-24 20:23:26 [DEBUG] AutoFeeding:trigger_ccd1_detection:561 - 已發送控制指令16到寄存器200
2025-07-24 20:23:27 [DEBUG] AutoFeeding:trigger_ccd1_detection:580 - CCD1檢測完成標誌確認
2025-07-24 20:23:27 [INFO] AutoFeeding:feeding_cycle:741 - 週期1191 檢測結果: DR_F=14, 總數=28
2025-07-24 20:23:27 [INFO] AutoFeeding:feeding_cycle:768 - 找到保護區內DR_F: (-95.51, 262.61)
2025-07-24 20:23:27 [INFO] AutoFeeding:set_dr_f_available:720 - DR_F已就緒: (-95.51, 262.61), Flow1可直接讀取座標
2025-07-24 20:23:28 [DEBUG] AutoFeeding:trigger_ccd1_detection:553 - 發送檢測指令前 - 201狀態: 9
2025-07-24 20:23:28 [DEBUG] AutoFeeding:trigger_ccd1_detection:561 - 已發送控制指令16到寄存器200
2025-07-24 20:23:29 [DEBUG] AutoFeeding:trigger_ccd1_detection:580 - CCD1檢測完成標誌確認
2025-07-24 20:23:29 [INFO] AutoFeeding:feeding_cycle:741 - 週期1192 檢測結果: DR_F=14, 總數=28
2025-07-24 20:23:29 [INFO] AutoFeeding:feeding_cycle:768 - 找到保護區內DR_F: (-95.52, 262.6)
2025-07-24 20:23:29 [INFO] AutoFeeding:set_dr_f_available:720 - DR_F已就緒: (-95.52, 262.6), Flow1可直接讀取座標
2025-07-24 20:23:30 [DEBUG] AutoFeeding:trigger_ccd1_detection:553 - 發送檢測指令前 - 201狀態: 9
2025-07-24 20:23:30 [DEBUG] AutoFeeding:trigger_ccd1_detection:561 - 已發送控制指令16到寄存器200
2025-07-24 20:23:31 [DEBUG] AutoFeeding:trigger_ccd1_detection:580 - CCD1檢測完成標誌確認
2025-07-24 20:23:31 [INFO] AutoFeeding:feeding_cycle:741 - 週期1193 檢測結果: DR_F=14, 總數=28
2025-07-24 20:23:31 [INFO] AutoFeeding:feeding_cycle:768 - 找到保護區內DR_F: (-95.52, 262.6)
2025-07-24 20:23:31 [INFO] AutoFeeding:set_dr_f_available:720 - DR_F已就緒: (-95.52, 262.6), Flow1可直接讀取座標
2025-07-24 20:23:32 [DEBUG] AutoFeeding:trigger_ccd1_detection:553 - 發送檢測指令前 - 201狀態: 9
2025-07-24 20:23:32 [DEBUG] AutoFeeding:trigger_ccd1_detection:561 - 已發送控制指令16到寄存器200
2025-07-24 20:23:33 [DEBUG] AutoFeeding:trigger_ccd1_detection:580 - CCD1檢測完成標誌確認
2025-07-24 20:23:33 [INFO] AutoFeeding:feeding_cycle:741 - 週期1194 檢測結果: DR_F=14, 總數=28
2025-07-24 20:23:33 [INFO] AutoFeeding:feeding_cycle:768 - 找到保護區內DR_F: (-95.52, 262.6)
2025-07-24 20:23:33 [INFO] AutoFeeding:set_dr_f_available:720 - DR_F已就緒: (-95.52, 262.6), Flow1可直接讀取座標
2025-07-24 20:23:34 [DEBUG] AutoFeeding:trigger_ccd1_detection:553 - 發送檢測指令前 - 201狀態: 9
2025-07-24 20:23:34 [DEBUG] AutoFeeding:trigger_ccd1_detection:561 - 已發送控制指令16到寄存器200
2025-07-24 20:23:35 [DEBUG] AutoFeeding:trigger_ccd1_detection:580 - CCD1檢測完成標誌確認
2025-07-24 20:23:35 [INFO] AutoFeeding:feeding_cycle:741 - 週期1195 檢測結果: DR_F=14, 總數=28
2025-07-24 20:23:35 [INFO] AutoFeeding:feeding_cycle:768 - 找到保護區內DR_F: (-95.51, 262.61)
2025-07-24 20:23:35 [INFO] AutoFeeding:set_dr_f_available:720 - DR_F已就緒: (-95.51, 262.61), Flow1可直接讀取座標
2025-07-24 20:23:36 [DEBUG] AutoFeeding:trigger_ccd1_detection:553 - 發送檢測指令前 - 201狀態: 9
2025-07-24 20:23:36 [DEBUG] AutoFeeding:trigger_ccd1_detection:561 - 已發送控制指令16到寄存器200
2025-07-24 20:23:37 [DEBUG] AutoFeeding:trigger_ccd1_detection:580 - CCD1檢測完成標誌確認
2025-07-24 20:23:37 [INFO] AutoFeeding:feeding_cycle:741 - 週期1196 檢測結果: DR_F=14, 總數=28
2025-07-24 20:23:37 [INFO] AutoFeeding:feeding_cycle:768 - 找到保護區內DR_F: (-95.52, 262.6)
2025-07-24 20:23:37 [INFO] AutoFeeding:set_dr_f_available:720 - DR_F已就緒: (-95.52, 262.6), Flow1可直接讀取座標
2025-07-24 20:23:38 [DEBUG] AutoFeeding:trigger_ccd1_detection:553 - 發送檢測指令前 - 201狀態: 9
2025-07-24 20:23:38 [DEBUG] AutoFeeding:trigger_ccd1_detection:561 - 已發送控制指令16到寄存器200
2025-07-24 20:23:39 [DEBUG] AutoFeeding:trigger_ccd1_detection:580 - CCD1檢測完成標誌確認
2025-07-24 20:23:39 [INFO] AutoFeeding:feeding_cycle:741 - 週期1197 檢測結果: DR_F=14, 總數=28
2025-07-24 20:23:39 [INFO] AutoFeeding:feeding_cycle:768 - 找到保護區內DR_F: (-95.52, 262.6)
2025-07-24 20:23:39 [INFO] AutoFeeding:set_dr_f_available:720 - DR_F已就緒: (-95.52, 262.6), Flow1可直接讀取座標
2025-07-24 20:23:40 [DEBUG] AutoFeeding:trigger_ccd1_detection:553 - 發送檢測指令前 - 201狀態: 9
2025-07-24 20:23:40 [DEBUG] AutoFeeding:trigger_ccd1_detection:561 - 已發送控制指令16到寄存器200
2025-07-24 20:23:41 [DEBUG] AutoFeeding:trigger_ccd1_detection:580 - CCD1檢測完成標誌確認
2025-07-24 20:23:41 [INFO] AutoFeeding:feeding_cycle:741 - 週期1198 檢測結果: DR_F=14, 總數=28
2025-07-24 20:23:41 [INFO] AutoFeeding:feeding_cycle:768 - 找到保護區內DR_F: (-95.51, 262.6)
2025-07-24 20:23:41 [INFO] AutoFeeding:set_dr_f_available:720 - DR_F已就緒: (-95.51, 262.6), Flow1可直接讀取座標
2025-07-24 20:23:42 [DEBUG] AutoFeeding:trigger_ccd1_detection:553 - 發送檢測指令前 - 201狀態: 9
2025-07-24 20:23:42 [DEBUG] AutoFeeding:trigger_ccd1_detection:561 - 已發送控制指令16到寄存器200
2025-07-24 20:23:43 [DEBUG] AutoFeeding:trigger_ccd1_detection:580 - CCD1檢測完成標誌確認
2025-07-24 20:23:43 [INFO] AutoFeeding:feeding_cycle:741 - 週期1199 檢測結果: DR_F=14, 總數=28
2025-07-24 20:23:43 [INFO] AutoFeeding:feeding_cycle:768 - 找到保護區內DR_F: (-95.52, 262.6)
2025-07-24 20:23:43 [INFO] AutoFeeding:set_dr_f_available:720 - DR_F已就緒: (-95.52, 262.6), Flow1可直接讀取座標
2025-07-24 20:23:44 [DEBUG] AutoFeeding:trigger_ccd1_detection:553 - 發送檢測指令前 - 201狀態: 9
2025-07-24 20:23:44 [DEBUG] AutoFeeding:trigger_ccd1_detection:561 - 已發送控制指令16到寄存器200
2025-07-24 20:23:45 [DEBUG] AutoFeeding:trigger_ccd1_detection:580 - CCD1檢測完成標誌確認
2025-07-24 20:23:45 [INFO] AutoFeeding:feeding_cycle:741 - 週期1200 檢測結果: DR_F=14, 總數=28
2025-07-24 20:23:45 [INFO] AutoFeeding:feeding_cycle:768 - 找到保護區內DR_F: (-95.52, 262.61)
2025-07-24 20:23:45 [INFO] AutoFeeding:set_dr_f_available:720 - DR_F已就緒: (-95.52, 262.61), Flow1可直接讀取座標
2025-07-24 20:23:46 [DEBUG] AutoFeeding:check_modules_status:480 - CCD1狀態: 9 (Ready=True, Running=False, Alarm=False, Init=True)
2025-07-24 20:23:46 [DEBUG] AutoFeeding:trigger_ccd1_detection:553 - 發送檢測指令前 - 201狀態: 9
2025-07-24 20:23:46 [DEBUG] AutoFeeding:trigger_ccd1_detection:561 - 已發送控制指令16到寄存器200
2025-07-24 20:23:47 [DEBUG] AutoFeeding:trigger_ccd1_detection:580 - CCD1檢測完成標誌確認
2025-07-24 20:23:47 [INFO] AutoFeeding:feeding_cycle:741 - 週期1201 檢測結果: DR_F=14, 總數=28
2025-07-24 20:23:47 [INFO] AutoFeeding:feeding_cycle:768 - 找到保護區內DR_F: (-95.52, 262.6)
2025-07-24 20:23:47 [INFO] AutoFeeding:set_dr_f_available:720 - DR_F已就緒: (-95.52, 262.6), Flow1可直接讀取座標
2025-07-24 20:23:48 [DEBUG] AutoFeeding:check_flow_and_progress_status:432 - Flow監控: 1201=0, 1202=100, 阻擋=False
2025-07-24 20:23:48 [DEBUG] AutoFeeding:trigger_ccd1_detection:553 - 發送檢測指令前 - 201狀態: 9
2025-07-24 20:23:48 [DEBUG] AutoFeeding:trigger_ccd1_detection:561 - 已發送控制指令16到寄存器200
2025-07-24 20:23:49 [DEBUG] AutoFeeding:trigger_ccd1_detection:580 - CCD1檢測完成標誌確認
2025-07-24 20:23:49 [INFO] AutoFeeding:feeding_cycle:741 - 週期1202 檢測結果: DR_F=14, 總數=28
2025-07-24 20:23:49 [INFO] AutoFeeding:feeding_cycle:768 - 找到保護區內DR_F: (-95.52, 262.6)
2025-07-24 20:23:49 [INFO] AutoFeeding:set_dr_f_available:720 - DR_F已就緒: (-95.52, 262.6), Flow1可直接讀取座標
2025-07-24 20:23:50 [DEBUG] AutoFeeding:trigger_ccd1_detection:553 - 發送檢測指令前 - 201狀態: 9
2025-07-24 20:23:50 [DEBUG] AutoFeeding:trigger_ccd1_detection:561 - 已發送控制指令16到寄存器200
2025-07-24 20:23:51 [DEBUG] AutoFeeding:trigger_ccd1_detection:580 - CCD1檢測完成標誌確認
2025-07-24 20:23:51 [INFO] AutoFeeding:feeding_cycle:741 - 週期1203 檢測結果: DR_F=14, 總數=28
2025-07-24 20:23:51 [INFO] AutoFeeding:feeding_cycle:768 - 找到保護區內DR_F: (-95.52, 262.6)
2025-07-24 20:23:51 [INFO] AutoFeeding:set_dr_f_available:720 - DR_F已就緒: (-95.52, 262.6), Flow1可直接讀取座標
2025-07-24 20:23:52 [DEBUG] AutoFeeding:trigger_ccd1_detection:553 - 發送檢測指令前 - 201狀態: 9
2025-07-24 20:23:52 [DEBUG] AutoFeeding:trigger_ccd1_detection:561 - 已發送控制指令16到寄存器200
2025-07-24 20:23:53 [DEBUG] AutoFeeding:trigger_ccd1_detection:580 - CCD1檢測完成標誌確認
2025-07-24 20:23:53 [INFO] AutoFeeding:feeding_cycle:741 - 週期1204 檢測結果: DR_F=14, 總數=28
2025-07-24 20:23:53 [INFO] AutoFeeding:feeding_cycle:768 - 找到保護區內DR_F: (-95.52, 262.6)
2025-07-24 20:23:53 [INFO] AutoFeeding:set_dr_f_available:720 - DR_F已就緒: (-95.52, 262.6), Flow1可直接讀取座標
2025-07-24 20:23:54 [DEBUG] AutoFeeding:trigger_ccd1_detection:553 - 發送檢測指令前 - 201狀態: 9
2025-07-24 20:23:54 [DEBUG] AutoFeeding:trigger_ccd1_detection:561 - 已發送控制指令16到寄存器200
2025-07-24 20:23:55 [DEBUG] AutoFeeding:trigger_ccd1_detection:580 - CCD1檢測完成標誌確認
2025-07-24 20:23:55 [INFO] AutoFeeding:feeding_cycle:741 - 週期1205 檢測結果: DR_F=14, 總數=28
2025-07-24 20:23:55 [INFO] AutoFeeding:feeding_cycle:768 - 找到保護區內DR_F: (-95.52, 262.6)
2025-07-24 20:23:55 [INFO] AutoFeeding:set_dr_f_available:720 - DR_F已就緒: (-95.52, 262.6), Flow1可直接讀取座標
2025-07-24 20:23:56 [DEBUG] AutoFeeding:trigger_ccd1_detection:553 - 發送檢測指令前 - 201狀態: 9
2025-07-24 20:23:56 [DEBUG] AutoFeeding:trigger_ccd1_detection:561 - 已發送控制指令16到寄存器200
2025-07-24 20:23:57 [DEBUG] AutoFeeding:trigger_ccd1_detection:580 - CCD1檢測完成標誌確認
2025-07-24 20:23:57 [INFO] AutoFeeding:feeding_cycle:741 - 週期1206 檢測結果: DR_F=14, 總數=28
2025-07-24 20:23:57 [INFO] AutoFeeding:feeding_cycle:768 - 找到保護區內DR_F: (-95.51, 262.6)
2025-07-24 20:23:57 [INFO] AutoFeeding:set_dr_f_available:720 - DR_F已就緒: (-95.51, 262.6), Flow1可直接讀取座標
2025-07-24 20:23:58 [DEBUG] AutoFeeding:trigger_ccd1_detection:553 - 發送檢測指令前 - 201狀態: 9
2025-07-24 20:23:58 [DEBUG] AutoFeeding:trigger_ccd1_detection:561 - 已發送控制指令16到寄存器200
2025-07-24 20:23:59 [DEBUG] AutoFeeding:trigger_ccd1_detection:580 - CCD1檢測完成標誌確認
2025-07-24 20:23:59 [INFO] AutoFeeding:feeding_cycle:741 - 週期1207 檢測結果: DR_F=14, 總數=28
2025-07-24 20:23:59 [INFO] AutoFeeding:feeding_cycle:768 - 找到保護區內DR_F: (-95.51, 262.6)
2025-07-24 20:23:59 [INFO] AutoFeeding:set_dr_f_available:720 - DR_F已就緒: (-95.51, 262.6), Flow1可直接讀取座標
2025-07-24 20:24:00 [DEBUG] AutoFeeding:trigger_ccd1_detection:553 - 發送檢測指令前 - 201狀態: 9
2025-07-24 20:24:00 [DEBUG] AutoFeeding:trigger_ccd1_detection:561 - 已發送控制指令16到寄存器200
2025-07-24 20:24:01 [DEBUG] AutoFeeding:trigger_ccd1_detection:580 - CCD1檢測完成標誌確認
2025-07-24 20:24:01 [INFO] AutoFeeding:feeding_cycle:741 - 週期1208 檢測結果: DR_F=14, 總數=28
2025-07-24 20:24:01 [INFO] AutoFeeding:feeding_cycle:768 - 找到保護區內DR_F: (-95.52, 262.6)
2025-07-24 20:24:01 [INFO] AutoFeeding:set_dr_f_available:720 - DR_F已就緒: (-95.52, 262.6), Flow1可直接讀取座標
2025-07-24 20:24:02 [DEBUG] AutoFeeding:trigger_ccd1_detection:553 - 發送檢測指令前 - 201狀態: 9
2025-07-24 20:24:02 [DEBUG] AutoFeeding:trigger_ccd1_detection:561 - 已發送控制指令16到寄存器200
2025-07-24 20:24:04 [DEBUG] AutoFeeding:trigger_ccd1_detection:580 - CCD1檢測完成標誌確認
2025-07-24 20:24:04 [INFO] AutoFeeding:feeding_cycle:741 - 週期1209 檢測結果: DR_F=14, 總數=28
2025-07-24 20:24:04 [INFO] AutoFeeding:feeding_cycle:768 - 找到保護區內DR_F: (-95.52, 262.6)
2025-07-24 20:24:04 [INFO] AutoFeeding:set_dr_f_available:720 - DR_F已就緒: (-95.52, 262.6), Flow1可直接讀取座標
2025-07-24 20:24:05 [DEBUG] AutoFeeding:trigger_ccd1_detection:553 - 發送檢測指令前 - 201狀態: 9
2025-07-24 20:24:05 [DEBUG] AutoFeeding:trigger_ccd1_detection:561 - 已發送控制指令16到寄存器200
2025-07-24 20:24:06 [DEBUG] AutoFeeding:trigger_ccd1_detection:580 - CCD1檢測完成標誌確認
2025-07-24 20:24:06 [INFO] AutoFeeding:feeding_cycle:741 - 週期1210 檢測結果: DR_F=14, 總數=28
2025-07-24 20:24:06 [INFO] AutoFeeding:feeding_cycle:768 - 找到保護區內DR_F: (-95.52, 262.6)
2025-07-24 20:24:06 [INFO] AutoFeeding:set_dr_f_available:720 - DR_F已就緒: (-95.52, 262.6), Flow1可直接讀取座標
2025-07-24 20:24:07 [DEBUG] AutoFeeding:trigger_ccd1_detection:553 - 發送檢測指令前 - 201狀態: 9
2025-07-24 20:24:07 [DEBUG] AutoFeeding:trigger_ccd1_detection:561 - 已發送控制指令16到寄存器200
2025-07-24 20:24:08 [DEBUG] AutoFeeding:trigger_ccd1_detection:580 - CCD1檢測完成標誌確認
2025-07-24 20:24:08 [INFO] AutoFeeding:feeding_cycle:741 - 週期1211 檢測結果: DR_F=14, 總數=28
2025-07-24 20:24:08 [INFO] AutoFeeding:feeding_cycle:768 - 找到保護區內DR_F: (-95.52, 262.6)
2025-07-24 20:24:08 [INFO] AutoFeeding:set_dr_f_available:720 - DR_F已就緒: (-95.52, 262.6), Flow1可直接讀取座標
2025-07-24 20:24:09 [DEBUG] AutoFeeding:trigger_ccd1_detection:553 - 發送檢測指令前 - 201狀態: 9
2025-07-24 20:24:09 [DEBUG] AutoFeeding:trigger_ccd1_detection:561 - 已發送控制指令16到寄存器200
2025-07-24 20:24:10 [DEBUG] AutoFeeding:trigger_ccd1_detection:580 - CCD1檢測完成標誌確認
2025-07-24 20:24:10 [INFO] AutoFeeding:feeding_cycle:741 - 週期1212 檢測結果: DR_F=14, 總數=28
2025-07-24 20:24:10 [INFO] AutoFeeding:feeding_cycle:768 - 找到保護區內DR_F: (-95.52, 262.6)
2025-07-24 20:24:10 [INFO] AutoFeeding:set_dr_f_available:720 - DR_F已就緒: (-95.52, 262.6), Flow1可直接讀取座標
2025-07-24 20:24:11 [DEBUG] AutoFeeding:trigger_ccd1_detection:553 - 發送檢測指令前 - 201狀態: 9
2025-07-24 20:24:11 [DEBUG] AutoFeeding:trigger_ccd1_detection:561 - 已發送控制指令16到寄存器200
2025-07-24 20:24:12 [DEBUG] AutoFeeding:trigger_ccd1_detection:580 - CCD1檢測完成標誌確認
2025-07-24 20:24:12 [INFO] AutoFeeding:feeding_cycle:741 - 週期1213 檢測結果: DR_F=14, 總數=28
2025-07-24 20:24:12 [INFO] AutoFeeding:feeding_cycle:768 - 找到保護區內DR_F: (-95.52, 262.6)
2025-07-24 20:24:12 [INFO] AutoFeeding:set_dr_f_available:720 - DR_F已就緒: (-95.52, 262.6), Flow1可直接讀取座標
2025-07-24 20:24:13 [DEBUG] AutoFeeding:trigger_ccd1_detection:553 - 發送檢測指令前 - 201狀態: 9
2025-07-24 20:24:13 [DEBUG] AutoFeeding:trigger_ccd1_detection:561 - 已發送控制指令16到寄存器200
2025-07-24 20:24:14 [DEBUG] AutoFeeding:trigger_ccd1_detection:580 - CCD1檢測完成標誌確認
2025-07-24 20:24:14 [INFO] AutoFeeding:feeding_cycle:741 - 週期1214 檢測結果: DR_F=14, 總數=28
2025-07-24 20:24:14 [INFO] AutoFeeding:feeding_cycle:768 - 找到保護區內DR_F: (-95.52, 262.6)
2025-07-24 20:24:14 [INFO] AutoFeeding:set_dr_f_available:720 - DR_F已就緒: (-95.52, 262.6), Flow1可直接讀取座標
2025-07-24 20:24:15 [DEBUG] AutoFeeding:trigger_ccd1_detection:553 - 發送檢測指令前 - 201狀態: 9
2025-07-24 20:24:15 [DEBUG] AutoFeeding:trigger_ccd1_detection:561 - 已發送控制指令16到寄存器200
2025-07-24 20:24:16 [DEBUG] AutoFeeding:trigger_ccd1_detection:580 - CCD1檢測完成標誌確認
2025-07-24 20:24:16 [INFO] AutoFeeding:feeding_cycle:741 - 週期1215 檢測結果: DR_F=14, 總數=28
2025-07-24 20:24:16 [INFO] AutoFeeding:feeding_cycle:768 - 找到保護區內DR_F: (-95.52, 262.6)
2025-07-24 20:24:16 [INFO] AutoFeeding:set_dr_f_available:720 - DR_F已就緒: (-95.52, 262.6), Flow1可直接讀取座標
2025-07-24 20:24:17 [DEBUG] AutoFeeding:trigger_ccd1_detection:553 - 發送檢測指令前 - 201狀態: 9
2025-07-24 20:24:17 [DEBUG] AutoFeeding:trigger_ccd1_detection:561 - 已發送控制指令16到寄存器200
2025-07-24 20:24:18 [DEBUG] AutoFeeding:trigger_ccd1_detection:580 - CCD1檢測完成標誌確認
2025-07-24 20:24:18 [INFO] AutoFeeding:feeding_cycle:741 - 週期1216 檢測結果: DR_F=14, 總數=28
2025-07-24 20:24:18 [INFO] AutoFeeding:feeding_cycle:768 - 找到保護區內DR_F: (-95.52, 262.6)
2025-07-24 20:24:18 [INFO] AutoFeeding:set_dr_f_available:720 - DR_F已就緒: (-95.52, 262.6), Flow1可直接讀取座標
2025-07-24 20:24:19 [DEBUG] AutoFeeding:trigger_ccd1_detection:553 - 發送檢測指令前 - 201狀態: 9
2025-07-24 20:24:19 [DEBUG] AutoFeeding:trigger_ccd1_detection:561 - 已發送控制指令16到寄存器200
2025-07-24 20:24:20 [DEBUG] AutoFeeding:trigger_ccd1_detection:580 - CCD1檢測完成標誌確認
2025-07-24 20:24:20 [INFO] AutoFeeding:feeding_cycle:741 - 週期1217 檢測結果: DR_F=14, 總數=28
2025-07-24 20:24:20 [INFO] AutoFeeding:feeding_cycle:768 - 找到保護區內DR_F: (-95.53, 262.6)
2025-07-24 20:24:20 [INFO] AutoFeeding:set_dr_f_available:720 - DR_F已就緒: (-95.53, 262.6), Flow1可直接讀取座標
2025-07-24 20:24:21 [DEBUG] AutoFeeding:trigger_ccd1_detection:553 - 發送檢測指令前 - 201狀態: 9
2025-07-24 20:24:21 [DEBUG] AutoFeeding:trigger_ccd1_detection:561 - 已發送控制指令16到寄存器200
2025-07-24 20:24:22 [DEBUG] AutoFeeding:trigger_ccd1_detection:580 - CCD1檢測完成標誌確認
2025-07-24 20:24:22 [INFO] AutoFeeding:feeding_cycle:741 - 週期1218 檢測結果: DR_F=14, 總數=28
2025-07-24 20:24:22 [INFO] AutoFeeding:feeding_cycle:768 - 找到保護區內DR_F: (-95.52, 262.6)
2025-07-24 20:24:22 [INFO] AutoFeeding:set_dr_f_available:720 - DR_F已就緒: (-95.52, 262.6), Flow1可直接讀取座標
2025-07-24 20:24:23 [DEBUG] AutoFeeding:trigger_ccd1_detection:553 - 發送檢測指令前 - 201狀態: 9
2025-07-24 20:24:23 [DEBUG] AutoFeeding:trigger_ccd1_detection:561 - 已發送控制指令16到寄存器200
2025-07-24 20:24:24 [DEBUG] AutoFeeding:trigger_ccd1_detection:580 - CCD1檢測完成標誌確認
2025-07-24 20:24:24 [INFO] AutoFeeding:feeding_cycle:741 - 週期1219 檢測結果: DR_F=14, 總數=28
2025-07-24 20:24:24 [INFO] AutoFeeding:feeding_cycle:768 - 找到保護區內DR_F: (-95.51, 262.6)
2025-07-24 20:24:24 [INFO] AutoFeeding:set_dr_f_available:720 - DR_F已就緒: (-95.51, 262.6), Flow1可直接讀取座標
2025-07-24 20:24:25 [DEBUG] AutoFeeding:trigger_ccd1_detection:553 - 發送檢測指令前 - 201狀態: 9
2025-07-24 20:24:25 [DEBUG] AutoFeeding:trigger_ccd1_detection:561 - 已發送控制指令16到寄存器200
2025-07-24 20:24:26 [DEBUG] AutoFeeding:trigger_ccd1_detection:580 - CCD1檢測完成標誌確認
2025-07-24 20:24:26 [INFO] AutoFeeding:feeding_cycle:741 - 週期1220 檢測結果: DR_F=14, 總數=28
2025-07-24 20:24:26 [INFO] AutoFeeding:feeding_cycle:768 - 找到保護區內DR_F: (-95.52, 262.61)
2025-07-24 20:24:26 [INFO] AutoFeeding:set_dr_f_available:720 - DR_F已就緒: (-95.52, 262.61), Flow1可直接讀取座標
2025-07-24 20:24:27 [DEBUG] AutoFeeding:trigger_ccd1_detection:553 - 發送檢測指令前 - 201狀態: 9
2025-07-24 20:24:27 [DEBUG] AutoFeeding:trigger_ccd1_detection:561 - 已發送控制指令16到寄存器200
2025-07-24 20:24:28 [DEBUG] AutoFeeding:trigger_ccd1_detection:580 - CCD1檢測完成標誌確認
2025-07-24 20:24:28 [INFO] AutoFeeding:feeding_cycle:741 - 週期1221 檢測結果: DR_F=14, 總數=28
2025-07-24 20:24:28 [INFO] AutoFeeding:feeding_cycle:768 - 找到保護區內DR_F: (-95.52, 262.6)
2025-07-24 20:24:28 [INFO] AutoFeeding:set_dr_f_available:720 - DR_F已就緒: (-95.52, 262.6), Flow1可直接讀取座標
2025-07-24 20:24:29 [DEBUG] AutoFeeding:trigger_ccd1_detection:553 - 發送檢測指令前 - 201狀態: 9
2025-07-24 20:24:29 [DEBUG] AutoFeeding:trigger_ccd1_detection:561 - 已發送控制指令16到寄存器200
2025-07-24 20:24:30 [DEBUG] AutoFeeding:trigger_ccd1_detection:580 - CCD1檢測完成標誌確認
2025-07-24 20:24:30 [INFO] AutoFeeding:feeding_cycle:741 - 週期1222 檢測結果: DR_F=14, 總數=28
2025-07-24 20:24:30 [INFO] AutoFeeding:feeding_cycle:768 - 找到保護區內DR_F: (-95.52, 262.6)
2025-07-24 20:24:30 [INFO] AutoFeeding:set_dr_f_available:720 - DR_F已就緒: (-95.52, 262.6), Flow1可直接讀取座標
2025-07-24 20:24:31 [DEBUG] AutoFeeding:trigger_ccd1_detection:553 - 發送檢測指令前 - 201狀態: 9
2025-07-24 20:24:31 [DEBUG] AutoFeeding:trigger_ccd1_detection:561 - 已發送控制指令16到寄存器200
2025-07-24 20:24:32 [DEBUG] AutoFeeding:trigger_ccd1_detection:580 - CCD1檢測完成標誌確認
2025-07-24 20:24:32 [INFO] AutoFeeding:feeding_cycle:741 - 週期1223 檢測結果: DR_F=14, 總數=28
2025-07-24 20:24:32 [INFO] AutoFeeding:feeding_cycle:768 - 找到保護區內DR_F: (-95.52, 262.6)
2025-07-24 20:24:32 [INFO] AutoFeeding:set_dr_f_available:720 - DR_F已就緒: (-95.52, 262.6), Flow1可直接讀取座標
2025-07-24 20:24:33 [DEBUG] AutoFeeding:trigger_ccd1_detection:553 - 發送檢測指令前 - 201狀態: 9
2025-07-24 20:24:33 [DEBUG] AutoFeeding:trigger_ccd1_detection:561 - 已發送控制指令16到寄存器200
2025-07-24 20:24:34 [DEBUG] AutoFeeding:trigger_ccd1_detection:580 - CCD1檢測完成標誌確認
2025-07-24 20:24:34 [INFO] AutoFeeding:feeding_cycle:741 - 週期1224 檢測結果: DR_F=14, 總數=28
2025-07-24 20:24:34 [INFO] AutoFeeding:feeding_cycle:768 - 找到保護區內DR_F: (-95.52, 262.6)
2025-07-24 20:24:34 [INFO] AutoFeeding:set_dr_f_available:720 - DR_F已就緒: (-95.52, 262.6), Flow1可直接讀取座標
2025-07-24 20:24:35 [DEBUG] AutoFeeding:trigger_ccd1_detection:553 - 發送檢測指令前 - 201狀態: 9
2025-07-24 20:24:35 [DEBUG] AutoFeeding:trigger_ccd1_detection:561 - 已發送控制指令16到寄存器200
2025-07-24 20:24:36 [DEBUG] AutoFeeding:trigger_ccd1_detection:580 - CCD1檢測完成標誌確認
2025-07-24 20:24:36 [INFO] AutoFeeding:feeding_cycle:741 - 週期1225 檢測結果: DR_F=14, 總數=28
2025-07-24 20:24:36 [INFO] AutoFeeding:feeding_cycle:768 - 找到保護區內DR_F: (-95.51, 262.61)
2025-07-24 20:24:36 [INFO] AutoFeeding:set_dr_f_available:720 - DR_F已就緒: (-95.51, 262.61), Flow1可直接讀取座標
2025-07-24 20:24:37 [DEBUG] AutoFeeding:trigger_ccd1_detection:553 - 發送檢測指令前 - 201狀態: 9
2025-07-24 20:24:37 [DEBUG] AutoFeeding:trigger_ccd1_detection:561 - 已發送控制指令16到寄存器200
2025-07-24 20:24:38 [DEBUG] AutoFeeding:trigger_ccd1_detection:580 - CCD1檢測完成標誌確認
2025-07-24 20:24:38 [INFO] AutoFeeding:feeding_cycle:741 - 週期1226 檢測結果: DR_F=14, 總數=28
2025-07-24 20:24:38 [INFO] AutoFeeding:feeding_cycle:768 - 找到保護區內DR_F: (-95.52, 262.6)
2025-07-24 20:24:38 [INFO] AutoFeeding:set_dr_f_available:720 - DR_F已就緒: (-95.52, 262.6), Flow1可直接讀取座標
2025-07-24 20:24:39 [DEBUG] AutoFeeding:trigger_ccd1_detection:553 - 發送檢測指令前 - 201狀態: 9
2025-07-24 20:24:39 [DEBUG] AutoFeeding:trigger_ccd1_detection:561 - 已發送控制指令16到寄存器200
2025-07-24 20:24:40 [DEBUG] AutoFeeding:trigger_ccd1_detection:580 - CCD1檢測完成標誌確認
2025-07-24 20:24:40 [INFO] AutoFeeding:feeding_cycle:741 - 週期1227 檢測結果: DR_F=14, 總數=28
2025-07-24 20:24:40 [INFO] AutoFeeding:feeding_cycle:768 - 找到保護區內DR_F: (-95.52, 262.6)
2025-07-24 20:24:40 [INFO] AutoFeeding:set_dr_f_available:720 - DR_F已就緒: (-95.52, 262.6), Flow1可直接讀取座標
2025-07-24 20:24:41 [DEBUG] AutoFeeding:trigger_ccd1_detection:553 - 發送檢測指令前 - 201狀態: 9
2025-07-24 20:24:41 [DEBUG] AutoFeeding:trigger_ccd1_detection:561 - 已發送控制指令16到寄存器200
2025-07-24 20:24:42 [DEBUG] AutoFeeding:trigger_ccd1_detection:580 - CCD1檢測完成標誌確認
2025-07-24 20:24:42 [INFO] AutoFeeding:feeding_cycle:741 - 週期1228 檢測結果: DR_F=14, 總數=28
2025-07-24 20:24:42 [INFO] AutoFeeding:feeding_cycle:768 - 找到保護區內DR_F: (-95.51, 262.6)
2025-07-24 20:24:42 [INFO] AutoFeeding:set_dr_f_available:720 - DR_F已就緒: (-95.51, 262.6), Flow1可直接讀取座標
2025-07-24 20:24:43 [DEBUG] AutoFeeding:trigger_ccd1_detection:553 - 發送檢測指令前 - 201狀態: 9
2025-07-24 20:24:43 [DEBUG] AutoFeeding:trigger_ccd1_detection:561 - 已發送控制指令16到寄存器200
2025-07-24 20:24:44 [DEBUG] AutoFeeding:trigger_ccd1_detection:580 - CCD1檢測完成標誌確認
2025-07-24 20:24:44 [INFO] AutoFeeding:feeding_cycle:741 - 週期1229 檢測結果: DR_F=14, 總數=28
2025-07-24 20:24:44 [INFO] AutoFeeding:feeding_cycle:768 - 找到保護區內DR_F: (-95.51, 262.6)
2025-07-24 20:24:44 [INFO] AutoFeeding:set_dr_f_available:720 - DR_F已就緒: (-95.51, 262.6), Flow1可直接讀取座標
2025-07-24 20:24:45 [DEBUG] AutoFeeding:trigger_ccd1_detection:553 - 發送檢測指令前 - 201狀態: 9
2025-07-24 20:24:45 [DEBUG] AutoFeeding:trigger_ccd1_detection:561 - 已發送控制指令16到寄存器200
2025-07-24 20:24:46 [DEBUG] AutoFeeding:trigger_ccd1_detection:580 - CCD1檢測完成標誌確認
2025-07-24 20:24:46 [INFO] AutoFeeding:feeding_cycle:741 - 週期1230 檢測結果: DR_F=14, 總數=28
2025-07-24 20:24:46 [INFO] AutoFeeding:feeding_cycle:768 - 找到保護區內DR_F: (-95.52, 262.6)
2025-07-24 20:24:46 [INFO] AutoFeeding:set_dr_f_available:720 - DR_F已就緒: (-95.52, 262.6), Flow1可直接讀取座標
2025-07-24 20:24:47 [DEBUG] AutoFeeding:trigger_ccd1_detection:553 - 發送檢測指令前 - 201狀態: 9
2025-07-24 20:24:47 [DEBUG] AutoFeeding:trigger_ccd1_detection:561 - 已發送控制指令16到寄存器200
2025-07-24 20:24:49 [DEBUG] AutoFeeding:trigger_ccd1_detection:580 - CCD1檢測完成標誌確認
2025-07-24 20:24:49 [INFO] AutoFeeding:feeding_cycle:741 - 週期1231 檢測結果: DR_F=14, 總數=28
2025-07-24 20:24:49 [INFO] AutoFeeding:feeding_cycle:768 - 找到保護區內DR_F: (-95.52, 262.6)
2025-07-24 20:24:49 [INFO] AutoFeeding:set_dr_f_available:720 - DR_F已就緒: (-95.52, 262.6), Flow1可直接讀取座標
2025-07-24 20:24:50 [DEBUG] AutoFeeding:trigger_ccd1_detection:553 - 發送檢測指令前 - 201狀態: 9
2025-07-24 20:24:50 [DEBUG] AutoFeeding:trigger_ccd1_detection:561 - 已發送控制指令16到寄存器200
2025-07-24 20:24:51 [DEBUG] AutoFeeding:trigger_ccd1_detection:580 - CCD1檢測完成標誌確認
2025-07-24 20:24:51 [INFO] AutoFeeding:feeding_cycle:741 - 週期1232 檢測結果: DR_F=14, 總數=28
2025-07-24 20:24:51 [INFO] AutoFeeding:feeding_cycle:768 - 找到保護區內DR_F: (-95.53, 262.6)
2025-07-24 20:24:51 [INFO] AutoFeeding:set_dr_f_available:720 - DR_F已就緒: (-95.53, 262.6), Flow1可直接讀取座標
2025-07-24 20:24:52 [DEBUG] AutoFeeding:trigger_ccd1_detection:553 - 發送檢測指令前 - 201狀態: 9
2025-07-24 20:24:52 [DEBUG] AutoFeeding:trigger_ccd1_detection:561 - 已發送控制指令16到寄存器200
2025-07-24 20:24:53 [DEBUG] AutoFeeding:trigger_ccd1_detection:580 - CCD1檢測完成標誌確認
2025-07-24 20:24:53 [INFO] AutoFeeding:feeding_cycle:741 - 週期1233 檢測結果: DR_F=14, 總數=28
2025-07-24 20:24:53 [INFO] AutoFeeding:feeding_cycle:768 - 找到保護區內DR_F: (-95.52, 262.6)
2025-07-24 20:24:53 [INFO] AutoFeeding:set_dr_f_available:720 - DR_F已就緒: (-95.52, 262.6), Flow1可直接讀取座標
2025-07-24 20:24:54 [DEBUG] AutoFeeding:trigger_ccd1_detection:553 - 發送檢測指令前 - 201狀態: 9
2025-07-24 20:24:54 [DEBUG] AutoFeeding:trigger_ccd1_detection:561 - 已發送控制指令16到寄存器200
2025-07-24 20:24:55 [DEBUG] AutoFeeding:trigger_ccd1_detection:580 - CCD1檢測完成標誌確認
2025-07-24 20:24:55 [INFO] AutoFeeding:feeding_cycle:741 - 週期1234 檢測結果: DR_F=14, 總數=28
2025-07-24 20:24:55 [INFO] AutoFeeding:feeding_cycle:768 - 找到保護區內DR_F: (-95.52, 262.6)
2025-07-24 20:24:55 [INFO] AutoFeeding:set_dr_f_available:720 - DR_F已就緒: (-95.52, 262.6), Flow1可直接讀取座標
2025-07-24 20:24:56 [DEBUG] AutoFeeding:trigger_ccd1_detection:553 - 發送檢測指令前 - 201狀態: 9
2025-07-24 20:24:56 [DEBUG] AutoFeeding:trigger_ccd1_detection:561 - 已發送控制指令16到寄存器200
2025-07-24 20:24:57 [DEBUG] AutoFeeding:trigger_ccd1_detection:580 - CCD1檢測完成標誌確認
2025-07-24 20:24:57 [INFO] AutoFeeding:feeding_cycle:741 - 週期1235 檢測結果: DR_F=14, 總數=28
2025-07-24 20:24:57 [INFO] AutoFeeding:feeding_cycle:768 - 找到保護區內DR_F: (-95.52, 262.6)
2025-07-24 20:24:57 [INFO] AutoFeeding:set_dr_f_available:720 - DR_F已就緒: (-95.52, 262.6), Flow1可直接讀取座標
2025-07-24 20:24:58 [DEBUG] AutoFeeding:trigger_ccd1_detection:553 - 發送檢測指令前 - 201狀態: 9
2025-07-24 20:24:58 [DEBUG] AutoFeeding:trigger_ccd1_detection:561 - 已發送控制指令16到寄存器200
2025-07-24 20:24:59 [DEBUG] AutoFeeding:trigger_ccd1_detection:580 - CCD1檢測完成標誌確認
2025-07-24 20:24:59 [INFO] AutoFeeding:feeding_cycle:741 - 週期1236 檢測結果: DR_F=14, 總數=28
2025-07-24 20:24:59 [INFO] AutoFeeding:feeding_cycle:768 - 找到保護區內DR_F: (-95.52, 262.6)
2025-07-24 20:24:59 [INFO] AutoFeeding:set_dr_f_available:720 - DR_F已就緒: (-95.52, 262.6), Flow1可直接讀取座標
2025-07-24 20:25:00 [DEBUG] AutoFeeding:trigger_ccd1_detection:553 - 發送檢測指令前 - 201狀態: 9
2025-07-24 20:25:00 [DEBUG] AutoFeeding:trigger_ccd1_detection:561 - 已發送控制指令16到寄存器200
2025-07-24 20:25:01 [DEBUG] AutoFeeding:trigger_ccd1_detection:580 - CCD1檢測完成標誌確認
2025-07-24 20:25:01 [INFO] AutoFeeding:feeding_cycle:741 - 週期1237 檢測結果: DR_F=14, 總數=28
2025-07-24 20:25:01 [INFO] AutoFeeding:feeding_cycle:768 - 找到保護區內DR_F: (-95.52, 262.6)
2025-07-24 20:25:01 [INFO] AutoFeeding:set_dr_f_available:720 - DR_F已就緒: (-95.52, 262.6), Flow1可直接讀取座標
2025-07-24 20:25:02 [DEBUG] AutoFeeding:trigger_ccd1_detection:553 - 發送檢測指令前 - 201狀態: 9
2025-07-24 20:25:02 [DEBUG] AutoFeeding:trigger_ccd1_detection:561 - 已發送控制指令16到寄存器200
2025-07-24 20:25:03 [DEBUG] AutoFeeding:trigger_ccd1_detection:580 - CCD1檢測完成標誌確認
2025-07-24 20:25:03 [INFO] AutoFeeding:feeding_cycle:741 - 週期1238 檢測結果: DR_F=14, 總數=28
2025-07-24 20:25:03 [INFO] AutoFeeding:feeding_cycle:768 - 找到保護區內DR_F: (-95.52, 262.6)
2025-07-24 20:25:03 [INFO] AutoFeeding:set_dr_f_available:720 - DR_F已就緒: (-95.52, 262.6), Flow1可直接讀取座標
2025-07-24 20:25:04 [DEBUG] AutoFeeding:trigger_ccd1_detection:553 - 發送檢測指令前 - 201狀態: 9
2025-07-24 20:25:04 [DEBUG] AutoFeeding:trigger_ccd1_detection:561 - 已發送控制指令16到寄存器200
2025-07-24 20:25:05 [DEBUG] AutoFeeding:trigger_ccd1_detection:580 - CCD1檢測完成標誌確認
2025-07-24 20:25:05 [INFO] AutoFeeding:feeding_cycle:741 - 週期1239 檢測結果: DR_F=14, 總數=28
2025-07-24 20:25:05 [INFO] AutoFeeding:feeding_cycle:768 - 找到保護區內DR_F: (-95.52, 262.6)
2025-07-24 20:25:05 [INFO] AutoFeeding:set_dr_f_available:720 - DR_F已就緒: (-95.52, 262.6), Flow1可直接讀取座標
2025-07-24 20:25:06 [DEBUG] AutoFeeding:trigger_ccd1_detection:553 - 發送檢測指令前 - 201狀態: 9
2025-07-24 20:25:06 [DEBUG] AutoFeeding:trigger_ccd1_detection:561 - 已發送控制指令16到寄存器200
2025-07-24 20:25:07 [DEBUG] AutoFeeding:trigger_ccd1_detection:580 - CCD1檢測完成標誌確認
2025-07-24 20:25:07 [INFO] AutoFeeding:feeding_cycle:741 - 週期1240 檢測結果: DR_F=14, 總數=28
2025-07-24 20:25:07 [INFO] AutoFeeding:feeding_cycle:768 - 找到保護區內DR_F: (-95.52, 262.6)
2025-07-24 20:25:07 [INFO] AutoFeeding:set_dr_f_available:720 - DR_F已就緒: (-95.52, 262.6), Flow1可直接讀取座標
2025-07-24 20:25:08 [DEBUG] AutoFeeding:trigger_ccd1_detection:553 - 發送檢測指令前 - 201狀態: 9
2025-07-24 20:25:08 [DEBUG] AutoFeeding:trigger_ccd1_detection:561 - 已發送控制指令16到寄存器200
2025-07-24 20:25:09 [DEBUG] AutoFeeding:trigger_ccd1_detection:580 - CCD1檢測完成標誌確認
2025-07-24 20:25:09 [INFO] AutoFeeding:feeding_cycle:741 - 週期1241 檢測結果: DR_F=14, 總數=28
2025-07-24 20:25:09 [INFO] AutoFeeding:feeding_cycle:768 - 找到保護區內DR_F: (-95.52, 262.6)
2025-07-24 20:25:09 [INFO] AutoFeeding:set_dr_f_available:720 - DR_F已就緒: (-95.52, 262.6), Flow1可直接讀取座標
2025-07-24 20:25:10 [DEBUG] AutoFeeding:trigger_ccd1_detection:553 - 發送檢測指令前 - 201狀態: 9
2025-07-24 20:25:10 [DEBUG] AutoFeeding:trigger_ccd1_detection:561 - 已發送控制指令16到寄存器200
2025-07-24 20:25:11 [DEBUG] AutoFeeding:trigger_ccd1_detection:580 - CCD1檢測完成標誌確認
2025-07-24 20:25:11 [INFO] AutoFeeding:feeding_cycle:741 - 週期1242 檢測結果: DR_F=14, 總數=28
2025-07-24 20:25:11 [INFO] AutoFeeding:feeding_cycle:768 - 找到保護區內DR_F: (-95.52, 262.6)
2025-07-24 20:25:11 [INFO] AutoFeeding:set_dr_f_available:720 - DR_F已就緒: (-95.52, 262.6), Flow1可直接讀取座標
2025-07-24 20:25:12 [DEBUG] AutoFeeding:trigger_ccd1_detection:553 - 發送檢測指令前 - 201狀態: 9
2025-07-24 20:25:12 [DEBUG] AutoFeeding:trigger_ccd1_detection:561 - 已發送控制指令16到寄存器200
2025-07-24 20:25:13 [DEBUG] AutoFeeding:trigger_ccd1_detection:580 - CCD1檢測完成標誌確認
2025-07-24 20:25:13 [INFO] AutoFeeding:feeding_cycle:741 - 週期1243 檢測結果: DR_F=14, 總數=28
2025-07-24 20:25:13 [INFO] AutoFeeding:feeding_cycle:768 - 找到保護區內DR_F: (-95.52, 262.6)
2025-07-24 20:25:13 [INFO] AutoFeeding:set_dr_f_available:720 - DR_F已就緒: (-95.52, 262.6), Flow1可直接讀取座標
2025-07-24 20:25:14 [DEBUG] AutoFeeding:trigger_ccd1_detection:553 - 發送檢測指令前 - 201狀態: 9
2025-07-24 20:25:14 [DEBUG] AutoFeeding:trigger_ccd1_detection:561 - 已發送控制指令16到寄存器200
2025-07-24 20:25:15 [DEBUG] AutoFeeding:trigger_ccd1_detection:580 - CCD1檢測完成標誌確認
2025-07-24 20:25:15 [INFO] AutoFeeding:feeding_cycle:741 - 週期1244 檢測結果: DR_F=14, 總數=28
2025-07-24 20:25:15 [INFO] AutoFeeding:feeding_cycle:768 - 找到保護區內DR_F: (-95.52, 262.6)
2025-07-24 20:25:15 [INFO] AutoFeeding:set_dr_f_available:720 - DR_F已就緒: (-95.52, 262.6), Flow1可直接讀取座標
2025-07-24 20:25:16 [DEBUG] AutoFeeding:trigger_ccd1_detection:553 - 發送檢測指令前 - 201狀態: 9
2025-07-24 20:25:16 [DEBUG] AutoFeeding:trigger_ccd1_detection:561 - 已發送控制指令16到寄存器200
2025-07-24 20:25:17 [DEBUG] AutoFeeding:trigger_ccd1_detection:580 - CCD1檢測完成標誌確認
2025-07-24 20:25:17 [INFO] AutoFeeding:feeding_cycle:741 - 週期1245 檢測結果: DR_F=14, 總數=28
2025-07-24 20:25:17 [INFO] AutoFeeding:feeding_cycle:768 - 找到保護區內DR_F: (-95.52, 262.6)
2025-07-24 20:25:17 [INFO] AutoFeeding:set_dr_f_available:720 - DR_F已就緒: (-95.52, 262.6), Flow1可直接讀取座標
2025-07-24 20:25:18 [DEBUG] AutoFeeding:trigger_ccd1_detection:553 - 發送檢測指令前 - 201狀態: 9
2025-07-24 20:25:18 [DEBUG] AutoFeeding:trigger_ccd1_detection:561 - 已發送控制指令16到寄存器200
2025-07-24 20:25:19 [DEBUG] AutoFeeding:trigger_ccd1_detection:580 - CCD1檢測完成標誌確認
2025-07-24 20:25:19 [INFO] AutoFeeding:feeding_cycle:741 - 週期1246 檢測結果: DR_F=14, 總數=28
2025-07-24 20:25:19 [INFO] AutoFeeding:feeding_cycle:768 - 找到保護區內DR_F: (-95.51, 262.6)
2025-07-24 20:25:19 [INFO] AutoFeeding:set_dr_f_available:720 - DR_F已就緒: (-95.51, 262.6), Flow1可直接讀取座標
2025-07-24 20:25:20 [DEBUG] AutoFeeding:trigger_ccd1_detection:553 - 發送檢測指令前 - 201狀態: 9
2025-07-24 20:25:20 [DEBUG] AutoFeeding:trigger_ccd1_detection:561 - 已發送控制指令16到寄存器200
2025-07-24 20:25:21 [DEBUG] AutoFeeding:trigger_ccd1_detection:580 - CCD1檢測完成標誌確認
2025-07-24 20:25:21 [INFO] AutoFeeding:feeding_cycle:741 - 週期1247 檢測結果: DR_F=14, 總數=28
2025-07-24 20:25:21 [INFO] AutoFeeding:feeding_cycle:768 - 找到保護區內DR_F: (-95.53, 262.6)
2025-07-24 20:25:21 [INFO] AutoFeeding:set_dr_f_available:720 - DR_F已就緒: (-95.53, 262.6), Flow1可直接讀取座標
2025-07-24 20:25:22 [DEBUG] AutoFeeding:trigger_ccd1_detection:553 - 發送檢測指令前 - 201狀態: 9
2025-07-24 20:25:22 [DEBUG] AutoFeeding:trigger_ccd1_detection:561 - 已發送控制指令16到寄存器200
2025-07-24 20:25:23 [DEBUG] AutoFeeding:trigger_ccd1_detection:580 - CCD1檢測完成標誌確認
2025-07-24 20:25:23 [INFO] AutoFeeding:feeding_cycle:741 - 週期1248 檢測結果: DR_F=14, 總數=28
2025-07-24 20:25:23 [INFO] AutoFeeding:feeding_cycle:768 - 找到保護區內DR_F: (-95.52, 262.61)
2025-07-24 20:25:23 [INFO] AutoFeeding:set_dr_f_available:720 - DR_F已就緒: (-95.52, 262.61), Flow1可直接讀取座標
2025-07-24 20:25:24 [DEBUG] AutoFeeding:trigger_ccd1_detection:553 - 發送檢測指令前 - 201狀態: 9
2025-07-24 20:25:24 [DEBUG] AutoFeeding:trigger_ccd1_detection:561 - 已發送控制指令16到寄存器200
2025-07-24 20:25:25 [DEBUG] AutoFeeding:trigger_ccd1_detection:580 - CCD1檢測完成標誌確認
2025-07-24 20:25:25 [INFO] AutoFeeding:feeding_cycle:741 - 週期1249 檢測結果: DR_F=14, 總數=28
2025-07-24 20:25:25 [INFO] AutoFeeding:feeding_cycle:768 - 找到保護區內DR_F: (-95.52, 262.61)
2025-07-24 20:25:25 [INFO] AutoFeeding:set_dr_f_available:720 - DR_F已就緒: (-95.52, 262.61), Flow1可直接讀取座標
2025-07-24 20:25:26 [DEBUG] AutoFeeding:trigger_ccd1_detection:553 - 發送檢測指令前 - 201狀態: 9
2025-07-24 20:25:26 [DEBUG] AutoFeeding:trigger_ccd1_detection:561 - 已發送控制指令16到寄存器200
2025-07-24 20:25:27 [DEBUG] AutoFeeding:trigger_ccd1_detection:580 - CCD1檢測完成標誌確認
2025-07-24 20:25:27 [INFO] AutoFeeding:feeding_cycle:741 - 週期1250 檢測結果: DR_F=14, 總數=28
2025-07-24 20:25:27 [INFO] AutoFeeding:feeding_cycle:768 - 找到保護區內DR_F: (-95.52, 262.61)
2025-07-24 20:25:27 [INFO] AutoFeeding:set_dr_f_available:720 - DR_F已就緒: (-95.52, 262.61), Flow1可直接讀取座標
2025-07-24 20:25:28 [DEBUG] AutoFeeding:trigger_ccd1_detection:553 - 發送檢測指令前 - 201狀態: 9
2025-07-24 20:25:28 [DEBUG] AutoFeeding:trigger_ccd1_detection:561 - 已發送控制指令16到寄存器200
2025-07-24 20:25:29 [DEBUG] AutoFeeding:trigger_ccd1_detection:580 - CCD1檢測完成標誌確認
2025-07-24 20:25:29 [INFO] AutoFeeding:feeding_cycle:741 - 週期1251 檢測結果: DR_F=14, 總數=28
2025-07-24 20:25:29 [INFO] AutoFeeding:feeding_cycle:768 - 找到保護區內DR_F: (-95.52, 262.6)
2025-07-24 20:25:29 [INFO] AutoFeeding:set_dr_f_available:720 - DR_F已就緒: (-95.52, 262.6), Flow1可直接讀取座標
2025-07-24 20:25:30 [DEBUG] AutoFeeding:trigger_ccd1_detection:553 - 發送檢測指令前 - 201狀態: 9
2025-07-24 20:25:30 [DEBUG] AutoFeeding:trigger_ccd1_detection:561 - 已發送控制指令16到寄存器200
2025-07-24 20:25:31 [DEBUG] AutoFeeding:trigger_ccd1_detection:580 - CCD1檢測完成標誌確認
2025-07-24 20:25:31 [INFO] AutoFeeding:feeding_cycle:741 - 週期1252 檢測結果: DR_F=14, 總數=28
2025-07-24 20:25:31 [INFO] AutoFeeding:feeding_cycle:768 - 找到保護區內DR_F: (-95.51, 262.61)
2025-07-24 20:25:31 [INFO] AutoFeeding:set_dr_f_available:720 - DR_F已就緒: (-95.51, 262.61), Flow1可直接讀取座標
2025-07-24 20:25:32 [DEBUG] AutoFeeding:trigger_ccd1_detection:553 - 發送檢測指令前 - 201狀態: 9
2025-07-24 20:25:32 [DEBUG] AutoFeeding:trigger_ccd1_detection:561 - 已發送控制指令16到寄存器200
2025-07-24 20:25:34 [DEBUG] AutoFeeding:trigger_ccd1_detection:580 - CCD1檢測完成標誌確認
2025-07-24 20:25:34 [INFO] AutoFeeding:feeding_cycle:741 - 週期1253 檢測結果: DR_F=14, 總數=28
2025-07-24 20:25:34 [INFO] AutoFeeding:feeding_cycle:768 - 找到保護區內DR_F: (-95.52, 262.61)
2025-07-24 20:25:34 [INFO] AutoFeeding:set_dr_f_available:720 - DR_F已就緒: (-95.52, 262.61), Flow1可直接讀取座標
2025-07-24 20:25:35 [DEBUG] AutoFeeding:trigger_ccd1_detection:553 - 發送檢測指令前 - 201狀態: 9
2025-07-24 20:25:35 [DEBUG] AutoFeeding:trigger_ccd1_detection:561 - 已發送控制指令16到寄存器200
2025-07-24 20:25:36 [DEBUG] AutoFeeding:trigger_ccd1_detection:580 - CCD1檢測完成標誌確認
2025-07-24 20:25:36 [INFO] AutoFeeding:feeding_cycle:741 - 週期1254 檢測結果: DR_F=14, 總數=28
2025-07-24 20:25:36 [INFO] AutoFeeding:feeding_cycle:768 - 找到保護區內DR_F: (-95.52, 262.6)
2025-07-24 20:25:36 [INFO] AutoFeeding:set_dr_f_available:720 - DR_F已就緒: (-95.52, 262.6), Flow1可直接讀取座標
2025-07-24 20:25:37 [DEBUG] AutoFeeding:trigger_ccd1_detection:553 - 發送檢測指令前 - 201狀態: 9
2025-07-24 20:25:37 [DEBUG] AutoFeeding:trigger_ccd1_detection:561 - 已發送控制指令16到寄存器200
2025-07-24 20:25:38 [DEBUG] AutoFeeding:trigger_ccd1_detection:580 - CCD1檢測完成標誌確認
2025-07-24 20:25:38 [INFO] AutoFeeding:feeding_cycle:741 - 週期1255 檢測結果: DR_F=14, 總數=28
2025-07-24 20:25:38 [INFO] AutoFeeding:feeding_cycle:768 - 找到保護區內DR_F: (-95.52, 262.6)
2025-07-24 20:25:38 [INFO] AutoFeeding:set_dr_f_available:720 - DR_F已就緒: (-95.52, 262.6), Flow1可直接讀取座標
2025-07-24 20:25:39 [DEBUG] AutoFeeding:trigger_ccd1_detection:553 - 發送檢測指令前 - 201狀態: 9
2025-07-24 20:25:39 [DEBUG] AutoFeeding:trigger_ccd1_detection:561 - 已發送控制指令16到寄存器200
2025-07-24 20:25:40 [DEBUG] AutoFeeding:trigger_ccd1_detection:580 - CCD1檢測完成標誌確認
2025-07-24 20:25:40 [INFO] AutoFeeding:feeding_cycle:741 - 週期1256 檢測結果: DR_F=14, 總數=28
2025-07-24 20:25:40 [INFO] AutoFeeding:feeding_cycle:768 - 找到保護區內DR_F: (-95.52, 262.61)
2025-07-24 20:25:40 [INFO] AutoFeeding:set_dr_f_available:720 - DR_F已就緒: (-95.52, 262.61), Flow1可直接讀取座標
2025-07-24 20:25:41 [DEBUG] AutoFeeding:trigger_ccd1_detection:553 - 發送檢測指令前 - 201狀態: 9
2025-07-24 20:25:41 [DEBUG] AutoFeeding:trigger_ccd1_detection:561 - 已發送控制指令16到寄存器200
2025-07-24 20:25:42 [DEBUG] AutoFeeding:trigger_ccd1_detection:580 - CCD1檢測完成標誌確認
2025-07-24 20:25:42 [INFO] AutoFeeding:feeding_cycle:741 - 週期1257 檢測結果: DR_F=14, 總數=28
2025-07-24 20:25:42 [INFO] AutoFeeding:feeding_cycle:768 - 找到保護區內DR_F: (-95.52, 262.61)
2025-07-24 20:25:42 [INFO] AutoFeeding:set_dr_f_available:720 - DR_F已就緒: (-95.52, 262.61), Flow1可直接讀取座標
2025-07-24 20:25:43 [DEBUG] AutoFeeding:trigger_ccd1_detection:553 - 發送檢測指令前 - 201狀態: 9
2025-07-24 20:25:43 [DEBUG] AutoFeeding:trigger_ccd1_detection:561 - 已發送控制指令16到寄存器200
2025-07-24 20:25:44 [DEBUG] AutoFeeding:trigger_ccd1_detection:580 - CCD1檢測完成標誌確認
2025-07-24 20:25:44 [INFO] AutoFeeding:feeding_cycle:741 - 週期1258 檢測結果: DR_F=14, 總數=28
2025-07-24 20:25:44 [INFO] AutoFeeding:feeding_cycle:768 - 找到保護區內DR_F: (-95.52, 262.6)
2025-07-24 20:25:44 [INFO] AutoFeeding:set_dr_f_available:720 - DR_F已就緒: (-95.52, 262.6), Flow1可直接讀取座標
2025-07-24 20:25:45 [DEBUG] AutoFeeding:trigger_ccd1_detection:553 - 發送檢測指令前 - 201狀態: 9
2025-07-24 20:25:45 [DEBUG] AutoFeeding:trigger_ccd1_detection:561 - 已發送控制指令16到寄存器200
2025-07-24 20:25:46 [DEBUG] AutoFeeding:trigger_ccd1_detection:580 - CCD1檢測完成標誌確認
2025-07-24 20:25:46 [INFO] AutoFeeding:feeding_cycle:741 - 週期1259 檢測結果: DR_F=14, 總數=28
2025-07-24 20:25:46 [INFO] AutoFeeding:feeding_cycle:768 - 找到保護區內DR_F: (-95.52, 262.6)
2025-07-24 20:25:46 [INFO] AutoFeeding:set_dr_f_available:720 - DR_F已就緒: (-95.52, 262.6), Flow1可直接讀取座標
2025-07-24 20:25:47 [DEBUG] AutoFeeding:trigger_ccd1_detection:553 - 發送檢測指令前 - 201狀態: 9
2025-07-24 20:25:47 [DEBUG] AutoFeeding:trigger_ccd1_detection:561 - 已發送控制指令16到寄存器200
2025-07-24 20:25:48 [DEBUG] AutoFeeding:trigger_ccd1_detection:580 - CCD1檢測完成標誌確認
2025-07-24 20:25:48 [INFO] AutoFeeding:feeding_cycle:741 - 週期1260 檢測結果: DR_F=14, 總數=28
2025-07-24 20:25:48 [INFO] AutoFeeding:feeding_cycle:768 - 找到保護區內DR_F: (-95.52, 262.6)
2025-07-24 20:25:48 [INFO] AutoFeeding:set_dr_f_available:720 - DR_F已就緒: (-95.52, 262.6), Flow1可直接讀取座標
2025-07-24 20:25:49 [DEBUG] AutoFeeding:trigger_ccd1_detection:553 - 發送檢測指令前 - 201狀態: 9
2025-07-24 20:25:49 [DEBUG] AutoFeeding:trigger_ccd1_detection:561 - 已發送控制指令16到寄存器200
2025-07-24 20:25:50 [DEBUG] AutoFeeding:trigger_ccd1_detection:580 - CCD1檢測完成標誌確認
2025-07-24 20:25:50 [INFO] AutoFeeding:feeding_cycle:741 - 週期1261 檢測結果: DR_F=14, 總數=28
2025-07-24 20:25:50 [INFO] AutoFeeding:feeding_cycle:768 - 找到保護區內DR_F: (-95.52, 262.6)
2025-07-24 20:25:50 [INFO] AutoFeeding:set_dr_f_available:720 - DR_F已就緒: (-95.52, 262.6), Flow1可直接讀取座標
2025-07-24 20:25:51 [DEBUG] AutoFeeding:trigger_ccd1_detection:553 - 發送檢測指令前 - 201狀態: 9
2025-07-24 20:25:51 [DEBUG] AutoFeeding:trigger_ccd1_detection:561 - 已發送控制指令16到寄存器200
2025-07-24 20:25:52 [DEBUG] AutoFeeding:trigger_ccd1_detection:580 - CCD1檢測完成標誌確認
2025-07-24 20:25:52 [INFO] AutoFeeding:feeding_cycle:741 - 週期1262 檢測結果: DR_F=14, 總數=28
2025-07-24 20:25:52 [INFO] AutoFeeding:feeding_cycle:768 - 找到保護區內DR_F: (-95.53, 262.6)
2025-07-24 20:25:52 [INFO] AutoFeeding:set_dr_f_available:720 - DR_F已就緒: (-95.53, 262.6), Flow1可直接讀取座標
2025-07-24 20:25:53 [DEBUG] AutoFeeding:trigger_ccd1_detection:553 - 發送檢測指令前 - 201狀態: 9
2025-07-24 20:25:53 [DEBUG] AutoFeeding:trigger_ccd1_detection:561 - 已發送控制指令16到寄存器200
2025-07-24 20:25:54 [DEBUG] AutoFeeding:trigger_ccd1_detection:580 - CCD1檢測完成標誌確認
2025-07-24 20:25:54 [INFO] AutoFeeding:feeding_cycle:741 - 週期1263 檢測結果: DR_F=14, 總數=28
2025-07-24 20:25:54 [INFO] AutoFeeding:feeding_cycle:768 - 找到保護區內DR_F: (-95.53, 262.6)
2025-07-24 20:25:54 [INFO] AutoFeeding:set_dr_f_available:720 - DR_F已就緒: (-95.53, 262.6), Flow1可直接讀取座標
2025-07-24 20:25:55 [DEBUG] AutoFeeding:trigger_ccd1_detection:553 - 發送檢測指令前 - 201狀態: 9
2025-07-24 20:25:55 [DEBUG] AutoFeeding:trigger_ccd1_detection:561 - 已發送控制指令16到寄存器200
2025-07-24 20:25:56 [DEBUG] AutoFeeding:trigger_ccd1_detection:580 - CCD1檢測完成標誌確認
2025-07-24 20:25:56 [INFO] AutoFeeding:feeding_cycle:741 - 週期1264 檢測結果: DR_F=14, 總數=28
2025-07-24 20:25:56 [INFO] AutoFeeding:feeding_cycle:768 - 找到保護區內DR_F: (-95.52, 262.61)
2025-07-24 20:25:56 [INFO] AutoFeeding:set_dr_f_available:720 - DR_F已就緒: (-95.52, 262.61), Flow1可直接讀取座標
2025-07-24 20:25:57 [DEBUG] AutoFeeding:trigger_ccd1_detection:553 - 發送檢測指令前 - 201狀態: 9
2025-07-24 20:25:57 [DEBUG] AutoFeeding:trigger_ccd1_detection:561 - 已發送控制指令16到寄存器200
2025-07-24 20:25:58 [DEBUG] AutoFeeding:trigger_ccd1_detection:580 - CCD1檢測完成標誌確認
2025-07-24 20:25:58 [INFO] AutoFeeding:feeding_cycle:741 - 週期1265 檢測結果: DR_F=14, 總數=28
2025-07-24 20:25:58 [INFO] AutoFeeding:feeding_cycle:768 - 找到保護區內DR_F: (-95.51, 262.6)
2025-07-24 20:25:58 [INFO] AutoFeeding:set_dr_f_available:720 - DR_F已就緒: (-95.51, 262.6), Flow1可直接讀取座標
2025-07-24 20:25:59 [DEBUG] AutoFeeding:trigger_ccd1_detection:553 - 發送檢測指令前 - 201狀態: 9
2025-07-24 20:25:59 [DEBUG] AutoFeeding:trigger_ccd1_detection:561 - 已發送控制指令16到寄存器200
2025-07-24 20:26:00 [DEBUG] AutoFeeding:trigger_ccd1_detection:580 - CCD1檢測完成標誌確認
2025-07-24 20:26:00 [INFO] AutoFeeding:feeding_cycle:741 - 週期1266 檢測結果: DR_F=14, 總數=28
2025-07-24 20:26:00 [INFO] AutoFeeding:feeding_cycle:768 - 找到保護區內DR_F: (-95.52, 262.6)
2025-07-24 20:26:00 [INFO] AutoFeeding:set_dr_f_available:720 - DR_F已就緒: (-95.52, 262.6), Flow1可直接讀取座標
2025-07-24 20:26:01 [DEBUG] AutoFeeding:trigger_ccd1_detection:553 - 發送檢測指令前 - 201狀態: 9
2025-07-24 20:26:01 [DEBUG] AutoFeeding:trigger_ccd1_detection:561 - 已發送控制指令16到寄存器200
2025-07-24 20:26:02 [DEBUG] AutoFeeding:trigger_ccd1_detection:580 - CCD1檢測完成標誌確認
2025-07-24 20:26:02 [INFO] AutoFeeding:feeding_cycle:741 - 週期1267 檢測結果: DR_F=14, 總數=28
2025-07-24 20:26:02 [INFO] AutoFeeding:feeding_cycle:768 - 找到保護區內DR_F: (-95.52, 262.6)
2025-07-24 20:26:02 [INFO] AutoFeeding:set_dr_f_available:720 - DR_F已就緒: (-95.52, 262.6), Flow1可直接讀取座標
2025-07-24 20:26:03 [DEBUG] AutoFeeding:trigger_ccd1_detection:553 - 發送檢測指令前 - 201狀態: 9
2025-07-24 20:26:03 [DEBUG] AutoFeeding:trigger_ccd1_detection:561 - 已發送控制指令16到寄存器200
2025-07-24 20:26:04 [DEBUG] AutoFeeding:trigger_ccd1_detection:580 - CCD1檢測完成標誌確認
2025-07-24 20:26:04 [INFO] AutoFeeding:feeding_cycle:741 - 週期1268 檢測結果: DR_F=14, 總數=28
2025-07-24 20:26:04 [INFO] AutoFeeding:feeding_cycle:768 - 找到保護區內DR_F: (-95.52, 262.6)
2025-07-24 20:26:04 [INFO] AutoFeeding:set_dr_f_available:720 - DR_F已就緒: (-95.52, 262.6), Flow1可直接讀取座標
2025-07-24 20:26:05 [DEBUG] AutoFeeding:trigger_ccd1_detection:553 - 發送檢測指令前 - 201狀態: 9
2025-07-24 20:26:05 [DEBUG] AutoFeeding:trigger_ccd1_detection:561 - 已發送控制指令16到寄存器200
2025-07-24 20:26:06 [DEBUG] AutoFeeding:trigger_ccd1_detection:580 - CCD1檢測完成標誌確認
2025-07-24 20:26:06 [INFO] AutoFeeding:feeding_cycle:741 - 週期1269 檢測結果: DR_F=14, 總數=28
2025-07-24 20:26:06 [INFO] AutoFeeding:feeding_cycle:768 - 找到保護區內DR_F: (-95.52, 262.6)
2025-07-24 20:26:06 [INFO] AutoFeeding:set_dr_f_available:720 - DR_F已就緒: (-95.52, 262.6), Flow1可直接讀取座標
2025-07-24 20:26:07 [DEBUG] AutoFeeding:trigger_ccd1_detection:553 - 發送檢測指令前 - 201狀態: 9
2025-07-24 20:26:07 [DEBUG] AutoFeeding:trigger_ccd1_detection:561 - 已發送控制指令16到寄存器200
2025-07-24 20:26:08 [DEBUG] AutoFeeding:trigger_ccd1_detection:580 - CCD1檢測完成標誌確認
2025-07-24 20:26:08 [INFO] AutoFeeding:feeding_cycle:741 - 週期1270 檢測結果: DR_F=14, 總數=28
2025-07-24 20:26:08 [INFO] AutoFeeding:feeding_cycle:768 - 找到保護區內DR_F: (-95.52, 262.6)
2025-07-24 20:26:08 [INFO] AutoFeeding:set_dr_f_available:720 - DR_F已就緒: (-95.52, 262.6), Flow1可直接讀取座標
2025-07-24 20:26:09 [DEBUG] AutoFeeding:trigger_ccd1_detection:553 - 發送檢測指令前 - 201狀態: 9
2025-07-24 20:26:09 [DEBUG] AutoFeeding:trigger_ccd1_detection:561 - 已發送控制指令16到寄存器200
2025-07-24 20:26:10 [DEBUG] AutoFeeding:trigger_ccd1_detection:580 - CCD1檢測完成標誌確認
2025-07-24 20:26:10 [INFO] AutoFeeding:feeding_cycle:741 - 週期1271 檢測結果: DR_F=14, 總數=28
2025-07-24 20:26:10 [INFO] AutoFeeding:feeding_cycle:768 - 找到保護區內DR_F: (-95.52, 262.61)
2025-07-24 20:26:10 [INFO] AutoFeeding:set_dr_f_available:720 - DR_F已就緒: (-95.52, 262.61), Flow1可直接讀取座標
2025-07-24 20:26:11 [DEBUG] AutoFeeding:trigger_ccd1_detection:553 - 發送檢測指令前 - 201狀態: 9
2025-07-24 20:26:11 [DEBUG] AutoFeeding:trigger_ccd1_detection:561 - 已發送控制指令16到寄存器200
2025-07-24 20:26:12 [DEBUG] AutoFeeding:trigger_ccd1_detection:580 - CCD1檢測完成標誌確認
2025-07-24 20:26:12 [INFO] AutoFeeding:feeding_cycle:741 - 週期1272 檢測結果: DR_F=14, 總數=28
2025-07-24 20:26:12 [INFO] AutoFeeding:feeding_cycle:768 - 找到保護區內DR_F: (-95.52, 262.6)
2025-07-24 20:26:12 [INFO] AutoFeeding:set_dr_f_available:720 - DR_F已就緒: (-95.52, 262.6), Flow1可直接讀取座標
2025-07-24 20:26:13 [DEBUG] AutoFeeding:trigger_ccd1_detection:553 - 發送檢測指令前 - 201狀態: 9
2025-07-24 20:26:13 [DEBUG] AutoFeeding:trigger_ccd1_detection:561 - 已發送控制指令16到寄存器200
2025-07-24 20:26:14 [DEBUG] AutoFeeding:trigger_ccd1_detection:580 - CCD1檢測完成標誌確認
2025-07-24 20:26:14 [INFO] AutoFeeding:feeding_cycle:741 - 週期1273 檢測結果: DR_F=14, 總數=28
2025-07-24 20:26:14 [INFO] AutoFeeding:feeding_cycle:768 - 找到保護區內DR_F: (-95.51, 262.6)
2025-07-24 20:26:14 [INFO] AutoFeeding:set_dr_f_available:720 - DR_F已就緒: (-95.51, 262.6), Flow1可直接讀取座標
2025-07-24 20:26:15 [DEBUG] AutoFeeding:trigger_ccd1_detection:553 - 發送檢測指令前 - 201狀態: 9
2025-07-24 20:26:15 [DEBUG] AutoFeeding:trigger_ccd1_detection:561 - 已發送控制指令16到寄存器200
2025-07-24 20:26:17 [DEBUG] AutoFeeding:trigger_ccd1_detection:580 - CCD1檢測完成標誌確認
2025-07-24 20:26:17 [INFO] AutoFeeding:feeding_cycle:741 - 週期1274 檢測結果: DR_F=14, 總數=28
2025-07-24 20:26:17 [INFO] AutoFeeding:feeding_cycle:768 - 找到保護區內DR_F: (-95.51, 262.6)
2025-07-24 20:26:17 [INFO] AutoFeeding:set_dr_f_available:720 - DR_F已就緒: (-95.51, 262.6), Flow1可直接讀取座標
2025-07-24 20:26:18 [DEBUG] AutoFeeding:trigger_ccd1_detection:553 - 發送檢測指令前 - 201狀態: 9
2025-07-24 20:26:18 [DEBUG] AutoFeeding:trigger_ccd1_detection:561 - 已發送控制指令16到寄存器200
2025-07-24 20:26:19 [DEBUG] AutoFeeding:trigger_ccd1_detection:580 - CCD1檢測完成標誌確認
2025-07-24 20:26:19 [INFO] AutoFeeding:feeding_cycle:741 - 週期1275 檢測結果: DR_F=14, 總數=28
2025-07-24 20:26:19 [INFO] AutoFeeding:feeding_cycle:768 - 找到保護區內DR_F: (-95.52, 262.6)
2025-07-24 20:26:19 [INFO] AutoFeeding:set_dr_f_available:720 - DR_F已就緒: (-95.52, 262.6), Flow1可直接讀取座標
2025-07-24 20:26:20 [DEBUG] AutoFeeding:trigger_ccd1_detection:553 - 發送檢測指令前 - 201狀態: 9
2025-07-24 20:26:20 [DEBUG] AutoFeeding:trigger_ccd1_detection:561 - 已發送控制指令16到寄存器200
2025-07-24 20:26:21 [DEBUG] AutoFeeding:trigger_ccd1_detection:580 - CCD1檢測完成標誌確認
2025-07-24 20:26:21 [INFO] AutoFeeding:feeding_cycle:741 - 週期1276 檢測結果: DR_F=14, 總數=28
2025-07-24 20:26:21 [INFO] AutoFeeding:feeding_cycle:768 - 找到保護區內DR_F: (-95.52, 262.6)
2025-07-24 20:26:21 [INFO] AutoFeeding:set_dr_f_available:720 - DR_F已就緒: (-95.52, 262.6), Flow1可直接讀取座標
2025-07-24 20:26:22 [DEBUG] AutoFeeding:trigger_ccd1_detection:553 - 發送檢測指令前 - 201狀態: 9
2025-07-24 20:26:22 [DEBUG] AutoFeeding:trigger_ccd1_detection:561 - 已發送控制指令16到寄存器200
2025-07-24 20:26:23 [DEBUG] AutoFeeding:trigger_ccd1_detection:580 - CCD1檢測完成標誌確認
2025-07-24 20:26:23 [INFO] AutoFeeding:feeding_cycle:741 - 週期1277 檢測結果: DR_F=14, 總數=28
2025-07-24 20:26:23 [INFO] AutoFeeding:feeding_cycle:768 - 找到保護區內DR_F: (-95.52, 262.6)
2025-07-24 20:26:23 [INFO] AutoFeeding:set_dr_f_available:720 - DR_F已就緒: (-95.52, 262.6), Flow1可直接讀取座標
2025-07-24 20:26:24 [DEBUG] AutoFeeding:trigger_ccd1_detection:553 - 發送檢測指令前 - 201狀態: 9
2025-07-24 20:26:24 [DEBUG] AutoFeeding:trigger_ccd1_detection:561 - 已發送控制指令16到寄存器200
2025-07-24 20:26:25 [DEBUG] AutoFeeding:trigger_ccd1_detection:580 - CCD1檢測完成標誌確認
2025-07-24 20:26:25 [INFO] AutoFeeding:feeding_cycle:741 - 週期1278 檢測結果: DR_F=14, 總數=28
2025-07-24 20:26:25 [INFO] AutoFeeding:feeding_cycle:768 - 找到保護區內DR_F: (-95.52, 262.6)
2025-07-24 20:26:25 [INFO] AutoFeeding:set_dr_f_available:720 - DR_F已就緒: (-95.52, 262.6), Flow1可直接讀取座標
2025-07-24 20:26:26 [DEBUG] AutoFeeding:trigger_ccd1_detection:553 - 發送檢測指令前 - 201狀態: 9
2025-07-24 20:26:26 [DEBUG] AutoFeeding:trigger_ccd1_detection:561 - 已發送控制指令16到寄存器200
2025-07-24 20:26:27 [DEBUG] AutoFeeding:trigger_ccd1_detection:580 - CCD1檢測完成標誌確認
2025-07-24 20:26:27 [INFO] AutoFeeding:feeding_cycle:741 - 週期1279 檢測結果: DR_F=14, 總數=28
2025-07-24 20:26:27 [INFO] AutoFeeding:feeding_cycle:768 - 找到保護區內DR_F: (-95.52, 262.6)
2025-07-24 20:26:27 [INFO] AutoFeeding:set_dr_f_available:720 - DR_F已就緒: (-95.52, 262.6), Flow1可直接讀取座標
2025-07-24 20:26:28 [DEBUG] AutoFeeding:trigger_ccd1_detection:553 - 發送檢測指令前 - 201狀態: 9
2025-07-24 20:26:28 [DEBUG] AutoFeeding:trigger_ccd1_detection:561 - 已發送控制指令16到寄存器200
2025-07-24 20:26:29 [DEBUG] AutoFeeding:trigger_ccd1_detection:580 - CCD1檢測完成標誌確認
2025-07-24 20:26:29 [INFO] AutoFeeding:feeding_cycle:741 - 週期1280 檢測結果: DR_F=14, 總數=28
2025-07-24 20:26:29 [INFO] AutoFeeding:feeding_cycle:768 - 找到保護區內DR_F: (-95.52, 262.6)
2025-07-24 20:26:29 [INFO] AutoFeeding:set_dr_f_available:720 - DR_F已就緒: (-95.52, 262.6), Flow1可直接讀取座標
2025-07-24 20:26:30 [DEBUG] AutoFeeding:trigger_ccd1_detection:553 - 發送檢測指令前 - 201狀態: 9
2025-07-24 20:26:30 [DEBUG] AutoFeeding:trigger_ccd1_detection:561 - 已發送控制指令16到寄存器200
2025-07-24 20:26:31 [DEBUG] AutoFeeding:trigger_ccd1_detection:580 - CCD1檢測完成標誌確認
2025-07-24 20:26:31 [INFO] AutoFeeding:feeding_cycle:741 - 週期1281 檢測結果: DR_F=14, 總數=28
2025-07-24 20:26:31 [INFO] AutoFeeding:feeding_cycle:768 - 找到保護區內DR_F: (-95.52, 262.6)
2025-07-24 20:26:31 [INFO] AutoFeeding:set_dr_f_available:720 - DR_F已就緒: (-95.52, 262.6), Flow1可直接讀取座標
2025-07-24 20:26:32 [DEBUG] AutoFeeding:trigger_ccd1_detection:553 - 發送檢測指令前 - 201狀態: 9
2025-07-24 20:26:32 [DEBUG] AutoFeeding:trigger_ccd1_detection:561 - 已發送控制指令16到寄存器200
2025-07-24 20:26:33 [DEBUG] AutoFeeding:trigger_ccd1_detection:580 - CCD1檢測完成標誌確認
2025-07-24 20:26:33 [INFO] AutoFeeding:feeding_cycle:741 - 週期1282 檢測結果: DR_F=14, 總數=28
2025-07-24 20:26:33 [INFO] AutoFeeding:feeding_cycle:768 - 找到保護區內DR_F: (-95.51, 262.6)
2025-07-24 20:26:33 [INFO] AutoFeeding:set_dr_f_available:720 - DR_F已就緒: (-95.51, 262.6), Flow1可直接讀取座標
2025-07-24 20:26:34 [DEBUG] AutoFeeding:trigger_ccd1_detection:553 - 發送檢測指令前 - 201狀態: 9
2025-07-24 20:26:34 [DEBUG] AutoFeeding:trigger_ccd1_detection:561 - 已發送控制指令16到寄存器200
2025-07-24 20:26:35 [DEBUG] AutoFeeding:trigger_ccd1_detection:580 - CCD1檢測完成標誌確認
2025-07-24 20:26:35 [INFO] AutoFeeding:feeding_cycle:741 - 週期1283 檢測結果: DR_F=14, 總數=28
2025-07-24 20:26:35 [INFO] AutoFeeding:feeding_cycle:768 - 找到保護區內DR_F: (-95.52, 262.61)
2025-07-24 20:26:35 [INFO] AutoFeeding:set_dr_f_available:720 - DR_F已就緒: (-95.52, 262.61), Flow1可直接讀取座標
2025-07-24 20:26:36 [DEBUG] AutoFeeding:trigger_ccd1_detection:553 - 發送檢測指令前 - 201狀態: 9
2025-07-24 20:26:36 [DEBUG] AutoFeeding:trigger_ccd1_detection:561 - 已發送控制指令16到寄存器200
2025-07-24 20:26:37 [DEBUG] AutoFeeding:trigger_ccd1_detection:580 - CCD1檢測完成標誌確認
2025-07-24 20:26:37 [INFO] AutoFeeding:feeding_cycle:741 - 週期1284 檢測結果: DR_F=14, 總數=28
2025-07-24 20:26:37 [INFO] AutoFeeding:feeding_cycle:768 - 找到保護區內DR_F: (-95.52, 262.61)
2025-07-24 20:26:37 [INFO] AutoFeeding:set_dr_f_available:720 - DR_F已就緒: (-95.52, 262.61), Flow1可直接讀取座標
2025-07-24 20:26:38 [DEBUG] AutoFeeding:trigger_ccd1_detection:553 - 發送檢測指令前 - 201狀態: 9
2025-07-24 20:26:38 [DEBUG] AutoFeeding:trigger_ccd1_detection:561 - 已發送控制指令16到寄存器200
2025-07-24 20:26:39 [DEBUG] AutoFeeding:trigger_ccd1_detection:580 - CCD1檢測完成標誌確認
2025-07-24 20:26:39 [INFO] AutoFeeding:feeding_cycle:741 - 週期1285 檢測結果: DR_F=14, 總數=28
2025-07-24 20:26:39 [INFO] AutoFeeding:feeding_cycle:768 - 找到保護區內DR_F: (-95.51, 262.61)
2025-07-24 20:26:39 [INFO] AutoFeeding:set_dr_f_available:720 - DR_F已就緒: (-95.51, 262.61), Flow1可直接讀取座標
2025-07-24 20:26:40 [DEBUG] AutoFeeding:trigger_ccd1_detection:553 - 發送檢測指令前 - 201狀態: 9
2025-07-24 20:26:40 [DEBUG] AutoFeeding:trigger_ccd1_detection:561 - 已發送控制指令16到寄存器200
2025-07-24 20:26:41 [DEBUG] AutoFeeding:trigger_ccd1_detection:580 - CCD1檢測完成標誌確認
2025-07-24 20:26:41 [INFO] AutoFeeding:feeding_cycle:741 - 週期1286 檢測結果: DR_F=14, 總數=28
2025-07-24 20:26:41 [INFO] AutoFeeding:feeding_cycle:768 - 找到保護區內DR_F: (-95.52, 262.6)
2025-07-24 20:26:41 [INFO] AutoFeeding:set_dr_f_available:720 - DR_F已就緒: (-95.52, 262.6), Flow1可直接讀取座標
2025-07-24 20:26:42 [DEBUG] AutoFeeding:trigger_ccd1_detection:553 - 發送檢測指令前 - 201狀態: 9
2025-07-24 20:26:42 [DEBUG] AutoFeeding:trigger_ccd1_detection:561 - 已發送控制指令16到寄存器200
2025-07-24 20:26:43 [DEBUG] AutoFeeding:trigger_ccd1_detection:580 - CCD1檢測完成標誌確認
2025-07-24 20:26:43 [INFO] AutoFeeding:feeding_cycle:741 - 週期1287 檢測結果: DR_F=14, 總數=28
2025-07-24 20:26:43 [INFO] AutoFeeding:feeding_cycle:768 - 找到保護區內DR_F: (-95.52, 262.61)
2025-07-24 20:26:43 [INFO] AutoFeeding:set_dr_f_available:720 - DR_F已就緒: (-95.52, 262.61), Flow1可直接讀取座標
2025-07-24 20:26:44 [DEBUG] AutoFeeding:trigger_ccd1_detection:553 - 發送檢測指令前 - 201狀態: 9
2025-07-24 20:26:44 [DEBUG] AutoFeeding:trigger_ccd1_detection:561 - 已發送控制指令16到寄存器200
2025-07-24 20:26:45 [DEBUG] AutoFeeding:trigger_ccd1_detection:580 - CCD1檢測完成標誌確認
2025-07-24 20:26:45 [INFO] AutoFeeding:feeding_cycle:741 - 週期1288 檢測結果: DR_F=14, 總數=28
2025-07-24 20:26:45 [INFO] AutoFeeding:feeding_cycle:768 - 找到保護區內DR_F: (-95.52, 262.6)
2025-07-24 20:26:45 [INFO] AutoFeeding:set_dr_f_available:720 - DR_F已就緒: (-95.52, 262.6), Flow1可直接讀取座標
2025-07-24 20:26:46 [DEBUG] AutoFeeding:trigger_ccd1_detection:553 - 發送檢測指令前 - 201狀態: 9
2025-07-24 20:26:46 [DEBUG] AutoFeeding:trigger_ccd1_detection:561 - 已發送控制指令16到寄存器200
2025-07-24 20:26:47 [DEBUG] AutoFeeding:trigger_ccd1_detection:580 - CCD1檢測完成標誌確認
2025-07-24 20:26:47 [INFO] AutoFeeding:feeding_cycle:741 - 週期1289 檢測結果: DR_F=14, 總數=28
2025-07-24 20:26:47 [INFO] AutoFeeding:feeding_cycle:768 - 找到保護區內DR_F: (-95.52, 262.6)
2025-07-24 20:26:47 [INFO] AutoFeeding:set_dr_f_available:720 - DR_F已就緒: (-95.52, 262.6), Flow1可直接讀取座標
2025-07-24 20:26:48 [DEBUG] AutoFeeding:trigger_ccd1_detection:553 - 發送檢測指令前 - 201狀態: 9
2025-07-24 20:26:48 [DEBUG] AutoFeeding:trigger_ccd1_detection:561 - 已發送控制指令16到寄存器200
2025-07-24 20:26:49 [DEBUG] AutoFeeding:trigger_ccd1_detection:580 - CCD1檢測完成標誌確認
2025-07-24 20:26:49 [INFO] AutoFeeding:feeding_cycle:741 - 週期1290 檢測結果: DR_F=14, 總數=28
2025-07-24 20:26:49 [INFO] AutoFeeding:feeding_cycle:768 - 找到保護區內DR_F: (-95.51, 262.61)
2025-07-24 20:26:49 [INFO] AutoFeeding:set_dr_f_available:720 - DR_F已就緒: (-95.51, 262.61), Flow1可直接讀取座標
2025-07-24 20:26:50 [DEBUG] AutoFeeding:trigger_ccd1_detection:553 - 發送檢測指令前 - 201狀態: 9
2025-07-24 20:26:50 [DEBUG] AutoFeeding:trigger_ccd1_detection:561 - 已發送控制指令16到寄存器200
2025-07-24 20:26:51 [DEBUG] AutoFeeding:trigger_ccd1_detection:580 - CCD1檢測完成標誌確認
2025-07-24 20:26:51 [INFO] AutoFeeding:feeding_cycle:741 - 週期1291 檢測結果: DR_F=14, 總數=28
2025-07-24 20:26:51 [INFO] AutoFeeding:feeding_cycle:768 - 找到保護區內DR_F: (-95.52, 262.6)
2025-07-24 20:26:51 [INFO] AutoFeeding:set_dr_f_available:720 - DR_F已就緒: (-95.52, 262.6), Flow1可直接讀取座標
2025-07-24 20:26:52 [DEBUG] AutoFeeding:trigger_ccd1_detection:553 - 發送檢測指令前 - 201狀態: 9
2025-07-24 20:26:52 [DEBUG] AutoFeeding:trigger_ccd1_detection:561 - 已發送控制指令16到寄存器200
2025-07-24 20:26:53 [DEBUG] AutoFeeding:trigger_ccd1_detection:580 - CCD1檢測完成標誌確認
2025-07-24 20:26:53 [INFO] AutoFeeding:feeding_cycle:741 - 週期1292 檢測結果: DR_F=14, 總數=28
2025-07-24 20:26:53 [INFO] AutoFeeding:feeding_cycle:768 - 找到保護區內DR_F: (-95.52, 262.6)
2025-07-24 20:26:53 [INFO] AutoFeeding:set_dr_f_available:720 - DR_F已就緒: (-95.52, 262.6), Flow1可直接讀取座標
2025-07-24 20:26:54 [DEBUG] AutoFeeding:trigger_ccd1_detection:553 - 發送檢測指令前 - 201狀態: 9
2025-07-24 20:26:54 [DEBUG] AutoFeeding:trigger_ccd1_detection:561 - 已發送控制指令16到寄存器200
2025-07-24 20:26:55 [DEBUG] AutoFeeding:trigger_ccd1_detection:580 - CCD1檢測完成標誌確認
2025-07-24 20:26:55 [INFO] AutoFeeding:feeding_cycle:741 - 週期1293 檢測結果: DR_F=14, 總數=28
2025-07-24 20:26:55 [INFO] AutoFeeding:feeding_cycle:768 - 找到保護區內DR_F: (-95.52, 262.61)
2025-07-24 20:26:55 [INFO] AutoFeeding:set_dr_f_available:720 - DR_F已就緒: (-95.52, 262.61), Flow1可直接讀取座標
2025-07-24 20:26:56 [DEBUG] AutoFeeding:trigger_ccd1_detection:553 - 發送檢測指令前 - 201狀態: 9
2025-07-24 20:26:56 [DEBUG] AutoFeeding:trigger_ccd1_detection:561 - 已發送控制指令16到寄存器200
2025-07-24 20:26:57 [DEBUG] AutoFeeding:trigger_ccd1_detection:580 - CCD1檢測完成標誌確認
2025-07-24 20:26:57 [INFO] AutoFeeding:feeding_cycle:741 - 週期1294 檢測結果: DR_F=14, 總數=28
2025-07-24 20:26:57 [INFO] AutoFeeding:feeding_cycle:768 - 找到保護區內DR_F: (-95.52, 262.6)
2025-07-24 20:26:57 [INFO] AutoFeeding:set_dr_f_available:720 - DR_F已就緒: (-95.52, 262.6), Flow1可直接讀取座標
2025-07-24 20:26:58 [DEBUG] AutoFeeding:trigger_ccd1_detection:553 - 發送檢測指令前 - 201狀態: 9
2025-07-24 20:26:58 [DEBUG] AutoFeeding:trigger_ccd1_detection:561 - 已發送控制指令16到寄存器200
2025-07-24 20:26:59 [DEBUG] AutoFeeding:trigger_ccd1_detection:580 - CCD1檢測完成標誌確認
2025-07-24 20:26:59 [INFO] AutoFeeding:feeding_cycle:741 - 週期1295 檢測結果: DR_F=14, 總數=28
2025-07-24 20:26:59 [INFO] AutoFeeding:feeding_cycle:768 - 找到保護區內DR_F: (-95.52, 262.6)
2025-07-24 20:26:59 [INFO] AutoFeeding:set_dr_f_available:720 - DR_F已就緒: (-95.52, 262.6), Flow1可直接讀取座標
2025-07-24 20:27:01 [DEBUG] AutoFeeding:trigger_ccd1_detection:553 - 發送檢測指令前 - 201狀態: 9
2025-07-24 20:27:01 [DEBUG] AutoFeeding:trigger_ccd1_detection:561 - 已發送控制指令16到寄存器200
2025-07-24 20:27:02 [DEBUG] AutoFeeding:trigger_ccd1_detection:580 - CCD1檢測完成標誌確認
2025-07-24 20:27:02 [INFO] AutoFeeding:feeding_cycle:741 - 週期1296 檢測結果: DR_F=14, 總數=28
2025-07-24 20:27:02 [INFO] AutoFeeding:feeding_cycle:768 - 找到保護區內DR_F: (-95.52, 262.6)
2025-07-24 20:27:02 [INFO] AutoFeeding:set_dr_f_available:720 - DR_F已就緒: (-95.52, 262.6), Flow1可直接讀取座標
2025-07-24 20:27:03 [DEBUG] AutoFeeding:trigger_ccd1_detection:553 - 發送檢測指令前 - 201狀態: 9
2025-07-24 20:27:03 [DEBUG] AutoFeeding:trigger_ccd1_detection:561 - 已發送控制指令16到寄存器200
2025-07-24 20:27:04 [DEBUG] AutoFeeding:trigger_ccd1_detection:580 - CCD1檢測完成標誌確認
2025-07-24 20:27:04 [INFO] AutoFeeding:feeding_cycle:741 - 週期1297 檢測結果: DR_F=14, 總數=28
2025-07-24 20:27:04 [INFO] AutoFeeding:feeding_cycle:768 - 找到保護區內DR_F: (-95.51, 262.6)
2025-07-24 20:27:04 [INFO] AutoFeeding:set_dr_f_available:720 - DR_F已就緒: (-95.51, 262.6), Flow1可直接讀取座標
2025-07-24 20:27:05 [DEBUG] AutoFeeding:trigger_ccd1_detection:553 - 發送檢測指令前 - 201狀態: 9
2025-07-24 20:27:05 [DEBUG] AutoFeeding:trigger_ccd1_detection:561 - 已發送控制指令16到寄存器200
2025-07-24 20:27:06 [DEBUG] AutoFeeding:trigger_ccd1_detection:580 - CCD1檢測完成標誌確認
2025-07-24 20:27:06 [INFO] AutoFeeding:feeding_cycle:741 - 週期1298 檢測結果: DR_F=14, 總數=28
2025-07-24 20:27:06 [INFO] AutoFeeding:feeding_cycle:768 - 找到保護區內DR_F: (-95.53, 262.6)
2025-07-24 20:27:06 [INFO] AutoFeeding:set_dr_f_available:720 - DR_F已就緒: (-95.53, 262.6), Flow1可直接讀取座標
2025-07-24 20:27:07 [DEBUG] AutoFeeding:trigger_ccd1_detection:553 - 發送檢測指令前 - 201狀態: 9
2025-07-24 20:27:07 [DEBUG] AutoFeeding:trigger_ccd1_detection:561 - 已發送控制指令16到寄存器200
2025-07-24 20:27:08 [DEBUG] AutoFeeding:trigger_ccd1_detection:580 - CCD1檢測完成標誌確認
2025-07-24 20:27:08 [INFO] AutoFeeding:feeding_cycle:741 - 週期1299 檢測結果: DR_F=14, 總數=28
2025-07-24 20:27:08 [INFO] AutoFeeding:feeding_cycle:768 - 找到保護區內DR_F: (-95.51, 262.6)
2025-07-24 20:27:08 [INFO] AutoFeeding:set_dr_f_available:720 - DR_F已就緒: (-95.51, 262.6), Flow1可直接讀取座標
2025-07-24 20:27:09 [DEBUG] AutoFeeding:trigger_ccd1_detection:553 - 發送檢測指令前 - 201狀態: 9
2025-07-24 20:27:09 [DEBUG] AutoFeeding:trigger_ccd1_detection:561 - 已發送控制指令16到寄存器200
2025-07-24 20:27:10 [DEBUG] AutoFeeding:trigger_ccd1_detection:580 - CCD1檢測完成標誌確認
2025-07-24 20:27:10 [INFO] AutoFeeding:feeding_cycle:741 - 週期1300 檢測結果: DR_F=14, 總數=28
2025-07-24 20:27:10 [INFO] AutoFeeding:feeding_cycle:768 - 找到保護區內DR_F: (-95.52, 262.6)
2025-07-24 20:27:10 [INFO] AutoFeeding:set_dr_f_available:720 - DR_F已就緒: (-95.52, 262.6), Flow1可直接讀取座標
2025-07-24 20:27:11 [DEBUG] AutoFeeding:check_modules_status:480 - CCD1狀態: 9 (Ready=True, Running=False, Alarm=False, Init=True)
2025-07-24 20:27:11 [DEBUG] AutoFeeding:trigger_ccd1_detection:553 - 發送檢測指令前 - 201狀態: 9
2025-07-24 20:27:11 [DEBUG] AutoFeeding:trigger_ccd1_detection:561 - 已發送控制指令16到寄存器200
2025-07-24 20:27:12 [DEBUG] AutoFeeding:trigger_ccd1_detection:580 - CCD1檢測完成標誌確認
2025-07-24 20:27:12 [INFO] AutoFeeding:feeding_cycle:741 - 週期1301 檢測結果: DR_F=14, 總數=28
2025-07-24 20:27:12 [INFO] AutoFeeding:feeding_cycle:768 - 找到保護區內DR_F: (-95.51, 262.6)
2025-07-24 20:27:12 [INFO] AutoFeeding:set_dr_f_available:720 - DR_F已就緒: (-95.51, 262.6), Flow1可直接讀取座標
2025-07-24 20:27:13 [DEBUG] AutoFeeding:check_flow_and_progress_status:432 - Flow監控: 1201=0, 1202=100, 阻擋=False
2025-07-24 20:27:13 [DEBUG] AutoFeeding:trigger_ccd1_detection:553 - 發送檢測指令前 - 201狀態: 9
2025-07-24 20:27:13 [DEBUG] AutoFeeding:trigger_ccd1_detection:561 - 已發送控制指令16到寄存器200
2025-07-24 20:27:14 [DEBUG] AutoFeeding:trigger_ccd1_detection:580 - CCD1檢測完成標誌確認
2025-07-24 20:27:14 [INFO] AutoFeeding:feeding_cycle:741 - 週期1302 檢測結果: DR_F=14, 總數=28
2025-07-24 20:27:14 [INFO] AutoFeeding:feeding_cycle:768 - 找到保護區內DR_F: (-95.52, 262.6)
2025-07-24 20:27:14 [INFO] AutoFeeding:set_dr_f_available:720 - DR_F已就緒: (-95.52, 262.6), Flow1可直接讀取座標
2025-07-24 20:27:15 [DEBUG] AutoFeeding:trigger_ccd1_detection:553 - 發送檢測指令前 - 201狀態: 9
2025-07-24 20:27:15 [DEBUG] AutoFeeding:trigger_ccd1_detection:561 - 已發送控制指令16到寄存器200
2025-07-24 20:27:16 [DEBUG] AutoFeeding:trigger_ccd1_detection:580 - CCD1檢測完成標誌確認
2025-07-24 20:27:16 [INFO] AutoFeeding:feeding_cycle:741 - 週期1303 檢測結果: DR_F=14, 總數=28
2025-07-24 20:27:16 [INFO] AutoFeeding:feeding_cycle:768 - 找到保護區內DR_F: (-95.52, 262.6)
2025-07-24 20:27:16 [INFO] AutoFeeding:set_dr_f_available:720 - DR_F已就緒: (-95.52, 262.6), Flow1可直接讀取座標
2025-07-24 20:27:17 [DEBUG] AutoFeeding:trigger_ccd1_detection:553 - 發送檢測指令前 - 201狀態: 9
2025-07-24 20:27:17 [DEBUG] AutoFeeding:trigger_ccd1_detection:561 - 已發送控制指令16到寄存器200
2025-07-24 20:27:18 [DEBUG] AutoFeeding:trigger_ccd1_detection:580 - CCD1檢測完成標誌確認
2025-07-24 20:27:18 [INFO] AutoFeeding:feeding_cycle:741 - 週期1304 檢測結果: DR_F=14, 總數=28
2025-07-24 20:27:18 [INFO] AutoFeeding:feeding_cycle:768 - 找到保護區內DR_F: (-95.52, 262.6)
2025-07-24 20:27:18 [INFO] AutoFeeding:set_dr_f_available:720 - DR_F已就緒: (-95.52, 262.6), Flow1可直接讀取座標
2025-07-24 20:27:19 [DEBUG] AutoFeeding:trigger_ccd1_detection:553 - 發送檢測指令前 - 201狀態: 9
2025-07-24 20:27:19 [DEBUG] AutoFeeding:trigger_ccd1_detection:561 - 已發送控制指令16到寄存器200
2025-07-24 20:27:20 [DEBUG] AutoFeeding:trigger_ccd1_detection:580 - CCD1檢測完成標誌確認
2025-07-24 20:27:20 [INFO] AutoFeeding:feeding_cycle:741 - 週期1305 檢測結果: DR_F=14, 總數=28
2025-07-24 20:27:20 [INFO] AutoFeeding:feeding_cycle:768 - 找到保護區內DR_F: (-95.51, 262.6)
2025-07-24 20:27:20 [INFO] AutoFeeding:set_dr_f_available:720 - DR_F已就緒: (-95.51, 262.6), Flow1可直接讀取座標
2025-07-24 20:27:21 [DEBUG] AutoFeeding:trigger_ccd1_detection:553 - 發送檢測指令前 - 201狀態: 9
2025-07-24 20:27:21 [DEBUG] AutoFeeding:trigger_ccd1_detection:561 - 已發送控制指令16到寄存器200
2025-07-24 20:27:22 [DEBUG] AutoFeeding:trigger_ccd1_detection:580 - CCD1檢測完成標誌確認
2025-07-24 20:27:22 [INFO] AutoFeeding:feeding_cycle:741 - 週期1306 檢測結果: DR_F=14, 總數=28
2025-07-24 20:27:22 [INFO] AutoFeeding:feeding_cycle:768 - 找到保護區內DR_F: (-95.52, 262.6)
2025-07-24 20:27:22 [INFO] AutoFeeding:set_dr_f_available:720 - DR_F已就緒: (-95.52, 262.6), Flow1可直接讀取座標
2025-07-24 20:27:23 [DEBUG] AutoFeeding:trigger_ccd1_detection:553 - 發送檢測指令前 - 201狀態: 9
2025-07-24 20:27:23 [DEBUG] AutoFeeding:trigger_ccd1_detection:561 - 已發送控制指令16到寄存器200
2025-07-24 20:27:24 [DEBUG] AutoFeeding:trigger_ccd1_detection:580 - CCD1檢測完成標誌確認
2025-07-24 20:27:24 [INFO] AutoFeeding:feeding_cycle:741 - 週期1307 檢測結果: DR_F=14, 總數=28
2025-07-24 20:27:24 [INFO] AutoFeeding:feeding_cycle:768 - 找到保護區內DR_F: (-95.52, 262.6)
2025-07-24 20:27:24 [INFO] AutoFeeding:set_dr_f_available:720 - DR_F已就緒: (-95.52, 262.6), Flow1可直接讀取座標
2025-07-24 20:27:25 [DEBUG] AutoFeeding:trigger_ccd1_detection:553 - 發送檢測指令前 - 201狀態: 9
2025-07-24 20:27:25 [DEBUG] AutoFeeding:trigger_ccd1_detection:561 - 已發送控制指令16到寄存器200
2025-07-24 20:27:26 [DEBUG] AutoFeeding:trigger_ccd1_detection:580 - CCD1檢測完成標誌確認
2025-07-24 20:27:26 [INFO] AutoFeeding:feeding_cycle:741 - 週期1308 檢測結果: DR_F=14, 總數=28
2025-07-24 20:27:26 [INFO] AutoFeeding:feeding_cycle:768 - 找到保護區內DR_F: (-95.52, 262.61)
2025-07-24 20:27:26 [INFO] AutoFeeding:set_dr_f_available:720 - DR_F已就緒: (-95.52, 262.61), Flow1可直接讀取座標
2025-07-24 20:27:27 [DEBUG] AutoFeeding:trigger_ccd1_detection:553 - 發送檢測指令前 - 201狀態: 9
2025-07-24 20:27:27 [DEBUG] AutoFeeding:trigger_ccd1_detection:561 - 已發送控制指令16到寄存器200
2025-07-24 20:27:28 [DEBUG] AutoFeeding:trigger_ccd1_detection:580 - CCD1檢測完成標誌確認
2025-07-24 20:27:28 [INFO] AutoFeeding:feeding_cycle:741 - 週期1309 檢測結果: DR_F=14, 總數=28
2025-07-24 20:27:28 [INFO] AutoFeeding:feeding_cycle:768 - 找到保護區內DR_F: (-95.52, 262.6)
2025-07-24 20:27:28 [INFO] AutoFeeding:set_dr_f_available:720 - DR_F已就緒: (-95.52, 262.6), Flow1可直接讀取座標
2025-07-24 20:27:29 [DEBUG] AutoFeeding:trigger_ccd1_detection:553 - 發送檢測指令前 - 201狀態: 9
2025-07-24 20:27:29 [DEBUG] AutoFeeding:trigger_ccd1_detection:561 - 已發送控制指令16到寄存器200
2025-07-24 20:27:30 [DEBUG] AutoFeeding:trigger_ccd1_detection:580 - CCD1檢測完成標誌確認
2025-07-24 20:27:30 [INFO] AutoFeeding:feeding_cycle:741 - 週期1310 檢測結果: DR_F=14, 總數=28
2025-07-24 20:27:30 [INFO] AutoFeeding:feeding_cycle:768 - 找到保護區內DR_F: (-95.52, 262.6)
2025-07-24 20:27:30 [INFO] AutoFeeding:set_dr_f_available:720 - DR_F已就緒: (-95.52, 262.6), Flow1可直接讀取座標
2025-07-24 20:27:31 [DEBUG] AutoFeeding:trigger_ccd1_detection:553 - 發送檢測指令前 - 201狀態: 9
2025-07-24 20:27:31 [DEBUG] AutoFeeding:trigger_ccd1_detection:561 - 已發送控制指令16到寄存器200
2025-07-24 20:27:32 [DEBUG] AutoFeeding:trigger_ccd1_detection:580 - CCD1檢測完成標誌確認
2025-07-24 20:27:32 [INFO] AutoFeeding:feeding_cycle:741 - 週期1311 檢測結果: DR_F=14, 總數=28
2025-07-24 20:27:32 [INFO] AutoFeeding:feeding_cycle:768 - 找到保護區內DR_F: (-95.52, 262.6)
2025-07-24 20:27:32 [INFO] AutoFeeding:set_dr_f_available:720 - DR_F已就緒: (-95.52, 262.6), Flow1可直接讀取座標
2025-07-24 20:27:33 [DEBUG] AutoFeeding:trigger_ccd1_detection:553 - 發送檢測指令前 - 201狀態: 9
2025-07-24 20:27:33 [DEBUG] AutoFeeding:trigger_ccd1_detection:561 - 已發送控制指令16到寄存器200
2025-07-24 20:27:34 [DEBUG] AutoFeeding:trigger_ccd1_detection:580 - CCD1檢測完成標誌確認
2025-07-24 20:27:34 [INFO] AutoFeeding:feeding_cycle:741 - 週期1312 檢測結果: DR_F=14, 總數=28
2025-07-24 20:27:34 [INFO] AutoFeeding:feeding_cycle:768 - 找到保護區內DR_F: (-95.52, 262.6)
2025-07-24 20:27:34 [INFO] AutoFeeding:set_dr_f_available:720 - DR_F已就緒: (-95.52, 262.6), Flow1可直接讀取座標
2025-07-24 20:27:35 [DEBUG] AutoFeeding:trigger_ccd1_detection:553 - 發送檢測指令前 - 201狀態: 9
2025-07-24 20:27:35 [DEBUG] AutoFeeding:trigger_ccd1_detection:561 - 已發送控制指令16到寄存器200
2025-07-24 20:27:36 [DEBUG] AutoFeeding:trigger_ccd1_detection:580 - CCD1檢測完成標誌確認
2025-07-24 20:27:36 [INFO] AutoFeeding:feeding_cycle:741 - 週期1313 檢測結果: DR_F=14, 總數=28
2025-07-24 20:27:36 [INFO] AutoFeeding:feeding_cycle:768 - 找到保護區內DR_F: (-95.51, 262.6)
2025-07-24 20:27:36 [INFO] AutoFeeding:set_dr_f_available:720 - DR_F已就緒: (-95.51, 262.6), Flow1可直接讀取座標
2025-07-24 20:27:37 [DEBUG] AutoFeeding:trigger_ccd1_detection:553 - 發送檢測指令前 - 201狀態: 9
2025-07-24 20:27:37 [DEBUG] AutoFeeding:trigger_ccd1_detection:561 - 已發送控制指令16到寄存器200
2025-07-24 20:27:38 [DEBUG] AutoFeeding:trigger_ccd1_detection:580 - CCD1檢測完成標誌確認
2025-07-24 20:27:38 [INFO] AutoFeeding:feeding_cycle:741 - 週期1314 檢測結果: DR_F=14, 總數=28
2025-07-24 20:27:38 [INFO] AutoFeeding:feeding_cycle:768 - 找到保護區內DR_F: (-95.52, 262.6)
2025-07-24 20:27:38 [INFO] AutoFeeding:set_dr_f_available:720 - DR_F已就緒: (-95.52, 262.6), Flow1可直接讀取座標
2025-07-24 20:27:39 [DEBUG] AutoFeeding:trigger_ccd1_detection:553 - 發送檢測指令前 - 201狀態: 9
2025-07-24 20:27:39 [DEBUG] AutoFeeding:trigger_ccd1_detection:561 - 已發送控制指令16到寄存器200
2025-07-24 20:27:40 [DEBUG] AutoFeeding:trigger_ccd1_detection:580 - CCD1檢測完成標誌確認
2025-07-24 20:27:40 [INFO] AutoFeeding:feeding_cycle:741 - 週期1315 檢測結果: DR_F=14, 總數=28
2025-07-24 20:27:40 [INFO] AutoFeeding:feeding_cycle:768 - 找到保護區內DR_F: (-95.52, 262.6)
2025-07-24 20:27:40 [INFO] AutoFeeding:set_dr_f_available:720 - DR_F已就緒: (-95.52, 262.6), Flow1可直接讀取座標
2025-07-24 20:27:41 [DEBUG] AutoFeeding:trigger_ccd1_detection:553 - 發送檢測指令前 - 201狀態: 9
2025-07-24 20:27:41 [DEBUG] AutoFeeding:trigger_ccd1_detection:561 - 已發送控制指令16到寄存器200
2025-07-24 20:27:42 [DEBUG] AutoFeeding:trigger_ccd1_detection:580 - CCD1檢測完成標誌確認
2025-07-24 20:27:42 [INFO] AutoFeeding:feeding_cycle:741 - 週期1316 檢測結果: DR_F=14, 總數=28
2025-07-24 20:27:42 [INFO] AutoFeeding:feeding_cycle:768 - 找到保護區內DR_F: (-95.52, 262.6)
2025-07-24 20:27:42 [INFO] AutoFeeding:set_dr_f_available:720 - DR_F已就緒: (-95.52, 262.6), Flow1可直接讀取座標
2025-07-24 20:27:43 [DEBUG] AutoFeeding:trigger_ccd1_detection:553 - 發送檢測指令前 - 201狀態: 9
2025-07-24 20:27:43 [DEBUG] AutoFeeding:trigger_ccd1_detection:561 - 已發送控制指令16到寄存器200
2025-07-24 20:27:45 [DEBUG] AutoFeeding:trigger_ccd1_detection:580 - CCD1檢測完成標誌確認
2025-07-24 20:27:45 [INFO] AutoFeeding:feeding_cycle:741 - 週期1317 檢測結果: DR_F=14, 總數=28
2025-07-24 20:27:45 [INFO] AutoFeeding:feeding_cycle:768 - 找到保護區內DR_F: (-95.52, 262.6)
2025-07-24 20:27:45 [INFO] AutoFeeding:set_dr_f_available:720 - DR_F已就緒: (-95.52, 262.6), Flow1可直接讀取座標
2025-07-24 20:27:46 [DEBUG] AutoFeeding:trigger_ccd1_detection:553 - 發送檢測指令前 - 201狀態: 9
2025-07-24 20:27:46 [DEBUG] AutoFeeding:trigger_ccd1_detection:561 - 已發送控制指令16到寄存器200
2025-07-24 20:27:47 [DEBUG] AutoFeeding:trigger_ccd1_detection:580 - CCD1檢測完成標誌確認
2025-07-24 20:27:47 [INFO] AutoFeeding:feeding_cycle:741 - 週期1318 檢測結果: DR_F=14, 總數=28
2025-07-24 20:27:47 [INFO] AutoFeeding:feeding_cycle:768 - 找到保護區內DR_F: (-95.52, 262.6)
2025-07-24 20:27:47 [INFO] AutoFeeding:set_dr_f_available:720 - DR_F已就緒: (-95.52, 262.6), Flow1可直接讀取座標
2025-07-24 20:27:48 [DEBUG] AutoFeeding:trigger_ccd1_detection:553 - 發送檢測指令前 - 201狀態: 9
2025-07-24 20:27:48 [DEBUG] AutoFeeding:trigger_ccd1_detection:561 - 已發送控制指令16到寄存器200
2025-07-24 20:27:49 [DEBUG] AutoFeeding:trigger_ccd1_detection:580 - CCD1檢測完成標誌確認
2025-07-24 20:27:49 [INFO] AutoFeeding:feeding_cycle:741 - 週期1319 檢測結果: DR_F=14, 總數=28
2025-07-24 20:27:49 [INFO] AutoFeeding:feeding_cycle:768 - 找到保護區內DR_F: (-95.52, 262.61)
2025-07-24 20:27:49 [INFO] AutoFeeding:set_dr_f_available:720 - DR_F已就緒: (-95.52, 262.61), Flow1可直接讀取座標
2025-07-24 20:27:50 [DEBUG] AutoFeeding:trigger_ccd1_detection:553 - 發送檢測指令前 - 201狀態: 9
2025-07-24 20:27:50 [DEBUG] AutoFeeding:trigger_ccd1_detection:561 - 已發送控制指令16到寄存器200
2025-07-24 20:27:51 [DEBUG] AutoFeeding:trigger_ccd1_detection:580 - CCD1檢測完成標誌確認
2025-07-24 20:27:51 [INFO] AutoFeeding:feeding_cycle:741 - 週期1320 檢測結果: DR_F=14, 總數=28
2025-07-24 20:27:51 [INFO] AutoFeeding:feeding_cycle:768 - 找到保護區內DR_F: (-95.51, 262.6)
2025-07-24 20:27:51 [INFO] AutoFeeding:set_dr_f_available:720 - DR_F已就緒: (-95.51, 262.6), Flow1可直接讀取座標
2025-07-24 20:27:52 [DEBUG] AutoFeeding:trigger_ccd1_detection:553 - 發送檢測指令前 - 201狀態: 9
2025-07-24 20:27:52 [DEBUG] AutoFeeding:trigger_ccd1_detection:561 - 已發送控制指令16到寄存器200
2025-07-24 20:27:53 [DEBUG] AutoFeeding:trigger_ccd1_detection:580 - CCD1檢測完成標誌確認
2025-07-24 20:27:53 [INFO] AutoFeeding:feeding_cycle:741 - 週期1321 檢測結果: DR_F=14, 總數=28
2025-07-24 20:27:53 [INFO] AutoFeeding:feeding_cycle:768 - 找到保護區內DR_F: (-95.52, 262.6)
2025-07-24 20:27:53 [INFO] AutoFeeding:set_dr_f_available:720 - DR_F已就緒: (-95.52, 262.6), Flow1可直接讀取座標
2025-07-24 20:27:54 [DEBUG] AutoFeeding:trigger_ccd1_detection:553 - 發送檢測指令前 - 201狀態: 9
2025-07-24 20:27:54 [DEBUG] AutoFeeding:trigger_ccd1_detection:561 - 已發送控制指令16到寄存器200
2025-07-24 20:27:55 [DEBUG] AutoFeeding:trigger_ccd1_detection:580 - CCD1檢測完成標誌確認
2025-07-24 20:27:55 [INFO] AutoFeeding:feeding_cycle:741 - 週期1322 檢測結果: DR_F=14, 總數=28
2025-07-24 20:27:55 [INFO] AutoFeeding:feeding_cycle:768 - 找到保護區內DR_F: (-95.52, 262.6)
2025-07-24 20:27:55 [INFO] AutoFeeding:set_dr_f_available:720 - DR_F已就緒: (-95.52, 262.6), Flow1可直接讀取座標
2025-07-24 20:27:56 [DEBUG] AutoFeeding:trigger_ccd1_detection:553 - 發送檢測指令前 - 201狀態: 9
2025-07-24 20:27:56 [DEBUG] AutoFeeding:trigger_ccd1_detection:561 - 已發送控制指令16到寄存器200
2025-07-24 20:27:57 [DEBUG] AutoFeeding:trigger_ccd1_detection:580 - CCD1檢測完成標誌確認
2025-07-24 20:27:57 [INFO] AutoFeeding:feeding_cycle:741 - 週期1323 檢測結果: DR_F=14, 總數=28
2025-07-24 20:27:57 [INFO] AutoFeeding:feeding_cycle:768 - 找到保護區內DR_F: (-95.51, 262.6)
2025-07-24 20:27:57 [INFO] AutoFeeding:set_dr_f_available:720 - DR_F已就緒: (-95.51, 262.6), Flow1可直接讀取座標
2025-07-24 20:27:58 [DEBUG] AutoFeeding:trigger_ccd1_detection:553 - 發送檢測指令前 - 201狀態: 9
2025-07-24 20:27:58 [DEBUG] AutoFeeding:trigger_ccd1_detection:561 - 已發送控制指令16到寄存器200
2025-07-24 20:27:59 [DEBUG] AutoFeeding:trigger_ccd1_detection:580 - CCD1檢測完成標誌確認
2025-07-24 20:27:59 [INFO] AutoFeeding:feeding_cycle:741 - 週期1324 檢測結果: DR_F=14, 總數=28
2025-07-24 20:27:59 [INFO] AutoFeeding:feeding_cycle:768 - 找到保護區內DR_F: (-95.52, 262.61)
2025-07-24 20:27:59 [INFO] AutoFeeding:set_dr_f_available:720 - DR_F已就緒: (-95.52, 262.61), Flow1可直接讀取座標
2025-07-24 20:28:00 [DEBUG] AutoFeeding:trigger_ccd1_detection:553 - 發送檢測指令前 - 201狀態: 9
2025-07-24 20:28:00 [DEBUG] AutoFeeding:trigger_ccd1_detection:561 - 已發送控制指令16到寄存器200
2025-07-24 20:28:01 [DEBUG] AutoFeeding:trigger_ccd1_detection:580 - CCD1檢測完成標誌確認
2025-07-24 20:28:01 [INFO] AutoFeeding:feeding_cycle:741 - 週期1325 檢測結果: DR_F=14, 總數=28
2025-07-24 20:28:01 [INFO] AutoFeeding:feeding_cycle:768 - 找到保護區內DR_F: (-95.52, 262.6)
2025-07-24 20:28:01 [INFO] AutoFeeding:set_dr_f_available:720 - DR_F已就緒: (-95.52, 262.6), Flow1可直接讀取座標
2025-07-24 20:28:02 [DEBUG] AutoFeeding:trigger_ccd1_detection:553 - 發送檢測指令前 - 201狀態: 9
2025-07-24 20:28:02 [DEBUG] AutoFeeding:trigger_ccd1_detection:561 - 已發送控制指令16到寄存器200
2025-07-24 20:28:03 [DEBUG] AutoFeeding:trigger_ccd1_detection:580 - CCD1檢測完成標誌確認
2025-07-24 20:28:03 [INFO] AutoFeeding:feeding_cycle:741 - 週期1326 檢測結果: DR_F=14, 總數=28
2025-07-24 20:28:03 [INFO] AutoFeeding:feeding_cycle:768 - 找到保護區內DR_F: (-95.52, 262.61)
2025-07-24 20:28:03 [INFO] AutoFeeding:set_dr_f_available:720 - DR_F已就緒: (-95.52, 262.61), Flow1可直接讀取座標
2025-07-24 20:28:04 [DEBUG] AutoFeeding:trigger_ccd1_detection:553 - 發送檢測指令前 - 201狀態: 9
2025-07-24 20:28:04 [DEBUG] AutoFeeding:trigger_ccd1_detection:561 - 已發送控制指令16到寄存器200
2025-07-24 20:28:05 [DEBUG] AutoFeeding:trigger_ccd1_detection:580 - CCD1檢測完成標誌確認
2025-07-24 20:28:05 [INFO] AutoFeeding:feeding_cycle:741 - 週期1327 檢測結果: DR_F=14, 總數=28
2025-07-24 20:28:05 [INFO] AutoFeeding:feeding_cycle:768 - 找到保護區內DR_F: (-95.52, 262.6)
2025-07-24 20:28:05 [INFO] AutoFeeding:set_dr_f_available:720 - DR_F已就緒: (-95.52, 262.6), Flow1可直接讀取座標
2025-07-24 20:28:06 [DEBUG] AutoFeeding:trigger_ccd1_detection:553 - 發送檢測指令前 - 201狀態: 9
2025-07-24 20:28:06 [DEBUG] AutoFeeding:trigger_ccd1_detection:561 - 已發送控制指令16到寄存器200
2025-07-24 20:28:07 [DEBUG] AutoFeeding:trigger_ccd1_detection:580 - CCD1檢測完成標誌確認
2025-07-24 20:28:07 [INFO] AutoFeeding:feeding_cycle:741 - 週期1328 檢測結果: DR_F=14, 總數=28
2025-07-24 20:28:07 [INFO] AutoFeeding:feeding_cycle:768 - 找到保護區內DR_F: (-95.52, 262.6)
2025-07-24 20:28:07 [INFO] AutoFeeding:set_dr_f_available:720 - DR_F已就緒: (-95.52, 262.6), Flow1可直接讀取座標
2025-07-24 20:28:08 [DEBUG] AutoFeeding:trigger_ccd1_detection:553 - 發送檢測指令前 - 201狀態: 9
2025-07-24 20:28:08 [DEBUG] AutoFeeding:trigger_ccd1_detection:561 - 已發送控制指令16到寄存器200
2025-07-24 20:28:09 [DEBUG] AutoFeeding:trigger_ccd1_detection:580 - CCD1檢測完成標誌確認
2025-07-24 20:28:09 [INFO] AutoFeeding:feeding_cycle:741 - 週期1329 檢測結果: DR_F=14, 總數=28
2025-07-24 20:28:09 [INFO] AutoFeeding:feeding_cycle:768 - 找到保護區內DR_F: (-95.52, 262.6)
2025-07-24 20:28:09 [INFO] AutoFeeding:set_dr_f_available:720 - DR_F已就緒: (-95.52, 262.6), Flow1可直接讀取座標
2025-07-24 20:28:10 [DEBUG] AutoFeeding:trigger_ccd1_detection:553 - 發送檢測指令前 - 201狀態: 9
2025-07-24 20:28:10 [DEBUG] AutoFeeding:trigger_ccd1_detection:561 - 已發送控制指令16到寄存器200
2025-07-24 20:28:11 [DEBUG] AutoFeeding:trigger_ccd1_detection:580 - CCD1檢測完成標誌確認
2025-07-24 20:28:11 [INFO] AutoFeeding:feeding_cycle:741 - 週期1330 檢測結果: DR_F=14, 總數=28
2025-07-24 20:28:11 [INFO] AutoFeeding:feeding_cycle:768 - 找到保護區內DR_F: (-95.52, 262.6)
2025-07-24 20:28:11 [INFO] AutoFeeding:set_dr_f_available:720 - DR_F已就緒: (-95.52, 262.6), Flow1可直接讀取座標
2025-07-24 20:28:12 [DEBUG] AutoFeeding:trigger_ccd1_detection:553 - 發送檢測指令前 - 201狀態: 9
2025-07-24 20:28:12 [DEBUG] AutoFeeding:trigger_ccd1_detection:561 - 已發送控制指令16到寄存器200
2025-07-24 20:28:13 [DEBUG] AutoFeeding:trigger_ccd1_detection:580 - CCD1檢測完成標誌確認
2025-07-24 20:28:13 [INFO] AutoFeeding:feeding_cycle:741 - 週期1331 檢測結果: DR_F=14, 總數=28
2025-07-24 20:28:13 [INFO] AutoFeeding:feeding_cycle:768 - 找到保護區內DR_F: (-95.51, 262.6)
2025-07-24 20:28:13 [INFO] AutoFeeding:set_dr_f_available:720 - DR_F已就緒: (-95.51, 262.6), Flow1可直接讀取座標
2025-07-24 20:28:14 [DEBUG] AutoFeeding:trigger_ccd1_detection:553 - 發送檢測指令前 - 201狀態: 9
2025-07-24 20:28:14 [DEBUG] AutoFeeding:trigger_ccd1_detection:561 - 已發送控制指令16到寄存器200
2025-07-24 20:28:15 [DEBUG] AutoFeeding:trigger_ccd1_detection:580 - CCD1檢測完成標誌確認
2025-07-24 20:28:15 [INFO] AutoFeeding:feeding_cycle:741 - 週期1332 檢測結果: DR_F=14, 總數=28
2025-07-24 20:28:15 [INFO] AutoFeeding:feeding_cycle:768 - 找到保護區內DR_F: (-95.52, 262.61)
2025-07-24 20:28:15 [INFO] AutoFeeding:set_dr_f_available:720 - DR_F已就緒: (-95.52, 262.61), Flow1可直接讀取座標
2025-07-24 20:28:16 [DEBUG] AutoFeeding:trigger_ccd1_detection:553 - 發送檢測指令前 - 201狀態: 9
2025-07-24 20:28:16 [DEBUG] AutoFeeding:trigger_ccd1_detection:561 - 已發送控制指令16到寄存器200
2025-07-24 20:28:17 [DEBUG] AutoFeeding:trigger_ccd1_detection:580 - CCD1檢測完成標誌確認
2025-07-24 20:28:17 [INFO] AutoFeeding:feeding_cycle:741 - 週期1333 檢測結果: DR_F=14, 總數=28
2025-07-24 20:28:17 [INFO] AutoFeeding:feeding_cycle:768 - 找到保護區內DR_F: (-95.52, 262.61)
2025-07-24 20:28:17 [INFO] AutoFeeding:set_dr_f_available:720 - DR_F已就緒: (-95.52, 262.61), Flow1可直接讀取座標
2025-07-24 20:28:18 [DEBUG] AutoFeeding:trigger_ccd1_detection:553 - 發送檢測指令前 - 201狀態: 9
2025-07-24 20:28:18 [DEBUG] AutoFeeding:trigger_ccd1_detection:561 - 已發送控制指令16到寄存器200
2025-07-24 20:28:19 [DEBUG] AutoFeeding:trigger_ccd1_detection:580 - CCD1檢測完成標誌確認
2025-07-24 20:28:19 [INFO] AutoFeeding:feeding_cycle:741 - 週期1334 檢測結果: DR_F=14, 總數=28
2025-07-24 20:28:19 [INFO] AutoFeeding:feeding_cycle:768 - 找到保護區內DR_F: (-95.52, 262.6)
2025-07-24 20:28:19 [INFO] AutoFeeding:set_dr_f_available:720 - DR_F已就緒: (-95.52, 262.6), Flow1可直接讀取座標
2025-07-24 20:28:20 [DEBUG] AutoFeeding:trigger_ccd1_detection:553 - 發送檢測指令前 - 201狀態: 9
2025-07-24 20:28:20 [DEBUG] AutoFeeding:trigger_ccd1_detection:561 - 已發送控制指令16到寄存器200
2025-07-24 20:28:21 [DEBUG] AutoFeeding:trigger_ccd1_detection:580 - CCD1檢測完成標誌確認
2025-07-24 20:28:21 [INFO] AutoFeeding:feeding_cycle:741 - 週期1335 檢測結果: DR_F=14, 總數=28
2025-07-24 20:28:21 [INFO] AutoFeeding:feeding_cycle:768 - 找到保護區內DR_F: (-95.51, 262.61)
2025-07-24 20:28:21 [INFO] AutoFeeding:set_dr_f_available:720 - DR_F已就緒: (-95.51, 262.61), Flow1可直接讀取座標
2025-07-24 20:28:22 [DEBUG] AutoFeeding:trigger_ccd1_detection:553 - 發送檢測指令前 - 201狀態: 9
2025-07-24 20:28:22 [DEBUG] AutoFeeding:trigger_ccd1_detection:561 - 已發送控制指令16到寄存器200
2025-07-24 20:28:23 [DEBUG] AutoFeeding:trigger_ccd1_detection:580 - CCD1檢測完成標誌確認
2025-07-24 20:28:23 [INFO] AutoFeeding:feeding_cycle:741 - 週期1336 檢測結果: DR_F=14, 總數=28
2025-07-24 20:28:23 [INFO] AutoFeeding:feeding_cycle:768 - 找到保護區內DR_F: (-95.52, 262.61)
2025-07-24 20:28:23 [INFO] AutoFeeding:set_dr_f_available:720 - DR_F已就緒: (-95.52, 262.61), Flow1可直接讀取座標
2025-07-24 20:28:24 [DEBUG] AutoFeeding:trigger_ccd1_detection:553 - 發送檢測指令前 - 201狀態: 9
2025-07-24 20:28:24 [DEBUG] AutoFeeding:trigger_ccd1_detection:561 - 已發送控制指令16到寄存器200
2025-07-24 20:28:25 [DEBUG] AutoFeeding:trigger_ccd1_detection:580 - CCD1檢測完成標誌確認
2025-07-24 20:28:25 [INFO] AutoFeeding:feeding_cycle:741 - 週期1337 檢測結果: DR_F=14, 總數=28
2025-07-24 20:28:25 [INFO] AutoFeeding:feeding_cycle:768 - 找到保護區內DR_F: (-95.53, 262.6)
2025-07-24 20:28:25 [INFO] AutoFeeding:set_dr_f_available:720 - DR_F已就緒: (-95.53, 262.6), Flow1可直接讀取座標
2025-07-24 20:28:26 [DEBUG] AutoFeeding:trigger_ccd1_detection:553 - 發送檢測指令前 - 201狀態: 9
2025-07-24 20:28:26 [DEBUG] AutoFeeding:trigger_ccd1_detection:561 - 已發送控制指令16到寄存器200
2025-07-24 20:28:27 [DEBUG] AutoFeeding:trigger_ccd1_detection:580 - CCD1檢測完成標誌確認
2025-07-24 20:28:27 [INFO] AutoFeeding:feeding_cycle:741 - 週期1338 檢測結果: DR_F=14, 總數=28
2025-07-24 20:28:27 [INFO] AutoFeeding:feeding_cycle:768 - 找到保護區內DR_F: (-95.52, 262.6)
2025-07-24 20:28:27 [INFO] AutoFeeding:set_dr_f_available:720 - DR_F已就緒: (-95.52, 262.6), Flow1可直接讀取座標
2025-07-24 20:28:29 [DEBUG] AutoFeeding:trigger_ccd1_detection:553 - 發送檢測指令前 - 201狀態: 9
2025-07-24 20:28:29 [DEBUG] AutoFeeding:trigger_ccd1_detection:561 - 已發送控制指令16到寄存器200
2025-07-24 20:28:30 [DEBUG] AutoFeeding:trigger_ccd1_detection:580 - CCD1檢測完成標誌確認
2025-07-24 20:28:30 [INFO] AutoFeeding:feeding_cycle:741 - 週期1339 檢測結果: DR_F=14, 總數=28
2025-07-24 20:28:30 [INFO] AutoFeeding:feeding_cycle:768 - 找到保護區內DR_F: (-95.52, 262.6)
2025-07-24 20:28:30 [INFO] AutoFeeding:set_dr_f_available:720 - DR_F已就緒: (-95.52, 262.6), Flow1可直接讀取座標
2025-07-24 20:28:31 [DEBUG] AutoFeeding:trigger_ccd1_detection:553 - 發送檢測指令前 - 201狀態: 9
2025-07-24 20:28:31 [DEBUG] AutoFeeding:trigger_ccd1_detection:561 - 已發送控制指令16到寄存器200
2025-07-24 20:28:32 [DEBUG] AutoFeeding:trigger_ccd1_detection:580 - CCD1檢測完成標誌確認
2025-07-24 20:28:32 [INFO] AutoFeeding:feeding_cycle:741 - 週期1340 檢測結果: DR_F=14, 總數=28
2025-07-24 20:28:32 [INFO] AutoFeeding:feeding_cycle:768 - 找到保護區內DR_F: (-95.52, 262.6)
2025-07-24 20:28:32 [INFO] AutoFeeding:set_dr_f_available:720 - DR_F已就緒: (-95.52, 262.6), Flow1可直接讀取座標
2025-07-24 20:28:33 [DEBUG] AutoFeeding:trigger_ccd1_detection:553 - 發送檢測指令前 - 201狀態: 9
2025-07-24 20:28:33 [DEBUG] AutoFeeding:trigger_ccd1_detection:561 - 已發送控制指令16到寄存器200
2025-07-24 20:28:34 [DEBUG] AutoFeeding:trigger_ccd1_detection:580 - CCD1檢測完成標誌確認
2025-07-24 20:28:34 [INFO] AutoFeeding:feeding_cycle:741 - 週期1341 檢測結果: DR_F=14, 總數=28
2025-07-24 20:28:34 [INFO] AutoFeeding:feeding_cycle:768 - 找到保護區內DR_F: (-95.52, 262.61)
2025-07-24 20:28:34 [INFO] AutoFeeding:set_dr_f_available:720 - DR_F已就緒: (-95.52, 262.61), Flow1可直接讀取座標
2025-07-24 20:28:35 [DEBUG] AutoFeeding:trigger_ccd1_detection:553 - 發送檢測指令前 - 201狀態: 9
2025-07-24 20:28:35 [DEBUG] AutoFeeding:trigger_ccd1_detection:561 - 已發送控制指令16到寄存器200
2025-07-24 20:28:36 [DEBUG] AutoFeeding:trigger_ccd1_detection:580 - CCD1檢測完成標誌確認
2025-07-24 20:28:36 [INFO] AutoFeeding:feeding_cycle:741 - 週期1342 檢測結果: DR_F=14, 總數=28
2025-07-24 20:28:36 [INFO] AutoFeeding:feeding_cycle:768 - 找到保護區內DR_F: (-95.52, 262.6)
2025-07-24 20:28:36 [INFO] AutoFeeding:set_dr_f_available:720 - DR_F已就緒: (-95.52, 262.6), Flow1可直接讀取座標
2025-07-24 20:28:37 [DEBUG] AutoFeeding:trigger_ccd1_detection:553 - 發送檢測指令前 - 201狀態: 9
2025-07-24 20:28:37 [DEBUG] AutoFeeding:trigger_ccd1_detection:561 - 已發送控制指令16到寄存器200
2025-07-24 20:28:38 [DEBUG] AutoFeeding:trigger_ccd1_detection:580 - CCD1檢測完成標誌確認
2025-07-24 20:28:38 [INFO] AutoFeeding:feeding_cycle:741 - 週期1343 檢測結果: DR_F=14, 總數=28
2025-07-24 20:28:38 [INFO] AutoFeeding:feeding_cycle:768 - 找到保護區內DR_F: (-95.52, 262.6)
2025-07-24 20:28:38 [INFO] AutoFeeding:set_dr_f_available:720 - DR_F已就緒: (-95.52, 262.6), Flow1可直接讀取座標
2025-07-24 20:28:39 [DEBUG] AutoFeeding:trigger_ccd1_detection:553 - 發送檢測指令前 - 201狀態: 9
2025-07-24 20:28:39 [DEBUG] AutoFeeding:trigger_ccd1_detection:561 - 已發送控制指令16到寄存器200
2025-07-24 20:28:40 [DEBUG] AutoFeeding:trigger_ccd1_detection:580 - CCD1檢測完成標誌確認
2025-07-24 20:28:40 [INFO] AutoFeeding:feeding_cycle:741 - 週期1344 檢測結果: DR_F=14, 總數=28
2025-07-24 20:28:40 [INFO] AutoFeeding:feeding_cycle:768 - 找到保護區內DR_F: (-95.52, 262.6)
2025-07-24 20:28:40 [INFO] AutoFeeding:set_dr_f_available:720 - DR_F已就緒: (-95.52, 262.6), Flow1可直接讀取座標
2025-07-24 20:28:41 [DEBUG] AutoFeeding:trigger_ccd1_detection:553 - 發送檢測指令前 - 201狀態: 9
2025-07-24 20:28:41 [DEBUG] AutoFeeding:trigger_ccd1_detection:561 - 已發送控制指令16到寄存器200
2025-07-24 20:28:42 [DEBUG] AutoFeeding:trigger_ccd1_detection:580 - CCD1檢測完成標誌確認
2025-07-24 20:28:42 [INFO] AutoFeeding:feeding_cycle:741 - 週期1345 檢測結果: DR_F=14, 總數=28
2025-07-24 20:28:42 [INFO] AutoFeeding:feeding_cycle:768 - 找到保護區內DR_F: (-95.52, 262.6)
2025-07-24 20:28:42 [INFO] AutoFeeding:set_dr_f_available:720 - DR_F已就緒: (-95.52, 262.6), Flow1可直接讀取座標
2025-07-24 20:28:43 [DEBUG] AutoFeeding:trigger_ccd1_detection:553 - 發送檢測指令前 - 201狀態: 9
2025-07-24 20:28:43 [DEBUG] AutoFeeding:trigger_ccd1_detection:561 - 已發送控制指令16到寄存器200
2025-07-24 20:28:44 [DEBUG] AutoFeeding:trigger_ccd1_detection:580 - CCD1檢測完成標誌確認
2025-07-24 20:28:44 [INFO] AutoFeeding:feeding_cycle:741 - 週期1346 檢測結果: DR_F=14, 總數=28
2025-07-24 20:28:44 [INFO] AutoFeeding:feeding_cycle:768 - 找到保護區內DR_F: (-95.52, 262.6)
2025-07-24 20:28:44 [INFO] AutoFeeding:set_dr_f_available:720 - DR_F已就緒: (-95.52, 262.6), Flow1可直接讀取座標
2025-07-24 20:28:45 [DEBUG] AutoFeeding:trigger_ccd1_detection:553 - 發送檢測指令前 - 201狀態: 9
2025-07-24 20:28:45 [DEBUG] AutoFeeding:trigger_ccd1_detection:561 - 已發送控制指令16到寄存器200
2025-07-24 20:28:46 [DEBUG] AutoFeeding:trigger_ccd1_detection:580 - CCD1檢測完成標誌確認
2025-07-24 20:28:46 [INFO] AutoFeeding:feeding_cycle:741 - 週期1347 檢測結果: DR_F=14, 總數=28
2025-07-24 20:28:46 [INFO] AutoFeeding:feeding_cycle:768 - 找到保護區內DR_F: (-95.52, 262.6)
2025-07-24 20:28:46 [INFO] AutoFeeding:set_dr_f_available:720 - DR_F已就緒: (-95.52, 262.6), Flow1可直接讀取座標
2025-07-24 20:28:47 [DEBUG] AutoFeeding:trigger_ccd1_detection:553 - 發送檢測指令前 - 201狀態: 9
2025-07-24 20:28:47 [DEBUG] AutoFeeding:trigger_ccd1_detection:561 - 已發送控制指令16到寄存器200
2025-07-24 20:28:48 [DEBUG] AutoFeeding:trigger_ccd1_detection:580 - CCD1檢測完成標誌確認
2025-07-24 20:28:48 [INFO] AutoFeeding:feeding_cycle:741 - 週期1348 檢測結果: DR_F=14, 總數=28
2025-07-24 20:28:48 [INFO] AutoFeeding:feeding_cycle:768 - 找到保護區內DR_F: (-95.51, 262.6)
2025-07-24 20:28:48 [INFO] AutoFeeding:set_dr_f_available:720 - DR_F已就緒: (-95.51, 262.6), Flow1可直接讀取座標
2025-07-24 20:28:49 [DEBUG] AutoFeeding:trigger_ccd1_detection:553 - 發送檢測指令前 - 201狀態: 9
2025-07-24 20:28:49 [DEBUG] AutoFeeding:trigger_ccd1_detection:561 - 已發送控制指令16到寄存器200
2025-07-24 20:28:50 [DEBUG] AutoFeeding:trigger_ccd1_detection:580 - CCD1檢測完成標誌確認
2025-07-24 20:28:50 [INFO] AutoFeeding:feeding_cycle:741 - 週期1349 檢測結果: DR_F=14, 總數=28
2025-07-24 20:28:50 [INFO] AutoFeeding:feeding_cycle:768 - 找到保護區內DR_F: (-95.51, 262.6)
2025-07-24 20:28:50 [INFO] AutoFeeding:set_dr_f_available:720 - DR_F已就緒: (-95.51, 262.6), Flow1可直接讀取座標
2025-07-24 20:28:51 [DEBUG] AutoFeeding:trigger_ccd1_detection:553 - 發送檢測指令前 - 201狀態: 9
2025-07-24 20:28:51 [DEBUG] AutoFeeding:trigger_ccd1_detection:561 - 已發送控制指令16到寄存器200
2025-07-24 20:28:52 [DEBUG] AutoFeeding:trigger_ccd1_detection:580 - CCD1檢測完成標誌確認
2025-07-24 20:28:52 [INFO] AutoFeeding:feeding_cycle:741 - 週期1350 檢測結果: DR_F=14, 總數=28
2025-07-24 20:28:52 [INFO] AutoFeeding:feeding_cycle:768 - 找到保護區內DR_F: (-95.52, 262.61)
2025-07-24 20:28:52 [INFO] AutoFeeding:set_dr_f_available:720 - DR_F已就緒: (-95.52, 262.61), Flow1可直接讀取座標
2025-07-24 20:28:53 [DEBUG] AutoFeeding:trigger_ccd1_detection:553 - 發送檢測指令前 - 201狀態: 9
2025-07-24 20:28:53 [DEBUG] AutoFeeding:trigger_ccd1_detection:561 - 已發送控制指令16到寄存器200
2025-07-24 20:28:54 [DEBUG] AutoFeeding:trigger_ccd1_detection:580 - CCD1檢測完成標誌確認
2025-07-24 20:28:54 [INFO] AutoFeeding:feeding_cycle:741 - 週期1351 檢測結果: DR_F=14, 總數=28
2025-07-24 20:28:54 [INFO] AutoFeeding:feeding_cycle:768 - 找到保護區內DR_F: (-95.53, 262.61)
2025-07-24 20:28:54 [INFO] AutoFeeding:set_dr_f_available:720 - DR_F已就緒: (-95.53, 262.61), Flow1可直接讀取座標
2025-07-24 20:28:55 [DEBUG] AutoFeeding:trigger_ccd1_detection:553 - 發送檢測指令前 - 201狀態: 9
2025-07-24 20:28:55 [DEBUG] AutoFeeding:trigger_ccd1_detection:561 - 已發送控制指令16到寄存器200
2025-07-24 20:28:56 [DEBUG] AutoFeeding:trigger_ccd1_detection:580 - CCD1檢測完成標誌確認
2025-07-24 20:28:56 [INFO] AutoFeeding:feeding_cycle:741 - 週期1352 檢測結果: DR_F=14, 總數=28
2025-07-24 20:28:56 [INFO] AutoFeeding:feeding_cycle:768 - 找到保護區內DR_F: (-95.51, 262.6)
2025-07-24 20:28:56 [INFO] AutoFeeding:set_dr_f_available:720 - DR_F已就緒: (-95.51, 262.6), Flow1可直接讀取座標
2025-07-24 20:28:57 [DEBUG] AutoFeeding:trigger_ccd1_detection:553 - 發送檢測指令前 - 201狀態: 9
2025-07-24 20:28:57 [DEBUG] AutoFeeding:trigger_ccd1_detection:561 - 已發送控制指令16到寄存器200
2025-07-24 20:28:58 [DEBUG] AutoFeeding:trigger_ccd1_detection:580 - CCD1檢測完成標誌確認
2025-07-24 20:28:58 [INFO] AutoFeeding:feeding_cycle:741 - 週期1353 檢測結果: DR_F=14, 總數=28
2025-07-24 20:28:58 [INFO] AutoFeeding:feeding_cycle:768 - 找到保護區內DR_F: (-95.52, 262.61)
2025-07-24 20:28:58 [INFO] AutoFeeding:set_dr_f_available:720 - DR_F已就緒: (-95.52, 262.61), Flow1可直接讀取座標
2025-07-24 20:28:59 [DEBUG] AutoFeeding:trigger_ccd1_detection:553 - 發送檢測指令前 - 201狀態: 9
2025-07-24 20:28:59 [DEBUG] AutoFeeding:trigger_ccd1_detection:561 - 已發送控制指令16到寄存器200
2025-07-24 20:29:00 [DEBUG] AutoFeeding:trigger_ccd1_detection:580 - CCD1檢測完成標誌確認
2025-07-24 20:29:00 [INFO] AutoFeeding:feeding_cycle:741 - 週期1354 檢測結果: DR_F=14, 總數=28
2025-07-24 20:29:00 [INFO] AutoFeeding:feeding_cycle:768 - 找到保護區內DR_F: (-95.51, 262.61)
2025-07-24 20:29:00 [INFO] AutoFeeding:set_dr_f_available:720 - DR_F已就緒: (-95.51, 262.61), Flow1可直接讀取座標
2025-07-24 20:29:01 [DEBUG] AutoFeeding:trigger_ccd1_detection:553 - 發送檢測指令前 - 201狀態: 9
2025-07-24 20:29:01 [DEBUG] AutoFeeding:trigger_ccd1_detection:561 - 已發送控制指令16到寄存器200
2025-07-24 20:29:02 [DEBUG] AutoFeeding:trigger_ccd1_detection:580 - CCD1檢測完成標誌確認
2025-07-24 20:29:02 [INFO] AutoFeeding:feeding_cycle:741 - 週期1355 檢測結果: DR_F=14, 總數=28
2025-07-24 20:29:02 [INFO] AutoFeeding:feeding_cycle:768 - 找到保護區內DR_F: (-95.52, 262.61)
2025-07-24 20:29:02 [INFO] AutoFeeding:set_dr_f_available:720 - DR_F已就緒: (-95.52, 262.61), Flow1可直接讀取座標
2025-07-24 20:29:03 [DEBUG] AutoFeeding:trigger_ccd1_detection:553 - 發送檢測指令前 - 201狀態: 9
2025-07-24 20:29:03 [DEBUG] AutoFeeding:trigger_ccd1_detection:561 - 已發送控制指令16到寄存器200
2025-07-24 20:29:04 [DEBUG] AutoFeeding:trigger_ccd1_detection:580 - CCD1檢測完成標誌確認
2025-07-24 20:29:04 [INFO] AutoFeeding:feeding_cycle:741 - 週期1356 檢測結果: DR_F=14, 總數=28
2025-07-24 20:29:04 [INFO] AutoFeeding:feeding_cycle:768 - 找到保護區內DR_F: (-95.51, 262.6)
2025-07-24 20:29:04 [INFO] AutoFeeding:set_dr_f_available:720 - DR_F已就緒: (-95.51, 262.6), Flow1可直接讀取座標
2025-07-24 20:29:05 [DEBUG] AutoFeeding:trigger_ccd1_detection:553 - 發送檢測指令前 - 201狀態: 9
2025-07-24 20:29:05 [DEBUG] AutoFeeding:trigger_ccd1_detection:561 - 已發送控制指令16到寄存器200
2025-07-24 20:29:06 [DEBUG] AutoFeeding:trigger_ccd1_detection:580 - CCD1檢測完成標誌確認
2025-07-24 20:29:06 [INFO] AutoFeeding:feeding_cycle:741 - 週期1357 檢測結果: DR_F=14, 總數=28
2025-07-24 20:29:06 [INFO] AutoFeeding:feeding_cycle:768 - 找到保護區內DR_F: (-95.52, 262.6)
2025-07-24 20:29:06 [INFO] AutoFeeding:set_dr_f_available:720 - DR_F已就緒: (-95.52, 262.6), Flow1可直接讀取座標
2025-07-24 20:29:07 [DEBUG] AutoFeeding:trigger_ccd1_detection:553 - 發送檢測指令前 - 201狀態: 9
2025-07-24 20:29:07 [DEBUG] AutoFeeding:trigger_ccd1_detection:561 - 已發送控制指令16到寄存器200
2025-07-24 20:29:08 [DEBUG] AutoFeeding:trigger_ccd1_detection:580 - CCD1檢測完成標誌確認
2025-07-24 20:29:08 [INFO] AutoFeeding:feeding_cycle:741 - 週期1358 檢測結果: DR_F=14, 總數=28
2025-07-24 20:29:08 [INFO] AutoFeeding:feeding_cycle:768 - 找到保護區內DR_F: (-95.52, 262.6)
2025-07-24 20:29:08 [INFO] AutoFeeding:set_dr_f_available:720 - DR_F已就緒: (-95.52, 262.6), Flow1可直接讀取座標
2025-07-24 20:29:09 [DEBUG] AutoFeeding:trigger_ccd1_detection:553 - 發送檢測指令前 - 201狀態: 9
2025-07-24 20:29:09 [DEBUG] AutoFeeding:trigger_ccd1_detection:561 - 已發送控制指令16到寄存器200
2025-07-24 20:29:11 [DEBUG] AutoFeeding:trigger_ccd1_detection:580 - CCD1檢測完成標誌確認
2025-07-24 20:29:11 [INFO] AutoFeeding:feeding_cycle:741 - 週期1359 檢測結果: DR_F=14, 總數=28
2025-07-24 20:29:11 [INFO] AutoFeeding:feeding_cycle:768 - 找到保護區內DR_F: (-95.52, 262.6)
2025-07-24 20:29:11 [INFO] AutoFeeding:set_dr_f_available:720 - DR_F已就緒: (-95.52, 262.6), Flow1可直接讀取座標
2025-07-24 20:29:12 [DEBUG] AutoFeeding:trigger_ccd1_detection:553 - 發送檢測指令前 - 201狀態: 9
2025-07-24 20:29:12 [DEBUG] AutoFeeding:trigger_ccd1_detection:561 - 已發送控制指令16到寄存器200
2025-07-24 20:29:13 [DEBUG] AutoFeeding:trigger_ccd1_detection:580 - CCD1檢測完成標誌確認
2025-07-24 20:29:13 [INFO] AutoFeeding:feeding_cycle:741 - 週期1360 檢測結果: DR_F=14, 總數=28
2025-07-24 20:29:13 [INFO] AutoFeeding:feeding_cycle:768 - 找到保護區內DR_F: (-95.52, 262.61)
2025-07-24 20:29:13 [INFO] AutoFeeding:set_dr_f_available:720 - DR_F已就緒: (-95.52, 262.61), Flow1可直接讀取座標
2025-07-24 20:29:14 [DEBUG] AutoFeeding:trigger_ccd1_detection:553 - 發送檢測指令前 - 201狀態: 9
2025-07-24 20:29:14 [DEBUG] AutoFeeding:trigger_ccd1_detection:561 - 已發送控制指令16到寄存器200
2025-07-24 20:29:15 [DEBUG] AutoFeeding:trigger_ccd1_detection:580 - CCD1檢測完成標誌確認
2025-07-24 20:29:15 [INFO] AutoFeeding:feeding_cycle:741 - 週期1361 檢測結果: DR_F=14, 總數=28
2025-07-24 20:29:15 [INFO] AutoFeeding:feeding_cycle:768 - 找到保護區內DR_F: (-95.52, 262.6)
2025-07-24 20:29:15 [INFO] AutoFeeding:set_dr_f_available:720 - DR_F已就緒: (-95.52, 262.6), Flow1可直接讀取座標
2025-07-24 20:29:16 [DEBUG] AutoFeeding:trigger_ccd1_detection:553 - 發送檢測指令前 - 201狀態: 9
2025-07-24 20:29:16 [DEBUG] AutoFeeding:trigger_ccd1_detection:561 - 已發送控制指令16到寄存器200
2025-07-24 20:29:17 [DEBUG] AutoFeeding:trigger_ccd1_detection:580 - CCD1檢測完成標誌確認
2025-07-24 20:29:17 [INFO] AutoFeeding:feeding_cycle:741 - 週期1362 檢測結果: DR_F=14, 總數=28
2025-07-24 20:29:17 [INFO] AutoFeeding:feeding_cycle:768 - 找到保護區內DR_F: (-95.52, 262.6)
2025-07-24 20:29:17 [INFO] AutoFeeding:set_dr_f_available:720 - DR_F已就緒: (-95.52, 262.6), Flow1可直接讀取座標
2025-07-24 20:29:18 [DEBUG] AutoFeeding:trigger_ccd1_detection:553 - 發送檢測指令前 - 201狀態: 9
2025-07-24 20:29:18 [DEBUG] AutoFeeding:trigger_ccd1_detection:561 - 已發送控制指令16到寄存器200
2025-07-24 20:29:19 [DEBUG] AutoFeeding:trigger_ccd1_detection:580 - CCD1檢測完成標誌確認
2025-07-24 20:29:19 [INFO] AutoFeeding:feeding_cycle:741 - 週期1363 檢測結果: DR_F=14, 總數=28
2025-07-24 20:29:19 [INFO] AutoFeeding:feeding_cycle:768 - 找到保護區內DR_F: (-95.52, 262.6)
2025-07-24 20:29:19 [INFO] AutoFeeding:set_dr_f_available:720 - DR_F已就緒: (-95.52, 262.6), Flow1可直接讀取座標
2025-07-24 20:29:20 [DEBUG] AutoFeeding:trigger_ccd1_detection:553 - 發送檢測指令前 - 201狀態: 9
2025-07-24 20:29:20 [DEBUG] AutoFeeding:trigger_ccd1_detection:561 - 已發送控制指令16到寄存器200
2025-07-24 20:29:21 [DEBUG] AutoFeeding:trigger_ccd1_detection:580 - CCD1檢測完成標誌確認
2025-07-24 20:29:21 [INFO] AutoFeeding:feeding_cycle:741 - 週期1364 檢測結果: DR_F=14, 總數=28
2025-07-24 20:29:21 [INFO] AutoFeeding:feeding_cycle:768 - 找到保護區內DR_F: (-95.52, 262.6)
2025-07-24 20:29:21 [INFO] AutoFeeding:set_dr_f_available:720 - DR_F已就緒: (-95.52, 262.6), Flow1可直接讀取座標
2025-07-24 20:29:22 [DEBUG] AutoFeeding:trigger_ccd1_detection:553 - 發送檢測指令前 - 201狀態: 9
2025-07-24 20:29:22 [DEBUG] AutoFeeding:trigger_ccd1_detection:561 - 已發送控制指令16到寄存器200
2025-07-24 20:29:23 [DEBUG] AutoFeeding:trigger_ccd1_detection:580 - CCD1檢測完成標誌確認
2025-07-24 20:29:23 [INFO] AutoFeeding:feeding_cycle:741 - 週期1365 檢測結果: DR_F=14, 總數=28
2025-07-24 20:29:23 [INFO] AutoFeeding:feeding_cycle:768 - 找到保護區內DR_F: (-95.52, 262.6)
2025-07-24 20:29:23 [INFO] AutoFeeding:set_dr_f_available:720 - DR_F已就緒: (-95.52, 262.6), Flow1可直接讀取座標
2025-07-24 20:29:24 [DEBUG] AutoFeeding:trigger_ccd1_detection:553 - 發送檢測指令前 - 201狀態: 9
2025-07-24 20:29:24 [DEBUG] AutoFeeding:trigger_ccd1_detection:561 - 已發送控制指令16到寄存器200
2025-07-24 20:29:25 [DEBUG] AutoFeeding:trigger_ccd1_detection:580 - CCD1檢測完成標誌確認
2025-07-24 20:29:25 [INFO] AutoFeeding:feeding_cycle:741 - 週期1366 檢測結果: DR_F=14, 總數=28
2025-07-24 20:29:25 [INFO] AutoFeeding:feeding_cycle:768 - 找到保護區內DR_F: (-95.52, 262.61)
2025-07-24 20:29:25 [INFO] AutoFeeding:set_dr_f_available:720 - DR_F已就緒: (-95.52, 262.61), Flow1可直接讀取座標
2025-07-24 20:29:26 [DEBUG] AutoFeeding:trigger_ccd1_detection:553 - 發送檢測指令前 - 201狀態: 9
2025-07-24 20:29:26 [DEBUG] AutoFeeding:trigger_ccd1_detection:561 - 已發送控制指令16到寄存器200
2025-07-24 20:29:27 [DEBUG] AutoFeeding:trigger_ccd1_detection:580 - CCD1檢測完成標誌確認
2025-07-24 20:29:27 [INFO] AutoFeeding:feeding_cycle:741 - 週期1367 檢測結果: DR_F=14, 總數=28
2025-07-24 20:29:27 [INFO] AutoFeeding:feeding_cycle:768 - 找到保護區內DR_F: (-95.52, 262.61)
2025-07-24 20:29:27 [INFO] AutoFeeding:set_dr_f_available:720 - DR_F已就緒: (-95.52, 262.61), Flow1可直接讀取座標
2025-07-24 20:29:28 [DEBUG] AutoFeeding:trigger_ccd1_detection:553 - 發送檢測指令前 - 201狀態: 9
2025-07-24 20:29:28 [DEBUG] AutoFeeding:trigger_ccd1_detection:561 - 已發送控制指令16到寄存器200
2025-07-24 20:29:29 [DEBUG] AutoFeeding:trigger_ccd1_detection:580 - CCD1檢測完成標誌確認
2025-07-24 20:29:29 [INFO] AutoFeeding:feeding_cycle:741 - 週期1368 檢測結果: DR_F=14, 總數=28
2025-07-24 20:29:29 [INFO] AutoFeeding:feeding_cycle:768 - 找到保護區內DR_F: (-95.52, 262.6)
2025-07-24 20:29:29 [INFO] AutoFeeding:set_dr_f_available:720 - DR_F已就緒: (-95.52, 262.6), Flow1可直接讀取座標
2025-07-24 20:29:30 [DEBUG] AutoFeeding:trigger_ccd1_detection:553 - 發送檢測指令前 - 201狀態: 9
2025-07-24 20:29:30 [DEBUG] AutoFeeding:trigger_ccd1_detection:561 - 已發送控制指令16到寄存器200
2025-07-24 20:29:31 [DEBUG] AutoFeeding:trigger_ccd1_detection:580 - CCD1檢測完成標誌確認
2025-07-24 20:29:31 [INFO] AutoFeeding:feeding_cycle:741 - 週期1369 檢測結果: DR_F=14, 總數=28
2025-07-24 20:29:31 [INFO] AutoFeeding:feeding_cycle:768 - 找到保護區內DR_F: (-95.52, 262.61)
2025-07-24 20:29:31 [INFO] AutoFeeding:set_dr_f_available:720 - DR_F已就緒: (-95.52, 262.61), Flow1可直接讀取座標
2025-07-24 20:29:32 [DEBUG] AutoFeeding:trigger_ccd1_detection:553 - 發送檢測指令前 - 201狀態: 9
2025-07-24 20:29:32 [DEBUG] AutoFeeding:trigger_ccd1_detection:561 - 已發送控制指令16到寄存器200
2025-07-24 20:29:33 [DEBUG] AutoFeeding:trigger_ccd1_detection:580 - CCD1檢測完成標誌確認
2025-07-24 20:29:33 [INFO] AutoFeeding:feeding_cycle:741 - 週期1370 檢測結果: DR_F=14, 總數=28
2025-07-24 20:29:33 [INFO] AutoFeeding:feeding_cycle:768 - 找到保護區內DR_F: (-95.52, 262.61)
2025-07-24 20:29:33 [INFO] AutoFeeding:set_dr_f_available:720 - DR_F已就緒: (-95.52, 262.61), Flow1可直接讀取座標
2025-07-24 20:29:34 [DEBUG] AutoFeeding:trigger_ccd1_detection:553 - 發送檢測指令前 - 201狀態: 9
2025-07-24 20:29:34 [DEBUG] AutoFeeding:trigger_ccd1_detection:561 - 已發送控制指令16到寄存器200
2025-07-24 20:29:35 [DEBUG] AutoFeeding:trigger_ccd1_detection:580 - CCD1檢測完成標誌確認
2025-07-24 20:29:35 [INFO] AutoFeeding:feeding_cycle:741 - 週期1371 檢測結果: DR_F=14, 總數=28
2025-07-24 20:29:35 [INFO] AutoFeeding:feeding_cycle:768 - 找到保護區內DR_F: (-95.53, 262.6)
2025-07-24 20:29:35 [INFO] AutoFeeding:set_dr_f_available:720 - DR_F已就緒: (-95.53, 262.6), Flow1可直接讀取座標
2025-07-24 20:29:36 [DEBUG] AutoFeeding:main_loop:880 - 主循環 1401: running=True, status=RUNNING, flow1_active=False, progress_blocking=False, dr_f_available=True
2025-07-24 20:29:36 [DEBUG] AutoFeeding:trigger_ccd1_detection:553 - 發送檢測指令前 - 201狀態: 9
2025-07-24 20:29:36 [DEBUG] AutoFeeding:trigger_ccd1_detection:561 - 已發送控制指令16到寄存器200
2025-07-24 20:29:37 [DEBUG] AutoFeeding:trigger_ccd1_detection:580 - CCD1檢測完成標誌確認
2025-07-24 20:29:37 [INFO] AutoFeeding:feeding_cycle:741 - 週期1372 檢測結果: DR_F=14, 總數=28
2025-07-24 20:29:37 [INFO] AutoFeeding:feeding_cycle:768 - 找到保護區內DR_F: (-95.52, 262.6)
2025-07-24 20:29:37 [INFO] AutoFeeding:set_dr_f_available:720 - DR_F已就緒: (-95.52, 262.6), Flow1可直接讀取座標
2025-07-24 20:29:38 [DEBUG] AutoFeeding:trigger_ccd1_detection:553 - 發送檢測指令前 - 201狀態: 9
2025-07-24 20:29:38 [DEBUG] AutoFeeding:trigger_ccd1_detection:561 - 已發送控制指令16到寄存器200
2025-07-24 20:29:39 [DEBUG] AutoFeeding:trigger_ccd1_detection:580 - CCD1檢測完成標誌確認
2025-07-24 20:29:39 [INFO] AutoFeeding:feeding_cycle:741 - 週期1373 檢測結果: DR_F=14, 總數=28
2025-07-24 20:29:39 [INFO] AutoFeeding:feeding_cycle:768 - 找到保護區內DR_F: (-95.52, 262.6)
2025-07-24 20:29:39 [INFO] AutoFeeding:set_dr_f_available:720 - DR_F已就緒: (-95.52, 262.6), Flow1可直接讀取座標
2025-07-24 20:29:40 [DEBUG] AutoFeeding:trigger_ccd1_detection:553 - 發送檢測指令前 - 201狀態: 9
2025-07-24 20:29:40 [DEBUG] AutoFeeding:trigger_ccd1_detection:561 - 已發送控制指令16到寄存器200
2025-07-24 20:29:41 [DEBUG] AutoFeeding:trigger_ccd1_detection:580 - CCD1檢測完成標誌確認
2025-07-24 20:29:41 [INFO] AutoFeeding:feeding_cycle:741 - 週期1374 檢測結果: DR_F=14, 總數=28
2025-07-24 20:29:41 [INFO] AutoFeeding:feeding_cycle:768 - 找到保護區內DR_F: (-95.52, 262.61)
2025-07-24 20:29:41 [INFO] AutoFeeding:set_dr_f_available:720 - DR_F已就緒: (-95.52, 262.61), Flow1可直接讀取座標
2025-07-24 20:29:42 [DEBUG] AutoFeeding:trigger_ccd1_detection:553 - 發送檢測指令前 - 201狀態: 9
2025-07-24 20:29:42 [DEBUG] AutoFeeding:trigger_ccd1_detection:561 - 已發送控制指令16到寄存器200
2025-07-24 20:29:43 [DEBUG] AutoFeeding:trigger_ccd1_detection:580 - CCD1檢測完成標誌確認
2025-07-24 20:29:43 [INFO] AutoFeeding:feeding_cycle:741 - 週期1375 檢測結果: DR_F=14, 總數=28
2025-07-24 20:29:43 [INFO] AutoFeeding:feeding_cycle:768 - 找到保護區內DR_F: (-95.52, 262.61)
2025-07-24 20:29:43 [INFO] AutoFeeding:set_dr_f_available:720 - DR_F已就緒: (-95.52, 262.61), Flow1可直接讀取座標
2025-07-24 20:29:44 [DEBUG] AutoFeeding:trigger_ccd1_detection:553 - 發送檢測指令前 - 201狀態: 9
2025-07-24 20:29:44 [DEBUG] AutoFeeding:trigger_ccd1_detection:561 - 已發送控制指令16到寄存器200
2025-07-24 20:29:45 [DEBUG] AutoFeeding:trigger_ccd1_detection:580 - CCD1檢測完成標誌確認
2025-07-24 20:29:45 [INFO] AutoFeeding:feeding_cycle:741 - 週期1376 檢測結果: DR_F=14, 總數=28
2025-07-24 20:29:45 [INFO] AutoFeeding:feeding_cycle:768 - 找到保護區內DR_F: (-95.52, 262.6)
2025-07-24 20:29:45 [INFO] AutoFeeding:set_dr_f_available:720 - DR_F已就緒: (-95.52, 262.6), Flow1可直接讀取座標
2025-07-24 20:29:46 [DEBUG] AutoFeeding:trigger_ccd1_detection:553 - 發送檢測指令前 - 201狀態: 9
2025-07-24 20:29:46 [DEBUG] AutoFeeding:trigger_ccd1_detection:561 - 已發送控制指令16到寄存器200
2025-07-24 20:29:47 [DEBUG] AutoFeeding:trigger_ccd1_detection:580 - CCD1檢測完成標誌確認
2025-07-24 20:29:47 [INFO] AutoFeeding:feeding_cycle:741 - 週期1377 檢測結果: DR_F=14, 總數=28
2025-07-24 20:29:47 [INFO] AutoFeeding:feeding_cycle:768 - 找到保護區內DR_F: (-95.52, 262.61)
2025-07-24 20:29:47 [INFO] AutoFeeding:set_dr_f_available:720 - DR_F已就緒: (-95.52, 262.61), Flow1可直接讀取座標
2025-07-24 20:29:48 [DEBUG] AutoFeeding:trigger_ccd1_detection:553 - 發送檢測指令前 - 201狀態: 9
2025-07-24 20:29:48 [DEBUG] AutoFeeding:trigger_ccd1_detection:561 - 已發送控制指令16到寄存器200
2025-07-24 20:29:49 [DEBUG] AutoFeeding:trigger_ccd1_detection:580 - CCD1檢測完成標誌確認
2025-07-24 20:29:49 [INFO] AutoFeeding:feeding_cycle:741 - 週期1378 檢測結果: DR_F=14, 總數=28
2025-07-24 20:29:49 [INFO] AutoFeeding:feeding_cycle:768 - 找到保護區內DR_F: (-95.52, 262.6)
2025-07-24 20:29:49 [INFO] AutoFeeding:set_dr_f_available:720 - DR_F已就緒: (-95.52, 262.6), Flow1可直接讀取座標
2025-07-24 20:29:50 [DEBUG] AutoFeeding:trigger_ccd1_detection:553 - 發送檢測指令前 - 201狀態: 9
2025-07-24 20:29:50 [DEBUG] AutoFeeding:trigger_ccd1_detection:561 - 已發送控制指令16到寄存器200
2025-07-24 20:29:51 [DEBUG] AutoFeeding:trigger_ccd1_detection:580 - CCD1檢測完成標誌確認
2025-07-24 20:29:51 [INFO] AutoFeeding:feeding_cycle:741 - 週期1379 檢測結果: DR_F=14, 總數=28
2025-07-24 20:29:51 [INFO] AutoFeeding:feeding_cycle:768 - 找到保護區內DR_F: (-95.52, 262.61)
2025-07-24 20:29:51 [INFO] AutoFeeding:set_dr_f_available:720 - DR_F已就緒: (-95.52, 262.61), Flow1可直接讀取座標
2025-07-24 20:29:52 [DEBUG] AutoFeeding:trigger_ccd1_detection:553 - 發送檢測指令前 - 201狀態: 9
2025-07-24 20:29:52 [DEBUG] AutoFeeding:trigger_ccd1_detection:561 - 已發送控制指令16到寄存器200
2025-07-24 20:29:53 [DEBUG] AutoFeeding:trigger_ccd1_detection:580 - CCD1檢測完成標誌確認
2025-07-24 20:29:53 [INFO] AutoFeeding:feeding_cycle:741 - 週期1380 檢測結果: DR_F=14, 總數=28
2025-07-24 20:29:53 [INFO] AutoFeeding:feeding_cycle:768 - 找到保護區內DR_F: (-95.52, 262.6)
2025-07-24 20:29:53 [INFO] AutoFeeding:set_dr_f_available:720 - DR_F已就緒: (-95.52, 262.6), Flow1可直接讀取座標
2025-07-24 20:29:54 [DEBUG] AutoFeeding:trigger_ccd1_detection:553 - 發送檢測指令前 - 201狀態: 9
2025-07-24 20:29:54 [DEBUG] AutoFeeding:trigger_ccd1_detection:561 - 已發送控制指令16到寄存器200
2025-07-24 20:29:56 [DEBUG] AutoFeeding:trigger_ccd1_detection:580 - CCD1檢測完成標誌確認
2025-07-24 20:29:56 [INFO] AutoFeeding:feeding_cycle:741 - 週期1381 檢測結果: DR_F=14, 總數=28
2025-07-24 20:29:56 [INFO] AutoFeeding:feeding_cycle:768 - 找到保護區內DR_F: (-95.52, 262.6)
2025-07-24 20:29:56 [INFO] AutoFeeding:set_dr_f_available:720 - DR_F已就緒: (-95.52, 262.6), Flow1可直接讀取座標
2025-07-24 20:29:57 [DEBUG] AutoFeeding:trigger_ccd1_detection:553 - 發送檢測指令前 - 201狀態: 9
2025-07-24 20:29:57 [DEBUG] AutoFeeding:trigger_ccd1_detection:561 - 已發送控制指令16到寄存器200
2025-07-24 20:29:58 [DEBUG] AutoFeeding:trigger_ccd1_detection:580 - CCD1檢測完成標誌確認
2025-07-24 20:29:58 [INFO] AutoFeeding:feeding_cycle:741 - 週期1382 檢測結果: DR_F=14, 總數=28
2025-07-24 20:29:58 [INFO] AutoFeeding:feeding_cycle:768 - 找到保護區內DR_F: (-95.52, 262.6)
2025-07-24 20:29:58 [INFO] AutoFeeding:set_dr_f_available:720 - DR_F已就緒: (-95.52, 262.6), Flow1可直接讀取座標
2025-07-24 20:29:59 [DEBUG] AutoFeeding:trigger_ccd1_detection:553 - 發送檢測指令前 - 201狀態: 9
2025-07-24 20:29:59 [DEBUG] AutoFeeding:trigger_ccd1_detection:561 - 已發送控制指令16到寄存器200
2025-07-24 20:30:00 [DEBUG] AutoFeeding:trigger_ccd1_detection:580 - CCD1檢測完成標誌確認
2025-07-24 20:30:00 [INFO] AutoFeeding:feeding_cycle:741 - 週期1383 檢測結果: DR_F=14, 總數=28
2025-07-24 20:30:00 [INFO] AutoFeeding:feeding_cycle:768 - 找到保護區內DR_F: (-95.51, 262.61)
2025-07-24 20:30:00 [INFO] AutoFeeding:set_dr_f_available:720 - DR_F已就緒: (-95.51, 262.61), Flow1可直接讀取座標
2025-07-24 20:30:01 [DEBUG] AutoFeeding:trigger_ccd1_detection:553 - 發送檢測指令前 - 201狀態: 9
2025-07-24 20:30:01 [DEBUG] AutoFeeding:trigger_ccd1_detection:561 - 已發送控制指令16到寄存器200
2025-07-24 20:30:02 [DEBUG] AutoFeeding:trigger_ccd1_detection:580 - CCD1檢測完成標誌確認
2025-07-24 20:30:02 [INFO] AutoFeeding:feeding_cycle:741 - 週期1384 檢測結果: DR_F=14, 總數=28
2025-07-24 20:30:02 [INFO] AutoFeeding:feeding_cycle:768 - 找到保護區內DR_F: (-95.52, 262.6)
2025-07-24 20:30:02 [INFO] AutoFeeding:set_dr_f_available:720 - DR_F已就緒: (-95.52, 262.6), Flow1可直接讀取座標
2025-07-24 20:30:03 [DEBUG] AutoFeeding:trigger_ccd1_detection:553 - 發送檢測指令前 - 201狀態: 9
2025-07-24 20:30:03 [DEBUG] AutoFeeding:trigger_ccd1_detection:561 - 已發送控制指令16到寄存器200
2025-07-24 20:30:04 [DEBUG] AutoFeeding:trigger_ccd1_detection:580 - CCD1檢測完成標誌確認
2025-07-24 20:30:04 [INFO] AutoFeeding:feeding_cycle:741 - 週期1385 檢測結果: DR_F=14, 總數=28
2025-07-24 20:30:04 [INFO] AutoFeeding:feeding_cycle:768 - 找到保護區內DR_F: (-95.52, 262.6)
2025-07-24 20:30:04 [INFO] AutoFeeding:set_dr_f_available:720 - DR_F已就緒: (-95.52, 262.6), Flow1可直接讀取座標
2025-07-24 20:30:05 [DEBUG] AutoFeeding:trigger_ccd1_detection:553 - 發送檢測指令前 - 201狀態: 9
2025-07-24 20:30:05 [DEBUG] AutoFeeding:trigger_ccd1_detection:561 - 已發送控制指令16到寄存器200
2025-07-24 20:30:06 [DEBUG] AutoFeeding:trigger_ccd1_detection:580 - CCD1檢測完成標誌確認
2025-07-24 20:30:06 [INFO] AutoFeeding:feeding_cycle:741 - 週期1386 檢測結果: DR_F=14, 總數=28
2025-07-24 20:30:06 [INFO] AutoFeeding:feeding_cycle:768 - 找到保護區內DR_F: (-95.52, 262.6)
2025-07-24 20:30:06 [INFO] AutoFeeding:set_dr_f_available:720 - DR_F已就緒: (-95.52, 262.6), Flow1可直接讀取座標
2025-07-24 20:30:07 [DEBUG] AutoFeeding:trigger_ccd1_detection:553 - 發送檢測指令前 - 201狀態: 9
2025-07-24 20:30:07 [DEBUG] AutoFeeding:trigger_ccd1_detection:561 - 已發送控制指令16到寄存器200
2025-07-24 20:30:08 [DEBUG] AutoFeeding:trigger_ccd1_detection:580 - CCD1檢測完成標誌確認
2025-07-24 20:30:08 [INFO] AutoFeeding:feeding_cycle:741 - 週期1387 檢測結果: DR_F=14, 總數=28
2025-07-24 20:30:08 [INFO] AutoFeeding:feeding_cycle:768 - 找到保護區內DR_F: (-95.51, 262.6)
2025-07-24 20:30:08 [INFO] AutoFeeding:set_dr_f_available:720 - DR_F已就緒: (-95.51, 262.6), Flow1可直接讀取座標
2025-07-24 20:30:09 [DEBUG] AutoFeeding:trigger_ccd1_detection:553 - 發送檢測指令前 - 201狀態: 9
2025-07-24 20:30:09 [DEBUG] AutoFeeding:trigger_ccd1_detection:561 - 已發送控制指令16到寄存器200
2025-07-24 20:30:10 [DEBUG] AutoFeeding:trigger_ccd1_detection:580 - CCD1檢測完成標誌確認
2025-07-24 20:30:10 [INFO] AutoFeeding:feeding_cycle:741 - 週期1388 檢測結果: DR_F=14, 總數=28
2025-07-24 20:30:10 [INFO] AutoFeeding:feeding_cycle:768 - 找到保護區內DR_F: (-95.52, 262.6)
2025-07-24 20:30:10 [INFO] AutoFeeding:set_dr_f_available:720 - DR_F已就緒: (-95.52, 262.6), Flow1可直接讀取座標
2025-07-24 20:30:11 [DEBUG] AutoFeeding:trigger_ccd1_detection:553 - 發送檢測指令前 - 201狀態: 9
2025-07-24 20:30:11 [DEBUG] AutoFeeding:trigger_ccd1_detection:561 - 已發送控制指令16到寄存器200
2025-07-24 20:30:12 [DEBUG] AutoFeeding:trigger_ccd1_detection:580 - CCD1檢測完成標誌確認
2025-07-24 20:30:12 [INFO] AutoFeeding:feeding_cycle:741 - 週期1389 檢測結果: DR_F=14, 總數=28
2025-07-24 20:30:12 [INFO] AutoFeeding:feeding_cycle:768 - 找到保護區內DR_F: (-95.52, 262.61)
2025-07-24 20:30:12 [INFO] AutoFeeding:set_dr_f_available:720 - DR_F已就緒: (-95.52, 262.61), Flow1可直接讀取座標
2025-07-24 20:30:13 [DEBUG] AutoFeeding:trigger_ccd1_detection:553 - 發送檢測指令前 - 201狀態: 9
2025-07-24 20:30:13 [DEBUG] AutoFeeding:trigger_ccd1_detection:561 - 已發送控制指令16到寄存器200
2025-07-24 20:30:14 [DEBUG] AutoFeeding:trigger_ccd1_detection:580 - CCD1檢測完成標誌確認
2025-07-24 20:30:14 [INFO] AutoFeeding:feeding_cycle:741 - 週期1390 檢測結果: DR_F=14, 總數=28
2025-07-24 20:30:14 [INFO] AutoFeeding:feeding_cycle:768 - 找到保護區內DR_F: (-95.52, 262.61)
2025-07-24 20:30:14 [INFO] AutoFeeding:set_dr_f_available:720 - DR_F已就緒: (-95.52, 262.61), Flow1可直接讀取座標
2025-07-24 20:30:15 [DEBUG] AutoFeeding:trigger_ccd1_detection:553 - 發送檢測指令前 - 201狀態: 9
2025-07-24 20:30:15 [DEBUG] AutoFeeding:trigger_ccd1_detection:561 - 已發送控制指令16到寄存器200
2025-07-24 20:30:16 [DEBUG] AutoFeeding:trigger_ccd1_detection:580 - CCD1檢測完成標誌確認
2025-07-24 20:30:16 [INFO] AutoFeeding:feeding_cycle:741 - 週期1391 檢測結果: DR_F=14, 總數=28
2025-07-24 20:30:16 [INFO] AutoFeeding:feeding_cycle:768 - 找到保護區內DR_F: (-95.52, 262.61)
2025-07-24 20:30:16 [INFO] AutoFeeding:set_dr_f_available:720 - DR_F已就緒: (-95.52, 262.61), Flow1可直接讀取座標
2025-07-24 20:30:17 [DEBUG] AutoFeeding:trigger_ccd1_detection:553 - 發送檢測指令前 - 201狀態: 9
2025-07-24 20:30:17 [DEBUG] AutoFeeding:trigger_ccd1_detection:561 - 已發送控制指令16到寄存器200
2025-07-24 20:30:18 [DEBUG] AutoFeeding:trigger_ccd1_detection:580 - CCD1檢測完成標誌確認
2025-07-24 20:30:18 [INFO] AutoFeeding:feeding_cycle:741 - 週期1392 檢測結果: DR_F=14, 總數=28
2025-07-24 20:30:18 [INFO] AutoFeeding:feeding_cycle:768 - 找到保護區內DR_F: (-95.52, 262.6)
2025-07-24 20:30:18 [INFO] AutoFeeding:set_dr_f_available:720 - DR_F已就緒: (-95.52, 262.6), Flow1可直接讀取座標
2025-07-24 20:30:19 [DEBUG] AutoFeeding:trigger_ccd1_detection:553 - 發送檢測指令前 - 201狀態: 9
2025-07-24 20:30:19 [DEBUG] AutoFeeding:trigger_ccd1_detection:561 - 已發送控制指令16到寄存器200
2025-07-24 20:30:20 [DEBUG] AutoFeeding:trigger_ccd1_detection:580 - CCD1檢測完成標誌確認
2025-07-24 20:30:20 [INFO] AutoFeeding:feeding_cycle:741 - 週期1393 檢測結果: DR_F=14, 總數=28
2025-07-24 20:30:20 [INFO] AutoFeeding:feeding_cycle:768 - 找到保護區內DR_F: (-95.52, 262.6)
2025-07-24 20:30:20 [INFO] AutoFeeding:set_dr_f_available:720 - DR_F已就緒: (-95.52, 262.6), Flow1可直接讀取座標
2025-07-24 20:30:21 [DEBUG] AutoFeeding:trigger_ccd1_detection:553 - 發送檢測指令前 - 201狀態: 9
2025-07-24 20:30:21 [DEBUG] AutoFeeding:trigger_ccd1_detection:561 - 已發送控制指令16到寄存器200
2025-07-24 20:30:22 [DEBUG] AutoFeeding:trigger_ccd1_detection:580 - CCD1檢測完成標誌確認
2025-07-24 20:30:22 [INFO] AutoFeeding:feeding_cycle:741 - 週期1394 檢測結果: DR_F=14, 總數=28
2025-07-24 20:30:22 [INFO] AutoFeeding:feeding_cycle:768 - 找到保護區內DR_F: (-95.52, 262.6)
2025-07-24 20:30:22 [INFO] AutoFeeding:set_dr_f_available:720 - DR_F已就緒: (-95.52, 262.6), Flow1可直接讀取座標
2025-07-24 20:30:23 [DEBUG] AutoFeeding:trigger_ccd1_detection:553 - 發送檢測指令前 - 201狀態: 9
2025-07-24 20:30:23 [DEBUG] AutoFeeding:trigger_ccd1_detection:561 - 已發送控制指令16到寄存器200
2025-07-24 20:30:24 [DEBUG] AutoFeeding:trigger_ccd1_detection:580 - CCD1檢測完成標誌確認
2025-07-24 20:30:24 [INFO] AutoFeeding:feeding_cycle:741 - 週期1395 檢測結果: DR_F=14, 總數=28
2025-07-24 20:30:24 [INFO] AutoFeeding:feeding_cycle:768 - 找到保護區內DR_F: (-95.52, 262.6)
2025-07-24 20:30:24 [INFO] AutoFeeding:set_dr_f_available:720 - DR_F已就緒: (-95.52, 262.6), Flow1可直接讀取座標
2025-07-24 20:30:25 [DEBUG] AutoFeeding:trigger_ccd1_detection:553 - 發送檢測指令前 - 201狀態: 9
2025-07-24 20:30:25 [DEBUG] AutoFeeding:trigger_ccd1_detection:561 - 已發送控制指令16到寄存器200
2025-07-24 20:30:26 [DEBUG] AutoFeeding:trigger_ccd1_detection:580 - CCD1檢測完成標誌確認
2025-07-24 20:30:26 [INFO] AutoFeeding:feeding_cycle:741 - 週期1396 檢測結果: DR_F=14, 總數=28
2025-07-24 20:30:26 [INFO] AutoFeeding:feeding_cycle:768 - 找到保護區內DR_F: (-95.52, 262.6)
2025-07-24 20:30:26 [INFO] AutoFeeding:set_dr_f_available:720 - DR_F已就緒: (-95.52, 262.6), Flow1可直接讀取座標
2025-07-24 20:30:27 [DEBUG] AutoFeeding:trigger_ccd1_detection:553 - 發送檢測指令前 - 201狀態: 9
2025-07-24 20:30:27 [DEBUG] AutoFeeding:trigger_ccd1_detection:561 - 已發送控制指令16到寄存器200
2025-07-24 20:30:28 [DEBUG] AutoFeeding:trigger_ccd1_detection:580 - CCD1檢測完成標誌確認
2025-07-24 20:30:28 [INFO] AutoFeeding:feeding_cycle:741 - 週期1397 檢測結果: DR_F=14, 總數=28
2025-07-24 20:30:28 [INFO] AutoFeeding:feeding_cycle:768 - 找到保護區內DR_F: (-95.52, 262.6)
2025-07-24 20:30:28 [INFO] AutoFeeding:set_dr_f_available:720 - DR_F已就緒: (-95.52, 262.6), Flow1可直接讀取座標
2025-07-24 20:30:29 [DEBUG] AutoFeeding:trigger_ccd1_detection:553 - 發送檢測指令前 - 201狀態: 9
2025-07-24 20:30:29 [DEBUG] AutoFeeding:trigger_ccd1_detection:561 - 已發送控制指令16到寄存器200
2025-07-24 20:30:30 [DEBUG] AutoFeeding:trigger_ccd1_detection:580 - CCD1檢測完成標誌確認
2025-07-24 20:30:30 [INFO] AutoFeeding:feeding_cycle:741 - 週期1398 檢測結果: DR_F=14, 總數=28
2025-07-24 20:30:30 [INFO] AutoFeeding:feeding_cycle:768 - 找到保護區內DR_F: (-95.52, 262.6)
2025-07-24 20:30:30 [INFO] AutoFeeding:set_dr_f_available:720 - DR_F已就緒: (-95.52, 262.6), Flow1可直接讀取座標
2025-07-24 20:30:31 [DEBUG] AutoFeeding:trigger_ccd1_detection:553 - 發送檢測指令前 - 201狀態: 9
2025-07-24 20:30:31 [DEBUG] AutoFeeding:trigger_ccd1_detection:561 - 已發送控制指令16到寄存器200
2025-07-24 20:30:32 [DEBUG] AutoFeeding:trigger_ccd1_detection:580 - CCD1檢測完成標誌確認
2025-07-24 20:30:32 [INFO] AutoFeeding:feeding_cycle:741 - 週期1399 檢測結果: DR_F=14, 總數=28
2025-07-24 20:30:32 [INFO] AutoFeeding:feeding_cycle:768 - 找到保護區內DR_F: (-95.52, 262.6)
2025-07-24 20:30:32 [INFO] AutoFeeding:set_dr_f_available:720 - DR_F已就緒: (-95.52, 262.6), Flow1可直接讀取座標
2025-07-24 20:30:33 [DEBUG] AutoFeeding:trigger_ccd1_detection:553 - 發送檢測指令前 - 201狀態: 9
2025-07-24 20:30:33 [DEBUG] AutoFeeding:trigger_ccd1_detection:561 - 已發送控制指令16到寄存器200
2025-07-24 20:30:34 [DEBUG] AutoFeeding:trigger_ccd1_detection:580 - CCD1檢測完成標誌確認
2025-07-24 20:30:34 [INFO] AutoFeeding:feeding_cycle:741 - 週期1400 檢測結果: DR_F=14, 總數=28
2025-07-24 20:30:34 [INFO] AutoFeeding:feeding_cycle:768 - 找到保護區內DR_F: (-95.52, 262.6)
2025-07-24 20:30:34 [INFO] AutoFeeding:set_dr_f_available:720 - DR_F已就緒: (-95.52, 262.6), Flow1可直接讀取座標
2025-07-24 20:30:35 [DEBUG] AutoFeeding:check_modules_status:480 - CCD1狀態: 9 (Ready=True, Running=False, Alarm=False, Init=True)
2025-07-24 20:30:35 [DEBUG] AutoFeeding:trigger_ccd1_detection:553 - 發送檢測指令前 - 201狀態: 9
2025-07-24 20:30:35 [DEBUG] AutoFeeding:trigger_ccd1_detection:561 - 已發送控制指令16到寄存器200
2025-07-24 20:30:36 [DEBUG] AutoFeeding:trigger_ccd1_detection:580 - CCD1檢測完成標誌確認
2025-07-24 20:30:36 [INFO] AutoFeeding:feeding_cycle:741 - 週期1401 檢測結果: DR_F=14, 總數=28
2025-07-24 20:30:36 [INFO] AutoFeeding:feeding_cycle:768 - 找到保護區內DR_F: (-95.52, 262.61)
2025-07-24 20:30:36 [INFO] AutoFeeding:set_dr_f_available:720 - DR_F已就緒: (-95.52, 262.61), Flow1可直接讀取座標
2025-07-24 20:30:37 [DEBUG] AutoFeeding:check_flow_and_progress_status:432 - Flow監控: 1201=0, 1202=100, 阻擋=False
2025-07-24 20:30:37 [DEBUG] AutoFeeding:trigger_ccd1_detection:553 - 發送檢測指令前 - 201狀態: 9
2025-07-24 20:30:37 [DEBUG] AutoFeeding:trigger_ccd1_detection:561 - 已發送控制指令16到寄存器200
2025-07-24 20:30:39 [DEBUG] AutoFeeding:trigger_ccd1_detection:580 - CCD1檢測完成標誌確認
2025-07-24 20:30:39 [INFO] AutoFeeding:feeding_cycle:741 - 週期1402 檢測結果: DR_F=14, 總數=28
2025-07-24 20:30:39 [INFO] AutoFeeding:feeding_cycle:768 - 找到保護區內DR_F: (-95.51, 262.6)
2025-07-24 20:30:39 [INFO] AutoFeeding:set_dr_f_available:720 - DR_F已就緒: (-95.51, 262.6), Flow1可直接讀取座標
2025-07-24 20:30:40 [DEBUG] AutoFeeding:trigger_ccd1_detection:553 - 發送檢測指令前 - 201狀態: 9
2025-07-24 20:30:40 [DEBUG] AutoFeeding:trigger_ccd1_detection:561 - 已發送控制指令16到寄存器200
2025-07-24 20:30:41 [DEBUG] AutoFeeding:trigger_ccd1_detection:580 - CCD1檢測完成標誌確認
2025-07-24 20:30:41 [INFO] AutoFeeding:feeding_cycle:741 - 週期1403 檢測結果: DR_F=14, 總數=28
2025-07-24 20:30:41 [INFO] AutoFeeding:feeding_cycle:768 - 找到保護區內DR_F: (-95.52, 262.61)
2025-07-24 20:30:41 [INFO] AutoFeeding:set_dr_f_available:720 - DR_F已就緒: (-95.52, 262.61), Flow1可直接讀取座標
2025-07-24 20:30:42 [DEBUG] AutoFeeding:trigger_ccd1_detection:553 - 發送檢測指令前 - 201狀態: 9
2025-07-24 20:30:42 [DEBUG] AutoFeeding:trigger_ccd1_detection:561 - 已發送控制指令16到寄存器200
2025-07-24 20:30:43 [DEBUG] AutoFeeding:trigger_ccd1_detection:580 - CCD1檢測完成標誌確認
2025-07-24 20:30:43 [INFO] AutoFeeding:feeding_cycle:741 - 週期1404 檢測結果: DR_F=14, 總數=28
2025-07-24 20:30:43 [INFO] AutoFeeding:feeding_cycle:768 - 找到保護區內DR_F: (-95.52, 262.6)
2025-07-24 20:30:43 [INFO] AutoFeeding:set_dr_f_available:720 - DR_F已就緒: (-95.52, 262.6), Flow1可直接讀取座標
2025-07-24 20:30:44 [DEBUG] AutoFeeding:trigger_ccd1_detection:553 - 發送檢測指令前 - 201狀態: 9
2025-07-24 20:30:44 [DEBUG] AutoFeeding:trigger_ccd1_detection:561 - 已發送控制指令16到寄存器200
2025-07-24 20:30:45 [DEBUG] AutoFeeding:trigger_ccd1_detection:580 - CCD1檢測完成標誌確認
2025-07-24 20:30:45 [INFO] AutoFeeding:feeding_cycle:741 - 週期1405 檢測結果: DR_F=14, 總數=28
2025-07-24 20:30:45 [INFO] AutoFeeding:feeding_cycle:768 - 找到保護區內DR_F: (-95.51, 262.6)
2025-07-24 20:30:45 [INFO] AutoFeeding:set_dr_f_available:720 - DR_F已就緒: (-95.51, 262.6), Flow1可直接讀取座標
2025-07-24 20:30:46 [DEBUG] AutoFeeding:trigger_ccd1_detection:553 - 發送檢測指令前 - 201狀態: 9
2025-07-24 20:30:46 [DEBUG] AutoFeeding:trigger_ccd1_detection:561 - 已發送控制指令16到寄存器200
2025-07-24 20:30:47 [DEBUG] AutoFeeding:trigger_ccd1_detection:580 - CCD1檢測完成標誌確認
2025-07-24 20:30:47 [INFO] AutoFeeding:feeding_cycle:741 - 週期1406 檢測結果: DR_F=14, 總數=28
2025-07-24 20:30:47 [INFO] AutoFeeding:feeding_cycle:768 - 找到保護區內DR_F: (-95.52, 262.6)
2025-07-24 20:30:47 [INFO] AutoFeeding:set_dr_f_available:720 - DR_F已就緒: (-95.52, 262.6), Flow1可直接讀取座標
2025-07-24 20:30:48 [DEBUG] AutoFeeding:trigger_ccd1_detection:553 - 發送檢測指令前 - 201狀態: 9
2025-07-24 20:30:48 [DEBUG] AutoFeeding:trigger_ccd1_detection:561 - 已發送控制指令16到寄存器200
2025-07-24 20:30:49 [DEBUG] AutoFeeding:trigger_ccd1_detection:580 - CCD1檢測完成標誌確認
2025-07-24 20:30:49 [INFO] AutoFeeding:feeding_cycle:741 - 週期1407 檢測結果: DR_F=14, 總數=28
2025-07-24 20:30:49 [INFO] AutoFeeding:feeding_cycle:768 - 找到保護區內DR_F: (-95.52, 262.6)
2025-07-24 20:30:49 [INFO] AutoFeeding:set_dr_f_available:720 - DR_F已就緒: (-95.52, 262.6), Flow1可直接讀取座標
2025-07-24 20:30:50 [DEBUG] AutoFeeding:trigger_ccd1_detection:553 - 發送檢測指令前 - 201狀態: 9
2025-07-24 20:30:50 [DEBUG] AutoFeeding:trigger_ccd1_detection:561 - 已發送控制指令16到寄存器200
2025-07-24 20:30:51 [DEBUG] AutoFeeding:trigger_ccd1_detection:580 - CCD1檢測完成標誌確認
2025-07-24 20:30:51 [INFO] AutoFeeding:feeding_cycle:741 - 週期1408 檢測結果: DR_F=14, 總數=28
2025-07-24 20:30:51 [INFO] AutoFeeding:feeding_cycle:768 - 找到保護區內DR_F: (-95.52, 262.61)
2025-07-24 20:30:51 [INFO] AutoFeeding:set_dr_f_available:720 - DR_F已就緒: (-95.52, 262.61), Flow1可直接讀取座標
2025-07-24 20:30:52 [DEBUG] AutoFeeding:trigger_ccd1_detection:553 - 發送檢測指令前 - 201狀態: 9
2025-07-24 20:30:52 [DEBUG] AutoFeeding:trigger_ccd1_detection:561 - 已發送控制指令16到寄存器200
2025-07-24 20:30:53 [DEBUG] AutoFeeding:trigger_ccd1_detection:580 - CCD1檢測完成標誌確認
2025-07-24 20:30:53 [INFO] AutoFeeding:feeding_cycle:741 - 週期1409 檢測結果: DR_F=14, 總數=28
2025-07-24 20:30:53 [INFO] AutoFeeding:feeding_cycle:768 - 找到保護區內DR_F: (-95.52, 262.61)
2025-07-24 20:30:53 [INFO] AutoFeeding:set_dr_f_available:720 - DR_F已就緒: (-95.52, 262.61), Flow1可直接讀取座標
2025-07-24 20:30:54 [DEBUG] AutoFeeding:trigger_ccd1_detection:553 - 發送檢測指令前 - 201狀態: 9
2025-07-24 20:30:54 [DEBUG] AutoFeeding:trigger_ccd1_detection:561 - 已發送控制指令16到寄存器200
2025-07-24 20:30:55 [DEBUG] AutoFeeding:trigger_ccd1_detection:580 - CCD1檢測完成標誌確認
2025-07-24 20:30:55 [INFO] AutoFeeding:feeding_cycle:741 - 週期1410 檢測結果: DR_F=14, 總數=28
2025-07-24 20:30:55 [INFO] AutoFeeding:feeding_cycle:768 - 找到保護區內DR_F: (-95.51, 262.6)
2025-07-24 20:30:55 [INFO] AutoFeeding:set_dr_f_available:720 - DR_F已就緒: (-95.51, 262.6), Flow1可直接讀取座標
2025-07-24 20:30:56 [DEBUG] AutoFeeding:trigger_ccd1_detection:553 - 發送檢測指令前 - 201狀態: 9
2025-07-24 20:30:56 [DEBUG] AutoFeeding:trigger_ccd1_detection:561 - 已發送控制指令16到寄存器200
2025-07-24 20:30:57 [DEBUG] AutoFeeding:trigger_ccd1_detection:580 - CCD1檢測完成標誌確認
2025-07-24 20:30:57 [INFO] AutoFeeding:feeding_cycle:741 - 週期1411 檢測結果: DR_F=14, 總數=28
2025-07-24 20:30:57 [INFO] AutoFeeding:feeding_cycle:768 - 找到保護區內DR_F: (-95.52, 262.6)
2025-07-24 20:30:57 [INFO] AutoFeeding:set_dr_f_available:720 - DR_F已就緒: (-95.52, 262.6), Flow1可直接讀取座標
2025-07-24 20:30:58 [DEBUG] AutoFeeding:trigger_ccd1_detection:553 - 發送檢測指令前 - 201狀態: 9
2025-07-24 20:30:58 [DEBUG] AutoFeeding:trigger_ccd1_detection:561 - 已發送控制指令16到寄存器200
2025-07-24 20:30:59 [DEBUG] AutoFeeding:trigger_ccd1_detection:580 - CCD1檢測完成標誌確認
2025-07-24 20:30:59 [INFO] AutoFeeding:feeding_cycle:741 - 週期1412 檢測結果: DR_F=14, 總數=28
2025-07-24 20:30:59 [INFO] AutoFeeding:feeding_cycle:768 - 找到保護區內DR_F: (-95.52, 262.6)
2025-07-24 20:30:59 [INFO] AutoFeeding:set_dr_f_available:720 - DR_F已就緒: (-95.52, 262.6), Flow1可直接讀取座標
2025-07-24 20:31:00 [DEBUG] AutoFeeding:trigger_ccd1_detection:553 - 發送檢測指令前 - 201狀態: 9
2025-07-24 20:31:00 [DEBUG] AutoFeeding:trigger_ccd1_detection:561 - 已發送控制指令16到寄存器200
2025-07-24 20:31:01 [DEBUG] AutoFeeding:trigger_ccd1_detection:580 - CCD1檢測完成標誌確認
2025-07-24 20:31:01 [INFO] AutoFeeding:feeding_cycle:741 - 週期1413 檢測結果: DR_F=14, 總數=28
2025-07-24 20:31:01 [INFO] AutoFeeding:feeding_cycle:768 - 找到保護區內DR_F: (-95.51, 262.61)
2025-07-24 20:31:01 [INFO] AutoFeeding:set_dr_f_available:720 - DR_F已就緒: (-95.51, 262.61), Flow1可直接讀取座標
2025-07-24 20:31:02 [DEBUG] AutoFeeding:trigger_ccd1_detection:553 - 發送檢測指令前 - 201狀態: 9
2025-07-24 20:31:02 [DEBUG] AutoFeeding:trigger_ccd1_detection:561 - 已發送控制指令16到寄存器200
2025-07-24 20:31:03 [DEBUG] AutoFeeding:trigger_ccd1_detection:580 - CCD1檢測完成標誌確認
2025-07-24 20:31:03 [INFO] AutoFeeding:feeding_cycle:741 - 週期1414 檢測結果: DR_F=14, 總數=28
2025-07-24 20:31:03 [INFO] AutoFeeding:feeding_cycle:768 - 找到保護區內DR_F: (-95.52, 262.6)
2025-07-24 20:31:03 [INFO] AutoFeeding:set_dr_f_available:720 - DR_F已就緒: (-95.52, 262.6), Flow1可直接讀取座標
2025-07-24 20:31:04 [DEBUG] AutoFeeding:trigger_ccd1_detection:553 - 發送檢測指令前 - 201狀態: 9
2025-07-24 20:31:04 [DEBUG] AutoFeeding:trigger_ccd1_detection:561 - 已發送控制指令16到寄存器200
2025-07-24 20:31:05 [DEBUG] AutoFeeding:trigger_ccd1_detection:580 - CCD1檢測完成標誌確認
2025-07-24 20:31:05 [INFO] AutoFeeding:feeding_cycle:741 - 週期1415 檢測結果: DR_F=14, 總數=28
2025-07-24 20:31:05 [INFO] AutoFeeding:feeding_cycle:768 - 找到保護區內DR_F: (-95.52, 262.6)
2025-07-24 20:31:05 [INFO] AutoFeeding:set_dr_f_available:720 - DR_F已就緒: (-95.52, 262.6), Flow1可直接讀取座標
2025-07-24 20:31:06 [DEBUG] AutoFeeding:trigger_ccd1_detection:553 - 發送檢測指令前 - 201狀態: 9
2025-07-24 20:31:06 [DEBUG] AutoFeeding:trigger_ccd1_detection:561 - 已發送控制指令16到寄存器200
2025-07-24 20:31:07 [DEBUG] AutoFeeding:trigger_ccd1_detection:580 - CCD1檢測完成標誌確認
2025-07-24 20:31:07 [INFO] AutoFeeding:feeding_cycle:741 - 週期1416 檢測結果: DR_F=14, 總數=28
2025-07-24 20:31:07 [INFO] AutoFeeding:feeding_cycle:768 - 找到保護區內DR_F: (-95.51, 262.61)
2025-07-24 20:31:07 [INFO] AutoFeeding:set_dr_f_available:720 - DR_F已就緒: (-95.51, 262.61), Flow1可直接讀取座標
2025-07-24 20:31:08 [DEBUG] AutoFeeding:trigger_ccd1_detection:553 - 發送檢測指令前 - 201狀態: 9
2025-07-24 20:31:08 [DEBUG] AutoFeeding:trigger_ccd1_detection:561 - 已發送控制指令16到寄存器200
2025-07-24 20:31:09 [DEBUG] AutoFeeding:trigger_ccd1_detection:580 - CCD1檢測完成標誌確認
2025-07-24 20:31:09 [INFO] AutoFeeding:feeding_cycle:741 - 週期1417 檢測結果: DR_F=14, 總數=28
2025-07-24 20:31:09 [INFO] AutoFeeding:feeding_cycle:768 - 找到保護區內DR_F: (-95.52, 262.61)
2025-07-24 20:31:09 [INFO] AutoFeeding:set_dr_f_available:720 - DR_F已就緒: (-95.52, 262.61), Flow1可直接讀取座標
2025-07-24 20:31:10 [DEBUG] AutoFeeding:trigger_ccd1_detection:553 - 發送檢測指令前 - 201狀態: 9
2025-07-24 20:31:10 [DEBUG] AutoFeeding:trigger_ccd1_detection:561 - 已發送控制指令16到寄存器200
2025-07-24 20:31:11 [DEBUG] AutoFeeding:trigger_ccd1_detection:580 - CCD1檢測完成標誌確認
2025-07-24 20:31:11 [INFO] AutoFeeding:feeding_cycle:741 - 週期1418 檢測結果: DR_F=14, 總數=28
2025-07-24 20:31:11 [INFO] AutoFeeding:feeding_cycle:768 - 找到保護區內DR_F: (-95.52, 262.6)
2025-07-24 20:31:11 [INFO] AutoFeeding:set_dr_f_available:720 - DR_F已就緒: (-95.52, 262.6), Flow1可直接讀取座標
2025-07-24 20:31:12 [DEBUG] AutoFeeding:trigger_ccd1_detection:553 - 發送檢測指令前 - 201狀態: 9
2025-07-24 20:31:12 [DEBUG] AutoFeeding:trigger_ccd1_detection:561 - 已發送控制指令16到寄存器200
2025-07-24 20:31:13 [DEBUG] AutoFeeding:trigger_ccd1_detection:580 - CCD1檢測完成標誌確認
2025-07-24 20:31:13 [INFO] AutoFeeding:feeding_cycle:741 - 週期1419 檢測結果: DR_F=14, 總數=28
2025-07-24 20:31:13 [INFO] AutoFeeding:feeding_cycle:768 - 找到保護區內DR_F: (-95.52, 262.61)
2025-07-24 20:31:13 [INFO] AutoFeeding:set_dr_f_available:720 - DR_F已就緒: (-95.52, 262.61), Flow1可直接讀取座標
2025-07-24 20:31:14 [DEBUG] AutoFeeding:trigger_ccd1_detection:553 - 發送檢測指令前 - 201狀態: 9
2025-07-24 20:31:14 [DEBUG] AutoFeeding:trigger_ccd1_detection:561 - 已發送控制指令16到寄存器200
2025-07-24 20:31:15 [DEBUG] AutoFeeding:trigger_ccd1_detection:580 - CCD1檢測完成標誌確認
2025-07-24 20:31:15 [INFO] AutoFeeding:feeding_cycle:741 - 週期1420 檢測結果: DR_F=14, 總數=28
2025-07-24 20:31:15 [INFO] AutoFeeding:feeding_cycle:768 - 找到保護區內DR_F: (-95.52, 262.6)
2025-07-24 20:31:15 [INFO] AutoFeeding:set_dr_f_available:720 - DR_F已就緒: (-95.52, 262.6), Flow1可直接讀取座標
2025-07-24 20:31:16 [DEBUG] AutoFeeding:trigger_ccd1_detection:553 - 發送檢測指令前 - 201狀態: 9
2025-07-24 20:31:16 [DEBUG] AutoFeeding:trigger_ccd1_detection:561 - 已發送控制指令16到寄存器200
2025-07-24 20:31:17 [DEBUG] AutoFeeding:trigger_ccd1_detection:580 - CCD1檢測完成標誌確認
2025-07-24 20:31:17 [INFO] AutoFeeding:feeding_cycle:741 - 週期1421 檢測結果: DR_F=14, 總數=28
2025-07-24 20:31:17 [INFO] AutoFeeding:feeding_cycle:768 - 找到保護區內DR_F: (-95.52, 262.6)
2025-07-24 20:31:17 [INFO] AutoFeeding:set_dr_f_available:720 - DR_F已就緒: (-95.52, 262.6), Flow1可直接讀取座標
2025-07-24 20:31:18 [DEBUG] AutoFeeding:trigger_ccd1_detection:553 - 發送檢測指令前 - 201狀態: 9
2025-07-24 20:31:18 [DEBUG] AutoFeeding:trigger_ccd1_detection:561 - 已發送控制指令16到寄存器200
2025-07-24 20:31:19 [DEBUG] AutoFeeding:trigger_ccd1_detection:580 - CCD1檢測完成標誌確認
2025-07-24 20:31:19 [INFO] AutoFeeding:feeding_cycle:741 - 週期1422 檢測結果: DR_F=14, 總數=28
2025-07-24 20:31:19 [INFO] AutoFeeding:feeding_cycle:768 - 找到保護區內DR_F: (-95.52, 262.61)
2025-07-24 20:31:19 [INFO] AutoFeeding:set_dr_f_available:720 - DR_F已就緒: (-95.52, 262.61), Flow1可直接讀取座標
2025-07-24 20:31:20 [DEBUG] AutoFeeding:trigger_ccd1_detection:553 - 發送檢測指令前 - 201狀態: 9
2025-07-24 20:31:20 [DEBUG] AutoFeeding:trigger_ccd1_detection:561 - 已發送控制指令16到寄存器200
2025-07-24 20:31:21 [DEBUG] AutoFeeding:trigger_ccd1_detection:580 - CCD1檢測完成標誌確認
2025-07-24 20:31:21 [INFO] AutoFeeding:feeding_cycle:741 - 週期1423 檢測結果: DR_F=14, 總數=28
2025-07-24 20:31:21 [INFO] AutoFeeding:feeding_cycle:768 - 找到保護區內DR_F: (-95.52, 262.6)
2025-07-24 20:31:21 [INFO] AutoFeeding:set_dr_f_available:720 - DR_F已就緒: (-95.52, 262.6), Flow1可直接讀取座標
2025-07-24 20:31:22 [DEBUG] AutoFeeding:trigger_ccd1_detection:553 - 發送檢測指令前 - 201狀態: 9
2025-07-24 20:31:22 [DEBUG] AutoFeeding:trigger_ccd1_detection:561 - 已發送控制指令16到寄存器200
2025-07-24 20:31:24 [DEBUG] AutoFeeding:trigger_ccd1_detection:580 - CCD1檢測完成標誌確認
2025-07-24 20:31:24 [INFO] AutoFeeding:feeding_cycle:741 - 週期1424 檢測結果: DR_F=14, 總數=28
2025-07-24 20:31:24 [INFO] AutoFeeding:feeding_cycle:768 - 找到保護區內DR_F: (-95.52, 262.6)
2025-07-24 20:31:24 [INFO] AutoFeeding:set_dr_f_available:720 - DR_F已就緒: (-95.52, 262.6), Flow1可直接讀取座標
2025-07-24 20:31:25 [DEBUG] AutoFeeding:trigger_ccd1_detection:553 - 發送檢測指令前 - 201狀態: 9
2025-07-24 20:31:25 [DEBUG] AutoFeeding:trigger_ccd1_detection:561 - 已發送控制指令16到寄存器200
2025-07-24 20:31:26 [DEBUG] AutoFeeding:trigger_ccd1_detection:580 - CCD1檢測完成標誌確認
2025-07-24 20:31:26 [INFO] AutoFeeding:feeding_cycle:741 - 週期1425 檢測結果: DR_F=14, 總數=28
2025-07-24 20:31:26 [INFO] AutoFeeding:feeding_cycle:768 - 找到保護區內DR_F: (-95.52, 262.61)
2025-07-24 20:31:26 [INFO] AutoFeeding:set_dr_f_available:720 - DR_F已就緒: (-95.52, 262.61), Flow1可直接讀取座標
2025-07-24 20:31:27 [DEBUG] AutoFeeding:trigger_ccd1_detection:553 - 發送檢測指令前 - 201狀態: 9
2025-07-24 20:31:27 [DEBUG] AutoFeeding:trigger_ccd1_detection:561 - 已發送控制指令16到寄存器200
2025-07-24 20:31:28 [DEBUG] AutoFeeding:trigger_ccd1_detection:580 - CCD1檢測完成標誌確認
2025-07-24 20:31:28 [INFO] AutoFeeding:feeding_cycle:741 - 週期1426 檢測結果: DR_F=14, 總數=28
2025-07-24 20:31:28 [INFO] AutoFeeding:feeding_cycle:768 - 找到保護區內DR_F: (-95.52, 262.6)
2025-07-24 20:31:28 [INFO] AutoFeeding:set_dr_f_available:720 - DR_F已就緒: (-95.52, 262.6), Flow1可直接讀取座標
2025-07-24 20:31:29 [DEBUG] AutoFeeding:trigger_ccd1_detection:553 - 發送檢測指令前 - 201狀態: 9
2025-07-24 20:31:29 [DEBUG] AutoFeeding:trigger_ccd1_detection:561 - 已發送控制指令16到寄存器200
2025-07-24 20:31:30 [DEBUG] AutoFeeding:trigger_ccd1_detection:580 - CCD1檢測完成標誌確認
2025-07-24 20:31:30 [INFO] AutoFeeding:feeding_cycle:741 - 週期1427 檢測結果: DR_F=14, 總數=28
2025-07-24 20:31:30 [INFO] AutoFeeding:feeding_cycle:768 - 找到保護區內DR_F: (-95.52, 262.61)
2025-07-24 20:31:30 [INFO] AutoFeeding:set_dr_f_available:720 - DR_F已就緒: (-95.52, 262.61), Flow1可直接讀取座標
2025-07-24 20:31:31 [DEBUG] AutoFeeding:trigger_ccd1_detection:553 - 發送檢測指令前 - 201狀態: 9
2025-07-24 20:31:31 [DEBUG] AutoFeeding:trigger_ccd1_detection:561 - 已發送控制指令16到寄存器200
2025-07-24 20:31:32 [DEBUG] AutoFeeding:trigger_ccd1_detection:580 - CCD1檢測完成標誌確認
2025-07-24 20:31:32 [INFO] AutoFeeding:feeding_cycle:741 - 週期1428 檢測結果: DR_F=14, 總數=28
2025-07-24 20:31:32 [INFO] AutoFeeding:feeding_cycle:768 - 找到保護區內DR_F: (-95.52, 262.6)
2025-07-24 20:31:32 [INFO] AutoFeeding:set_dr_f_available:720 - DR_F已就緒: (-95.52, 262.6), Flow1可直接讀取座標
2025-07-24 20:31:33 [DEBUG] AutoFeeding:trigger_ccd1_detection:553 - 發送檢測指令前 - 201狀態: 9
2025-07-24 20:31:33 [DEBUG] AutoFeeding:trigger_ccd1_detection:561 - 已發送控制指令16到寄存器200
2025-07-24 20:31:34 [DEBUG] AutoFeeding:trigger_ccd1_detection:580 - CCD1檢測完成標誌確認
2025-07-24 20:31:34 [INFO] AutoFeeding:feeding_cycle:741 - 週期1429 檢測結果: DR_F=14, 總數=28
2025-07-24 20:31:34 [INFO] AutoFeeding:feeding_cycle:768 - 找到保護區內DR_F: (-95.52, 262.61)
2025-07-24 20:31:34 [INFO] AutoFeeding:set_dr_f_available:720 - DR_F已就緒: (-95.52, 262.61), Flow1可直接讀取座標
2025-07-24 20:31:35 [DEBUG] AutoFeeding:trigger_ccd1_detection:553 - 發送檢測指令前 - 201狀態: 9
2025-07-24 20:31:35 [DEBUG] AutoFeeding:trigger_ccd1_detection:561 - 已發送控制指令16到寄存器200
2025-07-24 20:31:36 [DEBUG] AutoFeeding:trigger_ccd1_detection:580 - CCD1檢測完成標誌確認
2025-07-24 20:31:36 [INFO] AutoFeeding:feeding_cycle:741 - 週期1430 檢測結果: DR_F=14, 總數=28
2025-07-24 20:31:36 [INFO] AutoFeeding:feeding_cycle:768 - 找到保護區內DR_F: (-95.52, 262.6)
2025-07-24 20:31:36 [INFO] AutoFeeding:set_dr_f_available:720 - DR_F已就緒: (-95.52, 262.6), Flow1可直接讀取座標
2025-07-24 20:31:37 [DEBUG] AutoFeeding:trigger_ccd1_detection:553 - 發送檢測指令前 - 201狀態: 9
2025-07-24 20:31:37 [DEBUG] AutoFeeding:trigger_ccd1_detection:561 - 已發送控制指令16到寄存器200
2025-07-24 20:31:38 [DEBUG] AutoFeeding:trigger_ccd1_detection:580 - CCD1檢測完成標誌確認
2025-07-24 20:31:38 [INFO] AutoFeeding:feeding_cycle:741 - 週期1431 檢測結果: DR_F=14, 總數=28
2025-07-24 20:31:38 [INFO] AutoFeeding:feeding_cycle:768 - 找到保護區內DR_F: (-95.52, 262.61)
2025-07-24 20:31:38 [INFO] AutoFeeding:set_dr_f_available:720 - DR_F已就緒: (-95.52, 262.61), Flow1可直接讀取座標
2025-07-24 20:31:39 [DEBUG] AutoFeeding:trigger_ccd1_detection:553 - 發送檢測指令前 - 201狀態: 9
2025-07-24 20:31:39 [DEBUG] AutoFeeding:trigger_ccd1_detection:561 - 已發送控制指令16到寄存器200
2025-07-24 20:31:40 [DEBUG] AutoFeeding:trigger_ccd1_detection:580 - CCD1檢測完成標誌確認
2025-07-24 20:31:40 [INFO] AutoFeeding:feeding_cycle:741 - 週期1432 檢測結果: DR_F=14, 總數=28
2025-07-24 20:31:40 [INFO] AutoFeeding:feeding_cycle:768 - 找到保護區內DR_F: (-95.52, 262.6)
2025-07-24 20:31:40 [INFO] AutoFeeding:set_dr_f_available:720 - DR_F已就緒: (-95.52, 262.6), Flow1可直接讀取座標
2025-07-24 20:31:41 [DEBUG] AutoFeeding:trigger_ccd1_detection:553 - 發送檢測指令前 - 201狀態: 9
2025-07-24 20:31:41 [DEBUG] AutoFeeding:trigger_ccd1_detection:561 - 已發送控制指令16到寄存器200
2025-07-24 20:31:42 [DEBUG] AutoFeeding:trigger_ccd1_detection:580 - CCD1檢測完成標誌確認
2025-07-24 20:31:42 [INFO] AutoFeeding:feeding_cycle:741 - 週期1433 檢測結果: DR_F=14, 總數=28
2025-07-24 20:31:42 [INFO] AutoFeeding:feeding_cycle:768 - 找到保護區內DR_F: (-95.51, 262.6)
2025-07-24 20:31:42 [INFO] AutoFeeding:set_dr_f_available:720 - DR_F已就緒: (-95.51, 262.6), Flow1可直接讀取座標
2025-07-24 20:31:43 [DEBUG] AutoFeeding:trigger_ccd1_detection:553 - 發送檢測指令前 - 201狀態: 9
2025-07-24 20:31:43 [DEBUG] AutoFeeding:trigger_ccd1_detection:561 - 已發送控制指令16到寄存器200
2025-07-24 20:31:44 [DEBUG] AutoFeeding:trigger_ccd1_detection:580 - CCD1檢測完成標誌確認
2025-07-24 20:31:44 [INFO] AutoFeeding:feeding_cycle:741 - 週期1434 檢測結果: DR_F=14, 總數=28
2025-07-24 20:31:44 [INFO] AutoFeeding:feeding_cycle:768 - 找到保護區內DR_F: (-95.52, 262.61)
2025-07-24 20:31:44 [INFO] AutoFeeding:set_dr_f_available:720 - DR_F已就緒: (-95.52, 262.61), Flow1可直接讀取座標
2025-07-24 20:31:45 [DEBUG] AutoFeeding:trigger_ccd1_detection:553 - 發送檢測指令前 - 201狀態: 9
2025-07-24 20:31:45 [DEBUG] AutoFeeding:trigger_ccd1_detection:561 - 已發送控制指令16到寄存器200
2025-07-24 20:31:46 [DEBUG] AutoFeeding:trigger_ccd1_detection:580 - CCD1檢測完成標誌確認
2025-07-24 20:31:46 [INFO] AutoFeeding:feeding_cycle:741 - 週期1435 檢測結果: DR_F=14, 總數=28
2025-07-24 20:31:46 [INFO] AutoFeeding:feeding_cycle:768 - 找到保護區內DR_F: (-95.51, 262.6)
2025-07-24 20:31:46 [INFO] AutoFeeding:set_dr_f_available:720 - DR_F已就緒: (-95.51, 262.6), Flow1可直接讀取座標
2025-07-24 20:31:47 [DEBUG] AutoFeeding:trigger_ccd1_detection:553 - 發送檢測指令前 - 201狀態: 9
2025-07-24 20:31:47 [DEBUG] AutoFeeding:trigger_ccd1_detection:561 - 已發送控制指令16到寄存器200
2025-07-24 20:31:48 [DEBUG] AutoFeeding:trigger_ccd1_detection:580 - CCD1檢測完成標誌確認
2025-07-24 20:31:48 [INFO] AutoFeeding:feeding_cycle:741 - 週期1436 檢測結果: DR_F=14, 總數=28
2025-07-24 20:31:48 [INFO] AutoFeeding:feeding_cycle:768 - 找到保護區內DR_F: (-95.52, 262.61)
2025-07-24 20:31:48 [INFO] AutoFeeding:set_dr_f_available:720 - DR_F已就緒: (-95.52, 262.61), Flow1可直接讀取座標
2025-07-24 20:31:49 [DEBUG] AutoFeeding:trigger_ccd1_detection:553 - 發送檢測指令前 - 201狀態: 9
2025-07-24 20:31:49 [DEBUG] AutoFeeding:trigger_ccd1_detection:561 - 已發送控制指令16到寄存器200
2025-07-24 20:31:50 [DEBUG] AutoFeeding:trigger_ccd1_detection:580 - CCD1檢測完成標誌確認
2025-07-24 20:31:50 [INFO] AutoFeeding:feeding_cycle:741 - 週期1437 檢測結果: DR_F=14, 總數=28
2025-07-24 20:31:50 [INFO] AutoFeeding:feeding_cycle:768 - 找到保護區內DR_F: (-95.52, 262.61)
2025-07-24 20:31:50 [INFO] AutoFeeding:set_dr_f_available:720 - DR_F已就緒: (-95.52, 262.61), Flow1可直接讀取座標
2025-07-24 20:31:51 [DEBUG] AutoFeeding:trigger_ccd1_detection:553 - 發送檢測指令前 - 201狀態: 9
2025-07-24 20:31:51 [DEBUG] AutoFeeding:trigger_ccd1_detection:561 - 已發送控制指令16到寄存器200
2025-07-24 20:31:52 [DEBUG] AutoFeeding:trigger_ccd1_detection:580 - CCD1檢測完成標誌確認
2025-07-24 20:31:52 [INFO] AutoFeeding:feeding_cycle:741 - 週期1438 檢測結果: DR_F=14, 總數=28
2025-07-24 20:31:52 [INFO] AutoFeeding:feeding_cycle:768 - 找到保護區內DR_F: (-95.51, 262.6)
2025-07-24 20:31:52 [INFO] AutoFeeding:set_dr_f_available:720 - DR_F已就緒: (-95.51, 262.6), Flow1可直接讀取座標
2025-07-24 20:31:53 [DEBUG] AutoFeeding:trigger_ccd1_detection:553 - 發送檢測指令前 - 201狀態: 9
2025-07-24 20:31:53 [DEBUG] AutoFeeding:trigger_ccd1_detection:561 - 已發送控制指令16到寄存器200
2025-07-24 20:31:54 [DEBUG] AutoFeeding:trigger_ccd1_detection:580 - CCD1檢測完成標誌確認
2025-07-24 20:31:54 [INFO] AutoFeeding:feeding_cycle:741 - 週期1439 檢測結果: DR_F=14, 總數=28
2025-07-24 20:31:54 [INFO] AutoFeeding:feeding_cycle:768 - 找到保護區內DR_F: (-95.51, 262.61)
2025-07-24 20:31:54 [INFO] AutoFeeding:set_dr_f_available:720 - DR_F已就緒: (-95.51, 262.61), Flow1可直接讀取座標
2025-07-24 20:31:55 [DEBUG] AutoFeeding:trigger_ccd1_detection:553 - 發送檢測指令前 - 201狀態: 9
2025-07-24 20:31:55 [DEBUG] AutoFeeding:trigger_ccd1_detection:561 - 已發送控制指令16到寄存器200
2025-07-24 20:31:56 [DEBUG] AutoFeeding:trigger_ccd1_detection:580 - CCD1檢測完成標誌確認
2025-07-24 20:31:56 [INFO] AutoFeeding:feeding_cycle:741 - 週期1440 檢測結果: DR_F=14, 總數=28
2025-07-24 20:31:56 [INFO] AutoFeeding:feeding_cycle:768 - 找到保護區內DR_F: (-95.52, 262.6)
2025-07-24 20:31:56 [INFO] AutoFeeding:set_dr_f_available:720 - DR_F已就緒: (-95.52, 262.6), Flow1可直接讀取座標
2025-07-24 20:31:57 [DEBUG] AutoFeeding:trigger_ccd1_detection:553 - 發送檢測指令前 - 201狀態: 9
2025-07-24 20:31:57 [DEBUG] AutoFeeding:trigger_ccd1_detection:561 - 已發送控制指令16到寄存器200
2025-07-24 20:31:58 [DEBUG] AutoFeeding:trigger_ccd1_detection:580 - CCD1檢測完成標誌確認
2025-07-24 20:31:58 [INFO] AutoFeeding:feeding_cycle:741 - 週期1441 檢測結果: DR_F=14, 總數=28
2025-07-24 20:31:58 [INFO] AutoFeeding:feeding_cycle:768 - 找到保護區內DR_F: (-95.52, 262.61)
2025-07-24 20:31:58 [INFO] AutoFeeding:set_dr_f_available:720 - DR_F已就緒: (-95.52, 262.61), Flow1可直接讀取座標
2025-07-24 20:31:59 [DEBUG] AutoFeeding:trigger_ccd1_detection:553 - 發送檢測指令前 - 201狀態: 9
2025-07-24 20:31:59 [DEBUG] AutoFeeding:trigger_ccd1_detection:561 - 已發送控制指令16到寄存器200
2025-07-24 20:32:00 [DEBUG] AutoFeeding:trigger_ccd1_detection:580 - CCD1檢測完成標誌確認
2025-07-24 20:32:00 [INFO] AutoFeeding:feeding_cycle:741 - 週期1442 檢測結果: DR_F=14, 總數=28
2025-07-24 20:32:00 [INFO] AutoFeeding:feeding_cycle:768 - 找到保護區內DR_F: (-95.52, 262.61)
2025-07-24 20:32:00 [INFO] AutoFeeding:set_dr_f_available:720 - DR_F已就緒: (-95.52, 262.61), Flow1可直接讀取座標
2025-07-24 20:32:01 [DEBUG] AutoFeeding:trigger_ccd1_detection:553 - 發送檢測指令前 - 201狀態: 9
2025-07-24 20:32:01 [DEBUG] AutoFeeding:trigger_ccd1_detection:561 - 已發送控制指令16到寄存器200
2025-07-24 20:32:02 [DEBUG] AutoFeeding:trigger_ccd1_detection:580 - CCD1檢測完成標誌確認
2025-07-24 20:32:02 [INFO] AutoFeeding:feeding_cycle:741 - 週期1443 檢測結果: DR_F=14, 總數=28
2025-07-24 20:32:02 [INFO] AutoFeeding:feeding_cycle:768 - 找到保護區內DR_F: (-95.52, 262.61)
2025-07-24 20:32:02 [INFO] AutoFeeding:set_dr_f_available:720 - DR_F已就緒: (-95.52, 262.61), Flow1可直接讀取座標
2025-07-24 20:32:03 [DEBUG] AutoFeeding:trigger_ccd1_detection:553 - 發送檢測指令前 - 201狀態: 9
2025-07-24 20:32:03 [DEBUG] AutoFeeding:trigger_ccd1_detection:561 - 已發送控制指令16到寄存器200
2025-07-24 20:32:04 [DEBUG] AutoFeeding:trigger_ccd1_detection:580 - CCD1檢測完成標誌確認
2025-07-24 20:32:04 [INFO] AutoFeeding:feeding_cycle:741 - 週期1444 檢測結果: DR_F=14, 總數=28
2025-07-24 20:32:04 [INFO] AutoFeeding:feeding_cycle:768 - 找到保護區內DR_F: (-95.52, 262.6)
2025-07-24 20:32:04 [INFO] AutoFeeding:set_dr_f_available:720 - DR_F已就緒: (-95.52, 262.6), Flow1可直接讀取座標
2025-07-24 20:32:05 [DEBUG] AutoFeeding:trigger_ccd1_detection:553 - 發送檢測指令前 - 201狀態: 9
2025-07-24 20:32:05 [DEBUG] AutoFeeding:trigger_ccd1_detection:561 - 已發送控制指令16到寄存器200
2025-07-24 20:32:07 [DEBUG] AutoFeeding:trigger_ccd1_detection:580 - CCD1檢測完成標誌確認
2025-07-24 20:32:07 [INFO] AutoFeeding:feeding_cycle:741 - 週期1445 檢測結果: DR_F=14, 總數=28
2025-07-24 20:32:07 [INFO] AutoFeeding:feeding_cycle:768 - 找到保護區內DR_F: (-95.52, 262.6)
2025-07-24 20:32:07 [INFO] AutoFeeding:set_dr_f_available:720 - DR_F已就緒: (-95.52, 262.6), Flow1可直接讀取座標
2025-07-24 20:32:08 [DEBUG] AutoFeeding:trigger_ccd1_detection:553 - 發送檢測指令前 - 201狀態: 9
2025-07-24 20:32:08 [DEBUG] AutoFeeding:trigger_ccd1_detection:561 - 已發送控制指令16到寄存器200
2025-07-24 20:32:09 [DEBUG] AutoFeeding:trigger_ccd1_detection:580 - CCD1檢測完成標誌確認
2025-07-24 20:32:09 [INFO] AutoFeeding:feeding_cycle:741 - 週期1446 檢測結果: DR_F=14, 總數=28
2025-07-24 20:32:09 [INFO] AutoFeeding:feeding_cycle:768 - 找到保護區內DR_F: (-95.53, 262.61)
2025-07-24 20:32:09 [INFO] AutoFeeding:set_dr_f_available:720 - DR_F已就緒: (-95.53, 262.61), Flow1可直接讀取座標
2025-07-24 20:32:10 [DEBUG] AutoFeeding:trigger_ccd1_detection:553 - 發送檢測指令前 - 201狀態: 9
2025-07-24 20:32:10 [DEBUG] AutoFeeding:trigger_ccd1_detection:561 - 已發送控制指令16到寄存器200
2025-07-24 20:32:11 [DEBUG] AutoFeeding:trigger_ccd1_detection:580 - CCD1檢測完成標誌確認
2025-07-24 20:32:11 [INFO] AutoFeeding:feeding_cycle:741 - 週期1447 檢測結果: DR_F=14, 總數=28
2025-07-24 20:32:11 [INFO] AutoFeeding:feeding_cycle:768 - 找到保護區內DR_F: (-95.52, 262.6)
2025-07-24 20:32:11 [INFO] AutoFeeding:set_dr_f_available:720 - DR_F已就緒: (-95.52, 262.6), Flow1可直接讀取座標
2025-07-24 20:32:12 [DEBUG] AutoFeeding:trigger_ccd1_detection:553 - 發送檢測指令前 - 201狀態: 9
2025-07-24 20:32:12 [DEBUG] AutoFeeding:trigger_ccd1_detection:561 - 已發送控制指令16到寄存器200
2025-07-24 20:32:13 [DEBUG] AutoFeeding:trigger_ccd1_detection:580 - CCD1檢測完成標誌確認
2025-07-24 20:32:13 [INFO] AutoFeeding:feeding_cycle:741 - 週期1448 檢測結果: DR_F=14, 總數=28
2025-07-24 20:32:13 [INFO] AutoFeeding:feeding_cycle:768 - 找到保護區內DR_F: (-95.52, 262.61)
2025-07-24 20:32:13 [INFO] AutoFeeding:set_dr_f_available:720 - DR_F已就緒: (-95.52, 262.61), Flow1可直接讀取座標
2025-07-24 20:32:14 [DEBUG] AutoFeeding:trigger_ccd1_detection:553 - 發送檢測指令前 - 201狀態: 9
2025-07-24 20:32:14 [DEBUG] AutoFeeding:trigger_ccd1_detection:561 - 已發送控制指令16到寄存器200
2025-07-24 20:32:15 [DEBUG] AutoFeeding:trigger_ccd1_detection:580 - CCD1檢測完成標誌確認
2025-07-24 20:32:15 [INFO] AutoFeeding:feeding_cycle:741 - 週期1449 檢測結果: DR_F=14, 總數=28
2025-07-24 20:32:15 [INFO] AutoFeeding:feeding_cycle:768 - 找到保護區內DR_F: (-95.52, 262.6)
2025-07-24 20:32:15 [INFO] AutoFeeding:set_dr_f_available:720 - DR_F已就緒: (-95.52, 262.6), Flow1可直接讀取座標
2025-07-24 20:32:16 [DEBUG] AutoFeeding:trigger_ccd1_detection:553 - 發送檢測指令前 - 201狀態: 9
2025-07-24 20:32:16 [DEBUG] AutoFeeding:trigger_ccd1_detection:561 - 已發送控制指令16到寄存器200
2025-07-24 20:32:17 [DEBUG] AutoFeeding:trigger_ccd1_detection:580 - CCD1檢測完成標誌確認
2025-07-24 20:32:17 [INFO] AutoFeeding:feeding_cycle:741 - 週期1450 檢測結果: DR_F=14, 總數=28
2025-07-24 20:32:17 [INFO] AutoFeeding:feeding_cycle:768 - 找到保護區內DR_F: (-95.52, 262.61)
2025-07-24 20:32:17 [INFO] AutoFeeding:set_dr_f_available:720 - DR_F已就緒: (-95.52, 262.61), Flow1可直接讀取座標
2025-07-24 20:32:18 [DEBUG] AutoFeeding:trigger_ccd1_detection:553 - 發送檢測指令前 - 201狀態: 9
2025-07-24 20:32:18 [DEBUG] AutoFeeding:trigger_ccd1_detection:561 - 已發送控制指令16到寄存器200
2025-07-24 20:32:19 [DEBUG] AutoFeeding:trigger_ccd1_detection:580 - CCD1檢測完成標誌確認
2025-07-24 20:32:19 [INFO] AutoFeeding:feeding_cycle:741 - 週期1451 檢測結果: DR_F=14, 總數=28
2025-07-24 20:32:19 [INFO] AutoFeeding:feeding_cycle:768 - 找到保護區內DR_F: (-95.52, 262.6)
2025-07-24 20:32:19 [INFO] AutoFeeding:set_dr_f_available:720 - DR_F已就緒: (-95.52, 262.6), Flow1可直接讀取座標
2025-07-24 20:32:20 [DEBUG] AutoFeeding:trigger_ccd1_detection:553 - 發送檢測指令前 - 201狀態: 9
2025-07-24 20:32:20 [DEBUG] AutoFeeding:trigger_ccd1_detection:561 - 已發送控制指令16到寄存器200
2025-07-24 20:32:21 [DEBUG] AutoFeeding:trigger_ccd1_detection:580 - CCD1檢測完成標誌確認
2025-07-24 20:32:21 [INFO] AutoFeeding:feeding_cycle:741 - 週期1452 檢測結果: DR_F=14, 總數=28
2025-07-24 20:32:21 [INFO] AutoFeeding:feeding_cycle:768 - 找到保護區內DR_F: (-95.52, 262.6)
2025-07-24 20:32:21 [INFO] AutoFeeding:set_dr_f_available:720 - DR_F已就緒: (-95.52, 262.6), Flow1可直接讀取座標
2025-07-24 20:32:22 [DEBUG] AutoFeeding:trigger_ccd1_detection:553 - 發送檢測指令前 - 201狀態: 9
2025-07-24 20:32:22 [DEBUG] AutoFeeding:trigger_ccd1_detection:561 - 已發送控制指令16到寄存器200
2025-07-24 20:32:23 [DEBUG] AutoFeeding:trigger_ccd1_detection:580 - CCD1檢測完成標誌確認
2025-07-24 20:32:23 [INFO] AutoFeeding:feeding_cycle:741 - 週期1453 檢測結果: DR_F=14, 總數=28
2025-07-24 20:32:23 [INFO] AutoFeeding:feeding_cycle:768 - 找到保護區內DR_F: (-95.52, 262.6)
2025-07-24 20:32:23 [INFO] AutoFeeding:set_dr_f_available:720 - DR_F已就緒: (-95.52, 262.6), Flow1可直接讀取座標
2025-07-24 20:32:24 [DEBUG] AutoFeeding:trigger_ccd1_detection:553 - 發送檢測指令前 - 201狀態: 9
2025-07-24 20:32:24 [DEBUG] AutoFeeding:trigger_ccd1_detection:561 - 已發送控制指令16到寄存器200
2025-07-24 20:32:25 [DEBUG] AutoFeeding:trigger_ccd1_detection:580 - CCD1檢測完成標誌確認
2025-07-24 20:32:25 [INFO] AutoFeeding:feeding_cycle:741 - 週期1454 檢測結果: DR_F=14, 總數=28
2025-07-24 20:32:25 [INFO] AutoFeeding:feeding_cycle:768 - 找到保護區內DR_F: (-95.52, 262.6)
2025-07-24 20:32:25 [INFO] AutoFeeding:set_dr_f_available:720 - DR_F已就緒: (-95.52, 262.6), Flow1可直接讀取座標
2025-07-24 20:32:26 [DEBUG] AutoFeeding:trigger_ccd1_detection:553 - 發送檢測指令前 - 201狀態: 9
2025-07-24 20:32:26 [DEBUG] AutoFeeding:trigger_ccd1_detection:561 - 已發送控制指令16到寄存器200
2025-07-24 20:32:27 [DEBUG] AutoFeeding:trigger_ccd1_detection:580 - CCD1檢測完成標誌確認
2025-07-24 20:32:27 [INFO] AutoFeeding:feeding_cycle:741 - 週期1455 檢測結果: DR_F=14, 總數=28
2025-07-24 20:32:27 [INFO] AutoFeeding:feeding_cycle:768 - 找到保護區內DR_F: (-95.52, 262.6)
2025-07-24 20:32:27 [INFO] AutoFeeding:set_dr_f_available:720 - DR_F已就緒: (-95.52, 262.6), Flow1可直接讀取座標
2025-07-24 20:32:28 [DEBUG] AutoFeeding:trigger_ccd1_detection:553 - 發送檢測指令前 - 201狀態: 9
2025-07-24 20:32:28 [DEBUG] AutoFeeding:trigger_ccd1_detection:561 - 已發送控制指令16到寄存器200
2025-07-24 20:32:29 [DEBUG] AutoFeeding:trigger_ccd1_detection:580 - CCD1檢測完成標誌確認
2025-07-24 20:32:29 [INFO] AutoFeeding:feeding_cycle:741 - 週期1456 檢測結果: DR_F=14, 總數=28
2025-07-24 20:32:29 [INFO] AutoFeeding:feeding_cycle:768 - 找到保護區內DR_F: (-95.52, 262.61)
2025-07-24 20:32:29 [INFO] AutoFeeding:set_dr_f_available:720 - DR_F已就緒: (-95.52, 262.61), Flow1可直接讀取座標
2025-07-24 20:32:30 [DEBUG] AutoFeeding:trigger_ccd1_detection:553 - 發送檢測指令前 - 201狀態: 9
2025-07-24 20:32:30 [DEBUG] AutoFeeding:trigger_ccd1_detection:561 - 已發送控制指令16到寄存器200
2025-07-24 20:32:31 [DEBUG] AutoFeeding:trigger_ccd1_detection:580 - CCD1檢測完成標誌確認
2025-07-24 20:32:31 [INFO] AutoFeeding:feeding_cycle:741 - 週期1457 檢測結果: DR_F=14, 總數=28
2025-07-24 20:32:31 [INFO] AutoFeeding:feeding_cycle:768 - 找到保護區內DR_F: (-95.52, 262.61)
2025-07-24 20:32:31 [INFO] AutoFeeding:set_dr_f_available:720 - DR_F已就緒: (-95.52, 262.61), Flow1可直接讀取座標
2025-07-24 20:32:32 [DEBUG] AutoFeeding:trigger_ccd1_detection:553 - 發送檢測指令前 - 201狀態: 9
2025-07-24 20:32:32 [DEBUG] AutoFeeding:trigger_ccd1_detection:561 - 已發送控制指令16到寄存器200
2025-07-24 20:32:33 [DEBUG] AutoFeeding:trigger_ccd1_detection:580 - CCD1檢測完成標誌確認
2025-07-24 20:32:33 [INFO] AutoFeeding:feeding_cycle:741 - 週期1458 檢測結果: DR_F=14, 總數=28
2025-07-24 20:32:33 [INFO] AutoFeeding:feeding_cycle:768 - 找到保護區內DR_F: (-95.52, 262.6)
2025-07-24 20:32:33 [INFO] AutoFeeding:set_dr_f_available:720 - DR_F已就緒: (-95.52, 262.6), Flow1可直接讀取座標
2025-07-24 20:32:34 [DEBUG] AutoFeeding:trigger_ccd1_detection:553 - 發送檢測指令前 - 201狀態: 9
2025-07-24 20:32:34 [DEBUG] AutoFeeding:trigger_ccd1_detection:561 - 已發送控制指令16到寄存器200
2025-07-24 20:32:35 [DEBUG] AutoFeeding:trigger_ccd1_detection:580 - CCD1檢測完成標誌確認
2025-07-24 20:32:35 [INFO] AutoFeeding:feeding_cycle:741 - 週期1459 檢測結果: DR_F=14, 總數=28
2025-07-24 20:32:35 [INFO] AutoFeeding:feeding_cycle:768 - 找到保護區內DR_F: (-95.52, 262.6)
2025-07-24 20:32:35 [INFO] AutoFeeding:set_dr_f_available:720 - DR_F已就緒: (-95.52, 262.6), Flow1可直接讀取座標
2025-07-24 20:32:36 [DEBUG] AutoFeeding:trigger_ccd1_detection:553 - 發送檢測指令前 - 201狀態: 9
2025-07-24 20:32:36 [DEBUG] AutoFeeding:trigger_ccd1_detection:561 - 已發送控制指令16到寄存器200
2025-07-24 20:32:37 [DEBUG] AutoFeeding:trigger_ccd1_detection:580 - CCD1檢測完成標誌確認
2025-07-24 20:32:37 [INFO] AutoFeeding:feeding_cycle:741 - 週期1460 檢測結果: DR_F=14, 總數=28
2025-07-24 20:32:37 [INFO] AutoFeeding:feeding_cycle:768 - 找到保護區內DR_F: (-95.52, 262.6)
2025-07-24 20:32:37 [INFO] AutoFeeding:set_dr_f_available:720 - DR_F已就緒: (-95.52, 262.6), Flow1可直接讀取座標
2025-07-24 20:32:38 [DEBUG] AutoFeeding:trigger_ccd1_detection:553 - 發送檢測指令前 - 201狀態: 9
2025-07-24 20:32:38 [DEBUG] AutoFeeding:trigger_ccd1_detection:561 - 已發送控制指令16到寄存器200
2025-07-24 20:32:39 [DEBUG] AutoFeeding:trigger_ccd1_detection:580 - CCD1檢測完成標誌確認
2025-07-24 20:32:39 [INFO] AutoFeeding:feeding_cycle:741 - 週期1461 檢測結果: DR_F=14, 總數=28
2025-07-24 20:32:39 [INFO] AutoFeeding:feeding_cycle:768 - 找到保護區內DR_F: (-95.51, 262.6)
2025-07-24 20:32:39 [INFO] AutoFeeding:set_dr_f_available:720 - DR_F已就緒: (-95.51, 262.6), Flow1可直接讀取座標
2025-07-24 20:32:40 [DEBUG] AutoFeeding:trigger_ccd1_detection:553 - 發送檢測指令前 - 201狀態: 9
2025-07-24 20:32:40 [DEBUG] AutoFeeding:trigger_ccd1_detection:561 - 已發送控制指令16到寄存器200
2025-07-24 20:32:41 [DEBUG] AutoFeeding:trigger_ccd1_detection:580 - CCD1檢測完成標誌確認
2025-07-24 20:32:41 [INFO] AutoFeeding:feeding_cycle:741 - 週期1462 檢測結果: DR_F=14, 總數=28
2025-07-24 20:32:41 [INFO] AutoFeeding:feeding_cycle:768 - 找到保護區內DR_F: (-95.52, 262.6)
2025-07-24 20:32:41 [INFO] AutoFeeding:set_dr_f_available:720 - DR_F已就緒: (-95.52, 262.6), Flow1可直接讀取座標
2025-07-24 20:32:42 [DEBUG] AutoFeeding:trigger_ccd1_detection:553 - 發送檢測指令前 - 201狀態: 9
2025-07-24 20:32:42 [DEBUG] AutoFeeding:trigger_ccd1_detection:561 - 已發送控制指令16到寄存器200
2025-07-24 20:32:43 [DEBUG] AutoFeeding:trigger_ccd1_detection:580 - CCD1檢測完成標誌確認
2025-07-24 20:32:43 [INFO] AutoFeeding:feeding_cycle:741 - 週期1463 檢測結果: DR_F=14, 總數=28
2025-07-24 20:32:43 [INFO] AutoFeeding:feeding_cycle:768 - 找到保護區內DR_F: (-95.52, 262.6)
2025-07-24 20:32:43 [INFO] AutoFeeding:set_dr_f_available:720 - DR_F已就緒: (-95.52, 262.6), Flow1可直接讀取座標
2025-07-24 20:32:44 [DEBUG] AutoFeeding:trigger_ccd1_detection:553 - 發送檢測指令前 - 201狀態: 9
2025-07-24 20:32:44 [DEBUG] AutoFeeding:trigger_ccd1_detection:561 - 已發送控制指令16到寄存器200
2025-07-24 20:32:45 [DEBUG] AutoFeeding:trigger_ccd1_detection:580 - CCD1檢測完成標誌確認
2025-07-24 20:32:45 [INFO] AutoFeeding:feeding_cycle:741 - 週期1464 檢測結果: DR_F=14, 總數=28
2025-07-24 20:32:45 [INFO] AutoFeeding:feeding_cycle:768 - 找到保護區內DR_F: (-95.52, 262.6)
2025-07-24 20:32:45 [INFO] AutoFeeding:set_dr_f_available:720 - DR_F已就緒: (-95.52, 262.6), Flow1可直接讀取座標
2025-07-24 20:32:46 [DEBUG] AutoFeeding:trigger_ccd1_detection:553 - 發送檢測指令前 - 201狀態: 9
2025-07-24 20:32:46 [DEBUG] AutoFeeding:trigger_ccd1_detection:561 - 已發送控制指令16到寄存器200
2025-07-24 20:32:47 [DEBUG] AutoFeeding:trigger_ccd1_detection:580 - CCD1檢測完成標誌確認
2025-07-24 20:32:47 [INFO] AutoFeeding:feeding_cycle:741 - 週期1465 檢測結果: DR_F=14, 總數=28
2025-07-24 20:32:47 [INFO] AutoFeeding:feeding_cycle:768 - 找到保護區內DR_F: (-95.52, 262.6)
2025-07-24 20:32:47 [INFO] AutoFeeding:set_dr_f_available:720 - DR_F已就緒: (-95.52, 262.6), Flow1可直接讀取座標
2025-07-24 20:32:48 [DEBUG] AutoFeeding:trigger_ccd1_detection:553 - 發送檢測指令前 - 201狀態: 9
2025-07-24 20:32:48 [DEBUG] AutoFeeding:trigger_ccd1_detection:561 - 已發送控制指令16到寄存器200
2025-07-24 20:32:50 [DEBUG] AutoFeeding:trigger_ccd1_detection:580 - CCD1檢測完成標誌確認
2025-07-24 20:32:50 [INFO] AutoFeeding:feeding_cycle:741 - 週期1466 檢測結果: DR_F=14, 總數=28
2025-07-24 20:32:50 [INFO] AutoFeeding:feeding_cycle:768 - 找到保護區內DR_F: (-95.52, 262.6)
2025-07-24 20:32:50 [INFO] AutoFeeding:set_dr_f_available:720 - DR_F已就緒: (-95.52, 262.6), Flow1可直接讀取座標
2025-07-24 20:32:51 [DEBUG] AutoFeeding:trigger_ccd1_detection:553 - 發送檢測指令前 - 201狀態: 9
2025-07-24 20:32:51 [DEBUG] AutoFeeding:trigger_ccd1_detection:561 - 已發送控制指令16到寄存器200
2025-07-24 20:32:52 [DEBUG] AutoFeeding:trigger_ccd1_detection:580 - CCD1檢測完成標誌確認
2025-07-24 20:32:52 [INFO] AutoFeeding:feeding_cycle:741 - 週期1467 檢測結果: DR_F=14, 總數=28
2025-07-24 20:32:52 [INFO] AutoFeeding:feeding_cycle:768 - 找到保護區內DR_F: (-95.52, 262.6)
2025-07-24 20:32:52 [INFO] AutoFeeding:set_dr_f_available:720 - DR_F已就緒: (-95.52, 262.6), Flow1可直接讀取座標
2025-07-24 20:32:53 [DEBUG] AutoFeeding:trigger_ccd1_detection:553 - 發送檢測指令前 - 201狀態: 9
2025-07-24 20:32:53 [DEBUG] AutoFeeding:trigger_ccd1_detection:561 - 已發送控制指令16到寄存器200
2025-07-24 20:32:54 [DEBUG] AutoFeeding:trigger_ccd1_detection:580 - CCD1檢測完成標誌確認
2025-07-24 20:32:54 [INFO] AutoFeeding:feeding_cycle:741 - 週期1468 檢測結果: DR_F=14, 總數=28
2025-07-24 20:32:54 [INFO] AutoFeeding:feeding_cycle:768 - 找到保護區內DR_F: (-95.52, 262.61)
2025-07-24 20:32:54 [INFO] AutoFeeding:set_dr_f_available:720 - DR_F已就緒: (-95.52, 262.61), Flow1可直接讀取座標
2025-07-24 20:32:55 [DEBUG] AutoFeeding:trigger_ccd1_detection:553 - 發送檢測指令前 - 201狀態: 9
2025-07-24 20:32:55 [DEBUG] AutoFeeding:trigger_ccd1_detection:561 - 已發送控制指令16到寄存器200
2025-07-24 20:32:56 [DEBUG] AutoFeeding:trigger_ccd1_detection:580 - CCD1檢測完成標誌確認
2025-07-24 20:32:56 [INFO] AutoFeeding:feeding_cycle:741 - 週期1469 檢測結果: DR_F=14, 總數=28
2025-07-24 20:32:56 [INFO] AutoFeeding:feeding_cycle:768 - 找到保護區內DR_F: (-95.52, 262.6)
2025-07-24 20:32:56 [INFO] AutoFeeding:set_dr_f_available:720 - DR_F已就緒: (-95.52, 262.6), Flow1可直接讀取座標
2025-07-24 20:32:57 [DEBUG] AutoFeeding:trigger_ccd1_detection:553 - 發送檢測指令前 - 201狀態: 9
2025-07-24 20:32:57 [DEBUG] AutoFeeding:trigger_ccd1_detection:561 - 已發送控制指令16到寄存器200
2025-07-24 20:32:58 [DEBUG] AutoFeeding:trigger_ccd1_detection:580 - CCD1檢測完成標誌確認
2025-07-24 20:32:58 [INFO] AutoFeeding:feeding_cycle:741 - 週期1470 檢測結果: DR_F=14, 總數=28
2025-07-24 20:32:58 [INFO] AutoFeeding:feeding_cycle:768 - 找到保護區內DR_F: (-95.52, 262.6)
2025-07-24 20:32:58 [INFO] AutoFeeding:set_dr_f_available:720 - DR_F已就緒: (-95.52, 262.6), Flow1可直接讀取座標
2025-07-24 20:32:59 [DEBUG] AutoFeeding:trigger_ccd1_detection:553 - 發送檢測指令前 - 201狀態: 9
2025-07-24 20:32:59 [DEBUG] AutoFeeding:trigger_ccd1_detection:561 - 已發送控制指令16到寄存器200
2025-07-24 20:33:00 [DEBUG] AutoFeeding:trigger_ccd1_detection:580 - CCD1檢測完成標誌確認
2025-07-24 20:33:00 [INFO] AutoFeeding:feeding_cycle:741 - 週期1471 檢測結果: DR_F=14, 總數=28
2025-07-24 20:33:00 [INFO] AutoFeeding:feeding_cycle:768 - 找到保護區內DR_F: (-95.52, 262.6)
2025-07-24 20:33:00 [INFO] AutoFeeding:set_dr_f_available:720 - DR_F已就緒: (-95.52, 262.6), Flow1可直接讀取座標
2025-07-24 20:33:01 [DEBUG] AutoFeeding:trigger_ccd1_detection:553 - 發送檢測指令前 - 201狀態: 9
2025-07-24 20:33:01 [DEBUG] AutoFeeding:trigger_ccd1_detection:561 - 已發送控制指令16到寄存器200
2025-07-24 20:33:02 [DEBUG] AutoFeeding:trigger_ccd1_detection:580 - CCD1檢測完成標誌確認
2025-07-24 20:33:02 [INFO] AutoFeeding:feeding_cycle:741 - 週期1472 檢測結果: DR_F=14, 總數=28
2025-07-24 20:33:02 [INFO] AutoFeeding:feeding_cycle:768 - 找到保護區內DR_F: (-95.52, 262.6)
2025-07-24 20:33:02 [INFO] AutoFeeding:set_dr_f_available:720 - DR_F已就緒: (-95.52, 262.6), Flow1可直接讀取座標
2025-07-24 20:33:03 [DEBUG] AutoFeeding:trigger_ccd1_detection:553 - 發送檢測指令前 - 201狀態: 9
2025-07-24 20:33:03 [DEBUG] AutoFeeding:trigger_ccd1_detection:561 - 已發送控制指令16到寄存器200
2025-07-24 20:33:04 [DEBUG] AutoFeeding:trigger_ccd1_detection:580 - CCD1檢測完成標誌確認
2025-07-24 20:33:04 [INFO] AutoFeeding:feeding_cycle:741 - 週期1473 檢測結果: DR_F=14, 總數=28
2025-07-24 20:33:04 [INFO] AutoFeeding:feeding_cycle:768 - 找到保護區內DR_F: (-95.52, 262.61)
2025-07-24 20:33:04 [INFO] AutoFeeding:set_dr_f_available:720 - DR_F已就緒: (-95.52, 262.61), Flow1可直接讀取座標
2025-07-24 20:33:05 [DEBUG] AutoFeeding:trigger_ccd1_detection:553 - 發送檢測指令前 - 201狀態: 9
2025-07-24 20:33:05 [DEBUG] AutoFeeding:trigger_ccd1_detection:561 - 已發送控制指令16到寄存器200
2025-07-24 20:33:06 [DEBUG] AutoFeeding:trigger_ccd1_detection:580 - CCD1檢測完成標誌確認
2025-07-24 20:33:06 [INFO] AutoFeeding:feeding_cycle:741 - 週期1474 檢測結果: DR_F=14, 總數=28
2025-07-24 20:33:06 [INFO] AutoFeeding:feeding_cycle:768 - 找到保護區內DR_F: (-95.52, 262.6)
2025-07-24 20:33:06 [INFO] AutoFeeding:set_dr_f_available:720 - DR_F已就緒: (-95.52, 262.6), Flow1可直接讀取座標
2025-07-24 20:33:07 [DEBUG] AutoFeeding:trigger_ccd1_detection:553 - 發送檢測指令前 - 201狀態: 9
2025-07-24 20:33:07 [DEBUG] AutoFeeding:trigger_ccd1_detection:561 - 已發送控制指令16到寄存器200
2025-07-24 20:33:08 [DEBUG] AutoFeeding:trigger_ccd1_detection:580 - CCD1檢測完成標誌確認
2025-07-24 20:33:08 [INFO] AutoFeeding:feeding_cycle:741 - 週期1475 檢測結果: DR_F=14, 總數=28
2025-07-24 20:33:08 [INFO] AutoFeeding:feeding_cycle:768 - 找到保護區內DR_F: (-95.51, 262.61)
2025-07-24 20:33:08 [INFO] AutoFeeding:set_dr_f_available:720 - DR_F已就緒: (-95.51, 262.61), Flow1可直接讀取座標
2025-07-24 20:33:09 [DEBUG] AutoFeeding:trigger_ccd1_detection:553 - 發送檢測指令前 - 201狀態: 9
2025-07-24 20:33:09 [DEBUG] AutoFeeding:trigger_ccd1_detection:561 - 已發送控制指令16到寄存器200
2025-07-24 20:33:10 [DEBUG] AutoFeeding:trigger_ccd1_detection:580 - CCD1檢測完成標誌確認
2025-07-24 20:33:10 [INFO] AutoFeeding:feeding_cycle:741 - 週期1476 檢測結果: DR_F=14, 總數=28
2025-07-24 20:33:10 [INFO] AutoFeeding:feeding_cycle:768 - 找到保護區內DR_F: (-95.52, 262.6)
2025-07-24 20:33:10 [INFO] AutoFeeding:set_dr_f_available:720 - DR_F已就緒: (-95.52, 262.6), Flow1可直接讀取座標
2025-07-24 20:33:11 [DEBUG] AutoFeeding:trigger_ccd1_detection:553 - 發送檢測指令前 - 201狀態: 9
2025-07-24 20:33:11 [DEBUG] AutoFeeding:trigger_ccd1_detection:561 - 已發送控制指令16到寄存器200
2025-07-24 20:33:12 [DEBUG] AutoFeeding:trigger_ccd1_detection:580 - CCD1檢測完成標誌確認
2025-07-24 20:33:12 [INFO] AutoFeeding:feeding_cycle:741 - 週期1477 檢測結果: DR_F=14, 總數=28
2025-07-24 20:33:12 [INFO] AutoFeeding:feeding_cycle:768 - 找到保護區內DR_F: (-95.52, 262.61)
2025-07-24 20:33:12 [INFO] AutoFeeding:set_dr_f_available:720 - DR_F已就緒: (-95.52, 262.61), Flow1可直接讀取座標
2025-07-24 20:33:13 [DEBUG] AutoFeeding:trigger_ccd1_detection:553 - 發送檢測指令前 - 201狀態: 9
2025-07-24 20:33:13 [DEBUG] AutoFeeding:trigger_ccd1_detection:561 - 已發送控制指令16到寄存器200
2025-07-24 20:33:14 [DEBUG] AutoFeeding:trigger_ccd1_detection:580 - CCD1檢測完成標誌確認
2025-07-24 20:33:14 [INFO] AutoFeeding:feeding_cycle:741 - 週期1478 檢測結果: DR_F=14, 總數=28
2025-07-24 20:33:14 [INFO] AutoFeeding:feeding_cycle:768 - 找到保護區內DR_F: (-95.52, 262.6)
2025-07-24 20:33:14 [INFO] AutoFeeding:set_dr_f_available:720 - DR_F已就緒: (-95.52, 262.6), Flow1可直接讀取座標
2025-07-24 20:33:15 [DEBUG] AutoFeeding:trigger_ccd1_detection:553 - 發送檢測指令前 - 201狀態: 9
2025-07-24 20:33:15 [DEBUG] AutoFeeding:trigger_ccd1_detection:561 - 已發送控制指令16到寄存器200
2025-07-24 20:33:16 [DEBUG] AutoFeeding:trigger_ccd1_detection:580 - CCD1檢測完成標誌確認
2025-07-24 20:33:16 [INFO] AutoFeeding:feeding_cycle:741 - 週期1479 檢測結果: DR_F=14, 總數=28
2025-07-24 20:33:16 [INFO] AutoFeeding:feeding_cycle:768 - 找到保護區內DR_F: (-95.52, 262.6)
2025-07-24 20:33:16 [INFO] AutoFeeding:set_dr_f_available:720 - DR_F已就緒: (-95.52, 262.6), Flow1可直接讀取座標
2025-07-24 20:33:17 [DEBUG] AutoFeeding:trigger_ccd1_detection:553 - 發送檢測指令前 - 201狀態: 9
2025-07-24 20:33:17 [DEBUG] AutoFeeding:trigger_ccd1_detection:561 - 已發送控制指令16到寄存器200
2025-07-24 20:33:18 [DEBUG] AutoFeeding:trigger_ccd1_detection:580 - CCD1檢測完成標誌確認
2025-07-24 20:33:18 [INFO] AutoFeeding:feeding_cycle:741 - 週期1480 檢測結果: DR_F=14, 總數=28
2025-07-24 20:33:18 [INFO] AutoFeeding:feeding_cycle:768 - 找到保護區內DR_F: (-95.52, 262.61)
2025-07-24 20:33:18 [INFO] AutoFeeding:set_dr_f_available:720 - DR_F已就緒: (-95.52, 262.61), Flow1可直接讀取座標
2025-07-24 20:33:19 [DEBUG] AutoFeeding:trigger_ccd1_detection:553 - 發送檢測指令前 - 201狀態: 9
2025-07-24 20:33:19 [DEBUG] AutoFeeding:trigger_ccd1_detection:561 - 已發送控制指令16到寄存器200
2025-07-24 20:33:20 [DEBUG] AutoFeeding:trigger_ccd1_detection:580 - CCD1檢測完成標誌確認
2025-07-24 20:33:20 [INFO] AutoFeeding:feeding_cycle:741 - 週期1481 檢測結果: DR_F=14, 總數=28
2025-07-24 20:33:20 [INFO] AutoFeeding:feeding_cycle:768 - 找到保護區內DR_F: (-95.52, 262.6)
2025-07-24 20:33:20 [INFO] AutoFeeding:set_dr_f_available:720 - DR_F已就緒: (-95.52, 262.6), Flow1可直接讀取座標
2025-07-24 20:33:21 [DEBUG] AutoFeeding:trigger_ccd1_detection:553 - 發送檢測指令前 - 201狀態: 9
2025-07-24 20:33:21 [DEBUG] AutoFeeding:trigger_ccd1_detection:561 - 已發送控制指令16到寄存器200
2025-07-24 20:33:22 [DEBUG] AutoFeeding:trigger_ccd1_detection:580 - CCD1檢測完成標誌確認
2025-07-24 20:33:22 [INFO] AutoFeeding:feeding_cycle:741 - 週期1482 檢測結果: DR_F=14, 總數=28
2025-07-24 20:33:22 [INFO] AutoFeeding:feeding_cycle:768 - 找到保護區內DR_F: (-95.52, 262.61)
2025-07-24 20:33:22 [INFO] AutoFeeding:set_dr_f_available:720 - DR_F已就緒: (-95.52, 262.61), Flow1可直接讀取座標
2025-07-24 20:33:23 [DEBUG] AutoFeeding:trigger_ccd1_detection:553 - 發送檢測指令前 - 201狀態: 9
2025-07-24 20:33:23 [DEBUG] AutoFeeding:trigger_ccd1_detection:561 - 已發送控制指令16到寄存器200
2025-07-24 20:33:24 [DEBUG] AutoFeeding:trigger_ccd1_detection:580 - CCD1檢測完成標誌確認
2025-07-24 20:33:24 [INFO] AutoFeeding:feeding_cycle:741 - 週期1483 檢測結果: DR_F=14, 總數=28
2025-07-24 20:33:24 [INFO] AutoFeeding:feeding_cycle:768 - 找到保護區內DR_F: (-95.52, 262.6)
2025-07-24 20:33:24 [INFO] AutoFeeding:set_dr_f_available:720 - DR_F已就緒: (-95.52, 262.6), Flow1可直接讀取座標
2025-07-24 20:33:25 [DEBUG] AutoFeeding:trigger_ccd1_detection:553 - 發送檢測指令前 - 201狀態: 9
2025-07-24 20:33:25 [DEBUG] AutoFeeding:trigger_ccd1_detection:561 - 已發送控制指令16到寄存器200
2025-07-24 20:33:26 [DEBUG] AutoFeeding:trigger_ccd1_detection:580 - CCD1檢測完成標誌確認
2025-07-24 20:33:26 [INFO] AutoFeeding:feeding_cycle:741 - 週期1484 檢測結果: DR_F=14, 總數=28
2025-07-24 20:33:26 [INFO] AutoFeeding:feeding_cycle:768 - 找到保護區內DR_F: (-95.52, 262.61)
2025-07-24 20:33:26 [INFO] AutoFeeding:set_dr_f_available:720 - DR_F已就緒: (-95.52, 262.61), Flow1可直接讀取座標
2025-07-24 20:33:27 [DEBUG] AutoFeeding:trigger_ccd1_detection:553 - 發送檢測指令前 - 201狀態: 9
2025-07-24 20:33:27 [DEBUG] AutoFeeding:trigger_ccd1_detection:561 - 已發送控制指令16到寄存器200
2025-07-24 20:33:28 [DEBUG] AutoFeeding:trigger_ccd1_detection:580 - CCD1檢測完成標誌確認
2025-07-24 20:33:28 [INFO] AutoFeeding:feeding_cycle:741 - 週期1485 檢測結果: DR_F=14, 總數=28
2025-07-24 20:33:28 [INFO] AutoFeeding:feeding_cycle:768 - 找到保護區內DR_F: (-95.52, 262.6)
2025-07-24 20:33:28 [INFO] AutoFeeding:set_dr_f_available:720 - DR_F已就緒: (-95.52, 262.6), Flow1可直接讀取座標
2025-07-24 20:33:29 [DEBUG] AutoFeeding:trigger_ccd1_detection:553 - 發送檢測指令前 - 201狀態: 9
2025-07-24 20:33:29 [DEBUG] AutoFeeding:trigger_ccd1_detection:561 - 已發送控制指令16到寄存器200
2025-07-24 20:33:30 [DEBUG] AutoFeeding:trigger_ccd1_detection:580 - CCD1檢測完成標誌確認
2025-07-24 20:33:30 [INFO] AutoFeeding:feeding_cycle:741 - 週期1486 檢測結果: DR_F=14, 總數=28
2025-07-24 20:33:30 [INFO] AutoFeeding:feeding_cycle:768 - 找到保護區內DR_F: (-95.52, 262.6)
2025-07-24 20:33:30 [INFO] AutoFeeding:set_dr_f_available:720 - DR_F已就緒: (-95.52, 262.6), Flow1可直接讀取座標
2025-07-24 20:33:31 [DEBUG] AutoFeeding:trigger_ccd1_detection:553 - 發送檢測指令前 - 201狀態: 9
2025-07-24 20:33:31 [DEBUG] AutoFeeding:trigger_ccd1_detection:561 - 已發送控制指令16到寄存器200
2025-07-24 20:33:33 [DEBUG] AutoFeeding:trigger_ccd1_detection:580 - CCD1檢測完成標誌確認
2025-07-24 20:33:33 [INFO] AutoFeeding:feeding_cycle:741 - 週期1487 檢測結果: DR_F=14, 總數=28
2025-07-24 20:33:33 [INFO] AutoFeeding:feeding_cycle:768 - 找到保護區內DR_F: (-95.51, 262.61)
2025-07-24 20:33:33 [INFO] AutoFeeding:set_dr_f_available:720 - DR_F已就緒: (-95.51, 262.61), Flow1可直接讀取座標
2025-07-24 20:33:34 [DEBUG] AutoFeeding:trigger_ccd1_detection:553 - 發送檢測指令前 - 201狀態: 9
2025-07-24 20:33:34 [DEBUG] AutoFeeding:trigger_ccd1_detection:561 - 已發送控制指令16到寄存器200
2025-07-24 20:33:35 [DEBUG] AutoFeeding:trigger_ccd1_detection:580 - CCD1檢測完成標誌確認
2025-07-24 20:33:35 [INFO] AutoFeeding:feeding_cycle:741 - 週期1488 檢測結果: DR_F=14, 總數=28
2025-07-24 20:33:35 [INFO] AutoFeeding:feeding_cycle:768 - 找到保護區內DR_F: (-95.52, 262.6)
2025-07-24 20:33:35 [INFO] AutoFeeding:set_dr_f_available:720 - DR_F已就緒: (-95.52, 262.6), Flow1可直接讀取座標
2025-07-24 20:33:36 [DEBUG] AutoFeeding:trigger_ccd1_detection:553 - 發送檢測指令前 - 201狀態: 9
2025-07-24 20:33:36 [DEBUG] AutoFeeding:trigger_ccd1_detection:561 - 已發送控制指令16到寄存器200
2025-07-24 20:33:37 [DEBUG] AutoFeeding:trigger_ccd1_detection:580 - CCD1檢測完成標誌確認
2025-07-24 20:33:37 [INFO] AutoFeeding:feeding_cycle:741 - 週期1489 檢測結果: DR_F=14, 總數=28
2025-07-24 20:33:37 [INFO] AutoFeeding:feeding_cycle:768 - 找到保護區內DR_F: (-95.52, 262.6)
2025-07-24 20:33:37 [INFO] AutoFeeding:set_dr_f_available:720 - DR_F已就緒: (-95.52, 262.6), Flow1可直接讀取座標
2025-07-24 20:33:38 [DEBUG] AutoFeeding:trigger_ccd1_detection:553 - 發送檢測指令前 - 201狀態: 9
2025-07-24 20:33:38 [DEBUG] AutoFeeding:trigger_ccd1_detection:561 - 已發送控制指令16到寄存器200
2025-07-24 20:33:39 [DEBUG] AutoFeeding:trigger_ccd1_detection:580 - CCD1檢測完成標誌確認
2025-07-24 20:33:39 [INFO] AutoFeeding:feeding_cycle:741 - 週期1490 檢測結果: DR_F=14, 總數=28
2025-07-24 20:33:39 [INFO] AutoFeeding:feeding_cycle:768 - 找到保護區內DR_F: (-95.52, 262.6)
2025-07-24 20:33:39 [INFO] AutoFeeding:set_dr_f_available:720 - DR_F已就緒: (-95.52, 262.6), Flow1可直接讀取座標
2025-07-24 20:33:40 [DEBUG] AutoFeeding:trigger_ccd1_detection:553 - 發送檢測指令前 - 201狀態: 9
2025-07-24 20:33:40 [DEBUG] AutoFeeding:trigger_ccd1_detection:561 - 已發送控制指令16到寄存器200
2025-07-24 20:33:41 [DEBUG] AutoFeeding:trigger_ccd1_detection:580 - CCD1檢測完成標誌確認
2025-07-24 20:33:41 [INFO] AutoFeeding:feeding_cycle:741 - 週期1491 檢測結果: DR_F=14, 總數=28
2025-07-24 20:33:41 [INFO] AutoFeeding:feeding_cycle:768 - 找到保護區內DR_F: (-95.52, 262.61)
2025-07-24 20:33:41 [INFO] AutoFeeding:set_dr_f_available:720 - DR_F已就緒: (-95.52, 262.61), Flow1可直接讀取座標
2025-07-24 20:33:42 [DEBUG] AutoFeeding:trigger_ccd1_detection:553 - 發送檢測指令前 - 201狀態: 9
2025-07-24 20:33:42 [DEBUG] AutoFeeding:trigger_ccd1_detection:561 - 已發送控制指令16到寄存器200
2025-07-24 20:33:43 [DEBUG] AutoFeeding:trigger_ccd1_detection:580 - CCD1檢測完成標誌確認
2025-07-24 20:33:43 [INFO] AutoFeeding:feeding_cycle:741 - 週期1492 檢測結果: DR_F=14, 總數=28
2025-07-24 20:33:43 [INFO] AutoFeeding:feeding_cycle:768 - 找到保護區內DR_F: (-95.52, 262.6)
2025-07-24 20:33:43 [INFO] AutoFeeding:set_dr_f_available:720 - DR_F已就緒: (-95.52, 262.6), Flow1可直接讀取座標
2025-07-24 20:33:44 [DEBUG] AutoFeeding:trigger_ccd1_detection:553 - 發送檢測指令前 - 201狀態: 9
2025-07-24 20:33:44 [DEBUG] AutoFeeding:trigger_ccd1_detection:561 - 已發送控制指令16到寄存器200
2025-07-24 20:33:45 [DEBUG] AutoFeeding:trigger_ccd1_detection:580 - CCD1檢測完成標誌確認
2025-07-24 20:33:45 [INFO] AutoFeeding:feeding_cycle:741 - 週期1493 檢測結果: DR_F=14, 總數=28
2025-07-24 20:33:45 [INFO] AutoFeeding:feeding_cycle:768 - 找到保護區內DR_F: (-95.52, 262.6)
2025-07-24 20:33:45 [INFO] AutoFeeding:set_dr_f_available:720 - DR_F已就緒: (-95.52, 262.6), Flow1可直接讀取座標
2025-07-24 20:33:46 [DEBUG] AutoFeeding:trigger_ccd1_detection:553 - 發送檢測指令前 - 201狀態: 9
2025-07-24 20:33:46 [DEBUG] AutoFeeding:trigger_ccd1_detection:561 - 已發送控制指令16到寄存器200
2025-07-24 20:33:47 [DEBUG] AutoFeeding:trigger_ccd1_detection:580 - CCD1檢測完成標誌確認
2025-07-24 20:33:47 [INFO] AutoFeeding:feeding_cycle:741 - 週期1494 檢測結果: DR_F=14, 總數=28
2025-07-24 20:33:47 [INFO] AutoFeeding:feeding_cycle:768 - 找到保護區內DR_F: (-95.52, 262.6)
2025-07-24 20:33:47 [INFO] AutoFeeding:set_dr_f_available:720 - DR_F已就緒: (-95.52, 262.6), Flow1可直接讀取座標
2025-07-24 20:33:48 [DEBUG] AutoFeeding:trigger_ccd1_detection:553 - 發送檢測指令前 - 201狀態: 9
2025-07-24 20:33:48 [DEBUG] AutoFeeding:trigger_ccd1_detection:561 - 已發送控制指令16到寄存器200
2025-07-24 20:33:49 [DEBUG] AutoFeeding:trigger_ccd1_detection:580 - CCD1檢測完成標誌確認
2025-07-24 20:33:49 [INFO] AutoFeeding:feeding_cycle:741 - 週期1495 檢測結果: DR_F=14, 總數=28
2025-07-24 20:33:49 [INFO] AutoFeeding:feeding_cycle:768 - 找到保護區內DR_F: (-95.52, 262.6)
2025-07-24 20:33:49 [INFO] AutoFeeding:set_dr_f_available:720 - DR_F已就緒: (-95.52, 262.6), Flow1可直接讀取座標
2025-07-24 20:33:50 [DEBUG] AutoFeeding:trigger_ccd1_detection:553 - 發送檢測指令前 - 201狀態: 9
2025-07-24 20:33:50 [DEBUG] AutoFeeding:trigger_ccd1_detection:561 - 已發送控制指令16到寄存器200
2025-07-24 20:33:51 [DEBUG] AutoFeeding:trigger_ccd1_detection:580 - CCD1檢測完成標誌確認
2025-07-24 20:33:51 [INFO] AutoFeeding:feeding_cycle:741 - 週期1496 檢測結果: DR_F=14, 總數=28
2025-07-24 20:33:51 [INFO] AutoFeeding:feeding_cycle:768 - 找到保護區內DR_F: (-95.52, 262.6)
2025-07-24 20:33:51 [INFO] AutoFeeding:set_dr_f_available:720 - DR_F已就緒: (-95.52, 262.6), Flow1可直接讀取座標
2025-07-24 20:33:52 [DEBUG] AutoFeeding:trigger_ccd1_detection:553 - 發送檢測指令前 - 201狀態: 9
2025-07-24 20:33:52 [DEBUG] AutoFeeding:trigger_ccd1_detection:561 - 已發送控制指令16到寄存器200
2025-07-24 20:33:53 [DEBUG] AutoFeeding:trigger_ccd1_detection:580 - CCD1檢測完成標誌確認
2025-07-24 20:33:53 [INFO] AutoFeeding:feeding_cycle:741 - 週期1497 檢測結果: DR_F=14, 總數=28
2025-07-24 20:33:53 [INFO] AutoFeeding:feeding_cycle:768 - 找到保護區內DR_F: (-95.52, 262.6)
2025-07-24 20:33:53 [INFO] AutoFeeding:set_dr_f_available:720 - DR_F已就緒: (-95.52, 262.6), Flow1可直接讀取座標
2025-07-24 20:33:54 [DEBUG] AutoFeeding:trigger_ccd1_detection:553 - 發送檢測指令前 - 201狀態: 9
2025-07-24 20:33:54 [DEBUG] AutoFeeding:trigger_ccd1_detection:561 - 已發送控制指令16到寄存器200
2025-07-24 20:33:55 [DEBUG] AutoFeeding:trigger_ccd1_detection:580 - CCD1檢測完成標誌確認
2025-07-24 20:33:55 [INFO] AutoFeeding:feeding_cycle:741 - 週期1498 檢測結果: DR_F=14, 總數=28
2025-07-24 20:33:55 [INFO] AutoFeeding:feeding_cycle:768 - 找到保護區內DR_F: (-95.52, 262.6)
2025-07-24 20:33:55 [INFO] AutoFeeding:set_dr_f_available:720 - DR_F已就緒: (-95.52, 262.6), Flow1可直接讀取座標
2025-07-24 20:33:56 [DEBUG] AutoFeeding:trigger_ccd1_detection:553 - 發送檢測指令前 - 201狀態: 9
2025-07-24 20:33:56 [DEBUG] AutoFeeding:trigger_ccd1_detection:561 - 已發送控制指令16到寄存器200
2025-07-24 20:33:57 [DEBUG] AutoFeeding:trigger_ccd1_detection:580 - CCD1檢測完成標誌確認
2025-07-24 20:33:57 [INFO] AutoFeeding:feeding_cycle:741 - 週期1499 檢測結果: DR_F=14, 總數=28
2025-07-24 20:33:57 [INFO] AutoFeeding:feeding_cycle:768 - 找到保護區內DR_F: (-95.52, 262.61)
2025-07-24 20:33:57 [INFO] AutoFeeding:set_dr_f_available:720 - DR_F已就緒: (-95.52, 262.61), Flow1可直接讀取座標
2025-07-24 20:33:58 [DEBUG] AutoFeeding:trigger_ccd1_detection:553 - 發送檢測指令前 - 201狀態: 9
2025-07-24 20:33:58 [DEBUG] AutoFeeding:trigger_ccd1_detection:561 - 已發送控制指令16到寄存器200
2025-07-24 20:33:59 [DEBUG] AutoFeeding:trigger_ccd1_detection:580 - CCD1檢測完成標誌確認
2025-07-24 20:33:59 [INFO] AutoFeeding:feeding_cycle:741 - 週期1500 檢測結果: DR_F=14, 總數=28
2025-07-24 20:33:59 [INFO] AutoFeeding:feeding_cycle:768 - 找到保護區內DR_F: (-95.52, 262.6)
2025-07-24 20:33:59 [INFO] AutoFeeding:set_dr_f_available:720 - DR_F已就緒: (-95.52, 262.6), Flow1可直接讀取座標
2025-07-24 20:34:00 [DEBUG] AutoFeeding:check_modules_status:480 - CCD1狀態: 9 (Ready=True, Running=False, Alarm=False, Init=True)
2025-07-24 20:34:00 [DEBUG] AutoFeeding:trigger_ccd1_detection:553 - 發送檢測指令前 - 201狀態: 9
2025-07-24 20:34:00 [DEBUG] AutoFeeding:trigger_ccd1_detection:561 - 已發送控制指令16到寄存器200
2025-07-24 20:34:01 [DEBUG] AutoFeeding:trigger_ccd1_detection:580 - CCD1檢測完成標誌確認
2025-07-24 20:34:01 [INFO] AutoFeeding:feeding_cycle:741 - 週期1501 檢測結果: DR_F=14, 總數=28
2025-07-24 20:34:01 [INFO] AutoFeeding:feeding_cycle:768 - 找到保護區內DR_F: (-95.52, 262.6)
2025-07-24 20:34:01 [INFO] AutoFeeding:set_dr_f_available:720 - DR_F已就緒: (-95.52, 262.6), Flow1可直接讀取座標
2025-07-24 20:34:02 [DEBUG] AutoFeeding:check_flow_and_progress_status:432 - Flow監控: 1201=0, 1202=100, 阻擋=False
2025-07-24 20:34:02 [DEBUG] AutoFeeding:trigger_ccd1_detection:553 - 發送檢測指令前 - 201狀態: 9
2025-07-24 20:34:02 [DEBUG] AutoFeeding:trigger_ccd1_detection:561 - 已發送控制指令16到寄存器200
2025-07-24 20:34:03 [DEBUG] AutoFeeding:trigger_ccd1_detection:580 - CCD1檢測完成標誌確認
2025-07-24 20:34:03 [INFO] AutoFeeding:feeding_cycle:741 - 週期1502 檢測結果: DR_F=14, 總數=28
2025-07-24 20:34:03 [INFO] AutoFeeding:feeding_cycle:768 - 找到保護區內DR_F: (-95.52, 262.6)
2025-07-24 20:34:03 [INFO] AutoFeeding:set_dr_f_available:720 - DR_F已就緒: (-95.52, 262.6), Flow1可直接讀取座標
2025-07-24 20:34:04 [DEBUG] AutoFeeding:trigger_ccd1_detection:553 - 發送檢測指令前 - 201狀態: 9
2025-07-24 20:34:04 [DEBUG] AutoFeeding:trigger_ccd1_detection:561 - 已發送控制指令16到寄存器200
2025-07-24 20:34:05 [DEBUG] AutoFeeding:trigger_ccd1_detection:580 - CCD1檢測完成標誌確認
2025-07-24 20:34:05 [INFO] AutoFeeding:feeding_cycle:741 - 週期1503 檢測結果: DR_F=14, 總數=28
2025-07-24 20:34:05 [INFO] AutoFeeding:feeding_cycle:768 - 找到保護區內DR_F: (-95.52, 262.6)
2025-07-24 20:34:05 [INFO] AutoFeeding:set_dr_f_available:720 - DR_F已就緒: (-95.52, 262.6), Flow1可直接讀取座標
2025-07-24 20:34:06 [DEBUG] AutoFeeding:trigger_ccd1_detection:553 - 發送檢測指令前 - 201狀態: 9
2025-07-24 20:34:06 [DEBUG] AutoFeeding:trigger_ccd1_detection:561 - 已發送控制指令16到寄存器200
2025-07-24 20:34:07 [DEBUG] AutoFeeding:trigger_ccd1_detection:580 - CCD1檢測完成標誌確認
2025-07-24 20:34:07 [INFO] AutoFeeding:feeding_cycle:741 - 週期1504 檢測結果: DR_F=14, 總數=28
2025-07-24 20:34:07 [INFO] AutoFeeding:feeding_cycle:768 - 找到保護區內DR_F: (-95.52, 262.6)
2025-07-24 20:34:07 [INFO] AutoFeeding:set_dr_f_available:720 - DR_F已就緒: (-95.52, 262.6), Flow1可直接讀取座標
2025-07-24 20:34:08 [DEBUG] AutoFeeding:trigger_ccd1_detection:553 - 發送檢測指令前 - 201狀態: 9
2025-07-24 20:34:08 [DEBUG] AutoFeeding:trigger_ccd1_detection:561 - 已發送控制指令16到寄存器200
2025-07-24 20:34:09 [DEBUG] AutoFeeding:trigger_ccd1_detection:580 - CCD1檢測完成標誌確認
2025-07-24 20:34:09 [INFO] AutoFeeding:feeding_cycle:741 - 週期1505 檢測結果: DR_F=14, 總數=28
2025-07-24 20:34:09 [INFO] AutoFeeding:feeding_cycle:768 - 找到保護區內DR_F: (-95.51, 262.6)
2025-07-24 20:34:09 [INFO] AutoFeeding:set_dr_f_available:720 - DR_F已就緒: (-95.51, 262.6), Flow1可直接讀取座標
2025-07-24 20:34:10 [DEBUG] AutoFeeding:trigger_ccd1_detection:553 - 發送檢測指令前 - 201狀態: 9
2025-07-24 20:34:10 [DEBUG] AutoFeeding:trigger_ccd1_detection:561 - 已發送控制指令16到寄存器200
2025-07-24 20:34:11 [DEBUG] AutoFeeding:trigger_ccd1_detection:580 - CCD1檢測完成標誌確認
2025-07-24 20:34:11 [INFO] AutoFeeding:feeding_cycle:741 - 週期1506 檢測結果: DR_F=14, 總數=28
2025-07-24 20:34:11 [INFO] AutoFeeding:feeding_cycle:768 - 找到保護區內DR_F: (-95.52, 262.61)
2025-07-24 20:34:11 [INFO] AutoFeeding:set_dr_f_available:720 - DR_F已就緒: (-95.52, 262.61), Flow1可直接讀取座標
2025-07-24 20:34:12 [DEBUG] AutoFeeding:trigger_ccd1_detection:553 - 發送檢測指令前 - 201狀態: 9
2025-07-24 20:34:12 [DEBUG] AutoFeeding:trigger_ccd1_detection:561 - 已發送控制指令16到寄存器200
2025-07-24 20:34:13 [DEBUG] AutoFeeding:trigger_ccd1_detection:580 - CCD1檢測完成標誌確認
2025-07-24 20:34:13 [INFO] AutoFeeding:feeding_cycle:741 - 週期1507 檢測結果: DR_F=14, 總數=28
2025-07-24 20:34:13 [INFO] AutoFeeding:feeding_cycle:768 - 找到保護區內DR_F: (-95.52, 262.6)
2025-07-24 20:34:13 [INFO] AutoFeeding:set_dr_f_available:720 - DR_F已就緒: (-95.52, 262.6), Flow1可直接讀取座標
2025-07-24 20:34:14 [DEBUG] AutoFeeding:trigger_ccd1_detection:553 - 發送檢測指令前 - 201狀態: 9
2025-07-24 20:34:14 [DEBUG] AutoFeeding:trigger_ccd1_detection:561 - 已發送控制指令16到寄存器200
2025-07-24 20:34:15 [DEBUG] AutoFeeding:trigger_ccd1_detection:580 - CCD1檢測完成標誌確認
2025-07-24 20:34:15 [INFO] AutoFeeding:feeding_cycle:741 - 週期1508 檢測結果: DR_F=14, 總數=28
2025-07-24 20:34:15 [INFO] AutoFeeding:feeding_cycle:768 - 找到保護區內DR_F: (-95.52, 262.6)
2025-07-24 20:34:15 [INFO] AutoFeeding:set_dr_f_available:720 - DR_F已就緒: (-95.52, 262.6), Flow1可直接讀取座標
2025-07-24 20:34:16 [DEBUG] AutoFeeding:trigger_ccd1_detection:553 - 發送檢測指令前 - 201狀態: 9
2025-07-24 20:34:16 [DEBUG] AutoFeeding:trigger_ccd1_detection:561 - 已發送控制指令16到寄存器200
2025-07-24 20:34:18 [DEBUG] AutoFeeding:trigger_ccd1_detection:580 - CCD1檢測完成標誌確認
2025-07-24 20:34:18 [INFO] AutoFeeding:feeding_cycle:741 - 週期1509 檢測結果: DR_F=14, 總數=28
2025-07-24 20:34:18 [INFO] AutoFeeding:feeding_cycle:768 - 找到保護區內DR_F: (-95.52, 262.6)
2025-07-24 20:34:18 [INFO] AutoFeeding:set_dr_f_available:720 - DR_F已就緒: (-95.52, 262.6), Flow1可直接讀取座標
2025-07-24 20:34:19 [DEBUG] AutoFeeding:trigger_ccd1_detection:553 - 發送檢測指令前 - 201狀態: 9
2025-07-24 20:34:19 [DEBUG] AutoFeeding:trigger_ccd1_detection:561 - 已發送控制指令16到寄存器200
2025-07-24 20:34:20 [DEBUG] AutoFeeding:trigger_ccd1_detection:580 - CCD1檢測完成標誌確認
2025-07-24 20:34:20 [INFO] AutoFeeding:feeding_cycle:741 - 週期1510 檢測結果: DR_F=14, 總數=28
2025-07-24 20:34:20 [INFO] AutoFeeding:feeding_cycle:768 - 找到保護區內DR_F: (-95.52, 262.6)
2025-07-24 20:34:20 [INFO] AutoFeeding:set_dr_f_available:720 - DR_F已就緒: (-95.52, 262.6), Flow1可直接讀取座標
2025-07-24 20:34:21 [DEBUG] AutoFeeding:trigger_ccd1_detection:553 - 發送檢測指令前 - 201狀態: 9
2025-07-24 20:34:21 [DEBUG] AutoFeeding:trigger_ccd1_detection:561 - 已發送控制指令16到寄存器200
2025-07-24 20:34:22 [DEBUG] AutoFeeding:trigger_ccd1_detection:580 - CCD1檢測完成標誌確認
2025-07-24 20:34:22 [INFO] AutoFeeding:feeding_cycle:741 - 週期1511 檢測結果: DR_F=14, 總數=28
2025-07-24 20:34:22 [INFO] AutoFeeding:feeding_cycle:768 - 找到保護區內DR_F: (-95.52, 262.61)
2025-07-24 20:34:22 [INFO] AutoFeeding:set_dr_f_available:720 - DR_F已就緒: (-95.52, 262.61), Flow1可直接讀取座標
2025-07-24 20:34:23 [DEBUG] AutoFeeding:trigger_ccd1_detection:553 - 發送檢測指令前 - 201狀態: 9
2025-07-24 20:34:23 [DEBUG] AutoFeeding:trigger_ccd1_detection:561 - 已發送控制指令16到寄存器200
2025-07-24 20:34:24 [DEBUG] AutoFeeding:trigger_ccd1_detection:580 - CCD1檢測完成標誌確認
2025-07-24 20:34:24 [INFO] AutoFeeding:feeding_cycle:741 - 週期1512 檢測結果: DR_F=14, 總數=28
2025-07-24 20:34:24 [INFO] AutoFeeding:feeding_cycle:768 - 找到保護區內DR_F: (-95.52, 262.6)
2025-07-24 20:34:24 [INFO] AutoFeeding:set_dr_f_available:720 - DR_F已就緒: (-95.52, 262.6), Flow1可直接讀取座標
2025-07-24 20:34:25 [DEBUG] AutoFeeding:trigger_ccd1_detection:553 - 發送檢測指令前 - 201狀態: 9
2025-07-24 20:34:25 [DEBUG] AutoFeeding:trigger_ccd1_detection:561 - 已發送控制指令16到寄存器200
2025-07-24 20:34:26 [DEBUG] AutoFeeding:trigger_ccd1_detection:580 - CCD1檢測完成標誌確認
2025-07-24 20:34:26 [INFO] AutoFeeding:feeding_cycle:741 - 週期1513 檢測結果: DR_F=14, 總數=28
2025-07-24 20:34:26 [INFO] AutoFeeding:feeding_cycle:768 - 找到保護區內DR_F: (-95.52, 262.61)
2025-07-24 20:34:26 [INFO] AutoFeeding:set_dr_f_available:720 - DR_F已就緒: (-95.52, 262.61), Flow1可直接讀取座標
2025-07-24 20:34:27 [DEBUG] AutoFeeding:trigger_ccd1_detection:553 - 發送檢測指令前 - 201狀態: 9
2025-07-24 20:34:27 [DEBUG] AutoFeeding:trigger_ccd1_detection:561 - 已發送控制指令16到寄存器200
2025-07-24 20:34:28 [DEBUG] AutoFeeding:trigger_ccd1_detection:580 - CCD1檢測完成標誌確認
2025-07-24 20:34:28 [INFO] AutoFeeding:feeding_cycle:741 - 週期1514 檢測結果: DR_F=14, 總數=28
2025-07-24 20:34:28 [INFO] AutoFeeding:feeding_cycle:768 - 找到保護區內DR_F: (-95.52, 262.61)
2025-07-24 20:34:28 [INFO] AutoFeeding:set_dr_f_available:720 - DR_F已就緒: (-95.52, 262.61), Flow1可直接讀取座標
2025-07-24 20:34:29 [DEBUG] AutoFeeding:trigger_ccd1_detection:553 - 發送檢測指令前 - 201狀態: 9
2025-07-24 20:34:29 [DEBUG] AutoFeeding:trigger_ccd1_detection:561 - 已發送控制指令16到寄存器200
2025-07-24 20:34:30 [DEBUG] AutoFeeding:trigger_ccd1_detection:580 - CCD1檢測完成標誌確認
2025-07-24 20:34:30 [INFO] AutoFeeding:feeding_cycle:741 - 週期1515 檢測結果: DR_F=14, 總數=28
2025-07-24 20:34:30 [INFO] AutoFeeding:feeding_cycle:768 - 找到保護區內DR_F: (-95.52, 262.61)
2025-07-24 20:34:30 [INFO] AutoFeeding:set_dr_f_available:720 - DR_F已就緒: (-95.52, 262.61), Flow1可直接讀取座標
2025-07-24 20:34:31 [DEBUG] AutoFeeding:trigger_ccd1_detection:553 - 發送檢測指令前 - 201狀態: 9
2025-07-24 20:34:31 [DEBUG] AutoFeeding:trigger_ccd1_detection:561 - 已發送控制指令16到寄存器200
2025-07-24 20:34:32 [DEBUG] AutoFeeding:trigger_ccd1_detection:580 - CCD1檢測完成標誌確認
2025-07-24 20:34:32 [INFO] AutoFeeding:feeding_cycle:741 - 週期1516 檢測結果: DR_F=14, 總數=28
2025-07-24 20:34:32 [INFO] AutoFeeding:feeding_cycle:768 - 找到保護區內DR_F: (-95.52, 262.6)
2025-07-24 20:34:32 [INFO] AutoFeeding:set_dr_f_available:720 - DR_F已就緒: (-95.52, 262.6), Flow1可直接讀取座標
2025-07-24 20:34:33 [DEBUG] AutoFeeding:trigger_ccd1_detection:553 - 發送檢測指令前 - 201狀態: 9
2025-07-24 20:34:33 [DEBUG] AutoFeeding:trigger_ccd1_detection:561 - 已發送控制指令16到寄存器200
2025-07-24 20:34:34 [DEBUG] AutoFeeding:trigger_ccd1_detection:580 - CCD1檢測完成標誌確認
2025-07-24 20:34:34 [INFO] AutoFeeding:feeding_cycle:741 - 週期1517 檢測結果: DR_F=14, 總數=28
2025-07-24 20:34:34 [INFO] AutoFeeding:feeding_cycle:768 - 找到保護區內DR_F: (-95.52, 262.61)
2025-07-24 20:34:34 [INFO] AutoFeeding:set_dr_f_available:720 - DR_F已就緒: (-95.52, 262.61), Flow1可直接讀取座標
2025-07-24 20:34:35 [DEBUG] AutoFeeding:trigger_ccd1_detection:553 - 發送檢測指令前 - 201狀態: 9
2025-07-24 20:34:35 [DEBUG] AutoFeeding:trigger_ccd1_detection:561 - 已發送控制指令16到寄存器200
2025-07-24 20:34:36 [DEBUG] AutoFeeding:trigger_ccd1_detection:580 - CCD1檢測完成標誌確認
2025-07-24 20:34:36 [INFO] AutoFeeding:feeding_cycle:741 - 週期1518 檢測結果: DR_F=14, 總數=28
2025-07-24 20:34:36 [INFO] AutoFeeding:feeding_cycle:768 - 找到保護區內DR_F: (-95.51, 262.6)
2025-07-24 20:34:36 [INFO] AutoFeeding:set_dr_f_available:720 - DR_F已就緒: (-95.51, 262.6), Flow1可直接讀取座標
2025-07-24 20:34:37 [DEBUG] AutoFeeding:trigger_ccd1_detection:553 - 發送檢測指令前 - 201狀態: 9
2025-07-24 20:34:37 [DEBUG] AutoFeeding:trigger_ccd1_detection:561 - 已發送控制指令16到寄存器200
2025-07-24 20:34:38 [DEBUG] AutoFeeding:trigger_ccd1_detection:580 - CCD1檢測完成標誌確認
2025-07-24 20:34:38 [INFO] AutoFeeding:feeding_cycle:741 - 週期1519 檢測結果: DR_F=14, 總數=28
2025-07-24 20:34:38 [INFO] AutoFeeding:feeding_cycle:768 - 找到保護區內DR_F: (-95.52, 262.6)
2025-07-24 20:34:38 [INFO] AutoFeeding:set_dr_f_available:720 - DR_F已就緒: (-95.52, 262.6), Flow1可直接讀取座標
2025-07-24 20:34:39 [DEBUG] AutoFeeding:trigger_ccd1_detection:553 - 發送檢測指令前 - 201狀態: 9
2025-07-24 20:34:39 [DEBUG] AutoFeeding:trigger_ccd1_detection:561 - 已發送控制指令16到寄存器200
2025-07-24 20:34:40 [DEBUG] AutoFeeding:trigger_ccd1_detection:580 - CCD1檢測完成標誌確認
2025-07-24 20:34:40 [INFO] AutoFeeding:feeding_cycle:741 - 週期1520 檢測結果: DR_F=14, 總數=28
2025-07-24 20:34:40 [INFO] AutoFeeding:feeding_cycle:768 - 找到保護區內DR_F: (-95.51, 262.6)
2025-07-24 20:34:40 [INFO] AutoFeeding:set_dr_f_available:720 - DR_F已就緒: (-95.51, 262.6), Flow1可直接讀取座標
2025-07-24 20:34:41 [DEBUG] AutoFeeding:trigger_ccd1_detection:553 - 發送檢測指令前 - 201狀態: 9
2025-07-24 20:34:41 [DEBUG] AutoFeeding:trigger_ccd1_detection:561 - 已發送控制指令16到寄存器200
2025-07-24 20:34:42 [DEBUG] AutoFeeding:trigger_ccd1_detection:580 - CCD1檢測完成標誌確認
2025-07-24 20:34:42 [INFO] AutoFeeding:feeding_cycle:741 - 週期1521 檢測結果: DR_F=14, 總數=28
2025-07-24 20:34:42 [INFO] AutoFeeding:feeding_cycle:768 - 找到保護區內DR_F: (-95.52, 262.6)
2025-07-24 20:34:42 [INFO] AutoFeeding:set_dr_f_available:720 - DR_F已就緒: (-95.52, 262.6), Flow1可直接讀取座標
2025-07-24 20:34:43 [DEBUG] AutoFeeding:trigger_ccd1_detection:553 - 發送檢測指令前 - 201狀態: 9
2025-07-24 20:34:43 [DEBUG] AutoFeeding:trigger_ccd1_detection:561 - 已發送控制指令16到寄存器200
2025-07-24 20:34:44 [DEBUG] AutoFeeding:trigger_ccd1_detection:580 - CCD1檢測完成標誌確認
2025-07-24 20:34:44 [INFO] AutoFeeding:feeding_cycle:741 - 週期1522 檢測結果: DR_F=14, 總數=28
2025-07-24 20:34:44 [INFO] AutoFeeding:feeding_cycle:768 - 找到保護區內DR_F: (-95.52, 262.6)
2025-07-24 20:34:44 [INFO] AutoFeeding:set_dr_f_available:720 - DR_F已就緒: (-95.52, 262.6), Flow1可直接讀取座標
2025-07-24 20:34:45 [DEBUG] AutoFeeding:trigger_ccd1_detection:553 - 發送檢測指令前 - 201狀態: 9
2025-07-24 20:34:45 [DEBUG] AutoFeeding:trigger_ccd1_detection:561 - 已發送控制指令16到寄存器200
2025-07-24 20:34:46 [DEBUG] AutoFeeding:trigger_ccd1_detection:580 - CCD1檢測完成標誌確認
2025-07-24 20:34:46 [INFO] AutoFeeding:feeding_cycle:741 - 週期1523 檢測結果: DR_F=14, 總數=28
2025-07-24 20:34:46 [INFO] AutoFeeding:feeding_cycle:768 - 找到保護區內DR_F: (-95.52, 262.6)
2025-07-24 20:34:46 [INFO] AutoFeeding:set_dr_f_available:720 - DR_F已就緒: (-95.52, 262.6), Flow1可直接讀取座標
2025-07-24 20:34:47 [DEBUG] AutoFeeding:trigger_ccd1_detection:553 - 發送檢測指令前 - 201狀態: 9
2025-07-24 20:34:47 [DEBUG] AutoFeeding:trigger_ccd1_detection:561 - 已發送控制指令16到寄存器200
2025-07-24 20:34:48 [DEBUG] AutoFeeding:trigger_ccd1_detection:580 - CCD1檢測完成標誌確認
2025-07-24 20:34:48 [INFO] AutoFeeding:feeding_cycle:741 - 週期1524 檢測結果: DR_F=14, 總數=28
2025-07-24 20:34:48 [INFO] AutoFeeding:feeding_cycle:768 - 找到保護區內DR_F: (-95.52, 262.61)
2025-07-24 20:34:48 [INFO] AutoFeeding:set_dr_f_available:720 - DR_F已就緒: (-95.52, 262.61), Flow1可直接讀取座標
2025-07-24 20:34:49 [DEBUG] AutoFeeding:trigger_ccd1_detection:553 - 發送檢測指令前 - 201狀態: 9
2025-07-24 20:34:49 [DEBUG] AutoFeeding:trigger_ccd1_detection:561 - 已發送控制指令16到寄存器200
2025-07-24 20:34:50 [DEBUG] AutoFeeding:trigger_ccd1_detection:580 - CCD1檢測完成標誌確認
2025-07-24 20:34:50 [INFO] AutoFeeding:feeding_cycle:741 - 週期1525 檢測結果: DR_F=14, 總數=28
2025-07-24 20:34:50 [INFO] AutoFeeding:feeding_cycle:768 - 找到保護區內DR_F: (-95.51, 262.6)
2025-07-24 20:34:50 [INFO] AutoFeeding:set_dr_f_available:720 - DR_F已就緒: (-95.51, 262.6), Flow1可直接讀取座標
2025-07-24 20:34:51 [DEBUG] AutoFeeding:trigger_ccd1_detection:553 - 發送檢測指令前 - 201狀態: 9
2025-07-24 20:34:51 [DEBUG] AutoFeeding:trigger_ccd1_detection:561 - 已發送控制指令16到寄存器200
2025-07-24 20:34:52 [DEBUG] AutoFeeding:trigger_ccd1_detection:580 - CCD1檢測完成標誌確認
2025-07-24 20:34:52 [INFO] AutoFeeding:feeding_cycle:741 - 週期1526 檢測結果: DR_F=14, 總數=28
2025-07-24 20:34:52 [INFO] AutoFeeding:feeding_cycle:768 - 找到保護區內DR_F: (-95.52, 262.61)
2025-07-24 20:34:52 [INFO] AutoFeeding:set_dr_f_available:720 - DR_F已就緒: (-95.52, 262.61), Flow1可直接讀取座標
2025-07-24 20:34:53 [DEBUG] AutoFeeding:trigger_ccd1_detection:553 - 發送檢測指令前 - 201狀態: 9
2025-07-24 20:34:53 [DEBUG] AutoFeeding:trigger_ccd1_detection:561 - 已發送控制指令16到寄存器200
2025-07-24 20:34:54 [DEBUG] AutoFeeding:trigger_ccd1_detection:580 - CCD1檢測完成標誌確認
2025-07-24 20:34:54 [INFO] AutoFeeding:feeding_cycle:741 - 週期1527 檢測結果: DR_F=14, 總數=28
2025-07-24 20:34:54 [INFO] AutoFeeding:feeding_cycle:768 - 找到保護區內DR_F: (-95.52, 262.61)
2025-07-24 20:34:54 [INFO] AutoFeeding:set_dr_f_available:720 - DR_F已就緒: (-95.52, 262.61), Flow1可直接讀取座標
2025-07-24 20:34:55 [DEBUG] AutoFeeding:trigger_ccd1_detection:553 - 發送檢測指令前 - 201狀態: 9
2025-07-24 20:34:55 [DEBUG] AutoFeeding:trigger_ccd1_detection:561 - 已發送控制指令16到寄存器200
2025-07-24 20:34:56 [DEBUG] AutoFeeding:trigger_ccd1_detection:580 - CCD1檢測完成標誌確認
2025-07-24 20:34:56 [INFO] AutoFeeding:feeding_cycle:741 - 週期1528 檢測結果: DR_F=14, 總數=28
2025-07-24 20:34:56 [INFO] AutoFeeding:feeding_cycle:768 - 找到保護區內DR_F: (-95.52, 262.61)
2025-07-24 20:34:56 [INFO] AutoFeeding:set_dr_f_available:720 - DR_F已就緒: (-95.52, 262.61), Flow1可直接讀取座標
2025-07-24 20:34:57 [DEBUG] AutoFeeding:trigger_ccd1_detection:553 - 發送檢測指令前 - 201狀態: 9
2025-07-24 20:34:57 [DEBUG] AutoFeeding:trigger_ccd1_detection:561 - 已發送控制指令16到寄存器200
2025-07-24 20:34:58 [DEBUG] AutoFeeding:trigger_ccd1_detection:580 - CCD1檢測完成標誌確認
2025-07-24 20:34:58 [INFO] AutoFeeding:feeding_cycle:741 - 週期1529 檢測結果: DR_F=14, 總數=28
2025-07-24 20:34:58 [INFO] AutoFeeding:feeding_cycle:768 - 找到保護區內DR_F: (-95.52, 262.61)
2025-07-24 20:34:58 [INFO] AutoFeeding:set_dr_f_available:720 - DR_F已就緒: (-95.52, 262.61), Flow1可直接讀取座標
2025-07-24 20:34:59 [DEBUG] AutoFeeding:trigger_ccd1_detection:553 - 發送檢測指令前 - 201狀態: 9
2025-07-24 20:34:59 [DEBUG] AutoFeeding:trigger_ccd1_detection:561 - 已發送控制指令16到寄存器200
2025-07-24 20:35:01 [DEBUG] AutoFeeding:trigger_ccd1_detection:580 - CCD1檢測完成標誌確認
2025-07-24 20:35:01 [INFO] AutoFeeding:feeding_cycle:741 - 週期1530 檢測結果: DR_F=14, 總數=28
2025-07-24 20:35:01 [INFO] AutoFeeding:feeding_cycle:768 - 找到保護區內DR_F: (-95.52, 262.61)
2025-07-24 20:35:01 [INFO] AutoFeeding:set_dr_f_available:720 - DR_F已就緒: (-95.52, 262.61), Flow1可直接讀取座標
2025-07-24 20:35:02 [DEBUG] AutoFeeding:trigger_ccd1_detection:553 - 發送檢測指令前 - 201狀態: 9
2025-07-24 20:35:02 [DEBUG] AutoFeeding:trigger_ccd1_detection:561 - 已發送控制指令16到寄存器200
2025-07-24 20:35:03 [DEBUG] AutoFeeding:trigger_ccd1_detection:580 - CCD1檢測完成標誌確認
2025-07-24 20:35:03 [INFO] AutoFeeding:feeding_cycle:741 - 週期1531 檢測結果: DR_F=14, 總數=28
2025-07-24 20:35:03 [INFO] AutoFeeding:feeding_cycle:768 - 找到保護區內DR_F: (-95.51, 262.6)
2025-07-24 20:35:03 [INFO] AutoFeeding:set_dr_f_available:720 - DR_F已就緒: (-95.51, 262.6), Flow1可直接讀取座標
2025-07-24 20:35:04 [DEBUG] AutoFeeding:trigger_ccd1_detection:553 - 發送檢測指令前 - 201狀態: 9
2025-07-24 20:35:04 [DEBUG] AutoFeeding:trigger_ccd1_detection:561 - 已發送控制指令16到寄存器200
2025-07-24 20:35:05 [DEBUG] AutoFeeding:trigger_ccd1_detection:580 - CCD1檢測完成標誌確認
2025-07-24 20:35:05 [INFO] AutoFeeding:feeding_cycle:741 - 週期1532 檢測結果: DR_F=14, 總數=28
2025-07-24 20:35:05 [INFO] AutoFeeding:feeding_cycle:768 - 找到保護區內DR_F: (-95.52, 262.61)
2025-07-24 20:35:05 [INFO] AutoFeeding:set_dr_f_available:720 - DR_F已就緒: (-95.52, 262.61), Flow1可直接讀取座標
2025-07-24 20:35:06 [DEBUG] AutoFeeding:trigger_ccd1_detection:553 - 發送檢測指令前 - 201狀態: 9
2025-07-24 20:35:06 [DEBUG] AutoFeeding:trigger_ccd1_detection:561 - 已發送控制指令16到寄存器200
2025-07-24 20:35:07 [DEBUG] AutoFeeding:trigger_ccd1_detection:580 - CCD1檢測完成標誌確認
2025-07-24 20:35:07 [INFO] AutoFeeding:feeding_cycle:741 - 週期1533 檢測結果: DR_F=14, 總數=28
2025-07-24 20:35:07 [INFO] AutoFeeding:feeding_cycle:768 - 找到保護區內DR_F: (-95.52, 262.6)
2025-07-24 20:35:07 [INFO] AutoFeeding:set_dr_f_available:720 - DR_F已就緒: (-95.52, 262.6), Flow1可直接讀取座標
2025-07-24 20:35:08 [DEBUG] AutoFeeding:trigger_ccd1_detection:553 - 發送檢測指令前 - 201狀態: 9
2025-07-24 20:35:08 [DEBUG] AutoFeeding:trigger_ccd1_detection:561 - 已發送控制指令16到寄存器200
2025-07-24 20:35:09 [DEBUG] AutoFeeding:trigger_ccd1_detection:580 - CCD1檢測完成標誌確認
2025-07-24 20:35:09 [INFO] AutoFeeding:feeding_cycle:741 - 週期1534 檢測結果: DR_F=14, 總數=28
2025-07-24 20:35:09 [INFO] AutoFeeding:feeding_cycle:768 - 找到保護區內DR_F: (-95.52, 262.6)
2025-07-24 20:35:09 [INFO] AutoFeeding:set_dr_f_available:720 - DR_F已就緒: (-95.52, 262.6), Flow1可直接讀取座標
2025-07-24 20:35:10 [DEBUG] AutoFeeding:trigger_ccd1_detection:553 - 發送檢測指令前 - 201狀態: 9
2025-07-24 20:35:10 [DEBUG] AutoFeeding:trigger_ccd1_detection:561 - 已發送控制指令16到寄存器200
2025-07-24 20:35:11 [DEBUG] AutoFeeding:trigger_ccd1_detection:580 - CCD1檢測完成標誌確認
2025-07-24 20:35:11 [INFO] AutoFeeding:feeding_cycle:741 - 週期1535 檢測結果: DR_F=14, 總數=28
2025-07-24 20:35:11 [INFO] AutoFeeding:feeding_cycle:768 - 找到保護區內DR_F: (-95.52, 262.61)
2025-07-24 20:35:11 [INFO] AutoFeeding:set_dr_f_available:720 - DR_F已就緒: (-95.52, 262.61), Flow1可直接讀取座標
2025-07-24 20:35:12 [DEBUG] AutoFeeding:trigger_ccd1_detection:553 - 發送檢測指令前 - 201狀態: 9
2025-07-24 20:35:12 [DEBUG] AutoFeeding:trigger_ccd1_detection:561 - 已發送控制指令16到寄存器200
2025-07-24 20:35:13 [DEBUG] AutoFeeding:trigger_ccd1_detection:580 - CCD1檢測完成標誌確認
2025-07-24 20:35:13 [INFO] AutoFeeding:feeding_cycle:741 - 週期1536 檢測結果: DR_F=14, 總數=28
2025-07-24 20:35:13 [INFO] AutoFeeding:feeding_cycle:768 - 找到保護區內DR_F: (-95.52, 262.6)
2025-07-24 20:35:13 [INFO] AutoFeeding:set_dr_f_available:720 - DR_F已就緒: (-95.52, 262.6), Flow1可直接讀取座標
2025-07-24 20:35:14 [DEBUG] AutoFeeding:trigger_ccd1_detection:553 - 發送檢測指令前 - 201狀態: 9
2025-07-24 20:35:14 [DEBUG] AutoFeeding:trigger_ccd1_detection:561 - 已發送控制指令16到寄存器200
2025-07-24 20:35:15 [DEBUG] AutoFeeding:trigger_ccd1_detection:580 - CCD1檢測完成標誌確認
2025-07-24 20:35:15 [INFO] AutoFeeding:feeding_cycle:741 - 週期1537 檢測結果: DR_F=14, 總數=28
2025-07-24 20:35:15 [INFO] AutoFeeding:feeding_cycle:768 - 找到保護區內DR_F: (-95.52, 262.6)
2025-07-24 20:35:15 [INFO] AutoFeeding:set_dr_f_available:720 - DR_F已就緒: (-95.52, 262.6), Flow1可直接讀取座標
2025-07-24 20:35:16 [DEBUG] AutoFeeding:trigger_ccd1_detection:553 - 發送檢測指令前 - 201狀態: 9
2025-07-24 20:35:16 [DEBUG] AutoFeeding:trigger_ccd1_detection:561 - 已發送控制指令16到寄存器200
2025-07-24 20:35:17 [DEBUG] AutoFeeding:trigger_ccd1_detection:580 - CCD1檢測完成標誌確認
2025-07-24 20:35:17 [INFO] AutoFeeding:feeding_cycle:741 - 週期1538 檢測結果: DR_F=14, 總數=28
2025-07-24 20:35:17 [INFO] AutoFeeding:feeding_cycle:768 - 找到保護區內DR_F: (-95.52, 262.61)
2025-07-24 20:35:17 [INFO] AutoFeeding:set_dr_f_available:720 - DR_F已就緒: (-95.52, 262.61), Flow1可直接讀取座標
2025-07-24 20:35:18 [DEBUG] AutoFeeding:trigger_ccd1_detection:553 - 發送檢測指令前 - 201狀態: 9
2025-07-24 20:35:18 [DEBUG] AutoFeeding:trigger_ccd1_detection:561 - 已發送控制指令16到寄存器200
2025-07-24 20:35:19 [DEBUG] AutoFeeding:trigger_ccd1_detection:580 - CCD1檢測完成標誌確認
2025-07-24 20:35:19 [INFO] AutoFeeding:feeding_cycle:741 - 週期1539 檢測結果: DR_F=14, 總數=28
2025-07-24 20:35:19 [INFO] AutoFeeding:feeding_cycle:768 - 找到保護區內DR_F: (-95.51, 262.61)
2025-07-24 20:35:19 [INFO] AutoFeeding:set_dr_f_available:720 - DR_F已就緒: (-95.51, 262.61), Flow1可直接讀取座標
2025-07-24 20:35:20 [DEBUG] AutoFeeding:trigger_ccd1_detection:553 - 發送檢測指令前 - 201狀態: 9
2025-07-24 20:35:20 [DEBUG] AutoFeeding:trigger_ccd1_detection:561 - 已發送控制指令16到寄存器200
2025-07-24 20:35:21 [DEBUG] AutoFeeding:trigger_ccd1_detection:580 - CCD1檢測完成標誌確認
2025-07-24 20:35:21 [INFO] AutoFeeding:feeding_cycle:741 - 週期1540 檢測結果: DR_F=14, 總數=28
2025-07-24 20:35:21 [INFO] AutoFeeding:feeding_cycle:768 - 找到保護區內DR_F: (-95.52, 262.6)
2025-07-24 20:35:21 [INFO] AutoFeeding:set_dr_f_available:720 - DR_F已就緒: (-95.52, 262.6), Flow1可直接讀取座標
2025-07-24 20:35:22 [DEBUG] AutoFeeding:trigger_ccd1_detection:553 - 發送檢測指令前 - 201狀態: 9
2025-07-24 20:35:22 [DEBUG] AutoFeeding:trigger_ccd1_detection:561 - 已發送控制指令16到寄存器200
2025-07-24 20:35:23 [DEBUG] AutoFeeding:trigger_ccd1_detection:580 - CCD1檢測完成標誌確認
2025-07-24 20:35:23 [INFO] AutoFeeding:feeding_cycle:741 - 週期1541 檢測結果: DR_F=14, 總數=28
2025-07-24 20:35:23 [INFO] AutoFeeding:feeding_cycle:768 - 找到保護區內DR_F: (-95.52, 262.61)
2025-07-24 20:35:23 [INFO] AutoFeeding:set_dr_f_available:720 - DR_F已就緒: (-95.52, 262.61), Flow1可直接讀取座標
2025-07-24 20:35:24 [DEBUG] AutoFeeding:trigger_ccd1_detection:553 - 發送檢測指令前 - 201狀態: 9
2025-07-24 20:35:24 [DEBUG] AutoFeeding:trigger_ccd1_detection:561 - 已發送控制指令16到寄存器200
2025-07-24 20:35:25 [DEBUG] AutoFeeding:trigger_ccd1_detection:580 - CCD1檢測完成標誌確認
2025-07-24 20:35:25 [INFO] AutoFeeding:feeding_cycle:741 - 週期1542 檢測結果: DR_F=14, 總數=28
2025-07-24 20:35:25 [INFO] AutoFeeding:feeding_cycle:768 - 找到保護區內DR_F: (-95.52, 262.6)
2025-07-24 20:35:25 [INFO] AutoFeeding:set_dr_f_available:720 - DR_F已就緒: (-95.52, 262.6), Flow1可直接讀取座標
2025-07-24 20:35:26 [DEBUG] AutoFeeding:trigger_ccd1_detection:553 - 發送檢測指令前 - 201狀態: 9
2025-07-24 20:35:26 [DEBUG] AutoFeeding:trigger_ccd1_detection:561 - 已發送控制指令16到寄存器200
2025-07-24 20:35:27 [DEBUG] AutoFeeding:trigger_ccd1_detection:580 - CCD1檢測完成標誌確認
2025-07-24 20:35:27 [INFO] AutoFeeding:feeding_cycle:741 - 週期1543 檢測結果: DR_F=14, 總數=28
2025-07-24 20:35:27 [INFO] AutoFeeding:feeding_cycle:768 - 找到保護區內DR_F: (-95.52, 262.6)
2025-07-24 20:35:27 [INFO] AutoFeeding:set_dr_f_available:720 - DR_F已就緒: (-95.52, 262.6), Flow1可直接讀取座標
2025-07-24 20:35:28 [DEBUG] AutoFeeding:trigger_ccd1_detection:553 - 發送檢測指令前 - 201狀態: 9
2025-07-24 20:35:28 [DEBUG] AutoFeeding:trigger_ccd1_detection:561 - 已發送控制指令16到寄存器200
2025-07-24 20:35:29 [DEBUG] AutoFeeding:trigger_ccd1_detection:580 - CCD1檢測完成標誌確認
2025-07-24 20:35:29 [INFO] AutoFeeding:feeding_cycle:741 - 週期1544 檢測結果: DR_F=14, 總數=28
2025-07-24 20:35:29 [INFO] AutoFeeding:feeding_cycle:768 - 找到保護區內DR_F: (-95.52, 262.61)
2025-07-24 20:35:29 [INFO] AutoFeeding:set_dr_f_available:720 - DR_F已就緒: (-95.52, 262.61), Flow1可直接讀取座標
2025-07-24 20:35:30 [DEBUG] AutoFeeding:trigger_ccd1_detection:553 - 發送檢測指令前 - 201狀態: 9
2025-07-24 20:35:30 [DEBUG] AutoFeeding:trigger_ccd1_detection:561 - 已發送控制指令16到寄存器200
2025-07-24 20:35:31 [DEBUG] AutoFeeding:trigger_ccd1_detection:580 - CCD1檢測完成標誌確認
2025-07-24 20:35:31 [INFO] AutoFeeding:feeding_cycle:741 - 週期1545 檢測結果: DR_F=14, 總數=28
2025-07-24 20:35:31 [INFO] AutoFeeding:feeding_cycle:768 - 找到保護區內DR_F: (-95.52, 262.6)
2025-07-24 20:35:31 [INFO] AutoFeeding:set_dr_f_available:720 - DR_F已就緒: (-95.52, 262.6), Flow1可直接讀取座標
2025-07-24 20:35:32 [DEBUG] AutoFeeding:trigger_ccd1_detection:553 - 發送檢測指令前 - 201狀態: 9
2025-07-24 20:35:32 [DEBUG] AutoFeeding:trigger_ccd1_detection:561 - 已發送控制指令16到寄存器200
2025-07-24 20:35:33 [DEBUG] AutoFeeding:trigger_ccd1_detection:580 - CCD1檢測完成標誌確認
2025-07-24 20:35:33 [INFO] AutoFeeding:feeding_cycle:741 - 週期1546 檢測結果: DR_F=14, 總數=28
2025-07-24 20:35:33 [INFO] AutoFeeding:feeding_cycle:768 - 找到保護區內DR_F: (-95.52, 262.6)
2025-07-24 20:35:33 [INFO] AutoFeeding:set_dr_f_available:720 - DR_F已就緒: (-95.52, 262.6), Flow1可直接讀取座標
2025-07-24 20:35:34 [DEBUG] AutoFeeding:trigger_ccd1_detection:553 - 發送檢測指令前 - 201狀態: 9
2025-07-24 20:35:34 [DEBUG] AutoFeeding:trigger_ccd1_detection:561 - 已發送控制指令16到寄存器200
2025-07-24 20:35:35 [DEBUG] AutoFeeding:trigger_ccd1_detection:580 - CCD1檢測完成標誌確認
2025-07-24 20:35:35 [INFO] AutoFeeding:feeding_cycle:741 - 週期1547 檢測結果: DR_F=14, 總數=28
2025-07-24 20:35:35 [INFO] AutoFeeding:feeding_cycle:768 - 找到保護區內DR_F: (-95.52, 262.61)
2025-07-24 20:35:35 [INFO] AutoFeeding:set_dr_f_available:720 - DR_F已就緒: (-95.52, 262.61), Flow1可直接讀取座標
2025-07-24 20:35:36 [DEBUG] AutoFeeding:trigger_ccd1_detection:553 - 發送檢測指令前 - 201狀態: 9
2025-07-24 20:35:36 [DEBUG] AutoFeeding:trigger_ccd1_detection:561 - 已發送控制指令16到寄存器200
2025-07-24 20:35:37 [DEBUG] AutoFeeding:trigger_ccd1_detection:580 - CCD1檢測完成標誌確認
2025-07-24 20:35:37 [INFO] AutoFeeding:feeding_cycle:741 - 週期1548 檢測結果: DR_F=14, 總數=28
2025-07-24 20:35:37 [INFO] AutoFeeding:feeding_cycle:768 - 找到保護區內DR_F: (-95.51, 262.61)
2025-07-24 20:35:37 [INFO] AutoFeeding:set_dr_f_available:720 - DR_F已就緒: (-95.51, 262.61), Flow1可直接讀取座標
2025-07-24 20:35:38 [DEBUG] AutoFeeding:trigger_ccd1_detection:553 - 發送檢測指令前 - 201狀態: 9
2025-07-24 20:35:38 [DEBUG] AutoFeeding:trigger_ccd1_detection:561 - 已發送控制指令16到寄存器200
2025-07-24 20:35:39 [DEBUG] AutoFeeding:trigger_ccd1_detection:580 - CCD1檢測完成標誌確認
2025-07-24 20:35:39 [INFO] AutoFeeding:feeding_cycle:741 - 週期1549 檢測結果: DR_F=14, 總數=28
2025-07-24 20:35:39 [INFO] AutoFeeding:feeding_cycle:768 - 找到保護區內DR_F: (-95.52, 262.61)
2025-07-24 20:35:39 [INFO] AutoFeeding:set_dr_f_available:720 - DR_F已就緒: (-95.52, 262.61), Flow1可直接讀取座標
2025-07-24 20:35:40 [DEBUG] AutoFeeding:trigger_ccd1_detection:553 - 發送檢測指令前 - 201狀態: 9
2025-07-24 20:35:40 [DEBUG] AutoFeeding:trigger_ccd1_detection:561 - 已發送控制指令16到寄存器200
2025-07-24 20:35:41 [DEBUG] AutoFeeding:trigger_ccd1_detection:580 - CCD1檢測完成標誌確認
2025-07-24 20:35:41 [INFO] AutoFeeding:feeding_cycle:741 - 週期1550 檢測結果: DR_F=14, 總數=28
2025-07-24 20:35:41 [INFO] AutoFeeding:feeding_cycle:768 - 找到保護區內DR_F: (-95.52, 262.6)
2025-07-24 20:35:41 [INFO] AutoFeeding:set_dr_f_available:720 - DR_F已就緒: (-95.52, 262.6), Flow1可直接讀取座標
2025-07-24 20:35:42 [DEBUG] AutoFeeding:trigger_ccd1_detection:553 - 發送檢測指令前 - 201狀態: 9
2025-07-24 20:35:42 [DEBUG] AutoFeeding:trigger_ccd1_detection:561 - 已發送控制指令16到寄存器200
2025-07-24 20:35:43 [DEBUG] AutoFeeding:trigger_ccd1_detection:580 - CCD1檢測完成標誌確認
2025-07-24 20:35:43 [INFO] AutoFeeding:feeding_cycle:741 - 週期1551 檢測結果: DR_F=14, 總數=28
2025-07-24 20:35:43 [INFO] AutoFeeding:feeding_cycle:768 - 找到保護區內DR_F: (-95.52, 262.61)
2025-07-24 20:35:43 [INFO] AutoFeeding:set_dr_f_available:720 - DR_F已就緒: (-95.52, 262.61), Flow1可直接讀取座標
2025-07-24 20:35:44 [DEBUG] AutoFeeding:trigger_ccd1_detection:553 - 發送檢測指令前 - 201狀態: 9
2025-07-24 20:35:44 [DEBUG] AutoFeeding:trigger_ccd1_detection:561 - 已發送控制指令16到寄存器200
2025-07-24 20:35:46 [DEBUG] AutoFeeding:trigger_ccd1_detection:580 - CCD1檢測完成標誌確認
2025-07-24 20:35:46 [INFO] AutoFeeding:feeding_cycle:741 - 週期1552 檢測結果: DR_F=14, 總數=28
2025-07-24 20:35:46 [INFO] AutoFeeding:feeding_cycle:768 - 找到保護區內DR_F: (-95.52, 262.6)
2025-07-24 20:35:46 [INFO] AutoFeeding:set_dr_f_available:720 - DR_F已就緒: (-95.52, 262.6), Flow1可直接讀取座標
2025-07-24 20:35:47 [DEBUG] AutoFeeding:trigger_ccd1_detection:553 - 發送檢測指令前 - 201狀態: 9
2025-07-24 20:35:47 [DEBUG] AutoFeeding:trigger_ccd1_detection:561 - 已發送控制指令16到寄存器200
2025-07-24 20:35:48 [DEBUG] AutoFeeding:trigger_ccd1_detection:580 - CCD1檢測完成標誌確認
2025-07-24 20:35:48 [INFO] AutoFeeding:feeding_cycle:741 - 週期1553 檢測結果: DR_F=14, 總數=28
2025-07-24 20:35:48 [INFO] AutoFeeding:feeding_cycle:768 - 找到保護區內DR_F: (-95.52, 262.6)
2025-07-24 20:35:48 [INFO] AutoFeeding:set_dr_f_available:720 - DR_F已就緒: (-95.52, 262.6), Flow1可直接讀取座標
2025-07-24 20:35:49 [DEBUG] AutoFeeding:trigger_ccd1_detection:553 - 發送檢測指令前 - 201狀態: 9
2025-07-24 20:35:49 [DEBUG] AutoFeeding:trigger_ccd1_detection:561 - 已發送控制指令16到寄存器200
2025-07-24 20:35:50 [DEBUG] AutoFeeding:trigger_ccd1_detection:580 - CCD1檢測完成標誌確認
2025-07-24 20:35:50 [INFO] AutoFeeding:feeding_cycle:741 - 週期1554 檢測結果: DR_F=14, 總數=28
2025-07-24 20:35:50 [INFO] AutoFeeding:feeding_cycle:768 - 找到保護區內DR_F: (-95.51, 262.61)
2025-07-24 20:35:50 [INFO] AutoFeeding:set_dr_f_available:720 - DR_F已就緒: (-95.51, 262.61), Flow1可直接讀取座標
2025-07-24 20:35:51 [DEBUG] AutoFeeding:trigger_ccd1_detection:553 - 發送檢測指令前 - 201狀態: 9
2025-07-24 20:35:51 [DEBUG] AutoFeeding:trigger_ccd1_detection:561 - 已發送控制指令16到寄存器200
2025-07-24 20:35:52 [DEBUG] AutoFeeding:trigger_ccd1_detection:580 - CCD1檢測完成標誌確認
2025-07-24 20:35:52 [INFO] AutoFeeding:feeding_cycle:741 - 週期1555 檢測結果: DR_F=14, 總數=28
2025-07-24 20:35:52 [INFO] AutoFeeding:feeding_cycle:768 - 找到保護區內DR_F: (-95.52, 262.61)
2025-07-24 20:35:52 [INFO] AutoFeeding:set_dr_f_available:720 - DR_F已就緒: (-95.52, 262.61), Flow1可直接讀取座標
2025-07-24 20:35:53 [DEBUG] AutoFeeding:trigger_ccd1_detection:553 - 發送檢測指令前 - 201狀態: 9
2025-07-24 20:35:53 [DEBUG] AutoFeeding:trigger_ccd1_detection:561 - 已發送控制指令16到寄存器200
2025-07-24 20:35:54 [DEBUG] AutoFeeding:trigger_ccd1_detection:580 - CCD1檢測完成標誌確認
2025-07-24 20:35:54 [INFO] AutoFeeding:feeding_cycle:741 - 週期1556 檢測結果: DR_F=14, 總數=28
2025-07-24 20:35:54 [INFO] AutoFeeding:feeding_cycle:768 - 找到保護區內DR_F: (-95.52, 262.61)
2025-07-24 20:35:54 [INFO] AutoFeeding:set_dr_f_available:720 - DR_F已就緒: (-95.52, 262.61), Flow1可直接讀取座標
2025-07-24 20:35:55 [DEBUG] AutoFeeding:trigger_ccd1_detection:553 - 發送檢測指令前 - 201狀態: 9
2025-07-24 20:35:55 [DEBUG] AutoFeeding:trigger_ccd1_detection:561 - 已發送控制指令16到寄存器200
2025-07-24 20:35:56 [DEBUG] AutoFeeding:trigger_ccd1_detection:580 - CCD1檢測完成標誌確認
2025-07-24 20:35:56 [INFO] AutoFeeding:feeding_cycle:741 - 週期1557 檢測結果: DR_F=14, 總數=28
2025-07-24 20:35:56 [INFO] AutoFeeding:feeding_cycle:768 - 找到保護區內DR_F: (-95.52, 262.61)
2025-07-24 20:35:56 [INFO] AutoFeeding:set_dr_f_available:720 - DR_F已就緒: (-95.52, 262.61), Flow1可直接讀取座標
2025-07-24 20:35:57 [DEBUG] AutoFeeding:trigger_ccd1_detection:553 - 發送檢測指令前 - 201狀態: 9
2025-07-24 20:35:57 [DEBUG] AutoFeeding:trigger_ccd1_detection:561 - 已發送控制指令16到寄存器200
2025-07-24 20:35:58 [DEBUG] AutoFeeding:trigger_ccd1_detection:580 - CCD1檢測完成標誌確認
2025-07-24 20:35:58 [INFO] AutoFeeding:feeding_cycle:741 - 週期1558 檢測結果: DR_F=14, 總數=28
2025-07-24 20:35:58 [INFO] AutoFeeding:feeding_cycle:768 - 找到保護區內DR_F: (-95.52, 262.61)
2025-07-24 20:35:58 [INFO] AutoFeeding:set_dr_f_available:720 - DR_F已就緒: (-95.52, 262.61), Flow1可直接讀取座標
2025-07-24 20:35:59 [DEBUG] AutoFeeding:trigger_ccd1_detection:553 - 發送檢測指令前 - 201狀態: 9
2025-07-24 20:35:59 [DEBUG] AutoFeeding:trigger_ccd1_detection:561 - 已發送控制指令16到寄存器200
2025-07-24 20:36:00 [DEBUG] AutoFeeding:trigger_ccd1_detection:580 - CCD1檢測完成標誌確認
2025-07-24 20:36:00 [INFO] AutoFeeding:feeding_cycle:741 - 週期1559 檢測結果: DR_F=14, 總數=28
2025-07-24 20:36:00 [INFO] AutoFeeding:feeding_cycle:768 - 找到保護區內DR_F: (-95.52, 262.6)
2025-07-24 20:36:00 [INFO] AutoFeeding:set_dr_f_available:720 - DR_F已就緒: (-95.52, 262.6), Flow1可直接讀取座標
2025-07-24 20:36:01 [DEBUG] AutoFeeding:trigger_ccd1_detection:553 - 發送檢測指令前 - 201狀態: 9
2025-07-24 20:36:01 [DEBUG] AutoFeeding:trigger_ccd1_detection:561 - 已發送控制指令16到寄存器200
2025-07-24 20:36:02 [DEBUG] AutoFeeding:trigger_ccd1_detection:580 - CCD1檢測完成標誌確認
2025-07-24 20:36:02 [INFO] AutoFeeding:feeding_cycle:741 - 週期1560 檢測結果: DR_F=14, 總數=28
2025-07-24 20:36:02 [INFO] AutoFeeding:feeding_cycle:768 - 找到保護區內DR_F: (-95.52, 262.61)
2025-07-24 20:36:02 [INFO] AutoFeeding:set_dr_f_available:720 - DR_F已就緒: (-95.52, 262.61), Flow1可直接讀取座標
2025-07-24 20:36:03 [DEBUG] AutoFeeding:trigger_ccd1_detection:553 - 發送檢測指令前 - 201狀態: 9
2025-07-24 20:36:03 [DEBUG] AutoFeeding:trigger_ccd1_detection:561 - 已發送控制指令16到寄存器200
2025-07-24 20:36:04 [DEBUG] AutoFeeding:trigger_ccd1_detection:580 - CCD1檢測完成標誌確認
2025-07-24 20:36:04 [INFO] AutoFeeding:feeding_cycle:741 - 週期1561 檢測結果: DR_F=14, 總數=28
2025-07-24 20:36:04 [INFO] AutoFeeding:feeding_cycle:768 - 找到保護區內DR_F: (-95.52, 262.61)
2025-07-24 20:36:04 [INFO] AutoFeeding:set_dr_f_available:720 - DR_F已就緒: (-95.52, 262.61), Flow1可直接讀取座標
2025-07-24 20:36:05 [DEBUG] AutoFeeding:trigger_ccd1_detection:553 - 發送檢測指令前 - 201狀態: 9
2025-07-24 20:36:05 [DEBUG] AutoFeeding:trigger_ccd1_detection:561 - 已發送控制指令16到寄存器200
2025-07-24 20:36:06 [DEBUG] AutoFeeding:trigger_ccd1_detection:580 - CCD1檢測完成標誌確認
2025-07-24 20:36:06 [INFO] AutoFeeding:feeding_cycle:741 - 週期1562 檢測結果: DR_F=14, 總數=28
2025-07-24 20:36:06 [INFO] AutoFeeding:feeding_cycle:768 - 找到保護區內DR_F: (-95.52, 262.6)
2025-07-24 20:36:06 [INFO] AutoFeeding:set_dr_f_available:720 - DR_F已就緒: (-95.52, 262.6), Flow1可直接讀取座標
2025-07-24 20:36:07 [DEBUG] AutoFeeding:trigger_ccd1_detection:553 - 發送檢測指令前 - 201狀態: 9
2025-07-24 20:36:07 [DEBUG] AutoFeeding:trigger_ccd1_detection:561 - 已發送控制指令16到寄存器200
2025-07-24 20:36:08 [DEBUG] AutoFeeding:trigger_ccd1_detection:580 - CCD1檢測完成標誌確認
2025-07-24 20:36:08 [INFO] AutoFeeding:feeding_cycle:741 - 週期1563 檢測結果: DR_F=14, 總數=28
2025-07-24 20:36:08 [INFO] AutoFeeding:feeding_cycle:768 - 找到保護區內DR_F: (-95.52, 262.6)
2025-07-24 20:36:08 [INFO] AutoFeeding:set_dr_f_available:720 - DR_F已就緒: (-95.52, 262.6), Flow1可直接讀取座標
2025-07-24 20:36:09 [DEBUG] AutoFeeding:trigger_ccd1_detection:553 - 發送檢測指令前 - 201狀態: 9
2025-07-24 20:36:09 [DEBUG] AutoFeeding:trigger_ccd1_detection:561 - 已發送控制指令16到寄存器200
2025-07-24 20:36:10 [DEBUG] AutoFeeding:trigger_ccd1_detection:580 - CCD1檢測完成標誌確認
2025-07-24 20:36:10 [INFO] AutoFeeding:feeding_cycle:741 - 週期1564 檢測結果: DR_F=14, 總數=28
2025-07-24 20:36:10 [INFO] AutoFeeding:feeding_cycle:768 - 找到保護區內DR_F: (-95.52, 262.61)
2025-07-24 20:36:10 [INFO] AutoFeeding:set_dr_f_available:720 - DR_F已就緒: (-95.52, 262.61), Flow1可直接讀取座標
2025-07-24 20:36:11 [DEBUG] AutoFeeding:trigger_ccd1_detection:553 - 發送檢測指令前 - 201狀態: 9
2025-07-24 20:36:11 [DEBUG] AutoFeeding:trigger_ccd1_detection:561 - 已發送控制指令16到寄存器200
2025-07-24 20:36:12 [DEBUG] AutoFeeding:trigger_ccd1_detection:580 - CCD1檢測完成標誌確認
2025-07-24 20:36:12 [INFO] AutoFeeding:feeding_cycle:741 - 週期1565 檢測結果: DR_F=14, 總數=28
2025-07-24 20:36:12 [INFO] AutoFeeding:feeding_cycle:768 - 找到保護區內DR_F: (-95.52, 262.6)
2025-07-24 20:36:12 [INFO] AutoFeeding:set_dr_f_available:720 - DR_F已就緒: (-95.52, 262.6), Flow1可直接讀取座標
2025-07-24 20:36:13 [DEBUG] AutoFeeding:trigger_ccd1_detection:553 - 發送檢測指令前 - 201狀態: 9
2025-07-24 20:36:13 [DEBUG] AutoFeeding:trigger_ccd1_detection:561 - 已發送控制指令16到寄存器200
2025-07-24 20:36:14 [DEBUG] AutoFeeding:trigger_ccd1_detection:580 - CCD1檢測完成標誌確認
2025-07-24 20:36:14 [INFO] AutoFeeding:feeding_cycle:741 - 週期1566 檢測結果: DR_F=14, 總數=28
2025-07-24 20:36:14 [INFO] AutoFeeding:feeding_cycle:768 - 找到保護區內DR_F: (-95.52, 262.61)
2025-07-24 20:36:14 [INFO] AutoFeeding:set_dr_f_available:720 - DR_F已就緒: (-95.52, 262.61), Flow1可直接讀取座標
2025-07-24 20:36:15 [DEBUG] AutoFeeding:trigger_ccd1_detection:553 - 發送檢測指令前 - 201狀態: 9
2025-07-24 20:36:15 [DEBUG] AutoFeeding:trigger_ccd1_detection:561 - 已發送控制指令16到寄存器200
2025-07-24 20:36:16 [DEBUG] AutoFeeding:trigger_ccd1_detection:580 - CCD1檢測完成標誌確認
2025-07-24 20:36:16 [INFO] AutoFeeding:feeding_cycle:741 - 週期1567 檢測結果: DR_F=14, 總數=28
2025-07-24 20:36:16 [INFO] AutoFeeding:feeding_cycle:768 - 找到保護區內DR_F: (-95.52, 262.6)
2025-07-24 20:36:16 [INFO] AutoFeeding:set_dr_f_available:720 - DR_F已就緒: (-95.52, 262.6), Flow1可直接讀取座標
2025-07-24 20:36:17 [DEBUG] AutoFeeding:trigger_ccd1_detection:553 - 發送檢測指令前 - 201狀態: 9
2025-07-24 20:36:17 [DEBUG] AutoFeeding:trigger_ccd1_detection:561 - 已發送控制指令16到寄存器200
2025-07-24 20:36:18 [DEBUG] AutoFeeding:trigger_ccd1_detection:580 - CCD1檢測完成標誌確認
2025-07-24 20:36:18 [INFO] AutoFeeding:feeding_cycle:741 - 週期1568 檢測結果: DR_F=14, 總數=28
2025-07-24 20:36:18 [INFO] AutoFeeding:feeding_cycle:768 - 找到保護區內DR_F: (-95.52, 262.61)
2025-07-24 20:36:18 [INFO] AutoFeeding:set_dr_f_available:720 - DR_F已就緒: (-95.52, 262.61), Flow1可直接讀取座標
2025-07-24 20:36:19 [DEBUG] AutoFeeding:trigger_ccd1_detection:553 - 發送檢測指令前 - 201狀態: 9
2025-07-24 20:36:19 [DEBUG] AutoFeeding:trigger_ccd1_detection:561 - 已發送控制指令16到寄存器200
2025-07-24 20:36:20 [DEBUG] AutoFeeding:trigger_ccd1_detection:580 - CCD1檢測完成標誌確認
2025-07-24 20:36:20 [INFO] AutoFeeding:feeding_cycle:741 - 週期1569 檢測結果: DR_F=14, 總數=28
2025-07-24 20:36:20 [INFO] AutoFeeding:feeding_cycle:768 - 找到保護區內DR_F: (-95.52, 262.61)
2025-07-24 20:36:20 [INFO] AutoFeeding:set_dr_f_available:720 - DR_F已就緒: (-95.52, 262.61), Flow1可直接讀取座標
2025-07-24 20:36:21 [DEBUG] AutoFeeding:trigger_ccd1_detection:553 - 發送檢測指令前 - 201狀態: 9
2025-07-24 20:36:21 [DEBUG] AutoFeeding:trigger_ccd1_detection:561 - 已發送控制指令16到寄存器200
2025-07-24 20:36:22 [DEBUG] AutoFeeding:trigger_ccd1_detection:580 - CCD1檢測完成標誌確認
2025-07-24 20:36:22 [INFO] AutoFeeding:feeding_cycle:741 - 週期1570 檢測結果: DR_F=14, 總數=28
2025-07-24 20:36:22 [INFO] AutoFeeding:feeding_cycle:768 - 找到保護區內DR_F: (-95.52, 262.6)
2025-07-24 20:36:22 [INFO] AutoFeeding:set_dr_f_available:720 - DR_F已就緒: (-95.52, 262.6), Flow1可直接讀取座標
2025-07-24 20:36:23 [DEBUG] AutoFeeding:trigger_ccd1_detection:553 - 發送檢測指令前 - 201狀態: 9
2025-07-24 20:36:23 [DEBUG] AutoFeeding:trigger_ccd1_detection:561 - 已發送控制指令16到寄存器200
2025-07-24 20:36:24 [DEBUG] AutoFeeding:trigger_ccd1_detection:580 - CCD1檢測完成標誌確認
2025-07-24 20:36:24 [INFO] AutoFeeding:feeding_cycle:741 - 週期1571 檢測結果: DR_F=14, 總數=28
2025-07-24 20:36:24 [INFO] AutoFeeding:feeding_cycle:768 - 找到保護區內DR_F: (-95.52, 262.61)
2025-07-24 20:36:24 [INFO] AutoFeeding:set_dr_f_available:720 - DR_F已就緒: (-95.52, 262.61), Flow1可直接讀取座標
2025-07-24 20:36:25 [DEBUG] AutoFeeding:main_loop:880 - 主循環 1601: running=True, status=RUNNING, flow1_active=False, progress_blocking=False, dr_f_available=True
2025-07-24 20:36:25 [DEBUG] AutoFeeding:trigger_ccd1_detection:553 - 發送檢測指令前 - 201狀態: 9
2025-07-24 20:36:25 [DEBUG] AutoFeeding:trigger_ccd1_detection:561 - 已發送控制指令16到寄存器200
2025-07-24 20:36:26 [DEBUG] AutoFeeding:trigger_ccd1_detection:580 - CCD1檢測完成標誌確認
2025-07-24 20:36:26 [INFO] AutoFeeding:feeding_cycle:741 - 週期1572 檢測結果: DR_F=14, 總數=28
2025-07-24 20:36:26 [INFO] AutoFeeding:feeding_cycle:768 - 找到保護區內DR_F: (-95.52, 262.6)
2025-07-24 20:36:26 [INFO] AutoFeeding:set_dr_f_available:720 - DR_F已就緒: (-95.52, 262.6), Flow1可直接讀取座標
2025-07-24 20:36:27 [DEBUG] AutoFeeding:trigger_ccd1_detection:553 - 發送檢測指令前 - 201狀態: 9
2025-07-24 20:36:27 [DEBUG] AutoFeeding:trigger_ccd1_detection:561 - 已發送控制指令16到寄存器200
2025-07-24 20:36:28 [DEBUG] AutoFeeding:trigger_ccd1_detection:580 - CCD1檢測完成標誌確認
2025-07-24 20:36:28 [INFO] AutoFeeding:feeding_cycle:741 - 週期1573 檢測結果: DR_F=14, 總數=28
2025-07-24 20:36:28 [INFO] AutoFeeding:feeding_cycle:768 - 找到保護區內DR_F: (-95.52, 262.6)
2025-07-24 20:36:28 [INFO] AutoFeeding:set_dr_f_available:720 - DR_F已就緒: (-95.52, 262.6), Flow1可直接讀取座標
2025-07-24 20:36:29 [DEBUG] AutoFeeding:trigger_ccd1_detection:553 - 發送檢測指令前 - 201狀態: 9
2025-07-24 20:36:29 [DEBUG] AutoFeeding:trigger_ccd1_detection:561 - 已發送控制指令16到寄存器200
2025-07-24 20:36:31 [DEBUG] AutoFeeding:trigger_ccd1_detection:580 - CCD1檢測完成標誌確認
2025-07-24 20:36:31 [INFO] AutoFeeding:feeding_cycle:741 - 週期1574 檢測結果: DR_F=14, 總數=28
2025-07-24 20:36:31 [INFO] AutoFeeding:feeding_cycle:768 - 找到保護區內DR_F: (-95.52, 262.61)
2025-07-24 20:36:31 [INFO] AutoFeeding:set_dr_f_available:720 - DR_F已就緒: (-95.52, 262.61), Flow1可直接讀取座標
2025-07-24 20:36:32 [DEBUG] AutoFeeding:trigger_ccd1_detection:553 - 發送檢測指令前 - 201狀態: 9
2025-07-24 20:36:32 [DEBUG] AutoFeeding:trigger_ccd1_detection:561 - 已發送控制指令16到寄存器200
2025-07-24 20:36:33 [DEBUG] AutoFeeding:trigger_ccd1_detection:580 - CCD1檢測完成標誌確認
2025-07-24 20:36:33 [INFO] AutoFeeding:feeding_cycle:741 - 週期1575 檢測結果: DR_F=14, 總數=28
2025-07-24 20:36:33 [INFO] AutoFeeding:feeding_cycle:768 - 找到保護區內DR_F: (-95.52, 262.61)
2025-07-24 20:36:33 [INFO] AutoFeeding:set_dr_f_available:720 - DR_F已就緒: (-95.52, 262.61), Flow1可直接讀取座標
2025-07-24 20:36:34 [DEBUG] AutoFeeding:trigger_ccd1_detection:553 - 發送檢測指令前 - 201狀態: 9
2025-07-24 20:36:34 [DEBUG] AutoFeeding:trigger_ccd1_detection:561 - 已發送控制指令16到寄存器200
2025-07-24 20:36:35 [DEBUG] AutoFeeding:trigger_ccd1_detection:580 - CCD1檢測完成標誌確認
2025-07-24 20:36:35 [INFO] AutoFeeding:feeding_cycle:741 - 週期1576 檢測結果: DR_F=14, 總數=28
2025-07-24 20:36:35 [INFO] AutoFeeding:feeding_cycle:768 - 找到保護區內DR_F: (-95.51, 262.61)
2025-07-24 20:36:35 [INFO] AutoFeeding:set_dr_f_available:720 - DR_F已就緒: (-95.51, 262.61), Flow1可直接讀取座標
2025-07-24 20:36:36 [DEBUG] AutoFeeding:trigger_ccd1_detection:553 - 發送檢測指令前 - 201狀態: 9
2025-07-24 20:36:36 [DEBUG] AutoFeeding:trigger_ccd1_detection:561 - 已發送控制指令16到寄存器200
2025-07-24 20:36:37 [DEBUG] AutoFeeding:trigger_ccd1_detection:580 - CCD1檢測完成標誌確認
2025-07-24 20:36:37 [INFO] AutoFeeding:feeding_cycle:741 - 週期1577 檢測結果: DR_F=14, 總數=28
2025-07-24 20:36:37 [INFO] AutoFeeding:feeding_cycle:768 - 找到保護區內DR_F: (-95.52, 262.61)
2025-07-24 20:36:37 [INFO] AutoFeeding:set_dr_f_available:720 - DR_F已就緒: (-95.52, 262.61), Flow1可直接讀取座標
2025-07-24 20:36:38 [DEBUG] AutoFeeding:trigger_ccd1_detection:553 - 發送檢測指令前 - 201狀態: 9
2025-07-24 20:36:38 [DEBUG] AutoFeeding:trigger_ccd1_detection:561 - 已發送控制指令16到寄存器200
2025-07-24 20:36:39 [DEBUG] AutoFeeding:trigger_ccd1_detection:580 - CCD1檢測完成標誌確認
2025-07-24 20:36:39 [INFO] AutoFeeding:feeding_cycle:741 - 週期1578 檢測結果: DR_F=14, 總數=28
2025-07-24 20:36:39 [INFO] AutoFeeding:feeding_cycle:768 - 找到保護區內DR_F: (-95.52, 262.6)
2025-07-24 20:36:39 [INFO] AutoFeeding:set_dr_f_available:720 - DR_F已就緒: (-95.52, 262.6), Flow1可直接讀取座標
2025-07-24 20:36:40 [DEBUG] AutoFeeding:trigger_ccd1_detection:553 - 發送檢測指令前 - 201狀態: 9
2025-07-24 20:36:40 [DEBUG] AutoFeeding:trigger_ccd1_detection:561 - 已發送控制指令16到寄存器200
2025-07-24 20:36:41 [DEBUG] AutoFeeding:trigger_ccd1_detection:580 - CCD1檢測完成標誌確認
2025-07-24 20:36:41 [INFO] AutoFeeding:feeding_cycle:741 - 週期1579 檢測結果: DR_F=14, 總數=28
2025-07-24 20:36:41 [INFO] AutoFeeding:feeding_cycle:768 - 找到保護區內DR_F: (-95.52, 262.6)
2025-07-24 20:36:41 [INFO] AutoFeeding:set_dr_f_available:720 - DR_F已就緒: (-95.52, 262.6), Flow1可直接讀取座標
2025-07-24 20:36:42 [DEBUG] AutoFeeding:trigger_ccd1_detection:553 - 發送檢測指令前 - 201狀態: 9
2025-07-24 20:36:42 [DEBUG] AutoFeeding:trigger_ccd1_detection:561 - 已發送控制指令16到寄存器200
2025-07-24 20:36:43 [DEBUG] AutoFeeding:trigger_ccd1_detection:580 - CCD1檢測完成標誌確認
2025-07-24 20:36:43 [INFO] AutoFeeding:feeding_cycle:741 - 週期1580 檢測結果: DR_F=14, 總數=28
2025-07-24 20:36:43 [INFO] AutoFeeding:feeding_cycle:768 - 找到保護區內DR_F: (-95.52, 262.61)
2025-07-24 20:36:43 [INFO] AutoFeeding:set_dr_f_available:720 - DR_F已就緒: (-95.52, 262.61), Flow1可直接讀取座標
2025-07-24 20:36:44 [DEBUG] AutoFeeding:trigger_ccd1_detection:553 - 發送檢測指令前 - 201狀態: 9
2025-07-24 20:36:44 [DEBUG] AutoFeeding:trigger_ccd1_detection:561 - 已發送控制指令16到寄存器200
2025-07-24 20:36:45 [DEBUG] AutoFeeding:trigger_ccd1_detection:580 - CCD1檢測完成標誌確認
2025-07-24 20:36:45 [INFO] AutoFeeding:feeding_cycle:741 - 週期1581 檢測結果: DR_F=14, 總數=28
2025-07-24 20:36:45 [INFO] AutoFeeding:feeding_cycle:768 - 找到保護區內DR_F: (-95.52, 262.61)
2025-07-24 20:36:45 [INFO] AutoFeeding:set_dr_f_available:720 - DR_F已就緒: (-95.52, 262.61), Flow1可直接讀取座標
2025-07-24 20:36:46 [DEBUG] AutoFeeding:trigger_ccd1_detection:553 - 發送檢測指令前 - 201狀態: 9
2025-07-24 20:36:46 [DEBUG] AutoFeeding:trigger_ccd1_detection:561 - 已發送控制指令16到寄存器200
2025-07-24 20:36:47 [DEBUG] AutoFeeding:trigger_ccd1_detection:580 - CCD1檢測完成標誌確認
2025-07-24 20:36:47 [INFO] AutoFeeding:feeding_cycle:741 - 週期1582 檢測結果: DR_F=14, 總數=28
2025-07-24 20:36:47 [INFO] AutoFeeding:feeding_cycle:768 - 找到保護區內DR_F: (-95.52, 262.6)
2025-07-24 20:36:47 [INFO] AutoFeeding:set_dr_f_available:720 - DR_F已就緒: (-95.52, 262.6), Flow1可直接讀取座標
2025-07-24 20:36:48 [DEBUG] AutoFeeding:trigger_ccd1_detection:553 - 發送檢測指令前 - 201狀態: 9
2025-07-24 20:36:48 [DEBUG] AutoFeeding:trigger_ccd1_detection:561 - 已發送控制指令16到寄存器200
2025-07-24 20:36:49 [DEBUG] AutoFeeding:trigger_ccd1_detection:580 - CCD1檢測完成標誌確認
2025-07-24 20:36:49 [INFO] AutoFeeding:feeding_cycle:741 - 週期1583 檢測結果: DR_F=14, 總數=28
2025-07-24 20:36:49 [INFO] AutoFeeding:feeding_cycle:768 - 找到保護區內DR_F: (-95.52, 262.6)
2025-07-24 20:36:49 [INFO] AutoFeeding:set_dr_f_available:720 - DR_F已就緒: (-95.52, 262.6), Flow1可直接讀取座標
2025-07-24 20:36:50 [DEBUG] AutoFeeding:trigger_ccd1_detection:553 - 發送檢測指令前 - 201狀態: 9
2025-07-24 20:36:50 [DEBUG] AutoFeeding:trigger_ccd1_detection:561 - 已發送控制指令16到寄存器200
2025-07-24 20:36:51 [DEBUG] AutoFeeding:trigger_ccd1_detection:580 - CCD1檢測完成標誌確認
2025-07-24 20:36:51 [INFO] AutoFeeding:feeding_cycle:741 - 週期1584 檢測結果: DR_F=14, 總數=28
2025-07-24 20:36:51 [INFO] AutoFeeding:feeding_cycle:768 - 找到保護區內DR_F: (-95.52, 262.61)
2025-07-24 20:36:51 [INFO] AutoFeeding:set_dr_f_available:720 - DR_F已就緒: (-95.52, 262.61), Flow1可直接讀取座標
2025-07-24 20:36:52 [DEBUG] AutoFeeding:trigger_ccd1_detection:553 - 發送檢測指令前 - 201狀態: 9
2025-07-24 20:36:52 [DEBUG] AutoFeeding:trigger_ccd1_detection:561 - 已發送控制指令16到寄存器200
2025-07-24 20:36:53 [DEBUG] AutoFeeding:trigger_ccd1_detection:580 - CCD1檢測完成標誌確認
2025-07-24 20:36:53 [INFO] AutoFeeding:feeding_cycle:741 - 週期1585 檢測結果: DR_F=14, 總數=28
2025-07-24 20:36:53 [INFO] AutoFeeding:feeding_cycle:768 - 找到保護區內DR_F: (-95.51, 262.6)
2025-07-24 20:36:53 [INFO] AutoFeeding:set_dr_f_available:720 - DR_F已就緒: (-95.51, 262.6), Flow1可直接讀取座標
2025-07-24 20:36:54 [DEBUG] AutoFeeding:trigger_ccd1_detection:553 - 發送檢測指令前 - 201狀態: 9
2025-07-24 20:36:54 [DEBUG] AutoFeeding:trigger_ccd1_detection:561 - 已發送控制指令16到寄存器200
2025-07-24 20:36:55 [DEBUG] AutoFeeding:trigger_ccd1_detection:580 - CCD1檢測完成標誌確認
2025-07-24 20:36:55 [INFO] AutoFeeding:feeding_cycle:741 - 週期1586 檢測結果: DR_F=14, 總數=28
2025-07-24 20:36:55 [INFO] AutoFeeding:feeding_cycle:768 - 找到保護區內DR_F: (-95.52, 262.6)
2025-07-24 20:36:55 [INFO] AutoFeeding:set_dr_f_available:720 - DR_F已就緒: (-95.52, 262.6), Flow1可直接讀取座標
2025-07-24 20:36:56 [DEBUG] AutoFeeding:trigger_ccd1_detection:553 - 發送檢測指令前 - 201狀態: 9
2025-07-24 20:36:56 [DEBUG] AutoFeeding:trigger_ccd1_detection:561 - 已發送控制指令16到寄存器200
2025-07-24 20:36:57 [DEBUG] AutoFeeding:trigger_ccd1_detection:580 - CCD1檢測完成標誌確認
2025-07-24 20:36:57 [INFO] AutoFeeding:feeding_cycle:741 - 週期1587 檢測結果: DR_F=14, 總數=28
2025-07-24 20:36:57 [INFO] AutoFeeding:feeding_cycle:768 - 找到保護區內DR_F: (-95.52, 262.61)
2025-07-24 20:36:57 [INFO] AutoFeeding:set_dr_f_available:720 - DR_F已就緒: (-95.52, 262.61), Flow1可直接讀取座標
2025-07-24 20:36:58 [DEBUG] AutoFeeding:trigger_ccd1_detection:553 - 發送檢測指令前 - 201狀態: 9
2025-07-24 20:36:58 [DEBUG] AutoFeeding:trigger_ccd1_detection:561 - 已發送控制指令16到寄存器200
2025-07-24 20:36:59 [DEBUG] AutoFeeding:trigger_ccd1_detection:580 - CCD1檢測完成標誌確認
2025-07-24 20:36:59 [INFO] AutoFeeding:feeding_cycle:741 - 週期1588 檢測結果: DR_F=14, 總數=28
2025-07-24 20:36:59 [INFO] AutoFeeding:feeding_cycle:768 - 找到保護區內DR_F: (-95.52, 262.61)
2025-07-24 20:36:59 [INFO] AutoFeeding:set_dr_f_available:720 - DR_F已就緒: (-95.52, 262.61), Flow1可直接讀取座標
2025-07-24 20:37:00 [DEBUG] AutoFeeding:trigger_ccd1_detection:553 - 發送檢測指令前 - 201狀態: 9
2025-07-24 20:37:00 [DEBUG] AutoFeeding:trigger_ccd1_detection:561 - 已發送控制指令16到寄存器200
2025-07-24 20:37:01 [DEBUG] AutoFeeding:trigger_ccd1_detection:580 - CCD1檢測完成標誌確認
2025-07-24 20:37:01 [INFO] AutoFeeding:feeding_cycle:741 - 週期1589 檢測結果: DR_F=14, 總數=28
2025-07-24 20:37:01 [INFO] AutoFeeding:feeding_cycle:768 - 找到保護區內DR_F: (-95.52, 262.61)
2025-07-24 20:37:01 [INFO] AutoFeeding:set_dr_f_available:720 - DR_F已就緒: (-95.52, 262.61), Flow1可直接讀取座標
2025-07-24 20:37:02 [DEBUG] AutoFeeding:trigger_ccd1_detection:553 - 發送檢測指令前 - 201狀態: 9
2025-07-24 20:37:02 [DEBUG] AutoFeeding:trigger_ccd1_detection:561 - 已發送控制指令16到寄存器200
2025-07-24 20:37:03 [DEBUG] AutoFeeding:trigger_ccd1_detection:580 - CCD1檢測完成標誌確認
2025-07-24 20:37:03 [INFO] AutoFeeding:feeding_cycle:741 - 週期1590 檢測結果: DR_F=14, 總數=28
2025-07-24 20:37:03 [INFO] AutoFeeding:feeding_cycle:768 - 找到保護區內DR_F: (-95.51, 262.61)
2025-07-24 20:37:03 [INFO] AutoFeeding:set_dr_f_available:720 - DR_F已就緒: (-95.51, 262.61), Flow1可直接讀取座標
2025-07-24 20:37:04 [DEBUG] AutoFeeding:trigger_ccd1_detection:553 - 發送檢測指令前 - 201狀態: 9
2025-07-24 20:37:04 [DEBUG] AutoFeeding:trigger_ccd1_detection:561 - 已發送控制指令16到寄存器200
2025-07-24 20:37:05 [DEBUG] AutoFeeding:trigger_ccd1_detection:580 - CCD1檢測完成標誌確認
2025-07-24 20:37:05 [INFO] AutoFeeding:feeding_cycle:741 - 週期1591 檢測結果: DR_F=14, 總數=28
2025-07-24 20:37:05 [INFO] AutoFeeding:feeding_cycle:768 - 找到保護區內DR_F: (-95.52, 262.6)
2025-07-24 20:37:05 [INFO] AutoFeeding:set_dr_f_available:720 - DR_F已就緒: (-95.52, 262.6), Flow1可直接讀取座標
2025-07-24 20:37:06 [DEBUG] AutoFeeding:trigger_ccd1_detection:553 - 發送檢測指令前 - 201狀態: 9
2025-07-24 20:37:06 [DEBUG] AutoFeeding:trigger_ccd1_detection:561 - 已發送控制指令16到寄存器200
2025-07-24 20:37:07 [DEBUG] AutoFeeding:trigger_ccd1_detection:580 - CCD1檢測完成標誌確認
2025-07-24 20:37:07 [INFO] AutoFeeding:feeding_cycle:741 - 週期1592 檢測結果: DR_F=14, 總數=28
2025-07-24 20:37:07 [INFO] AutoFeeding:feeding_cycle:768 - 找到保護區內DR_F: (-95.52, 262.61)
2025-07-24 20:37:07 [INFO] AutoFeeding:set_dr_f_available:720 - DR_F已就緒: (-95.52, 262.61), Flow1可直接讀取座標
2025-07-24 20:37:08 [DEBUG] AutoFeeding:trigger_ccd1_detection:553 - 發送檢測指令前 - 201狀態: 9
2025-07-24 20:37:08 [DEBUG] AutoFeeding:trigger_ccd1_detection:561 - 已發送控制指令16到寄存器200
2025-07-24 20:37:09 [DEBUG] AutoFeeding:trigger_ccd1_detection:580 - CCD1檢測完成標誌確認
2025-07-24 20:37:09 [INFO] AutoFeeding:feeding_cycle:741 - 週期1593 檢測結果: DR_F=14, 總數=28
2025-07-24 20:37:09 [INFO] AutoFeeding:feeding_cycle:768 - 找到保護區內DR_F: (-95.52, 262.61)
2025-07-24 20:37:09 [INFO] AutoFeeding:set_dr_f_available:720 - DR_F已就緒: (-95.52, 262.61), Flow1可直接讀取座標
2025-07-24 20:37:10 [DEBUG] AutoFeeding:trigger_ccd1_detection:553 - 發送檢測指令前 - 201狀態: 9
2025-07-24 20:37:10 [DEBUG] AutoFeeding:trigger_ccd1_detection:561 - 已發送控制指令16到寄存器200
2025-07-24 20:37:12 [DEBUG] AutoFeeding:trigger_ccd1_detection:580 - CCD1檢測完成標誌確認
2025-07-24 20:37:12 [INFO] AutoFeeding:feeding_cycle:741 - 週期1594 檢測結果: DR_F=14, 總數=28
2025-07-24 20:37:12 [INFO] AutoFeeding:feeding_cycle:768 - 找到保護區內DR_F: (-95.51, 262.61)
2025-07-24 20:37:12 [INFO] AutoFeeding:set_dr_f_available:720 - DR_F已就緒: (-95.51, 262.61), Flow1可直接讀取座標
2025-07-24 20:37:13 [DEBUG] AutoFeeding:trigger_ccd1_detection:553 - 發送檢測指令前 - 201狀態: 9
2025-07-24 20:37:13 [DEBUG] AutoFeeding:trigger_ccd1_detection:561 - 已發送控制指令16到寄存器200
2025-07-24 20:37:14 [DEBUG] AutoFeeding:trigger_ccd1_detection:580 - CCD1檢測完成標誌確認
2025-07-24 20:37:14 [INFO] AutoFeeding:feeding_cycle:741 - 週期1595 檢測結果: DR_F=14, 總數=28
2025-07-24 20:37:14 [INFO] AutoFeeding:feeding_cycle:768 - 找到保護區內DR_F: (-95.52, 262.6)
2025-07-24 20:37:14 [INFO] AutoFeeding:set_dr_f_available:720 - DR_F已就緒: (-95.52, 262.6), Flow1可直接讀取座標
2025-07-24 20:37:15 [DEBUG] AutoFeeding:trigger_ccd1_detection:553 - 發送檢測指令前 - 201狀態: 9
2025-07-24 20:37:15 [DEBUG] AutoFeeding:trigger_ccd1_detection:561 - 已發送控制指令16到寄存器200
2025-07-24 20:37:16 [DEBUG] AutoFeeding:trigger_ccd1_detection:580 - CCD1檢測完成標誌確認
2025-07-24 20:37:16 [INFO] AutoFeeding:feeding_cycle:741 - 週期1596 檢測結果: DR_F=14, 總數=28
2025-07-24 20:37:16 [INFO] AutoFeeding:feeding_cycle:768 - 找到保護區內DR_F: (-95.52, 262.61)
2025-07-24 20:37:16 [INFO] AutoFeeding:set_dr_f_available:720 - DR_F已就緒: (-95.52, 262.61), Flow1可直接讀取座標
2025-07-24 20:37:17 [DEBUG] AutoFeeding:trigger_ccd1_detection:553 - 發送檢測指令前 - 201狀態: 9
2025-07-24 20:37:17 [DEBUG] AutoFeeding:trigger_ccd1_detection:561 - 已發送控制指令16到寄存器200
2025-07-24 20:37:18 [DEBUG] AutoFeeding:trigger_ccd1_detection:580 - CCD1檢測完成標誌確認
2025-07-24 20:37:18 [INFO] AutoFeeding:feeding_cycle:741 - 週期1597 檢測結果: DR_F=14, 總數=28
2025-07-24 20:37:18 [INFO] AutoFeeding:feeding_cycle:768 - 找到保護區內DR_F: (-95.52, 262.61)
2025-07-24 20:37:18 [INFO] AutoFeeding:set_dr_f_available:720 - DR_F已就緒: (-95.52, 262.61), Flow1可直接讀取座標
2025-07-24 20:37:19 [DEBUG] AutoFeeding:trigger_ccd1_detection:553 - 發送檢測指令前 - 201狀態: 9
2025-07-24 20:37:19 [DEBUG] AutoFeeding:trigger_ccd1_detection:561 - 已發送控制指令16到寄存器200
2025-07-24 20:37:20 [DEBUG] AutoFeeding:trigger_ccd1_detection:580 - CCD1檢測完成標誌確認
2025-07-24 20:37:20 [INFO] AutoFeeding:feeding_cycle:741 - 週期1598 檢測結果: DR_F=14, 總數=28
2025-07-24 20:37:20 [INFO] AutoFeeding:feeding_cycle:768 - 找到保護區內DR_F: (-95.52, 262.6)
2025-07-24 20:37:20 [INFO] AutoFeeding:set_dr_f_available:720 - DR_F已就緒: (-95.52, 262.6), Flow1可直接讀取座標
2025-07-24 20:37:21 [DEBUG] AutoFeeding:trigger_ccd1_detection:553 - 發送檢測指令前 - 201狀態: 9
2025-07-24 20:37:21 [DEBUG] AutoFeeding:trigger_ccd1_detection:561 - 已發送控制指令16到寄存器200
2025-07-24 20:37:22 [DEBUG] AutoFeeding:trigger_ccd1_detection:580 - CCD1檢測完成標誌確認
2025-07-24 20:37:22 [INFO] AutoFeeding:feeding_cycle:741 - 週期1599 檢測結果: DR_F=14, 總數=28
2025-07-24 20:37:22 [INFO] AutoFeeding:feeding_cycle:768 - 找到保護區內DR_F: (-95.52, 262.61)
2025-07-24 20:37:22 [INFO] AutoFeeding:set_dr_f_available:720 - DR_F已就緒: (-95.52, 262.61), Flow1可直接讀取座標
2025-07-24 20:37:23 [DEBUG] AutoFeeding:trigger_ccd1_detection:553 - 發送檢測指令前 - 201狀態: 9
2025-07-24 20:37:23 [DEBUG] AutoFeeding:trigger_ccd1_detection:561 - 已發送控制指令16到寄存器200
2025-07-24 20:37:24 [DEBUG] AutoFeeding:trigger_ccd1_detection:580 - CCD1檢測完成標誌確認
2025-07-24 20:37:24 [INFO] AutoFeeding:feeding_cycle:741 - 週期1600 檢測結果: DR_F=14, 總數=28
2025-07-24 20:37:24 [INFO] AutoFeeding:feeding_cycle:768 - 找到保護區內DR_F: (-95.52, 262.61)
2025-07-24 20:37:24 [INFO] AutoFeeding:set_dr_f_available:720 - DR_F已就緒: (-95.52, 262.61), Flow1可直接讀取座標
2025-07-24 20:37:25 [DEBUG] AutoFeeding:check_modules_status:480 - CCD1狀態: 9 (Ready=True, Running=False, Alarm=False, Init=True)
2025-07-24 20:37:25 [DEBUG] AutoFeeding:trigger_ccd1_detection:553 - 發送檢測指令前 - 201狀態: 9
2025-07-24 20:37:25 [DEBUG] AutoFeeding:trigger_ccd1_detection:561 - 已發送控制指令16到寄存器200
2025-07-24 20:37:26 [DEBUG] AutoFeeding:trigger_ccd1_detection:580 - CCD1檢測完成標誌確認
2025-07-24 20:37:26 [INFO] AutoFeeding:feeding_cycle:741 - 週期1601 檢測結果: DR_F=14, 總數=28
2025-07-24 20:37:26 [INFO] AutoFeeding:feeding_cycle:768 - 找到保護區內DR_F: (-95.52, 262.61)
2025-07-24 20:37:26 [INFO] AutoFeeding:set_dr_f_available:720 - DR_F已就緒: (-95.52, 262.61), Flow1可直接讀取座標
2025-07-24 20:37:27 [DEBUG] AutoFeeding:check_flow_and_progress_status:432 - Flow監控: 1201=0, 1202=100, 阻擋=False
2025-07-24 20:37:27 [DEBUG] AutoFeeding:trigger_ccd1_detection:553 - 發送檢測指令前 - 201狀態: 9
2025-07-24 20:37:27 [DEBUG] AutoFeeding:trigger_ccd1_detection:561 - 已發送控制指令16到寄存器200
2025-07-24 20:37:28 [DEBUG] AutoFeeding:trigger_ccd1_detection:580 - CCD1檢測完成標誌確認
2025-07-24 20:37:28 [INFO] AutoFeeding:feeding_cycle:741 - 週期1602 檢測結果: DR_F=14, 總數=28
2025-07-24 20:37:28 [INFO] AutoFeeding:feeding_cycle:768 - 找到保護區內DR_F: (-95.52, 262.6)
2025-07-24 20:37:28 [INFO] AutoFeeding:set_dr_f_available:720 - DR_F已就緒: (-95.52, 262.6), Flow1可直接讀取座標
2025-07-24 20:37:29 [DEBUG] AutoFeeding:trigger_ccd1_detection:553 - 發送檢測指令前 - 201狀態: 9
2025-07-24 20:37:29 [DEBUG] AutoFeeding:trigger_ccd1_detection:561 - 已發送控制指令16到寄存器200
2025-07-24 20:37:30 [DEBUG] AutoFeeding:trigger_ccd1_detection:580 - CCD1檢測完成標誌確認
2025-07-24 20:37:30 [INFO] AutoFeeding:feeding_cycle:741 - 週期1603 檢測結果: DR_F=14, 總數=28
2025-07-24 20:37:30 [INFO] AutoFeeding:feeding_cycle:768 - 找到保護區內DR_F: (-95.52, 262.6)
2025-07-24 20:37:30 [INFO] AutoFeeding:set_dr_f_available:720 - DR_F已就緒: (-95.52, 262.6), Flow1可直接讀取座標
2025-07-24 20:37:31 [DEBUG] AutoFeeding:trigger_ccd1_detection:553 - 發送檢測指令前 - 201狀態: 9
2025-07-24 20:37:31 [DEBUG] AutoFeeding:trigger_ccd1_detection:561 - 已發送控制指令16到寄存器200
2025-07-24 20:37:32 [DEBUG] AutoFeeding:trigger_ccd1_detection:580 - CCD1檢測完成標誌確認
2025-07-24 20:37:32 [INFO] AutoFeeding:feeding_cycle:741 - 週期1604 檢測結果: DR_F=14, 總數=28
2025-07-24 20:37:32 [INFO] AutoFeeding:feeding_cycle:768 - 找到保護區內DR_F: (-95.52, 262.61)
2025-07-24 20:37:32 [INFO] AutoFeeding:set_dr_f_available:720 - DR_F已就緒: (-95.52, 262.61), Flow1可直接讀取座標
2025-07-24 20:37:33 [DEBUG] AutoFeeding:trigger_ccd1_detection:553 - 發送檢測指令前 - 201狀態: 9
2025-07-24 20:37:33 [DEBUG] AutoFeeding:trigger_ccd1_detection:561 - 已發送控制指令16到寄存器200
2025-07-24 20:37:34 [DEBUG] AutoFeeding:trigger_ccd1_detection:580 - CCD1檢測完成標誌確認
2025-07-24 20:37:34 [INFO] AutoFeeding:feeding_cycle:741 - 週期1605 檢測結果: DR_F=14, 總數=28
2025-07-24 20:37:34 [INFO] AutoFeeding:feeding_cycle:768 - 找到保護區內DR_F: (-95.53, 262.61)
2025-07-24 20:37:34 [INFO] AutoFeeding:set_dr_f_available:720 - DR_F已就緒: (-95.53, 262.61), Flow1可直接讀取座標
2025-07-24 20:37:35 [DEBUG] AutoFeeding:trigger_ccd1_detection:553 - 發送檢測指令前 - 201狀態: 9
2025-07-24 20:37:35 [DEBUG] AutoFeeding:trigger_ccd1_detection:561 - 已發送控制指令16到寄存器200
2025-07-24 20:37:36 [DEBUG] AutoFeeding:trigger_ccd1_detection:580 - CCD1檢測完成標誌確認
2025-07-24 20:37:36 [INFO] AutoFeeding:feeding_cycle:741 - 週期1606 檢測結果: DR_F=14, 總數=28
2025-07-24 20:37:36 [INFO] AutoFeeding:feeding_cycle:768 - 找到保護區內DR_F: (-95.53, 262.61)
2025-07-24 20:37:36 [INFO] AutoFeeding:set_dr_f_available:720 - DR_F已就緒: (-95.53, 262.61), Flow1可直接讀取座標
2025-07-24 20:37:37 [DEBUG] AutoFeeding:trigger_ccd1_detection:553 - 發送檢測指令前 - 201狀態: 9
2025-07-24 20:37:37 [DEBUG] AutoFeeding:trigger_ccd1_detection:561 - 已發送控制指令16到寄存器200
2025-07-24 20:37:38 [DEBUG] AutoFeeding:trigger_ccd1_detection:580 - CCD1檢測完成標誌確認
2025-07-24 20:37:38 [INFO] AutoFeeding:feeding_cycle:741 - 週期1607 檢測結果: DR_F=14, 總數=28
2025-07-24 20:37:38 [INFO] AutoFeeding:feeding_cycle:768 - 找到保護區內DR_F: (-95.52, 262.6)
2025-07-24 20:37:38 [INFO] AutoFeeding:set_dr_f_available:720 - DR_F已就緒: (-95.52, 262.6), Flow1可直接讀取座標
2025-07-24 20:37:39 [DEBUG] AutoFeeding:trigger_ccd1_detection:553 - 發送檢測指令前 - 201狀態: 9
2025-07-24 20:37:39 [DEBUG] AutoFeeding:trigger_ccd1_detection:561 - 已發送控制指令16到寄存器200
2025-07-24 20:37:40 [DEBUG] AutoFeeding:trigger_ccd1_detection:580 - CCD1檢測完成標誌確認
2025-07-24 20:37:40 [INFO] AutoFeeding:feeding_cycle:741 - 週期1608 檢測結果: DR_F=14, 總數=28
2025-07-24 20:37:40 [INFO] AutoFeeding:feeding_cycle:768 - 找到保護區內DR_F: (-95.52, 262.61)
2025-07-24 20:37:40 [INFO] AutoFeeding:set_dr_f_available:720 - DR_F已就緒: (-95.52, 262.61), Flow1可直接讀取座標
2025-07-24 20:37:41 [DEBUG] AutoFeeding:trigger_ccd1_detection:553 - 發送檢測指令前 - 201狀態: 9
2025-07-24 20:37:41 [DEBUG] AutoFeeding:trigger_ccd1_detection:561 - 已發送控制指令16到寄存器200
2025-07-24 20:37:42 [DEBUG] AutoFeeding:trigger_ccd1_detection:580 - CCD1檢測完成標誌確認
2025-07-24 20:37:42 [INFO] AutoFeeding:feeding_cycle:741 - 週期1609 檢測結果: DR_F=14, 總數=28
2025-07-24 20:37:42 [INFO] AutoFeeding:feeding_cycle:768 - 找到保護區內DR_F: (-95.52, 262.61)
2025-07-24 20:37:42 [INFO] AutoFeeding:set_dr_f_available:720 - DR_F已就緒: (-95.52, 262.61), Flow1可直接讀取座標
2025-07-24 20:37:43 [DEBUG] AutoFeeding:trigger_ccd1_detection:553 - 發送檢測指令前 - 201狀態: 9
2025-07-24 20:37:43 [DEBUG] AutoFeeding:trigger_ccd1_detection:561 - 已發送控制指令16到寄存器200
2025-07-24 20:37:44 [DEBUG] AutoFeeding:trigger_ccd1_detection:580 - CCD1檢測完成標誌確認
2025-07-24 20:37:44 [INFO] AutoFeeding:feeding_cycle:741 - 週期1610 檢測結果: DR_F=14, 總數=28
2025-07-24 20:37:44 [INFO] AutoFeeding:feeding_cycle:768 - 找到保護區內DR_F: (-95.52, 262.61)
2025-07-24 20:37:44 [INFO] AutoFeeding:set_dr_f_available:720 - DR_F已就緒: (-95.52, 262.61), Flow1可直接讀取座標
2025-07-24 20:37:45 [DEBUG] AutoFeeding:trigger_ccd1_detection:553 - 發送檢測指令前 - 201狀態: 9
2025-07-24 20:37:45 [DEBUG] AutoFeeding:trigger_ccd1_detection:561 - 已發送控制指令16到寄存器200
2025-07-24 20:37:46 [DEBUG] AutoFeeding:trigger_ccd1_detection:580 - CCD1檢測完成標誌確認
2025-07-24 20:37:46 [INFO] AutoFeeding:feeding_cycle:741 - 週期1611 檢測結果: DR_F=14, 總數=28
2025-07-24 20:37:46 [INFO] AutoFeeding:feeding_cycle:768 - 找到保護區內DR_F: (-95.52, 262.61)
2025-07-24 20:37:46 [INFO] AutoFeeding:set_dr_f_available:720 - DR_F已就緒: (-95.52, 262.61), Flow1可直接讀取座標
2025-07-24 20:37:47 [DEBUG] AutoFeeding:trigger_ccd1_detection:553 - 發送檢測指令前 - 201狀態: 9
2025-07-24 20:37:47 [DEBUG] AutoFeeding:trigger_ccd1_detection:561 - 已發送控制指令16到寄存器200
2025-07-24 20:37:48 [DEBUG] AutoFeeding:trigger_ccd1_detection:580 - CCD1檢測完成標誌確認
2025-07-24 20:37:48 [INFO] AutoFeeding:feeding_cycle:741 - 週期1612 檢測結果: DR_F=14, 總數=28
2025-07-24 20:37:48 [INFO] AutoFeeding:feeding_cycle:768 - 找到保護區內DR_F: (-95.52, 262.61)
2025-07-24 20:37:48 [INFO] AutoFeeding:set_dr_f_available:720 - DR_F已就緒: (-95.52, 262.61), Flow1可直接讀取座標
2025-07-24 20:37:49 [DEBUG] AutoFeeding:trigger_ccd1_detection:553 - 發送檢測指令前 - 201狀態: 9
2025-07-24 20:37:49 [DEBUG] AutoFeeding:trigger_ccd1_detection:561 - 已發送控制指令16到寄存器200
2025-07-24 20:37:50 [DEBUG] AutoFeeding:trigger_ccd1_detection:580 - CCD1檢測完成標誌確認
2025-07-24 20:37:50 [INFO] AutoFeeding:feeding_cycle:741 - 週期1613 檢測結果: DR_F=14, 總數=28
2025-07-24 20:37:50 [INFO] AutoFeeding:feeding_cycle:768 - 找到保護區內DR_F: (-95.52, 262.61)
2025-07-24 20:37:50 [INFO] AutoFeeding:set_dr_f_available:720 - DR_F已就緒: (-95.52, 262.61), Flow1可直接讀取座標
2025-07-24 20:37:51 [DEBUG] AutoFeeding:trigger_ccd1_detection:553 - 發送檢測指令前 - 201狀態: 9
2025-07-24 20:37:51 [DEBUG] AutoFeeding:trigger_ccd1_detection:561 - 已發送控制指令16到寄存器200
2025-07-24 20:37:52 [DEBUG] AutoFeeding:trigger_ccd1_detection:580 - CCD1檢測完成標誌確認
2025-07-24 20:37:52 [INFO] AutoFeeding:feeding_cycle:741 - 週期1614 檢測結果: DR_F=14, 總數=28
2025-07-24 20:37:52 [INFO] AutoFeeding:feeding_cycle:768 - 找到保護區內DR_F: (-95.52, 262.61)
2025-07-24 20:37:52 [INFO] AutoFeeding:set_dr_f_available:720 - DR_F已就緒: (-95.52, 262.61), Flow1可直接讀取座標
2025-07-24 20:37:53 [DEBUG] AutoFeeding:trigger_ccd1_detection:553 - 發送檢測指令前 - 201狀態: 9
2025-07-24 20:37:53 [DEBUG] AutoFeeding:trigger_ccd1_detection:561 - 已發送控制指令16到寄存器200
2025-07-24 20:37:54 [DEBUG] AutoFeeding:trigger_ccd1_detection:580 - CCD1檢測完成標誌確認
2025-07-24 20:37:54 [INFO] AutoFeeding:feeding_cycle:741 - 週期1615 檢測結果: DR_F=14, 總數=28
2025-07-24 20:37:54 [INFO] AutoFeeding:feeding_cycle:768 - 找到保護區內DR_F: (-95.52, 262.61)
2025-07-24 20:37:54 [INFO] AutoFeeding:set_dr_f_available:720 - DR_F已就緒: (-95.52, 262.61), Flow1可直接讀取座標
2025-07-24 20:37:55 [DEBUG] AutoFeeding:trigger_ccd1_detection:553 - 發送檢測指令前 - 201狀態: 9
2025-07-24 20:37:55 [DEBUG] AutoFeeding:trigger_ccd1_detection:561 - 已發送控制指令16到寄存器200
2025-07-24 20:37:56 [DEBUG] AutoFeeding:trigger_ccd1_detection:580 - CCD1檢測完成標誌確認
2025-07-24 20:37:56 [INFO] AutoFeeding:feeding_cycle:741 - 週期1616 檢測結果: DR_F=14, 總數=28
2025-07-24 20:37:56 [INFO] AutoFeeding:feeding_cycle:768 - 找到保護區內DR_F: (-95.52, 262.61)
2025-07-24 20:37:56 [INFO] AutoFeeding:set_dr_f_available:720 - DR_F已就緒: (-95.52, 262.61), Flow1可直接讀取座標
2025-07-24 20:37:57 [DEBUG] AutoFeeding:trigger_ccd1_detection:553 - 發送檢測指令前 - 201狀態: 9
2025-07-24 20:37:57 [DEBUG] AutoFeeding:trigger_ccd1_detection:561 - 已發送控制指令16到寄存器200
2025-07-24 20:37:59 [DEBUG] AutoFeeding:trigger_ccd1_detection:580 - CCD1檢測完成標誌確認
2025-07-24 20:37:59 [INFO] AutoFeeding:feeding_cycle:741 - 週期1617 檢測結果: DR_F=14, 總數=28
2025-07-24 20:37:59 [INFO] AutoFeeding:feeding_cycle:768 - 找到保護區內DR_F: (-95.52, 262.61)
2025-07-24 20:37:59 [INFO] AutoFeeding:set_dr_f_available:720 - DR_F已就緒: (-95.52, 262.61), Flow1可直接讀取座標
2025-07-24 20:38:00 [DEBUG] AutoFeeding:trigger_ccd1_detection:553 - 發送檢測指令前 - 201狀態: 9
2025-07-24 20:38:00 [DEBUG] AutoFeeding:trigger_ccd1_detection:561 - 已發送控制指令16到寄存器200
2025-07-24 20:38:01 [DEBUG] AutoFeeding:trigger_ccd1_detection:580 - CCD1檢測完成標誌確認
2025-07-24 20:38:01 [INFO] AutoFeeding:feeding_cycle:741 - 週期1618 檢測結果: DR_F=14, 總數=28
2025-07-24 20:38:01 [INFO] AutoFeeding:feeding_cycle:768 - 找到保護區內DR_F: (-95.52, 262.61)
2025-07-24 20:38:01 [INFO] AutoFeeding:set_dr_f_available:720 - DR_F已就緒: (-95.52, 262.61), Flow1可直接讀取座標
2025-07-24 20:38:02 [DEBUG] AutoFeeding:trigger_ccd1_detection:553 - 發送檢測指令前 - 201狀態: 9
2025-07-24 20:38:02 [DEBUG] AutoFeeding:trigger_ccd1_detection:561 - 已發送控制指令16到寄存器200
2025-07-24 20:38:03 [DEBUG] AutoFeeding:trigger_ccd1_detection:580 - CCD1檢測完成標誌確認
2025-07-24 20:38:03 [INFO] AutoFeeding:feeding_cycle:741 - 週期1619 檢測結果: DR_F=14, 總數=28
2025-07-24 20:38:03 [INFO] AutoFeeding:feeding_cycle:768 - 找到保護區內DR_F: (-95.53, 262.61)
2025-07-24 20:38:03 [INFO] AutoFeeding:set_dr_f_available:720 - DR_F已就緒: (-95.53, 262.61), Flow1可直接讀取座標
2025-07-24 20:38:04 [DEBUG] AutoFeeding:trigger_ccd1_detection:553 - 發送檢測指令前 - 201狀態: 9
2025-07-24 20:38:04 [DEBUG] AutoFeeding:trigger_ccd1_detection:561 - 已發送控制指令16到寄存器200
2025-07-24 20:38:05 [DEBUG] AutoFeeding:trigger_ccd1_detection:580 - CCD1檢測完成標誌確認
2025-07-24 20:38:05 [INFO] AutoFeeding:feeding_cycle:741 - 週期1620 檢測結果: DR_F=14, 總數=28
2025-07-24 20:38:05 [INFO] AutoFeeding:feeding_cycle:768 - 找到保護區內DR_F: (-95.51, 262.61)
2025-07-24 20:38:05 [INFO] AutoFeeding:set_dr_f_available:720 - DR_F已就緒: (-95.51, 262.61), Flow1可直接讀取座標
2025-07-24 20:38:06 [DEBUG] AutoFeeding:trigger_ccd1_detection:553 - 發送檢測指令前 - 201狀態: 9
2025-07-24 20:38:06 [DEBUG] AutoFeeding:trigger_ccd1_detection:561 - 已發送控制指令16到寄存器200
2025-07-24 20:38:07 [DEBUG] AutoFeeding:trigger_ccd1_detection:580 - CCD1檢測完成標誌確認
2025-07-24 20:38:07 [INFO] AutoFeeding:feeding_cycle:741 - 週期1621 檢測結果: DR_F=14, 總數=28
2025-07-24 20:38:07 [INFO] AutoFeeding:feeding_cycle:768 - 找到保護區內DR_F: (-95.52, 262.6)
2025-07-24 20:38:07 [INFO] AutoFeeding:set_dr_f_available:720 - DR_F已就緒: (-95.52, 262.6), Flow1可直接讀取座標
2025-07-24 20:38:08 [DEBUG] AutoFeeding:trigger_ccd1_detection:553 - 發送檢測指令前 - 201狀態: 9
2025-07-24 20:38:08 [DEBUG] AutoFeeding:trigger_ccd1_detection:561 - 已發送控制指令16到寄存器200
2025-07-24 20:38:09 [DEBUG] AutoFeeding:trigger_ccd1_detection:580 - CCD1檢測完成標誌確認
2025-07-24 20:38:09 [INFO] AutoFeeding:feeding_cycle:741 - 週期1622 檢測結果: DR_F=14, 總數=28
2025-07-24 20:38:09 [INFO] AutoFeeding:feeding_cycle:768 - 找到保護區內DR_F: (-95.53, 262.61)
2025-07-24 20:38:09 [INFO] AutoFeeding:set_dr_f_available:720 - DR_F已就緒: (-95.53, 262.61), Flow1可直接讀取座標
2025-07-24 20:38:10 [DEBUG] AutoFeeding:trigger_ccd1_detection:553 - 發送檢測指令前 - 201狀態: 9
2025-07-24 20:38:10 [DEBUG] AutoFeeding:trigger_ccd1_detection:561 - 已發送控制指令16到寄存器200
2025-07-24 20:38:11 [DEBUG] AutoFeeding:trigger_ccd1_detection:580 - CCD1檢測完成標誌確認
2025-07-24 20:38:11 [INFO] AutoFeeding:feeding_cycle:741 - 週期1623 檢測結果: DR_F=14, 總數=28
2025-07-24 20:38:11 [INFO] AutoFeeding:feeding_cycle:768 - 找到保護區內DR_F: (-95.52, 262.61)
2025-07-24 20:38:11 [INFO] AutoFeeding:set_dr_f_available:720 - DR_F已就緒: (-95.52, 262.61), Flow1可直接讀取座標
2025-07-24 20:38:12 [DEBUG] AutoFeeding:trigger_ccd1_detection:553 - 發送檢測指令前 - 201狀態: 9
2025-07-24 20:38:12 [DEBUG] AutoFeeding:trigger_ccd1_detection:561 - 已發送控制指令16到寄存器200
2025-07-24 20:38:13 [DEBUG] AutoFeeding:trigger_ccd1_detection:580 - CCD1檢測完成標誌確認
2025-07-24 20:38:13 [INFO] AutoFeeding:feeding_cycle:741 - 週期1624 檢測結果: DR_F=14, 總數=28
2025-07-24 20:38:13 [INFO] AutoFeeding:feeding_cycle:768 - 找到保護區內DR_F: (-95.52, 262.61)
2025-07-24 20:38:13 [INFO] AutoFeeding:set_dr_f_available:720 - DR_F已就緒: (-95.52, 262.61), Flow1可直接讀取座標
2025-07-24 20:38:14 [DEBUG] AutoFeeding:trigger_ccd1_detection:553 - 發送檢測指令前 - 201狀態: 9
2025-07-24 20:38:14 [DEBUG] AutoFeeding:trigger_ccd1_detection:561 - 已發送控制指令16到寄存器200
2025-07-24 20:38:15 [DEBUG] AutoFeeding:trigger_ccd1_detection:580 - CCD1檢測完成標誌確認
2025-07-24 20:38:15 [INFO] AutoFeeding:feeding_cycle:741 - 週期1625 檢測結果: DR_F=14, 總數=28
2025-07-24 20:38:15 [INFO] AutoFeeding:feeding_cycle:768 - 找到保護區內DR_F: (-95.52, 262.61)
2025-07-24 20:38:15 [INFO] AutoFeeding:set_dr_f_available:720 - DR_F已就緒: (-95.52, 262.61), Flow1可直接讀取座標
2025-07-24 20:38:16 [DEBUG] AutoFeeding:trigger_ccd1_detection:553 - 發送檢測指令前 - 201狀態: 9
2025-07-24 20:38:16 [DEBUG] AutoFeeding:trigger_ccd1_detection:561 - 已發送控制指令16到寄存器200
2025-07-24 20:38:17 [DEBUG] AutoFeeding:trigger_ccd1_detection:580 - CCD1檢測完成標誌確認
2025-07-24 20:38:17 [INFO] AutoFeeding:feeding_cycle:741 - 週期1626 檢測結果: DR_F=14, 總數=28
2025-07-24 20:38:17 [INFO] AutoFeeding:feeding_cycle:768 - 找到保護區內DR_F: (-95.51, 262.6)
2025-07-24 20:38:17 [INFO] AutoFeeding:set_dr_f_available:720 - DR_F已就緒: (-95.51, 262.6), Flow1可直接讀取座標
2025-07-24 20:38:18 [DEBUG] AutoFeeding:trigger_ccd1_detection:553 - 發送檢測指令前 - 201狀態: 9
2025-07-24 20:38:18 [DEBUG] AutoFeeding:trigger_ccd1_detection:561 - 已發送控制指令16到寄存器200
2025-07-24 20:38:19 [DEBUG] AutoFeeding:trigger_ccd1_detection:580 - CCD1檢測完成標誌確認
2025-07-24 20:38:19 [INFO] AutoFeeding:feeding_cycle:741 - 週期1627 檢測結果: DR_F=14, 總數=28
2025-07-24 20:38:19 [INFO] AutoFeeding:feeding_cycle:768 - 找到保護區內DR_F: (-95.51, 262.61)
2025-07-24 20:38:19 [INFO] AutoFeeding:set_dr_f_available:720 - DR_F已就緒: (-95.51, 262.61), Flow1可直接讀取座標
2025-07-24 20:38:20 [DEBUG] AutoFeeding:trigger_ccd1_detection:553 - 發送檢測指令前 - 201狀態: 9
2025-07-24 20:38:20 [DEBUG] AutoFeeding:trigger_ccd1_detection:561 - 已發送控制指令16到寄存器200
2025-07-24 20:38:21 [DEBUG] AutoFeeding:trigger_ccd1_detection:580 - CCD1檢測完成標誌確認
2025-07-24 20:38:21 [INFO] AutoFeeding:feeding_cycle:741 - 週期1628 檢測結果: DR_F=14, 總數=28
2025-07-24 20:38:21 [INFO] AutoFeeding:feeding_cycle:768 - 找到保護區內DR_F: (-95.52, 262.61)
2025-07-24 20:38:21 [INFO] AutoFeeding:set_dr_f_available:720 - DR_F已就緒: (-95.52, 262.61), Flow1可直接讀取座標
2025-07-24 20:38:22 [DEBUG] AutoFeeding:trigger_ccd1_detection:553 - 發送檢測指令前 - 201狀態: 9
2025-07-24 20:38:22 [DEBUG] AutoFeeding:trigger_ccd1_detection:561 - 已發送控制指令16到寄存器200
2025-07-24 20:38:23 [DEBUG] AutoFeeding:trigger_ccd1_detection:580 - CCD1檢測完成標誌確認
2025-07-24 20:38:23 [INFO] AutoFeeding:feeding_cycle:741 - 週期1629 檢測結果: DR_F=14, 總數=28
2025-07-24 20:38:23 [INFO] AutoFeeding:feeding_cycle:768 - 找到保護區內DR_F: (-95.52, 262.61)
2025-07-24 20:38:23 [INFO] AutoFeeding:set_dr_f_available:720 - DR_F已就緒: (-95.52, 262.61), Flow1可直接讀取座標
2025-07-24 20:38:24 [DEBUG] AutoFeeding:trigger_ccd1_detection:553 - 發送檢測指令前 - 201狀態: 9
2025-07-24 20:38:24 [DEBUG] AutoFeeding:trigger_ccd1_detection:561 - 已發送控制指令16到寄存器200
2025-07-24 20:38:25 [DEBUG] AutoFeeding:trigger_ccd1_detection:580 - CCD1檢測完成標誌確認
2025-07-24 20:38:25 [INFO] AutoFeeding:feeding_cycle:741 - 週期1630 檢測結果: DR_F=14, 總數=28
2025-07-24 20:38:25 [INFO] AutoFeeding:feeding_cycle:768 - 找到保護區內DR_F: (-95.52, 262.61)
2025-07-24 20:38:25 [INFO] AutoFeeding:set_dr_f_available:720 - DR_F已就緒: (-95.52, 262.61), Flow1可直接讀取座標
2025-07-24 20:38:26 [DEBUG] AutoFeeding:trigger_ccd1_detection:553 - 發送檢測指令前 - 201狀態: 9
2025-07-24 20:38:26 [DEBUG] AutoFeeding:trigger_ccd1_detection:561 - 已發送控制指令16到寄存器200
2025-07-24 20:38:27 [DEBUG] AutoFeeding:trigger_ccd1_detection:580 - CCD1檢測完成標誌確認
2025-07-24 20:38:27 [INFO] AutoFeeding:feeding_cycle:741 - 週期1631 檢測結果: DR_F=14, 總數=28
2025-07-24 20:38:27 [INFO] AutoFeeding:feeding_cycle:768 - 找到保護區內DR_F: (-95.52, 262.61)
2025-07-24 20:38:27 [INFO] AutoFeeding:set_dr_f_available:720 - DR_F已就緒: (-95.52, 262.61), Flow1可直接讀取座標
2025-07-24 20:38:28 [DEBUG] AutoFeeding:trigger_ccd1_detection:553 - 發送檢測指令前 - 201狀態: 9
2025-07-24 20:38:28 [DEBUG] AutoFeeding:trigger_ccd1_detection:561 - 已發送控制指令16到寄存器200
2025-07-24 20:38:29 [DEBUG] AutoFeeding:trigger_ccd1_detection:580 - CCD1檢測完成標誌確認
2025-07-24 20:38:29 [INFO] AutoFeeding:feeding_cycle:741 - 週期1632 檢測結果: DR_F=14, 總數=28
2025-07-24 20:38:29 [INFO] AutoFeeding:feeding_cycle:768 - 找到保護區內DR_F: (-95.52, 262.61)
2025-07-24 20:38:29 [INFO] AutoFeeding:set_dr_f_available:720 - DR_F已就緒: (-95.52, 262.61), Flow1可直接讀取座標
2025-07-24 20:38:30 [DEBUG] AutoFeeding:trigger_ccd1_detection:553 - 發送檢測指令前 - 201狀態: 9
2025-07-24 20:38:30 [DEBUG] AutoFeeding:trigger_ccd1_detection:561 - 已發送控制指令16到寄存器200
2025-07-24 20:38:31 [DEBUG] AutoFeeding:trigger_ccd1_detection:580 - CCD1檢測完成標誌確認
2025-07-24 20:38:31 [INFO] AutoFeeding:feeding_cycle:741 - 週期1633 檢測結果: DR_F=14, 總數=28
2025-07-24 20:38:31 [INFO] AutoFeeding:feeding_cycle:768 - 找到保護區內DR_F: (-95.52, 262.6)
2025-07-24 20:38:31 [INFO] AutoFeeding:set_dr_f_available:720 - DR_F已就緒: (-95.52, 262.6), Flow1可直接讀取座標
2025-07-24 20:38:32 [DEBUG] AutoFeeding:trigger_ccd1_detection:553 - 發送檢測指令前 - 201狀態: 9
2025-07-24 20:38:32 [DEBUG] AutoFeeding:trigger_ccd1_detection:561 - 已發送控制指令16到寄存器200
2025-07-24 20:38:33 [DEBUG] AutoFeeding:trigger_ccd1_detection:580 - CCD1檢測完成標誌確認
2025-07-24 20:38:33 [INFO] AutoFeeding:feeding_cycle:741 - 週期1634 檢測結果: DR_F=14, 總數=28
2025-07-24 20:38:33 [INFO] AutoFeeding:feeding_cycle:768 - 找到保護區內DR_F: (-95.52, 262.61)
2025-07-24 20:38:33 [INFO] AutoFeeding:set_dr_f_available:720 - DR_F已就緒: (-95.52, 262.61), Flow1可直接讀取座標
2025-07-24 20:38:34 [DEBUG] AutoFeeding:trigger_ccd1_detection:553 - 發送檢測指令前 - 201狀態: 9
2025-07-24 20:38:34 [DEBUG] AutoFeeding:trigger_ccd1_detection:561 - 已發送控制指令16到寄存器200
2025-07-24 20:38:35 [DEBUG] AutoFeeding:trigger_ccd1_detection:580 - CCD1檢測完成標誌確認
2025-07-24 20:38:35 [INFO] AutoFeeding:feeding_cycle:741 - 週期1635 檢測結果: DR_F=14, 總數=28
2025-07-24 20:38:35 [INFO] AutoFeeding:feeding_cycle:768 - 找到保護區內DR_F: (-95.51, 262.61)
2025-07-24 20:38:35 [INFO] AutoFeeding:set_dr_f_available:720 - DR_F已就緒: (-95.51, 262.61), Flow1可直接讀取座標
2025-07-24 20:38:36 [DEBUG] AutoFeeding:trigger_ccd1_detection:553 - 發送檢測指令前 - 201狀態: 9
2025-07-24 20:38:36 [DEBUG] AutoFeeding:trigger_ccd1_detection:561 - 已發送控制指令16到寄存器200
2025-07-24 20:38:37 [DEBUG] AutoFeeding:trigger_ccd1_detection:580 - CCD1檢測完成標誌確認
2025-07-24 20:38:37 [INFO] AutoFeeding:feeding_cycle:741 - 週期1636 檢測結果: DR_F=14, 總數=28
2025-07-24 20:38:37 [INFO] AutoFeeding:feeding_cycle:768 - 找到保護區內DR_F: (-95.52, 262.61)
2025-07-24 20:38:37 [INFO] AutoFeeding:set_dr_f_available:720 - DR_F已就緒: (-95.52, 262.61), Flow1可直接讀取座標
2025-07-24 20:38:38 [DEBUG] AutoFeeding:trigger_ccd1_detection:553 - 發送檢測指令前 - 201狀態: 9
2025-07-24 20:38:38 [DEBUG] AutoFeeding:trigger_ccd1_detection:561 - 已發送控制指令16到寄存器200
2025-07-24 20:38:39 [DEBUG] AutoFeeding:trigger_ccd1_detection:580 - CCD1檢測完成標誌確認
2025-07-24 20:38:39 [INFO] AutoFeeding:feeding_cycle:741 - 週期1637 檢測結果: DR_F=14, 總數=28
2025-07-24 20:38:39 [INFO] AutoFeeding:feeding_cycle:768 - 找到保護區內DR_F: (-95.52, 262.61)
2025-07-24 20:38:39 [INFO] AutoFeeding:set_dr_f_available:720 - DR_F已就緒: (-95.52, 262.61), Flow1可直接讀取座標
2025-07-24 20:38:40 [DEBUG] AutoFeeding:trigger_ccd1_detection:553 - 發送檢測指令前 - 201狀態: 9
2025-07-24 20:38:40 [DEBUG] AutoFeeding:trigger_ccd1_detection:561 - 已發送控制指令16到寄存器200
2025-07-24 20:38:42 [DEBUG] AutoFeeding:trigger_ccd1_detection:580 - CCD1檢測完成標誌確認
2025-07-24 20:38:42 [INFO] AutoFeeding:feeding_cycle:741 - 週期1638 檢測結果: DR_F=14, 總數=28
2025-07-24 20:38:42 [INFO] AutoFeeding:feeding_cycle:768 - 找到保護區內DR_F: (-95.52, 262.61)
2025-07-24 20:38:42 [INFO] AutoFeeding:set_dr_f_available:720 - DR_F已就緒: (-95.52, 262.61), Flow1可直接讀取座標
2025-07-24 20:38:43 [DEBUG] AutoFeeding:trigger_ccd1_detection:553 - 發送檢測指令前 - 201狀態: 9
2025-07-24 20:38:43 [DEBUG] AutoFeeding:trigger_ccd1_detection:561 - 已發送控制指令16到寄存器200
2025-07-24 20:38:44 [DEBUG] AutoFeeding:trigger_ccd1_detection:580 - CCD1檢測完成標誌確認
2025-07-24 20:38:44 [INFO] AutoFeeding:feeding_cycle:741 - 週期1639 檢測結果: DR_F=14, 總數=28
2025-07-24 20:38:44 [INFO] AutoFeeding:feeding_cycle:768 - 找到保護區內DR_F: (-95.52, 262.61)
2025-07-24 20:38:44 [INFO] AutoFeeding:set_dr_f_available:720 - DR_F已就緒: (-95.52, 262.61), Flow1可直接讀取座標
2025-07-24 20:38:45 [DEBUG] AutoFeeding:trigger_ccd1_detection:553 - 發送檢測指令前 - 201狀態: 9
2025-07-24 20:38:45 [DEBUG] AutoFeeding:trigger_ccd1_detection:561 - 已發送控制指令16到寄存器200
2025-07-24 20:38:46 [DEBUG] AutoFeeding:trigger_ccd1_detection:580 - CCD1檢測完成標誌確認
2025-07-24 20:38:46 [INFO] AutoFeeding:feeding_cycle:741 - 週期1640 檢測結果: DR_F=14, 總數=28
2025-07-24 20:38:46 [INFO] AutoFeeding:feeding_cycle:768 - 找到保護區內DR_F: (-95.52, 262.61)
2025-07-24 20:38:46 [INFO] AutoFeeding:set_dr_f_available:720 - DR_F已就緒: (-95.52, 262.61), Flow1可直接讀取座標
2025-07-24 20:38:47 [DEBUG] AutoFeeding:trigger_ccd1_detection:553 - 發送檢測指令前 - 201狀態: 9
2025-07-24 20:38:47 [DEBUG] AutoFeeding:trigger_ccd1_detection:561 - 已發送控制指令16到寄存器200
2025-07-24 20:38:48 [DEBUG] AutoFeeding:trigger_ccd1_detection:580 - CCD1檢測完成標誌確認
2025-07-24 20:38:48 [INFO] AutoFeeding:feeding_cycle:741 - 週期1641 檢測結果: DR_F=14, 總數=28
2025-07-24 20:38:48 [INFO] AutoFeeding:feeding_cycle:768 - 找到保護區內DR_F: (-95.52, 262.61)
2025-07-24 20:38:48 [INFO] AutoFeeding:set_dr_f_available:720 - DR_F已就緒: (-95.52, 262.61), Flow1可直接讀取座標
2025-07-24 20:38:49 [DEBUG] AutoFeeding:trigger_ccd1_detection:553 - 發送檢測指令前 - 201狀態: 9
2025-07-24 20:38:49 [DEBUG] AutoFeeding:trigger_ccd1_detection:561 - 已發送控制指令16到寄存器200
2025-07-24 20:38:50 [DEBUG] AutoFeeding:trigger_ccd1_detection:580 - CCD1檢測完成標誌確認
2025-07-24 20:38:50 [INFO] AutoFeeding:feeding_cycle:741 - 週期1642 檢測結果: DR_F=14, 總數=28
2025-07-24 20:38:50 [INFO] AutoFeeding:feeding_cycle:768 - 找到保護區內DR_F: (-95.52, 262.61)
2025-07-24 20:38:50 [INFO] AutoFeeding:set_dr_f_available:720 - DR_F已就緒: (-95.52, 262.61), Flow1可直接讀取座標
2025-07-24 20:38:51 [DEBUG] AutoFeeding:trigger_ccd1_detection:553 - 發送檢測指令前 - 201狀態: 9
2025-07-24 20:38:51 [DEBUG] AutoFeeding:trigger_ccd1_detection:561 - 已發送控制指令16到寄存器200
2025-07-24 20:38:52 [DEBUG] AutoFeeding:trigger_ccd1_detection:580 - CCD1檢測完成標誌確認
2025-07-24 20:38:52 [INFO] AutoFeeding:feeding_cycle:741 - 週期1643 檢測結果: DR_F=14, 總數=28
2025-07-24 20:38:52 [INFO] AutoFeeding:feeding_cycle:768 - 找到保護區內DR_F: (-95.52, 262.61)
2025-07-24 20:38:52 [INFO] AutoFeeding:set_dr_f_available:720 - DR_F已就緒: (-95.52, 262.61), Flow1可直接讀取座標
2025-07-24 20:38:53 [DEBUG] AutoFeeding:trigger_ccd1_detection:553 - 發送檢測指令前 - 201狀態: 9
2025-07-24 20:38:53 [DEBUG] AutoFeeding:trigger_ccd1_detection:561 - 已發送控制指令16到寄存器200
2025-07-24 20:38:54 [DEBUG] AutoFeeding:trigger_ccd1_detection:580 - CCD1檢測完成標誌確認
2025-07-24 20:38:54 [INFO] AutoFeeding:feeding_cycle:741 - 週期1644 檢測結果: DR_F=14, 總數=28
2025-07-24 20:38:54 [INFO] AutoFeeding:feeding_cycle:768 - 找到保護區內DR_F: (-95.51, 262.61)
2025-07-24 20:38:54 [INFO] AutoFeeding:set_dr_f_available:720 - DR_F已就緒: (-95.51, 262.61), Flow1可直接讀取座標
2025-07-24 20:38:55 [DEBUG] AutoFeeding:trigger_ccd1_detection:553 - 發送檢測指令前 - 201狀態: 9
2025-07-24 20:38:55 [DEBUG] AutoFeeding:trigger_ccd1_detection:561 - 已發送控制指令16到寄存器200
2025-07-24 20:38:56 [DEBUG] AutoFeeding:trigger_ccd1_detection:580 - CCD1檢測完成標誌確認
2025-07-24 20:38:56 [INFO] AutoFeeding:feeding_cycle:741 - 週期1645 檢測結果: DR_F=14, 總數=28
2025-07-24 20:38:56 [INFO] AutoFeeding:feeding_cycle:768 - 找到保護區內DR_F: (-95.52, 262.61)
2025-07-24 20:38:56 [INFO] AutoFeeding:set_dr_f_available:720 - DR_F已就緒: (-95.52, 262.61), Flow1可直接讀取座標
2025-07-24 20:38:57 [DEBUG] AutoFeeding:trigger_ccd1_detection:553 - 發送檢測指令前 - 201狀態: 9
2025-07-24 20:38:57 [DEBUG] AutoFeeding:trigger_ccd1_detection:561 - 已發送控制指令16到寄存器200
2025-07-24 20:38:58 [DEBUG] AutoFeeding:trigger_ccd1_detection:580 - CCD1檢測完成標誌確認
2025-07-24 20:38:58 [INFO] AutoFeeding:feeding_cycle:741 - 週期1646 檢測結果: DR_F=14, 總數=28
2025-07-24 20:38:58 [INFO] AutoFeeding:feeding_cycle:768 - 找到保護區內DR_F: (-95.52, 262.61)
2025-07-24 20:38:58 [INFO] AutoFeeding:set_dr_f_available:720 - DR_F已就緒: (-95.52, 262.61), Flow1可直接讀取座標
2025-07-24 20:38:59 [DEBUG] AutoFeeding:trigger_ccd1_detection:553 - 發送檢測指令前 - 201狀態: 9
2025-07-24 20:38:59 [DEBUG] AutoFeeding:trigger_ccd1_detection:561 - 已發送控制指令16到寄存器200
2025-07-24 20:39:00 [DEBUG] AutoFeeding:trigger_ccd1_detection:580 - CCD1檢測完成標誌確認
2025-07-24 20:39:00 [INFO] AutoFeeding:feeding_cycle:741 - 週期1647 檢測結果: DR_F=14, 總數=28
2025-07-24 20:39:00 [INFO] AutoFeeding:feeding_cycle:768 - 找到保護區內DR_F: (-95.51, 262.61)
2025-07-24 20:39:00 [INFO] AutoFeeding:set_dr_f_available:720 - DR_F已就緒: (-95.51, 262.61), Flow1可直接讀取座標
2025-07-24 20:39:01 [DEBUG] AutoFeeding:trigger_ccd1_detection:553 - 發送檢測指令前 - 201狀態: 9
2025-07-24 20:39:01 [DEBUG] AutoFeeding:trigger_ccd1_detection:561 - 已發送控制指令16到寄存器200
2025-07-24 20:39:02 [DEBUG] AutoFeeding:trigger_ccd1_detection:580 - CCD1檢測完成標誌確認
2025-07-24 20:39:02 [INFO] AutoFeeding:feeding_cycle:741 - 週期1648 檢測結果: DR_F=14, 總數=28
2025-07-24 20:39:02 [INFO] AutoFeeding:feeding_cycle:768 - 找到保護區內DR_F: (-95.52, 262.61)
2025-07-24 20:39:02 [INFO] AutoFeeding:set_dr_f_available:720 - DR_F已就緒: (-95.52, 262.61), Flow1可直接讀取座標
2025-07-24 20:39:03 [DEBUG] AutoFeeding:trigger_ccd1_detection:553 - 發送檢測指令前 - 201狀態: 9
2025-07-24 20:39:03 [DEBUG] AutoFeeding:trigger_ccd1_detection:561 - 已發送控制指令16到寄存器200
2025-07-24 20:39:04 [DEBUG] AutoFeeding:trigger_ccd1_detection:580 - CCD1檢測完成標誌確認
2025-07-24 20:39:04 [INFO] AutoFeeding:feeding_cycle:741 - 週期1649 檢測結果: DR_F=14, 總數=28
2025-07-24 20:39:04 [INFO] AutoFeeding:feeding_cycle:768 - 找到保護區內DR_F: (-95.52, 262.61)
2025-07-24 20:39:04 [INFO] AutoFeeding:set_dr_f_available:720 - DR_F已就緒: (-95.52, 262.61), Flow1可直接讀取座標
2025-07-24 20:39:05 [DEBUG] AutoFeeding:trigger_ccd1_detection:553 - 發送檢測指令前 - 201狀態: 9
2025-07-24 20:39:05 [DEBUG] AutoFeeding:trigger_ccd1_detection:561 - 已發送控制指令16到寄存器200
2025-07-24 20:39:06 [DEBUG] AutoFeeding:trigger_ccd1_detection:580 - CCD1檢測完成標誌確認
2025-07-24 20:39:06 [INFO] AutoFeeding:feeding_cycle:741 - 週期1650 檢測結果: DR_F=14, 總數=28
2025-07-24 20:39:06 [INFO] AutoFeeding:feeding_cycle:768 - 找到保護區內DR_F: (-95.52, 262.61)
2025-07-24 20:39:06 [INFO] AutoFeeding:set_dr_f_available:720 - DR_F已就緒: (-95.52, 262.61), Flow1可直接讀取座標
2025-07-24 20:39:07 [DEBUG] AutoFeeding:trigger_ccd1_detection:553 - 發送檢測指令前 - 201狀態: 9
2025-07-24 20:39:07 [DEBUG] AutoFeeding:trigger_ccd1_detection:561 - 已發送控制指令16到寄存器200
2025-07-24 20:39:08 [DEBUG] AutoFeeding:trigger_ccd1_detection:580 - CCD1檢測完成標誌確認
2025-07-24 20:39:08 [INFO] AutoFeeding:feeding_cycle:741 - 週期1651 檢測結果: DR_F=14, 總數=28
2025-07-24 20:39:08 [INFO] AutoFeeding:feeding_cycle:768 - 找到保護區內DR_F: (-95.52, 262.6)
2025-07-24 20:39:08 [INFO] AutoFeeding:set_dr_f_available:720 - DR_F已就緒: (-95.52, 262.6), Flow1可直接讀取座標
2025-07-24 20:39:09 [DEBUG] AutoFeeding:trigger_ccd1_detection:553 - 發送檢測指令前 - 201狀態: 9
2025-07-24 20:39:09 [DEBUG] AutoFeeding:trigger_ccd1_detection:561 - 已發送控制指令16到寄存器200
2025-07-24 20:39:10 [DEBUG] AutoFeeding:trigger_ccd1_detection:580 - CCD1檢測完成標誌確認
2025-07-24 20:39:10 [INFO] AutoFeeding:feeding_cycle:741 - 週期1652 檢測結果: DR_F=14, 總數=28
2025-07-24 20:39:10 [INFO] AutoFeeding:feeding_cycle:768 - 找到保護區內DR_F: (-95.52, 262.6)
2025-07-24 20:39:10 [INFO] AutoFeeding:set_dr_f_available:720 - DR_F已就緒: (-95.52, 262.6), Flow1可直接讀取座標
2025-07-24 20:39:11 [DEBUG] AutoFeeding:trigger_ccd1_detection:553 - 發送檢測指令前 - 201狀態: 9
2025-07-24 20:39:11 [DEBUG] AutoFeeding:trigger_ccd1_detection:561 - 已發送控制指令16到寄存器200
2025-07-24 20:39:12 [DEBUG] AutoFeeding:trigger_ccd1_detection:580 - CCD1檢測完成標誌確認
2025-07-24 20:39:12 [INFO] AutoFeeding:feeding_cycle:741 - 週期1653 檢測結果: DR_F=14, 總數=28
2025-07-24 20:39:12 [INFO] AutoFeeding:feeding_cycle:768 - 找到保護區內DR_F: (-95.52, 262.61)
2025-07-24 20:39:12 [INFO] AutoFeeding:set_dr_f_available:720 - DR_F已就緒: (-95.52, 262.61), Flow1可直接讀取座標
2025-07-24 20:39:13 [DEBUG] AutoFeeding:trigger_ccd1_detection:553 - 發送檢測指令前 - 201狀態: 9
2025-07-24 20:39:13 [DEBUG] AutoFeeding:trigger_ccd1_detection:561 - 已發送控制指令16到寄存器200
2025-07-24 20:39:14 [DEBUG] AutoFeeding:trigger_ccd1_detection:580 - CCD1檢測完成標誌確認
2025-07-24 20:39:14 [INFO] AutoFeeding:feeding_cycle:741 - 週期1654 檢測結果: DR_F=14, 總數=28
2025-07-24 20:39:14 [INFO] AutoFeeding:feeding_cycle:768 - 找到保護區內DR_F: (-95.52, 262.61)
2025-07-24 20:39:14 [INFO] AutoFeeding:set_dr_f_available:720 - DR_F已就緒: (-95.52, 262.61), Flow1可直接讀取座標
2025-07-24 20:39:15 [DEBUG] AutoFeeding:trigger_ccd1_detection:553 - 發送檢測指令前 - 201狀態: 9
2025-07-24 20:39:15 [DEBUG] AutoFeeding:trigger_ccd1_detection:561 - 已發送控制指令16到寄存器200
2025-07-24 20:39:16 [DEBUG] AutoFeeding:trigger_ccd1_detection:580 - CCD1檢測完成標誌確認
2025-07-24 20:39:16 [INFO] AutoFeeding:feeding_cycle:741 - 週期1655 檢測結果: DR_F=14, 總數=28
2025-07-24 20:39:16 [INFO] AutoFeeding:feeding_cycle:768 - 找到保護區內DR_F: (-95.52, 262.61)
2025-07-24 20:39:16 [INFO] AutoFeeding:set_dr_f_available:720 - DR_F已就緒: (-95.52, 262.61), Flow1可直接讀取座標
2025-07-24 20:39:17 [DEBUG] AutoFeeding:trigger_ccd1_detection:553 - 發送檢測指令前 - 201狀態: 9
2025-07-24 20:39:17 [DEBUG] AutoFeeding:trigger_ccd1_detection:561 - 已發送控制指令16到寄存器200
2025-07-24 20:39:18 [DEBUG] AutoFeeding:trigger_ccd1_detection:580 - CCD1檢測完成標誌確認
2025-07-24 20:39:18 [INFO] AutoFeeding:feeding_cycle:741 - 週期1656 檢測結果: DR_F=14, 總數=28
2025-07-24 20:39:18 [INFO] AutoFeeding:feeding_cycle:768 - 找到保護區內DR_F: (-95.52, 262.61)
2025-07-24 20:39:18 [INFO] AutoFeeding:set_dr_f_available:720 - DR_F已就緒: (-95.52, 262.61), Flow1可直接讀取座標
2025-07-24 20:39:19 [DEBUG] AutoFeeding:trigger_ccd1_detection:553 - 發送檢測指令前 - 201狀態: 9
2025-07-24 20:39:19 [DEBUG] AutoFeeding:trigger_ccd1_detection:561 - 已發送控制指令16到寄存器200
2025-07-24 20:39:20 [DEBUG] AutoFeeding:trigger_ccd1_detection:580 - CCD1檢測完成標誌確認
2025-07-24 20:39:20 [INFO] AutoFeeding:feeding_cycle:741 - 週期1657 檢測結果: DR_F=14, 總數=28
2025-07-24 20:39:20 [INFO] AutoFeeding:feeding_cycle:768 - 找到保護區內DR_F: (-95.52, 262.6)
2025-07-24 20:39:20 [INFO] AutoFeeding:set_dr_f_available:720 - DR_F已就緒: (-95.52, 262.6), Flow1可直接讀取座標
2025-07-24 20:39:21 [DEBUG] AutoFeeding:trigger_ccd1_detection:553 - 發送檢測指令前 - 201狀態: 9
2025-07-24 20:39:21 [DEBUG] AutoFeeding:trigger_ccd1_detection:561 - 已發送控制指令16到寄存器200
2025-07-24 20:39:22 [DEBUG] AutoFeeding:trigger_ccd1_detection:580 - CCD1檢測完成標誌確認
2025-07-24 20:39:22 [INFO] AutoFeeding:feeding_cycle:741 - 週期1658 檢測結果: DR_F=14, 總數=28
2025-07-24 20:39:22 [INFO] AutoFeeding:feeding_cycle:768 - 找到保護區內DR_F: (-95.52, 262.6)
2025-07-24 20:39:22 [INFO] AutoFeeding:set_dr_f_available:720 - DR_F已就緒: (-95.52, 262.6), Flow1可直接讀取座標
2025-07-24 20:39:23 [DEBUG] AutoFeeding:trigger_ccd1_detection:553 - 發送檢測指令前 - 201狀態: 9
2025-07-24 20:39:23 [DEBUG] AutoFeeding:trigger_ccd1_detection:561 - 已發送控制指令16到寄存器200
2025-07-24 20:39:24 [DEBUG] AutoFeeding:trigger_ccd1_detection:580 - CCD1檢測完成標誌確認
2025-07-24 20:39:24 [INFO] AutoFeeding:feeding_cycle:741 - 週期1659 檢測結果: DR_F=14, 總數=28
2025-07-24 20:39:24 [INFO] AutoFeeding:feeding_cycle:768 - 找到保護區內DR_F: (-95.52, 262.6)
2025-07-24 20:39:24 [INFO] AutoFeeding:set_dr_f_available:720 - DR_F已就緒: (-95.52, 262.6), Flow1可直接讀取座標
2025-07-24 20:39:25 [DEBUG] AutoFeeding:trigger_ccd1_detection:553 - 發送檢測指令前 - 201狀態: 9
2025-07-24 20:39:25 [DEBUG] AutoFeeding:trigger_ccd1_detection:561 - 已發送控制指令16到寄存器200
2025-07-24 20:39:26 [DEBUG] AutoFeeding:trigger_ccd1_detection:580 - CCD1檢測完成標誌確認
2025-07-24 20:39:26 [INFO] AutoFeeding:feeding_cycle:741 - 週期1660 檢測結果: DR_F=14, 總數=28
2025-07-24 20:39:26 [INFO] AutoFeeding:feeding_cycle:768 - 找到保護區內DR_F: (-95.52, 262.61)
2025-07-24 20:39:26 [INFO] AutoFeeding:set_dr_f_available:720 - DR_F已就緒: (-95.52, 262.61), Flow1可直接讀取座標
2025-07-24 20:39:27 [DEBUG] AutoFeeding:trigger_ccd1_detection:553 - 發送檢測指令前 - 201狀態: 9
2025-07-24 20:39:27 [DEBUG] AutoFeeding:trigger_ccd1_detection:561 - 已發送控制指令16到寄存器200
2025-07-24 20:39:29 [DEBUG] AutoFeeding:trigger_ccd1_detection:580 - CCD1檢測完成標誌確認
2025-07-24 20:39:29 [INFO] AutoFeeding:feeding_cycle:741 - 週期1661 檢測結果: DR_F=14, 總數=28
2025-07-24 20:39:29 [INFO] AutoFeeding:feeding_cycle:768 - 找到保護區內DR_F: (-95.52, 262.61)
2025-07-24 20:39:29 [INFO] AutoFeeding:set_dr_f_available:720 - DR_F已就緒: (-95.52, 262.61), Flow1可直接讀取座標
2025-07-24 20:39:30 [DEBUG] AutoFeeding:trigger_ccd1_detection:553 - 發送檢測指令前 - 201狀態: 9
2025-07-24 20:39:30 [DEBUG] AutoFeeding:trigger_ccd1_detection:561 - 已發送控制指令16到寄存器200
2025-07-24 20:39:31 [DEBUG] AutoFeeding:trigger_ccd1_detection:580 - CCD1檢測完成標誌確認
2025-07-24 20:39:31 [INFO] AutoFeeding:feeding_cycle:741 - 週期1662 檢測結果: DR_F=14, 總數=28
2025-07-24 20:39:31 [INFO] AutoFeeding:feeding_cycle:768 - 找到保護區內DR_F: (-95.52, 262.61)
2025-07-24 20:39:31 [INFO] AutoFeeding:set_dr_f_available:720 - DR_F已就緒: (-95.52, 262.61), Flow1可直接讀取座標
2025-07-24 20:39:32 [DEBUG] AutoFeeding:trigger_ccd1_detection:553 - 發送檢測指令前 - 201狀態: 9
2025-07-24 20:39:32 [DEBUG] AutoFeeding:trigger_ccd1_detection:561 - 已發送控制指令16到寄存器200
2025-07-24 20:39:33 [DEBUG] AutoFeeding:trigger_ccd1_detection:580 - CCD1檢測完成標誌確認
2025-07-24 20:39:33 [INFO] AutoFeeding:feeding_cycle:741 - 週期1663 檢測結果: DR_F=14, 總數=28
2025-07-24 20:39:33 [INFO] AutoFeeding:feeding_cycle:768 - 找到保護區內DR_F: (-95.52, 262.61)
2025-07-24 20:39:33 [INFO] AutoFeeding:set_dr_f_available:720 - DR_F已就緒: (-95.52, 262.61), Flow1可直接讀取座標
2025-07-24 20:39:34 [DEBUG] AutoFeeding:trigger_ccd1_detection:553 - 發送檢測指令前 - 201狀態: 9
2025-07-24 20:39:34 [DEBUG] AutoFeeding:trigger_ccd1_detection:561 - 已發送控制指令16到寄存器200
2025-07-24 20:39:35 [DEBUG] AutoFeeding:trigger_ccd1_detection:580 - CCD1檢測完成標誌確認
2025-07-24 20:39:35 [INFO] AutoFeeding:feeding_cycle:741 - 週期1664 檢測結果: DR_F=14, 總數=28
2025-07-24 20:39:35 [INFO] AutoFeeding:feeding_cycle:768 - 找到保護區內DR_F: (-95.52, 262.61)
2025-07-24 20:39:35 [INFO] AutoFeeding:set_dr_f_available:720 - DR_F已就緒: (-95.52, 262.61), Flow1可直接讀取座標
2025-07-24 20:39:36 [DEBUG] AutoFeeding:trigger_ccd1_detection:553 - 發送檢測指令前 - 201狀態: 9
2025-07-24 20:39:36 [DEBUG] AutoFeeding:trigger_ccd1_detection:561 - 已發送控制指令16到寄存器200
2025-07-24 20:39:37 [DEBUG] AutoFeeding:trigger_ccd1_detection:580 - CCD1檢測完成標誌確認
2025-07-24 20:39:37 [INFO] AutoFeeding:feeding_cycle:741 - 週期1665 檢測結果: DR_F=14, 總數=28
2025-07-24 20:39:37 [INFO] AutoFeeding:feeding_cycle:768 - 找到保護區內DR_F: (-95.52, 262.61)
2025-07-24 20:39:37 [INFO] AutoFeeding:set_dr_f_available:720 - DR_F已就緒: (-95.52, 262.61), Flow1可直接讀取座標
2025-07-24 20:39:38 [DEBUG] AutoFeeding:trigger_ccd1_detection:553 - 發送檢測指令前 - 201狀態: 9
2025-07-24 20:39:38 [DEBUG] AutoFeeding:trigger_ccd1_detection:561 - 已發送控制指令16到寄存器200
2025-07-24 20:39:39 [DEBUG] AutoFeeding:trigger_ccd1_detection:580 - CCD1檢測完成標誌確認
2025-07-24 20:39:39 [INFO] AutoFeeding:feeding_cycle:741 - 週期1666 檢測結果: DR_F=14, 總數=28
2025-07-24 20:39:39 [INFO] AutoFeeding:feeding_cycle:768 - 找到保護區內DR_F: (-95.52, 262.61)
2025-07-24 20:39:39 [INFO] AutoFeeding:set_dr_f_available:720 - DR_F已就緒: (-95.52, 262.61), Flow1可直接讀取座標
2025-07-24 20:39:40 [DEBUG] AutoFeeding:trigger_ccd1_detection:553 - 發送檢測指令前 - 201狀態: 9
2025-07-24 20:39:40 [DEBUG] AutoFeeding:trigger_ccd1_detection:561 - 已發送控制指令16到寄存器200
2025-07-24 20:39:41 [DEBUG] AutoFeeding:trigger_ccd1_detection:580 - CCD1檢測完成標誌確認
2025-07-24 20:39:41 [INFO] AutoFeeding:feeding_cycle:741 - 週期1667 檢測結果: DR_F=14, 總數=28
2025-07-24 20:39:41 [INFO] AutoFeeding:feeding_cycle:768 - 找到保護區內DR_F: (-95.51, 262.61)
2025-07-24 20:39:41 [INFO] AutoFeeding:set_dr_f_available:720 - DR_F已就緒: (-95.51, 262.61), Flow1可直接讀取座標
2025-07-24 20:39:42 [DEBUG] AutoFeeding:trigger_ccd1_detection:553 - 發送檢測指令前 - 201狀態: 9
2025-07-24 20:39:42 [DEBUG] AutoFeeding:trigger_ccd1_detection:561 - 已發送控制指令16到寄存器200
2025-07-24 20:39:43 [DEBUG] AutoFeeding:trigger_ccd1_detection:580 - CCD1檢測完成標誌確認
2025-07-24 20:39:43 [INFO] AutoFeeding:feeding_cycle:741 - 週期1668 檢測結果: DR_F=14, 總數=28
2025-07-24 20:39:43 [INFO] AutoFeeding:feeding_cycle:768 - 找到保護區內DR_F: (-95.52, 262.61)
2025-07-24 20:39:43 [INFO] AutoFeeding:set_dr_f_available:720 - DR_F已就緒: (-95.52, 262.61), Flow1可直接讀取座標
2025-07-24 20:39:44 [DEBUG] AutoFeeding:trigger_ccd1_detection:553 - 發送檢測指令前 - 201狀態: 9
2025-07-24 20:39:44 [DEBUG] AutoFeeding:trigger_ccd1_detection:561 - 已發送控制指令16到寄存器200
2025-07-24 20:39:45 [DEBUG] AutoFeeding:trigger_ccd1_detection:580 - CCD1檢測完成標誌確認
2025-07-24 20:39:45 [INFO] AutoFeeding:feeding_cycle:741 - 週期1669 檢測結果: DR_F=14, 總數=28
2025-07-24 20:39:45 [INFO] AutoFeeding:feeding_cycle:768 - 找到保護區內DR_F: (-95.52, 262.61)
2025-07-24 20:39:45 [INFO] AutoFeeding:set_dr_f_available:720 - DR_F已就緒: (-95.52, 262.61), Flow1可直接讀取座標
2025-07-24 20:39:46 [DEBUG] AutoFeeding:trigger_ccd1_detection:553 - 發送檢測指令前 - 201狀態: 9
2025-07-24 20:39:46 [DEBUG] AutoFeeding:trigger_ccd1_detection:561 - 已發送控制指令16到寄存器200
2025-07-24 20:39:47 [DEBUG] AutoFeeding:trigger_ccd1_detection:580 - CCD1檢測完成標誌確認
2025-07-24 20:39:47 [INFO] AutoFeeding:feeding_cycle:741 - 週期1670 檢測結果: DR_F=14, 總數=28
2025-07-24 20:39:47 [INFO] AutoFeeding:feeding_cycle:768 - 找到保護區內DR_F: (-95.52, 262.6)
2025-07-24 20:39:47 [INFO] AutoFeeding:set_dr_f_available:720 - DR_F已就緒: (-95.52, 262.6), Flow1可直接讀取座標
2025-07-24 20:39:48 [DEBUG] AutoFeeding:trigger_ccd1_detection:553 - 發送檢測指令前 - 201狀態: 9
2025-07-24 20:39:48 [DEBUG] AutoFeeding:trigger_ccd1_detection:561 - 已發送控制指令16到寄存器200
2025-07-24 20:39:49 [DEBUG] AutoFeeding:trigger_ccd1_detection:580 - CCD1檢測完成標誌確認
2025-07-24 20:39:49 [INFO] AutoFeeding:feeding_cycle:741 - 週期1671 檢測結果: DR_F=14, 總數=28
2025-07-24 20:39:49 [INFO] AutoFeeding:feeding_cycle:768 - 找到保護區內DR_F: (-95.52, 262.6)
2025-07-24 20:39:49 [INFO] AutoFeeding:set_dr_f_available:720 - DR_F已就緒: (-95.52, 262.6), Flow1可直接讀取座標
2025-07-24 20:39:50 [DEBUG] AutoFeeding:trigger_ccd1_detection:553 - 發送檢測指令前 - 201狀態: 9
2025-07-24 20:39:50 [DEBUG] AutoFeeding:trigger_ccd1_detection:561 - 已發送控制指令16到寄存器200
2025-07-24 20:39:51 [DEBUG] AutoFeeding:trigger_ccd1_detection:580 - CCD1檢測完成標誌確認
2025-07-24 20:39:51 [INFO] AutoFeeding:feeding_cycle:741 - 週期1672 檢測結果: DR_F=14, 總數=28
2025-07-24 20:39:51 [INFO] AutoFeeding:feeding_cycle:768 - 找到保護區內DR_F: (-95.53, 262.6)
2025-07-24 20:39:51 [INFO] AutoFeeding:set_dr_f_available:720 - DR_F已就緒: (-95.53, 262.6), Flow1可直接讀取座標
2025-07-24 20:39:52 [DEBUG] AutoFeeding:trigger_ccd1_detection:553 - 發送檢測指令前 - 201狀態: 9
2025-07-24 20:39:52 [DEBUG] AutoFeeding:trigger_ccd1_detection:561 - 已發送控制指令16到寄存器200
2025-07-24 20:39:53 [DEBUG] AutoFeeding:trigger_ccd1_detection:580 - CCD1檢測完成標誌確認
2025-07-24 20:39:53 [INFO] AutoFeeding:feeding_cycle:741 - 週期1673 檢測結果: DR_F=14, 總數=28
2025-07-24 20:39:53 [INFO] AutoFeeding:feeding_cycle:768 - 找到保護區內DR_F: (-95.52, 262.61)
2025-07-24 20:39:53 [INFO] AutoFeeding:set_dr_f_available:720 - DR_F已就緒: (-95.52, 262.61), Flow1可直接讀取座標
2025-07-24 20:39:54 [DEBUG] AutoFeeding:trigger_ccd1_detection:553 - 發送檢測指令前 - 201狀態: 9
2025-07-24 20:39:54 [DEBUG] AutoFeeding:trigger_ccd1_detection:561 - 已發送控制指令16到寄存器200
2025-07-24 20:39:55 [DEBUG] AutoFeeding:trigger_ccd1_detection:580 - CCD1檢測完成標誌確認
2025-07-24 20:39:55 [INFO] AutoFeeding:feeding_cycle:741 - 週期1674 檢測結果: DR_F=14, 總數=28
2025-07-24 20:39:55 [INFO] AutoFeeding:feeding_cycle:768 - 找到保護區內DR_F: (-95.52, 262.61)
2025-07-24 20:39:55 [INFO] AutoFeeding:set_dr_f_available:720 - DR_F已就緒: (-95.52, 262.61), Flow1可直接讀取座標
2025-07-24 20:39:56 [DEBUG] AutoFeeding:trigger_ccd1_detection:553 - 發送檢測指令前 - 201狀態: 9
2025-07-24 20:39:56 [DEBUG] AutoFeeding:trigger_ccd1_detection:561 - 已發送控制指令16到寄存器200
2025-07-24 20:39:57 [DEBUG] AutoFeeding:trigger_ccd1_detection:580 - CCD1檢測完成標誌確認
2025-07-24 20:39:57 [INFO] AutoFeeding:feeding_cycle:741 - 週期1675 檢測結果: DR_F=14, 總數=28
2025-07-24 20:39:57 [INFO] AutoFeeding:feeding_cycle:768 - 找到保護區內DR_F: (-95.52, 262.61)
2025-07-24 20:39:57 [INFO] AutoFeeding:set_dr_f_available:720 - DR_F已就緒: (-95.52, 262.61), Flow1可直接讀取座標
2025-07-24 20:39:58 [DEBUG] AutoFeeding:trigger_ccd1_detection:553 - 發送檢測指令前 - 201狀態: 9
2025-07-24 20:39:58 [DEBUG] AutoFeeding:trigger_ccd1_detection:561 - 已發送控制指令16到寄存器200
2025-07-24 20:39:59 [DEBUG] AutoFeeding:trigger_ccd1_detection:580 - CCD1檢測完成標誌確認
2025-07-24 20:39:59 [INFO] AutoFeeding:feeding_cycle:741 - 週期1676 檢測結果: DR_F=14, 總數=28
2025-07-24 20:39:59 [INFO] AutoFeeding:feeding_cycle:768 - 找到保護區內DR_F: (-95.52, 262.61)
2025-07-24 20:39:59 [INFO] AutoFeeding:set_dr_f_available:720 - DR_F已就緒: (-95.52, 262.61), Flow1可直接讀取座標
2025-07-24 20:40:00 [DEBUG] AutoFeeding:trigger_ccd1_detection:553 - 發送檢測指令前 - 201狀態: 9
2025-07-24 20:40:00 [DEBUG] AutoFeeding:trigger_ccd1_detection:561 - 已發送控制指令16到寄存器200
2025-07-24 20:40:01 [DEBUG] AutoFeeding:trigger_ccd1_detection:580 - CCD1檢測完成標誌確認
2025-07-24 20:40:01 [INFO] AutoFeeding:feeding_cycle:741 - 週期1677 檢測結果: DR_F=14, 總數=28
2025-07-24 20:40:01 [INFO] AutoFeeding:feeding_cycle:768 - 找到保護區內DR_F: (-95.52, 262.6)
2025-07-24 20:40:01 [INFO] AutoFeeding:set_dr_f_available:720 - DR_F已就緒: (-95.52, 262.6), Flow1可直接讀取座標
2025-07-24 20:40:02 [DEBUG] AutoFeeding:trigger_ccd1_detection:553 - 發送檢測指令前 - 201狀態: 9
2025-07-24 20:40:02 [DEBUG] AutoFeeding:trigger_ccd1_detection:561 - 已發送控制指令16到寄存器200
2025-07-24 20:40:03 [DEBUG] AutoFeeding:trigger_ccd1_detection:580 - CCD1檢測完成標誌確認
2025-07-24 20:40:03 [INFO] AutoFeeding:feeding_cycle:741 - 週期1678 檢測結果: DR_F=14, 總數=28
2025-07-24 20:40:03 [INFO] AutoFeeding:feeding_cycle:768 - 找到保護區內DR_F: (-95.52, 262.61)
2025-07-24 20:40:03 [INFO] AutoFeeding:set_dr_f_available:720 - DR_F已就緒: (-95.52, 262.61), Flow1可直接讀取座標
2025-07-24 20:40:04 [DEBUG] AutoFeeding:trigger_ccd1_detection:553 - 發送檢測指令前 - 201狀態: 9
2025-07-24 20:40:04 [DEBUG] AutoFeeding:trigger_ccd1_detection:561 - 已發送控制指令16到寄存器200
2025-07-24 20:40:05 [DEBUG] AutoFeeding:trigger_ccd1_detection:580 - CCD1檢測完成標誌確認
2025-07-24 20:40:05 [INFO] AutoFeeding:feeding_cycle:741 - 週期1679 檢測結果: DR_F=14, 總數=28
2025-07-24 20:40:05 [INFO] AutoFeeding:feeding_cycle:768 - 找到保護區內DR_F: (-95.52, 262.61)
2025-07-24 20:40:05 [INFO] AutoFeeding:set_dr_f_available:720 - DR_F已就緒: (-95.52, 262.61), Flow1可直接讀取座標
2025-07-24 20:40:06 [DEBUG] AutoFeeding:trigger_ccd1_detection:553 - 發送檢測指令前 - 201狀態: 9
2025-07-24 20:40:06 [DEBUG] AutoFeeding:trigger_ccd1_detection:561 - 已發送控制指令16到寄存器200
2025-07-24 20:40:07 [DEBUG] AutoFeeding:trigger_ccd1_detection:580 - CCD1檢測完成標誌確認
2025-07-24 20:40:07 [INFO] AutoFeeding:feeding_cycle:741 - 週期1680 檢測結果: DR_F=14, 總數=28
2025-07-24 20:40:07 [INFO] AutoFeeding:feeding_cycle:768 - 找到保護區內DR_F: (-95.52, 262.61)
2025-07-24 20:40:07 [INFO] AutoFeeding:set_dr_f_available:720 - DR_F已就緒: (-95.52, 262.61), Flow1可直接讀取座標
2025-07-24 20:40:08 [DEBUG] AutoFeeding:trigger_ccd1_detection:553 - 發送檢測指令前 - 201狀態: 9
2025-07-24 20:40:08 [DEBUG] AutoFeeding:trigger_ccd1_detection:561 - 已發送控制指令16到寄存器200
2025-07-24 20:40:09 [DEBUG] AutoFeeding:trigger_ccd1_detection:580 - CCD1檢測完成標誌確認
2025-07-24 20:40:09 [INFO] AutoFeeding:feeding_cycle:741 - 週期1681 檢測結果: DR_F=14, 總數=28
2025-07-24 20:40:09 [INFO] AutoFeeding:feeding_cycle:768 - 找到保護區內DR_F: (-95.52, 262.61)
2025-07-24 20:40:09 [INFO] AutoFeeding:set_dr_f_available:720 - DR_F已就緒: (-95.52, 262.61), Flow1可直接讀取座標
2025-07-24 20:40:10 [DEBUG] AutoFeeding:trigger_ccd1_detection:553 - 發送檢測指令前 - 201狀態: 9
2025-07-24 20:40:10 [DEBUG] AutoFeeding:trigger_ccd1_detection:561 - 已發送控制指令16到寄存器200
2025-07-24 20:40:12 [DEBUG] AutoFeeding:trigger_ccd1_detection:580 - CCD1檢測完成標誌確認
2025-07-24 20:40:12 [INFO] AutoFeeding:feeding_cycle:741 - 週期1682 檢測結果: DR_F=14, 總數=28
2025-07-24 20:40:12 [INFO] AutoFeeding:feeding_cycle:768 - 找到保護區內DR_F: (-95.52, 262.61)
2025-07-24 20:40:12 [INFO] AutoFeeding:set_dr_f_available:720 - DR_F已就緒: (-95.52, 262.61), Flow1可直接讀取座標
2025-07-24 20:40:13 [DEBUG] AutoFeeding:trigger_ccd1_detection:553 - 發送檢測指令前 - 201狀態: 9
2025-07-24 20:40:13 [DEBUG] AutoFeeding:trigger_ccd1_detection:561 - 已發送控制指令16到寄存器200
2025-07-24 20:40:14 [DEBUG] AutoFeeding:trigger_ccd1_detection:580 - CCD1檢測完成標誌確認
2025-07-24 20:40:14 [INFO] AutoFeeding:feeding_cycle:741 - 週期1683 檢測結果: DR_F=14, 總數=28
2025-07-24 20:40:14 [INFO] AutoFeeding:feeding_cycle:768 - 找到保護區內DR_F: (-95.52, 262.61)
2025-07-24 20:40:14 [INFO] AutoFeeding:set_dr_f_available:720 - DR_F已就緒: (-95.52, 262.61), Flow1可直接讀取座標
2025-07-24 20:40:15 [DEBUG] AutoFeeding:trigger_ccd1_detection:553 - 發送檢測指令前 - 201狀態: 9
2025-07-24 20:40:15 [DEBUG] AutoFeeding:trigger_ccd1_detection:561 - 已發送控制指令16到寄存器200
2025-07-24 20:40:16 [DEBUG] AutoFeeding:trigger_ccd1_detection:580 - CCD1檢測完成標誌確認
2025-07-24 20:40:16 [INFO] AutoFeeding:feeding_cycle:741 - 週期1684 檢測結果: DR_F=14, 總數=28
2025-07-24 20:40:16 [INFO] AutoFeeding:feeding_cycle:768 - 找到保護區內DR_F: (-95.52, 262.61)
2025-07-24 20:40:16 [INFO] AutoFeeding:set_dr_f_available:720 - DR_F已就緒: (-95.52, 262.61), Flow1可直接讀取座標
2025-07-24 20:40:17 [DEBUG] AutoFeeding:trigger_ccd1_detection:553 - 發送檢測指令前 - 201狀態: 9
2025-07-24 20:40:17 [DEBUG] AutoFeeding:trigger_ccd1_detection:561 - 已發送控制指令16到寄存器200
2025-07-24 20:40:18 [DEBUG] AutoFeeding:trigger_ccd1_detection:580 - CCD1檢測完成標誌確認
2025-07-24 20:40:18 [INFO] AutoFeeding:feeding_cycle:741 - 週期1685 檢測結果: DR_F=14, 總數=28
2025-07-24 20:40:18 [INFO] AutoFeeding:feeding_cycle:768 - 找到保護區內DR_F: (-95.52, 262.61)
2025-07-24 20:40:18 [INFO] AutoFeeding:set_dr_f_available:720 - DR_F已就緒: (-95.52, 262.61), Flow1可直接讀取座標
2025-07-24 20:40:19 [DEBUG] AutoFeeding:trigger_ccd1_detection:553 - 發送檢測指令前 - 201狀態: 9
2025-07-24 20:40:19 [DEBUG] AutoFeeding:trigger_ccd1_detection:561 - 已發送控制指令16到寄存器200
2025-07-24 20:40:20 [DEBUG] AutoFeeding:trigger_ccd1_detection:580 - CCD1檢測完成標誌確認
2025-07-24 20:40:20 [INFO] AutoFeeding:feeding_cycle:741 - 週期1686 檢測結果: DR_F=14, 總數=28
2025-07-24 20:40:20 [INFO] AutoFeeding:feeding_cycle:768 - 找到保護區內DR_F: (-95.53, 262.61)
2025-07-24 20:40:20 [INFO] AutoFeeding:set_dr_f_available:720 - DR_F已就緒: (-95.53, 262.61), Flow1可直接讀取座標
2025-07-24 20:40:21 [DEBUG] AutoFeeding:trigger_ccd1_detection:553 - 發送檢測指令前 - 201狀態: 9
2025-07-24 20:40:21 [DEBUG] AutoFeeding:trigger_ccd1_detection:561 - 已發送控制指令16到寄存器200
2025-07-24 20:40:22 [DEBUG] AutoFeeding:trigger_ccd1_detection:580 - CCD1檢測完成標誌確認
2025-07-24 20:40:22 [INFO] AutoFeeding:feeding_cycle:741 - 週期1687 檢測結果: DR_F=14, 總數=28
2025-07-24 20:40:22 [INFO] AutoFeeding:feeding_cycle:768 - 找到保護區內DR_F: (-95.52, 262.61)
2025-07-24 20:40:22 [INFO] AutoFeeding:set_dr_f_available:720 - DR_F已就緒: (-95.52, 262.61), Flow1可直接讀取座標
2025-07-24 20:40:23 [DEBUG] AutoFeeding:trigger_ccd1_detection:553 - 發送檢測指令前 - 201狀態: 9
2025-07-24 20:40:23 [DEBUG] AutoFeeding:trigger_ccd1_detection:561 - 已發送控制指令16到寄存器200
2025-07-24 20:40:24 [DEBUG] AutoFeeding:trigger_ccd1_detection:580 - CCD1檢測完成標誌確認
2025-07-24 20:40:24 [INFO] AutoFeeding:feeding_cycle:741 - 週期1688 檢測結果: DR_F=14, 總數=28
2025-07-24 20:40:24 [INFO] AutoFeeding:feeding_cycle:768 - 找到保護區內DR_F: (-95.52, 262.61)
2025-07-24 20:40:24 [INFO] AutoFeeding:set_dr_f_available:720 - DR_F已就緒: (-95.52, 262.61), Flow1可直接讀取座標
2025-07-24 20:40:25 [DEBUG] AutoFeeding:trigger_ccd1_detection:553 - 發送檢測指令前 - 201狀態: 9
2025-07-24 20:40:25 [DEBUG] AutoFeeding:trigger_ccd1_detection:561 - 已發送控制指令16到寄存器200
2025-07-24 20:40:26 [DEBUG] AutoFeeding:trigger_ccd1_detection:580 - CCD1檢測完成標誌確認
2025-07-24 20:40:26 [INFO] AutoFeeding:feeding_cycle:741 - 週期1689 檢測結果: DR_F=14, 總數=28
2025-07-24 20:40:26 [INFO] AutoFeeding:feeding_cycle:768 - 找到保護區內DR_F: (-95.52, 262.6)
2025-07-24 20:40:26 [INFO] AutoFeeding:set_dr_f_available:720 - DR_F已就緒: (-95.52, 262.6), Flow1可直接讀取座標
2025-07-24 20:40:27 [DEBUG] AutoFeeding:trigger_ccd1_detection:553 - 發送檢測指令前 - 201狀態: 9
2025-07-24 20:40:27 [DEBUG] AutoFeeding:trigger_ccd1_detection:561 - 已發送控制指令16到寄存器200
2025-07-24 20:40:28 [DEBUG] AutoFeeding:trigger_ccd1_detection:580 - CCD1檢測完成標誌確認
2025-07-24 20:40:28 [INFO] AutoFeeding:feeding_cycle:741 - 週期1690 檢測結果: DR_F=14, 總數=28
2025-07-24 20:40:28 [INFO] AutoFeeding:feeding_cycle:768 - 找到保護區內DR_F: (-95.52, 262.6)
2025-07-24 20:40:28 [INFO] AutoFeeding:set_dr_f_available:720 - DR_F已就緒: (-95.52, 262.6), Flow1可直接讀取座標
2025-07-24 20:40:29 [DEBUG] AutoFeeding:trigger_ccd1_detection:553 - 發送檢測指令前 - 201狀態: 9
2025-07-24 20:40:29 [DEBUG] AutoFeeding:trigger_ccd1_detection:561 - 已發送控制指令16到寄存器200
2025-07-24 20:40:30 [DEBUG] AutoFeeding:trigger_ccd1_detection:580 - CCD1檢測完成標誌確認
2025-07-24 20:40:30 [INFO] AutoFeeding:feeding_cycle:741 - 週期1691 檢測結果: DR_F=14, 總數=28
2025-07-24 20:40:30 [INFO] AutoFeeding:feeding_cycle:768 - 找到保護區內DR_F: (-95.52, 262.61)
2025-07-24 20:40:30 [INFO] AutoFeeding:set_dr_f_available:720 - DR_F已就緒: (-95.52, 262.61), Flow1可直接讀取座標
2025-07-24 20:40:31 [DEBUG] AutoFeeding:trigger_ccd1_detection:553 - 發送檢測指令前 - 201狀態: 9
2025-07-24 20:40:31 [DEBUG] AutoFeeding:trigger_ccd1_detection:561 - 已發送控制指令16到寄存器200
2025-07-24 20:40:32 [DEBUG] AutoFeeding:trigger_ccd1_detection:580 - CCD1檢測完成標誌確認
2025-07-24 20:40:32 [INFO] AutoFeeding:feeding_cycle:741 - 週期1692 檢測結果: DR_F=14, 總數=28
2025-07-24 20:40:32 [INFO] AutoFeeding:feeding_cycle:768 - 找到保護區內DR_F: (-95.51, 262.61)
2025-07-24 20:40:32 [INFO] AutoFeeding:set_dr_f_available:720 - DR_F已就緒: (-95.51, 262.61), Flow1可直接讀取座標
2025-07-24 20:40:33 [DEBUG] AutoFeeding:trigger_ccd1_detection:553 - 發送檢測指令前 - 201狀態: 9
2025-07-24 20:40:33 [DEBUG] AutoFeeding:trigger_ccd1_detection:561 - 已發送控制指令16到寄存器200
2025-07-24 20:40:34 [DEBUG] AutoFeeding:trigger_ccd1_detection:580 - CCD1檢測完成標誌確認
2025-07-24 20:40:34 [INFO] AutoFeeding:feeding_cycle:741 - 週期1693 檢測結果: DR_F=14, 總數=28
2025-07-24 20:40:34 [INFO] AutoFeeding:feeding_cycle:768 - 找到保護區內DR_F: (-95.52, 262.61)
2025-07-24 20:40:34 [INFO] AutoFeeding:set_dr_f_available:720 - DR_F已就緒: (-95.52, 262.61), Flow1可直接讀取座標
2025-07-24 20:40:35 [DEBUG] AutoFeeding:trigger_ccd1_detection:553 - 發送檢測指令前 - 201狀態: 9
2025-07-24 20:40:35 [DEBUG] AutoFeeding:trigger_ccd1_detection:561 - 已發送控制指令16到寄存器200
2025-07-24 20:40:36 [DEBUG] AutoFeeding:trigger_ccd1_detection:580 - CCD1檢測完成標誌確認
2025-07-24 20:40:36 [INFO] AutoFeeding:feeding_cycle:741 - 週期1694 檢測結果: DR_F=14, 總數=28
2025-07-24 20:40:36 [INFO] AutoFeeding:feeding_cycle:768 - 找到保護區內DR_F: (-95.52, 262.61)
2025-07-24 20:40:36 [INFO] AutoFeeding:set_dr_f_available:720 - DR_F已就緒: (-95.52, 262.61), Flow1可直接讀取座標
2025-07-24 20:40:37 [DEBUG] AutoFeeding:trigger_ccd1_detection:553 - 發送檢測指令前 - 201狀態: 9
2025-07-24 20:40:37 [DEBUG] AutoFeeding:trigger_ccd1_detection:561 - 已發送控制指令16到寄存器200
2025-07-24 20:40:38 [DEBUG] AutoFeeding:trigger_ccd1_detection:580 - CCD1檢測完成標誌確認
2025-07-24 20:40:38 [INFO] AutoFeeding:feeding_cycle:741 - 週期1695 檢測結果: DR_F=14, 總數=28
2025-07-24 20:40:38 [INFO] AutoFeeding:feeding_cycle:768 - 找到保護區內DR_F: (-95.52, 262.61)
2025-07-24 20:40:38 [INFO] AutoFeeding:set_dr_f_available:720 - DR_F已就緒: (-95.52, 262.61), Flow1可直接讀取座標
2025-07-24 20:40:39 [DEBUG] AutoFeeding:trigger_ccd1_detection:553 - 發送檢測指令前 - 201狀態: 9
2025-07-24 20:40:39 [DEBUG] AutoFeeding:trigger_ccd1_detection:561 - 已發送控制指令16到寄存器200
2025-07-24 20:40:40 [DEBUG] AutoFeeding:trigger_ccd1_detection:580 - CCD1檢測完成標誌確認
2025-07-24 20:40:40 [INFO] AutoFeeding:feeding_cycle:741 - 週期1696 檢測結果: DR_F=14, 總數=28
2025-07-24 20:40:40 [INFO] AutoFeeding:feeding_cycle:768 - 找到保護區內DR_F: (-95.52, 262.61)
2025-07-24 20:40:40 [INFO] AutoFeeding:set_dr_f_available:720 - DR_F已就緒: (-95.52, 262.61), Flow1可直接讀取座標
2025-07-24 20:40:41 [DEBUG] AutoFeeding:trigger_ccd1_detection:553 - 發送檢測指令前 - 201狀態: 9
2025-07-24 20:40:41 [DEBUG] AutoFeeding:trigger_ccd1_detection:561 - 已發送控制指令16到寄存器200
2025-07-24 20:40:42 [DEBUG] AutoFeeding:trigger_ccd1_detection:580 - CCD1檢測完成標誌確認
2025-07-24 20:40:42 [INFO] AutoFeeding:feeding_cycle:741 - 週期1697 檢測結果: DR_F=14, 總數=28
2025-07-24 20:40:42 [INFO] AutoFeeding:feeding_cycle:768 - 找到保護區內DR_F: (-95.53, 262.61)
2025-07-24 20:40:42 [INFO] AutoFeeding:set_dr_f_available:720 - DR_F已就緒: (-95.53, 262.61), Flow1可直接讀取座標
2025-07-24 20:40:43 [DEBUG] AutoFeeding:trigger_ccd1_detection:553 - 發送檢測指令前 - 201狀態: 9
2025-07-24 20:40:43 [DEBUG] AutoFeeding:trigger_ccd1_detection:561 - 已發送控制指令16到寄存器200
2025-07-24 20:40:44 [DEBUG] AutoFeeding:trigger_ccd1_detection:580 - CCD1檢測完成標誌確認
2025-07-24 20:40:44 [INFO] AutoFeeding:feeding_cycle:741 - 週期1698 檢測結果: DR_F=14, 總數=28
2025-07-24 20:40:44 [INFO] AutoFeeding:feeding_cycle:768 - 找到保護區內DR_F: (-95.52, 262.61)
2025-07-24 20:40:44 [INFO] AutoFeeding:set_dr_f_available:720 - DR_F已就緒: (-95.52, 262.61), Flow1可直接讀取座標
2025-07-24 20:40:45 [DEBUG] AutoFeeding:trigger_ccd1_detection:553 - 發送檢測指令前 - 201狀態: 9
2025-07-24 20:40:45 [DEBUG] AutoFeeding:trigger_ccd1_detection:561 - 已發送控制指令16到寄存器200
2025-07-24 20:40:46 [DEBUG] AutoFeeding:trigger_ccd1_detection:580 - CCD1檢測完成標誌確認
2025-07-24 20:40:46 [INFO] AutoFeeding:feeding_cycle:741 - 週期1699 檢測結果: DR_F=14, 總數=28
2025-07-24 20:40:46 [INFO] AutoFeeding:feeding_cycle:768 - 找到保護區內DR_F: (-95.52, 262.61)
2025-07-24 20:40:46 [INFO] AutoFeeding:set_dr_f_available:720 - DR_F已就緒: (-95.52, 262.61), Flow1可直接讀取座標
2025-07-24 20:40:47 [DEBUG] AutoFeeding:trigger_ccd1_detection:553 - 發送檢測指令前 - 201狀態: 9
2025-07-24 20:40:47 [DEBUG] AutoFeeding:trigger_ccd1_detection:561 - 已發送控制指令16到寄存器200
2025-07-24 20:40:48 [DEBUG] AutoFeeding:trigger_ccd1_detection:580 - CCD1檢測完成標誌確認
2025-07-24 20:40:48 [INFO] AutoFeeding:feeding_cycle:741 - 週期1700 檢測結果: DR_F=14, 總數=28
2025-07-24 20:40:48 [INFO] AutoFeeding:feeding_cycle:768 - 找到保護區內DR_F: (-95.52, 262.61)
2025-07-24 20:40:48 [INFO] AutoFeeding:set_dr_f_available:720 - DR_F已就緒: (-95.52, 262.61), Flow1可直接讀取座標
2025-07-24 20:40:49 [DEBUG] AutoFeeding:check_modules_status:480 - CCD1狀態: 9 (Ready=True, Running=False, Alarm=False, Init=True)
2025-07-24 20:40:49 [DEBUG] AutoFeeding:trigger_ccd1_detection:553 - 發送檢測指令前 - 201狀態: 9
2025-07-24 20:40:49 [DEBUG] AutoFeeding:trigger_ccd1_detection:561 - 已發送控制指令16到寄存器200
2025-07-24 20:40:50 [DEBUG] AutoFeeding:trigger_ccd1_detection:580 - CCD1檢測完成標誌確認
2025-07-24 20:40:50 [INFO] AutoFeeding:feeding_cycle:741 - 週期1701 檢測結果: DR_F=14, 總數=28
2025-07-24 20:40:50 [INFO] AutoFeeding:feeding_cycle:768 - 找到保護區內DR_F: (-95.52, 262.61)
2025-07-24 20:40:50 [INFO] AutoFeeding:set_dr_f_available:720 - DR_F已就緒: (-95.52, 262.61), Flow1可直接讀取座標
2025-07-24 20:40:51 [DEBUG] AutoFeeding:check_flow_and_progress_status:432 - Flow監控: 1201=0, 1202=100, 阻擋=False
2025-07-24 20:40:51 [DEBUG] AutoFeeding:trigger_ccd1_detection:553 - 發送檢測指令前 - 201狀態: 9
2025-07-24 20:40:51 [DEBUG] AutoFeeding:trigger_ccd1_detection:561 - 已發送控制指令16到寄存器200
2025-07-24 20:40:52 [DEBUG] AutoFeeding:trigger_ccd1_detection:580 - CCD1檢測完成標誌確認
2025-07-24 20:40:52 [INFO] AutoFeeding:feeding_cycle:741 - 週期1702 檢測結果: DR_F=14, 總數=28
2025-07-24 20:40:52 [INFO] AutoFeeding:feeding_cycle:768 - 找到保護區內DR_F: (-95.52, 262.61)
2025-07-24 20:40:52 [INFO] AutoFeeding:set_dr_f_available:720 - DR_F已就緒: (-95.52, 262.61), Flow1可直接讀取座標
2025-07-24 20:40:53 [DEBUG] AutoFeeding:trigger_ccd1_detection:553 - 發送檢測指令前 - 201狀態: 9
2025-07-24 20:40:53 [DEBUG] AutoFeeding:trigger_ccd1_detection:561 - 已發送控制指令16到寄存器200
2025-07-24 20:40:54 [DEBUG] AutoFeeding:trigger_ccd1_detection:580 - CCD1檢測完成標誌確認
2025-07-24 20:40:54 [INFO] AutoFeeding:feeding_cycle:741 - 週期1703 檢測結果: DR_F=14, 總數=28
2025-07-24 20:40:54 [INFO] AutoFeeding:feeding_cycle:768 - 找到保護區內DR_F: (-95.52, 262.61)
2025-07-24 20:40:54 [INFO] AutoFeeding:set_dr_f_available:720 - DR_F已就緒: (-95.52, 262.61), Flow1可直接讀取座標
2025-07-24 20:40:55 [DEBUG] AutoFeeding:trigger_ccd1_detection:553 - 發送檢測指令前 - 201狀態: 9
2025-07-24 20:40:55 [DEBUG] AutoFeeding:trigger_ccd1_detection:561 - 已發送控制指令16到寄存器200
2025-07-24 20:40:56 [DEBUG] AutoFeeding:trigger_ccd1_detection:580 - CCD1檢測完成標誌確認
2025-07-24 20:40:56 [INFO] AutoFeeding:feeding_cycle:741 - 週期1704 檢測結果: DR_F=14, 總數=28
2025-07-24 20:40:56 [INFO] AutoFeeding:feeding_cycle:768 - 找到保護區內DR_F: (-95.52, 262.6)
2025-07-24 20:40:56 [INFO] AutoFeeding:set_dr_f_available:720 - DR_F已就緒: (-95.52, 262.6), Flow1可直接讀取座標
2025-07-24 20:40:57 [DEBUG] AutoFeeding:trigger_ccd1_detection:553 - 發送檢測指令前 - 201狀態: 9
2025-07-24 20:40:57 [DEBUG] AutoFeeding:trigger_ccd1_detection:561 - 已發送控制指令16到寄存器200
2025-07-24 20:40:59 [DEBUG] AutoFeeding:trigger_ccd1_detection:580 - CCD1檢測完成標誌確認
2025-07-24 20:40:59 [INFO] AutoFeeding:feeding_cycle:741 - 週期1705 檢測結果: DR_F=14, 總數=28
2025-07-24 20:40:59 [INFO] AutoFeeding:feeding_cycle:768 - 找到保護區內DR_F: (-95.52, 262.61)
2025-07-24 20:40:59 [INFO] AutoFeeding:set_dr_f_available:720 - DR_F已就緒: (-95.52, 262.61), Flow1可直接讀取座標
2025-07-24 20:41:00 [DEBUG] AutoFeeding:trigger_ccd1_detection:553 - 發送檢測指令前 - 201狀態: 9
2025-07-24 20:41:00 [DEBUG] AutoFeeding:trigger_ccd1_detection:561 - 已發送控制指令16到寄存器200
2025-07-24 20:41:01 [DEBUG] AutoFeeding:trigger_ccd1_detection:580 - CCD1檢測完成標誌確認
2025-07-24 20:41:01 [INFO] AutoFeeding:feeding_cycle:741 - 週期1706 檢測結果: DR_F=14, 總數=28
2025-07-24 20:41:01 [INFO] AutoFeeding:feeding_cycle:768 - 找到保護區內DR_F: (-95.52, 262.6)
2025-07-24 20:41:01 [INFO] AutoFeeding:set_dr_f_available:720 - DR_F已就緒: (-95.52, 262.6), Flow1可直接讀取座標
2025-07-24 20:41:02 [DEBUG] AutoFeeding:trigger_ccd1_detection:553 - 發送檢測指令前 - 201狀態: 9
2025-07-24 20:41:02 [DEBUG] AutoFeeding:trigger_ccd1_detection:561 - 已發送控制指令16到寄存器200
2025-07-24 20:41:03 [DEBUG] AutoFeeding:trigger_ccd1_detection:580 - CCD1檢測完成標誌確認
2025-07-24 20:41:03 [INFO] AutoFeeding:feeding_cycle:741 - 週期1707 檢測結果: DR_F=14, 總數=28
2025-07-24 20:41:03 [INFO] AutoFeeding:feeding_cycle:768 - 找到保護區內DR_F: (-95.52, 262.61)
2025-07-24 20:41:03 [INFO] AutoFeeding:set_dr_f_available:720 - DR_F已就緒: (-95.52, 262.61), Flow1可直接讀取座標
2025-07-24 20:41:04 [DEBUG] AutoFeeding:trigger_ccd1_detection:553 - 發送檢測指令前 - 201狀態: 9
2025-07-24 20:41:04 [DEBUG] AutoFeeding:trigger_ccd1_detection:561 - 已發送控制指令16到寄存器200
2025-07-24 20:41:05 [DEBUG] AutoFeeding:trigger_ccd1_detection:580 - CCD1檢測完成標誌確認
2025-07-24 20:41:05 [INFO] AutoFeeding:feeding_cycle:741 - 週期1708 檢測結果: DR_F=14, 總數=28
2025-07-24 20:41:05 [INFO] AutoFeeding:feeding_cycle:768 - 找到保護區內DR_F: (-95.52, 262.61)
2025-07-24 20:41:05 [INFO] AutoFeeding:set_dr_f_available:720 - DR_F已就緒: (-95.52, 262.61), Flow1可直接讀取座標
2025-07-24 20:41:06 [DEBUG] AutoFeeding:trigger_ccd1_detection:553 - 發送檢測指令前 - 201狀態: 9
2025-07-24 20:41:06 [DEBUG] AutoFeeding:trigger_ccd1_detection:561 - 已發送控制指令16到寄存器200
2025-07-24 20:41:07 [DEBUG] AutoFeeding:trigger_ccd1_detection:580 - CCD1檢測完成標誌確認
2025-07-24 20:41:07 [INFO] AutoFeeding:feeding_cycle:741 - 週期1709 檢測結果: DR_F=14, 總數=28
2025-07-24 20:41:07 [INFO] AutoFeeding:feeding_cycle:768 - 找到保護區內DR_F: (-95.52, 262.61)
2025-07-24 20:41:07 [INFO] AutoFeeding:set_dr_f_available:720 - DR_F已就緒: (-95.52, 262.61), Flow1可直接讀取座標
2025-07-24 20:41:08 [DEBUG] AutoFeeding:trigger_ccd1_detection:553 - 發送檢測指令前 - 201狀態: 9
2025-07-24 20:41:08 [DEBUG] AutoFeeding:trigger_ccd1_detection:561 - 已發送控制指令16到寄存器200
2025-07-24 20:41:09 [DEBUG] AutoFeeding:trigger_ccd1_detection:580 - CCD1檢測完成標誌確認
2025-07-24 20:41:09 [INFO] AutoFeeding:feeding_cycle:741 - 週期1710 檢測結果: DR_F=14, 總數=28
2025-07-24 20:41:09 [INFO] AutoFeeding:feeding_cycle:768 - 找到保護區內DR_F: (-95.52, 262.61)
2025-07-24 20:41:09 [INFO] AutoFeeding:set_dr_f_available:720 - DR_F已就緒: (-95.52, 262.61), Flow1可直接讀取座標
2025-07-24 20:41:10 [DEBUG] AutoFeeding:trigger_ccd1_detection:553 - 發送檢測指令前 - 201狀態: 9
2025-07-24 20:41:10 [DEBUG] AutoFeeding:trigger_ccd1_detection:561 - 已發送控制指令16到寄存器200
2025-07-24 20:41:11 [DEBUG] AutoFeeding:trigger_ccd1_detection:580 - CCD1檢測完成標誌確認
2025-07-24 20:41:11 [INFO] AutoFeeding:feeding_cycle:741 - 週期1711 檢測結果: DR_F=14, 總數=28
2025-07-24 20:41:11 [INFO] AutoFeeding:feeding_cycle:768 - 找到保護區內DR_F: (-95.52, 262.61)
2025-07-24 20:41:11 [INFO] AutoFeeding:set_dr_f_available:720 - DR_F已就緒: (-95.52, 262.61), Flow1可直接讀取座標
2025-07-24 20:41:12 [DEBUG] AutoFeeding:trigger_ccd1_detection:553 - 發送檢測指令前 - 201狀態: 9
2025-07-24 20:41:12 [DEBUG] AutoFeeding:trigger_ccd1_detection:561 - 已發送控制指令16到寄存器200
2025-07-24 20:41:13 [DEBUG] AutoFeeding:trigger_ccd1_detection:580 - CCD1檢測完成標誌確認
2025-07-24 20:41:13 [INFO] AutoFeeding:feeding_cycle:741 - 週期1712 檢測結果: DR_F=14, 總數=28
2025-07-24 20:41:13 [INFO] AutoFeeding:feeding_cycle:768 - 找到保護區內DR_F: (-95.52, 262.6)
2025-07-24 20:41:13 [INFO] AutoFeeding:set_dr_f_available:720 - DR_F已就緒: (-95.52, 262.6), Flow1可直接讀取座標
2025-07-24 20:41:14 [DEBUG] AutoFeeding:trigger_ccd1_detection:553 - 發送檢測指令前 - 201狀態: 9
2025-07-24 20:41:14 [DEBUG] AutoFeeding:trigger_ccd1_detection:561 - 已發送控制指令16到寄存器200
2025-07-24 20:41:15 [DEBUG] AutoFeeding:trigger_ccd1_detection:580 - CCD1檢測完成標誌確認
2025-07-24 20:41:15 [INFO] AutoFeeding:feeding_cycle:741 - 週期1713 檢測結果: DR_F=14, 總數=28
2025-07-24 20:41:15 [INFO] AutoFeeding:feeding_cycle:768 - 找到保護區內DR_F: (-95.52, 262.61)
2025-07-24 20:41:15 [INFO] AutoFeeding:set_dr_f_available:720 - DR_F已就緒: (-95.52, 262.61), Flow1可直接讀取座標
2025-07-24 20:41:16 [DEBUG] AutoFeeding:trigger_ccd1_detection:553 - 發送檢測指令前 - 201狀態: 9
2025-07-24 20:41:16 [DEBUG] AutoFeeding:trigger_ccd1_detection:561 - 已發送控制指令16到寄存器200
2025-07-24 20:41:17 [DEBUG] AutoFeeding:trigger_ccd1_detection:580 - CCD1檢測完成標誌確認
2025-07-24 20:41:17 [INFO] AutoFeeding:feeding_cycle:741 - 週期1714 檢測結果: DR_F=14, 總數=28
2025-07-24 20:41:17 [INFO] AutoFeeding:feeding_cycle:768 - 找到保護區內DR_F: (-95.52, 262.6)
2025-07-24 20:41:17 [INFO] AutoFeeding:set_dr_f_available:720 - DR_F已就緒: (-95.52, 262.6), Flow1可直接讀取座標
2025-07-24 20:41:18 [DEBUG] AutoFeeding:trigger_ccd1_detection:553 - 發送檢測指令前 - 201狀態: 9
2025-07-24 20:41:18 [DEBUG] AutoFeeding:trigger_ccd1_detection:561 - 已發送控制指令16到寄存器200
2025-07-24 20:41:19 [DEBUG] AutoFeeding:trigger_ccd1_detection:580 - CCD1檢測完成標誌確認
2025-07-24 20:41:19 [INFO] AutoFeeding:feeding_cycle:741 - 週期1715 檢測結果: DR_F=14, 總數=28
2025-07-24 20:41:19 [INFO] AutoFeeding:feeding_cycle:768 - 找到保護區內DR_F: (-95.52, 262.61)
2025-07-24 20:41:19 [INFO] AutoFeeding:set_dr_f_available:720 - DR_F已就緒: (-95.52, 262.61), Flow1可直接讀取座標
2025-07-24 20:41:20 [DEBUG] AutoFeeding:trigger_ccd1_detection:553 - 發送檢測指令前 - 201狀態: 9
2025-07-24 20:41:20 [DEBUG] AutoFeeding:trigger_ccd1_detection:561 - 已發送控制指令16到寄存器200
2025-07-24 20:41:21 [DEBUG] AutoFeeding:trigger_ccd1_detection:580 - CCD1檢測完成標誌確認
2025-07-24 20:41:21 [INFO] AutoFeeding:feeding_cycle:741 - 週期1716 檢測結果: DR_F=14, 總數=28
2025-07-24 20:41:21 [INFO] AutoFeeding:feeding_cycle:768 - 找到保護區內DR_F: (-95.51, 262.61)
2025-07-24 20:41:21 [INFO] AutoFeeding:set_dr_f_available:720 - DR_F已就緒: (-95.51, 262.61), Flow1可直接讀取座標
2025-07-24 20:41:22 [DEBUG] AutoFeeding:trigger_ccd1_detection:553 - 發送檢測指令前 - 201狀態: 9
2025-07-24 20:41:22 [DEBUG] AutoFeeding:trigger_ccd1_detection:561 - 已發送控制指令16到寄存器200
2025-07-24 20:41:23 [DEBUG] AutoFeeding:trigger_ccd1_detection:580 - CCD1檢測完成標誌確認
2025-07-24 20:41:23 [INFO] AutoFeeding:feeding_cycle:741 - 週期1717 檢測結果: DR_F=14, 總數=28
2025-07-24 20:41:23 [INFO] AutoFeeding:feeding_cycle:768 - 找到保護區內DR_F: (-95.51, 262.61)
2025-07-24 20:41:23 [INFO] AutoFeeding:set_dr_f_available:720 - DR_F已就緒: (-95.51, 262.61), Flow1可直接讀取座標
2025-07-24 20:41:24 [DEBUG] AutoFeeding:trigger_ccd1_detection:553 - 發送檢測指令前 - 201狀態: 9
2025-07-24 20:41:24 [DEBUG] AutoFeeding:trigger_ccd1_detection:561 - 已發送控制指令16到寄存器200
2025-07-24 20:41:25 [DEBUG] AutoFeeding:trigger_ccd1_detection:580 - CCD1檢測完成標誌確認
2025-07-24 20:41:25 [INFO] AutoFeeding:feeding_cycle:741 - 週期1718 檢測結果: DR_F=14, 總數=28
2025-07-24 20:41:25 [INFO] AutoFeeding:feeding_cycle:768 - 找到保護區內DR_F: (-95.53, 262.61)
2025-07-24 20:41:25 [INFO] AutoFeeding:set_dr_f_available:720 - DR_F已就緒: (-95.53, 262.61), Flow1可直接讀取座標
2025-07-24 20:41:26 [DEBUG] AutoFeeding:trigger_ccd1_detection:553 - 發送檢測指令前 - 201狀態: 9
2025-07-24 20:41:26 [DEBUG] AutoFeeding:trigger_ccd1_detection:561 - 已發送控制指令16到寄存器200
2025-07-24 20:41:27 [DEBUG] AutoFeeding:trigger_ccd1_detection:580 - CCD1檢測完成標誌確認
2025-07-24 20:41:27 [INFO] AutoFeeding:feeding_cycle:741 - 週期1719 檢測結果: DR_F=14, 總數=28
2025-07-24 20:41:27 [INFO] AutoFeeding:feeding_cycle:768 - 找到保護區內DR_F: (-95.52, 262.61)
2025-07-24 20:41:27 [INFO] AutoFeeding:set_dr_f_available:720 - DR_F已就緒: (-95.52, 262.61), Flow1可直接讀取座標
2025-07-24 20:41:28 [DEBUG] AutoFeeding:trigger_ccd1_detection:553 - 發送檢測指令前 - 201狀態: 9
2025-07-24 20:41:28 [DEBUG] AutoFeeding:trigger_ccd1_detection:561 - 已發送控制指令16到寄存器200
2025-07-24 20:41:29 [DEBUG] AutoFeeding:trigger_ccd1_detection:580 - CCD1檢測完成標誌確認
2025-07-24 20:41:29 [INFO] AutoFeeding:feeding_cycle:741 - 週期1720 檢測結果: DR_F=14, 總數=28
2025-07-24 20:41:29 [INFO] AutoFeeding:feeding_cycle:768 - 找到保護區內DR_F: (-95.52, 262.6)
2025-07-24 20:41:29 [INFO] AutoFeeding:set_dr_f_available:720 - DR_F已就緒: (-95.52, 262.6), Flow1可直接讀取座標
2025-07-24 20:41:30 [DEBUG] AutoFeeding:trigger_ccd1_detection:553 - 發送檢測指令前 - 201狀態: 9
2025-07-24 20:41:30 [DEBUG] AutoFeeding:trigger_ccd1_detection:561 - 已發送控制指令16到寄存器200
2025-07-24 20:41:31 [DEBUG] AutoFeeding:trigger_ccd1_detection:580 - CCD1檢測完成標誌確認
2025-07-24 20:41:31 [INFO] AutoFeeding:feeding_cycle:741 - 週期1721 檢測結果: DR_F=14, 總數=28
2025-07-24 20:41:31 [INFO] AutoFeeding:feeding_cycle:768 - 找到保護區內DR_F: (-95.52, 262.6)
2025-07-24 20:41:31 [INFO] AutoFeeding:set_dr_f_available:720 - DR_F已就緒: (-95.52, 262.6), Flow1可直接讀取座標
2025-07-24 20:41:32 [DEBUG] AutoFeeding:trigger_ccd1_detection:553 - 發送檢測指令前 - 201狀態: 9
2025-07-24 20:41:32 [DEBUG] AutoFeeding:trigger_ccd1_detection:561 - 已發送控制指令16到寄存器200
2025-07-24 20:41:33 [DEBUG] AutoFeeding:trigger_ccd1_detection:580 - CCD1檢測完成標誌確認
2025-07-24 20:41:33 [INFO] AutoFeeding:feeding_cycle:741 - 週期1722 檢測結果: DR_F=14, 總數=28
2025-07-24 20:41:33 [INFO] AutoFeeding:feeding_cycle:768 - 找到保護區內DR_F: (-95.52, 262.61)
2025-07-24 20:41:33 [INFO] AutoFeeding:set_dr_f_available:720 - DR_F已就緒: (-95.52, 262.61), Flow1可直接讀取座標
2025-07-24 20:41:34 [DEBUG] AutoFeeding:trigger_ccd1_detection:553 - 發送檢測指令前 - 201狀態: 9
2025-07-24 20:41:34 [DEBUG] AutoFeeding:trigger_ccd1_detection:561 - 已發送控制指令16到寄存器200
2025-07-24 20:41:35 [DEBUG] AutoFeeding:trigger_ccd1_detection:580 - CCD1檢測完成標誌確認
2025-07-24 20:41:35 [INFO] AutoFeeding:feeding_cycle:741 - 週期1723 檢測結果: DR_F=14, 總數=28
2025-07-24 20:41:35 [INFO] AutoFeeding:feeding_cycle:768 - 找到保護區內DR_F: (-95.52, 262.6)
2025-07-24 20:41:35 [INFO] AutoFeeding:set_dr_f_available:720 - DR_F已就緒: (-95.52, 262.6), Flow1可直接讀取座標
2025-07-24 20:41:36 [DEBUG] AutoFeeding:trigger_ccd1_detection:553 - 發送檢測指令前 - 201狀態: 9
2025-07-24 20:41:36 [DEBUG] AutoFeeding:trigger_ccd1_detection:561 - 已發送控制指令16到寄存器200
2025-07-24 20:41:37 [DEBUG] AutoFeeding:trigger_ccd1_detection:580 - CCD1檢測完成標誌確認
2025-07-24 20:41:37 [INFO] AutoFeeding:feeding_cycle:741 - 週期1724 檢測結果: DR_F=14, 總數=28
2025-07-24 20:41:37 [INFO] AutoFeeding:feeding_cycle:768 - 找到保護區內DR_F: (-95.51, 262.6)
2025-07-24 20:41:37 [INFO] AutoFeeding:set_dr_f_available:720 - DR_F已就緒: (-95.51, 262.6), Flow1可直接讀取座標
2025-07-24 20:41:38 [DEBUG] AutoFeeding:trigger_ccd1_detection:553 - 發送檢測指令前 - 201狀態: 9
2025-07-24 20:41:38 [DEBUG] AutoFeeding:trigger_ccd1_detection:561 - 已發送控制指令16到寄存器200
2025-07-24 20:41:39 [DEBUG] AutoFeeding:trigger_ccd1_detection:580 - CCD1檢測完成標誌確認
2025-07-24 20:41:39 [INFO] AutoFeeding:feeding_cycle:741 - 週期1725 檢測結果: DR_F=14, 總數=28
2025-07-24 20:41:39 [INFO] AutoFeeding:feeding_cycle:768 - 找到保護區內DR_F: (-95.53, 262.61)
2025-07-24 20:41:39 [INFO] AutoFeeding:set_dr_f_available:720 - DR_F已就緒: (-95.53, 262.61), Flow1可直接讀取座標
2025-07-24 20:41:40 [DEBUG] AutoFeeding:trigger_ccd1_detection:553 - 發送檢測指令前 - 201狀態: 9
2025-07-24 20:41:40 [DEBUG] AutoFeeding:trigger_ccd1_detection:561 - 已發送控制指令16到寄存器200
2025-07-24 20:41:42 [DEBUG] AutoFeeding:trigger_ccd1_detection:580 - CCD1檢測完成標誌確認
2025-07-24 20:41:42 [INFO] AutoFeeding:feeding_cycle:741 - 週期1726 檢測結果: DR_F=14, 總數=28
2025-07-24 20:41:42 [INFO] AutoFeeding:feeding_cycle:768 - 找到保護區內DR_F: (-95.52, 262.61)
2025-07-24 20:41:42 [INFO] AutoFeeding:set_dr_f_available:720 - DR_F已就緒: (-95.52, 262.61), Flow1可直接讀取座標
2025-07-24 20:41:43 [DEBUG] AutoFeeding:trigger_ccd1_detection:553 - 發送檢測指令前 - 201狀態: 9
2025-07-24 20:41:43 [DEBUG] AutoFeeding:trigger_ccd1_detection:561 - 已發送控制指令16到寄存器200
2025-07-24 20:41:44 [DEBUG] AutoFeeding:trigger_ccd1_detection:580 - CCD1檢測完成標誌確認
2025-07-24 20:41:44 [INFO] AutoFeeding:feeding_cycle:741 - 週期1727 檢測結果: DR_F=14, 總數=28
2025-07-24 20:41:44 [INFO] AutoFeeding:feeding_cycle:768 - 找到保護區內DR_F: (-95.52, 262.6)
2025-07-24 20:41:44 [INFO] AutoFeeding:set_dr_f_available:720 - DR_F已就緒: (-95.52, 262.6), Flow1可直接讀取座標
2025-07-24 20:41:45 [DEBUG] AutoFeeding:trigger_ccd1_detection:553 - 發送檢測指令前 - 201狀態: 9
2025-07-24 20:41:45 [DEBUG] AutoFeeding:trigger_ccd1_detection:561 - 已發送控制指令16到寄存器200
2025-07-24 20:41:46 [DEBUG] AutoFeeding:trigger_ccd1_detection:580 - CCD1檢測完成標誌確認
2025-07-24 20:41:46 [INFO] AutoFeeding:feeding_cycle:741 - 週期1728 檢測結果: DR_F=14, 總數=28
2025-07-24 20:41:46 [INFO] AutoFeeding:feeding_cycle:768 - 找到保護區內DR_F: (-95.52, 262.61)
2025-07-24 20:41:46 [INFO] AutoFeeding:set_dr_f_available:720 - DR_F已就緒: (-95.52, 262.61), Flow1可直接讀取座標
2025-07-24 20:41:47 [DEBUG] AutoFeeding:trigger_ccd1_detection:553 - 發送檢測指令前 - 201狀態: 9
2025-07-24 20:41:47 [DEBUG] AutoFeeding:trigger_ccd1_detection:561 - 已發送控制指令16到寄存器200
2025-07-24 20:41:48 [DEBUG] AutoFeeding:trigger_ccd1_detection:580 - CCD1檢測完成標誌確認
2025-07-24 20:41:48 [INFO] AutoFeeding:feeding_cycle:741 - 週期1729 檢測結果: DR_F=14, 總數=28
2025-07-24 20:41:48 [INFO] AutoFeeding:feeding_cycle:768 - 找到保護區內DR_F: (-95.52, 262.61)
2025-07-24 20:41:48 [INFO] AutoFeeding:set_dr_f_available:720 - DR_F已就緒: (-95.52, 262.61), Flow1可直接讀取座標
2025-07-24 20:41:49 [DEBUG] AutoFeeding:trigger_ccd1_detection:553 - 發送檢測指令前 - 201狀態: 9
2025-07-24 20:41:49 [DEBUG] AutoFeeding:trigger_ccd1_detection:561 - 已發送控制指令16到寄存器200
2025-07-24 20:41:50 [DEBUG] AutoFeeding:trigger_ccd1_detection:580 - CCD1檢測完成標誌確認
2025-07-24 20:41:50 [INFO] AutoFeeding:feeding_cycle:741 - 週期1730 檢測結果: DR_F=14, 總數=28
2025-07-24 20:41:50 [INFO] AutoFeeding:feeding_cycle:768 - 找到保護區內DR_F: (-95.51, 262.61)
2025-07-24 20:41:50 [INFO] AutoFeeding:set_dr_f_available:720 - DR_F已就緒: (-95.51, 262.61), Flow1可直接讀取座標
2025-07-24 20:41:51 [DEBUG] AutoFeeding:trigger_ccd1_detection:553 - 發送檢測指令前 - 201狀態: 9
2025-07-24 20:41:51 [DEBUG] AutoFeeding:trigger_ccd1_detection:561 - 已發送控制指令16到寄存器200
2025-07-24 20:41:52 [DEBUG] AutoFeeding:trigger_ccd1_detection:580 - CCD1檢測完成標誌確認
2025-07-24 20:41:52 [INFO] AutoFeeding:feeding_cycle:741 - 週期1731 檢測結果: DR_F=14, 總數=28
2025-07-24 20:41:52 [INFO] AutoFeeding:feeding_cycle:768 - 找到保護區內DR_F: (-95.52, 262.61)
2025-07-24 20:41:52 [INFO] AutoFeeding:set_dr_f_available:720 - DR_F已就緒: (-95.52, 262.61), Flow1可直接讀取座標
2025-07-24 20:41:53 [DEBUG] AutoFeeding:trigger_ccd1_detection:553 - 發送檢測指令前 - 201狀態: 9
2025-07-24 20:41:53 [DEBUG] AutoFeeding:trigger_ccd1_detection:561 - 已發送控制指令16到寄存器200
2025-07-24 20:41:54 [DEBUG] AutoFeeding:trigger_ccd1_detection:580 - CCD1檢測完成標誌確認
2025-07-24 20:41:54 [INFO] AutoFeeding:feeding_cycle:741 - 週期1732 檢測結果: DR_F=14, 總數=28
2025-07-24 20:41:54 [INFO] AutoFeeding:feeding_cycle:768 - 找到保護區內DR_F: (-95.52, 262.61)
2025-07-24 20:41:54 [INFO] AutoFeeding:set_dr_f_available:720 - DR_F已就緒: (-95.52, 262.61), Flow1可直接讀取座標
2025-07-24 20:41:55 [DEBUG] AutoFeeding:trigger_ccd1_detection:553 - 發送檢測指令前 - 201狀態: 9
2025-07-24 20:41:55 [DEBUG] AutoFeeding:trigger_ccd1_detection:561 - 已發送控制指令16到寄存器200
2025-07-24 20:41:56 [DEBUG] AutoFeeding:trigger_ccd1_detection:580 - CCD1檢測完成標誌確認
2025-07-24 20:41:56 [INFO] AutoFeeding:feeding_cycle:741 - 週期1733 檢測結果: DR_F=14, 總數=28
2025-07-24 20:41:56 [INFO] AutoFeeding:feeding_cycle:768 - 找到保護區內DR_F: (-95.52, 262.61)
2025-07-24 20:41:56 [INFO] AutoFeeding:set_dr_f_available:720 - DR_F已就緒: (-95.52, 262.61), Flow1可直接讀取座標
2025-07-24 20:41:57 [DEBUG] AutoFeeding:trigger_ccd1_detection:553 - 發送檢測指令前 - 201狀態: 9
2025-07-24 20:41:57 [DEBUG] AutoFeeding:trigger_ccd1_detection:561 - 已發送控制指令16到寄存器200
2025-07-24 20:41:58 [DEBUG] AutoFeeding:trigger_ccd1_detection:580 - CCD1檢測完成標誌確認
2025-07-24 20:41:58 [INFO] AutoFeeding:feeding_cycle:741 - 週期1734 檢測結果: DR_F=14, 總數=28
2025-07-24 20:41:58 [INFO] AutoFeeding:feeding_cycle:768 - 找到保護區內DR_F: (-95.52, 262.61)
2025-07-24 20:41:58 [INFO] AutoFeeding:set_dr_f_available:720 - DR_F已就緒: (-95.52, 262.61), Flow1可直接讀取座標
2025-07-24 20:41:59 [DEBUG] AutoFeeding:trigger_ccd1_detection:553 - 發送檢測指令前 - 201狀態: 9
2025-07-24 20:41:59 [DEBUG] AutoFeeding:trigger_ccd1_detection:561 - 已發送控制指令16到寄存器200
2025-07-24 20:42:00 [DEBUG] AutoFeeding:trigger_ccd1_detection:580 - CCD1檢測完成標誌確認
2025-07-24 20:42:00 [INFO] AutoFeeding:feeding_cycle:741 - 週期1735 檢測結果: DR_F=14, 總數=28
2025-07-24 20:42:00 [INFO] AutoFeeding:feeding_cycle:768 - 找到保護區內DR_F: (-95.52, 262.61)
2025-07-24 20:42:00 [INFO] AutoFeeding:set_dr_f_available:720 - DR_F已就緒: (-95.52, 262.61), Flow1可直接讀取座標
2025-07-24 20:42:01 [DEBUG] AutoFeeding:trigger_ccd1_detection:553 - 發送檢測指令前 - 201狀態: 9
2025-07-24 20:42:01 [DEBUG] AutoFeeding:trigger_ccd1_detection:561 - 已發送控制指令16到寄存器200
2025-07-24 20:42:02 [DEBUG] AutoFeeding:trigger_ccd1_detection:580 - CCD1檢測完成標誌確認
2025-07-24 20:42:02 [INFO] AutoFeeding:feeding_cycle:741 - 週期1736 檢測結果: DR_F=14, 總數=28
2025-07-24 20:42:02 [INFO] AutoFeeding:feeding_cycle:768 - 找到保護區內DR_F: (-95.52, 262.61)
2025-07-24 20:42:02 [INFO] AutoFeeding:set_dr_f_available:720 - DR_F已就緒: (-95.52, 262.61), Flow1可直接讀取座標
2025-07-24 20:42:03 [DEBUG] AutoFeeding:trigger_ccd1_detection:553 - 發送檢測指令前 - 201狀態: 9
2025-07-24 20:42:03 [DEBUG] AutoFeeding:trigger_ccd1_detection:561 - 已發送控制指令16到寄存器200
2025-07-24 20:42:04 [DEBUG] AutoFeeding:trigger_ccd1_detection:580 - CCD1檢測完成標誌確認
2025-07-24 20:42:04 [INFO] AutoFeeding:feeding_cycle:741 - 週期1737 檢測結果: DR_F=14, 總數=28
2025-07-24 20:42:04 [INFO] AutoFeeding:feeding_cycle:768 - 找到保護區內DR_F: (-95.52, 262.61)
2025-07-24 20:42:04 [INFO] AutoFeeding:set_dr_f_available:720 - DR_F已就緒: (-95.52, 262.61), Flow1可直接讀取座標
2025-07-24 20:42:05 [DEBUG] AutoFeeding:trigger_ccd1_detection:553 - 發送檢測指令前 - 201狀態: 9
2025-07-24 20:42:05 [DEBUG] AutoFeeding:trigger_ccd1_detection:561 - 已發送控制指令16到寄存器200
2025-07-24 20:42:06 [DEBUG] AutoFeeding:trigger_ccd1_detection:580 - CCD1檢測完成標誌確認
2025-07-24 20:42:06 [INFO] AutoFeeding:feeding_cycle:741 - 週期1738 檢測結果: DR_F=14, 總數=28
2025-07-24 20:42:06 [INFO] AutoFeeding:feeding_cycle:768 - 找到保護區內DR_F: (-95.52, 262.61)
2025-07-24 20:42:06 [INFO] AutoFeeding:set_dr_f_available:720 - DR_F已就緒: (-95.52, 262.61), Flow1可直接讀取座標
2025-07-24 20:42:07 [DEBUG] AutoFeeding:trigger_ccd1_detection:553 - 發送檢測指令前 - 201狀態: 9
2025-07-24 20:42:07 [DEBUG] AutoFeeding:trigger_ccd1_detection:561 - 已發送控制指令16到寄存器200
2025-07-24 20:42:08 [DEBUG] AutoFeeding:trigger_ccd1_detection:580 - CCD1檢測完成標誌確認
2025-07-24 20:42:08 [INFO] AutoFeeding:feeding_cycle:741 - 週期1739 檢測結果: DR_F=14, 總數=28
2025-07-24 20:42:08 [INFO] AutoFeeding:feeding_cycle:768 - 找到保護區內DR_F: (-95.52, 262.61)
2025-07-24 20:42:08 [INFO] AutoFeeding:set_dr_f_available:720 - DR_F已就緒: (-95.52, 262.61), Flow1可直接讀取座標
2025-07-24 20:42:09 [DEBUG] AutoFeeding:trigger_ccd1_detection:553 - 發送檢測指令前 - 201狀態: 9
2025-07-24 20:42:09 [DEBUG] AutoFeeding:trigger_ccd1_detection:561 - 已發送控制指令16到寄存器200
2025-07-24 20:42:10 [DEBUG] AutoFeeding:trigger_ccd1_detection:580 - CCD1檢測完成標誌確認
2025-07-24 20:42:10 [INFO] AutoFeeding:feeding_cycle:741 - 週期1740 檢測結果: DR_F=14, 總數=28
2025-07-24 20:42:10 [INFO] AutoFeeding:feeding_cycle:768 - 找到保護區內DR_F: (-95.52, 262.61)
2025-07-24 20:42:10 [INFO] AutoFeeding:set_dr_f_available:720 - DR_F已就緒: (-95.52, 262.61), Flow1可直接讀取座標
2025-07-24 20:42:11 [DEBUG] AutoFeeding:trigger_ccd1_detection:553 - 發送檢測指令前 - 201狀態: 9
2025-07-24 20:42:11 [DEBUG] AutoFeeding:trigger_ccd1_detection:561 - 已發送控制指令16到寄存器200
2025-07-24 20:42:12 [DEBUG] AutoFeeding:trigger_ccd1_detection:580 - CCD1檢測完成標誌確認
2025-07-24 20:42:12 [INFO] AutoFeeding:feeding_cycle:741 - 週期1741 檢測結果: DR_F=14, 總數=28
2025-07-24 20:42:12 [INFO] AutoFeeding:feeding_cycle:768 - 找到保護區內DR_F: (-95.52, 262.61)
2025-07-24 20:42:12 [INFO] AutoFeeding:set_dr_f_available:720 - DR_F已就緒: (-95.52, 262.61), Flow1可直接讀取座標
2025-07-24 20:42:13 [DEBUG] AutoFeeding:trigger_ccd1_detection:553 - 發送檢測指令前 - 201狀態: 9
2025-07-24 20:42:13 [DEBUG] AutoFeeding:trigger_ccd1_detection:561 - 已發送控制指令16到寄存器200
2025-07-24 20:42:14 [DEBUG] AutoFeeding:trigger_ccd1_detection:580 - CCD1檢測完成標誌確認
2025-07-24 20:42:14 [INFO] AutoFeeding:feeding_cycle:741 - 週期1742 檢測結果: DR_F=14, 總數=28
2025-07-24 20:42:14 [INFO] AutoFeeding:feeding_cycle:768 - 找到保護區內DR_F: (-95.53, 262.6)
2025-07-24 20:42:14 [INFO] AutoFeeding:set_dr_f_available:720 - DR_F已就緒: (-95.53, 262.6), Flow1可直接讀取座標
2025-07-24 20:42:15 [DEBUG] AutoFeeding:trigger_ccd1_detection:553 - 發送檢測指令前 - 201狀態: 9
2025-07-24 20:42:15 [DEBUG] AutoFeeding:trigger_ccd1_detection:561 - 已發送控制指令16到寄存器200
2025-07-24 20:42:16 [DEBUG] AutoFeeding:trigger_ccd1_detection:580 - CCD1檢測完成標誌確認
2025-07-24 20:42:16 [INFO] AutoFeeding:feeding_cycle:741 - 週期1743 檢測結果: DR_F=14, 總數=28
2025-07-24 20:42:16 [INFO] AutoFeeding:feeding_cycle:768 - 找到保護區內DR_F: (-95.52, 262.61)
2025-07-24 20:42:16 [INFO] AutoFeeding:set_dr_f_available:720 - DR_F已就緒: (-95.52, 262.61), Flow1可直接讀取座標
2025-07-24 20:42:17 [DEBUG] AutoFeeding:trigger_ccd1_detection:553 - 發送檢測指令前 - 201狀態: 9
2025-07-24 20:42:17 [DEBUG] AutoFeeding:trigger_ccd1_detection:561 - 已發送控制指令16到寄存器200
2025-07-24 20:42:18 [DEBUG] AutoFeeding:trigger_ccd1_detection:580 - CCD1檢測完成標誌確認
2025-07-24 20:42:18 [INFO] AutoFeeding:feeding_cycle:741 - 週期1744 檢測結果: DR_F=14, 總數=28
2025-07-24 20:42:18 [INFO] AutoFeeding:feeding_cycle:768 - 找到保護區內DR_F: (-95.52, 262.61)
2025-07-24 20:42:18 [INFO] AutoFeeding:set_dr_f_available:720 - DR_F已就緒: (-95.52, 262.61), Flow1可直接讀取座標
2025-07-24 20:42:19 [DEBUG] AutoFeeding:trigger_ccd1_detection:553 - 發送檢測指令前 - 201狀態: 9
2025-07-24 20:42:19 [DEBUG] AutoFeeding:trigger_ccd1_detection:561 - 已發送控制指令16到寄存器200
2025-07-24 20:42:20 [DEBUG] AutoFeeding:trigger_ccd1_detection:580 - CCD1檢測完成標誌確認
2025-07-24 20:42:20 [INFO] AutoFeeding:feeding_cycle:741 - 週期1745 檢測結果: DR_F=14, 總數=28
2025-07-24 20:42:20 [INFO] AutoFeeding:feeding_cycle:768 - 找到保護區內DR_F: (-95.52, 262.61)
2025-07-24 20:42:20 [INFO] AutoFeeding:set_dr_f_available:720 - DR_F已就緒: (-95.52, 262.61), Flow1可直接讀取座標
2025-07-24 20:42:21 [DEBUG] AutoFeeding:trigger_ccd1_detection:553 - 發送檢測指令前 - 201狀態: 9
2025-07-24 20:42:21 [DEBUG] AutoFeeding:trigger_ccd1_detection:561 - 已發送控制指令16到寄存器200
2025-07-24 20:42:22 [DEBUG] AutoFeeding:trigger_ccd1_detection:580 - CCD1檢測完成標誌確認
2025-07-24 20:42:22 [INFO] AutoFeeding:feeding_cycle:741 - 週期1746 檢測結果: DR_F=14, 總數=28
2025-07-24 20:42:22 [INFO] AutoFeeding:feeding_cycle:768 - 找到保護區內DR_F: (-95.52, 262.61)
2025-07-24 20:42:22 [INFO] AutoFeeding:set_dr_f_available:720 - DR_F已就緒: (-95.52, 262.61), Flow1可直接讀取座標
2025-07-24 20:42:23 [DEBUG] AutoFeeding:trigger_ccd1_detection:553 - 發送檢測指令前 - 201狀態: 9
2025-07-24 20:42:23 [DEBUG] AutoFeeding:trigger_ccd1_detection:561 - 已發送控制指令16到寄存器200
2025-07-24 20:42:24 [DEBUG] AutoFeeding:trigger_ccd1_detection:580 - CCD1檢測完成標誌確認
2025-07-24 20:42:24 [INFO] AutoFeeding:feeding_cycle:741 - 週期1747 檢測結果: DR_F=14, 總數=28
2025-07-24 20:42:24 [INFO] AutoFeeding:feeding_cycle:768 - 找到保護區內DR_F: (-95.53, 262.61)
2025-07-24 20:42:24 [INFO] AutoFeeding:set_dr_f_available:720 - DR_F已就緒: (-95.53, 262.61), Flow1可直接讀取座標
2025-07-24 20:42:25 [DEBUG] AutoFeeding:trigger_ccd1_detection:553 - 發送檢測指令前 - 201狀態: 9
2025-07-24 20:42:25 [DEBUG] AutoFeeding:trigger_ccd1_detection:561 - 已發送控制指令16到寄存器200
2025-07-24 20:42:26 [DEBUG] AutoFeeding:trigger_ccd1_detection:580 - CCD1檢測完成標誌確認
2025-07-24 20:42:26 [INFO] AutoFeeding:feeding_cycle:741 - 週期1748 檢測結果: DR_F=14, 總數=28
2025-07-24 20:42:26 [INFO] AutoFeeding:feeding_cycle:768 - 找到保護區內DR_F: (-95.52, 262.61)
2025-07-24 20:42:26 [INFO] AutoFeeding:set_dr_f_available:720 - DR_F已就緒: (-95.52, 262.61), Flow1可直接讀取座標
2025-07-24 20:42:27 [DEBUG] AutoFeeding:trigger_ccd1_detection:553 - 發送檢測指令前 - 201狀態: 9
2025-07-24 20:42:27 [DEBUG] AutoFeeding:trigger_ccd1_detection:561 - 已發送控制指令16到寄存器200
2025-07-24 20:42:29 [DEBUG] AutoFeeding:trigger_ccd1_detection:580 - CCD1檢測完成標誌確認
2025-07-24 20:42:29 [INFO] AutoFeeding:feeding_cycle:741 - 週期1749 檢測結果: DR_F=14, 總數=28
2025-07-24 20:42:29 [INFO] AutoFeeding:feeding_cycle:768 - 找到保護區內DR_F: (-95.52, 262.61)
2025-07-24 20:42:29 [INFO] AutoFeeding:set_dr_f_available:720 - DR_F已就緒: (-95.52, 262.61), Flow1可直接讀取座標
2025-07-24 20:42:30 [DEBUG] AutoFeeding:trigger_ccd1_detection:553 - 發送檢測指令前 - 201狀態: 9
2025-07-24 20:42:30 [DEBUG] AutoFeeding:trigger_ccd1_detection:561 - 已發送控制指令16到寄存器200
2025-07-24 20:42:31 [DEBUG] AutoFeeding:trigger_ccd1_detection:580 - CCD1檢測完成標誌確認
2025-07-24 20:42:31 [INFO] AutoFeeding:feeding_cycle:741 - 週期1750 檢測結果: DR_F=14, 總數=28
2025-07-24 20:42:31 [INFO] AutoFeeding:feeding_cycle:768 - 找到保護區內DR_F: (-95.52, 262.61)
2025-07-24 20:42:31 [INFO] AutoFeeding:set_dr_f_available:720 - DR_F已就緒: (-95.52, 262.61), Flow1可直接讀取座標
2025-07-24 20:42:32 [DEBUG] AutoFeeding:trigger_ccd1_detection:553 - 發送檢測指令前 - 201狀態: 9
2025-07-24 20:42:32 [DEBUG] AutoFeeding:trigger_ccd1_detection:561 - 已發送控制指令16到寄存器200
2025-07-24 20:42:33 [DEBUG] AutoFeeding:trigger_ccd1_detection:580 - CCD1檢測完成標誌確認
2025-07-24 20:42:33 [INFO] AutoFeeding:feeding_cycle:741 - 週期1751 檢測結果: DR_F=14, 總數=28
2025-07-24 20:42:33 [INFO] AutoFeeding:feeding_cycle:768 - 找到保護區內DR_F: (-95.52, 262.61)
2025-07-24 20:42:33 [INFO] AutoFeeding:set_dr_f_available:720 - DR_F已就緒: (-95.52, 262.61), Flow1可直接讀取座標
2025-07-24 20:42:34 [DEBUG] AutoFeeding:trigger_ccd1_detection:553 - 發送檢測指令前 - 201狀態: 9
2025-07-24 20:42:34 [DEBUG] AutoFeeding:trigger_ccd1_detection:561 - 已發送控制指令16到寄存器200
2025-07-24 20:42:35 [DEBUG] AutoFeeding:trigger_ccd1_detection:580 - CCD1檢測完成標誌確認
2025-07-24 20:42:35 [INFO] AutoFeeding:feeding_cycle:741 - 週期1752 檢測結果: DR_F=14, 總數=28
2025-07-24 20:42:35 [INFO] AutoFeeding:feeding_cycle:768 - 找到保護區內DR_F: (-95.52, 262.61)
2025-07-24 20:42:35 [INFO] AutoFeeding:set_dr_f_available:720 - DR_F已就緒: (-95.52, 262.61), Flow1可直接讀取座標
2025-07-24 20:42:36 [DEBUG] AutoFeeding:trigger_ccd1_detection:553 - 發送檢測指令前 - 201狀態: 9
2025-07-24 20:42:36 [DEBUG] AutoFeeding:trigger_ccd1_detection:561 - 已發送控制指令16到寄存器200
2025-07-24 20:42:37 [DEBUG] AutoFeeding:trigger_ccd1_detection:580 - CCD1檢測完成標誌確認
2025-07-24 20:42:37 [INFO] AutoFeeding:feeding_cycle:741 - 週期1753 檢測結果: DR_F=14, 總數=28
2025-07-24 20:42:37 [INFO] AutoFeeding:feeding_cycle:768 - 找到保護區內DR_F: (-95.52, 262.61)
2025-07-24 20:42:37 [INFO] AutoFeeding:set_dr_f_available:720 - DR_F已就緒: (-95.52, 262.61), Flow1可直接讀取座標
2025-07-24 20:42:38 [DEBUG] AutoFeeding:trigger_ccd1_detection:553 - 發送檢測指令前 - 201狀態: 9
2025-07-24 20:42:38 [DEBUG] AutoFeeding:trigger_ccd1_detection:561 - 已發送控制指令16到寄存器200
2025-07-24 20:42:39 [DEBUG] AutoFeeding:trigger_ccd1_detection:580 - CCD1檢測完成標誌確認
2025-07-24 20:42:39 [INFO] AutoFeeding:feeding_cycle:741 - 週期1754 檢測結果: DR_F=14, 總數=28
2025-07-24 20:42:39 [INFO] AutoFeeding:feeding_cycle:768 - 找到保護區內DR_F: (-95.52, 262.61)
2025-07-24 20:42:39 [INFO] AutoFeeding:set_dr_f_available:720 - DR_F已就緒: (-95.52, 262.61), Flow1可直接讀取座標
2025-07-24 20:42:40 [DEBUG] AutoFeeding:trigger_ccd1_detection:553 - 發送檢測指令前 - 201狀態: 9
2025-07-24 20:42:40 [DEBUG] AutoFeeding:trigger_ccd1_detection:561 - 已發送控制指令16到寄存器200
2025-07-24 20:42:41 [DEBUG] AutoFeeding:trigger_ccd1_detection:580 - CCD1檢測完成標誌確認
2025-07-24 20:42:41 [INFO] AutoFeeding:feeding_cycle:741 - 週期1755 檢測結果: DR_F=14, 總數=28
2025-07-24 20:42:41 [INFO] AutoFeeding:feeding_cycle:768 - 找到保護區內DR_F: (-95.52, 262.61)
2025-07-24 20:42:41 [INFO] AutoFeeding:set_dr_f_available:720 - DR_F已就緒: (-95.52, 262.61), Flow1可直接讀取座標
2025-07-24 20:42:42 [DEBUG] AutoFeeding:trigger_ccd1_detection:553 - 發送檢測指令前 - 201狀態: 9
2025-07-24 20:42:42 [DEBUG] AutoFeeding:trigger_ccd1_detection:561 - 已發送控制指令16到寄存器200
2025-07-24 20:42:43 [DEBUG] AutoFeeding:trigger_ccd1_detection:580 - CCD1檢測完成標誌確認
2025-07-24 20:42:43 [INFO] AutoFeeding:feeding_cycle:741 - 週期1756 檢測結果: DR_F=14, 總數=28
2025-07-24 20:42:43 [INFO] AutoFeeding:feeding_cycle:768 - 找到保護區內DR_F: (-95.52, 262.61)
2025-07-24 20:42:43 [INFO] AutoFeeding:set_dr_f_available:720 - DR_F已就緒: (-95.52, 262.61), Flow1可直接讀取座標
2025-07-24 20:42:44 [DEBUG] AutoFeeding:trigger_ccd1_detection:553 - 發送檢測指令前 - 201狀態: 9
2025-07-24 20:42:44 [DEBUG] AutoFeeding:trigger_ccd1_detection:561 - 已發送控制指令16到寄存器200
2025-07-24 20:42:45 [DEBUG] AutoFeeding:trigger_ccd1_detection:580 - CCD1檢測完成標誌確認
2025-07-24 20:42:45 [INFO] AutoFeeding:feeding_cycle:741 - 週期1757 檢測結果: DR_F=14, 總數=28
2025-07-24 20:42:45 [INFO] AutoFeeding:feeding_cycle:768 - 找到保護區內DR_F: (-95.52, 262.61)
2025-07-24 20:42:45 [INFO] AutoFeeding:set_dr_f_available:720 - DR_F已就緒: (-95.52, 262.61), Flow1可直接讀取座標
2025-07-24 20:42:46 [DEBUG] AutoFeeding:trigger_ccd1_detection:553 - 發送檢測指令前 - 201狀態: 9
2025-07-24 20:42:46 [DEBUG] AutoFeeding:trigger_ccd1_detection:561 - 已發送控制指令16到寄存器200
2025-07-24 20:42:47 [DEBUG] AutoFeeding:trigger_ccd1_detection:580 - CCD1檢測完成標誌確認
2025-07-24 20:42:47 [INFO] AutoFeeding:feeding_cycle:741 - 週期1758 檢測結果: DR_F=14, 總數=28
2025-07-24 20:42:47 [INFO] AutoFeeding:feeding_cycle:768 - 找到保護區內DR_F: (-95.52, 262.61)
2025-07-24 20:42:47 [INFO] AutoFeeding:set_dr_f_available:720 - DR_F已就緒: (-95.52, 262.61), Flow1可直接讀取座標
2025-07-24 20:42:48 [DEBUG] AutoFeeding:trigger_ccd1_detection:553 - 發送檢測指令前 - 201狀態: 9
2025-07-24 20:42:48 [DEBUG] AutoFeeding:trigger_ccd1_detection:561 - 已發送控制指令16到寄存器200
2025-07-24 20:42:49 [DEBUG] AutoFeeding:trigger_ccd1_detection:580 - CCD1檢測完成標誌確認
2025-07-24 20:42:49 [INFO] AutoFeeding:feeding_cycle:741 - 週期1759 檢測結果: DR_F=14, 總數=28
2025-07-24 20:42:49 [INFO] AutoFeeding:feeding_cycle:768 - 找到保護區內DR_F: (-95.52, 262.61)
2025-07-24 20:42:49 [INFO] AutoFeeding:set_dr_f_available:720 - DR_F已就緒: (-95.52, 262.61), Flow1可直接讀取座標
2025-07-24 20:42:50 [DEBUG] AutoFeeding:trigger_ccd1_detection:553 - 發送檢測指令前 - 201狀態: 9
2025-07-24 20:42:50 [DEBUG] AutoFeeding:trigger_ccd1_detection:561 - 已發送控制指令16到寄存器200
2025-07-24 20:42:51 [DEBUG] AutoFeeding:trigger_ccd1_detection:580 - CCD1檢測完成標誌確認
2025-07-24 20:42:51 [INFO] AutoFeeding:feeding_cycle:741 - 週期1760 檢測結果: DR_F=14, 總數=28
2025-07-24 20:42:51 [INFO] AutoFeeding:feeding_cycle:768 - 找到保護區內DR_F: (-95.52, 262.61)
2025-07-24 20:42:51 [INFO] AutoFeeding:set_dr_f_available:720 - DR_F已就緒: (-95.52, 262.61), Flow1可直接讀取座標
2025-07-24 20:42:52 [DEBUG] AutoFeeding:trigger_ccd1_detection:553 - 發送檢測指令前 - 201狀態: 9
2025-07-24 20:42:52 [DEBUG] AutoFeeding:trigger_ccd1_detection:561 - 已發送控制指令16到寄存器200
2025-07-24 20:42:53 [DEBUG] AutoFeeding:trigger_ccd1_detection:580 - CCD1檢測完成標誌確認
2025-07-24 20:42:53 [INFO] AutoFeeding:feeding_cycle:741 - 週期1761 檢測結果: DR_F=14, 總數=28
2025-07-24 20:42:53 [INFO] AutoFeeding:feeding_cycle:768 - 找到保護區內DR_F: (-95.52, 262.61)
2025-07-24 20:42:53 [INFO] AutoFeeding:set_dr_f_available:720 - DR_F已就緒: (-95.52, 262.61), Flow1可直接讀取座標
2025-07-24 20:42:54 [DEBUG] AutoFeeding:trigger_ccd1_detection:553 - 發送檢測指令前 - 201狀態: 9
2025-07-24 20:42:54 [DEBUG] AutoFeeding:trigger_ccd1_detection:561 - 已發送控制指令16到寄存器200
2025-07-24 20:42:55 [DEBUG] AutoFeeding:trigger_ccd1_detection:580 - CCD1檢測完成標誌確認
2025-07-24 20:42:55 [INFO] AutoFeeding:feeding_cycle:741 - 週期1762 檢測結果: DR_F=14, 總數=28
2025-07-24 20:42:55 [INFO] AutoFeeding:feeding_cycle:768 - 找到保護區內DR_F: (-95.52, 262.61)
2025-07-24 20:42:55 [INFO] AutoFeeding:set_dr_f_available:720 - DR_F已就緒: (-95.52, 262.61), Flow1可直接讀取座標
2025-07-24 20:42:56 [DEBUG] AutoFeeding:trigger_ccd1_detection:553 - 發送檢測指令前 - 201狀態: 9
2025-07-24 20:42:56 [DEBUG] AutoFeeding:trigger_ccd1_detection:561 - 已發送控制指令16到寄存器200
2025-07-24 20:42:57 [DEBUG] AutoFeeding:trigger_ccd1_detection:580 - CCD1檢測完成標誌確認
2025-07-24 20:42:57 [INFO] AutoFeeding:feeding_cycle:741 - 週期1763 檢測結果: DR_F=14, 總數=28
2025-07-24 20:42:57 [INFO] AutoFeeding:feeding_cycle:768 - 找到保護區內DR_F: (-95.52, 262.61)
2025-07-24 20:42:57 [INFO] AutoFeeding:set_dr_f_available:720 - DR_F已就緒: (-95.52, 262.61), Flow1可直接讀取座標
2025-07-24 20:42:58 [DEBUG] AutoFeeding:trigger_ccd1_detection:553 - 發送檢測指令前 - 201狀態: 9
2025-07-24 20:42:58 [DEBUG] AutoFeeding:trigger_ccd1_detection:561 - 已發送控制指令16到寄存器200
2025-07-24 20:42:59 [DEBUG] AutoFeeding:trigger_ccd1_detection:580 - CCD1檢測完成標誌確認
2025-07-24 20:42:59 [INFO] AutoFeeding:feeding_cycle:741 - 週期1764 檢測結果: DR_F=14, 總數=28
2025-07-24 20:42:59 [INFO] AutoFeeding:feeding_cycle:768 - 找到保護區內DR_F: (-95.51, 262.61)
2025-07-24 20:42:59 [INFO] AutoFeeding:set_dr_f_available:720 - DR_F已就緒: (-95.51, 262.61), Flow1可直接讀取座標
2025-07-24 20:43:00 [DEBUG] AutoFeeding:trigger_ccd1_detection:553 - 發送檢測指令前 - 201狀態: 9
2025-07-24 20:43:00 [DEBUG] AutoFeeding:trigger_ccd1_detection:561 - 已發送控制指令16到寄存器200
2025-07-24 20:43:01 [DEBUG] AutoFeeding:trigger_ccd1_detection:580 - CCD1檢測完成標誌確認
2025-07-24 20:43:01 [INFO] AutoFeeding:feeding_cycle:741 - 週期1765 檢測結果: DR_F=14, 總數=28
2025-07-24 20:43:01 [INFO] AutoFeeding:feeding_cycle:768 - 找到保護區內DR_F: (-95.52, 262.61)
2025-07-24 20:43:01 [INFO] AutoFeeding:set_dr_f_available:720 - DR_F已就緒: (-95.52, 262.61), Flow1可直接讀取座標
2025-07-24 20:43:02 [DEBUG] AutoFeeding:trigger_ccd1_detection:553 - 發送檢測指令前 - 201狀態: 9
2025-07-24 20:43:02 [DEBUG] AutoFeeding:trigger_ccd1_detection:561 - 已發送控制指令16到寄存器200
2025-07-24 20:43:03 [DEBUG] AutoFeeding:trigger_ccd1_detection:580 - CCD1檢測完成標誌確認
2025-07-24 20:43:03 [INFO] AutoFeeding:feeding_cycle:741 - 週期1766 檢測結果: DR_F=14, 總數=28
2025-07-24 20:43:03 [INFO] AutoFeeding:feeding_cycle:768 - 找到保護區內DR_F: (-95.52, 262.61)
2025-07-24 20:43:03 [INFO] AutoFeeding:set_dr_f_available:720 - DR_F已就緒: (-95.52, 262.61), Flow1可直接讀取座標
2025-07-24 20:43:04 [DEBUG] AutoFeeding:trigger_ccd1_detection:553 - 發送檢測指令前 - 201狀態: 9
2025-07-24 20:43:04 [DEBUG] AutoFeeding:trigger_ccd1_detection:561 - 已發送控制指令16到寄存器200
2025-07-24 20:43:05 [DEBUG] AutoFeeding:trigger_ccd1_detection:580 - CCD1檢測完成標誌確認
2025-07-24 20:43:05 [INFO] AutoFeeding:feeding_cycle:741 - 週期1767 檢測結果: DR_F=14, 總數=28
2025-07-24 20:43:05 [INFO] AutoFeeding:feeding_cycle:768 - 找到保護區內DR_F: (-95.52, 262.61)
2025-07-24 20:43:05 [INFO] AutoFeeding:set_dr_f_available:720 - DR_F已就緒: (-95.52, 262.61), Flow1可直接讀取座標
2025-07-24 20:43:06 [DEBUG] AutoFeeding:trigger_ccd1_detection:553 - 發送檢測指令前 - 201狀態: 9
2025-07-24 20:43:06 [DEBUG] AutoFeeding:trigger_ccd1_detection:561 - 已發送控制指令16到寄存器200
2025-07-24 20:43:07 [DEBUG] AutoFeeding:trigger_ccd1_detection:580 - CCD1檢測完成標誌確認
2025-07-24 20:43:07 [INFO] AutoFeeding:feeding_cycle:741 - 週期1768 檢測結果: DR_F=14, 總數=28
2025-07-24 20:43:07 [INFO] AutoFeeding:feeding_cycle:768 - 找到保護區內DR_F: (-95.52, 262.61)
2025-07-24 20:43:07 [INFO] AutoFeeding:set_dr_f_available:720 - DR_F已就緒: (-95.52, 262.61), Flow1可直接讀取座標
2025-07-24 20:43:08 [DEBUG] AutoFeeding:trigger_ccd1_detection:553 - 發送檢測指令前 - 201狀態: 9
2025-07-24 20:43:08 [DEBUG] AutoFeeding:trigger_ccd1_detection:561 - 已發送控制指令16到寄存器200
2025-07-24 20:43:09 [DEBUG] AutoFeeding:trigger_ccd1_detection:580 - CCD1檢測完成標誌確認
2025-07-24 20:43:09 [INFO] AutoFeeding:feeding_cycle:741 - 週期1769 檢測結果: DR_F=14, 總數=28
2025-07-24 20:43:09 [INFO] AutoFeeding:feeding_cycle:768 - 找到保護區內DR_F: (-95.52, 262.61)
2025-07-24 20:43:09 [INFO] AutoFeeding:set_dr_f_available:720 - DR_F已就緒: (-95.52, 262.61), Flow1可直接讀取座標
2025-07-24 20:43:10 [DEBUG] AutoFeeding:trigger_ccd1_detection:553 - 發送檢測指令前 - 201狀態: 9
2025-07-24 20:43:10 [DEBUG] AutoFeeding:trigger_ccd1_detection:561 - 已發送控制指令16到寄存器200
2025-07-24 20:43:11 [DEBUG] AutoFeeding:trigger_ccd1_detection:580 - CCD1檢測完成標誌確認
2025-07-24 20:43:11 [INFO] AutoFeeding:feeding_cycle:741 - 週期1770 檢測結果: DR_F=14, 總數=28
2025-07-24 20:43:11 [INFO] AutoFeeding:feeding_cycle:768 - 找到保護區內DR_F: (-95.52, 262.61)
2025-07-24 20:43:11 [INFO] AutoFeeding:set_dr_f_available:720 - DR_F已就緒: (-95.52, 262.61), Flow1可直接讀取座標
2025-07-24 20:43:12 [DEBUG] AutoFeeding:trigger_ccd1_detection:553 - 發送檢測指令前 - 201狀態: 9
2025-07-24 20:43:12 [DEBUG] AutoFeeding:trigger_ccd1_detection:561 - 已發送控制指令16到寄存器200
2025-07-24 20:43:13 [DEBUG] AutoFeeding:trigger_ccd1_detection:580 - CCD1檢測完成標誌確認
2025-07-24 20:43:13 [INFO] AutoFeeding:feeding_cycle:741 - 週期1771 檢測結果: DR_F=14, 總數=28
2025-07-24 20:43:13 [INFO] AutoFeeding:feeding_cycle:768 - 找到保護區內DR_F: (-95.53, 262.61)
2025-07-24 20:43:13 [INFO] AutoFeeding:set_dr_f_available:720 - DR_F已就緒: (-95.53, 262.61), Flow1可直接讀取座標
2025-07-24 20:43:14 [DEBUG] AutoFeeding:main_loop:880 - 主循環 1801: running=True, status=RUNNING, flow1_active=False, progress_blocking=False, dr_f_available=True
2025-07-24 20:43:14 [DEBUG] AutoFeeding:trigger_ccd1_detection:553 - 發送檢測指令前 - 201狀態: 9
2025-07-24 20:43:14 [DEBUG] AutoFeeding:trigger_ccd1_detection:561 - 已發送控制指令16到寄存器200
2025-07-24 20:43:16 [DEBUG] AutoFeeding:trigger_ccd1_detection:580 - CCD1檢測完成標誌確認
2025-07-24 20:43:16 [INFO] AutoFeeding:feeding_cycle:741 - 週期1772 檢測結果: DR_F=14, 總數=28
2025-07-24 20:43:16 [INFO] AutoFeeding:feeding_cycle:768 - 找到保護區內DR_F: (-95.52, 262.61)
2025-07-24 20:43:16 [INFO] AutoFeeding:set_dr_f_available:720 - DR_F已就緒: (-95.52, 262.61), Flow1可直接讀取座標
2025-07-24 20:43:17 [DEBUG] AutoFeeding:trigger_ccd1_detection:553 - 發送檢測指令前 - 201狀態: 9
2025-07-24 20:43:17 [DEBUG] AutoFeeding:trigger_ccd1_detection:561 - 已發送控制指令16到寄存器200
2025-07-24 20:43:18 [DEBUG] AutoFeeding:trigger_ccd1_detection:580 - CCD1檢測完成標誌確認
2025-07-24 20:43:18 [INFO] AutoFeeding:feeding_cycle:741 - 週期1773 檢測結果: DR_F=14, 總數=28
2025-07-24 20:43:18 [INFO] AutoFeeding:feeding_cycle:768 - 找到保護區內DR_F: (-95.52, 262.61)
2025-07-24 20:43:18 [INFO] AutoFeeding:set_dr_f_available:720 - DR_F已就緒: (-95.52, 262.61), Flow1可直接讀取座標
2025-07-24 20:43:19 [DEBUG] AutoFeeding:trigger_ccd1_detection:553 - 發送檢測指令前 - 201狀態: 9
2025-07-24 20:43:19 [DEBUG] AutoFeeding:trigger_ccd1_detection:561 - 已發送控制指令16到寄存器200
2025-07-24 20:43:20 [DEBUG] AutoFeeding:trigger_ccd1_detection:580 - CCD1檢測完成標誌確認
2025-07-24 20:43:20 [INFO] AutoFeeding:feeding_cycle:741 - 週期1774 檢測結果: DR_F=14, 總數=28
2025-07-24 20:43:20 [INFO] AutoFeeding:feeding_cycle:768 - 找到保護區內DR_F: (-95.52, 262.61)
2025-07-24 20:43:20 [INFO] AutoFeeding:set_dr_f_available:720 - DR_F已就緒: (-95.52, 262.61), Flow1可直接讀取座標
2025-07-24 20:43:21 [DEBUG] AutoFeeding:trigger_ccd1_detection:553 - 發送檢測指令前 - 201狀態: 9
2025-07-24 20:43:21 [DEBUG] AutoFeeding:trigger_ccd1_detection:561 - 已發送控制指令16到寄存器200
2025-07-24 20:43:22 [DEBUG] AutoFeeding:trigger_ccd1_detection:580 - CCD1檢測完成標誌確認
2025-07-24 20:43:22 [INFO] AutoFeeding:feeding_cycle:741 - 週期1775 檢測結果: DR_F=14, 總數=28
2025-07-24 20:43:22 [INFO] AutoFeeding:feeding_cycle:768 - 找到保護區內DR_F: (-95.52, 262.6)
2025-07-24 20:43:22 [INFO] AutoFeeding:set_dr_f_available:720 - DR_F已就緒: (-95.52, 262.6), Flow1可直接讀取座標
2025-07-24 20:43:23 [DEBUG] AutoFeeding:trigger_ccd1_detection:553 - 發送檢測指令前 - 201狀態: 9
2025-07-24 20:43:23 [DEBUG] AutoFeeding:trigger_ccd1_detection:561 - 已發送控制指令16到寄存器200
2025-07-24 20:43:24 [DEBUG] AutoFeeding:trigger_ccd1_detection:580 - CCD1檢測完成標誌確認
2025-07-24 20:43:24 [INFO] AutoFeeding:feeding_cycle:741 - 週期1776 檢測結果: DR_F=14, 總數=28
2025-07-24 20:43:24 [INFO] AutoFeeding:feeding_cycle:768 - 找到保護區內DR_F: (-95.53, 262.61)
2025-07-24 20:43:24 [INFO] AutoFeeding:set_dr_f_available:720 - DR_F已就緒: (-95.53, 262.61), Flow1可直接讀取座標
2025-07-24 20:43:25 [DEBUG] AutoFeeding:trigger_ccd1_detection:553 - 發送檢測指令前 - 201狀態: 9
2025-07-24 20:43:25 [DEBUG] AutoFeeding:trigger_ccd1_detection:561 - 已發送控制指令16到寄存器200
2025-07-24 20:43:26 [DEBUG] AutoFeeding:trigger_ccd1_detection:580 - CCD1檢測完成標誌確認
2025-07-24 20:43:26 [INFO] AutoFeeding:feeding_cycle:741 - 週期1777 檢測結果: DR_F=14, 總數=28
2025-07-24 20:43:26 [INFO] AutoFeeding:feeding_cycle:768 - 找到保護區內DR_F: (-95.52, 262.61)
2025-07-24 20:43:26 [INFO] AutoFeeding:set_dr_f_available:720 - DR_F已就緒: (-95.52, 262.61), Flow1可直接讀取座標
2025-07-24 20:43:27 [DEBUG] AutoFeeding:trigger_ccd1_detection:553 - 發送檢測指令前 - 201狀態: 9
2025-07-24 20:43:27 [DEBUG] AutoFeeding:trigger_ccd1_detection:561 - 已發送控制指令16到寄存器200
2025-07-24 20:43:28 [DEBUG] AutoFeeding:trigger_ccd1_detection:580 - CCD1檢測完成標誌確認
2025-07-24 20:43:28 [INFO] AutoFeeding:feeding_cycle:741 - 週期1778 檢測結果: DR_F=14, 總數=28
2025-07-24 20:43:28 [INFO] AutoFeeding:feeding_cycle:768 - 找到保護區內DR_F: (-95.52, 262.61)
2025-07-24 20:43:28 [INFO] AutoFeeding:set_dr_f_available:720 - DR_F已就緒: (-95.52, 262.61), Flow1可直接讀取座標
2025-07-24 20:43:29 [DEBUG] AutoFeeding:trigger_ccd1_detection:553 - 發送檢測指令前 - 201狀態: 9
2025-07-24 20:43:29 [DEBUG] AutoFeeding:trigger_ccd1_detection:561 - 已發送控制指令16到寄存器200
2025-07-24 20:43:30 [DEBUG] AutoFeeding:trigger_ccd1_detection:580 - CCD1檢測完成標誌確認
2025-07-24 20:43:30 [INFO] AutoFeeding:feeding_cycle:741 - 週期1779 檢測結果: DR_F=14, 總數=28
2025-07-24 20:43:30 [INFO] AutoFeeding:feeding_cycle:768 - 找到保護區內DR_F: (-95.52, 262.61)
2025-07-24 20:43:30 [INFO] AutoFeeding:set_dr_f_available:720 - DR_F已就緒: (-95.52, 262.61), Flow1可直接讀取座標
2025-07-24 20:43:31 [DEBUG] AutoFeeding:trigger_ccd1_detection:553 - 發送檢測指令前 - 201狀態: 9
2025-07-24 20:43:31 [DEBUG] AutoFeeding:trigger_ccd1_detection:561 - 已發送控制指令16到寄存器200
2025-07-24 20:43:32 [DEBUG] AutoFeeding:trigger_ccd1_detection:580 - CCD1檢測完成標誌確認
2025-07-24 20:43:32 [INFO] AutoFeeding:feeding_cycle:741 - 週期1780 檢測結果: DR_F=14, 總數=28
2025-07-24 20:43:32 [INFO] AutoFeeding:feeding_cycle:768 - 找到保護區內DR_F: (-95.52, 262.61)
2025-07-24 20:43:32 [INFO] AutoFeeding:set_dr_f_available:720 - DR_F已就緒: (-95.52, 262.61), Flow1可直接讀取座標
2025-07-24 20:43:33 [DEBUG] AutoFeeding:trigger_ccd1_detection:553 - 發送檢測指令前 - 201狀態: 9
2025-07-24 20:43:33 [DEBUG] AutoFeeding:trigger_ccd1_detection:561 - 已發送控制指令16到寄存器200
2025-07-24 20:43:34 [DEBUG] AutoFeeding:trigger_ccd1_detection:580 - CCD1檢測完成標誌確認
2025-07-24 20:43:34 [INFO] AutoFeeding:feeding_cycle:741 - 週期1781 檢測結果: DR_F=14, 總數=28
2025-07-24 20:43:34 [INFO] AutoFeeding:feeding_cycle:768 - 找到保護區內DR_F: (-95.52, 262.61)
2025-07-24 20:43:34 [INFO] AutoFeeding:set_dr_f_available:720 - DR_F已就緒: (-95.52, 262.61), Flow1可直接讀取座標
2025-07-24 20:43:35 [DEBUG] AutoFeeding:trigger_ccd1_detection:553 - 發送檢測指令前 - 201狀態: 9
2025-07-24 20:43:35 [DEBUG] AutoFeeding:trigger_ccd1_detection:561 - 已發送控制指令16到寄存器200
2025-07-24 20:43:36 [DEBUG] AutoFeeding:trigger_ccd1_detection:580 - CCD1檢測完成標誌確認
2025-07-24 20:43:36 [INFO] AutoFeeding:feeding_cycle:741 - 週期1782 檢測結果: DR_F=14, 總數=28
2025-07-24 20:43:36 [INFO] AutoFeeding:feeding_cycle:768 - 找到保護區內DR_F: (-95.52, 262.61)
2025-07-24 20:43:36 [INFO] AutoFeeding:set_dr_f_available:720 - DR_F已就緒: (-95.52, 262.61), Flow1可直接讀取座標
2025-07-24 20:43:37 [DEBUG] AutoFeeding:trigger_ccd1_detection:553 - 發送檢測指令前 - 201狀態: 9
2025-07-24 20:43:37 [DEBUG] AutoFeeding:trigger_ccd1_detection:561 - 已發送控制指令16到寄存器200
2025-07-24 20:43:38 [DEBUG] AutoFeeding:trigger_ccd1_detection:580 - CCD1檢測完成標誌確認
2025-07-24 20:43:38 [INFO] AutoFeeding:feeding_cycle:741 - 週期1783 檢測結果: DR_F=14, 總數=28
2025-07-24 20:43:38 [INFO] AutoFeeding:feeding_cycle:768 - 找到保護區內DR_F: (-95.52, 262.61)
2025-07-24 20:43:38 [INFO] AutoFeeding:set_dr_f_available:720 - DR_F已就緒: (-95.52, 262.61), Flow1可直接讀取座標
2025-07-24 20:43:39 [DEBUG] AutoFeeding:trigger_ccd1_detection:553 - 發送檢測指令前 - 201狀態: 9
2025-07-24 20:43:39 [DEBUG] AutoFeeding:trigger_ccd1_detection:561 - 已發送控制指令16到寄存器200
2025-07-24 20:43:40 [DEBUG] AutoFeeding:trigger_ccd1_detection:580 - CCD1檢測完成標誌確認
2025-07-24 20:43:40 [INFO] AutoFeeding:feeding_cycle:741 - 週期1784 檢測結果: DR_F=14, 總數=28
2025-07-24 20:43:40 [INFO] AutoFeeding:feeding_cycle:768 - 找到保護區內DR_F: (-95.52, 262.61)
2025-07-24 20:43:40 [INFO] AutoFeeding:set_dr_f_available:720 - DR_F已就緒: (-95.52, 262.61), Flow1可直接讀取座標
2025-07-24 20:43:41 [DEBUG] AutoFeeding:trigger_ccd1_detection:553 - 發送檢測指令前 - 201狀態: 9
2025-07-24 20:43:41 [DEBUG] AutoFeeding:trigger_ccd1_detection:561 - 已發送控制指令16到寄存器200
2025-07-24 20:43:42 [DEBUG] AutoFeeding:trigger_ccd1_detection:580 - CCD1檢測完成標誌確認
2025-07-24 20:43:42 [INFO] AutoFeeding:feeding_cycle:741 - 週期1785 檢測結果: DR_F=14, 總數=28
2025-07-24 20:43:42 [INFO] AutoFeeding:feeding_cycle:768 - 找到保護區內DR_F: (-95.52, 262.61)
2025-07-24 20:43:42 [INFO] AutoFeeding:set_dr_f_available:720 - DR_F已就緒: (-95.52, 262.61), Flow1可直接讀取座標
2025-07-24 20:43:43 [DEBUG] AutoFeeding:trigger_ccd1_detection:553 - 發送檢測指令前 - 201狀態: 9
2025-07-24 20:43:43 [DEBUG] AutoFeeding:trigger_ccd1_detection:561 - 已發送控制指令16到寄存器200
2025-07-24 20:43:44 [DEBUG] AutoFeeding:trigger_ccd1_detection:580 - CCD1檢測完成標誌確認
2025-07-24 20:43:44 [INFO] AutoFeeding:feeding_cycle:741 - 週期1786 檢測結果: DR_F=14, 總數=28
2025-07-24 20:43:44 [INFO] AutoFeeding:feeding_cycle:768 - 找到保護區內DR_F: (-95.52, 262.6)
2025-07-24 20:43:44 [INFO] AutoFeeding:set_dr_f_available:720 - DR_F已就緒: (-95.52, 262.6), Flow1可直接讀取座標
2025-07-24 20:43:45 [DEBUG] AutoFeeding:trigger_ccd1_detection:553 - 發送檢測指令前 - 201狀態: 9
2025-07-24 20:43:45 [DEBUG] AutoFeeding:trigger_ccd1_detection:561 - 已發送控制指令16到寄存器200
2025-07-24 20:43:46 [DEBUG] AutoFeeding:trigger_ccd1_detection:580 - CCD1檢測完成標誌確認
2025-07-24 20:43:46 [INFO] AutoFeeding:feeding_cycle:741 - 週期1787 檢測結果: DR_F=14, 總數=28
2025-07-24 20:43:46 [INFO] AutoFeeding:feeding_cycle:768 - 找到保護區內DR_F: (-95.52, 262.61)
2025-07-24 20:43:46 [INFO] AutoFeeding:set_dr_f_available:720 - DR_F已就緒: (-95.52, 262.61), Flow1可直接讀取座標
2025-07-24 20:43:47 [DEBUG] AutoFeeding:trigger_ccd1_detection:553 - 發送檢測指令前 - 201狀態: 9
2025-07-24 20:43:47 [DEBUG] AutoFeeding:trigger_ccd1_detection:561 - 已發送控制指令16到寄存器200
2025-07-24 20:43:48 [DEBUG] AutoFeeding:trigger_ccd1_detection:580 - CCD1檢測完成標誌確認
2025-07-24 20:43:48 [INFO] AutoFeeding:feeding_cycle:741 - 週期1788 檢測結果: DR_F=14, 總數=28
2025-07-24 20:43:48 [INFO] AutoFeeding:feeding_cycle:768 - 找到保護區內DR_F: (-95.52, 262.61)
2025-07-24 20:43:48 [INFO] AutoFeeding:set_dr_f_available:720 - DR_F已就緒: (-95.52, 262.61), Flow1可直接讀取座標
2025-07-24 20:43:49 [DEBUG] AutoFeeding:trigger_ccd1_detection:553 - 發送檢測指令前 - 201狀態: 9
2025-07-24 20:43:49 [DEBUG] AutoFeeding:trigger_ccd1_detection:561 - 已發送控制指令16到寄存器200
2025-07-24 20:43:50 [DEBUG] AutoFeeding:trigger_ccd1_detection:580 - CCD1檢測完成標誌確認
2025-07-24 20:43:50 [INFO] AutoFeeding:feeding_cycle:741 - 週期1789 檢測結果: DR_F=14, 總數=28
2025-07-24 20:43:50 [INFO] AutoFeeding:feeding_cycle:768 - 找到保護區內DR_F: (-95.52, 262.61)
2025-07-24 20:43:50 [INFO] AutoFeeding:set_dr_f_available:720 - DR_F已就緒: (-95.52, 262.61), Flow1可直接讀取座標
2025-07-24 20:43:51 [DEBUG] AutoFeeding:trigger_ccd1_detection:553 - 發送檢測指令前 - 201狀態: 9
2025-07-24 20:43:51 [DEBUG] AutoFeeding:trigger_ccd1_detection:561 - 已發送控制指令16到寄存器200
2025-07-24 20:43:52 [DEBUG] AutoFeeding:trigger_ccd1_detection:580 - CCD1檢測完成標誌確認
2025-07-24 20:43:52 [INFO] AutoFeeding:feeding_cycle:741 - 週期1790 檢測結果: DR_F=14, 總數=28
2025-07-24 20:43:52 [INFO] AutoFeeding:feeding_cycle:768 - 找到保護區內DR_F: (-95.52, 262.61)
2025-07-24 20:43:52 [INFO] AutoFeeding:set_dr_f_available:720 - DR_F已就緒: (-95.52, 262.61), Flow1可直接讀取座標
2025-07-24 20:43:53 [DEBUG] AutoFeeding:trigger_ccd1_detection:553 - 發送檢測指令前 - 201狀態: 9
2025-07-24 20:43:53 [DEBUG] AutoFeeding:trigger_ccd1_detection:561 - 已發送控制指令16到寄存器200
2025-07-24 20:43:54 [DEBUG] AutoFeeding:trigger_ccd1_detection:580 - CCD1檢測完成標誌確認
2025-07-24 20:43:54 [INFO] AutoFeeding:feeding_cycle:741 - 週期1791 檢測結果: DR_F=14, 總數=28
2025-07-24 20:43:54 [INFO] AutoFeeding:feeding_cycle:768 - 找到保護區內DR_F: (-95.52, 262.61)
2025-07-24 20:43:54 [INFO] AutoFeeding:set_dr_f_available:720 - DR_F已就緒: (-95.52, 262.61), Flow1可直接讀取座標
2025-07-24 20:43:55 [DEBUG] AutoFeeding:trigger_ccd1_detection:553 - 發送檢測指令前 - 201狀態: 9
2025-07-24 20:43:55 [DEBUG] AutoFeeding:trigger_ccd1_detection:561 - 已發送控制指令16到寄存器200
2025-07-24 20:43:56 [DEBUG] AutoFeeding:trigger_ccd1_detection:580 - CCD1檢測完成標誌確認
2025-07-24 20:43:56 [INFO] AutoFeeding:feeding_cycle:741 - 週期1792 檢測結果: DR_F=14, 總數=28
2025-07-24 20:43:56 [INFO] AutoFeeding:feeding_cycle:768 - 找到保護區內DR_F: (-95.52, 262.61)
2025-07-24 20:43:56 [INFO] AutoFeeding:set_dr_f_available:720 - DR_F已就緒: (-95.52, 262.61), Flow1可直接讀取座標
2025-07-24 20:43:57 [DEBUG] AutoFeeding:trigger_ccd1_detection:553 - 發送檢測指令前 - 201狀態: 9
2025-07-24 20:43:57 [DEBUG] AutoFeeding:trigger_ccd1_detection:561 - 已發送控制指令16到寄存器200
2025-07-24 20:43:59 [DEBUG] AutoFeeding:trigger_ccd1_detection:580 - CCD1檢測完成標誌確認
2025-07-24 20:43:59 [INFO] AutoFeeding:feeding_cycle:741 - 週期1793 檢測結果: DR_F=14, 總數=28
2025-07-24 20:43:59 [INFO] AutoFeeding:feeding_cycle:768 - 找到保護區內DR_F: (-95.52, 262.61)
2025-07-24 20:43:59 [INFO] AutoFeeding:set_dr_f_available:720 - DR_F已就緒: (-95.52, 262.61), Flow1可直接讀取座標
2025-07-24 20:44:00 [DEBUG] AutoFeeding:trigger_ccd1_detection:553 - 發送檢測指令前 - 201狀態: 9
2025-07-24 20:44:00 [DEBUG] AutoFeeding:trigger_ccd1_detection:561 - 已發送控制指令16到寄存器200
2025-07-24 20:44:01 [DEBUG] AutoFeeding:trigger_ccd1_detection:580 - CCD1檢測完成標誌確認
2025-07-24 20:44:01 [INFO] AutoFeeding:feeding_cycle:741 - 週期1794 檢測結果: DR_F=14, 總數=28
2025-07-24 20:44:01 [INFO] AutoFeeding:feeding_cycle:768 - 找到保護區內DR_F: (-95.52, 262.61)
2025-07-24 20:44:01 [INFO] AutoFeeding:set_dr_f_available:720 - DR_F已就緒: (-95.52, 262.61), Flow1可直接讀取座標
2025-07-24 20:44:02 [DEBUG] AutoFeeding:trigger_ccd1_detection:553 - 發送檢測指令前 - 201狀態: 9
2025-07-24 20:44:02 [DEBUG] AutoFeeding:trigger_ccd1_detection:561 - 已發送控制指令16到寄存器200
2025-07-24 20:44:03 [DEBUG] AutoFeeding:trigger_ccd1_detection:580 - CCD1檢測完成標誌確認
2025-07-24 20:44:03 [INFO] AutoFeeding:feeding_cycle:741 - 週期1795 檢測結果: DR_F=14, 總數=28
2025-07-24 20:44:03 [INFO] AutoFeeding:feeding_cycle:768 - 找到保護區內DR_F: (-95.52, 262.61)
2025-07-24 20:44:03 [INFO] AutoFeeding:set_dr_f_available:720 - DR_F已就緒: (-95.52, 262.61), Flow1可直接讀取座標
2025-07-24 20:44:04 [DEBUG] AutoFeeding:trigger_ccd1_detection:553 - 發送檢測指令前 - 201狀態: 9
2025-07-24 20:44:04 [DEBUG] AutoFeeding:trigger_ccd1_detection:561 - 已發送控制指令16到寄存器200
2025-07-24 20:44:05 [DEBUG] AutoFeeding:trigger_ccd1_detection:580 - CCD1檢測完成標誌確認
2025-07-24 20:44:05 [INFO] AutoFeeding:feeding_cycle:741 - 週期1796 檢測結果: DR_F=14, 總數=28
2025-07-24 20:44:05 [INFO] AutoFeeding:feeding_cycle:768 - 找到保護區內DR_F: (-95.53, 262.61)
2025-07-24 20:44:05 [INFO] AutoFeeding:set_dr_f_available:720 - DR_F已就緒: (-95.53, 262.61), Flow1可直接讀取座標
2025-07-24 20:44:06 [DEBUG] AutoFeeding:trigger_ccd1_detection:553 - 發送檢測指令前 - 201狀態: 9
2025-07-24 20:44:06 [DEBUG] AutoFeeding:trigger_ccd1_detection:561 - 已發送控制指令16到寄存器200
2025-07-24 20:44:07 [DEBUG] AutoFeeding:trigger_ccd1_detection:580 - CCD1檢測完成標誌確認
2025-07-24 20:44:07 [INFO] AutoFeeding:feeding_cycle:741 - 週期1797 檢測結果: DR_F=14, 總數=28
2025-07-24 20:44:07 [INFO] AutoFeeding:feeding_cycle:768 - 找到保護區內DR_F: (-95.52, 262.61)
2025-07-24 20:44:07 [INFO] AutoFeeding:set_dr_f_available:720 - DR_F已就緒: (-95.52, 262.61), Flow1可直接讀取座標
2025-07-24 20:44:08 [DEBUG] AutoFeeding:trigger_ccd1_detection:553 - 發送檢測指令前 - 201狀態: 9
2025-07-24 20:44:08 [DEBUG] AutoFeeding:trigger_ccd1_detection:561 - 已發送控制指令16到寄存器200
2025-07-24 20:44:09 [DEBUG] AutoFeeding:trigger_ccd1_detection:580 - CCD1檢測完成標誌確認
2025-07-24 20:44:09 [INFO] AutoFeeding:feeding_cycle:741 - 週期1798 檢測結果: DR_F=14, 總數=28
2025-07-24 20:44:09 [INFO] AutoFeeding:feeding_cycle:768 - 找到保護區內DR_F: (-95.52, 262.61)
2025-07-24 20:44:09 [INFO] AutoFeeding:set_dr_f_available:720 - DR_F已就緒: (-95.52, 262.61), Flow1可直接讀取座標
2025-07-24 20:44:10 [DEBUG] AutoFeeding:trigger_ccd1_detection:553 - 發送檢測指令前 - 201狀態: 9
2025-07-24 20:44:10 [DEBUG] AutoFeeding:trigger_ccd1_detection:561 - 已發送控制指令16到寄存器200
2025-07-24 20:44:11 [DEBUG] AutoFeeding:trigger_ccd1_detection:580 - CCD1檢測完成標誌確認
2025-07-24 20:44:11 [INFO] AutoFeeding:feeding_cycle:741 - 週期1799 檢測結果: DR_F=14, 總數=28
2025-07-24 20:44:11 [INFO] AutoFeeding:feeding_cycle:768 - 找到保護區內DR_F: (-95.52, 262.61)
2025-07-24 20:44:11 [INFO] AutoFeeding:set_dr_f_available:720 - DR_F已就緒: (-95.52, 262.61), Flow1可直接讀取座標
2025-07-24 20:44:12 [DEBUG] AutoFeeding:trigger_ccd1_detection:553 - 發送檢測指令前 - 201狀態: 9
2025-07-24 20:44:12 [DEBUG] AutoFeeding:trigger_ccd1_detection:561 - 已發送控制指令16到寄存器200
2025-07-24 20:44:13 [DEBUG] AutoFeeding:trigger_ccd1_detection:580 - CCD1檢測完成標誌確認
2025-07-24 20:44:13 [INFO] AutoFeeding:feeding_cycle:741 - 週期1800 檢測結果: DR_F=14, 總數=28
2025-07-24 20:44:13 [INFO] AutoFeeding:feeding_cycle:768 - 找到保護區內DR_F: (-95.52, 262.61)
2025-07-24 20:44:13 [INFO] AutoFeeding:set_dr_f_available:720 - DR_F已就緒: (-95.52, 262.61), Flow1可直接讀取座標
2025-07-24 20:44:14 [DEBUG] AutoFeeding:check_modules_status:480 - CCD1狀態: 9 (Ready=True, Running=False, Alarm=False, Init=True)
2025-07-24 20:44:14 [DEBUG] AutoFeeding:trigger_ccd1_detection:553 - 發送檢測指令前 - 201狀態: 9
2025-07-24 20:44:14 [DEBUG] AutoFeeding:trigger_ccd1_detection:561 - 已發送控制指令16到寄存器200
2025-07-24 20:44:15 [DEBUG] AutoFeeding:trigger_ccd1_detection:580 - CCD1檢測完成標誌確認
2025-07-24 20:44:15 [INFO] AutoFeeding:feeding_cycle:741 - 週期1801 檢測結果: DR_F=14, 總數=28
2025-07-24 20:44:15 [INFO] AutoFeeding:feeding_cycle:768 - 找到保護區內DR_F: (-95.51, 262.61)
2025-07-24 20:44:15 [INFO] AutoFeeding:set_dr_f_available:720 - DR_F已就緒: (-95.51, 262.61), Flow1可直接讀取座標
2025-07-24 20:44:16 [DEBUG] AutoFeeding:check_flow_and_progress_status:432 - Flow監控: 1201=0, 1202=100, 阻擋=False
2025-07-24 20:44:16 [DEBUG] AutoFeeding:trigger_ccd1_detection:553 - 發送檢測指令前 - 201狀態: 9
2025-07-24 20:44:16 [DEBUG] AutoFeeding:trigger_ccd1_detection:561 - 已發送控制指令16到寄存器200
2025-07-24 20:44:17 [DEBUG] AutoFeeding:trigger_ccd1_detection:580 - CCD1檢測完成標誌確認
2025-07-24 20:44:17 [INFO] AutoFeeding:feeding_cycle:741 - 週期1802 檢測結果: DR_F=14, 總數=28
2025-07-24 20:44:17 [INFO] AutoFeeding:feeding_cycle:768 - 找到保護區內DR_F: (-95.51, 262.61)
2025-07-24 20:44:17 [INFO] AutoFeeding:set_dr_f_available:720 - DR_F已就緒: (-95.51, 262.61), Flow1可直接讀取座標
2025-07-24 20:44:18 [DEBUG] AutoFeeding:trigger_ccd1_detection:553 - 發送檢測指令前 - 201狀態: 9
2025-07-24 20:44:18 [DEBUG] AutoFeeding:trigger_ccd1_detection:561 - 已發送控制指令16到寄存器200
2025-07-24 20:44:19 [DEBUG] AutoFeeding:trigger_ccd1_detection:580 - CCD1檢測完成標誌確認
2025-07-24 20:44:19 [INFO] AutoFeeding:feeding_cycle:741 - 週期1803 檢測結果: DR_F=14, 總數=28
2025-07-24 20:44:19 [INFO] AutoFeeding:feeding_cycle:768 - 找到保護區內DR_F: (-95.52, 262.61)
2025-07-24 20:44:19 [INFO] AutoFeeding:set_dr_f_available:720 - DR_F已就緒: (-95.52, 262.61), Flow1可直接讀取座標
2025-07-24 20:44:20 [DEBUG] AutoFeeding:trigger_ccd1_detection:553 - 發送檢測指令前 - 201狀態: 9
2025-07-24 20:44:20 [DEBUG] AutoFeeding:trigger_ccd1_detection:561 - 已發送控制指令16到寄存器200
2025-07-24 20:44:21 [DEBUG] AutoFeeding:trigger_ccd1_detection:580 - CCD1檢測完成標誌確認
2025-07-24 20:44:21 [INFO] AutoFeeding:feeding_cycle:741 - 週期1804 檢測結果: DR_F=14, 總數=28
2025-07-24 20:44:21 [INFO] AutoFeeding:feeding_cycle:768 - 找到保護區內DR_F: (-95.52, 262.61)
2025-07-24 20:44:21 [INFO] AutoFeeding:set_dr_f_available:720 - DR_F已就緒: (-95.52, 262.61), Flow1可直接讀取座標
2025-07-24 20:44:22 [DEBUG] AutoFeeding:trigger_ccd1_detection:553 - 發送檢測指令前 - 201狀態: 9
2025-07-24 20:44:22 [DEBUG] AutoFeeding:trigger_ccd1_detection:561 - 已發送控制指令16到寄存器200
2025-07-24 20:44:23 [DEBUG] AutoFeeding:trigger_ccd1_detection:580 - CCD1檢測完成標誌確認
2025-07-24 20:44:23 [INFO] AutoFeeding:feeding_cycle:741 - 週期1805 檢測結果: DR_F=14, 總數=28
2025-07-24 20:44:23 [INFO] AutoFeeding:feeding_cycle:768 - 找到保護區內DR_F: (-95.51, 262.61)
2025-07-24 20:44:23 [INFO] AutoFeeding:set_dr_f_available:720 - DR_F已就緒: (-95.51, 262.61), Flow1可直接讀取座標
2025-07-24 20:44:24 [DEBUG] AutoFeeding:trigger_ccd1_detection:553 - 發送檢測指令前 - 201狀態: 9
2025-07-24 20:44:24 [DEBUG] AutoFeeding:trigger_ccd1_detection:561 - 已發送控制指令16到寄存器200
2025-07-24 20:44:25 [DEBUG] AutoFeeding:trigger_ccd1_detection:580 - CCD1檢測完成標誌確認
2025-07-24 20:44:25 [INFO] AutoFeeding:feeding_cycle:741 - 週期1806 檢測結果: DR_F=14, 總數=28
2025-07-24 20:44:25 [INFO] AutoFeeding:feeding_cycle:768 - 找到保護區內DR_F: (-95.52, 262.61)
2025-07-24 20:44:25 [INFO] AutoFeeding:set_dr_f_available:720 - DR_F已就緒: (-95.52, 262.61), Flow1可直接讀取座標
2025-07-24 20:44:26 [DEBUG] AutoFeeding:trigger_ccd1_detection:553 - 發送檢測指令前 - 201狀態: 9
2025-07-24 20:44:26 [DEBUG] AutoFeeding:trigger_ccd1_detection:561 - 已發送控制指令16到寄存器200
2025-07-24 20:44:27 [DEBUG] AutoFeeding:trigger_ccd1_detection:580 - CCD1檢測完成標誌確認
2025-07-24 20:44:27 [INFO] AutoFeeding:feeding_cycle:741 - 週期1807 檢測結果: DR_F=14, 總數=28
2025-07-24 20:44:27 [INFO] AutoFeeding:feeding_cycle:768 - 找到保護區內DR_F: (-95.52, 262.61)
2025-07-24 20:44:27 [INFO] AutoFeeding:set_dr_f_available:720 - DR_F已就緒: (-95.52, 262.61), Flow1可直接讀取座標
2025-07-24 20:44:28 [DEBUG] AutoFeeding:trigger_ccd1_detection:553 - 發送檢測指令前 - 201狀態: 9
2025-07-24 20:44:28 [DEBUG] AutoFeeding:trigger_ccd1_detection:561 - 已發送控制指令16到寄存器200
2025-07-24 20:44:29 [DEBUG] AutoFeeding:trigger_ccd1_detection:580 - CCD1檢測完成標誌確認
2025-07-24 20:44:29 [INFO] AutoFeeding:feeding_cycle:741 - 週期1808 檢測結果: DR_F=14, 總數=28
2025-07-24 20:44:29 [INFO] AutoFeeding:feeding_cycle:768 - 找到保護區內DR_F: (-95.52, 262.61)
2025-07-24 20:44:29 [INFO] AutoFeeding:set_dr_f_available:720 - DR_F已就緒: (-95.52, 262.61), Flow1可直接讀取座標
2025-07-24 20:44:30 [DEBUG] AutoFeeding:trigger_ccd1_detection:553 - 發送檢測指令前 - 201狀態: 9
2025-07-24 20:44:30 [DEBUG] AutoFeeding:trigger_ccd1_detection:561 - 已發送控制指令16到寄存器200
2025-07-24 20:44:31 [DEBUG] AutoFeeding:trigger_ccd1_detection:580 - CCD1檢測完成標誌確認
2025-07-24 20:44:31 [INFO] AutoFeeding:feeding_cycle:741 - 週期1809 檢測結果: DR_F=14, 總數=28
2025-07-24 20:44:31 [INFO] AutoFeeding:feeding_cycle:768 - 找到保護區內DR_F: (-95.52, 262.61)
2025-07-24 20:44:31 [INFO] AutoFeeding:set_dr_f_available:720 - DR_F已就緒: (-95.52, 262.61), Flow1可直接讀取座標
2025-07-24 20:44:32 [DEBUG] AutoFeeding:trigger_ccd1_detection:553 - 發送檢測指令前 - 201狀態: 9
2025-07-24 20:44:32 [DEBUG] AutoFeeding:trigger_ccd1_detection:561 - 已發送控制指令16到寄存器200
2025-07-24 20:44:33 [DEBUG] AutoFeeding:trigger_ccd1_detection:580 - CCD1檢測完成標誌確認
2025-07-24 20:44:33 [INFO] AutoFeeding:feeding_cycle:741 - 週期1810 檢測結果: DR_F=14, 總數=28
2025-07-24 20:44:33 [INFO] AutoFeeding:feeding_cycle:768 - 找到保護區內DR_F: (-95.52, 262.61)
2025-07-24 20:44:33 [INFO] AutoFeeding:set_dr_f_available:720 - DR_F已就緒: (-95.52, 262.61), Flow1可直接讀取座標
2025-07-24 20:44:34 [DEBUG] AutoFeeding:trigger_ccd1_detection:553 - 發送檢測指令前 - 201狀態: 9
2025-07-24 20:44:34 [DEBUG] AutoFeeding:trigger_ccd1_detection:561 - 已發送控制指令16到寄存器200
2025-07-24 20:44:35 [DEBUG] AutoFeeding:trigger_ccd1_detection:580 - CCD1檢測完成標誌確認
2025-07-24 20:44:35 [INFO] AutoFeeding:feeding_cycle:741 - 週期1811 檢測結果: DR_F=14, 總數=28
2025-07-24 20:44:35 [INFO] AutoFeeding:feeding_cycle:768 - 找到保護區內DR_F: (-95.52, 262.61)
2025-07-24 20:44:35 [INFO] AutoFeeding:set_dr_f_available:720 - DR_F已就緒: (-95.52, 262.61), Flow1可直接讀取座標
2025-07-24 20:44:36 [DEBUG] AutoFeeding:trigger_ccd1_detection:553 - 發送檢測指令前 - 201狀態: 9
2025-07-24 20:44:36 [DEBUG] AutoFeeding:trigger_ccd1_detection:561 - 已發送控制指令16到寄存器200
2025-07-24 20:44:37 [DEBUG] AutoFeeding:trigger_ccd1_detection:580 - CCD1檢測完成標誌確認
2025-07-24 20:44:37 [INFO] AutoFeeding:feeding_cycle:741 - 週期1812 檢測結果: DR_F=14, 總數=28
2025-07-24 20:44:37 [INFO] AutoFeeding:feeding_cycle:768 - 找到保護區內DR_F: (-95.52, 262.61)
2025-07-24 20:44:37 [INFO] AutoFeeding:set_dr_f_available:720 - DR_F已就緒: (-95.52, 262.61), Flow1可直接讀取座標
2025-07-24 20:44:38 [DEBUG] AutoFeeding:trigger_ccd1_detection:553 - 發送檢測指令前 - 201狀態: 9
2025-07-24 20:44:38 [DEBUG] AutoFeeding:trigger_ccd1_detection:561 - 已發送控制指令16到寄存器200
2025-07-24 20:44:39 [DEBUG] AutoFeeding:trigger_ccd1_detection:580 - CCD1檢測完成標誌確認
2025-07-24 20:44:39 [INFO] AutoFeeding:feeding_cycle:741 - 週期1813 檢測結果: DR_F=14, 總數=28
2025-07-24 20:44:39 [INFO] AutoFeeding:feeding_cycle:768 - 找到保護區內DR_F: (-95.52, 262.61)
2025-07-24 20:44:39 [INFO] AutoFeeding:set_dr_f_available:720 - DR_F已就緒: (-95.52, 262.61), Flow1可直接讀取座標
2025-07-24 20:44:40 [DEBUG] AutoFeeding:trigger_ccd1_detection:553 - 發送檢測指令前 - 201狀態: 9
2025-07-24 20:44:40 [DEBUG] AutoFeeding:trigger_ccd1_detection:561 - 已發送控制指令16到寄存器200
2025-07-24 20:44:41 [DEBUG] AutoFeeding:trigger_ccd1_detection:580 - CCD1檢測完成標誌確認
2025-07-24 20:44:41 [INFO] AutoFeeding:feeding_cycle:741 - 週期1814 檢測結果: DR_F=14, 總數=28
2025-07-24 20:44:41 [INFO] AutoFeeding:feeding_cycle:768 - 找到保護區內DR_F: (-95.52, 262.61)
2025-07-24 20:44:41 [INFO] AutoFeeding:set_dr_f_available:720 - DR_F已就緒: (-95.52, 262.61), Flow1可直接讀取座標
2025-07-24 20:44:42 [DEBUG] AutoFeeding:trigger_ccd1_detection:553 - 發送檢測指令前 - 201狀態: 9
2025-07-24 20:44:42 [DEBUG] AutoFeeding:trigger_ccd1_detection:561 - 已發送控制指令16到寄存器200
2025-07-24 20:44:43 [DEBUG] AutoFeeding:trigger_ccd1_detection:580 - CCD1檢測完成標誌確認
2025-07-24 20:44:44 [INFO] AutoFeeding:feeding_cycle:741 - 週期1815 檢測結果: DR_F=14, 總數=28
2025-07-24 20:44:44 [INFO] AutoFeeding:feeding_cycle:768 - 找到保護區內DR_F: (-95.52, 262.61)
2025-07-24 20:44:44 [INFO] AutoFeeding:set_dr_f_available:720 - DR_F已就緒: (-95.52, 262.61), Flow1可直接讀取座標
2025-07-24 20:44:45 [DEBUG] AutoFeeding:trigger_ccd1_detection:553 - 發送檢測指令前 - 201狀態: 9
2025-07-24 20:44:45 [DEBUG] AutoFeeding:trigger_ccd1_detection:561 - 已發送控制指令16到寄存器200
2025-07-24 20:44:46 [DEBUG] AutoFeeding:trigger_ccd1_detection:580 - CCD1檢測完成標誌確認
2025-07-24 20:44:46 [INFO] AutoFeeding:feeding_cycle:741 - 週期1816 檢測結果: DR_F=14, 總數=28
2025-07-24 20:44:46 [INFO] AutoFeeding:feeding_cycle:768 - 找到保護區內DR_F: (-95.52, 262.61)
2025-07-24 20:44:46 [INFO] AutoFeeding:set_dr_f_available:720 - DR_F已就緒: (-95.52, 262.61), Flow1可直接讀取座標
2025-07-24 20:44:47 [DEBUG] AutoFeeding:trigger_ccd1_detection:553 - 發送檢測指令前 - 201狀態: 9
2025-07-24 20:44:47 [DEBUG] AutoFeeding:trigger_ccd1_detection:561 - 已發送控制指令16到寄存器200
2025-07-24 20:44:48 [DEBUG] AutoFeeding:trigger_ccd1_detection:580 - CCD1檢測完成標誌確認
2025-07-24 20:44:48 [INFO] AutoFeeding:feeding_cycle:741 - 週期1817 檢測結果: DR_F=14, 總數=28
2025-07-24 20:44:48 [INFO] AutoFeeding:feeding_cycle:768 - 找到保護區內DR_F: (-95.52, 262.61)
2025-07-24 20:44:48 [INFO] AutoFeeding:set_dr_f_available:720 - DR_F已就緒: (-95.52, 262.61), Flow1可直接讀取座標
2025-07-24 20:44:49 [DEBUG] AutoFeeding:trigger_ccd1_detection:553 - 發送檢測指令前 - 201狀態: 9
2025-07-24 20:44:49 [DEBUG] AutoFeeding:trigger_ccd1_detection:561 - 已發送控制指令16到寄存器200
2025-07-24 20:44:50 [DEBUG] AutoFeeding:trigger_ccd1_detection:580 - CCD1檢測完成標誌確認
2025-07-24 20:44:50 [INFO] AutoFeeding:feeding_cycle:741 - 週期1818 檢測結果: DR_F=14, 總數=28
2025-07-24 20:44:50 [INFO] AutoFeeding:feeding_cycle:768 - 找到保護區內DR_F: (-95.52, 262.61)
2025-07-24 20:44:50 [INFO] AutoFeeding:set_dr_f_available:720 - DR_F已就緒: (-95.52, 262.61), Flow1可直接讀取座標
2025-07-24 20:44:51 [DEBUG] AutoFeeding:trigger_ccd1_detection:553 - 發送檢測指令前 - 201狀態: 9
2025-07-24 20:44:51 [DEBUG] AutoFeeding:trigger_ccd1_detection:561 - 已發送控制指令16到寄存器200
2025-07-24 20:44:52 [DEBUG] AutoFeeding:trigger_ccd1_detection:580 - CCD1檢測完成標誌確認
2025-07-24 20:44:52 [INFO] AutoFeeding:feeding_cycle:741 - 週期1819 檢測結果: DR_F=14, 總數=28
2025-07-24 20:44:52 [INFO] AutoFeeding:feeding_cycle:768 - 找到保護區內DR_F: (-95.52, 262.61)
2025-07-24 20:44:52 [INFO] AutoFeeding:set_dr_f_available:720 - DR_F已就緒: (-95.52, 262.61), Flow1可直接讀取座標
2025-07-24 20:44:53 [DEBUG] AutoFeeding:trigger_ccd1_detection:553 - 發送檢測指令前 - 201狀態: 9
2025-07-24 20:44:53 [DEBUG] AutoFeeding:trigger_ccd1_detection:561 - 已發送控制指令16到寄存器200
2025-07-24 20:44:54 [DEBUG] AutoFeeding:trigger_ccd1_detection:580 - CCD1檢測完成標誌確認
2025-07-24 20:44:54 [INFO] AutoFeeding:feeding_cycle:741 - 週期1820 檢測結果: DR_F=14, 總數=28
2025-07-24 20:44:54 [INFO] AutoFeeding:feeding_cycle:768 - 找到保護區內DR_F: (-95.52, 262.61)
2025-07-24 20:44:54 [INFO] AutoFeeding:set_dr_f_available:720 - DR_F已就緒: (-95.52, 262.61), Flow1可直接讀取座標
2025-07-24 20:44:55 [DEBUG] AutoFeeding:trigger_ccd1_detection:553 - 發送檢測指令前 - 201狀態: 9
2025-07-24 20:44:55 [DEBUG] AutoFeeding:trigger_ccd1_detection:561 - 已發送控制指令16到寄存器200
2025-07-24 20:44:56 [DEBUG] AutoFeeding:trigger_ccd1_detection:580 - CCD1檢測完成標誌確認
2025-07-24 20:44:56 [INFO] AutoFeeding:feeding_cycle:741 - 週期1821 檢測結果: DR_F=14, 總數=28
2025-07-24 20:44:56 [INFO] AutoFeeding:feeding_cycle:768 - 找到保護區內DR_F: (-95.51, 262.6)
2025-07-24 20:44:56 [INFO] AutoFeeding:set_dr_f_available:720 - DR_F已就緒: (-95.51, 262.6), Flow1可直接讀取座標
2025-07-24 20:44:57 [DEBUG] AutoFeeding:trigger_ccd1_detection:553 - 發送檢測指令前 - 201狀態: 9
2025-07-24 20:44:57 [DEBUG] AutoFeeding:trigger_ccd1_detection:561 - 已發送控制指令16到寄存器200
2025-07-24 20:44:58 [DEBUG] AutoFeeding:trigger_ccd1_detection:580 - CCD1檢測完成標誌確認
2025-07-24 20:44:58 [INFO] AutoFeeding:feeding_cycle:741 - 週期1822 檢測結果: DR_F=14, 總數=28
2025-07-24 20:44:58 [INFO] AutoFeeding:feeding_cycle:768 - 找到保護區內DR_F: (-95.52, 262.61)
2025-07-24 20:44:58 [INFO] AutoFeeding:set_dr_f_available:720 - DR_F已就緒: (-95.52, 262.61), Flow1可直接讀取座標
2025-07-24 20:44:59 [DEBUG] AutoFeeding:trigger_ccd1_detection:553 - 發送檢測指令前 - 201狀態: 9
2025-07-24 20:44:59 [DEBUG] AutoFeeding:trigger_ccd1_detection:561 - 已發送控制指令16到寄存器200
2025-07-24 20:45:00 [DEBUG] AutoFeeding:trigger_ccd1_detection:580 - CCD1檢測完成標誌確認
2025-07-24 20:45:00 [INFO] AutoFeeding:feeding_cycle:741 - 週期1823 檢測結果: DR_F=14, 總數=28
2025-07-24 20:45:00 [INFO] AutoFeeding:feeding_cycle:768 - 找到保護區內DR_F: (-95.51, 262.61)
2025-07-24 20:45:00 [INFO] AutoFeeding:set_dr_f_available:720 - DR_F已就緒: (-95.51, 262.61), Flow1可直接讀取座標
2025-07-24 20:45:01 [DEBUG] AutoFeeding:trigger_ccd1_detection:553 - 發送檢測指令前 - 201狀態: 9
2025-07-24 20:45:01 [DEBUG] AutoFeeding:trigger_ccd1_detection:561 - 已發送控制指令16到寄存器200
2025-07-24 20:45:02 [DEBUG] AutoFeeding:trigger_ccd1_detection:580 - CCD1檢測完成標誌確認
2025-07-24 20:45:02 [INFO] AutoFeeding:feeding_cycle:741 - 週期1824 檢測結果: DR_F=14, 總數=28
2025-07-24 20:45:02 [INFO] AutoFeeding:feeding_cycle:768 - 找到保護區內DR_F: (-95.52, 262.61)
2025-07-24 20:45:02 [INFO] AutoFeeding:set_dr_f_available:720 - DR_F已就緒: (-95.52, 262.61), Flow1可直接讀取座標
2025-07-24 20:45:03 [DEBUG] AutoFeeding:trigger_ccd1_detection:553 - 發送檢測指令前 - 201狀態: 9
2025-07-24 20:45:03 [DEBUG] AutoFeeding:trigger_ccd1_detection:561 - 已發送控制指令16到寄存器200
2025-07-24 20:45:04 [DEBUG] AutoFeeding:trigger_ccd1_detection:580 - CCD1檢測完成標誌確認
2025-07-24 20:45:04 [INFO] AutoFeeding:feeding_cycle:741 - 週期1825 檢測結果: DR_F=14, 總數=28
2025-07-24 20:45:04 [INFO] AutoFeeding:feeding_cycle:768 - 找到保護區內DR_F: (-95.53, 262.6)
2025-07-24 20:45:04 [INFO] AutoFeeding:set_dr_f_available:720 - DR_F已就緒: (-95.53, 262.6), Flow1可直接讀取座標
2025-07-24 20:45:05 [DEBUG] AutoFeeding:trigger_ccd1_detection:553 - 發送檢測指令前 - 201狀態: 9
2025-07-24 20:45:05 [DEBUG] AutoFeeding:trigger_ccd1_detection:561 - 已發送控制指令16到寄存器200
2025-07-24 20:45:06 [DEBUG] AutoFeeding:trigger_ccd1_detection:580 - CCD1檢測完成標誌確認
2025-07-24 20:45:06 [INFO] AutoFeeding:feeding_cycle:741 - 週期1826 檢測結果: DR_F=14, 總數=28
2025-07-24 20:45:06 [INFO] AutoFeeding:feeding_cycle:768 - 找到保護區內DR_F: (-95.52, 262.61)
2025-07-24 20:45:06 [INFO] AutoFeeding:set_dr_f_available:720 - DR_F已就緒: (-95.52, 262.61), Flow1可直接讀取座標
2025-07-24 20:45:07 [DEBUG] AutoFeeding:trigger_ccd1_detection:553 - 發送檢測指令前 - 201狀態: 9
2025-07-24 20:45:07 [DEBUG] AutoFeeding:trigger_ccd1_detection:561 - 已發送控制指令16到寄存器200
2025-07-24 20:45:08 [DEBUG] AutoFeeding:trigger_ccd1_detection:580 - CCD1檢測完成標誌確認
2025-07-24 20:45:08 [INFO] AutoFeeding:feeding_cycle:741 - 週期1827 檢測結果: DR_F=14, 總數=28
2025-07-24 20:45:08 [INFO] AutoFeeding:feeding_cycle:768 - 找到保護區內DR_F: (-95.52, 262.61)
2025-07-24 20:45:08 [INFO] AutoFeeding:set_dr_f_available:720 - DR_F已就緒: (-95.52, 262.61), Flow1可直接讀取座標
2025-07-24 20:45:09 [DEBUG] AutoFeeding:trigger_ccd1_detection:553 - 發送檢測指令前 - 201狀態: 9
2025-07-24 20:45:09 [DEBUG] AutoFeeding:trigger_ccd1_detection:561 - 已發送控制指令16到寄存器200
2025-07-24 20:45:10 [DEBUG] AutoFeeding:trigger_ccd1_detection:580 - CCD1檢測完成標誌確認
2025-07-24 20:45:10 [INFO] AutoFeeding:feeding_cycle:741 - 週期1828 檢測結果: DR_F=14, 總數=28
2025-07-24 20:45:10 [INFO] AutoFeeding:feeding_cycle:768 - 找到保護區內DR_F: (-95.53, 262.61)
2025-07-24 20:45:10 [INFO] AutoFeeding:set_dr_f_available:720 - DR_F已就緒: (-95.53, 262.61), Flow1可直接讀取座標
2025-07-24 20:45:11 [DEBUG] AutoFeeding:trigger_ccd1_detection:553 - 發送檢測指令前 - 201狀態: 9
2025-07-24 20:45:11 [DEBUG] AutoFeeding:trigger_ccd1_detection:561 - 已發送控制指令16到寄存器200
2025-07-24 20:45:12 [DEBUG] AutoFeeding:trigger_ccd1_detection:580 - CCD1檢測完成標誌確認
2025-07-24 20:45:12 [INFO] AutoFeeding:feeding_cycle:741 - 週期1829 檢測結果: DR_F=14, 總數=28
2025-07-24 20:45:12 [INFO] AutoFeeding:feeding_cycle:768 - 找到保護區內DR_F: (-95.52, 262.61)
2025-07-24 20:45:12 [INFO] AutoFeeding:set_dr_f_available:720 - DR_F已就緒: (-95.52, 262.61), Flow1可直接讀取座標
2025-07-24 20:45:13 [DEBUG] AutoFeeding:trigger_ccd1_detection:553 - 發送檢測指令前 - 201狀態: 9
2025-07-24 20:45:13 [DEBUG] AutoFeeding:trigger_ccd1_detection:561 - 已發送控制指令16到寄存器200
2025-07-24 20:45:14 [DEBUG] AutoFeeding:trigger_ccd1_detection:580 - CCD1檢測完成標誌確認
2025-07-24 20:45:14 [INFO] AutoFeeding:feeding_cycle:741 - 週期1830 檢測結果: DR_F=14, 總數=28
2025-07-24 20:45:14 [INFO] AutoFeeding:feeding_cycle:768 - 找到保護區內DR_F: (-95.52, 262.61)
2025-07-24 20:45:14 [INFO] AutoFeeding:set_dr_f_available:720 - DR_F已就緒: (-95.52, 262.61), Flow1可直接讀取座標
2025-07-24 20:45:15 [DEBUG] AutoFeeding:trigger_ccd1_detection:553 - 發送檢測指令前 - 201狀態: 9
2025-07-24 20:45:15 [DEBUG] AutoFeeding:trigger_ccd1_detection:561 - 已發送控制指令16到寄存器200
2025-07-24 20:45:16 [DEBUG] AutoFeeding:trigger_ccd1_detection:580 - CCD1檢測完成標誌確認
2025-07-24 20:45:16 [INFO] AutoFeeding:feeding_cycle:741 - 週期1831 檢測結果: DR_F=14, 總數=28
2025-07-24 20:45:16 [INFO] AutoFeeding:feeding_cycle:768 - 找到保護區內DR_F: (-95.52, 262.61)
2025-07-24 20:45:16 [INFO] AutoFeeding:set_dr_f_available:720 - DR_F已就緒: (-95.52, 262.61), Flow1可直接讀取座標
2025-07-24 20:45:17 [DEBUG] AutoFeeding:trigger_ccd1_detection:553 - 發送檢測指令前 - 201狀態: 9
2025-07-24 20:45:17 [DEBUG] AutoFeeding:trigger_ccd1_detection:561 - 已發送控制指令16到寄存器200
2025-07-24 20:45:18 [DEBUG] AutoFeeding:trigger_ccd1_detection:580 - CCD1檢測完成標誌確認
2025-07-24 20:45:18 [INFO] AutoFeeding:feeding_cycle:741 - 週期1832 檢測結果: DR_F=14, 總數=28
2025-07-24 20:45:18 [INFO] AutoFeeding:feeding_cycle:768 - 找到保護區內DR_F: (-95.51, 262.61)
2025-07-24 20:45:18 [INFO] AutoFeeding:set_dr_f_available:720 - DR_F已就緒: (-95.51, 262.61), Flow1可直接讀取座標
2025-07-24 20:45:19 [DEBUG] AutoFeeding:trigger_ccd1_detection:553 - 發送檢測指令前 - 201狀態: 9
2025-07-24 20:45:19 [DEBUG] AutoFeeding:trigger_ccd1_detection:561 - 已發送控制指令16到寄存器200
2025-07-24 20:45:20 [DEBUG] AutoFeeding:trigger_ccd1_detection:580 - CCD1檢測完成標誌確認
2025-07-24 20:45:20 [INFO] AutoFeeding:feeding_cycle:741 - 週期1833 檢測結果: DR_F=14, 總數=28
2025-07-24 20:45:20 [INFO] AutoFeeding:feeding_cycle:768 - 找到保護區內DR_F: (-95.52, 262.61)
2025-07-24 20:45:20 [INFO] AutoFeeding:set_dr_f_available:720 - DR_F已就緒: (-95.52, 262.61), Flow1可直接讀取座標
2025-07-24 20:45:21 [DEBUG] AutoFeeding:trigger_ccd1_detection:553 - 發送檢測指令前 - 201狀態: 9
2025-07-24 20:45:21 [DEBUG] AutoFeeding:trigger_ccd1_detection:561 - 已發送控制指令16到寄存器200
2025-07-24 20:45:22 [DEBUG] AutoFeeding:trigger_ccd1_detection:580 - CCD1檢測完成標誌確認
2025-07-24 20:45:22 [INFO] AutoFeeding:feeding_cycle:741 - 週期1834 檢測結果: DR_F=14, 總數=28
2025-07-24 20:45:22 [INFO] AutoFeeding:feeding_cycle:768 - 找到保護區內DR_F: (-95.52, 262.61)
2025-07-24 20:45:22 [INFO] AutoFeeding:set_dr_f_available:720 - DR_F已就緒: (-95.52, 262.61), Flow1可直接讀取座標
2025-07-24 20:45:23 [DEBUG] AutoFeeding:trigger_ccd1_detection:553 - 發送檢測指令前 - 201狀態: 9
2025-07-24 20:45:23 [DEBUG] AutoFeeding:trigger_ccd1_detection:561 - 已發送控制指令16到寄存器200
2025-07-24 20:45:24 [DEBUG] AutoFeeding:trigger_ccd1_detection:580 - CCD1檢測完成標誌確認
2025-07-24 20:45:24 [INFO] AutoFeeding:feeding_cycle:741 - 週期1835 檢測結果: DR_F=14, 總數=28
2025-07-24 20:45:24 [INFO] AutoFeeding:feeding_cycle:768 - 找到保護區內DR_F: (-95.51, 262.61)
2025-07-24 20:45:24 [INFO] AutoFeeding:set_dr_f_available:720 - DR_F已就緒: (-95.51, 262.61), Flow1可直接讀取座標
2025-07-24 20:45:25 [DEBUG] AutoFeeding:trigger_ccd1_detection:553 - 發送檢測指令前 - 201狀態: 9
2025-07-24 20:45:25 [DEBUG] AutoFeeding:trigger_ccd1_detection:561 - 已發送控制指令16到寄存器200
2025-07-24 20:45:26 [DEBUG] AutoFeeding:trigger_ccd1_detection:580 - CCD1檢測完成標誌確認
2025-07-24 20:45:26 [INFO] AutoFeeding:feeding_cycle:741 - 週期1836 檢測結果: DR_F=14, 總數=28
2025-07-24 20:45:26 [INFO] AutoFeeding:feeding_cycle:768 - 找到保護區內DR_F: (-95.52, 262.61)
2025-07-24 20:45:26 [INFO] AutoFeeding:set_dr_f_available:720 - DR_F已就緒: (-95.52, 262.61), Flow1可直接讀取座標
2025-07-24 20:45:27 [DEBUG] AutoFeeding:trigger_ccd1_detection:553 - 發送檢測指令前 - 201狀態: 9
2025-07-24 20:45:27 [DEBUG] AutoFeeding:trigger_ccd1_detection:561 - 已發送控制指令16到寄存器200
2025-07-24 20:45:28 [DEBUG] AutoFeeding:trigger_ccd1_detection:580 - CCD1檢測完成標誌確認
2025-07-24 20:45:28 [INFO] AutoFeeding:feeding_cycle:741 - 週期1837 檢測結果: DR_F=14, 總數=28
2025-07-24 20:45:28 [INFO] AutoFeeding:feeding_cycle:768 - 找到保護區內DR_F: (-95.51, 262.61)
2025-07-24 20:45:28 [INFO] AutoFeeding:set_dr_f_available:720 - DR_F已就緒: (-95.51, 262.61), Flow1可直接讀取座標
2025-07-24 20:45:29 [DEBUG] AutoFeeding:trigger_ccd1_detection:553 - 發送檢測指令前 - 201狀態: 9
2025-07-24 20:45:29 [DEBUG] AutoFeeding:trigger_ccd1_detection:561 - 已發送控制指令16到寄存器200
2025-07-24 20:45:30 [DEBUG] AutoFeeding:trigger_ccd1_detection:580 - CCD1檢測完成標誌確認
2025-07-24 20:45:30 [INFO] AutoFeeding:feeding_cycle:741 - 週期1838 檢測結果: DR_F=14, 總數=28
2025-07-24 20:45:30 [INFO] AutoFeeding:feeding_cycle:768 - 找到保護區內DR_F: (-95.52, 262.61)
2025-07-24 20:45:30 [INFO] AutoFeeding:set_dr_f_available:720 - DR_F已就緒: (-95.52, 262.61), Flow1可直接讀取座標
2025-07-24 20:45:31 [DEBUG] AutoFeeding:trigger_ccd1_detection:553 - 發送檢測指令前 - 201狀態: 9
2025-07-24 20:45:31 [DEBUG] AutoFeeding:trigger_ccd1_detection:561 - 已發送控制指令16到寄存器200
2025-07-24 20:45:33 [DEBUG] AutoFeeding:trigger_ccd1_detection:580 - CCD1檢測完成標誌確認
2025-07-24 20:45:33 [INFO] AutoFeeding:feeding_cycle:741 - 週期1839 檢測結果: DR_F=14, 總數=28
2025-07-24 20:45:33 [INFO] AutoFeeding:feeding_cycle:768 - 找到保護區內DR_F: (-95.52, 262.61)
2025-07-24 20:45:33 [INFO] AutoFeeding:set_dr_f_available:720 - DR_F已就緒: (-95.52, 262.61), Flow1可直接讀取座標
2025-07-24 20:45:34 [DEBUG] AutoFeeding:trigger_ccd1_detection:553 - 發送檢測指令前 - 201狀態: 9
2025-07-24 20:45:34 [DEBUG] AutoFeeding:trigger_ccd1_detection:561 - 已發送控制指令16到寄存器200
2025-07-24 20:45:35 [DEBUG] AutoFeeding:trigger_ccd1_detection:580 - CCD1檢測完成標誌確認
2025-07-24 20:45:35 [INFO] AutoFeeding:feeding_cycle:741 - 週期1840 檢測結果: DR_F=14, 總數=28
2025-07-24 20:45:35 [INFO] AutoFeeding:feeding_cycle:768 - 找到保護區內DR_F: (-95.52, 262.61)
2025-07-24 20:45:35 [INFO] AutoFeeding:set_dr_f_available:720 - DR_F已就緒: (-95.52, 262.61), Flow1可直接讀取座標
2025-07-24 20:45:36 [DEBUG] AutoFeeding:trigger_ccd1_detection:553 - 發送檢測指令前 - 201狀態: 9
2025-07-24 20:45:36 [DEBUG] AutoFeeding:trigger_ccd1_detection:561 - 已發送控制指令16到寄存器200
2025-07-24 20:45:37 [DEBUG] AutoFeeding:trigger_ccd1_detection:580 - CCD1檢測完成標誌確認
2025-07-24 20:45:37 [INFO] AutoFeeding:feeding_cycle:741 - 週期1841 檢測結果: DR_F=14, 總數=28
2025-07-24 20:45:37 [INFO] AutoFeeding:feeding_cycle:768 - 找到保護區內DR_F: (-95.52, 262.61)
2025-07-24 20:45:37 [INFO] AutoFeeding:set_dr_f_available:720 - DR_F已就緒: (-95.52, 262.61), Flow1可直接讀取座標
2025-07-24 20:45:38 [DEBUG] AutoFeeding:trigger_ccd1_detection:553 - 發送檢測指令前 - 201狀態: 9
2025-07-24 20:45:38 [DEBUG] AutoFeeding:trigger_ccd1_detection:561 - 已發送控制指令16到寄存器200
2025-07-24 20:45:39 [DEBUG] AutoFeeding:trigger_ccd1_detection:580 - CCD1檢測完成標誌確認
2025-07-24 20:45:39 [INFO] AutoFeeding:feeding_cycle:741 - 週期1842 檢測結果: DR_F=14, 總數=28
2025-07-24 20:45:39 [INFO] AutoFeeding:feeding_cycle:768 - 找到保護區內DR_F: (-95.51, 262.61)
2025-07-24 20:45:39 [INFO] AutoFeeding:set_dr_f_available:720 - DR_F已就緒: (-95.51, 262.61), Flow1可直接讀取座標
2025-07-24 20:45:40 [DEBUG] AutoFeeding:trigger_ccd1_detection:553 - 發送檢測指令前 - 201狀態: 9
2025-07-24 20:45:40 [DEBUG] AutoFeeding:trigger_ccd1_detection:561 - 已發送控制指令16到寄存器200
2025-07-24 20:45:41 [DEBUG] AutoFeeding:trigger_ccd1_detection:580 - CCD1檢測完成標誌確認
2025-07-24 20:45:41 [INFO] AutoFeeding:feeding_cycle:741 - 週期1843 檢測結果: DR_F=14, 總數=28
2025-07-24 20:45:41 [INFO] AutoFeeding:feeding_cycle:768 - 找到保護區內DR_F: (-95.51, 262.61)
2025-07-24 20:45:41 [INFO] AutoFeeding:set_dr_f_available:720 - DR_F已就緒: (-95.51, 262.61), Flow1可直接讀取座標
2025-07-24 20:45:42 [DEBUG] AutoFeeding:trigger_ccd1_detection:553 - 發送檢測指令前 - 201狀態: 9
2025-07-24 20:45:42 [DEBUG] AutoFeeding:trigger_ccd1_detection:561 - 已發送控制指令16到寄存器200
2025-07-24 20:45:43 [DEBUG] AutoFeeding:trigger_ccd1_detection:580 - CCD1檢測完成標誌確認
2025-07-24 20:45:43 [INFO] AutoFeeding:feeding_cycle:741 - 週期1844 檢測結果: DR_F=14, 總數=28
2025-07-24 20:45:43 [INFO] AutoFeeding:feeding_cycle:768 - 找到保護區內DR_F: (-95.52, 262.61)
2025-07-24 20:45:43 [INFO] AutoFeeding:set_dr_f_available:720 - DR_F已就緒: (-95.52, 262.61), Flow1可直接讀取座標
2025-07-24 20:45:44 [DEBUG] AutoFeeding:trigger_ccd1_detection:553 - 發送檢測指令前 - 201狀態: 9
2025-07-24 20:45:44 [DEBUG] AutoFeeding:trigger_ccd1_detection:561 - 已發送控制指令16到寄存器200
2025-07-24 20:45:45 [DEBUG] AutoFeeding:trigger_ccd1_detection:580 - CCD1檢測完成標誌確認
2025-07-24 20:45:45 [INFO] AutoFeeding:feeding_cycle:741 - 週期1845 檢測結果: DR_F=14, 總數=28
2025-07-24 20:45:45 [INFO] AutoFeeding:feeding_cycle:768 - 找到保護區內DR_F: (-95.52, 262.61)
2025-07-24 20:45:45 [INFO] AutoFeeding:set_dr_f_available:720 - DR_F已就緒: (-95.52, 262.61), Flow1可直接讀取座標
2025-07-24 20:45:46 [DEBUG] AutoFeeding:trigger_ccd1_detection:553 - 發送檢測指令前 - 201狀態: 9
2025-07-24 20:45:46 [DEBUG] AutoFeeding:trigger_ccd1_detection:561 - 已發送控制指令16到寄存器200
2025-07-24 20:45:47 [DEBUG] AutoFeeding:trigger_ccd1_detection:580 - CCD1檢測完成標誌確認
2025-07-24 20:45:47 [INFO] AutoFeeding:feeding_cycle:741 - 週期1846 檢測結果: DR_F=14, 總數=28
2025-07-24 20:45:47 [INFO] AutoFeeding:feeding_cycle:768 - 找到保護區內DR_F: (-95.52, 262.61)
2025-07-24 20:45:47 [INFO] AutoFeeding:set_dr_f_available:720 - DR_F已就緒: (-95.52, 262.61), Flow1可直接讀取座標
2025-07-24 20:45:48 [DEBUG] AutoFeeding:trigger_ccd1_detection:553 - 發送檢測指令前 - 201狀態: 9
2025-07-24 20:45:48 [DEBUG] AutoFeeding:trigger_ccd1_detection:561 - 已發送控制指令16到寄存器200
2025-07-24 20:45:49 [DEBUG] AutoFeeding:trigger_ccd1_detection:580 - CCD1檢測完成標誌確認
2025-07-24 20:45:49 [INFO] AutoFeeding:feeding_cycle:741 - 週期1847 檢測結果: DR_F=14, 總數=28
2025-07-24 20:45:49 [INFO] AutoFeeding:feeding_cycle:768 - 找到保護區內DR_F: (-95.52, 262.61)
2025-07-24 20:45:49 [INFO] AutoFeeding:set_dr_f_available:720 - DR_F已就緒: (-95.52, 262.61), Flow1可直接讀取座標
2025-07-24 20:45:50 [DEBUG] AutoFeeding:trigger_ccd1_detection:553 - 發送檢測指令前 - 201狀態: 9
2025-07-24 20:45:50 [DEBUG] AutoFeeding:trigger_ccd1_detection:561 - 已發送控制指令16到寄存器200
2025-07-24 20:45:51 [DEBUG] AutoFeeding:trigger_ccd1_detection:580 - CCD1檢測完成標誌確認
2025-07-24 20:45:51 [INFO] AutoFeeding:feeding_cycle:741 - 週期1848 檢測結果: DR_F=14, 總數=28
2025-07-24 20:45:51 [INFO] AutoFeeding:feeding_cycle:768 - 找到保護區內DR_F: (-95.52, 262.61)
2025-07-24 20:45:51 [INFO] AutoFeeding:set_dr_f_available:720 - DR_F已就緒: (-95.52, 262.61), Flow1可直接讀取座標
2025-07-24 20:45:52 [DEBUG] AutoFeeding:trigger_ccd1_detection:553 - 發送檢測指令前 - 201狀態: 9
2025-07-24 20:45:52 [DEBUG] AutoFeeding:trigger_ccd1_detection:561 - 已發送控制指令16到寄存器200
2025-07-24 20:45:53 [DEBUG] AutoFeeding:trigger_ccd1_detection:580 - CCD1檢測完成標誌確認
2025-07-24 20:45:53 [INFO] AutoFeeding:feeding_cycle:741 - 週期1849 檢測結果: DR_F=14, 總數=28
2025-07-24 20:45:53 [INFO] AutoFeeding:feeding_cycle:768 - 找到保護區內DR_F: (-95.52, 262.61)
2025-07-24 20:45:53 [INFO] AutoFeeding:set_dr_f_available:720 - DR_F已就緒: (-95.52, 262.61), Flow1可直接讀取座標
2025-07-24 20:45:54 [DEBUG] AutoFeeding:trigger_ccd1_detection:553 - 發送檢測指令前 - 201狀態: 9
2025-07-24 20:45:54 [DEBUG] AutoFeeding:trigger_ccd1_detection:561 - 已發送控制指令16到寄存器200
2025-07-24 20:45:55 [DEBUG] AutoFeeding:trigger_ccd1_detection:580 - CCD1檢測完成標誌確認
2025-07-24 20:45:55 [INFO] AutoFeeding:feeding_cycle:741 - 週期1850 檢測結果: DR_F=14, 總數=28
2025-07-24 20:45:55 [INFO] AutoFeeding:feeding_cycle:768 - 找到保護區內DR_F: (-95.52, 262.61)
2025-07-24 20:45:55 [INFO] AutoFeeding:set_dr_f_available:720 - DR_F已就緒: (-95.52, 262.61), Flow1可直接讀取座標
2025-07-24 20:45:56 [DEBUG] AutoFeeding:trigger_ccd1_detection:553 - 發送檢測指令前 - 201狀態: 9
2025-07-24 20:45:56 [DEBUG] AutoFeeding:trigger_ccd1_detection:561 - 已發送控制指令16到寄存器200
2025-07-24 20:45:57 [DEBUG] AutoFeeding:trigger_ccd1_detection:580 - CCD1檢測完成標誌確認
2025-07-24 20:45:57 [INFO] AutoFeeding:feeding_cycle:741 - 週期1851 檢測結果: DR_F=14, 總數=28
2025-07-24 20:45:57 [INFO] AutoFeeding:feeding_cycle:768 - 找到保護區內DR_F: (-95.52, 262.61)
2025-07-24 20:45:57 [INFO] AutoFeeding:set_dr_f_available:720 - DR_F已就緒: (-95.52, 262.61), Flow1可直接讀取座標
2025-07-24 20:45:58 [DEBUG] AutoFeeding:trigger_ccd1_detection:553 - 發送檢測指令前 - 201狀態: 9
2025-07-24 20:45:58 [DEBUG] AutoFeeding:trigger_ccd1_detection:561 - 已發送控制指令16到寄存器200
2025-07-24 20:45:59 [DEBUG] AutoFeeding:trigger_ccd1_detection:580 - CCD1檢測完成標誌確認
2025-07-24 20:45:59 [INFO] AutoFeeding:feeding_cycle:741 - 週期1852 檢測結果: DR_F=14, 總數=28
2025-07-24 20:45:59 [INFO] AutoFeeding:feeding_cycle:768 - 找到保護區內DR_F: (-95.52, 262.61)
2025-07-24 20:45:59 [INFO] AutoFeeding:set_dr_f_available:720 - DR_F已就緒: (-95.52, 262.61), Flow1可直接讀取座標
2025-07-24 20:46:00 [DEBUG] AutoFeeding:trigger_ccd1_detection:553 - 發送檢測指令前 - 201狀態: 9
2025-07-24 20:46:00 [DEBUG] AutoFeeding:trigger_ccd1_detection:561 - 已發送控制指令16到寄存器200
2025-07-24 20:46:01 [DEBUG] AutoFeeding:trigger_ccd1_detection:580 - CCD1檢測完成標誌確認
2025-07-24 20:46:01 [INFO] AutoFeeding:feeding_cycle:741 - 週期1853 檢測結果: DR_F=14, 總數=28
2025-07-24 20:46:01 [INFO] AutoFeeding:feeding_cycle:768 - 找到保護區內DR_F: (-95.52, 262.61)
2025-07-24 20:46:01 [INFO] AutoFeeding:set_dr_f_available:720 - DR_F已就緒: (-95.52, 262.61), Flow1可直接讀取座標
2025-07-24 20:46:02 [DEBUG] AutoFeeding:trigger_ccd1_detection:553 - 發送檢測指令前 - 201狀態: 9
2025-07-24 20:46:02 [DEBUG] AutoFeeding:trigger_ccd1_detection:561 - 已發送控制指令16到寄存器200
2025-07-24 20:46:03 [DEBUG] AutoFeeding:trigger_ccd1_detection:580 - CCD1檢測完成標誌確認
2025-07-24 20:46:03 [INFO] AutoFeeding:feeding_cycle:741 - 週期1854 檢測結果: DR_F=14, 總數=28
2025-07-24 20:46:03 [INFO] AutoFeeding:feeding_cycle:768 - 找到保護區內DR_F: (-95.52, 262.61)
2025-07-24 20:46:03 [INFO] AutoFeeding:set_dr_f_available:720 - DR_F已就緒: (-95.52, 262.61), Flow1可直接讀取座標
2025-07-24 20:46:04 [DEBUG] AutoFeeding:trigger_ccd1_detection:553 - 發送檢測指令前 - 201狀態: 9
2025-07-24 20:46:04 [DEBUG] AutoFeeding:trigger_ccd1_detection:561 - 已發送控制指令16到寄存器200
2025-07-24 20:46:05 [DEBUG] AutoFeeding:trigger_ccd1_detection:580 - CCD1檢測完成標誌確認
2025-07-24 20:46:05 [INFO] AutoFeeding:feeding_cycle:741 - 週期1855 檢測結果: DR_F=14, 總數=28
2025-07-24 20:46:05 [INFO] AutoFeeding:feeding_cycle:768 - 找到保護區內DR_F: (-95.52, 262.61)
2025-07-24 20:46:05 [INFO] AutoFeeding:set_dr_f_available:720 - DR_F已就緒: (-95.52, 262.61), Flow1可直接讀取座標
2025-07-24 20:46:06 [DEBUG] AutoFeeding:trigger_ccd1_detection:553 - 發送檢測指令前 - 201狀態: 9
2025-07-24 20:46:06 [DEBUG] AutoFeeding:trigger_ccd1_detection:561 - 已發送控制指令16到寄存器200
2025-07-24 20:46:07 [DEBUG] AutoFeeding:trigger_ccd1_detection:580 - CCD1檢測完成標誌確認
2025-07-24 20:46:07 [INFO] AutoFeeding:feeding_cycle:741 - 週期1856 檢測結果: DR_F=14, 總數=28
2025-07-24 20:46:07 [INFO] AutoFeeding:feeding_cycle:768 - 找到保護區內DR_F: (-95.52, 262.61)
2025-07-24 20:46:07 [INFO] AutoFeeding:set_dr_f_available:720 - DR_F已就緒: (-95.52, 262.61), Flow1可直接讀取座標
2025-07-24 20:46:08 [DEBUG] AutoFeeding:trigger_ccd1_detection:553 - 發送檢測指令前 - 201狀態: 9
2025-07-24 20:46:08 [DEBUG] AutoFeeding:trigger_ccd1_detection:561 - 已發送控制指令16到寄存器200
2025-07-24 20:46:09 [DEBUG] AutoFeeding:trigger_ccd1_detection:580 - CCD1檢測完成標誌確認
2025-07-24 20:46:09 [INFO] AutoFeeding:feeding_cycle:741 - 週期1857 檢測結果: DR_F=14, 總數=28
2025-07-24 20:46:09 [INFO] AutoFeeding:feeding_cycle:768 - 找到保護區內DR_F: (-95.52, 262.61)
2025-07-24 20:46:09 [INFO] AutoFeeding:set_dr_f_available:720 - DR_F已就緒: (-95.52, 262.61), Flow1可直接讀取座標
2025-07-24 20:46:10 [DEBUG] AutoFeeding:trigger_ccd1_detection:553 - 發送檢測指令前 - 201狀態: 9
2025-07-24 20:46:10 [DEBUG] AutoFeeding:trigger_ccd1_detection:561 - 已發送控制指令16到寄存器200
2025-07-24 20:46:11 [DEBUG] AutoFeeding:trigger_ccd1_detection:580 - CCD1檢測完成標誌確認
2025-07-24 20:46:11 [INFO] AutoFeeding:feeding_cycle:741 - 週期1858 檢測結果: DR_F=14, 總數=28
2025-07-24 20:46:11 [INFO] AutoFeeding:feeding_cycle:768 - 找到保護區內DR_F: (-95.52, 262.61)
2025-07-24 20:46:11 [INFO] AutoFeeding:set_dr_f_available:720 - DR_F已就緒: (-95.52, 262.61), Flow1可直接讀取座標
2025-07-24 20:46:12 [DEBUG] AutoFeeding:trigger_ccd1_detection:553 - 發送檢測指令前 - 201狀態: 9
2025-07-24 20:46:12 [DEBUG] AutoFeeding:trigger_ccd1_detection:561 - 已發送控制指令16到寄存器200
2025-07-24 20:46:13 [DEBUG] AutoFeeding:trigger_ccd1_detection:580 - CCD1檢測完成標誌確認
2025-07-24 20:46:13 [INFO] AutoFeeding:feeding_cycle:741 - 週期1859 檢測結果: DR_F=14, 總數=28
2025-07-24 20:46:13 [INFO] AutoFeeding:feeding_cycle:768 - 找到保護區內DR_F: (-95.52, 262.61)
2025-07-24 20:46:13 [INFO] AutoFeeding:set_dr_f_available:720 - DR_F已就緒: (-95.52, 262.61), Flow1可直接讀取座標
2025-07-24 20:46:14 [DEBUG] AutoFeeding:trigger_ccd1_detection:553 - 發送檢測指令前 - 201狀態: 9
2025-07-24 20:46:14 [DEBUG] AutoFeeding:trigger_ccd1_detection:561 - 已發送控制指令16到寄存器200
2025-07-24 20:46:15 [DEBUG] AutoFeeding:trigger_ccd1_detection:580 - CCD1檢測完成標誌確認
2025-07-24 20:46:15 [INFO] AutoFeeding:feeding_cycle:741 - 週期1860 檢測結果: DR_F=14, 總數=28
2025-07-24 20:46:15 [INFO] AutoFeeding:feeding_cycle:768 - 找到保護區內DR_F: (-95.52, 262.61)
2025-07-24 20:46:15 [INFO] AutoFeeding:set_dr_f_available:720 - DR_F已就緒: (-95.52, 262.61), Flow1可直接讀取座標
2025-07-24 20:46:16 [DEBUG] AutoFeeding:trigger_ccd1_detection:553 - 發送檢測指令前 - 201狀態: 9
2025-07-24 20:46:16 [DEBUG] AutoFeeding:trigger_ccd1_detection:561 - 已發送控制指令16到寄存器200
2025-07-24 20:46:17 [DEBUG] AutoFeeding:trigger_ccd1_detection:580 - CCD1檢測完成標誌確認
2025-07-24 20:46:17 [INFO] AutoFeeding:feeding_cycle:741 - 週期1861 檢測結果: DR_F=14, 總數=28
2025-07-24 20:46:17 [INFO] AutoFeeding:feeding_cycle:768 - 找到保護區內DR_F: (-95.52, 262.61)
2025-07-24 20:46:17 [INFO] AutoFeeding:set_dr_f_available:720 - DR_F已就緒: (-95.52, 262.61), Flow1可直接讀取座標
2025-07-24 20:46:18 [DEBUG] AutoFeeding:trigger_ccd1_detection:553 - 發送檢測指令前 - 201狀態: 9
2025-07-24 20:46:18 [DEBUG] AutoFeeding:trigger_ccd1_detection:561 - 已發送控制指令16到寄存器200
2025-07-24 20:46:19 [DEBUG] AutoFeeding:trigger_ccd1_detection:580 - CCD1檢測完成標誌確認
2025-07-24 20:46:19 [INFO] AutoFeeding:feeding_cycle:741 - 週期1862 檢測結果: DR_F=14, 總數=28
2025-07-24 20:46:19 [INFO] AutoFeeding:feeding_cycle:768 - 找到保護區內DR_F: (-95.52, 262.61)
2025-07-24 20:46:19 [INFO] AutoFeeding:set_dr_f_available:720 - DR_F已就緒: (-95.52, 262.61), Flow1可直接讀取座標
2025-07-24 20:46:20 [DEBUG] AutoFeeding:trigger_ccd1_detection:553 - 發送檢測指令前 - 201狀態: 9
2025-07-24 20:46:20 [DEBUG] AutoFeeding:trigger_ccd1_detection:561 - 已發送控制指令16到寄存器200
2025-07-24 20:46:22 [DEBUG] AutoFeeding:trigger_ccd1_detection:580 - CCD1檢測完成標誌確認
2025-07-24 20:46:22 [INFO] AutoFeeding:feeding_cycle:741 - 週期1863 檢測結果: DR_F=14, 總數=28
2025-07-24 20:46:22 [INFO] AutoFeeding:feeding_cycle:768 - 找到保護區內DR_F: (-95.52, 262.61)
2025-07-24 20:46:22 [INFO] AutoFeeding:set_dr_f_available:720 - DR_F已就緒: (-95.52, 262.61), Flow1可直接讀取座標
2025-07-24 20:46:23 [DEBUG] AutoFeeding:trigger_ccd1_detection:553 - 發送檢測指令前 - 201狀態: 9
2025-07-24 20:46:23 [DEBUG] AutoFeeding:trigger_ccd1_detection:561 - 已發送控制指令16到寄存器200
2025-07-24 20:46:24 [DEBUG] AutoFeeding:trigger_ccd1_detection:580 - CCD1檢測完成標誌確認
2025-07-24 20:46:24 [INFO] AutoFeeding:feeding_cycle:741 - 週期1864 檢測結果: DR_F=14, 總數=28
2025-07-24 20:46:24 [INFO] AutoFeeding:feeding_cycle:768 - 找到保護區內DR_F: (-95.52, 262.61)
2025-07-24 20:46:24 [INFO] AutoFeeding:set_dr_f_available:720 - DR_F已就緒: (-95.52, 262.61), Flow1可直接讀取座標
2025-07-24 20:46:25 [DEBUG] AutoFeeding:trigger_ccd1_detection:553 - 發送檢測指令前 - 201狀態: 9
2025-07-24 20:46:25 [DEBUG] AutoFeeding:trigger_ccd1_detection:561 - 已發送控制指令16到寄存器200
2025-07-24 20:46:26 [DEBUG] AutoFeeding:trigger_ccd1_detection:580 - CCD1檢測完成標誌確認
2025-07-24 20:46:26 [INFO] AutoFeeding:feeding_cycle:741 - 週期1865 檢測結果: DR_F=14, 總數=28
2025-07-24 20:46:26 [INFO] AutoFeeding:feeding_cycle:768 - 找到保護區內DR_F: (-95.51, 262.61)
2025-07-24 20:46:26 [INFO] AutoFeeding:set_dr_f_available:720 - DR_F已就緒: (-95.51, 262.61), Flow1可直接讀取座標
2025-07-24 20:46:27 [DEBUG] AutoFeeding:trigger_ccd1_detection:553 - 發送檢測指令前 - 201狀態: 9
2025-07-24 20:46:27 [DEBUG] AutoFeeding:trigger_ccd1_detection:561 - 已發送控制指令16到寄存器200
2025-07-24 20:46:28 [DEBUG] AutoFeeding:trigger_ccd1_detection:580 - CCD1檢測完成標誌確認
2025-07-24 20:46:28 [INFO] AutoFeeding:feeding_cycle:741 - 週期1866 檢測結果: DR_F=14, 總數=28
2025-07-24 20:46:28 [INFO] AutoFeeding:feeding_cycle:768 - 找到保護區內DR_F: (-95.52, 262.61)
2025-07-24 20:46:28 [INFO] AutoFeeding:set_dr_f_available:720 - DR_F已就緒: (-95.52, 262.61), Flow1可直接讀取座標
2025-07-24 20:46:29 [DEBUG] AutoFeeding:trigger_ccd1_detection:553 - 發送檢測指令前 - 201狀態: 9
2025-07-24 20:46:29 [DEBUG] AutoFeeding:trigger_ccd1_detection:561 - 已發送控制指令16到寄存器200
2025-07-24 20:46:30 [DEBUG] AutoFeeding:trigger_ccd1_detection:580 - CCD1檢測完成標誌確認
2025-07-24 20:46:30 [INFO] AutoFeeding:feeding_cycle:741 - 週期1867 檢測結果: DR_F=14, 總數=28
2025-07-24 20:46:30 [INFO] AutoFeeding:feeding_cycle:768 - 找到保護區內DR_F: (-95.52, 262.61)
2025-07-24 20:46:30 [INFO] AutoFeeding:set_dr_f_available:720 - DR_F已就緒: (-95.52, 262.61), Flow1可直接讀取座標
2025-07-24 20:46:31 [DEBUG] AutoFeeding:trigger_ccd1_detection:553 - 發送檢測指令前 - 201狀態: 9
2025-07-24 20:46:31 [DEBUG] AutoFeeding:trigger_ccd1_detection:561 - 已發送控制指令16到寄存器200
2025-07-24 20:46:32 [DEBUG] AutoFeeding:trigger_ccd1_detection:580 - CCD1檢測完成標誌確認
2025-07-24 20:46:32 [INFO] AutoFeeding:feeding_cycle:741 - 週期1868 檢測結果: DR_F=14, 總數=28
2025-07-24 20:46:32 [INFO] AutoFeeding:feeding_cycle:768 - 找到保護區內DR_F: (-95.52, 262.61)
2025-07-24 20:46:32 [INFO] AutoFeeding:set_dr_f_available:720 - DR_F已就緒: (-95.52, 262.61), Flow1可直接讀取座標
2025-07-24 20:46:33 [DEBUG] AutoFeeding:trigger_ccd1_detection:553 - 發送檢測指令前 - 201狀態: 9
2025-07-24 20:46:33 [DEBUG] AutoFeeding:trigger_ccd1_detection:561 - 已發送控制指令16到寄存器200
2025-07-24 20:46:34 [DEBUG] AutoFeeding:trigger_ccd1_detection:580 - CCD1檢測完成標誌確認
2025-07-24 20:46:34 [INFO] AutoFeeding:feeding_cycle:741 - 週期1869 檢測結果: DR_F=14, 總數=28
2025-07-24 20:46:34 [INFO] AutoFeeding:feeding_cycle:768 - 找到保護區內DR_F: (-95.53, 262.61)
2025-07-24 20:46:34 [INFO] AutoFeeding:set_dr_f_available:720 - DR_F已就緒: (-95.53, 262.61), Flow1可直接讀取座標
2025-07-24 20:46:35 [DEBUG] AutoFeeding:trigger_ccd1_detection:553 - 發送檢測指令前 - 201狀態: 9
2025-07-24 20:46:35 [DEBUG] AutoFeeding:trigger_ccd1_detection:561 - 已發送控制指令16到寄存器200
2025-07-24 20:46:36 [DEBUG] AutoFeeding:trigger_ccd1_detection:580 - CCD1檢測完成標誌確認
2025-07-24 20:46:36 [INFO] AutoFeeding:feeding_cycle:741 - 週期1870 檢測結果: DR_F=14, 總數=28
2025-07-24 20:46:36 [INFO] AutoFeeding:feeding_cycle:768 - 找到保護區內DR_F: (-95.52, 262.61)
2025-07-24 20:46:36 [INFO] AutoFeeding:set_dr_f_available:720 - DR_F已就緒: (-95.52, 262.61), Flow1可直接讀取座標
2025-07-24 20:46:37 [DEBUG] AutoFeeding:trigger_ccd1_detection:553 - 發送檢測指令前 - 201狀態: 9
2025-07-24 20:46:37 [DEBUG] AutoFeeding:trigger_ccd1_detection:561 - 已發送控制指令16到寄存器200
2025-07-24 20:46:38 [DEBUG] AutoFeeding:trigger_ccd1_detection:580 - CCD1檢測完成標誌確認
2025-07-24 20:46:38 [INFO] AutoFeeding:feeding_cycle:741 - 週期1871 檢測結果: DR_F=14, 總數=28
2025-07-24 20:46:38 [INFO] AutoFeeding:feeding_cycle:768 - 找到保護區內DR_F: (-95.52, 262.61)
2025-07-24 20:46:38 [INFO] AutoFeeding:set_dr_f_available:720 - DR_F已就緒: (-95.52, 262.61), Flow1可直接讀取座標
2025-07-24 20:46:39 [DEBUG] AutoFeeding:trigger_ccd1_detection:553 - 發送檢測指令前 - 201狀態: 9
2025-07-24 20:46:39 [DEBUG] AutoFeeding:trigger_ccd1_detection:561 - 已發送控制指令16到寄存器200
2025-07-24 20:46:40 [DEBUG] AutoFeeding:trigger_ccd1_detection:580 - CCD1檢測完成標誌確認
2025-07-24 20:46:40 [INFO] AutoFeeding:feeding_cycle:741 - 週期1872 檢測結果: DR_F=14, 總數=28
2025-07-24 20:46:40 [INFO] AutoFeeding:feeding_cycle:768 - 找到保護區內DR_F: (-95.51, 262.61)
2025-07-24 20:46:40 [INFO] AutoFeeding:set_dr_f_available:720 - DR_F已就緒: (-95.51, 262.61), Flow1可直接讀取座標
2025-07-24 20:46:41 [DEBUG] AutoFeeding:trigger_ccd1_detection:553 - 發送檢測指令前 - 201狀態: 9
2025-07-24 20:46:41 [DEBUG] AutoFeeding:trigger_ccd1_detection:561 - 已發送控制指令16到寄存器200
2025-07-24 20:46:42 [DEBUG] AutoFeeding:trigger_ccd1_detection:580 - CCD1檢測完成標誌確認
2025-07-24 20:46:42 [INFO] AutoFeeding:feeding_cycle:741 - 週期1873 檢測結果: DR_F=14, 總數=28
2025-07-24 20:46:42 [INFO] AutoFeeding:feeding_cycle:768 - 找到保護區內DR_F: (-95.51, 262.61)
2025-07-24 20:46:42 [INFO] AutoFeeding:set_dr_f_available:720 - DR_F已就緒: (-95.51, 262.61), Flow1可直接讀取座標
2025-07-24 20:46:43 [DEBUG] AutoFeeding:trigger_ccd1_detection:553 - 發送檢測指令前 - 201狀態: 9
2025-07-24 20:46:43 [DEBUG] AutoFeeding:trigger_ccd1_detection:561 - 已發送控制指令16到寄存器200
2025-07-24 20:46:44 [DEBUG] AutoFeeding:trigger_ccd1_detection:580 - CCD1檢測完成標誌確認
2025-07-24 20:46:44 [INFO] AutoFeeding:feeding_cycle:741 - 週期1874 檢測結果: DR_F=14, 總數=28
2025-07-24 20:46:44 [INFO] AutoFeeding:feeding_cycle:768 - 找到保護區內DR_F: (-95.53, 262.61)
2025-07-24 20:46:44 [INFO] AutoFeeding:set_dr_f_available:720 - DR_F已就緒: (-95.53, 262.61), Flow1可直接讀取座標
2025-07-24 20:46:45 [DEBUG] AutoFeeding:trigger_ccd1_detection:553 - 發送檢測指令前 - 201狀態: 9
2025-07-24 20:46:45 [DEBUG] AutoFeeding:trigger_ccd1_detection:561 - 已發送控制指令16到寄存器200
2025-07-24 20:46:46 [DEBUG] AutoFeeding:trigger_ccd1_detection:580 - CCD1檢測完成標誌確認
2025-07-24 20:46:46 [INFO] AutoFeeding:feeding_cycle:741 - 週期1875 檢測結果: DR_F=14, 總數=28
2025-07-24 20:46:46 [INFO] AutoFeeding:feeding_cycle:768 - 找到保護區內DR_F: (-95.52, 262.61)
2025-07-24 20:46:46 [INFO] AutoFeeding:set_dr_f_available:720 - DR_F已就緒: (-95.52, 262.61), Flow1可直接讀取座標
2025-07-24 20:46:47 [DEBUG] AutoFeeding:trigger_ccd1_detection:553 - 發送檢測指令前 - 201狀態: 9
2025-07-24 20:46:47 [DEBUG] AutoFeeding:trigger_ccd1_detection:561 - 已發送控制指令16到寄存器200
2025-07-24 20:46:48 [DEBUG] AutoFeeding:trigger_ccd1_detection:580 - CCD1檢測完成標誌確認
2025-07-24 20:46:48 [INFO] AutoFeeding:feeding_cycle:741 - 週期1876 檢測結果: DR_F=14, 總數=28
2025-07-24 20:46:48 [INFO] AutoFeeding:feeding_cycle:768 - 找到保護區內DR_F: (-95.51, 262.61)
2025-07-24 20:46:48 [INFO] AutoFeeding:set_dr_f_available:720 - DR_F已就緒: (-95.51, 262.61), Flow1可直接讀取座標
2025-07-24 20:46:49 [DEBUG] AutoFeeding:trigger_ccd1_detection:553 - 發送檢測指令前 - 201狀態: 9
2025-07-24 20:46:49 [DEBUG] AutoFeeding:trigger_ccd1_detection:561 - 已發送控制指令16到寄存器200
2025-07-24 20:46:50 [DEBUG] AutoFeeding:trigger_ccd1_detection:580 - CCD1檢測完成標誌確認
2025-07-24 20:46:50 [INFO] AutoFeeding:feeding_cycle:741 - 週期1877 檢測結果: DR_F=14, 總數=28
2025-07-24 20:46:50 [INFO] AutoFeeding:feeding_cycle:768 - 找到保護區內DR_F: (-95.53, 262.61)
2025-07-24 20:46:50 [INFO] AutoFeeding:set_dr_f_available:720 - DR_F已就緒: (-95.53, 262.61), Flow1可直接讀取座標
2025-07-24 20:46:51 [DEBUG] AutoFeeding:trigger_ccd1_detection:553 - 發送檢測指令前 - 201狀態: 9
2025-07-24 20:46:51 [DEBUG] AutoFeeding:trigger_ccd1_detection:561 - 已發送控制指令16到寄存器200
2025-07-24 20:46:52 [DEBUG] AutoFeeding:trigger_ccd1_detection:580 - CCD1檢測完成標誌確認
2025-07-24 20:46:52 [INFO] AutoFeeding:feeding_cycle:741 - 週期1878 檢測結果: DR_F=14, 總數=28
2025-07-24 20:46:52 [INFO] AutoFeeding:feeding_cycle:768 - 找到保護區內DR_F: (-95.52, 262.61)
2025-07-24 20:46:52 [INFO] AutoFeeding:set_dr_f_available:720 - DR_F已就緒: (-95.52, 262.61), Flow1可直接讀取座標
2025-07-24 20:46:53 [DEBUG] AutoFeeding:trigger_ccd1_detection:553 - 發送檢測指令前 - 201狀態: 9
2025-07-24 20:46:53 [DEBUG] AutoFeeding:trigger_ccd1_detection:561 - 已發送控制指令16到寄存器200
2025-07-24 20:46:54 [DEBUG] AutoFeeding:trigger_ccd1_detection:580 - CCD1檢測完成標誌確認
2025-07-24 20:46:54 [INFO] AutoFeeding:feeding_cycle:741 - 週期1879 檢測結果: DR_F=14, 總數=28
2025-07-24 20:46:54 [INFO] AutoFeeding:feeding_cycle:768 - 找到保護區內DR_F: (-95.52, 262.61)
2025-07-24 20:46:54 [INFO] AutoFeeding:set_dr_f_available:720 - DR_F已就緒: (-95.52, 262.61), Flow1可直接讀取座標
2025-07-24 20:46:55 [DEBUG] AutoFeeding:trigger_ccd1_detection:553 - 發送檢測指令前 - 201狀態: 9
2025-07-24 20:46:55 [DEBUG] AutoFeeding:trigger_ccd1_detection:561 - 已發送控制指令16到寄存器200
2025-07-24 20:46:56 [DEBUG] AutoFeeding:trigger_ccd1_detection:580 - CCD1檢測完成標誌確認
2025-07-24 20:46:56 [INFO] AutoFeeding:feeding_cycle:741 - 週期1880 檢測結果: DR_F=14, 總數=28
2025-07-24 20:46:56 [INFO] AutoFeeding:feeding_cycle:768 - 找到保護區內DR_F: (-95.53, 262.61)
2025-07-24 20:46:56 [INFO] AutoFeeding:set_dr_f_available:720 - DR_F已就緒: (-95.53, 262.61), Flow1可直接讀取座標
2025-07-24 20:46:57 [DEBUG] AutoFeeding:trigger_ccd1_detection:553 - 發送檢測指令前 - 201狀態: 9
2025-07-24 20:46:57 [DEBUG] AutoFeeding:trigger_ccd1_detection:561 - 已發送控制指令16到寄存器200
2025-07-24 20:46:58 [DEBUG] AutoFeeding:trigger_ccd1_detection:580 - CCD1檢測完成標誌確認
2025-07-24 20:46:58 [INFO] AutoFeeding:feeding_cycle:741 - 週期1881 檢測結果: DR_F=14, 總數=28
2025-07-24 20:46:58 [INFO] AutoFeeding:feeding_cycle:768 - 找到保護區內DR_F: (-95.52, 262.61)
2025-07-24 20:46:58 [INFO] AutoFeeding:set_dr_f_available:720 - DR_F已就緒: (-95.52, 262.61), Flow1可直接讀取座標
2025-07-24 20:46:59 [DEBUG] AutoFeeding:trigger_ccd1_detection:553 - 發送檢測指令前 - 201狀態: 9
2025-07-24 20:46:59 [DEBUG] AutoFeeding:trigger_ccd1_detection:561 - 已發送控制指令16到寄存器200
2025-07-24 20:47:00 [DEBUG] AutoFeeding:trigger_ccd1_detection:580 - CCD1檢測完成標誌確認
2025-07-24 20:47:00 [INFO] AutoFeeding:feeding_cycle:741 - 週期1882 檢測結果: DR_F=14, 總數=28
2025-07-24 20:47:00 [INFO] AutoFeeding:feeding_cycle:768 - 找到保護區內DR_F: (-95.53, 262.61)
2025-07-24 20:47:00 [INFO] AutoFeeding:set_dr_f_available:720 - DR_F已就緒: (-95.53, 262.61), Flow1可直接讀取座標
2025-07-24 20:47:01 [DEBUG] AutoFeeding:trigger_ccd1_detection:553 - 發送檢測指令前 - 201狀態: 9
2025-07-24 20:47:01 [DEBUG] AutoFeeding:trigger_ccd1_detection:561 - 已發送控制指令16到寄存器200
2025-07-24 20:47:02 [DEBUG] AutoFeeding:trigger_ccd1_detection:580 - CCD1檢測完成標誌確認
2025-07-24 20:47:02 [INFO] AutoFeeding:feeding_cycle:741 - 週期1883 檢測結果: DR_F=14, 總數=28
2025-07-24 20:47:02 [INFO] AutoFeeding:feeding_cycle:768 - 找到保護區內DR_F: (-95.51, 262.61)
2025-07-24 20:47:02 [INFO] AutoFeeding:set_dr_f_available:720 - DR_F已就緒: (-95.51, 262.61), Flow1可直接讀取座標
2025-07-24 20:47:03 [DEBUG] AutoFeeding:trigger_ccd1_detection:553 - 發送檢測指令前 - 201狀態: 9
2025-07-24 20:47:03 [DEBUG] AutoFeeding:trigger_ccd1_detection:561 - 已發送控制指令16到寄存器200
2025-07-24 20:47:04 [DEBUG] AutoFeeding:trigger_ccd1_detection:580 - CCD1檢測完成標誌確認
2025-07-24 20:47:04 [INFO] AutoFeeding:feeding_cycle:741 - 週期1884 檢測結果: DR_F=14, 總數=28
2025-07-24 20:47:04 [INFO] AutoFeeding:feeding_cycle:768 - 找到保護區內DR_F: (-95.52, 262.61)
2025-07-24 20:47:04 [INFO] AutoFeeding:set_dr_f_available:720 - DR_F已就緒: (-95.52, 262.61), Flow1可直接讀取座標
2025-07-24 20:47:05 [DEBUG] AutoFeeding:trigger_ccd1_detection:553 - 發送檢測指令前 - 201狀態: 9
2025-07-24 20:47:05 [DEBUG] AutoFeeding:trigger_ccd1_detection:561 - 已發送控制指令16到寄存器200
2025-07-24 20:47:07 [DEBUG] AutoFeeding:trigger_ccd1_detection:580 - CCD1檢測完成標誌確認
2025-07-24 20:47:07 [INFO] AutoFeeding:feeding_cycle:741 - 週期1885 檢測結果: DR_F=14, 總數=28
2025-07-24 20:47:07 [INFO] AutoFeeding:feeding_cycle:768 - 找到保護區內DR_F: (-95.52, 262.61)
2025-07-24 20:47:07 [INFO] AutoFeeding:set_dr_f_available:720 - DR_F已就緒: (-95.52, 262.61), Flow1可直接讀取座標
2025-07-24 20:47:08 [DEBUG] AutoFeeding:trigger_ccd1_detection:553 - 發送檢測指令前 - 201狀態: 9
2025-07-24 20:47:08 [DEBUG] AutoFeeding:trigger_ccd1_detection:561 - 已發送控制指令16到寄存器200
2025-07-24 20:47:09 [DEBUG] AutoFeeding:trigger_ccd1_detection:580 - CCD1檢測完成標誌確認
2025-07-24 20:47:09 [INFO] AutoFeeding:feeding_cycle:741 - 週期1886 檢測結果: DR_F=14, 總數=28
2025-07-24 20:47:09 [INFO] AutoFeeding:feeding_cycle:768 - 找到保護區內DR_F: (-95.52, 262.61)
2025-07-24 20:47:09 [INFO] AutoFeeding:set_dr_f_available:720 - DR_F已就緒: (-95.52, 262.61), Flow1可直接讀取座標
2025-07-24 20:47:10 [DEBUG] AutoFeeding:trigger_ccd1_detection:553 - 發送檢測指令前 - 201狀態: 9
2025-07-24 20:47:10 [DEBUG] AutoFeeding:trigger_ccd1_detection:561 - 已發送控制指令16到寄存器200
2025-07-24 20:47:11 [DEBUG] AutoFeeding:trigger_ccd1_detection:580 - CCD1檢測完成標誌確認
2025-07-24 20:47:11 [INFO] AutoFeeding:feeding_cycle:741 - 週期1887 檢測結果: DR_F=14, 總數=28
2025-07-24 20:47:11 [INFO] AutoFeeding:feeding_cycle:768 - 找到保護區內DR_F: (-95.52, 262.61)
2025-07-24 20:47:11 [INFO] AutoFeeding:set_dr_f_available:720 - DR_F已就緒: (-95.52, 262.61), Flow1可直接讀取座標
2025-07-24 20:47:12 [DEBUG] AutoFeeding:trigger_ccd1_detection:553 - 發送檢測指令前 - 201狀態: 9
2025-07-24 20:47:12 [DEBUG] AutoFeeding:trigger_ccd1_detection:561 - 已發送控制指令16到寄存器200
2025-07-24 20:47:13 [DEBUG] AutoFeeding:trigger_ccd1_detection:580 - CCD1檢測完成標誌確認
2025-07-24 20:47:13 [INFO] AutoFeeding:feeding_cycle:741 - 週期1888 檢測結果: DR_F=14, 總數=28
2025-07-24 20:47:13 [INFO] AutoFeeding:feeding_cycle:768 - 找到保護區內DR_F: (-95.52, 262.61)
2025-07-24 20:47:13 [INFO] AutoFeeding:set_dr_f_available:720 - DR_F已就緒: (-95.52, 262.61), Flow1可直接讀取座標
2025-07-24 20:47:14 [DEBUG] AutoFeeding:trigger_ccd1_detection:553 - 發送檢測指令前 - 201狀態: 9
2025-07-24 20:47:14 [DEBUG] AutoFeeding:trigger_ccd1_detection:561 - 已發送控制指令16到寄存器200
2025-07-24 20:47:15 [DEBUG] AutoFeeding:trigger_ccd1_detection:580 - CCD1檢測完成標誌確認
2025-07-24 20:47:15 [INFO] AutoFeeding:feeding_cycle:741 - 週期1889 檢測結果: DR_F=14, 總數=28
2025-07-24 20:47:15 [INFO] AutoFeeding:feeding_cycle:768 - 找到保護區內DR_F: (-95.52, 262.61)
2025-07-24 20:47:15 [INFO] AutoFeeding:set_dr_f_available:720 - DR_F已就緒: (-95.52, 262.61), Flow1可直接讀取座標
2025-07-24 20:47:16 [DEBUG] AutoFeeding:trigger_ccd1_detection:553 - 發送檢測指令前 - 201狀態: 9
2025-07-24 20:47:16 [DEBUG] AutoFeeding:trigger_ccd1_detection:561 - 已發送控制指令16到寄存器200
2025-07-24 20:47:17 [DEBUG] AutoFeeding:trigger_ccd1_detection:580 - CCD1檢測完成標誌確認
2025-07-24 20:47:17 [INFO] AutoFeeding:feeding_cycle:741 - 週期1890 檢測結果: DR_F=14, 總數=28
2025-07-24 20:47:17 [INFO] AutoFeeding:feeding_cycle:768 - 找到保護區內DR_F: (-95.52, 262.61)
2025-07-24 20:47:17 [INFO] AutoFeeding:set_dr_f_available:720 - DR_F已就緒: (-95.52, 262.61), Flow1可直接讀取座標
2025-07-24 20:47:18 [DEBUG] AutoFeeding:trigger_ccd1_detection:553 - 發送檢測指令前 - 201狀態: 9
2025-07-24 20:47:18 [DEBUG] AutoFeeding:trigger_ccd1_detection:561 - 已發送控制指令16到寄存器200
2025-07-24 20:47:19 [DEBUG] AutoFeeding:trigger_ccd1_detection:580 - CCD1檢測完成標誌確認
2025-07-24 20:47:19 [INFO] AutoFeeding:feeding_cycle:741 - 週期1891 檢測結果: DR_F=14, 總數=28
2025-07-24 20:47:19 [INFO] AutoFeeding:feeding_cycle:768 - 找到保護區內DR_F: (-95.53, 262.61)
2025-07-24 20:47:19 [INFO] AutoFeeding:set_dr_f_available:720 - DR_F已就緒: (-95.53, 262.61), Flow1可直接讀取座標
2025-07-24 20:47:20 [DEBUG] AutoFeeding:trigger_ccd1_detection:553 - 發送檢測指令前 - 201狀態: 9
2025-07-24 20:47:20 [DEBUG] AutoFeeding:trigger_ccd1_detection:561 - 已發送控制指令16到寄存器200
2025-07-24 20:47:21 [DEBUG] AutoFeeding:trigger_ccd1_detection:580 - CCD1檢測完成標誌確認
2025-07-24 20:47:21 [INFO] AutoFeeding:feeding_cycle:741 - 週期1892 檢測結果: DR_F=14, 總數=28
2025-07-24 20:47:21 [INFO] AutoFeeding:feeding_cycle:768 - 找到保護區內DR_F: (-95.52, 262.61)
2025-07-24 20:47:21 [INFO] AutoFeeding:set_dr_f_available:720 - DR_F已就緒: (-95.52, 262.61), Flow1可直接讀取座標
2025-07-24 20:47:22 [DEBUG] AutoFeeding:trigger_ccd1_detection:553 - 發送檢測指令前 - 201狀態: 9
2025-07-24 20:47:22 [DEBUG] AutoFeeding:trigger_ccd1_detection:561 - 已發送控制指令16到寄存器200
2025-07-24 20:47:23 [DEBUG] AutoFeeding:trigger_ccd1_detection:580 - CCD1檢測完成標誌確認
2025-07-24 20:47:23 [INFO] AutoFeeding:feeding_cycle:741 - 週期1893 檢測結果: DR_F=14, 總數=28
2025-07-24 20:47:23 [INFO] AutoFeeding:feeding_cycle:793 - 料件充足 (總數=28>=4) 但無正面，VP震動重檢
2025-07-24 20:47:23 [DEBUG] AutoFeeding:trigger_vp_vibration:632 - VP震動參數: 5, 107, 87
2025-07-24 20:47:25 [INFO] AutoFeeding:feeding_cycle:798 - VP震動完成，等待穩定後重新檢測
2025-07-24 20:47:25 [DEBUG] AutoFeeding:trigger_ccd1_detection:553 - 發送檢測指令前 - 201狀態: 9
2025-07-24 20:47:25 [DEBUG] AutoFeeding:trigger_ccd1_detection:561 - 已發送控制指令16到寄存器200
2025-07-24 20:47:27 [DEBUG] AutoFeeding:trigger_ccd1_detection:580 - CCD1檢測完成標誌確認
2025-07-24 20:47:27 [INFO] AutoFeeding:feeding_cycle:806 - 震動後重檢: DR_F=15, 總數=28
2025-07-24 20:47:27 [INFO] AutoFeeding:feeding_cycle:810 - 震動後找到DR_F: (-55.66, 326.3)
2025-07-24 20:47:27 [INFO] AutoFeeding:set_dr_f_available:720 - DR_F已就緒: (-55.66, 326.3), Flow1可直接讀取座標
2025-07-24 20:47:28 [DEBUG] AutoFeeding:trigger_ccd1_detection:553 - 發送檢測指令前 - 201狀態: 9
2025-07-24 20:47:28 [DEBUG] AutoFeeding:trigger_ccd1_detection:561 - 已發送控制指令16到寄存器200
2025-07-24 20:47:29 [DEBUG] AutoFeeding:trigger_ccd1_detection:580 - CCD1檢測完成標誌確認
2025-07-24 20:47:29 [INFO] AutoFeeding:feeding_cycle:741 - 週期1894 檢測結果: DR_F=15, 總數=28
2025-07-24 20:47:29 [INFO] AutoFeeding:feeding_cycle:768 - 找到保護區內DR_F: (-55.66, 326.3)
2025-07-24 20:47:29 [INFO] AutoFeeding:set_dr_f_available:720 - DR_F已就緒: (-55.66, 326.3), Flow1可直接讀取座標
2025-07-24 20:47:30 [DEBUG] AutoFeeding:trigger_ccd1_detection:553 - 發送檢測指令前 - 201狀態: 9
2025-07-24 20:47:30 [DEBUG] AutoFeeding:trigger_ccd1_detection:561 - 已發送控制指令16到寄存器200
2025-07-24 20:47:31 [DEBUG] AutoFeeding:trigger_ccd1_detection:580 - CCD1檢測完成標誌確認
2025-07-24 20:47:31 [INFO] AutoFeeding:feeding_cycle:741 - 週期1895 檢測結果: DR_F=15, 總數=29
2025-07-24 20:47:31 [INFO] AutoFeeding:feeding_cycle:768 - 找到保護區內DR_F: (-55.65, 326.3)
2025-07-24 20:47:31 [INFO] AutoFeeding:set_dr_f_available:720 - DR_F已就緒: (-55.65, 326.3), Flow1可直接讀取座標
2025-07-24 20:47:32 [DEBUG] AutoFeeding:trigger_ccd1_detection:553 - 發送檢測指令前 - 201狀態: 9
2025-07-24 20:47:32 [DEBUG] AutoFeeding:trigger_ccd1_detection:561 - 已發送控制指令16到寄存器200
2025-07-24 20:47:33 [DEBUG] AutoFeeding:trigger_ccd1_detection:580 - CCD1檢測完成標誌確認
2025-07-24 20:47:33 [INFO] AutoFeeding:feeding_cycle:741 - 週期1896 檢測結果: DR_F=15, 總數=28
2025-07-24 20:47:33 [INFO] AutoFeeding:feeding_cycle:768 - 找到保護區內DR_F: (-55.65, 326.3)
2025-07-24 20:47:33 [INFO] AutoFeeding:set_dr_f_available:720 - DR_F已就緒: (-55.65, 326.3), Flow1可直接讀取座標
2025-07-24 20:47:34 [DEBUG] AutoFeeding:trigger_ccd1_detection:553 - 發送檢測指令前 - 201狀態: 9
2025-07-24 20:47:34 [DEBUG] AutoFeeding:trigger_ccd1_detection:561 - 已發送控制指令16到寄存器200
2025-07-24 20:47:35 [DEBUG] AutoFeeding:trigger_ccd1_detection:580 - CCD1檢測完成標誌確認
2025-07-24 20:47:35 [INFO] AutoFeeding:feeding_cycle:741 - 週期1897 檢測結果: DR_F=15, 總數=28
2025-07-24 20:47:35 [INFO] AutoFeeding:feeding_cycle:768 - 找到保護區內DR_F: (-55.66, 326.3)
2025-07-24 20:47:35 [INFO] AutoFeeding:set_dr_f_available:720 - DR_F已就緒: (-55.66, 326.3), Flow1可直接讀取座標
2025-07-24 20:47:36 [DEBUG] AutoFeeding:trigger_ccd1_detection:553 - 發送檢測指令前 - 201狀態: 9
2025-07-24 20:47:36 [DEBUG] AutoFeeding:trigger_ccd1_detection:561 - 已發送控制指令16到寄存器200
2025-07-24 20:47:37 [DEBUG] AutoFeeding:trigger_ccd1_detection:580 - CCD1檢測完成標誌確認
2025-07-24 20:47:37 [INFO] AutoFeeding:feeding_cycle:741 - 週期1898 檢測結果: DR_F=15, 總數=28
2025-07-24 20:47:37 [INFO] AutoFeeding:feeding_cycle:768 - 找到保護區內DR_F: (-55.65, 326.3)
2025-07-24 20:47:37 [INFO] AutoFeeding:set_dr_f_available:720 - DR_F已就緒: (-55.65, 326.3), Flow1可直接讀取座標
2025-07-24 20:47:38 [DEBUG] AutoFeeding:trigger_ccd1_detection:553 - 發送檢測指令前 - 201狀態: 9
2025-07-24 20:47:38 [DEBUG] AutoFeeding:trigger_ccd1_detection:561 - 已發送控制指令16到寄存器200
2025-07-24 20:47:39 [DEBUG] AutoFeeding:trigger_ccd1_detection:580 - CCD1檢測完成標誌確認
2025-07-24 20:47:39 [INFO] AutoFeeding:feeding_cycle:741 - 週期1899 檢測結果: DR_F=15, 總數=29
2025-07-24 20:47:39 [INFO] AutoFeeding:feeding_cycle:768 - 找到保護區內DR_F: (-55.66, 326.3)
2025-07-24 20:47:39 [INFO] AutoFeeding:set_dr_f_available:720 - DR_F已就緒: (-55.66, 326.3), Flow1可直接讀取座標
2025-07-24 20:47:40 [DEBUG] AutoFeeding:trigger_ccd1_detection:553 - 發送檢測指令前 - 201狀態: 9
2025-07-24 20:47:40 [DEBUG] AutoFeeding:trigger_ccd1_detection:561 - 已發送控制指令16到寄存器200
2025-07-24 20:47:41 [DEBUG] AutoFeeding:trigger_ccd1_detection:580 - CCD1檢測完成標誌確認
2025-07-24 20:47:41 [INFO] AutoFeeding:feeding_cycle:741 - 週期1900 檢測結果: DR_F=15, 總數=29
2025-07-24 20:47:41 [INFO] AutoFeeding:feeding_cycle:768 - 找到保護區內DR_F: (-55.66, 326.3)
2025-07-24 20:47:41 [INFO] AutoFeeding:set_dr_f_available:720 - DR_F已就緒: (-55.66, 326.3), Flow1可直接讀取座標
2025-07-24 20:47:42 [DEBUG] AutoFeeding:check_modules_status:480 - CCD1狀態: 9 (Ready=True, Running=False, Alarm=False, Init=True)
2025-07-24 20:47:42 [DEBUG] AutoFeeding:trigger_ccd1_detection:553 - 發送檢測指令前 - 201狀態: 9
2025-07-24 20:47:42 [DEBUG] AutoFeeding:trigger_ccd1_detection:561 - 已發送控制指令16到寄存器200
2025-07-24 20:47:43 [DEBUG] AutoFeeding:trigger_ccd1_detection:580 - CCD1檢測完成標誌確認
2025-07-24 20:47:43 [INFO] AutoFeeding:feeding_cycle:741 - 週期1901 檢測結果: DR_F=15, 總數=28
2025-07-24 20:47:43 [INFO] AutoFeeding:feeding_cycle:768 - 找到保護區內DR_F: (-55.65, 326.3)
2025-07-24 20:47:43 [INFO] AutoFeeding:set_dr_f_available:720 - DR_F已就緒: (-55.65, 326.3), Flow1可直接讀取座標
2025-07-24 20:47:44 [DEBUG] AutoFeeding:check_flow_and_progress_status:432 - Flow監控: 1201=0, 1202=100, 阻擋=False
2025-07-24 20:47:44 [DEBUG] AutoFeeding:trigger_ccd1_detection:553 - 發送檢測指令前 - 201狀態: 9
2025-07-24 20:47:44 [DEBUG] AutoFeeding:trigger_ccd1_detection:561 - 已發送控制指令16到寄存器200
2025-07-24 20:47:45 [DEBUG] AutoFeeding:trigger_ccd1_detection:580 - CCD1檢測完成標誌確認
2025-07-24 20:47:45 [INFO] AutoFeeding:feeding_cycle:741 - 週期1902 檢測結果: DR_F=15, 總數=28
2025-07-24 20:47:45 [INFO] AutoFeeding:feeding_cycle:768 - 找到保護區內DR_F: (-55.65, 326.3)
2025-07-24 20:47:45 [INFO] AutoFeeding:set_dr_f_available:720 - DR_F已就緒: (-55.65, 326.3), Flow1可直接讀取座標
2025-07-24 20:47:46 [DEBUG] AutoFeeding:trigger_ccd1_detection:553 - 發送檢測指令前 - 201狀態: 9
2025-07-24 20:47:46 [DEBUG] AutoFeeding:trigger_ccd1_detection:561 - 已發送控制指令16到寄存器200
2025-07-24 20:47:47 [DEBUG] AutoFeeding:trigger_ccd1_detection:580 - CCD1檢測完成標誌確認
2025-07-24 20:47:47 [INFO] AutoFeeding:feeding_cycle:741 - 週期1903 檢測結果: DR_F=15, 總數=28
2025-07-24 20:47:47 [INFO] AutoFeeding:feeding_cycle:768 - 找到保護區內DR_F: (-55.66, 326.3)
2025-07-24 20:47:47 [INFO] AutoFeeding:set_dr_f_available:720 - DR_F已就緒: (-55.66, 326.3), Flow1可直接讀取座標
2025-07-24 20:47:48 [DEBUG] AutoFeeding:trigger_ccd1_detection:553 - 發送檢測指令前 - 201狀態: 9
2025-07-24 20:47:48 [DEBUG] AutoFeeding:trigger_ccd1_detection:561 - 已發送控制指令16到寄存器200
2025-07-24 20:47:49 [DEBUG] AutoFeeding:trigger_ccd1_detection:580 - CCD1檢測完成標誌確認
2025-07-24 20:47:49 [INFO] AutoFeeding:feeding_cycle:741 - 週期1904 檢測結果: DR_F=15, 總數=28
2025-07-24 20:47:49 [INFO] AutoFeeding:feeding_cycle:768 - 找到保護區內DR_F: (-55.66, 326.3)
2025-07-24 20:47:49 [INFO] AutoFeeding:set_dr_f_available:720 - DR_F已就緒: (-55.66, 326.3), Flow1可直接讀取座標
2025-07-24 20:47:50 [DEBUG] AutoFeeding:trigger_ccd1_detection:553 - 發送檢測指令前 - 201狀態: 9
2025-07-24 20:47:50 [DEBUG] AutoFeeding:trigger_ccd1_detection:561 - 已發送控制指令16到寄存器200
2025-07-24 20:47:51 [DEBUG] AutoFeeding:trigger_ccd1_detection:580 - CCD1檢測完成標誌確認
2025-07-24 20:47:51 [INFO] AutoFeeding:feeding_cycle:741 - 週期1905 檢測結果: DR_F=15, 總數=28
2025-07-24 20:47:51 [INFO] AutoFeeding:feeding_cycle:768 - 找到保護區內DR_F: (-55.66, 326.3)
2025-07-24 20:47:51 [INFO] AutoFeeding:set_dr_f_available:720 - DR_F已就緒: (-55.66, 326.3), Flow1可直接讀取座標
2025-07-24 20:47:52 [DEBUG] AutoFeeding:trigger_ccd1_detection:553 - 發送檢測指令前 - 201狀態: 9
2025-07-24 20:47:52 [DEBUG] AutoFeeding:trigger_ccd1_detection:561 - 已發送控制指令16到寄存器200
2025-07-24 20:47:53 [DEBUG] AutoFeeding:trigger_ccd1_detection:580 - CCD1檢測完成標誌確認
2025-07-24 20:47:53 [INFO] AutoFeeding:feeding_cycle:741 - 週期1906 檢測結果: DR_F=15, 總數=28
2025-07-24 20:47:53 [INFO] AutoFeeding:feeding_cycle:768 - 找到保護區內DR_F: (-55.66, 326.3)
2025-07-24 20:47:53 [INFO] AutoFeeding:set_dr_f_available:720 - DR_F已就緒: (-55.66, 326.3), Flow1可直接讀取座標
2025-07-24 20:47:54 [DEBUG] AutoFeeding:trigger_ccd1_detection:553 - 發送檢測指令前 - 201狀態: 9
2025-07-24 20:47:54 [DEBUG] AutoFeeding:trigger_ccd1_detection:561 - 已發送控制指令16到寄存器200
2025-07-24 20:47:55 [DEBUG] AutoFeeding:trigger_ccd1_detection:580 - CCD1檢測完成標誌確認
2025-07-24 20:47:55 [INFO] AutoFeeding:feeding_cycle:741 - 週期1907 檢測結果: DR_F=15, 總數=28
2025-07-24 20:47:55 [INFO] AutoFeeding:feeding_cycle:768 - 找到保護區內DR_F: (-55.65, 326.3)
2025-07-24 20:47:55 [INFO] AutoFeeding:set_dr_f_available:720 - DR_F已就緒: (-55.65, 326.3), Flow1可直接讀取座標
2025-07-24 20:47:56 [DEBUG] AutoFeeding:trigger_ccd1_detection:553 - 發送檢測指令前 - 201狀態: 9
2025-07-24 20:47:56 [DEBUG] AutoFeeding:trigger_ccd1_detection:561 - 已發送控制指令16到寄存器200
2025-07-24 20:47:57 [DEBUG] AutoFeeding:trigger_ccd1_detection:580 - CCD1檢測完成標誌確認
2025-07-24 20:47:57 [INFO] AutoFeeding:feeding_cycle:741 - 週期1908 檢測結果: DR_F=15, 總數=28
2025-07-24 20:47:57 [INFO] AutoFeeding:feeding_cycle:768 - 找到保護區內DR_F: (-55.66, 326.3)
2025-07-24 20:47:57 [INFO] AutoFeeding:set_dr_f_available:720 - DR_F已就緒: (-55.66, 326.3), Flow1可直接讀取座標
2025-07-24 20:47:58 [DEBUG] AutoFeeding:trigger_ccd1_detection:553 - 發送檢測指令前 - 201狀態: 9
2025-07-24 20:47:58 [DEBUG] AutoFeeding:trigger_ccd1_detection:561 - 已發送控制指令16到寄存器200
2025-07-24 20:47:59 [DEBUG] AutoFeeding:trigger_ccd1_detection:580 - CCD1檢測完成標誌確認
2025-07-24 20:47:59 [INFO] AutoFeeding:feeding_cycle:741 - 週期1909 檢測結果: DR_F=15, 總數=28
2025-07-24 20:47:59 [INFO] AutoFeeding:feeding_cycle:768 - 找到保護區內DR_F: (-55.66, 326.31)
2025-07-24 20:47:59 [INFO] AutoFeeding:set_dr_f_available:720 - DR_F已就緒: (-55.66, 326.31), Flow1可直接讀取座標
2025-07-24 20:48:00 [DEBUG] AutoFeeding:trigger_ccd1_detection:553 - 發送檢測指令前 - 201狀態: 9
2025-07-24 20:48:00 [DEBUG] AutoFeeding:trigger_ccd1_detection:561 - 已發送控制指令16到寄存器200
2025-07-24 20:48:01 [DEBUG] AutoFeeding:trigger_ccd1_detection:580 - CCD1檢測完成標誌確認
2025-07-24 20:48:01 [INFO] AutoFeeding:feeding_cycle:741 - 週期1910 檢測結果: DR_F=15, 總數=28
2025-07-24 20:48:01 [INFO] AutoFeeding:feeding_cycle:768 - 找到保護區內DR_F: (-55.66, 326.3)
2025-07-24 20:48:01 [INFO] AutoFeeding:set_dr_f_available:720 - DR_F已就緒: (-55.66, 326.3), Flow1可直接讀取座標
2025-07-24 20:48:02 [DEBUG] AutoFeeding:trigger_ccd1_detection:553 - 發送檢測指令前 - 201狀態: 9
2025-07-24 20:48:02 [DEBUG] AutoFeeding:trigger_ccd1_detection:561 - 已發送控制指令16到寄存器200
2025-07-24 20:48:03 [DEBUG] AutoFeeding:trigger_ccd1_detection:580 - CCD1檢測完成標誌確認
2025-07-24 20:48:03 [INFO] AutoFeeding:feeding_cycle:741 - 週期1911 檢測結果: DR_F=15, 總數=28
2025-07-24 20:48:03 [INFO] AutoFeeding:feeding_cycle:768 - 找到保護區內DR_F: (-55.66, 326.3)
2025-07-24 20:48:03 [INFO] AutoFeeding:set_dr_f_available:720 - DR_F已就緒: (-55.66, 326.3), Flow1可直接讀取座標
2025-07-24 20:48:04 [DEBUG] AutoFeeding:trigger_ccd1_detection:553 - 發送檢測指令前 - 201狀態: 9
2025-07-24 20:48:04 [DEBUG] AutoFeeding:trigger_ccd1_detection:561 - 已發送控制指令16到寄存器200
2025-07-24 20:48:05 [DEBUG] AutoFeeding:trigger_ccd1_detection:580 - CCD1檢測完成標誌確認
2025-07-24 20:48:05 [INFO] AutoFeeding:feeding_cycle:741 - 週期1912 檢測結果: DR_F=15, 總數=28
2025-07-24 20:48:05 [INFO] AutoFeeding:feeding_cycle:768 - 找到保護區內DR_F: (-55.66, 326.3)
2025-07-24 20:48:05 [INFO] AutoFeeding:set_dr_f_available:720 - DR_F已就緒: (-55.66, 326.3), Flow1可直接讀取座標
2025-07-24 20:48:06 [DEBUG] AutoFeeding:trigger_ccd1_detection:553 - 發送檢測指令前 - 201狀態: 9
2025-07-24 20:48:07 [DEBUG] AutoFeeding:trigger_ccd1_detection:561 - 已發送控制指令16到寄存器200
2025-07-24 20:48:08 [DEBUG] AutoFeeding:trigger_ccd1_detection:580 - CCD1檢測完成標誌確認
2025-07-24 20:48:08 [INFO] AutoFeeding:feeding_cycle:741 - 週期1913 檢測結果: DR_F=15, 總數=28
2025-07-24 20:48:08 [INFO] AutoFeeding:feeding_cycle:768 - 找到保護區內DR_F: (-55.66, 326.3)
2025-07-24 20:48:08 [INFO] AutoFeeding:set_dr_f_available:720 - DR_F已就緒: (-55.66, 326.3), Flow1可直接讀取座標
2025-07-24 20:48:09 [DEBUG] AutoFeeding:trigger_ccd1_detection:553 - 發送檢測指令前 - 201狀態: 9
2025-07-24 20:48:09 [DEBUG] AutoFeeding:trigger_ccd1_detection:561 - 已發送控制指令16到寄存器200
2025-07-24 20:48:10 [DEBUG] AutoFeeding:trigger_ccd1_detection:580 - CCD1檢測完成標誌確認
2025-07-24 20:48:10 [INFO] AutoFeeding:feeding_cycle:741 - 週期1914 檢測結果: DR_F=15, 總數=28
2025-07-24 20:48:10 [INFO] AutoFeeding:feeding_cycle:768 - 找到保護區內DR_F: (-55.66, 326.3)
2025-07-24 20:48:10 [INFO] AutoFeeding:set_dr_f_available:720 - DR_F已就緒: (-55.66, 326.3), Flow1可直接讀取座標
2025-07-24 20:48:11 [DEBUG] AutoFeeding:trigger_ccd1_detection:553 - 發送檢測指令前 - 201狀態: 9
2025-07-24 20:48:11 [DEBUG] AutoFeeding:trigger_ccd1_detection:561 - 已發送控制指令16到寄存器200
2025-07-24 20:48:12 [DEBUG] AutoFeeding:trigger_ccd1_detection:580 - CCD1檢測完成標誌確認
2025-07-24 20:48:12 [INFO] AutoFeeding:feeding_cycle:741 - 週期1915 檢測結果: DR_F=15, 總數=29
2025-07-24 20:48:12 [INFO] AutoFeeding:feeding_cycle:768 - 找到保護區內DR_F: (-55.65, 326.3)
2025-07-24 20:48:12 [INFO] AutoFeeding:set_dr_f_available:720 - DR_F已就緒: (-55.65, 326.3), Flow1可直接讀取座標
2025-07-24 20:48:13 [DEBUG] AutoFeeding:trigger_ccd1_detection:553 - 發送檢測指令前 - 201狀態: 9
2025-07-24 20:48:13 [DEBUG] AutoFeeding:trigger_ccd1_detection:561 - 已發送控制指令16到寄存器200
2025-07-24 20:48:14 [DEBUG] AutoFeeding:trigger_ccd1_detection:580 - CCD1檢測完成標誌確認
2025-07-24 20:48:14 [INFO] AutoFeeding:feeding_cycle:741 - 週期1916 檢測結果: DR_F=15, 總數=28
2025-07-24 20:48:14 [INFO] AutoFeeding:feeding_cycle:768 - 找到保護區內DR_F: (-55.66, 326.3)
2025-07-24 20:48:14 [INFO] AutoFeeding:set_dr_f_available:720 - DR_F已就緒: (-55.66, 326.3), Flow1可直接讀取座標
2025-07-24 20:48:15 [DEBUG] AutoFeeding:trigger_ccd1_detection:553 - 發送檢測指令前 - 201狀態: 9
2025-07-24 20:48:15 [DEBUG] AutoFeeding:trigger_ccd1_detection:561 - 已發送控制指令16到寄存器200
2025-07-24 20:48:16 [DEBUG] AutoFeeding:trigger_ccd1_detection:580 - CCD1檢測完成標誌確認
2025-07-24 20:48:16 [INFO] AutoFeeding:feeding_cycle:741 - 週期1917 檢測結果: DR_F=15, 總數=28
2025-07-24 20:48:16 [INFO] AutoFeeding:feeding_cycle:768 - 找到保護區內DR_F: (-55.66, 326.3)
2025-07-24 20:48:16 [INFO] AutoFeeding:set_dr_f_available:720 - DR_F已就緒: (-55.66, 326.3), Flow1可直接讀取座標
2025-07-24 20:48:17 [DEBUG] AutoFeeding:trigger_ccd1_detection:553 - 發送檢測指令前 - 201狀態: 9
2025-07-24 20:48:17 [DEBUG] AutoFeeding:trigger_ccd1_detection:561 - 已發送控制指令16到寄存器200
2025-07-24 20:48:18 [DEBUG] AutoFeeding:trigger_ccd1_detection:580 - CCD1檢測完成標誌確認
2025-07-24 20:48:18 [INFO] AutoFeeding:feeding_cycle:741 - 週期1918 檢測結果: DR_F=15, 總數=28
2025-07-24 20:48:18 [INFO] AutoFeeding:feeding_cycle:768 - 找到保護區內DR_F: (-55.66, 326.31)
2025-07-24 20:48:18 [INFO] AutoFeeding:set_dr_f_available:720 - DR_F已就緒: (-55.66, 326.31), Flow1可直接讀取座標
2025-07-24 20:48:19 [DEBUG] AutoFeeding:trigger_ccd1_detection:553 - 發送檢測指令前 - 201狀態: 9
2025-07-24 20:48:19 [DEBUG] AutoFeeding:trigger_ccd1_detection:561 - 已發送控制指令16到寄存器200
2025-07-24 20:48:20 [DEBUG] AutoFeeding:trigger_ccd1_detection:580 - CCD1檢測完成標誌確認
2025-07-24 20:48:20 [INFO] AutoFeeding:feeding_cycle:741 - 週期1919 檢測結果: DR_F=15, 總數=28
2025-07-24 20:48:20 [INFO] AutoFeeding:feeding_cycle:768 - 找到保護區內DR_F: (-55.65, 326.3)
2025-07-24 20:48:20 [INFO] AutoFeeding:set_dr_f_available:720 - DR_F已就緒: (-55.65, 326.3), Flow1可直接讀取座標
2025-07-24 20:48:21 [DEBUG] AutoFeeding:trigger_ccd1_detection:553 - 發送檢測指令前 - 201狀態: 9
2025-07-24 20:48:21 [DEBUG] AutoFeeding:trigger_ccd1_detection:561 - 已發送控制指令16到寄存器200
2025-07-24 20:48:22 [DEBUG] AutoFeeding:trigger_ccd1_detection:580 - CCD1檢測完成標誌確認
2025-07-24 20:48:22 [INFO] AutoFeeding:feeding_cycle:741 - 週期1920 檢測結果: DR_F=15, 總數=28
2025-07-24 20:48:22 [INFO] AutoFeeding:feeding_cycle:768 - 找到保護區內DR_F: (-55.66, 326.3)
2025-07-24 20:48:22 [INFO] AutoFeeding:set_dr_f_available:720 - DR_F已就緒: (-55.66, 326.3), Flow1可直接讀取座標
2025-07-24 20:48:23 [DEBUG] AutoFeeding:trigger_ccd1_detection:553 - 發送檢測指令前 - 201狀態: 9
2025-07-24 20:48:23 [DEBUG] AutoFeeding:trigger_ccd1_detection:561 - 已發送控制指令16到寄存器200
2025-07-24 20:48:24 [DEBUG] AutoFeeding:trigger_ccd1_detection:580 - CCD1檢測完成標誌確認
2025-07-24 20:48:24 [INFO] AutoFeeding:feeding_cycle:741 - 週期1921 檢測結果: DR_F=15, 總數=28
2025-07-24 20:48:24 [INFO] AutoFeeding:feeding_cycle:768 - 找到保護區內DR_F: (-55.65, 326.3)
2025-07-24 20:48:24 [INFO] AutoFeeding:set_dr_f_available:720 - DR_F已就緒: (-55.65, 326.3), Flow1可直接讀取座標
2025-07-24 20:48:25 [DEBUG] AutoFeeding:trigger_ccd1_detection:553 - 發送檢測指令前 - 201狀態: 9
2025-07-24 20:48:25 [DEBUG] AutoFeeding:trigger_ccd1_detection:561 - 已發送控制指令16到寄存器200
2025-07-24 20:48:26 [DEBUG] AutoFeeding:trigger_ccd1_detection:580 - CCD1檢測完成標誌確認
2025-07-24 20:48:26 [INFO] AutoFeeding:feeding_cycle:741 - 週期1922 檢測結果: DR_F=15, 總數=29
2025-07-24 20:48:26 [INFO] AutoFeeding:feeding_cycle:768 - 找到保護區內DR_F: (-55.65, 326.3)
2025-07-24 20:48:26 [INFO] AutoFeeding:set_dr_f_available:720 - DR_F已就緒: (-55.65, 326.3), Flow1可直接讀取座標
2025-07-24 20:48:27 [DEBUG] AutoFeeding:trigger_ccd1_detection:553 - 發送檢測指令前 - 201狀態: 9
2025-07-24 20:48:27 [DEBUG] AutoFeeding:trigger_ccd1_detection:561 - 已發送控制指令16到寄存器200
2025-07-24 20:48:28 [DEBUG] AutoFeeding:trigger_ccd1_detection:580 - CCD1檢測完成標誌確認
2025-07-24 20:48:28 [INFO] AutoFeeding:feeding_cycle:741 - 週期1923 檢測結果: DR_F=15, 總數=28
2025-07-24 20:48:28 [INFO] AutoFeeding:feeding_cycle:768 - 找到保護區內DR_F: (-55.65, 326.31)
2025-07-24 20:48:28 [INFO] AutoFeeding:set_dr_f_available:720 - DR_F已就緒: (-55.65, 326.31), Flow1可直接讀取座標
2025-07-24 20:48:29 [DEBUG] AutoFeeding:trigger_ccd1_detection:553 - 發送檢測指令前 - 201狀態: 9
2025-07-24 20:48:29 [DEBUG] AutoFeeding:trigger_ccd1_detection:561 - 已發送控制指令16到寄存器200
2025-07-24 20:48:30 [DEBUG] AutoFeeding:trigger_ccd1_detection:580 - CCD1檢測完成標誌確認
2025-07-24 20:48:30 [INFO] AutoFeeding:feeding_cycle:741 - 週期1924 檢測結果: DR_F=15, 總數=28
2025-07-24 20:48:30 [INFO] AutoFeeding:feeding_cycle:768 - 找到保護區內DR_F: (-55.66, 326.31)
2025-07-24 20:48:30 [INFO] AutoFeeding:set_dr_f_available:720 - DR_F已就緒: (-55.66, 326.31), Flow1可直接讀取座標
2025-07-24 20:48:31 [DEBUG] AutoFeeding:trigger_ccd1_detection:553 - 發送檢測指令前 - 201狀態: 9
2025-07-24 20:48:31 [DEBUG] AutoFeeding:trigger_ccd1_detection:561 - 已發送控制指令16到寄存器200
2025-07-24 20:48:32 [DEBUG] AutoFeeding:trigger_ccd1_detection:580 - CCD1檢測完成標誌確認
2025-07-24 20:48:32 [INFO] AutoFeeding:feeding_cycle:741 - 週期1925 檢測結果: DR_F=15, 總數=28
2025-07-24 20:48:32 [INFO] AutoFeeding:feeding_cycle:768 - 找到保護區內DR_F: (-55.66, 326.3)
2025-07-24 20:48:32 [INFO] AutoFeeding:set_dr_f_available:720 - DR_F已就緒: (-55.66, 326.3), Flow1可直接讀取座標
2025-07-24 20:48:33 [DEBUG] AutoFeeding:trigger_ccd1_detection:553 - 發送檢測指令前 - 201狀態: 9
2025-07-24 20:48:33 [DEBUG] AutoFeeding:trigger_ccd1_detection:561 - 已發送控制指令16到寄存器200
2025-07-24 20:48:34 [DEBUG] AutoFeeding:trigger_ccd1_detection:580 - CCD1檢測完成標誌確認
2025-07-24 20:48:34 [INFO] AutoFeeding:feeding_cycle:741 - 週期1926 檢測結果: DR_F=15, 總數=29
2025-07-24 20:48:34 [INFO] AutoFeeding:feeding_cycle:768 - 找到保護區內DR_F: (-55.66, 326.3)
2025-07-24 20:48:34 [INFO] AutoFeeding:set_dr_f_available:720 - DR_F已就緒: (-55.66, 326.3), Flow1可直接讀取座標
2025-07-24 20:48:35 [DEBUG] AutoFeeding:trigger_ccd1_detection:553 - 發送檢測指令前 - 201狀態: 9
2025-07-24 20:48:35 [DEBUG] AutoFeeding:trigger_ccd1_detection:561 - 已發送控制指令16到寄存器200
2025-07-24 20:48:36 [DEBUG] AutoFeeding:trigger_ccd1_detection:580 - CCD1檢測完成標誌確認
2025-07-24 20:48:36 [INFO] AutoFeeding:feeding_cycle:741 - 週期1927 檢測結果: DR_F=15, 總數=28
2025-07-24 20:48:36 [INFO] AutoFeeding:feeding_cycle:768 - 找到保護區內DR_F: (-55.66, 326.3)
2025-07-24 20:48:36 [INFO] AutoFeeding:set_dr_f_available:720 - DR_F已就緒: (-55.66, 326.3), Flow1可直接讀取座標
2025-07-24 20:48:37 [DEBUG] AutoFeeding:trigger_ccd1_detection:553 - 發送檢測指令前 - 201狀態: 9
2025-07-24 20:48:37 [DEBUG] AutoFeeding:trigger_ccd1_detection:561 - 已發送控制指令16到寄存器200
2025-07-24 20:48:38 [DEBUG] AutoFeeding:trigger_ccd1_detection:580 - CCD1檢測完成標誌確認
2025-07-24 20:48:38 [INFO] AutoFeeding:feeding_cycle:741 - 週期1928 檢測結果: DR_F=15, 總數=29
2025-07-24 20:48:38 [INFO] AutoFeeding:feeding_cycle:768 - 找到保護區內DR_F: (-55.66, 326.3)
2025-07-24 20:48:38 [INFO] AutoFeeding:set_dr_f_available:720 - DR_F已就緒: (-55.66, 326.3), Flow1可直接讀取座標
2025-07-24 20:48:39 [DEBUG] AutoFeeding:trigger_ccd1_detection:553 - 發送檢測指令前 - 201狀態: 9
2025-07-24 20:48:39 [DEBUG] AutoFeeding:trigger_ccd1_detection:561 - 已發送控制指令16到寄存器200
2025-07-24 20:48:40 [DEBUG] AutoFeeding:trigger_ccd1_detection:580 - CCD1檢測完成標誌確認
2025-07-24 20:48:40 [INFO] AutoFeeding:feeding_cycle:741 - 週期1929 檢測結果: DR_F=15, 總數=28
2025-07-24 20:48:40 [INFO] AutoFeeding:feeding_cycle:768 - 找到保護區內DR_F: (-55.66, 326.3)
2025-07-24 20:48:40 [INFO] AutoFeeding:set_dr_f_available:720 - DR_F已就緒: (-55.66, 326.3), Flow1可直接讀取座標
2025-07-24 20:48:41 [DEBUG] AutoFeeding:trigger_ccd1_detection:553 - 發送檢測指令前 - 201狀態: 9
2025-07-24 20:48:41 [DEBUG] AutoFeeding:trigger_ccd1_detection:561 - 已發送控制指令16到寄存器200
2025-07-24 20:48:42 [DEBUG] AutoFeeding:trigger_ccd1_detection:580 - CCD1檢測完成標誌確認
2025-07-24 20:48:42 [INFO] AutoFeeding:feeding_cycle:741 - 週期1930 檢測結果: DR_F=15, 總數=28
2025-07-24 20:48:42 [INFO] AutoFeeding:feeding_cycle:768 - 找到保護區內DR_F: (-55.66, 326.3)
2025-07-24 20:48:42 [INFO] AutoFeeding:set_dr_f_available:720 - DR_F已就緒: (-55.66, 326.3), Flow1可直接讀取座標
2025-07-24 20:48:43 [DEBUG] AutoFeeding:trigger_ccd1_detection:553 - 發送檢測指令前 - 201狀態: 9
2025-07-24 20:48:43 [DEBUG] AutoFeeding:trigger_ccd1_detection:561 - 已發送控制指令16到寄存器200
2025-07-24 20:48:44 [DEBUG] AutoFeeding:trigger_ccd1_detection:580 - CCD1檢測完成標誌確認
2025-07-24 20:48:44 [INFO] AutoFeeding:feeding_cycle:741 - 週期1931 檢測結果: DR_F=15, 總數=29
2025-07-24 20:48:44 [INFO] AutoFeeding:feeding_cycle:768 - 找到保護區內DR_F: (-55.66, 326.3)
2025-07-24 20:48:44 [INFO] AutoFeeding:set_dr_f_available:720 - DR_F已就緒: (-55.66, 326.3), Flow1可直接讀取座標
2025-07-24 20:48:45 [DEBUG] AutoFeeding:trigger_ccd1_detection:553 - 發送檢測指令前 - 201狀態: 9
2025-07-24 20:48:45 [DEBUG] AutoFeeding:trigger_ccd1_detection:561 - 已發送控制指令16到寄存器200
2025-07-24 20:48:46 [DEBUG] AutoFeeding:trigger_ccd1_detection:580 - CCD1檢測完成標誌確認
2025-07-24 20:48:46 [INFO] AutoFeeding:feeding_cycle:741 - 週期1932 檢測結果: DR_F=15, 總數=28
2025-07-24 20:48:46 [INFO] AutoFeeding:feeding_cycle:768 - 找到保護區內DR_F: (-55.66, 326.3)
2025-07-24 20:48:46 [INFO] AutoFeeding:set_dr_f_available:720 - DR_F已就緒: (-55.66, 326.3), Flow1可直接讀取座標
2025-07-24 20:48:47 [DEBUG] AutoFeeding:trigger_ccd1_detection:553 - 發送檢測指令前 - 201狀態: 9
2025-07-24 20:48:47 [DEBUG] AutoFeeding:trigger_ccd1_detection:561 - 已發送控制指令16到寄存器200
2025-07-24 20:48:48 [DEBUG] AutoFeeding:trigger_ccd1_detection:580 - CCD1檢測完成標誌確認
2025-07-24 20:48:48 [INFO] AutoFeeding:feeding_cycle:741 - 週期1933 檢測結果: DR_F=15, 總數=28
2025-07-24 20:48:48 [INFO] AutoFeeding:feeding_cycle:768 - 找到保護區內DR_F: (-55.66, 326.31)
2025-07-24 20:48:48 [INFO] AutoFeeding:set_dr_f_available:720 - DR_F已就緒: (-55.66, 326.31), Flow1可直接讀取座標
2025-07-24 20:48:49 [DEBUG] AutoFeeding:trigger_ccd1_detection:553 - 發送檢測指令前 - 201狀態: 9
2025-07-24 20:48:49 [DEBUG] AutoFeeding:trigger_ccd1_detection:561 - 已發送控制指令16到寄存器200
2025-07-24 20:48:51 [DEBUG] AutoFeeding:trigger_ccd1_detection:580 - CCD1檢測完成標誌確認
2025-07-24 20:48:51 [INFO] AutoFeeding:feeding_cycle:741 - 週期1934 檢測結果: DR_F=15, 總數=28
2025-07-24 20:48:51 [INFO] AutoFeeding:feeding_cycle:768 - 找到保護區內DR_F: (-55.66, 326.3)
2025-07-24 20:48:51 [INFO] AutoFeeding:set_dr_f_available:720 - DR_F已就緒: (-55.66, 326.3), Flow1可直接讀取座標
2025-07-24 20:48:52 [DEBUG] AutoFeeding:trigger_ccd1_detection:553 - 發送檢測指令前 - 201狀態: 9
2025-07-24 20:48:52 [DEBUG] AutoFeeding:trigger_ccd1_detection:561 - 已發送控制指令16到寄存器200
2025-07-24 20:48:53 [DEBUG] AutoFeeding:trigger_ccd1_detection:580 - CCD1檢測完成標誌確認
2025-07-24 20:48:53 [INFO] AutoFeeding:feeding_cycle:741 - 週期1935 檢測結果: DR_F=15, 總數=28
2025-07-24 20:48:53 [INFO] AutoFeeding:feeding_cycle:768 - 找到保護區內DR_F: (-55.66, 326.3)
2025-07-24 20:48:53 [INFO] AutoFeeding:set_dr_f_available:720 - DR_F已就緒: (-55.66, 326.3), Flow1可直接讀取座標
2025-07-24 20:48:54 [DEBUG] AutoFeeding:trigger_ccd1_detection:553 - 發送檢測指令前 - 201狀態: 9
2025-07-24 20:48:54 [DEBUG] AutoFeeding:trigger_ccd1_detection:561 - 已發送控制指令16到寄存器200
2025-07-24 20:48:55 [DEBUG] AutoFeeding:trigger_ccd1_detection:580 - CCD1檢測完成標誌確認
2025-07-24 20:48:55 [INFO] AutoFeeding:feeding_cycle:741 - 週期1936 檢測結果: DR_F=15, 總數=28
2025-07-24 20:48:55 [INFO] AutoFeeding:feeding_cycle:768 - 找到保護區內DR_F: (-55.66, 326.3)
2025-07-24 20:48:55 [INFO] AutoFeeding:set_dr_f_available:720 - DR_F已就緒: (-55.66, 326.3), Flow1可直接讀取座標
2025-07-24 20:48:56 [DEBUG] AutoFeeding:trigger_ccd1_detection:553 - 發送檢測指令前 - 201狀態: 9
2025-07-24 20:48:56 [DEBUG] AutoFeeding:trigger_ccd1_detection:561 - 已發送控制指令16到寄存器200
2025-07-24 20:48:57 [DEBUG] AutoFeeding:trigger_ccd1_detection:580 - CCD1檢測完成標誌確認
2025-07-24 20:48:57 [INFO] AutoFeeding:feeding_cycle:741 - 週期1937 檢測結果: DR_F=15, 總數=28
2025-07-24 20:48:57 [INFO] AutoFeeding:feeding_cycle:768 - 找到保護區內DR_F: (-55.66, 326.3)
2025-07-24 20:48:57 [INFO] AutoFeeding:set_dr_f_available:720 - DR_F已就緒: (-55.66, 326.3), Flow1可直接讀取座標
2025-07-24 20:48:58 [DEBUG] AutoFeeding:trigger_ccd1_detection:553 - 發送檢測指令前 - 201狀態: 9
2025-07-24 20:48:58 [DEBUG] AutoFeeding:trigger_ccd1_detection:561 - 已發送控制指令16到寄存器200
2025-07-24 20:48:59 [DEBUG] AutoFeeding:trigger_ccd1_detection:580 - CCD1檢測完成標誌確認
2025-07-24 20:48:59 [INFO] AutoFeeding:feeding_cycle:741 - 週期1938 檢測結果: DR_F=15, 總數=29
2025-07-24 20:48:59 [INFO] AutoFeeding:feeding_cycle:768 - 找到保護區內DR_F: (-55.65, 326.3)
2025-07-24 20:48:59 [INFO] AutoFeeding:set_dr_f_available:720 - DR_F已就緒: (-55.65, 326.3), Flow1可直接讀取座標
2025-07-24 20:49:00 [DEBUG] AutoFeeding:trigger_ccd1_detection:553 - 發送檢測指令前 - 201狀態: 9
2025-07-24 20:49:00 [DEBUG] AutoFeeding:trigger_ccd1_detection:561 - 已發送控制指令16到寄存器200
2025-07-24 20:49:01 [DEBUG] AutoFeeding:trigger_ccd1_detection:580 - CCD1檢測完成標誌確認
2025-07-24 20:49:01 [INFO] AutoFeeding:feeding_cycle:741 - 週期1939 檢測結果: DR_F=15, 總數=28
2025-07-24 20:49:01 [INFO] AutoFeeding:feeding_cycle:768 - 找到保護區內DR_F: (-55.66, 326.3)
2025-07-24 20:49:01 [INFO] AutoFeeding:set_dr_f_available:720 - DR_F已就緒: (-55.66, 326.3), Flow1可直接讀取座標
2025-07-24 20:49:02 [DEBUG] AutoFeeding:trigger_ccd1_detection:553 - 發送檢測指令前 - 201狀態: 9
2025-07-24 20:49:02 [DEBUG] AutoFeeding:trigger_ccd1_detection:561 - 已發送控制指令16到寄存器200
2025-07-24 20:49:03 [DEBUG] AutoFeeding:trigger_ccd1_detection:580 - CCD1檢測完成標誌確認
2025-07-24 20:49:03 [INFO] AutoFeeding:feeding_cycle:741 - 週期1940 檢測結果: DR_F=15, 總數=28
2025-07-24 20:49:03 [INFO] AutoFeeding:feeding_cycle:768 - 找到保護區內DR_F: (-55.66, 326.3)
2025-07-24 20:49:03 [INFO] AutoFeeding:set_dr_f_available:720 - DR_F已就緒: (-55.66, 326.3), Flow1可直接讀取座標
2025-07-24 20:49:04 [DEBUG] AutoFeeding:trigger_ccd1_detection:553 - 發送檢測指令前 - 201狀態: 9
2025-07-24 20:49:04 [DEBUG] AutoFeeding:trigger_ccd1_detection:561 - 已發送控制指令16到寄存器200
2025-07-24 20:49:05 [DEBUG] AutoFeeding:trigger_ccd1_detection:580 - CCD1檢測完成標誌確認
2025-07-24 20:49:05 [INFO] AutoFeeding:feeding_cycle:741 - 週期1941 檢測結果: DR_F=15, 總數=28
2025-07-24 20:49:05 [INFO] AutoFeeding:feeding_cycle:768 - 找到保護區內DR_F: (-55.66, 326.29)
2025-07-24 20:49:05 [INFO] AutoFeeding:set_dr_f_available:720 - DR_F已就緒: (-55.66, 326.29), Flow1可直接讀取座標
2025-07-24 20:49:06 [DEBUG] AutoFeeding:trigger_ccd1_detection:553 - 發送檢測指令前 - 201狀態: 9
2025-07-24 20:49:06 [DEBUG] AutoFeeding:trigger_ccd1_detection:561 - 已發送控制指令16到寄存器200
2025-07-24 20:49:07 [DEBUG] AutoFeeding:trigger_ccd1_detection:580 - CCD1檢測完成標誌確認
2025-07-24 20:49:07 [INFO] AutoFeeding:feeding_cycle:741 - 週期1942 檢測結果: DR_F=15, 總數=28
2025-07-24 20:49:07 [INFO] AutoFeeding:feeding_cycle:768 - 找到保護區內DR_F: (-55.65, 326.3)
2025-07-24 20:49:07 [INFO] AutoFeeding:set_dr_f_available:720 - DR_F已就緒: (-55.65, 326.3), Flow1可直接讀取座標
2025-07-24 20:49:08 [DEBUG] AutoFeeding:trigger_ccd1_detection:553 - 發送檢測指令前 - 201狀態: 9
2025-07-24 20:49:08 [DEBUG] AutoFeeding:trigger_ccd1_detection:561 - 已發送控制指令16到寄存器200
2025-07-24 20:49:09 [DEBUG] AutoFeeding:trigger_ccd1_detection:580 - CCD1檢測完成標誌確認
2025-07-24 20:49:09 [INFO] AutoFeeding:feeding_cycle:741 - 週期1943 檢測結果: DR_F=15, 總數=28
2025-07-24 20:49:09 [INFO] AutoFeeding:feeding_cycle:768 - 找到保護區內DR_F: (-55.65, 326.3)
2025-07-24 20:49:09 [INFO] AutoFeeding:set_dr_f_available:720 - DR_F已就緒: (-55.65, 326.3), Flow1可直接讀取座標
2025-07-24 20:49:10 [DEBUG] AutoFeeding:trigger_ccd1_detection:553 - 發送檢測指令前 - 201狀態: 9
2025-07-24 20:49:10 [DEBUG] AutoFeeding:trigger_ccd1_detection:561 - 已發送控制指令16到寄存器200
2025-07-24 20:49:11 [DEBUG] AutoFeeding:trigger_ccd1_detection:580 - CCD1檢測完成標誌確認
2025-07-24 20:49:11 [INFO] AutoFeeding:feeding_cycle:741 - 週期1944 檢測結果: DR_F=15, 總數=28
2025-07-24 20:49:11 [INFO] AutoFeeding:feeding_cycle:768 - 找到保護區內DR_F: (-55.66, 326.31)
2025-07-24 20:49:11 [INFO] AutoFeeding:set_dr_f_available:720 - DR_F已就緒: (-55.66, 326.31), Flow1可直接讀取座標
2025-07-24 20:49:12 [DEBUG] AutoFeeding:trigger_ccd1_detection:553 - 發送檢測指令前 - 201狀態: 9
2025-07-24 20:49:12 [DEBUG] AutoFeeding:trigger_ccd1_detection:561 - 已發送控制指令16到寄存器200
2025-07-24 20:49:13 [DEBUG] AutoFeeding:trigger_ccd1_detection:580 - CCD1檢測完成標誌確認
2025-07-24 20:49:13 [INFO] AutoFeeding:feeding_cycle:741 - 週期1945 檢測結果: DR_F=15, 總數=28
2025-07-24 20:49:13 [INFO] AutoFeeding:feeding_cycle:768 - 找到保護區內DR_F: (-55.66, 326.3)
2025-07-24 20:49:13 [INFO] AutoFeeding:set_dr_f_available:720 - DR_F已就緒: (-55.66, 326.3), Flow1可直接讀取座標
2025-07-24 20:49:14 [DEBUG] AutoFeeding:trigger_ccd1_detection:553 - 發送檢測指令前 - 201狀態: 9
2025-07-24 20:49:14 [DEBUG] AutoFeeding:trigger_ccd1_detection:561 - 已發送控制指令16到寄存器200
2025-07-24 20:49:15 [DEBUG] AutoFeeding:trigger_ccd1_detection:580 - CCD1檢測完成標誌確認
2025-07-24 20:49:15 [INFO] AutoFeeding:feeding_cycle:741 - 週期1946 檢測結果: DR_F=15, 總數=28
2025-07-24 20:49:15 [INFO] AutoFeeding:feeding_cycle:768 - 找到保護區內DR_F: (-55.66, 326.3)
2025-07-24 20:49:15 [INFO] AutoFeeding:set_dr_f_available:720 - DR_F已就緒: (-55.66, 326.3), Flow1可直接讀取座標
2025-07-24 20:49:16 [DEBUG] AutoFeeding:trigger_ccd1_detection:553 - 發送檢測指令前 - 201狀態: 9
2025-07-24 20:49:16 [DEBUG] AutoFeeding:trigger_ccd1_detection:561 - 已發送控制指令16到寄存器200
2025-07-24 20:49:17 [DEBUG] AutoFeeding:trigger_ccd1_detection:580 - CCD1檢測完成標誌確認
2025-07-24 20:49:17 [INFO] AutoFeeding:feeding_cycle:741 - 週期1947 檢測結果: DR_F=15, 總數=28
2025-07-24 20:49:17 [INFO] AutoFeeding:feeding_cycle:768 - 找到保護區內DR_F: (-55.66, 326.3)
2025-07-24 20:49:17 [INFO] AutoFeeding:set_dr_f_available:720 - DR_F已就緒: (-55.66, 326.3), Flow1可直接讀取座標
2025-07-24 20:49:18 [DEBUG] AutoFeeding:trigger_ccd1_detection:553 - 發送檢測指令前 - 201狀態: 9
2025-07-24 20:49:18 [DEBUG] AutoFeeding:trigger_ccd1_detection:561 - 已發送控制指令16到寄存器200
2025-07-24 20:49:19 [DEBUG] AutoFeeding:trigger_ccd1_detection:580 - CCD1檢測完成標誌確認
2025-07-24 20:49:19 [INFO] AutoFeeding:feeding_cycle:741 - 週期1948 檢測結果: DR_F=15, 總數=28
2025-07-24 20:49:19 [INFO] AutoFeeding:feeding_cycle:768 - 找到保護區內DR_F: (-55.66, 326.3)
2025-07-24 20:49:19 [INFO] AutoFeeding:set_dr_f_available:720 - DR_F已就緒: (-55.66, 326.3), Flow1可直接讀取座標
2025-07-24 20:49:20 [DEBUG] AutoFeeding:trigger_ccd1_detection:553 - 發送檢測指令前 - 201狀態: 9
2025-07-24 20:49:20 [DEBUG] AutoFeeding:trigger_ccd1_detection:561 - 已發送控制指令16到寄存器200
2025-07-24 20:49:21 [DEBUG] AutoFeeding:trigger_ccd1_detection:580 - CCD1檢測完成標誌確認
2025-07-24 20:49:21 [INFO] AutoFeeding:feeding_cycle:741 - 週期1949 檢測結果: DR_F=15, 總數=28
2025-07-24 20:49:21 [INFO] AutoFeeding:feeding_cycle:768 - 找到保護區內DR_F: (-55.65, 326.3)
2025-07-24 20:49:21 [INFO] AutoFeeding:set_dr_f_available:720 - DR_F已就緒: (-55.65, 326.3), Flow1可直接讀取座標
2025-07-24 20:49:22 [DEBUG] AutoFeeding:trigger_ccd1_detection:553 - 發送檢測指令前 - 201狀態: 9
2025-07-24 20:49:22 [DEBUG] AutoFeeding:trigger_ccd1_detection:561 - 已發送控制指令16到寄存器200
2025-07-24 20:49:23 [DEBUG] AutoFeeding:trigger_ccd1_detection:580 - CCD1檢測完成標誌確認
2025-07-24 20:49:23 [INFO] AutoFeeding:feeding_cycle:741 - 週期1950 檢測結果: DR_F=15, 總數=29
2025-07-24 20:49:23 [INFO] AutoFeeding:feeding_cycle:768 - 找到保護區內DR_F: (-55.66, 326.31)
2025-07-24 20:49:23 [INFO] AutoFeeding:set_dr_f_available:720 - DR_F已就緒: (-55.66, 326.31), Flow1可直接讀取座標
2025-07-24 20:49:24 [DEBUG] AutoFeeding:trigger_ccd1_detection:553 - 發送檢測指令前 - 201狀態: 9
2025-07-24 20:49:24 [DEBUG] AutoFeeding:trigger_ccd1_detection:561 - 已發送控制指令16到寄存器200
2025-07-24 20:49:25 [DEBUG] AutoFeeding:trigger_ccd1_detection:580 - CCD1檢測完成標誌確認
2025-07-24 20:49:25 [INFO] AutoFeeding:feeding_cycle:741 - 週期1951 檢測結果: DR_F=15, 總數=28
2025-07-24 20:49:25 [INFO] AutoFeeding:feeding_cycle:768 - 找到保護區內DR_F: (-55.66, 326.3)
2025-07-24 20:49:25 [INFO] AutoFeeding:set_dr_f_available:720 - DR_F已就緒: (-55.66, 326.3), Flow1可直接讀取座標
2025-07-24 20:49:26 [DEBUG] AutoFeeding:trigger_ccd1_detection:553 - 發送檢測指令前 - 201狀態: 9
2025-07-24 20:49:26 [DEBUG] AutoFeeding:trigger_ccd1_detection:561 - 已發送控制指令16到寄存器200
2025-07-24 20:49:27 [DEBUG] AutoFeeding:trigger_ccd1_detection:580 - CCD1檢測完成標誌確認
2025-07-24 20:49:27 [INFO] AutoFeeding:feeding_cycle:741 - 週期1952 檢測結果: DR_F=15, 總數=28
2025-07-24 20:49:27 [INFO] AutoFeeding:feeding_cycle:768 - 找到保護區內DR_F: (-55.66, 326.3)
2025-07-24 20:49:27 [INFO] AutoFeeding:set_dr_f_available:720 - DR_F已就緒: (-55.66, 326.3), Flow1可直接讀取座標
2025-07-24 20:49:28 [DEBUG] AutoFeeding:trigger_ccd1_detection:553 - 發送檢測指令前 - 201狀態: 9
2025-07-24 20:49:28 [DEBUG] AutoFeeding:trigger_ccd1_detection:561 - 已發送控制指令16到寄存器200
2025-07-24 20:49:29 [DEBUG] AutoFeeding:trigger_ccd1_detection:580 - CCD1檢測完成標誌確認
2025-07-24 20:49:29 [INFO] AutoFeeding:feeding_cycle:741 - 週期1953 檢測結果: DR_F=15, 總數=28
2025-07-24 20:49:29 [INFO] AutoFeeding:feeding_cycle:768 - 找到保護區內DR_F: (-55.66, 326.3)
2025-07-24 20:49:29 [INFO] AutoFeeding:set_dr_f_available:720 - DR_F已就緒: (-55.66, 326.3), Flow1可直接讀取座標
2025-07-24 20:49:30 [DEBUG] AutoFeeding:trigger_ccd1_detection:553 - 發送檢測指令前 - 201狀態: 9
2025-07-24 20:49:30 [DEBUG] AutoFeeding:trigger_ccd1_detection:561 - 已發送控制指令16到寄存器200
2025-07-24 20:49:31 [DEBUG] AutoFeeding:trigger_ccd1_detection:580 - CCD1檢測完成標誌確認
2025-07-24 20:49:31 [INFO] AutoFeeding:feeding_cycle:741 - 週期1954 檢測結果: DR_F=15, 總數=28
2025-07-24 20:49:31 [INFO] AutoFeeding:feeding_cycle:768 - 找到保護區內DR_F: (-55.66, 326.3)
2025-07-24 20:49:31 [INFO] AutoFeeding:set_dr_f_available:720 - DR_F已就緒: (-55.66, 326.3), Flow1可直接讀取座標
2025-07-24 20:49:32 [DEBUG] AutoFeeding:trigger_ccd1_detection:553 - 發送檢測指令前 - 201狀態: 9
2025-07-24 20:49:32 [DEBUG] AutoFeeding:trigger_ccd1_detection:561 - 已發送控制指令16到寄存器200
2025-07-24 20:49:33 [DEBUG] AutoFeeding:trigger_ccd1_detection:580 - CCD1檢測完成標誌確認
2025-07-24 20:49:33 [INFO] AutoFeeding:feeding_cycle:741 - 週期1955 檢測結果: DR_F=15, 總數=28
2025-07-24 20:49:33 [INFO] AutoFeeding:feeding_cycle:768 - 找到保護區內DR_F: (-55.65, 326.3)
2025-07-24 20:49:33 [INFO] AutoFeeding:set_dr_f_available:720 - DR_F已就緒: (-55.65, 326.3), Flow1可直接讀取座標
2025-07-24 20:49:35 [DEBUG] AutoFeeding:trigger_ccd1_detection:553 - 發送檢測指令前 - 201狀態: 9
2025-07-24 20:49:35 [DEBUG] AutoFeeding:trigger_ccd1_detection:561 - 已發送控制指令16到寄存器200
2025-07-24 20:49:36 [DEBUG] AutoFeeding:trigger_ccd1_detection:580 - CCD1檢測完成標誌確認
2025-07-24 20:49:36 [INFO] AutoFeeding:feeding_cycle:741 - 週期1956 檢測結果: DR_F=15, 總數=28
2025-07-24 20:49:36 [INFO] AutoFeeding:feeding_cycle:768 - 找到保護區內DR_F: (-55.66, 326.31)
2025-07-24 20:49:36 [INFO] AutoFeeding:set_dr_f_available:720 - DR_F已就緒: (-55.66, 326.31), Flow1可直接讀取座標
2025-07-24 20:49:37 [DEBUG] AutoFeeding:trigger_ccd1_detection:553 - 發送檢測指令前 - 201狀態: 9
2025-07-24 20:49:37 [DEBUG] AutoFeeding:trigger_ccd1_detection:561 - 已發送控制指令16到寄存器200
2025-07-24 20:49:38 [DEBUG] AutoFeeding:trigger_ccd1_detection:580 - CCD1檢測完成標誌確認
2025-07-24 20:49:38 [INFO] AutoFeeding:feeding_cycle:741 - 週期1957 檢測結果: DR_F=15, 總數=28
2025-07-24 20:49:38 [INFO] AutoFeeding:feeding_cycle:768 - 找到保護區內DR_F: (-55.66, 326.3)
2025-07-24 20:49:38 [INFO] AutoFeeding:set_dr_f_available:720 - DR_F已就緒: (-55.66, 326.3), Flow1可直接讀取座標
2025-07-24 20:49:39 [DEBUG] AutoFeeding:trigger_ccd1_detection:553 - 發送檢測指令前 - 201狀態: 9
2025-07-24 20:49:39 [DEBUG] AutoFeeding:trigger_ccd1_detection:561 - 已發送控制指令16到寄存器200
2025-07-24 20:49:40 [DEBUG] AutoFeeding:trigger_ccd1_detection:580 - CCD1檢測完成標誌確認
2025-07-24 20:49:40 [INFO] AutoFeeding:feeding_cycle:741 - 週期1958 檢測結果: DR_F=15, 總數=28
2025-07-24 20:49:40 [INFO] AutoFeeding:feeding_cycle:768 - 找到保護區內DR_F: (-55.66, 326.3)
2025-07-24 20:49:40 [INFO] AutoFeeding:set_dr_f_available:720 - DR_F已就緒: (-55.66, 326.3), Flow1可直接讀取座標
2025-07-24 20:49:41 [DEBUG] AutoFeeding:trigger_ccd1_detection:553 - 發送檢測指令前 - 201狀態: 9
2025-07-24 20:49:41 [DEBUG] AutoFeeding:trigger_ccd1_detection:561 - 已發送控制指令16到寄存器200
2025-07-24 20:49:42 [DEBUG] AutoFeeding:trigger_ccd1_detection:580 - CCD1檢測完成標誌確認
2025-07-24 20:49:42 [INFO] AutoFeeding:feeding_cycle:741 - 週期1959 檢測結果: DR_F=15, 總數=28
2025-07-24 20:49:42 [INFO] AutoFeeding:feeding_cycle:768 - 找到保護區內DR_F: (-55.66, 326.3)
2025-07-24 20:49:42 [INFO] AutoFeeding:set_dr_f_available:720 - DR_F已就緒: (-55.66, 326.3), Flow1可直接讀取座標
2025-07-24 20:49:43 [DEBUG] AutoFeeding:trigger_ccd1_detection:553 - 發送檢測指令前 - 201狀態: 9
2025-07-24 20:49:43 [DEBUG] AutoFeeding:trigger_ccd1_detection:561 - 已發送控制指令16到寄存器200
2025-07-24 20:49:44 [DEBUG] AutoFeeding:trigger_ccd1_detection:580 - CCD1檢測完成標誌確認
2025-07-24 20:49:44 [INFO] AutoFeeding:feeding_cycle:741 - 週期1960 檢測結果: DR_F=15, 總數=28
2025-07-24 20:49:44 [INFO] AutoFeeding:feeding_cycle:768 - 找到保護區內DR_F: (-55.66, 326.3)
2025-07-24 20:49:44 [INFO] AutoFeeding:set_dr_f_available:720 - DR_F已就緒: (-55.66, 326.3), Flow1可直接讀取座標
2025-07-24 20:49:45 [DEBUG] AutoFeeding:trigger_ccd1_detection:553 - 發送檢測指令前 - 201狀態: 9
2025-07-24 20:49:45 [DEBUG] AutoFeeding:trigger_ccd1_detection:561 - 已發送控制指令16到寄存器200
2025-07-24 20:49:46 [DEBUG] AutoFeeding:trigger_ccd1_detection:580 - CCD1檢測完成標誌確認
2025-07-24 20:49:46 [INFO] AutoFeeding:feeding_cycle:741 - 週期1961 檢測結果: DR_F=15, 總數=29
2025-07-24 20:49:46 [INFO] AutoFeeding:feeding_cycle:768 - 找到保護區內DR_F: (-55.66, 326.3)
2025-07-24 20:49:46 [INFO] AutoFeeding:set_dr_f_available:720 - DR_F已就緒: (-55.66, 326.3), Flow1可直接讀取座標
2025-07-24 20:49:47 [DEBUG] AutoFeeding:trigger_ccd1_detection:553 - 發送檢測指令前 - 201狀態: 9
2025-07-24 20:49:47 [DEBUG] AutoFeeding:trigger_ccd1_detection:561 - 已發送控制指令16到寄存器200
2025-07-24 20:49:48 [DEBUG] AutoFeeding:trigger_ccd1_detection:580 - CCD1檢測完成標誌確認
2025-07-24 20:49:48 [INFO] AutoFeeding:feeding_cycle:741 - 週期1962 檢測結果: DR_F=15, 總數=28
2025-07-24 20:49:48 [INFO] AutoFeeding:feeding_cycle:768 - 找到保護區內DR_F: (-55.66, 326.31)
2025-07-24 20:49:48 [INFO] AutoFeeding:set_dr_f_available:720 - DR_F已就緒: (-55.66, 326.31), Flow1可直接讀取座標
2025-07-24 20:49:49 [DEBUG] AutoFeeding:trigger_ccd1_detection:553 - 發送檢測指令前 - 201狀態: 9
2025-07-24 20:49:49 [DEBUG] AutoFeeding:trigger_ccd1_detection:561 - 已發送控制指令16到寄存器200
2025-07-24 20:49:50 [DEBUG] AutoFeeding:trigger_ccd1_detection:580 - CCD1檢測完成標誌確認
2025-07-24 20:49:50 [INFO] AutoFeeding:feeding_cycle:741 - 週期1963 檢測結果: DR_F=15, 總數=28
2025-07-24 20:49:50 [INFO] AutoFeeding:feeding_cycle:768 - 找到保護區內DR_F: (-55.66, 326.31)
2025-07-24 20:49:50 [INFO] AutoFeeding:set_dr_f_available:720 - DR_F已就緒: (-55.66, 326.31), Flow1可直接讀取座標
2025-07-24 20:49:51 [DEBUG] AutoFeeding:trigger_ccd1_detection:553 - 發送檢測指令前 - 201狀態: 9
2025-07-24 20:49:51 [DEBUG] AutoFeeding:trigger_ccd1_detection:561 - 已發送控制指令16到寄存器200
2025-07-24 20:49:52 [DEBUG] AutoFeeding:trigger_ccd1_detection:580 - CCD1檢測完成標誌確認
2025-07-24 20:49:52 [INFO] AutoFeeding:feeding_cycle:741 - 週期1964 檢測結果: DR_F=15, 總數=28
2025-07-24 20:49:52 [INFO] AutoFeeding:feeding_cycle:768 - 找到保護區內DR_F: (-55.65, 326.3)
2025-07-24 20:49:52 [INFO] AutoFeeding:set_dr_f_available:720 - DR_F已就緒: (-55.65, 326.3), Flow1可直接讀取座標
2025-07-24 20:49:53 [DEBUG] AutoFeeding:trigger_ccd1_detection:553 - 發送檢測指令前 - 201狀態: 9
2025-07-24 20:49:53 [DEBUG] AutoFeeding:trigger_ccd1_detection:561 - 已發送控制指令16到寄存器200
2025-07-24 20:49:54 [DEBUG] AutoFeeding:trigger_ccd1_detection:580 - CCD1檢測完成標誌確認
2025-07-24 20:49:54 [INFO] AutoFeeding:feeding_cycle:741 - 週期1965 檢測結果: DR_F=15, 總數=28
2025-07-24 20:49:54 [INFO] AutoFeeding:feeding_cycle:768 - 找到保護區內DR_F: (-55.65, 326.3)
2025-07-24 20:49:54 [INFO] AutoFeeding:set_dr_f_available:720 - DR_F已就緒: (-55.65, 326.3), Flow1可直接讀取座標
2025-07-24 20:49:55 [DEBUG] AutoFeeding:trigger_ccd1_detection:553 - 發送檢測指令前 - 201狀態: 9
2025-07-24 20:49:55 [DEBUG] AutoFeeding:trigger_ccd1_detection:561 - 已發送控制指令16到寄存器200
2025-07-24 20:49:56 [DEBUG] AutoFeeding:trigger_ccd1_detection:580 - CCD1檢測完成標誌確認
2025-07-24 20:49:56 [INFO] AutoFeeding:feeding_cycle:741 - 週期1966 檢測結果: DR_F=15, 總數=28
2025-07-24 20:49:56 [INFO] AutoFeeding:feeding_cycle:768 - 找到保護區內DR_F: (-55.65, 326.3)
2025-07-24 20:49:56 [INFO] AutoFeeding:set_dr_f_available:720 - DR_F已就緒: (-55.65, 326.3), Flow1可直接讀取座標
2025-07-24 20:49:57 [DEBUG] AutoFeeding:trigger_ccd1_detection:553 - 發送檢測指令前 - 201狀態: 9
2025-07-24 20:49:57 [DEBUG] AutoFeeding:trigger_ccd1_detection:561 - 已發送控制指令16到寄存器200
2025-07-24 20:49:58 [DEBUG] AutoFeeding:trigger_ccd1_detection:580 - CCD1檢測完成標誌確認
2025-07-24 20:49:58 [INFO] AutoFeeding:feeding_cycle:741 - 週期1967 檢測結果: DR_F=15, 總數=28
2025-07-24 20:49:58 [INFO] AutoFeeding:feeding_cycle:768 - 找到保護區內DR_F: (-55.65, 326.3)
2025-07-24 20:49:58 [INFO] AutoFeeding:set_dr_f_available:720 - DR_F已就緒: (-55.65, 326.3), Flow1可直接讀取座標
2025-07-24 20:49:59 [DEBUG] AutoFeeding:trigger_ccd1_detection:553 - 發送檢測指令前 - 201狀態: 9
2025-07-24 20:49:59 [DEBUG] AutoFeeding:trigger_ccd1_detection:561 - 已發送控制指令16到寄存器200
2025-07-24 20:50:00 [DEBUG] AutoFeeding:trigger_ccd1_detection:580 - CCD1檢測完成標誌確認
2025-07-24 20:50:00 [INFO] AutoFeeding:feeding_cycle:741 - 週期1968 檢測結果: DR_F=15, 總數=28
2025-07-24 20:50:00 [INFO] AutoFeeding:feeding_cycle:768 - 找到保護區內DR_F: (-55.65, 326.3)
2025-07-24 20:50:00 [INFO] AutoFeeding:set_dr_f_available:720 - DR_F已就緒: (-55.65, 326.3), Flow1可直接讀取座標
2025-07-24 20:50:01 [DEBUG] AutoFeeding:trigger_ccd1_detection:553 - 發送檢測指令前 - 201狀態: 9
2025-07-24 20:50:01 [DEBUG] AutoFeeding:trigger_ccd1_detection:561 - 已發送控制指令16到寄存器200
2025-07-24 20:50:02 [DEBUG] AutoFeeding:trigger_ccd1_detection:580 - CCD1檢測完成標誌確認
2025-07-24 20:50:02 [INFO] AutoFeeding:feeding_cycle:741 - 週期1969 檢測結果: DR_F=15, 總數=29
2025-07-24 20:50:02 [INFO] AutoFeeding:feeding_cycle:768 - 找到保護區內DR_F: (-55.66, 326.3)
2025-07-24 20:50:02 [INFO] AutoFeeding:set_dr_f_available:720 - DR_F已就緒: (-55.66, 326.3), Flow1可直接讀取座標
2025-07-24 20:50:03 [DEBUG] AutoFeeding:trigger_ccd1_detection:553 - 發送檢測指令前 - 201狀態: 9
2025-07-24 20:50:03 [DEBUG] AutoFeeding:trigger_ccd1_detection:561 - 已發送控制指令16到寄存器200
2025-07-24 20:50:04 [DEBUG] AutoFeeding:trigger_ccd1_detection:580 - CCD1檢測完成標誌確認
2025-07-24 20:50:04 [INFO] AutoFeeding:feeding_cycle:741 - 週期1970 檢測結果: DR_F=15, 總數=28
2025-07-24 20:50:04 [INFO] AutoFeeding:feeding_cycle:768 - 找到保護區內DR_F: (-55.66, 326.3)
2025-07-24 20:50:04 [INFO] AutoFeeding:set_dr_f_available:720 - DR_F已就緒: (-55.66, 326.3), Flow1可直接讀取座標
2025-07-24 20:50:05 [DEBUG] AutoFeeding:trigger_ccd1_detection:553 - 發送檢測指令前 - 201狀態: 9
2025-07-24 20:50:05 [DEBUG] AutoFeeding:trigger_ccd1_detection:561 - 已發送控制指令16到寄存器200
2025-07-24 20:50:06 [DEBUG] AutoFeeding:trigger_ccd1_detection:580 - CCD1檢測完成標誌確認
2025-07-24 20:50:06 [INFO] AutoFeeding:feeding_cycle:741 - 週期1971 檢測結果: DR_F=15, 總數=28
2025-07-24 20:50:06 [INFO] AutoFeeding:feeding_cycle:768 - 找到保護區內DR_F: (-55.65, 326.31)
2025-07-24 20:50:06 [INFO] AutoFeeding:set_dr_f_available:720 - DR_F已就緒: (-55.65, 326.31), Flow1可直接讀取座標
2025-07-24 20:50:07 [DEBUG] AutoFeeding:main_loop:880 - 主循環 2001: running=True, status=RUNNING, flow1_active=False, progress_blocking=False, dr_f_available=True
2025-07-24 20:50:07 [DEBUG] AutoFeeding:trigger_ccd1_detection:553 - 發送檢測指令前 - 201狀態: 9
2025-07-24 20:50:07 [DEBUG] AutoFeeding:trigger_ccd1_detection:561 - 已發送控制指令16到寄存器200
2025-07-24 20:50:08 [DEBUG] AutoFeeding:trigger_ccd1_detection:580 - CCD1檢測完成標誌確認
2025-07-24 20:50:08 [INFO] AutoFeeding:feeding_cycle:741 - 週期1972 檢測結果: DR_F=15, 總數=28
2025-07-24 20:50:08 [INFO] AutoFeeding:feeding_cycle:768 - 找到保護區內DR_F: (-55.66, 326.3)
2025-07-24 20:50:08 [INFO] AutoFeeding:set_dr_f_available:720 - DR_F已就緒: (-55.66, 326.3), Flow1可直接讀取座標
2025-07-24 20:50:09 [DEBUG] AutoFeeding:trigger_ccd1_detection:553 - 發送檢測指令前 - 201狀態: 9
2025-07-24 20:50:09 [DEBUG] AutoFeeding:trigger_ccd1_detection:561 - 已發送控制指令16到寄存器200
2025-07-24 20:50:10 [DEBUG] AutoFeeding:trigger_ccd1_detection:580 - CCD1檢測完成標誌確認
2025-07-24 20:50:10 [INFO] AutoFeeding:feeding_cycle:741 - 週期1973 檢測結果: DR_F=15, 總數=28
2025-07-24 20:50:10 [INFO] AutoFeeding:feeding_cycle:768 - 找到保護區內DR_F: (-55.66, 326.3)
2025-07-24 20:50:10 [INFO] AutoFeeding:set_dr_f_available:720 - DR_F已就緒: (-55.66, 326.3), Flow1可直接讀取座標
2025-07-24 20:50:11 [DEBUG] AutoFeeding:trigger_ccd1_detection:553 - 發送檢測指令前 - 201狀態: 9
2025-07-24 20:50:11 [DEBUG] AutoFeeding:trigger_ccd1_detection:561 - 已發送控制指令16到寄存器200
2025-07-24 20:50:12 [DEBUG] AutoFeeding:trigger_ccd1_detection:580 - CCD1檢測完成標誌確認
2025-07-24 20:50:12 [INFO] AutoFeeding:feeding_cycle:741 - 週期1974 檢測結果: DR_F=15, 總數=28
2025-07-24 20:50:12 [INFO] AutoFeeding:feeding_cycle:768 - 找到保護區內DR_F: (-55.66, 326.31)
2025-07-24 20:50:12 [INFO] AutoFeeding:set_dr_f_available:720 - DR_F已就緒: (-55.66, 326.31), Flow1可直接讀取座標
2025-07-24 20:50:13 [DEBUG] AutoFeeding:trigger_ccd1_detection:553 - 發送檢測指令前 - 201狀態: 9
2025-07-24 20:50:13 [DEBUG] AutoFeeding:trigger_ccd1_detection:561 - 已發送控制指令16到寄存器200
2025-07-24 20:50:14 [DEBUG] AutoFeeding:trigger_ccd1_detection:580 - CCD1檢測完成標誌確認
2025-07-24 20:50:14 [INFO] AutoFeeding:feeding_cycle:741 - 週期1975 檢測結果: DR_F=15, 總數=28
2025-07-24 20:50:14 [INFO] AutoFeeding:feeding_cycle:768 - 找到保護區內DR_F: (-55.66, 326.3)
2025-07-24 20:50:14 [INFO] AutoFeeding:set_dr_f_available:720 - DR_F已就緒: (-55.66, 326.3), Flow1可直接讀取座標
2025-07-24 20:50:15 [DEBUG] AutoFeeding:trigger_ccd1_detection:553 - 發送檢測指令前 - 201狀態: 9
2025-07-24 20:50:15 [DEBUG] AutoFeeding:trigger_ccd1_detection:561 - 已發送控制指令16到寄存器200
2025-07-24 20:50:17 [DEBUG] AutoFeeding:trigger_ccd1_detection:580 - CCD1檢測完成標誌確認
2025-07-24 20:50:17 [INFO] AutoFeeding:feeding_cycle:741 - 週期1976 檢測結果: DR_F=15, 總數=28
2025-07-24 20:50:17 [INFO] AutoFeeding:feeding_cycle:768 - 找到保護區內DR_F: (-55.66, 326.3)
2025-07-24 20:50:17 [INFO] AutoFeeding:set_dr_f_available:720 - DR_F已就緒: (-55.66, 326.3), Flow1可直接讀取座標
2025-07-24 20:50:18 [DEBUG] AutoFeeding:trigger_ccd1_detection:553 - 發送檢測指令前 - 201狀態: 9
2025-07-24 20:50:18 [DEBUG] AutoFeeding:trigger_ccd1_detection:561 - 已發送控制指令16到寄存器200
2025-07-24 20:50:19 [DEBUG] AutoFeeding:trigger_ccd1_detection:580 - CCD1檢測完成標誌確認
2025-07-24 20:50:19 [INFO] AutoFeeding:feeding_cycle:741 - 週期1977 檢測結果: DR_F=15, 總數=29
2025-07-24 20:50:19 [INFO] AutoFeeding:feeding_cycle:768 - 找到保護區內DR_F: (-55.66, 326.3)
2025-07-24 20:50:19 [INFO] AutoFeeding:set_dr_f_available:720 - DR_F已就緒: (-55.66, 326.3), Flow1可直接讀取座標
2025-07-24 20:50:20 [DEBUG] AutoFeeding:trigger_ccd1_detection:553 - 發送檢測指令前 - 201狀態: 9
2025-07-24 20:50:20 [DEBUG] AutoFeeding:trigger_ccd1_detection:561 - 已發送控制指令16到寄存器200
2025-07-24 20:50:21 [DEBUG] AutoFeeding:trigger_ccd1_detection:580 - CCD1檢測完成標誌確認
2025-07-24 20:50:21 [INFO] AutoFeeding:feeding_cycle:741 - 週期1978 檢測結果: DR_F=15, 總數=28
2025-07-24 20:50:21 [INFO] AutoFeeding:feeding_cycle:768 - 找到保護區內DR_F: (-55.66, 326.3)
2025-07-24 20:50:21 [INFO] AutoFeeding:set_dr_f_available:720 - DR_F已就緒: (-55.66, 326.3), Flow1可直接讀取座標
2025-07-24 20:50:22 [DEBUG] AutoFeeding:trigger_ccd1_detection:553 - 發送檢測指令前 - 201狀態: 9
2025-07-24 20:50:22 [DEBUG] AutoFeeding:trigger_ccd1_detection:561 - 已發送控制指令16到寄存器200
2025-07-24 20:50:23 [DEBUG] AutoFeeding:trigger_ccd1_detection:580 - CCD1檢測完成標誌確認
2025-07-24 20:50:23 [INFO] AutoFeeding:feeding_cycle:741 - 週期1979 檢測結果: DR_F=15, 總數=28
2025-07-24 20:50:23 [INFO] AutoFeeding:feeding_cycle:768 - 找到保護區內DR_F: (-55.66, 326.31)
2025-07-24 20:50:23 [INFO] AutoFeeding:set_dr_f_available:720 - DR_F已就緒: (-55.66, 326.31), Flow1可直接讀取座標
2025-07-24 20:50:24 [DEBUG] AutoFeeding:trigger_ccd1_detection:553 - 發送檢測指令前 - 201狀態: 9
2025-07-24 20:50:24 [DEBUG] AutoFeeding:trigger_ccd1_detection:561 - 已發送控制指令16到寄存器200
2025-07-24 20:50:25 [DEBUG] AutoFeeding:trigger_ccd1_detection:580 - CCD1檢測完成標誌確認
2025-07-24 20:50:25 [INFO] AutoFeeding:feeding_cycle:741 - 週期1980 檢測結果: DR_F=15, 總數=28
2025-07-24 20:50:25 [INFO] AutoFeeding:feeding_cycle:768 - 找到保護區內DR_F: (-55.66, 326.31)
2025-07-24 20:50:25 [INFO] AutoFeeding:set_dr_f_available:720 - DR_F已就緒: (-55.66, 326.31), Flow1可直接讀取座標
2025-07-24 20:50:26 [DEBUG] AutoFeeding:trigger_ccd1_detection:553 - 發送檢測指令前 - 201狀態: 9
2025-07-24 20:50:26 [DEBUG] AutoFeeding:trigger_ccd1_detection:561 - 已發送控制指令16到寄存器200
2025-07-24 20:50:27 [DEBUG] AutoFeeding:trigger_ccd1_detection:580 - CCD1檢測完成標誌確認
2025-07-24 20:50:27 [INFO] AutoFeeding:feeding_cycle:741 - 週期1981 檢測結果: DR_F=15, 總數=28
2025-07-24 20:50:27 [INFO] AutoFeeding:feeding_cycle:768 - 找到保護區內DR_F: (-55.66, 326.3)
2025-07-24 20:50:27 [INFO] AutoFeeding:set_dr_f_available:720 - DR_F已就緒: (-55.66, 326.3), Flow1可直接讀取座標
2025-07-24 20:50:28 [DEBUG] AutoFeeding:trigger_ccd1_detection:553 - 發送檢測指令前 - 201狀態: 9
2025-07-24 20:50:28 [DEBUG] AutoFeeding:trigger_ccd1_detection:561 - 已發送控制指令16到寄存器200
2025-07-24 20:50:29 [DEBUG] AutoFeeding:trigger_ccd1_detection:580 - CCD1檢測完成標誌確認
2025-07-24 20:50:29 [INFO] AutoFeeding:feeding_cycle:741 - 週期1982 檢測結果: DR_F=15, 總數=29
2025-07-24 20:50:29 [INFO] AutoFeeding:feeding_cycle:768 - 找到保護區內DR_F: (-55.66, 326.3)
2025-07-24 20:50:29 [INFO] AutoFeeding:set_dr_f_available:720 - DR_F已就緒: (-55.66, 326.3), Flow1可直接讀取座標
2025-07-24 20:50:30 [DEBUG] AutoFeeding:trigger_ccd1_detection:553 - 發送檢測指令前 - 201狀態: 9
2025-07-24 20:50:30 [DEBUG] AutoFeeding:trigger_ccd1_detection:561 - 已發送控制指令16到寄存器200
2025-07-24 20:50:31 [DEBUG] AutoFeeding:trigger_ccd1_detection:580 - CCD1檢測完成標誌確認
2025-07-24 20:50:31 [INFO] AutoFeeding:feeding_cycle:741 - 週期1983 檢測結果: DR_F=15, 總數=28
2025-07-24 20:50:31 [INFO] AutoFeeding:feeding_cycle:768 - 找到保護區內DR_F: (-55.65, 326.31)
2025-07-24 20:50:31 [INFO] AutoFeeding:set_dr_f_available:720 - DR_F已就緒: (-55.65, 326.31), Flow1可直接讀取座標
2025-07-24 20:50:32 [DEBUG] AutoFeeding:trigger_ccd1_detection:553 - 發送檢測指令前 - 201狀態: 9
2025-07-24 20:50:32 [DEBUG] AutoFeeding:trigger_ccd1_detection:561 - 已發送控制指令16到寄存器200
2025-07-24 20:50:33 [DEBUG] AutoFeeding:trigger_ccd1_detection:580 - CCD1檢測完成標誌確認
2025-07-24 20:50:33 [INFO] AutoFeeding:feeding_cycle:741 - 週期1984 檢測結果: DR_F=15, 總數=28
2025-07-24 20:50:33 [INFO] AutoFeeding:feeding_cycle:768 - 找到保護區內DR_F: (-55.66, 326.3)
2025-07-24 20:50:33 [INFO] AutoFeeding:set_dr_f_available:720 - DR_F已就緒: (-55.66, 326.3), Flow1可直接讀取座標
2025-07-24 20:50:34 [DEBUG] AutoFeeding:trigger_ccd1_detection:553 - 發送檢測指令前 - 201狀態: 9
2025-07-24 20:50:34 [DEBUG] AutoFeeding:trigger_ccd1_detection:561 - 已發送控制指令16到寄存器200
2025-07-24 20:50:35 [DEBUG] AutoFeeding:trigger_ccd1_detection:580 - CCD1檢測完成標誌確認
2025-07-24 20:50:35 [INFO] AutoFeeding:feeding_cycle:741 - 週期1985 檢測結果: DR_F=15, 總數=28
2025-07-24 20:50:35 [INFO] AutoFeeding:feeding_cycle:768 - 找到保護區內DR_F: (-55.66, 326.31)
2025-07-24 20:50:35 [INFO] AutoFeeding:set_dr_f_available:720 - DR_F已就緒: (-55.66, 326.31), Flow1可直接讀取座標
2025-07-24 20:50:36 [DEBUG] AutoFeeding:trigger_ccd1_detection:553 - 發送檢測指令前 - 201狀態: 9
2025-07-24 20:50:36 [DEBUG] AutoFeeding:trigger_ccd1_detection:561 - 已發送控制指令16到寄存器200
2025-07-24 20:50:37 [DEBUG] AutoFeeding:trigger_ccd1_detection:580 - CCD1檢測完成標誌確認
2025-07-24 20:50:37 [INFO] AutoFeeding:feeding_cycle:741 - 週期1986 檢測結果: DR_F=15, 總數=28
2025-07-24 20:50:37 [INFO] AutoFeeding:feeding_cycle:768 - 找到保護區內DR_F: (-55.66, 326.3)
2025-07-24 20:50:37 [INFO] AutoFeeding:set_dr_f_available:720 - DR_F已就緒: (-55.66, 326.3), Flow1可直接讀取座標
2025-07-24 20:50:38 [DEBUG] AutoFeeding:trigger_ccd1_detection:553 - 發送檢測指令前 - 201狀態: 9
2025-07-24 20:50:38 [DEBUG] AutoFeeding:trigger_ccd1_detection:561 - 已發送控制指令16到寄存器200
2025-07-24 20:50:39 [DEBUG] AutoFeeding:trigger_ccd1_detection:580 - CCD1檢測完成標誌確認
2025-07-24 20:50:39 [INFO] AutoFeeding:feeding_cycle:741 - 週期1987 檢測結果: DR_F=15, 總數=29
2025-07-24 20:50:39 [INFO] AutoFeeding:feeding_cycle:768 - 找到保護區內DR_F: (-55.66, 326.3)
2025-07-24 20:50:39 [INFO] AutoFeeding:set_dr_f_available:720 - DR_F已就緒: (-55.66, 326.3), Flow1可直接讀取座標
2025-07-24 20:50:40 [DEBUG] AutoFeeding:trigger_ccd1_detection:553 - 發送檢測指令前 - 201狀態: 9
2025-07-24 20:50:40 [DEBUG] AutoFeeding:trigger_ccd1_detection:561 - 已發送控制指令16到寄存器200
2025-07-24 20:50:41 [DEBUG] AutoFeeding:trigger_ccd1_detection:580 - CCD1檢測完成標誌確認
2025-07-24 20:50:41 [INFO] AutoFeeding:feeding_cycle:741 - 週期1988 檢測結果: DR_F=15, 總數=28
2025-07-24 20:50:41 [INFO] AutoFeeding:feeding_cycle:768 - 找到保護區內DR_F: (-55.66, 326.3)
2025-07-24 20:50:41 [INFO] AutoFeeding:set_dr_f_available:720 - DR_F已就緒: (-55.66, 326.3), Flow1可直接讀取座標
2025-07-24 20:50:42 [DEBUG] AutoFeeding:trigger_ccd1_detection:553 - 發送檢測指令前 - 201狀態: 9
2025-07-24 20:50:42 [DEBUG] AutoFeeding:trigger_ccd1_detection:561 - 已發送控制指令16到寄存器200
2025-07-24 20:50:43 [DEBUG] AutoFeeding:trigger_ccd1_detection:580 - CCD1檢測完成標誌確認
2025-07-24 20:50:43 [INFO] AutoFeeding:feeding_cycle:741 - 週期1989 檢測結果: DR_F=15, 總數=28
2025-07-24 20:50:43 [INFO] AutoFeeding:feeding_cycle:768 - 找到保護區內DR_F: (-55.66, 326.31)
2025-07-24 20:50:43 [INFO] AutoFeeding:set_dr_f_available:720 - DR_F已就緒: (-55.66, 326.31), Flow1可直接讀取座標
2025-07-24 20:50:44 [DEBUG] AutoFeeding:trigger_ccd1_detection:553 - 發送檢測指令前 - 201狀態: 9
2025-07-24 20:50:44 [DEBUG] AutoFeeding:trigger_ccd1_detection:561 - 已發送控制指令16到寄存器200
2025-07-24 20:50:45 [DEBUG] AutoFeeding:trigger_ccd1_detection:580 - CCD1檢測完成標誌確認
2025-07-24 20:50:45 [INFO] AutoFeeding:feeding_cycle:741 - 週期1990 檢測結果: DR_F=15, 總數=28
2025-07-24 20:50:45 [INFO] AutoFeeding:feeding_cycle:768 - 找到保護區內DR_F: (-55.66, 326.31)
2025-07-24 20:50:45 [INFO] AutoFeeding:set_dr_f_available:720 - DR_F已就緒: (-55.66, 326.31), Flow1可直接讀取座標
2025-07-24 20:50:46 [DEBUG] AutoFeeding:trigger_ccd1_detection:553 - 發送檢測指令前 - 201狀態: 9
2025-07-24 20:50:46 [DEBUG] AutoFeeding:trigger_ccd1_detection:561 - 已發送控制指令16到寄存器200
2025-07-24 20:50:47 [DEBUG] AutoFeeding:trigger_ccd1_detection:580 - CCD1檢測完成標誌確認
2025-07-24 20:50:47 [INFO] AutoFeeding:feeding_cycle:741 - 週期1991 檢測結果: DR_F=15, 總數=28
2025-07-24 20:50:47 [INFO] AutoFeeding:feeding_cycle:768 - 找到保護區內DR_F: (-55.65, 326.31)
2025-07-24 20:50:47 [INFO] AutoFeeding:set_dr_f_available:720 - DR_F已就緒: (-55.65, 326.31), Flow1可直接讀取座標
2025-07-24 20:50:48 [DEBUG] AutoFeeding:trigger_ccd1_detection:553 - 發送檢測指令前 - 201狀態: 9
2025-07-24 20:50:48 [DEBUG] AutoFeeding:trigger_ccd1_detection:561 - 已發送控制指令16到寄存器200
2025-07-24 20:50:49 [DEBUG] AutoFeeding:trigger_ccd1_detection:580 - CCD1檢測完成標誌確認
2025-07-24 20:50:49 [INFO] AutoFeeding:feeding_cycle:741 - 週期1992 檢測結果: DR_F=15, 總數=28
2025-07-24 20:50:49 [INFO] AutoFeeding:feeding_cycle:768 - 找到保護區內DR_F: (-55.66, 326.3)
2025-07-24 20:50:49 [INFO] AutoFeeding:set_dr_f_available:720 - DR_F已就緒: (-55.66, 326.3), Flow1可直接讀取座標
2025-07-24 20:50:50 [DEBUG] AutoFeeding:trigger_ccd1_detection:553 - 發送檢測指令前 - 201狀態: 9
2025-07-24 20:50:50 [DEBUG] AutoFeeding:trigger_ccd1_detection:561 - 已發送控制指令16到寄存器200
2025-07-24 20:50:51 [DEBUG] AutoFeeding:trigger_ccd1_detection:580 - CCD1檢測完成標誌確認
2025-07-24 20:50:51 [INFO] AutoFeeding:feeding_cycle:741 - 週期1993 檢測結果: DR_F=15, 總數=29
2025-07-24 20:50:51 [INFO] AutoFeeding:feeding_cycle:768 - 找到保護區內DR_F: (-55.66, 326.31)
2025-07-24 20:50:51 [INFO] AutoFeeding:set_dr_f_available:720 - DR_F已就緒: (-55.66, 326.31), Flow1可直接讀取座標
2025-07-24 20:50:52 [DEBUG] AutoFeeding:trigger_ccd1_detection:553 - 發送檢測指令前 - 201狀態: 9
2025-07-24 20:50:52 [DEBUG] AutoFeeding:trigger_ccd1_detection:561 - 已發送控制指令16到寄存器200
2025-07-24 20:50:53 [DEBUG] AutoFeeding:trigger_ccd1_detection:580 - CCD1檢測完成標誌確認
2025-07-24 20:50:53 [INFO] AutoFeeding:feeding_cycle:741 - 週期1994 檢測結果: DR_F=15, 總數=28
2025-07-24 20:50:53 [INFO] AutoFeeding:feeding_cycle:768 - 找到保護區內DR_F: (-55.66, 326.31)
2025-07-24 20:50:53 [INFO] AutoFeeding:set_dr_f_available:720 - DR_F已就緒: (-55.66, 326.31), Flow1可直接讀取座標
2025-07-24 20:50:54 [DEBUG] AutoFeeding:trigger_ccd1_detection:553 - 發送檢測指令前 - 201狀態: 9
2025-07-24 20:50:54 [DEBUG] AutoFeeding:trigger_ccd1_detection:561 - 已發送控制指令16到寄存器200
2025-07-24 20:50:55 [DEBUG] AutoFeeding:trigger_ccd1_detection:580 - CCD1檢測完成標誌確認
2025-07-24 20:50:55 [INFO] AutoFeeding:feeding_cycle:741 - 週期1995 檢測結果: DR_F=15, 總數=28
2025-07-24 20:50:55 [INFO] AutoFeeding:feeding_cycle:768 - 找到保護區內DR_F: (-55.66, 326.31)
2025-07-24 20:50:55 [INFO] AutoFeeding:set_dr_f_available:720 - DR_F已就緒: (-55.66, 326.31), Flow1可直接讀取座標
2025-07-24 20:50:56 [DEBUG] AutoFeeding:trigger_ccd1_detection:553 - 發送檢測指令前 - 201狀態: 9
2025-07-24 20:50:56 [DEBUG] AutoFeeding:trigger_ccd1_detection:561 - 已發送控制指令16到寄存器200
2025-07-24 20:50:57 [DEBUG] AutoFeeding:trigger_ccd1_detection:580 - CCD1檢測完成標誌確認
2025-07-24 20:50:57 [INFO] AutoFeeding:feeding_cycle:741 - 週期1996 檢測結果: DR_F=15, 總數=28
2025-07-24 20:50:57 [INFO] AutoFeeding:feeding_cycle:768 - 找到保護區內DR_F: (-55.66, 326.3)
2025-07-24 20:50:57 [INFO] AutoFeeding:set_dr_f_available:720 - DR_F已就緒: (-55.66, 326.3), Flow1可直接讀取座標
2025-07-24 20:50:58 [DEBUG] AutoFeeding:trigger_ccd1_detection:553 - 發送檢測指令前 - 201狀態: 9
2025-07-24 20:50:58 [DEBUG] AutoFeeding:trigger_ccd1_detection:561 - 已發送控制指令16到寄存器200
2025-07-24 20:51:00 [DEBUG] AutoFeeding:trigger_ccd1_detection:580 - CCD1檢測完成標誌確認
2025-07-24 20:51:00 [INFO] AutoFeeding:feeding_cycle:741 - 週期1997 檢測結果: DR_F=15, 總數=28
2025-07-24 20:51:00 [INFO] AutoFeeding:feeding_cycle:768 - 找到保護區內DR_F: (-55.66, 326.31)
2025-07-24 20:51:00 [INFO] AutoFeeding:set_dr_f_available:720 - DR_F已就緒: (-55.66, 326.31), Flow1可直接讀取座標
2025-07-24 20:51:01 [DEBUG] AutoFeeding:trigger_ccd1_detection:553 - 發送檢測指令前 - 201狀態: 9
2025-07-24 20:51:01 [DEBUG] AutoFeeding:trigger_ccd1_detection:561 - 已發送控制指令16到寄存器200
2025-07-24 20:51:02 [DEBUG] AutoFeeding:trigger_ccd1_detection:580 - CCD1檢測完成標誌確認
2025-07-24 20:51:02 [INFO] AutoFeeding:feeding_cycle:741 - 週期1998 檢測結果: DR_F=15, 總數=28
2025-07-24 20:51:02 [INFO] AutoFeeding:feeding_cycle:768 - 找到保護區內DR_F: (-55.65, 326.31)
2025-07-24 20:51:02 [INFO] AutoFeeding:set_dr_f_available:720 - DR_F已就緒: (-55.65, 326.31), Flow1可直接讀取座標
2025-07-24 20:51:03 [DEBUG] AutoFeeding:trigger_ccd1_detection:553 - 發送檢測指令前 - 201狀態: 9
2025-07-24 20:51:03 [DEBUG] AutoFeeding:trigger_ccd1_detection:561 - 已發送控制指令16到寄存器200
2025-07-24 20:51:04 [DEBUG] AutoFeeding:trigger_ccd1_detection:580 - CCD1檢測完成標誌確認
2025-07-24 20:51:04 [INFO] AutoFeeding:feeding_cycle:741 - 週期1999 檢測結果: DR_F=15, 總數=29
2025-07-24 20:51:04 [INFO] AutoFeeding:feeding_cycle:768 - 找到保護區內DR_F: (-55.65, 326.31)
2025-07-24 20:51:04 [INFO] AutoFeeding:set_dr_f_available:720 - DR_F已就緒: (-55.65, 326.31), Flow1可直接讀取座標
2025-07-24 20:51:05 [DEBUG] AutoFeeding:trigger_ccd1_detection:553 - 發送檢測指令前 - 201狀態: 9
2025-07-24 20:51:05 [DEBUG] AutoFeeding:trigger_ccd1_detection:561 - 已發送控制指令16到寄存器200
2025-07-24 20:51:06 [DEBUG] AutoFeeding:trigger_ccd1_detection:580 - CCD1檢測完成標誌確認
2025-07-24 20:51:06 [INFO] AutoFeeding:feeding_cycle:741 - 週期2000 檢測結果: DR_F=15, 總數=28
2025-07-24 20:51:06 [INFO] AutoFeeding:feeding_cycle:768 - 找到保護區內DR_F: (-55.66, 326.31)
2025-07-24 20:51:06 [INFO] AutoFeeding:set_dr_f_available:720 - DR_F已就緒: (-55.66, 326.31), Flow1可直接讀取座標
2025-07-24 20:51:07 [DEBUG] AutoFeeding:check_modules_status:480 - CCD1狀態: 9 (Ready=True, Running=False, Alarm=False, Init=True)
2025-07-24 20:51:07 [DEBUG] AutoFeeding:trigger_ccd1_detection:553 - 發送檢測指令前 - 201狀態: 9
2025-07-24 20:51:07 [DEBUG] AutoFeeding:trigger_ccd1_detection:561 - 已發送控制指令16到寄存器200
2025-07-24 20:51:08 [DEBUG] AutoFeeding:trigger_ccd1_detection:580 - CCD1檢測完成標誌確認
2025-07-24 20:51:08 [INFO] AutoFeeding:feeding_cycle:741 - 週期2001 檢測結果: DR_F=15, 總數=28
2025-07-24 20:51:08 [INFO] AutoFeeding:feeding_cycle:768 - 找到保護區內DR_F: (-55.65, 326.31)
2025-07-24 20:51:08 [INFO] AutoFeeding:set_dr_f_available:720 - DR_F已就緒: (-55.65, 326.31), Flow1可直接讀取座標
2025-07-24 20:51:09 [DEBUG] AutoFeeding:check_flow_and_progress_status:432 - Flow監控: 1201=0, 1202=100, 阻擋=False
2025-07-24 20:51:09 [DEBUG] AutoFeeding:trigger_ccd1_detection:553 - 發送檢測指令前 - 201狀態: 9
2025-07-24 20:51:09 [DEBUG] AutoFeeding:trigger_ccd1_detection:561 - 已發送控制指令16到寄存器200
2025-07-24 20:51:10 [DEBUG] AutoFeeding:trigger_ccd1_detection:580 - CCD1檢測完成標誌確認
2025-07-24 20:51:10 [INFO] AutoFeeding:feeding_cycle:741 - 週期2002 檢測結果: DR_F=15, 總數=28
2025-07-24 20:51:10 [INFO] AutoFeeding:feeding_cycle:768 - 找到保護區內DR_F: (-55.66, 326.31)
2025-07-24 20:51:10 [INFO] AutoFeeding:set_dr_f_available:720 - DR_F已就緒: (-55.66, 326.31), Flow1可直接讀取座標
2025-07-24 20:51:11 [DEBUG] AutoFeeding:trigger_ccd1_detection:553 - 發送檢測指令前 - 201狀態: 9
2025-07-24 20:51:11 [DEBUG] AutoFeeding:trigger_ccd1_detection:561 - 已發送控制指令16到寄存器200
2025-07-24 20:51:12 [DEBUG] AutoFeeding:trigger_ccd1_detection:580 - CCD1檢測完成標誌確認
2025-07-24 20:51:12 [INFO] AutoFeeding:feeding_cycle:741 - 週期2003 檢測結果: DR_F=15, 總數=28
2025-07-24 20:51:12 [INFO] AutoFeeding:feeding_cycle:768 - 找到保護區內DR_F: (-55.66, 326.31)
2025-07-24 20:51:12 [INFO] AutoFeeding:set_dr_f_available:720 - DR_F已就緒: (-55.66, 326.31), Flow1可直接讀取座標
2025-07-24 20:51:13 [DEBUG] AutoFeeding:trigger_ccd1_detection:553 - 發送檢測指令前 - 201狀態: 9
2025-07-24 20:51:13 [DEBUG] AutoFeeding:trigger_ccd1_detection:561 - 已發送控制指令16到寄存器200
2025-07-24 20:51:14 [DEBUG] AutoFeeding:trigger_ccd1_detection:580 - CCD1檢測完成標誌確認
2025-07-24 20:51:14 [INFO] AutoFeeding:feeding_cycle:741 - 週期2004 檢測結果: DR_F=15, 總數=28
2025-07-24 20:51:14 [INFO] AutoFeeding:feeding_cycle:768 - 找到保護區內DR_F: (-55.65, 326.3)
2025-07-24 20:51:14 [INFO] AutoFeeding:set_dr_f_available:720 - DR_F已就緒: (-55.65, 326.3), Flow1可直接讀取座標
2025-07-24 20:51:15 [DEBUG] AutoFeeding:trigger_ccd1_detection:553 - 發送檢測指令前 - 201狀態: 9
2025-07-24 20:51:15 [DEBUG] AutoFeeding:trigger_ccd1_detection:561 - 已發送控制指令16到寄存器200
2025-07-24 20:51:16 [DEBUG] AutoFeeding:trigger_ccd1_detection:580 - CCD1檢測完成標誌確認
2025-07-24 20:51:16 [INFO] AutoFeeding:feeding_cycle:741 - 週期2005 檢測結果: DR_F=15, 總數=28
2025-07-24 20:51:16 [INFO] AutoFeeding:feeding_cycle:768 - 找到保護區內DR_F: (-55.66, 326.3)
2025-07-24 20:51:16 [INFO] AutoFeeding:set_dr_f_available:720 - DR_F已就緒: (-55.66, 326.3), Flow1可直接讀取座標
2025-07-24 20:51:17 [DEBUG] AutoFeeding:trigger_ccd1_detection:553 - 發送檢測指令前 - 201狀態: 9
2025-07-24 20:51:17 [DEBUG] AutoFeeding:trigger_ccd1_detection:561 - 已發送控制指令16到寄存器200
2025-07-24 20:51:18 [DEBUG] AutoFeeding:trigger_ccd1_detection:580 - CCD1檢測完成標誌確認
2025-07-24 20:51:18 [INFO] AutoFeeding:feeding_cycle:741 - 週期2006 檢測結果: DR_F=15, 總數=29
2025-07-24 20:51:18 [INFO] AutoFeeding:feeding_cycle:768 - 找到保護區內DR_F: (-55.66, 326.3)
2025-07-24 20:51:18 [INFO] AutoFeeding:set_dr_f_available:720 - DR_F已就緒: (-55.66, 326.3), Flow1可直接讀取座標
2025-07-24 20:51:19 [DEBUG] AutoFeeding:trigger_ccd1_detection:553 - 發送檢測指令前 - 201狀態: 9
2025-07-24 20:51:19 [DEBUG] AutoFeeding:trigger_ccd1_detection:561 - 已發送控制指令16到寄存器200
2025-07-24 20:51:20 [DEBUG] AutoFeeding:trigger_ccd1_detection:580 - CCD1檢測完成標誌確認
2025-07-24 20:51:20 [INFO] AutoFeeding:feeding_cycle:741 - 週期2007 檢測結果: DR_F=15, 總數=28
2025-07-24 20:51:20 [INFO] AutoFeeding:feeding_cycle:768 - 找到保護區內DR_F: (-55.66, 326.31)
2025-07-24 20:51:20 [INFO] AutoFeeding:set_dr_f_available:720 - DR_F已就緒: (-55.66, 326.31), Flow1可直接讀取座標
2025-07-24 20:51:21 [DEBUG] AutoFeeding:trigger_ccd1_detection:553 - 發送檢測指令前 - 201狀態: 9
2025-07-24 20:51:21 [DEBUG] AutoFeeding:trigger_ccd1_detection:561 - 已發送控制指令16到寄存器200
2025-07-24 20:51:22 [DEBUG] AutoFeeding:trigger_ccd1_detection:580 - CCD1檢測完成標誌確認
2025-07-24 20:51:22 [INFO] AutoFeeding:feeding_cycle:741 - 週期2008 檢測結果: DR_F=15, 總數=28
2025-07-24 20:51:22 [INFO] AutoFeeding:feeding_cycle:768 - 找到保護區內DR_F: (-55.66, 326.31)
2025-07-24 20:51:22 [INFO] AutoFeeding:set_dr_f_available:720 - DR_F已就緒: (-55.66, 326.31), Flow1可直接讀取座標
2025-07-24 20:51:23 [DEBUG] AutoFeeding:trigger_ccd1_detection:553 - 發送檢測指令前 - 201狀態: 9
2025-07-24 20:51:23 [DEBUG] AutoFeeding:trigger_ccd1_detection:561 - 已發送控制指令16到寄存器200
2025-07-24 20:51:24 [DEBUG] AutoFeeding:trigger_ccd1_detection:580 - CCD1檢測完成標誌確認
2025-07-24 20:51:24 [INFO] AutoFeeding:feeding_cycle:741 - 週期2009 檢測結果: DR_F=15, 總數=28
2025-07-24 20:51:24 [INFO] AutoFeeding:feeding_cycle:768 - 找到保護區內DR_F: (-55.65, 326.3)
2025-07-24 20:51:24 [INFO] AutoFeeding:set_dr_f_available:720 - DR_F已就緒: (-55.65, 326.3), Flow1可直接讀取座標
2025-07-24 20:51:25 [DEBUG] AutoFeeding:trigger_ccd1_detection:553 - 發送檢測指令前 - 201狀態: 9
2025-07-24 20:51:25 [DEBUG] AutoFeeding:trigger_ccd1_detection:561 - 已發送控制指令16到寄存器200
2025-07-24 20:51:26 [DEBUG] AutoFeeding:trigger_ccd1_detection:580 - CCD1檢測完成標誌確認
2025-07-24 20:51:26 [INFO] AutoFeeding:feeding_cycle:741 - 週期2010 檢測結果: DR_F=15, 總數=28
2025-07-24 20:51:26 [INFO] AutoFeeding:feeding_cycle:768 - 找到保護區內DR_F: (-55.66, 326.3)
2025-07-24 20:51:26 [INFO] AutoFeeding:set_dr_f_available:720 - DR_F已就緒: (-55.66, 326.3), Flow1可直接讀取座標
2025-07-24 20:51:27 [DEBUG] AutoFeeding:trigger_ccd1_detection:553 - 發送檢測指令前 - 201狀態: 9
2025-07-24 20:51:27 [DEBUG] AutoFeeding:trigger_ccd1_detection:561 - 已發送控制指令16到寄存器200
2025-07-24 20:51:28 [DEBUG] AutoFeeding:trigger_ccd1_detection:580 - CCD1檢測完成標誌確認
2025-07-24 20:51:28 [INFO] AutoFeeding:feeding_cycle:741 - 週期2011 檢測結果: DR_F=15, 總數=28
2025-07-24 20:51:28 [INFO] AutoFeeding:feeding_cycle:768 - 找到保護區內DR_F: (-55.66, 326.3)
2025-07-24 20:51:28 [INFO] AutoFeeding:set_dr_f_available:720 - DR_F已就緒: (-55.66, 326.3), Flow1可直接讀取座標
2025-07-24 20:51:29 [DEBUG] AutoFeeding:trigger_ccd1_detection:553 - 發送檢測指令前 - 201狀態: 9
2025-07-24 20:51:29 [DEBUG] AutoFeeding:trigger_ccd1_detection:561 - 已發送控制指令16到寄存器200
2025-07-24 20:51:30 [DEBUG] AutoFeeding:trigger_ccd1_detection:580 - CCD1檢測完成標誌確認
2025-07-24 20:51:30 [INFO] AutoFeeding:feeding_cycle:741 - 週期2012 檢測結果: DR_F=15, 總數=28
2025-07-24 20:51:30 [INFO] AutoFeeding:feeding_cycle:768 - 找到保護區內DR_F: (-55.66, 326.31)
2025-07-24 20:51:30 [INFO] AutoFeeding:set_dr_f_available:720 - DR_F已就緒: (-55.66, 326.31), Flow1可直接讀取座標
2025-07-24 20:51:31 [DEBUG] AutoFeeding:trigger_ccd1_detection:553 - 發送檢測指令前 - 201狀態: 9
2025-07-24 20:51:31 [DEBUG] AutoFeeding:trigger_ccd1_detection:561 - 已發送控制指令16到寄存器200
2025-07-24 20:51:32 [DEBUG] AutoFeeding:trigger_ccd1_detection:580 - CCD1檢測完成標誌確認
2025-07-24 20:51:32 [INFO] AutoFeeding:feeding_cycle:741 - 週期2013 檢測結果: DR_F=15, 總數=28
2025-07-24 20:51:32 [INFO] AutoFeeding:feeding_cycle:768 - 找到保護區內DR_F: (-55.66, 326.3)
2025-07-24 20:51:32 [INFO] AutoFeeding:set_dr_f_available:720 - DR_F已就緒: (-55.66, 326.3), Flow1可直接讀取座標
2025-07-24 20:51:33 [DEBUG] AutoFeeding:trigger_ccd1_detection:553 - 發送檢測指令前 - 201狀態: 9
2025-07-24 20:51:33 [DEBUG] AutoFeeding:trigger_ccd1_detection:561 - 已發送控制指令16到寄存器200
2025-07-24 20:51:34 [DEBUG] AutoFeeding:trigger_ccd1_detection:580 - CCD1檢測完成標誌確認
2025-07-24 20:51:34 [INFO] AutoFeeding:feeding_cycle:741 - 週期2014 檢測結果: DR_F=15, 總數=28
2025-07-24 20:51:34 [INFO] AutoFeeding:feeding_cycle:768 - 找到保護區內DR_F: (-55.66, 326.3)
2025-07-24 20:51:34 [INFO] AutoFeeding:set_dr_f_available:720 - DR_F已就緒: (-55.66, 326.3), Flow1可直接讀取座標
2025-07-24 20:51:35 [DEBUG] AutoFeeding:trigger_ccd1_detection:553 - 發送檢測指令前 - 201狀態: 9
2025-07-24 20:51:35 [DEBUG] AutoFeeding:trigger_ccd1_detection:561 - 已發送控制指令16到寄存器200
2025-07-24 20:51:36 [DEBUG] AutoFeeding:trigger_ccd1_detection:580 - CCD1檢測完成標誌確認
2025-07-24 20:51:36 [INFO] AutoFeeding:feeding_cycle:741 - 週期2015 檢測結果: DR_F=15, 總數=29
2025-07-24 20:51:36 [INFO] AutoFeeding:feeding_cycle:768 - 找到保護區內DR_F: (-55.65, 326.3)
2025-07-24 20:51:36 [INFO] AutoFeeding:set_dr_f_available:720 - DR_F已就緒: (-55.65, 326.3), Flow1可直接讀取座標
2025-07-24 20:51:37 [DEBUG] AutoFeeding:trigger_ccd1_detection:553 - 發送檢測指令前 - 201狀態: 9
2025-07-24 20:51:37 [DEBUG] AutoFeeding:trigger_ccd1_detection:561 - 已發送控制指令16到寄存器200
2025-07-24 20:51:38 [DEBUG] AutoFeeding:trigger_ccd1_detection:580 - CCD1檢測完成標誌確認
2025-07-24 20:51:38 [INFO] AutoFeeding:feeding_cycle:741 - 週期2016 檢測結果: DR_F=15, 總數=29
2025-07-24 20:51:38 [INFO] AutoFeeding:feeding_cycle:768 - 找到保護區內DR_F: (-55.66, 326.3)
2025-07-24 20:51:38 [INFO] AutoFeeding:set_dr_f_available:720 - DR_F已就緒: (-55.66, 326.3), Flow1可直接讀取座標
2025-07-24 20:51:39 [DEBUG] AutoFeeding:trigger_ccd1_detection:553 - 發送檢測指令前 - 201狀態: 9
2025-07-24 20:51:39 [DEBUG] AutoFeeding:trigger_ccd1_detection:561 - 已發送控制指令16到寄存器200
2025-07-24 20:51:40 [DEBUG] AutoFeeding:trigger_ccd1_detection:580 - CCD1檢測完成標誌確認
2025-07-24 20:51:40 [INFO] AutoFeeding:feeding_cycle:741 - 週期2017 檢測結果: DR_F=15, 總數=28
2025-07-24 20:51:40 [INFO] AutoFeeding:feeding_cycle:768 - 找到保護區內DR_F: (-55.66, 326.3)
2025-07-24 20:51:40 [INFO] AutoFeeding:set_dr_f_available:720 - DR_F已就緒: (-55.66, 326.3), Flow1可直接讀取座標
2025-07-24 20:51:41 [DEBUG] AutoFeeding:trigger_ccd1_detection:553 - 發送檢測指令前 - 201狀態: 9
2025-07-24 20:51:41 [DEBUG] AutoFeeding:trigger_ccd1_detection:561 - 已發送控制指令16到寄存器200
2025-07-24 20:51:43 [DEBUG] AutoFeeding:trigger_ccd1_detection:580 - CCD1檢測完成標誌確認
2025-07-24 20:51:43 [INFO] AutoFeeding:feeding_cycle:741 - 週期2018 檢測結果: DR_F=15, 總數=29
2025-07-24 20:51:43 [INFO] AutoFeeding:feeding_cycle:768 - 找到保護區內DR_F: (-55.65, 326.31)
2025-07-24 20:51:43 [INFO] AutoFeeding:set_dr_f_available:720 - DR_F已就緒: (-55.65, 326.31), Flow1可直接讀取座標
2025-07-24 20:51:44 [DEBUG] AutoFeeding:trigger_ccd1_detection:553 - 發送檢測指令前 - 201狀態: 9
2025-07-24 20:51:44 [DEBUG] AutoFeeding:trigger_ccd1_detection:561 - 已發送控制指令16到寄存器200
2025-07-24 20:51:45 [DEBUG] AutoFeeding:trigger_ccd1_detection:580 - CCD1檢測完成標誌確認
2025-07-24 20:51:45 [INFO] AutoFeeding:feeding_cycle:741 - 週期2019 檢測結果: DR_F=15, 總數=28
2025-07-24 20:51:45 [INFO] AutoFeeding:feeding_cycle:768 - 找到保護區內DR_F: (-55.66, 326.31)
2025-07-24 20:51:45 [INFO] AutoFeeding:set_dr_f_available:720 - DR_F已就緒: (-55.66, 326.31), Flow1可直接讀取座標
2025-07-24 20:51:46 [DEBUG] AutoFeeding:trigger_ccd1_detection:553 - 發送檢測指令前 - 201狀態: 9
2025-07-24 20:51:46 [DEBUG] AutoFeeding:trigger_ccd1_detection:561 - 已發送控制指令16到寄存器200
2025-07-24 20:51:47 [DEBUG] AutoFeeding:trigger_ccd1_detection:580 - CCD1檢測完成標誌確認
2025-07-24 20:51:47 [INFO] AutoFeeding:feeding_cycle:741 - 週期2020 檢測結果: DR_F=15, 總數=28
2025-07-24 20:51:47 [INFO] AutoFeeding:feeding_cycle:768 - 找到保護區內DR_F: (-55.66, 326.3)
2025-07-24 20:51:47 [INFO] AutoFeeding:set_dr_f_available:720 - DR_F已就緒: (-55.66, 326.3), Flow1可直接讀取座標
2025-07-24 20:51:48 [DEBUG] AutoFeeding:trigger_ccd1_detection:553 - 發送檢測指令前 - 201狀態: 9
2025-07-24 20:51:48 [DEBUG] AutoFeeding:trigger_ccd1_detection:561 - 已發送控制指令16到寄存器200
2025-07-24 20:51:49 [DEBUG] AutoFeeding:trigger_ccd1_detection:580 - CCD1檢測完成標誌確認
2025-07-24 20:51:49 [INFO] AutoFeeding:feeding_cycle:741 - 週期2021 檢測結果: DR_F=15, 總數=29
2025-07-24 20:51:49 [INFO] AutoFeeding:feeding_cycle:768 - 找到保護區內DR_F: (-55.66, 326.3)
2025-07-24 20:51:49 [INFO] AutoFeeding:set_dr_f_available:720 - DR_F已就緒: (-55.66, 326.3), Flow1可直接讀取座標
2025-07-24 20:51:50 [DEBUG] AutoFeeding:trigger_ccd1_detection:553 - 發送檢測指令前 - 201狀態: 9
2025-07-24 20:51:50 [DEBUG] AutoFeeding:trigger_ccd1_detection:561 - 已發送控制指令16到寄存器200
2025-07-24 20:51:51 [DEBUG] AutoFeeding:trigger_ccd1_detection:580 - CCD1檢測完成標誌確認
2025-07-24 20:51:51 [INFO] AutoFeeding:feeding_cycle:741 - 週期2022 檢測結果: DR_F=15, 總數=28
2025-07-24 20:51:51 [INFO] AutoFeeding:feeding_cycle:768 - 找到保護區內DR_F: (-55.66, 326.3)
2025-07-24 20:51:51 [INFO] AutoFeeding:set_dr_f_available:720 - DR_F已就緒: (-55.66, 326.3), Flow1可直接讀取座標
2025-07-24 20:51:52 [DEBUG] AutoFeeding:trigger_ccd1_detection:553 - 發送檢測指令前 - 201狀態: 9
2025-07-24 20:51:52 [DEBUG] AutoFeeding:trigger_ccd1_detection:561 - 已發送控制指令16到寄存器200
2025-07-24 20:51:53 [DEBUG] AutoFeeding:trigger_ccd1_detection:580 - CCD1檢測完成標誌確認
2025-07-24 20:51:53 [INFO] AutoFeeding:feeding_cycle:741 - 週期2023 檢測結果: DR_F=15, 總數=28
2025-07-24 20:51:53 [INFO] AutoFeeding:feeding_cycle:768 - 找到保護區內DR_F: (-55.66, 326.3)
2025-07-24 20:51:53 [INFO] AutoFeeding:set_dr_f_available:720 - DR_F已就緒: (-55.66, 326.3), Flow1可直接讀取座標
2025-07-24 20:51:54 [DEBUG] AutoFeeding:trigger_ccd1_detection:553 - 發送檢測指令前 - 201狀態: 9
2025-07-24 20:51:54 [DEBUG] AutoFeeding:trigger_ccd1_detection:561 - 已發送控制指令16到寄存器200
2025-07-24 20:51:55 [DEBUG] AutoFeeding:trigger_ccd1_detection:580 - CCD1檢測完成標誌確認
2025-07-24 20:51:55 [INFO] AutoFeeding:feeding_cycle:741 - 週期2024 檢測結果: DR_F=15, 總數=28
2025-07-24 20:51:55 [INFO] AutoFeeding:feeding_cycle:768 - 找到保護區內DR_F: (-55.66, 326.3)
2025-07-24 20:51:55 [INFO] AutoFeeding:set_dr_f_available:720 - DR_F已就緒: (-55.66, 326.3), Flow1可直接讀取座標
2025-07-24 20:51:56 [DEBUG] AutoFeeding:trigger_ccd1_detection:553 - 發送檢測指令前 - 201狀態: 9
2025-07-24 20:51:56 [DEBUG] AutoFeeding:trigger_ccd1_detection:561 - 已發送控制指令16到寄存器200
2025-07-24 20:51:57 [DEBUG] AutoFeeding:trigger_ccd1_detection:580 - CCD1檢測完成標誌確認
2025-07-24 20:51:57 [INFO] AutoFeeding:feeding_cycle:741 - 週期2025 檢測結果: DR_F=15, 總數=28
2025-07-24 20:51:57 [INFO] AutoFeeding:feeding_cycle:768 - 找到保護區內DR_F: (-55.66, 326.3)
2025-07-24 20:51:57 [INFO] AutoFeeding:set_dr_f_available:720 - DR_F已就緒: (-55.66, 326.3), Flow1可直接讀取座標
2025-07-24 20:51:58 [DEBUG] AutoFeeding:trigger_ccd1_detection:553 - 發送檢測指令前 - 201狀態: 9
2025-07-24 20:51:58 [DEBUG] AutoFeeding:trigger_ccd1_detection:561 - 已發送控制指令16到寄存器200
2025-07-24 20:51:59 [DEBUG] AutoFeeding:trigger_ccd1_detection:580 - CCD1檢測完成標誌確認
2025-07-24 20:51:59 [INFO] AutoFeeding:feeding_cycle:741 - 週期2026 檢測結果: DR_F=15, 總數=29
2025-07-24 20:51:59 [INFO] AutoFeeding:feeding_cycle:768 - 找到保護區內DR_F: (-55.65, 326.3)
2025-07-24 20:51:59 [INFO] AutoFeeding:set_dr_f_available:720 - DR_F已就緒: (-55.65, 326.3), Flow1可直接讀取座標
2025-07-24 20:52:00 [DEBUG] AutoFeeding:trigger_ccd1_detection:553 - 發送檢測指令前 - 201狀態: 9
2025-07-24 20:52:00 [DEBUG] AutoFeeding:trigger_ccd1_detection:561 - 已發送控制指令16到寄存器200
2025-07-24 20:52:01 [DEBUG] AutoFeeding:trigger_ccd1_detection:580 - CCD1檢測完成標誌確認
2025-07-24 20:52:01 [INFO] AutoFeeding:feeding_cycle:741 - 週期2027 檢測結果: DR_F=15, 總數=28
2025-07-24 20:52:01 [INFO] AutoFeeding:feeding_cycle:768 - 找到保護區內DR_F: (-55.66, 326.31)
2025-07-24 20:52:01 [INFO] AutoFeeding:set_dr_f_available:720 - DR_F已就緒: (-55.66, 326.31), Flow1可直接讀取座標
2025-07-24 20:52:02 [DEBUG] AutoFeeding:trigger_ccd1_detection:553 - 發送檢測指令前 - 201狀態: 9
2025-07-24 20:52:02 [DEBUG] AutoFeeding:trigger_ccd1_detection:561 - 已發送控制指令16到寄存器200
2025-07-24 20:52:03 [DEBUG] AutoFeeding:trigger_ccd1_detection:580 - CCD1檢測完成標誌確認
2025-07-24 20:52:03 [INFO] AutoFeeding:feeding_cycle:741 - 週期2028 檢測結果: DR_F=15, 總數=28
2025-07-24 20:52:03 [INFO] AutoFeeding:feeding_cycle:768 - 找到保護區內DR_F: (-55.66, 326.31)
2025-07-24 20:52:03 [INFO] AutoFeeding:set_dr_f_available:720 - DR_F已就緒: (-55.66, 326.31), Flow1可直接讀取座標
2025-07-24 20:52:04 [DEBUG] AutoFeeding:trigger_ccd1_detection:553 - 發送檢測指令前 - 201狀態: 9
2025-07-24 20:52:04 [DEBUG] AutoFeeding:trigger_ccd1_detection:561 - 已發送控制指令16到寄存器200
2025-07-24 20:52:05 [DEBUG] AutoFeeding:trigger_ccd1_detection:580 - CCD1檢測完成標誌確認
2025-07-24 20:52:05 [INFO] AutoFeeding:feeding_cycle:741 - 週期2029 檢測結果: DR_F=15, 總數=28
2025-07-24 20:52:05 [INFO] AutoFeeding:feeding_cycle:768 - 找到保護區內DR_F: (-55.66, 326.31)
2025-07-24 20:52:05 [INFO] AutoFeeding:set_dr_f_available:720 - DR_F已就緒: (-55.66, 326.31), Flow1可直接讀取座標
2025-07-24 20:52:06 [DEBUG] AutoFeeding:trigger_ccd1_detection:553 - 發送檢測指令前 - 201狀態: 9
2025-07-24 20:52:06 [DEBUG] AutoFeeding:trigger_ccd1_detection:561 - 已發送控制指令16到寄存器200
2025-07-24 20:52:07 [DEBUG] AutoFeeding:trigger_ccd1_detection:580 - CCD1檢測完成標誌確認
2025-07-24 20:52:07 [INFO] AutoFeeding:feeding_cycle:741 - 週期2030 檢測結果: DR_F=15, 總數=29
2025-07-24 20:52:07 [INFO] AutoFeeding:feeding_cycle:768 - 找到保護區內DR_F: (-55.66, 326.3)
2025-07-24 20:52:07 [INFO] AutoFeeding:set_dr_f_available:720 - DR_F已就緒: (-55.66, 326.3), Flow1可直接讀取座標
2025-07-24 20:52:08 [DEBUG] AutoFeeding:trigger_ccd1_detection:553 - 發送檢測指令前 - 201狀態: 9
2025-07-24 20:52:08 [DEBUG] AutoFeeding:trigger_ccd1_detection:561 - 已發送控制指令16到寄存器200
2025-07-24 20:52:09 [DEBUG] AutoFeeding:trigger_ccd1_detection:580 - CCD1檢測完成標誌確認
2025-07-24 20:52:09 [INFO] AutoFeeding:feeding_cycle:741 - 週期2031 檢測結果: DR_F=15, 總數=28
2025-07-24 20:52:09 [INFO] AutoFeeding:feeding_cycle:768 - 找到保護區內DR_F: (-55.66, 326.31)
2025-07-24 20:52:09 [INFO] AutoFeeding:set_dr_f_available:720 - DR_F已就緒: (-55.66, 326.31), Flow1可直接讀取座標
2025-07-24 20:52:10 [DEBUG] AutoFeeding:trigger_ccd1_detection:553 - 發送檢測指令前 - 201狀態: 9
2025-07-24 20:52:10 [DEBUG] AutoFeeding:trigger_ccd1_detection:561 - 已發送控制指令16到寄存器200
2025-07-24 20:52:11 [DEBUG] AutoFeeding:trigger_ccd1_detection:580 - CCD1檢測完成標誌確認
2025-07-24 20:52:11 [INFO] AutoFeeding:feeding_cycle:741 - 週期2032 檢測結果: DR_F=15, 總數=28
2025-07-24 20:52:11 [INFO] AutoFeeding:feeding_cycle:768 - 找到保護區內DR_F: (-55.66, 326.3)
2025-07-24 20:52:11 [INFO] AutoFeeding:set_dr_f_available:720 - DR_F已就緒: (-55.66, 326.3), Flow1可直接讀取座標
2025-07-24 20:52:12 [DEBUG] AutoFeeding:trigger_ccd1_detection:553 - 發送檢測指令前 - 201狀態: 9
2025-07-24 20:52:12 [DEBUG] AutoFeeding:trigger_ccd1_detection:561 - 已發送控制指令16到寄存器200
2025-07-24 20:52:13 [DEBUG] AutoFeeding:trigger_ccd1_detection:580 - CCD1檢測完成標誌確認
2025-07-24 20:52:13 [INFO] AutoFeeding:feeding_cycle:741 - 週期2033 檢測結果: DR_F=15, 總數=28
2025-07-24 20:52:13 [INFO] AutoFeeding:feeding_cycle:768 - 找到保護區內DR_F: (-55.65, 326.31)
2025-07-24 20:52:13 [INFO] AutoFeeding:set_dr_f_available:720 - DR_F已就緒: (-55.65, 326.31), Flow1可直接讀取座標
2025-07-24 20:52:14 [DEBUG] AutoFeeding:trigger_ccd1_detection:553 - 發送檢測指令前 - 201狀態: 9
2025-07-24 20:52:14 [DEBUG] AutoFeeding:trigger_ccd1_detection:561 - 已發送控制指令16到寄存器200
2025-07-24 20:52:15 [DEBUG] AutoFeeding:trigger_ccd1_detection:580 - CCD1檢測完成標誌確認
2025-07-24 20:52:15 [INFO] AutoFeeding:feeding_cycle:741 - 週期2034 檢測結果: DR_F=15, 總數=28
2025-07-24 20:52:15 [INFO] AutoFeeding:feeding_cycle:768 - 找到保護區內DR_F: (-55.66, 326.3)
2025-07-24 20:52:15 [INFO] AutoFeeding:set_dr_f_available:720 - DR_F已就緒: (-55.66, 326.3), Flow1可直接讀取座標
2025-07-24 20:52:16 [DEBUG] AutoFeeding:trigger_ccd1_detection:553 - 發送檢測指令前 - 201狀態: 9
2025-07-24 20:52:16 [DEBUG] AutoFeeding:trigger_ccd1_detection:561 - 已發送控制指令16到寄存器200
2025-07-24 20:52:17 [DEBUG] AutoFeeding:trigger_ccd1_detection:580 - CCD1檢測完成標誌確認
2025-07-24 20:52:17 [INFO] AutoFeeding:feeding_cycle:741 - 週期2035 檢測結果: DR_F=15, 總數=28
2025-07-24 20:52:17 [INFO] AutoFeeding:feeding_cycle:768 - 找到保護區內DR_F: (-55.66, 326.3)
2025-07-24 20:52:17 [INFO] AutoFeeding:set_dr_f_available:720 - DR_F已就緒: (-55.66, 326.3), Flow1可直接讀取座標
2025-07-24 20:52:18 [DEBUG] AutoFeeding:trigger_ccd1_detection:553 - 發送檢測指令前 - 201狀態: 9
2025-07-24 20:52:18 [DEBUG] AutoFeeding:trigger_ccd1_detection:561 - 已發送控制指令16到寄存器200
2025-07-24 20:52:19 [DEBUG] AutoFeeding:trigger_ccd1_detection:580 - CCD1檢測完成標誌確認
2025-07-24 20:52:19 [INFO] AutoFeeding:feeding_cycle:741 - 週期2036 檢測結果: DR_F=15, 總數=29
2025-07-24 20:52:19 [INFO] AutoFeeding:feeding_cycle:768 - 找到保護區內DR_F: (-55.66, 326.31)
2025-07-24 20:52:19 [INFO] AutoFeeding:set_dr_f_available:720 - DR_F已就緒: (-55.66, 326.31), Flow1可直接讀取座標
2025-07-24 20:52:20 [DEBUG] AutoFeeding:trigger_ccd1_detection:553 - 發送檢測指令前 - 201狀態: 9
2025-07-24 20:52:20 [DEBUG] AutoFeeding:trigger_ccd1_detection:561 - 已發送控制指令16到寄存器200
2025-07-24 20:52:21 [DEBUG] AutoFeeding:trigger_ccd1_detection:580 - CCD1檢測完成標誌確認
2025-07-24 20:52:21 [INFO] AutoFeeding:feeding_cycle:741 - 週期2037 檢測結果: DR_F=15, 總數=29
2025-07-24 20:52:21 [INFO] AutoFeeding:feeding_cycle:768 - 找到保護區內DR_F: (-55.65, 326.31)
2025-07-24 20:52:21 [INFO] AutoFeeding:set_dr_f_available:720 - DR_F已就緒: (-55.65, 326.31), Flow1可直接讀取座標
2025-07-24 20:52:22 [DEBUG] AutoFeeding:trigger_ccd1_detection:553 - 發送檢測指令前 - 201狀態: 9
2025-07-24 20:52:22 [DEBUG] AutoFeeding:trigger_ccd1_detection:561 - 已發送控制指令16到寄存器200
2025-07-24 20:52:24 [DEBUG] AutoFeeding:trigger_ccd1_detection:580 - CCD1檢測完成標誌確認
2025-07-24 20:52:24 [INFO] AutoFeeding:feeding_cycle:741 - 週期2038 檢測結果: DR_F=15, 總數=28
2025-07-24 20:52:24 [INFO] AutoFeeding:feeding_cycle:768 - 找到保護區內DR_F: (-55.66, 326.31)
2025-07-24 20:52:24 [INFO] AutoFeeding:set_dr_f_available:720 - DR_F已就緒: (-55.66, 326.31), Flow1可直接讀取座標
2025-07-24 20:52:25 [DEBUG] AutoFeeding:trigger_ccd1_detection:553 - 發送檢測指令前 - 201狀態: 9
2025-07-24 20:52:25 [DEBUG] AutoFeeding:trigger_ccd1_detection:561 - 已發送控制指令16到寄存器200
2025-07-24 20:52:26 [DEBUG] AutoFeeding:trigger_ccd1_detection:580 - CCD1檢測完成標誌確認
2025-07-24 20:52:26 [INFO] AutoFeeding:feeding_cycle:741 - 週期2039 檢測結果: DR_F=15, 總數=28
2025-07-24 20:52:26 [INFO] AutoFeeding:feeding_cycle:768 - 找到保護區內DR_F: (-55.65, 326.31)
2025-07-24 20:52:26 [INFO] AutoFeeding:set_dr_f_available:720 - DR_F已就緒: (-55.65, 326.31), Flow1可直接讀取座標
2025-07-24 20:52:27 [DEBUG] AutoFeeding:trigger_ccd1_detection:553 - 發送檢測指令前 - 201狀態: 9
2025-07-24 20:52:27 [DEBUG] AutoFeeding:trigger_ccd1_detection:561 - 已發送控制指令16到寄存器200
2025-07-24 20:52:28 [DEBUG] AutoFeeding:trigger_ccd1_detection:580 - CCD1檢測完成標誌確認
2025-07-24 20:52:28 [INFO] AutoFeeding:feeding_cycle:741 - 週期2040 檢測結果: DR_F=15, 總數=29
2025-07-24 20:52:28 [INFO] AutoFeeding:feeding_cycle:768 - 找到保護區內DR_F: (-55.65, 326.31)
2025-07-24 20:52:28 [INFO] AutoFeeding:set_dr_f_available:720 - DR_F已就緒: (-55.65, 326.31), Flow1可直接讀取座標
2025-07-24 20:52:29 [DEBUG] AutoFeeding:trigger_ccd1_detection:553 - 發送檢測指令前 - 201狀態: 9
2025-07-24 20:52:29 [DEBUG] AutoFeeding:trigger_ccd1_detection:561 - 已發送控制指令16到寄存器200
2025-07-24 20:52:30 [DEBUG] AutoFeeding:trigger_ccd1_detection:580 - CCD1檢測完成標誌確認
2025-07-24 20:52:30 [INFO] AutoFeeding:feeding_cycle:741 - 週期2041 檢測結果: DR_F=15, 總數=28
2025-07-24 20:52:30 [INFO] AutoFeeding:feeding_cycle:768 - 找到保護區內DR_F: (-55.66, 326.31)
2025-07-24 20:52:30 [INFO] AutoFeeding:set_dr_f_available:720 - DR_F已就緒: (-55.66, 326.31), Flow1可直接讀取座標
2025-07-24 20:52:31 [DEBUG] AutoFeeding:trigger_ccd1_detection:553 - 發送檢測指令前 - 201狀態: 9
2025-07-24 20:52:31 [DEBUG] AutoFeeding:trigger_ccd1_detection:561 - 已發送控制指令16到寄存器200
2025-07-24 20:52:32 [DEBUG] AutoFeeding:trigger_ccd1_detection:580 - CCD1檢測完成標誌確認
2025-07-24 20:52:32 [INFO] AutoFeeding:feeding_cycle:741 - 週期2042 檢測結果: DR_F=15, 總數=29
2025-07-24 20:52:32 [INFO] AutoFeeding:feeding_cycle:768 - 找到保護區內DR_F: (-55.66, 326.3)
2025-07-24 20:52:32 [INFO] AutoFeeding:set_dr_f_available:720 - DR_F已就緒: (-55.66, 326.3), Flow1可直接讀取座標
2025-07-24 20:52:33 [DEBUG] AutoFeeding:trigger_ccd1_detection:553 - 發送檢測指令前 - 201狀態: 9
2025-07-24 20:52:33 [DEBUG] AutoFeeding:trigger_ccd1_detection:561 - 已發送控制指令16到寄存器200
2025-07-24 20:52:34 [DEBUG] AutoFeeding:trigger_ccd1_detection:580 - CCD1檢測完成標誌確認
2025-07-24 20:52:34 [INFO] AutoFeeding:feeding_cycle:741 - 週期2043 檢測結果: DR_F=15, 總數=28
2025-07-24 20:52:34 [INFO] AutoFeeding:feeding_cycle:768 - 找到保護區內DR_F: (-55.66, 326.31)
2025-07-24 20:52:34 [INFO] AutoFeeding:set_dr_f_available:720 - DR_F已就緒: (-55.66, 326.31), Flow1可直接讀取座標
2025-07-24 20:52:35 [DEBUG] AutoFeeding:trigger_ccd1_detection:553 - 發送檢測指令前 - 201狀態: 9
2025-07-24 20:52:35 [DEBUG] AutoFeeding:trigger_ccd1_detection:561 - 已發送控制指令16到寄存器200
2025-07-24 20:52:36 [DEBUG] AutoFeeding:trigger_ccd1_detection:580 - CCD1檢測完成標誌確認
2025-07-24 20:52:36 [INFO] AutoFeeding:feeding_cycle:741 - 週期2044 檢測結果: DR_F=15, 總數=28
2025-07-24 20:52:36 [INFO] AutoFeeding:feeding_cycle:768 - 找到保護區內DR_F: (-55.66, 326.31)
2025-07-24 20:52:36 [INFO] AutoFeeding:set_dr_f_available:720 - DR_F已就緒: (-55.66, 326.31), Flow1可直接讀取座標
2025-07-24 20:52:37 [DEBUG] AutoFeeding:trigger_ccd1_detection:553 - 發送檢測指令前 - 201狀態: 9
2025-07-24 20:52:37 [DEBUG] AutoFeeding:trigger_ccd1_detection:561 - 已發送控制指令16到寄存器200
2025-07-24 20:52:38 [DEBUG] AutoFeeding:trigger_ccd1_detection:580 - CCD1檢測完成標誌確認
2025-07-24 20:52:38 [INFO] AutoFeeding:feeding_cycle:741 - 週期2045 檢測結果: DR_F=15, 總數=28
2025-07-24 20:52:38 [INFO] AutoFeeding:feeding_cycle:768 - 找到保護區內DR_F: (-55.66, 326.3)
2025-07-24 20:52:38 [INFO] AutoFeeding:set_dr_f_available:720 - DR_F已就緒: (-55.66, 326.3), Flow1可直接讀取座標
2025-07-24 20:52:39 [DEBUG] AutoFeeding:trigger_ccd1_detection:553 - 發送檢測指令前 - 201狀態: 9
2025-07-24 20:52:39 [DEBUG] AutoFeeding:trigger_ccd1_detection:561 - 已發送控制指令16到寄存器200
2025-07-24 20:52:40 [DEBUG] AutoFeeding:trigger_ccd1_detection:580 - CCD1檢測完成標誌確認
2025-07-24 20:52:40 [INFO] AutoFeeding:feeding_cycle:741 - 週期2046 檢測結果: DR_F=15, 總數=28
2025-07-24 20:52:40 [INFO] AutoFeeding:feeding_cycle:768 - 找到保護區內DR_F: (-55.65, 326.31)
2025-07-24 20:52:40 [INFO] AutoFeeding:set_dr_f_available:720 - DR_F已就緒: (-55.65, 326.31), Flow1可直接讀取座標
2025-07-24 20:52:41 [DEBUG] AutoFeeding:trigger_ccd1_detection:553 - 發送檢測指令前 - 201狀態: 9
2025-07-24 20:52:41 [DEBUG] AutoFeeding:trigger_ccd1_detection:561 - 已發送控制指令16到寄存器200
2025-07-24 20:52:42 [DEBUG] AutoFeeding:trigger_ccd1_detection:580 - CCD1檢測完成標誌確認
2025-07-24 20:52:42 [INFO] AutoFeeding:feeding_cycle:741 - 週期2047 檢測結果: DR_F=15, 總數=29
2025-07-24 20:52:42 [INFO] AutoFeeding:feeding_cycle:768 - 找到保護區內DR_F: (-55.66, 326.3)
2025-07-24 20:52:42 [INFO] AutoFeeding:set_dr_f_available:720 - DR_F已就緒: (-55.66, 326.3), Flow1可直接讀取座標
2025-07-24 20:52:43 [DEBUG] AutoFeeding:trigger_ccd1_detection:553 - 發送檢測指令前 - 201狀態: 9
2025-07-24 20:52:43 [DEBUG] AutoFeeding:trigger_ccd1_detection:561 - 已發送控制指令16到寄存器200
2025-07-24 20:52:44 [DEBUG] AutoFeeding:trigger_ccd1_detection:580 - CCD1檢測完成標誌確認
2025-07-24 20:52:44 [INFO] AutoFeeding:feeding_cycle:741 - 週期2048 檢測結果: DR_F=15, 總數=29
2025-07-24 20:52:44 [INFO] AutoFeeding:feeding_cycle:768 - 找到保護區內DR_F: (-55.65, 326.3)
2025-07-24 20:52:44 [INFO] AutoFeeding:set_dr_f_available:720 - DR_F已就緒: (-55.65, 326.3), Flow1可直接讀取座標
2025-07-24 20:52:45 [DEBUG] AutoFeeding:trigger_ccd1_detection:553 - 發送檢測指令前 - 201狀態: 9
2025-07-24 20:52:45 [DEBUG] AutoFeeding:trigger_ccd1_detection:561 - 已發送控制指令16到寄存器200
2025-07-24 20:52:46 [DEBUG] AutoFeeding:trigger_ccd1_detection:580 - CCD1檢測完成標誌確認
2025-07-24 20:52:46 [INFO] AutoFeeding:feeding_cycle:741 - 週期2049 檢測結果: DR_F=15, 總數=28
2025-07-24 20:52:46 [INFO] AutoFeeding:feeding_cycle:768 - 找到保護區內DR_F: (-55.65, 326.3)
2025-07-24 20:52:46 [INFO] AutoFeeding:set_dr_f_available:720 - DR_F已就緒: (-55.65, 326.3), Flow1可直接讀取座標
2025-07-24 20:52:47 [DEBUG] AutoFeeding:trigger_ccd1_detection:553 - 發送檢測指令前 - 201狀態: 9
2025-07-24 20:52:47 [DEBUG] AutoFeeding:trigger_ccd1_detection:561 - 已發送控制指令16到寄存器200
2025-07-24 20:52:48 [DEBUG] AutoFeeding:trigger_ccd1_detection:580 - CCD1檢測完成標誌確認
2025-07-24 20:52:48 [INFO] AutoFeeding:feeding_cycle:741 - 週期2050 檢測結果: DR_F=15, 總數=28
2025-07-24 20:52:48 [INFO] AutoFeeding:feeding_cycle:768 - 找到保護區內DR_F: (-55.66, 326.31)
2025-07-24 20:52:48 [INFO] AutoFeeding:set_dr_f_available:720 - DR_F已就緒: (-55.66, 326.31), Flow1可直接讀取座標
2025-07-24 20:52:49 [DEBUG] AutoFeeding:trigger_ccd1_detection:553 - 發送檢測指令前 - 201狀態: 9
2025-07-24 20:52:49 [DEBUG] AutoFeeding:trigger_ccd1_detection:561 - 已發送控制指令16到寄存器200
2025-07-24 20:52:50 [DEBUG] AutoFeeding:trigger_ccd1_detection:580 - CCD1檢測完成標誌確認
2025-07-24 20:52:50 [INFO] AutoFeeding:feeding_cycle:741 - 週期2051 檢測結果: DR_F=15, 總數=28
2025-07-24 20:52:50 [INFO] AutoFeeding:feeding_cycle:768 - 找到保護區內DR_F: (-55.66, 326.3)
2025-07-24 20:52:50 [INFO] AutoFeeding:set_dr_f_available:720 - DR_F已就緒: (-55.66, 326.3), Flow1可直接讀取座標
2025-07-24 20:52:51 [DEBUG] AutoFeeding:trigger_ccd1_detection:553 - 發送檢測指令前 - 201狀態: 9
2025-07-24 20:52:51 [DEBUG] AutoFeeding:trigger_ccd1_detection:561 - 已發送控制指令16到寄存器200
2025-07-24 20:52:52 [DEBUG] AutoFeeding:trigger_ccd1_detection:580 - CCD1檢測完成標誌確認
2025-07-24 20:52:52 [INFO] AutoFeeding:feeding_cycle:741 - 週期2052 檢測結果: DR_F=15, 總數=28
2025-07-24 20:52:52 [INFO] AutoFeeding:feeding_cycle:768 - 找到保護區內DR_F: (-55.66, 326.31)
2025-07-24 20:52:52 [INFO] AutoFeeding:set_dr_f_available:720 - DR_F已就緒: (-55.66, 326.31), Flow1可直接讀取座標
2025-07-24 20:52:53 [DEBUG] AutoFeeding:trigger_ccd1_detection:553 - 發送檢測指令前 - 201狀態: 9
2025-07-24 20:52:53 [DEBUG] AutoFeeding:trigger_ccd1_detection:561 - 已發送控制指令16到寄存器200
2025-07-24 20:52:54 [DEBUG] AutoFeeding:trigger_ccd1_detection:580 - CCD1檢測完成標誌確認
2025-07-24 20:52:54 [INFO] AutoFeeding:feeding_cycle:741 - 週期2053 檢測結果: DR_F=15, 總數=28
2025-07-24 20:52:54 [INFO] AutoFeeding:feeding_cycle:768 - 找到保護區內DR_F: (-55.66, 326.3)
2025-07-24 20:52:54 [INFO] AutoFeeding:set_dr_f_available:720 - DR_F已就緒: (-55.66, 326.3), Flow1可直接讀取座標
2025-07-24 20:52:55 [DEBUG] AutoFeeding:trigger_ccd1_detection:553 - 發送檢測指令前 - 201狀態: 9
2025-07-24 20:52:55 [DEBUG] AutoFeeding:trigger_ccd1_detection:561 - 已發送控制指令16到寄存器200
2025-07-24 20:52:56 [DEBUG] AutoFeeding:trigger_ccd1_detection:580 - CCD1檢測完成標誌確認
2025-07-24 20:52:56 [INFO] AutoFeeding:feeding_cycle:741 - 週期2054 檢測結果: DR_F=15, 總數=28
2025-07-24 20:52:56 [INFO] AutoFeeding:feeding_cycle:768 - 找到保護區內DR_F: (-55.66, 326.31)
2025-07-24 20:52:56 [INFO] AutoFeeding:set_dr_f_available:720 - DR_F已就緒: (-55.66, 326.31), Flow1可直接讀取座標
2025-07-24 20:52:57 [DEBUG] AutoFeeding:trigger_ccd1_detection:553 - 發送檢測指令前 - 201狀態: 9
2025-07-24 20:52:57 [DEBUG] AutoFeeding:trigger_ccd1_detection:561 - 已發送控制指令16到寄存器200
2025-07-24 20:52:58 [DEBUG] AutoFeeding:trigger_ccd1_detection:580 - CCD1檢測完成標誌確認
2025-07-24 20:52:58 [INFO] AutoFeeding:feeding_cycle:741 - 週期2055 檢測結果: DR_F=15, 總數=28
2025-07-24 20:52:58 [INFO] AutoFeeding:feeding_cycle:768 - 找到保護區內DR_F: (-55.66, 326.31)
2025-07-24 20:52:58 [INFO] AutoFeeding:set_dr_f_available:720 - DR_F已就緒: (-55.66, 326.31), Flow1可直接讀取座標
2025-07-24 20:52:59 [DEBUG] AutoFeeding:trigger_ccd1_detection:553 - 發送檢測指令前 - 201狀態: 9
2025-07-24 20:52:59 [DEBUG] AutoFeeding:trigger_ccd1_detection:561 - 已發送控制指令16到寄存器200
2025-07-24 20:53:00 [DEBUG] AutoFeeding:trigger_ccd1_detection:580 - CCD1檢測完成標誌確認
2025-07-24 20:53:00 [INFO] AutoFeeding:feeding_cycle:741 - 週期2056 檢測結果: DR_F=15, 總數=29
2025-07-24 20:53:00 [INFO] AutoFeeding:feeding_cycle:768 - 找到保護區內DR_F: (-55.66, 326.31)
2025-07-24 20:53:00 [INFO] AutoFeeding:set_dr_f_available:720 - DR_F已就緒: (-55.66, 326.31), Flow1可直接讀取座標
2025-07-24 20:53:01 [DEBUG] AutoFeeding:trigger_ccd1_detection:553 - 發送檢測指令前 - 201狀態: 9
2025-07-24 20:53:01 [DEBUG] AutoFeeding:trigger_ccd1_detection:561 - 已發送控制指令16到寄存器200
2025-07-24 20:53:02 [DEBUG] AutoFeeding:trigger_ccd1_detection:580 - CCD1檢測完成標誌確認
2025-07-24 20:53:02 [INFO] AutoFeeding:feeding_cycle:741 - 週期2057 檢測結果: DR_F=15, 總數=28
2025-07-24 20:53:02 [INFO] AutoFeeding:feeding_cycle:768 - 找到保護區內DR_F: (-55.65, 326.31)
2025-07-24 20:53:02 [INFO] AutoFeeding:set_dr_f_available:720 - DR_F已就緒: (-55.65, 326.31), Flow1可直接讀取座標
2025-07-24 20:53:03 [DEBUG] AutoFeeding:trigger_ccd1_detection:553 - 發送檢測指令前 - 201狀態: 9
2025-07-24 20:53:03 [DEBUG] AutoFeeding:trigger_ccd1_detection:561 - 已發送控制指令16到寄存器200
2025-07-24 20:53:04 [DEBUG] AutoFeeding:trigger_ccd1_detection:580 - CCD1檢測完成標誌確認
2025-07-24 20:53:04 [INFO] AutoFeeding:feeding_cycle:741 - 週期2058 檢測結果: DR_F=15, 總數=28
2025-07-24 20:53:04 [INFO] AutoFeeding:feeding_cycle:768 - 找到保護區內DR_F: (-55.66, 326.31)
2025-07-24 20:53:04 [INFO] AutoFeeding:set_dr_f_available:720 - DR_F已就緒: (-55.66, 326.31), Flow1可直接讀取座標
2025-07-24 20:53:05 [DEBUG] AutoFeeding:trigger_ccd1_detection:553 - 發送檢測指令前 - 201狀態: 9
2025-07-24 20:53:05 [DEBUG] AutoFeeding:trigger_ccd1_detection:561 - 已發送控制指令16到寄存器200
2025-07-24 20:53:06 [DEBUG] AutoFeeding:trigger_ccd1_detection:580 - CCD1檢測完成標誌確認
2025-07-24 20:53:06 [INFO] AutoFeeding:feeding_cycle:741 - 週期2059 檢測結果: DR_F=15, 總數=28
2025-07-24 20:53:06 [INFO] AutoFeeding:feeding_cycle:768 - 找到保護區內DR_F: (-55.66, 326.3)
2025-07-24 20:53:06 [INFO] AutoFeeding:set_dr_f_available:720 - DR_F已就緒: (-55.66, 326.3), Flow1可直接讀取座標
2025-07-24 20:53:07 [DEBUG] AutoFeeding:trigger_ccd1_detection:553 - 發送檢測指令前 - 201狀態: 9
2025-07-24 20:53:07 [DEBUG] AutoFeeding:trigger_ccd1_detection:561 - 已發送控制指令16到寄存器200
2025-07-24 20:53:09 [DEBUG] AutoFeeding:trigger_ccd1_detection:580 - CCD1檢測完成標誌確認
2025-07-24 20:53:09 [INFO] AutoFeeding:feeding_cycle:741 - 週期2060 檢測結果: DR_F=15, 總數=29
2025-07-24 20:53:09 [INFO] AutoFeeding:feeding_cycle:768 - 找到保護區內DR_F: (-55.66, 326.3)
2025-07-24 20:53:09 [INFO] AutoFeeding:set_dr_f_available:720 - DR_F已就緒: (-55.66, 326.3), Flow1可直接讀取座標
2025-07-24 20:53:10 [DEBUG] AutoFeeding:trigger_ccd1_detection:553 - 發送檢測指令前 - 201狀態: 9
2025-07-24 20:53:10 [DEBUG] AutoFeeding:trigger_ccd1_detection:561 - 已發送控制指令16到寄存器200
2025-07-24 20:53:11 [DEBUG] AutoFeeding:trigger_ccd1_detection:580 - CCD1檢測完成標誌確認
2025-07-24 20:53:11 [INFO] AutoFeeding:feeding_cycle:741 - 週期2061 檢測結果: DR_F=15, 總數=28
2025-07-24 20:53:11 [INFO] AutoFeeding:feeding_cycle:768 - 找到保護區內DR_F: (-55.66, 326.3)
2025-07-24 20:53:11 [INFO] AutoFeeding:set_dr_f_available:720 - DR_F已就緒: (-55.66, 326.3), Flow1可直接讀取座標
2025-07-24 20:53:12 [DEBUG] AutoFeeding:trigger_ccd1_detection:553 - 發送檢測指令前 - 201狀態: 9
2025-07-24 20:53:12 [DEBUG] AutoFeeding:trigger_ccd1_detection:561 - 已發送控制指令16到寄存器200
2025-07-24 20:53:13 [DEBUG] AutoFeeding:trigger_ccd1_detection:580 - CCD1檢測完成標誌確認
2025-07-24 20:53:13 [INFO] AutoFeeding:feeding_cycle:741 - 週期2062 檢測結果: DR_F=15, 總數=28
2025-07-24 20:53:13 [INFO] AutoFeeding:feeding_cycle:768 - 找到保護區內DR_F: (-55.66, 326.31)
2025-07-24 20:53:13 [INFO] AutoFeeding:set_dr_f_available:720 - DR_F已就緒: (-55.66, 326.31), Flow1可直接讀取座標
2025-07-24 20:53:14 [DEBUG] AutoFeeding:trigger_ccd1_detection:553 - 發送檢測指令前 - 201狀態: 9
2025-07-24 20:53:14 [DEBUG] AutoFeeding:trigger_ccd1_detection:561 - 已發送控制指令16到寄存器200
2025-07-24 20:53:15 [DEBUG] AutoFeeding:trigger_ccd1_detection:580 - CCD1檢測完成標誌確認
2025-07-24 20:53:15 [INFO] AutoFeeding:feeding_cycle:741 - 週期2063 檢測結果: DR_F=15, 總數=28
2025-07-24 20:53:15 [INFO] AutoFeeding:feeding_cycle:768 - 找到保護區內DR_F: (-55.66, 326.31)
2025-07-24 20:53:15 [INFO] AutoFeeding:set_dr_f_available:720 - DR_F已就緒: (-55.66, 326.31), Flow1可直接讀取座標
2025-07-24 20:53:16 [DEBUG] AutoFeeding:trigger_ccd1_detection:553 - 發送檢測指令前 - 201狀態: 9
2025-07-24 20:53:16 [DEBUG] AutoFeeding:trigger_ccd1_detection:561 - 已發送控制指令16到寄存器200
2025-07-24 20:53:17 [DEBUG] AutoFeeding:trigger_ccd1_detection:580 - CCD1檢測完成標誌確認
2025-07-24 20:53:17 [INFO] AutoFeeding:feeding_cycle:741 - 週期2064 檢測結果: DR_F=15, 總數=28
2025-07-24 20:53:17 [INFO] AutoFeeding:feeding_cycle:768 - 找到保護區內DR_F: (-55.66, 326.3)
2025-07-24 20:53:17 [INFO] AutoFeeding:set_dr_f_available:720 - DR_F已就緒: (-55.66, 326.3), Flow1可直接讀取座標
2025-07-24 20:53:18 [DEBUG] AutoFeeding:trigger_ccd1_detection:553 - 發送檢測指令前 - 201狀態: 9
2025-07-24 20:53:18 [DEBUG] AutoFeeding:trigger_ccd1_detection:561 - 已發送控制指令16到寄存器200
2025-07-24 20:53:19 [DEBUG] AutoFeeding:trigger_ccd1_detection:580 - CCD1檢測完成標誌確認
2025-07-24 20:53:19 [INFO] AutoFeeding:feeding_cycle:741 - 週期2065 檢測結果: DR_F=15, 總數=28
2025-07-24 20:53:19 [INFO] AutoFeeding:feeding_cycle:768 - 找到保護區內DR_F: (-55.66, 326.31)
2025-07-24 20:53:19 [INFO] AutoFeeding:set_dr_f_available:720 - DR_F已就緒: (-55.66, 326.31), Flow1可直接讀取座標
2025-07-24 20:53:20 [DEBUG] AutoFeeding:trigger_ccd1_detection:553 - 發送檢測指令前 - 201狀態: 9
2025-07-24 20:53:20 [DEBUG] AutoFeeding:trigger_ccd1_detection:561 - 已發送控制指令16到寄存器200
2025-07-24 20:53:21 [DEBUG] AutoFeeding:trigger_ccd1_detection:580 - CCD1檢測完成標誌確認
2025-07-24 20:53:21 [INFO] AutoFeeding:feeding_cycle:741 - 週期2066 檢測結果: DR_F=15, 總數=28
2025-07-24 20:53:21 [INFO] AutoFeeding:feeding_cycle:768 - 找到保護區內DR_F: (-55.66, 326.31)
2025-07-24 20:53:21 [INFO] AutoFeeding:set_dr_f_available:720 - DR_F已就緒: (-55.66, 326.31), Flow1可直接讀取座標
2025-07-24 20:53:22 [DEBUG] AutoFeeding:trigger_ccd1_detection:553 - 發送檢測指令前 - 201狀態: 9
2025-07-24 20:53:22 [DEBUG] AutoFeeding:trigger_ccd1_detection:561 - 已發送控制指令16到寄存器200
2025-07-24 20:53:23 [DEBUG] AutoFeeding:trigger_ccd1_detection:580 - CCD1檢測完成標誌確認
2025-07-24 20:53:23 [INFO] AutoFeeding:feeding_cycle:741 - 週期2067 檢測結果: DR_F=15, 總數=29
2025-07-24 20:53:23 [INFO] AutoFeeding:feeding_cycle:768 - 找到保護區內DR_F: (-55.66, 326.3)
2025-07-24 20:53:23 [INFO] AutoFeeding:set_dr_f_available:720 - DR_F已就緒: (-55.66, 326.3), Flow1可直接讀取座標
2025-07-24 20:53:24 [DEBUG] AutoFeeding:trigger_ccd1_detection:553 - 發送檢測指令前 - 201狀態: 9
2025-07-24 20:53:24 [DEBUG] AutoFeeding:trigger_ccd1_detection:561 - 已發送控制指令16到寄存器200
2025-07-24 20:53:25 [DEBUG] AutoFeeding:trigger_ccd1_detection:580 - CCD1檢測完成標誌確認
2025-07-24 20:53:25 [INFO] AutoFeeding:feeding_cycle:741 - 週期2068 檢測結果: DR_F=15, 總數=28
2025-07-24 20:53:25 [INFO] AutoFeeding:feeding_cycle:768 - 找到保護區內DR_F: (-55.66, 326.31)
2025-07-24 20:53:25 [INFO] AutoFeeding:set_dr_f_available:720 - DR_F已就緒: (-55.66, 326.31), Flow1可直接讀取座標
2025-07-24 20:53:26 [DEBUG] AutoFeeding:trigger_ccd1_detection:553 - 發送檢測指令前 - 201狀態: 9
2025-07-24 20:53:26 [DEBUG] AutoFeeding:trigger_ccd1_detection:561 - 已發送控制指令16到寄存器200
2025-07-24 20:53:27 [DEBUG] AutoFeeding:trigger_ccd1_detection:580 - CCD1檢測完成標誌確認
2025-07-24 20:53:27 [INFO] AutoFeeding:feeding_cycle:741 - 週期2069 檢測結果: DR_F=15, 總數=28
2025-07-24 20:53:27 [INFO] AutoFeeding:feeding_cycle:768 - 找到保護區內DR_F: (-55.66, 326.31)
2025-07-24 20:53:27 [INFO] AutoFeeding:set_dr_f_available:720 - DR_F已就緒: (-55.66, 326.31), Flow1可直接讀取座標
2025-07-24 20:53:28 [DEBUG] AutoFeeding:trigger_ccd1_detection:553 - 發送檢測指令前 - 201狀態: 9
2025-07-24 20:53:28 [DEBUG] AutoFeeding:trigger_ccd1_detection:561 - 已發送控制指令16到寄存器200
2025-07-24 20:53:29 [DEBUG] AutoFeeding:trigger_ccd1_detection:580 - CCD1檢測完成標誌確認
2025-07-24 20:53:29 [INFO] AutoFeeding:feeding_cycle:741 - 週期2070 檢測結果: DR_F=15, 總數=28
2025-07-24 20:53:29 [INFO] AutoFeeding:feeding_cycle:768 - 找到保護區內DR_F: (-55.66, 326.3)
2025-07-24 20:53:29 [INFO] AutoFeeding:set_dr_f_available:720 - DR_F已就緒: (-55.66, 326.3), Flow1可直接讀取座標
2025-07-24 20:53:30 [DEBUG] AutoFeeding:trigger_ccd1_detection:553 - 發送檢測指令前 - 201狀態: 9
2025-07-24 20:53:30 [DEBUG] AutoFeeding:trigger_ccd1_detection:561 - 已發送控制指令16到寄存器200
2025-07-24 20:53:31 [DEBUG] AutoFeeding:trigger_ccd1_detection:580 - CCD1檢測完成標誌確認
2025-07-24 20:53:31 [INFO] AutoFeeding:feeding_cycle:741 - 週期2071 檢測結果: DR_F=15, 總數=28
2025-07-24 20:53:31 [INFO] AutoFeeding:feeding_cycle:768 - 找到保護區內DR_F: (-55.66, 326.3)
2025-07-24 20:53:31 [INFO] AutoFeeding:set_dr_f_available:720 - DR_F已就緒: (-55.66, 326.3), Flow1可直接讀取座標
2025-07-24 20:53:32 [DEBUG] AutoFeeding:trigger_ccd1_detection:553 - 發送檢測指令前 - 201狀態: 9
2025-07-24 20:53:32 [DEBUG] AutoFeeding:trigger_ccd1_detection:561 - 已發送控制指令16到寄存器200
2025-07-24 20:53:33 [DEBUG] AutoFeeding:trigger_ccd1_detection:580 - CCD1檢測完成標誌確認
2025-07-24 20:53:33 [INFO] AutoFeeding:feeding_cycle:741 - 週期2072 檢測結果: DR_F=15, 總數=28
2025-07-24 20:53:33 [INFO] AutoFeeding:feeding_cycle:768 - 找到保護區內DR_F: (-55.66, 326.31)
2025-07-24 20:53:33 [INFO] AutoFeeding:set_dr_f_available:720 - DR_F已就緒: (-55.66, 326.31), Flow1可直接讀取座標
2025-07-24 20:53:34 [DEBUG] AutoFeeding:trigger_ccd1_detection:553 - 發送檢測指令前 - 201狀態: 9
2025-07-24 20:53:34 [DEBUG] AutoFeeding:trigger_ccd1_detection:561 - 已發送控制指令16到寄存器200
2025-07-24 20:53:35 [DEBUG] AutoFeeding:trigger_ccd1_detection:580 - CCD1檢測完成標誌確認
2025-07-24 20:53:35 [INFO] AutoFeeding:feeding_cycle:741 - 週期2073 檢測結果: DR_F=15, 總數=28
2025-07-24 20:53:35 [INFO] AutoFeeding:feeding_cycle:768 - 找到保護區內DR_F: (-55.66, 326.3)
2025-07-24 20:53:35 [INFO] AutoFeeding:set_dr_f_available:720 - DR_F已就緒: (-55.66, 326.3), Flow1可直接讀取座標
2025-07-24 20:53:36 [DEBUG] AutoFeeding:trigger_ccd1_detection:553 - 發送檢測指令前 - 201狀態: 9
2025-07-24 20:53:36 [DEBUG] AutoFeeding:trigger_ccd1_detection:561 - 已發送控制指令16到寄存器200
2025-07-24 20:53:37 [DEBUG] AutoFeeding:trigger_ccd1_detection:580 - CCD1檢測完成標誌確認
2025-07-24 20:53:37 [INFO] AutoFeeding:feeding_cycle:741 - 週期2074 檢測結果: DR_F=15, 總數=29
2025-07-24 20:53:37 [INFO] AutoFeeding:feeding_cycle:768 - 找到保護區內DR_F: (-55.65, 326.31)
2025-07-24 20:53:37 [INFO] AutoFeeding:set_dr_f_available:720 - DR_F已就緒: (-55.65, 326.31), Flow1可直接讀取座標
2025-07-24 20:53:38 [DEBUG] AutoFeeding:trigger_ccd1_detection:553 - 發送檢測指令前 - 201狀態: 9
2025-07-24 20:53:38 [DEBUG] AutoFeeding:trigger_ccd1_detection:561 - 已發送控制指令16到寄存器200
2025-07-24 20:53:39 [DEBUG] AutoFeeding:trigger_ccd1_detection:580 - CCD1檢測完成標誌確認
2025-07-24 20:53:39 [INFO] AutoFeeding:feeding_cycle:741 - 週期2075 檢測結果: DR_F=15, 總數=28
2025-07-24 20:53:39 [INFO] AutoFeeding:feeding_cycle:768 - 找到保護區內DR_F: (-55.66, 326.3)
2025-07-24 20:53:39 [INFO] AutoFeeding:set_dr_f_available:720 - DR_F已就緒: (-55.66, 326.3), Flow1可直接讀取座標
2025-07-24 20:53:40 [DEBUG] AutoFeeding:trigger_ccd1_detection:553 - 發送檢測指令前 - 201狀態: 9
2025-07-24 20:53:40 [DEBUG] AutoFeeding:trigger_ccd1_detection:561 - 已發送控制指令16到寄存器200
2025-07-24 20:53:41 [DEBUG] AutoFeeding:trigger_ccd1_detection:580 - CCD1檢測完成標誌確認
2025-07-24 20:53:41 [INFO] AutoFeeding:feeding_cycle:741 - 週期2076 檢測結果: DR_F=15, 總數=29
2025-07-24 20:53:41 [INFO] AutoFeeding:feeding_cycle:768 - 找到保護區內DR_F: (-55.66, 326.3)
2025-07-24 20:53:41 [INFO] AutoFeeding:set_dr_f_available:720 - DR_F已就緒: (-55.66, 326.3), Flow1可直接讀取座標
2025-07-24 20:53:42 [DEBUG] AutoFeeding:trigger_ccd1_detection:553 - 發送檢測指令前 - 201狀態: 9
2025-07-24 20:53:42 [DEBUG] AutoFeeding:trigger_ccd1_detection:561 - 已發送控制指令16到寄存器200
2025-07-24 20:53:43 [DEBUG] AutoFeeding:trigger_ccd1_detection:580 - CCD1檢測完成標誌確認
2025-07-24 20:53:43 [INFO] AutoFeeding:feeding_cycle:741 - 週期2077 檢測結果: DR_F=15, 總數=28
2025-07-24 20:53:43 [INFO] AutoFeeding:feeding_cycle:768 - 找到保護區內DR_F: (-55.65, 326.3)
2025-07-24 20:53:43 [INFO] AutoFeeding:set_dr_f_available:720 - DR_F已就緒: (-55.65, 326.3), Flow1可直接讀取座標
2025-07-24 20:53:44 [DEBUG] AutoFeeding:trigger_ccd1_detection:553 - 發送檢測指令前 - 201狀態: 9
2025-07-24 20:53:44 [DEBUG] AutoFeeding:trigger_ccd1_detection:561 - 已發送控制指令16到寄存器200
2025-07-24 20:53:45 [DEBUG] AutoFeeding:trigger_ccd1_detection:580 - CCD1檢測完成標誌確認
2025-07-24 20:53:45 [INFO] AutoFeeding:feeding_cycle:741 - 週期2078 檢測結果: DR_F=15, 總數=28
2025-07-24 20:53:45 [INFO] AutoFeeding:feeding_cycle:768 - 找到保護區內DR_F: (-55.66, 326.3)
2025-07-24 20:53:45 [INFO] AutoFeeding:set_dr_f_available:720 - DR_F已就緒: (-55.66, 326.3), Flow1可直接讀取座標
2025-07-24 20:53:46 [DEBUG] AutoFeeding:trigger_ccd1_detection:553 - 發送檢測指令前 - 201狀態: 9
2025-07-24 20:53:46 [DEBUG] AutoFeeding:trigger_ccd1_detection:561 - 已發送控制指令16到寄存器200
2025-07-24 20:53:47 [DEBUG] AutoFeeding:trigger_ccd1_detection:580 - CCD1檢測完成標誌確認
2025-07-24 20:53:47 [INFO] AutoFeeding:feeding_cycle:741 - 週期2079 檢測結果: DR_F=15, 總數=28
2025-07-24 20:53:47 [INFO] AutoFeeding:feeding_cycle:768 - 找到保護區內DR_F: (-55.65, 326.3)
2025-07-24 20:53:47 [INFO] AutoFeeding:set_dr_f_available:720 - DR_F已就緒: (-55.65, 326.3), Flow1可直接讀取座標
2025-07-24 20:53:48 [DEBUG] AutoFeeding:trigger_ccd1_detection:553 - 發送檢測指令前 - 201狀態: 9
2025-07-24 20:53:48 [DEBUG] AutoFeeding:trigger_ccd1_detection:561 - 已發送控制指令16到寄存器200
2025-07-24 20:53:49 [DEBUG] AutoFeeding:trigger_ccd1_detection:580 - CCD1檢測完成標誌確認
2025-07-24 20:53:49 [INFO] AutoFeeding:feeding_cycle:741 - 週期2080 檢測結果: DR_F=15, 總數=28
2025-07-24 20:53:49 [INFO] AutoFeeding:feeding_cycle:768 - 找到保護區內DR_F: (-55.66, 326.31)
2025-07-24 20:53:49 [INFO] AutoFeeding:set_dr_f_available:720 - DR_F已就緒: (-55.66, 326.31), Flow1可直接讀取座標
2025-07-24 20:53:50 [DEBUG] AutoFeeding:trigger_ccd1_detection:553 - 發送檢測指令前 - 201狀態: 9
2025-07-24 20:53:50 [DEBUG] AutoFeeding:trigger_ccd1_detection:561 - 已發送控制指令16到寄存器200
2025-07-24 20:53:52 [DEBUG] AutoFeeding:trigger_ccd1_detection:580 - CCD1檢測完成標誌確認
2025-07-24 20:53:52 [INFO] AutoFeeding:feeding_cycle:741 - 週期2081 檢測結果: DR_F=15, 總數=28
2025-07-24 20:53:52 [INFO] AutoFeeding:feeding_cycle:768 - 找到保護區內DR_F: (-55.65, 326.31)
2025-07-24 20:53:52 [INFO] AutoFeeding:set_dr_f_available:720 - DR_F已就緒: (-55.65, 326.31), Flow1可直接讀取座標
2025-07-24 20:53:53 [DEBUG] AutoFeeding:trigger_ccd1_detection:553 - 發送檢測指令前 - 201狀態: 9
2025-07-24 20:53:53 [DEBUG] AutoFeeding:trigger_ccd1_detection:561 - 已發送控制指令16到寄存器200
2025-07-24 20:53:54 [DEBUG] AutoFeeding:trigger_ccd1_detection:580 - CCD1檢測完成標誌確認
2025-07-24 20:53:54 [INFO] AutoFeeding:feeding_cycle:741 - 週期2082 檢測結果: DR_F=15, 總數=28
2025-07-24 20:53:54 [INFO] AutoFeeding:feeding_cycle:768 - 找到保護區內DR_F: (-55.66, 326.31)
2025-07-24 20:53:54 [INFO] AutoFeeding:set_dr_f_available:720 - DR_F已就緒: (-55.66, 326.31), Flow1可直接讀取座標
2025-07-24 20:53:55 [DEBUG] AutoFeeding:trigger_ccd1_detection:553 - 發送檢測指令前 - 201狀態: 9
2025-07-24 20:53:55 [DEBUG] AutoFeeding:trigger_ccd1_detection:561 - 已發送控制指令16到寄存器200
2025-07-24 20:53:56 [DEBUG] AutoFeeding:trigger_ccd1_detection:580 - CCD1檢測完成標誌確認
2025-07-24 20:53:56 [INFO] AutoFeeding:feeding_cycle:741 - 週期2083 檢測結果: DR_F=15, 總數=29
2025-07-24 20:53:56 [INFO] AutoFeeding:feeding_cycle:768 - 找到保護區內DR_F: (-55.66, 326.31)
2025-07-24 20:53:56 [INFO] AutoFeeding:set_dr_f_available:720 - DR_F已就緒: (-55.66, 326.31), Flow1可直接讀取座標
2025-07-24 20:53:57 [DEBUG] AutoFeeding:trigger_ccd1_detection:553 - 發送檢測指令前 - 201狀態: 9
2025-07-24 20:53:57 [DEBUG] AutoFeeding:trigger_ccd1_detection:561 - 已發送控制指令16到寄存器200
2025-07-24 20:53:58 [DEBUG] AutoFeeding:trigger_ccd1_detection:580 - CCD1檢測完成標誌確認
2025-07-24 20:53:58 [INFO] AutoFeeding:feeding_cycle:741 - 週期2084 檢測結果: DR_F=15, 總數=28
2025-07-24 20:53:58 [INFO] AutoFeeding:feeding_cycle:768 - 找到保護區內DR_F: (-55.65, 326.31)
2025-07-24 20:53:58 [INFO] AutoFeeding:set_dr_f_available:720 - DR_F已就緒: (-55.65, 326.31), Flow1可直接讀取座標
2025-07-24 20:53:59 [DEBUG] AutoFeeding:trigger_ccd1_detection:553 - 發送檢測指令前 - 201狀態: 9
2025-07-24 20:53:59 [DEBUG] AutoFeeding:trigger_ccd1_detection:561 - 已發送控制指令16到寄存器200
2025-07-24 20:54:00 [DEBUG] AutoFeeding:trigger_ccd1_detection:580 - CCD1檢測完成標誌確認
2025-07-24 20:54:00 [INFO] AutoFeeding:feeding_cycle:741 - 週期2085 檢測結果: DR_F=15, 總數=28
2025-07-24 20:54:00 [INFO] AutoFeeding:feeding_cycle:768 - 找到保護區內DR_F: (-55.66, 326.3)
2025-07-24 20:54:00 [INFO] AutoFeeding:set_dr_f_available:720 - DR_F已就緒: (-55.66, 326.3), Flow1可直接讀取座標
2025-07-24 20:54:01 [DEBUG] AutoFeeding:trigger_ccd1_detection:553 - 發送檢測指令前 - 201狀態: 9
2025-07-24 20:54:01 [DEBUG] AutoFeeding:trigger_ccd1_detection:561 - 已發送控制指令16到寄存器200
2025-07-24 20:54:02 [DEBUG] AutoFeeding:trigger_ccd1_detection:580 - CCD1檢測完成標誌確認
2025-07-24 20:54:02 [INFO] AutoFeeding:feeding_cycle:741 - 週期2086 檢測結果: DR_F=15, 總數=28
2025-07-24 20:54:02 [INFO] AutoFeeding:feeding_cycle:768 - 找到保護區內DR_F: (-55.65, 326.3)
2025-07-24 20:54:02 [INFO] AutoFeeding:set_dr_f_available:720 - DR_F已就緒: (-55.65, 326.3), Flow1可直接讀取座標
2025-07-24 20:54:03 [DEBUG] AutoFeeding:trigger_ccd1_detection:553 - 發送檢測指令前 - 201狀態: 9
2025-07-24 20:54:03 [DEBUG] AutoFeeding:trigger_ccd1_detection:561 - 已發送控制指令16到寄存器200
2025-07-24 20:54:04 [DEBUG] AutoFeeding:trigger_ccd1_detection:580 - CCD1檢測完成標誌確認
2025-07-24 20:54:04 [INFO] AutoFeeding:feeding_cycle:741 - 週期2087 檢測結果: DR_F=15, 總數=29
2025-07-24 20:54:04 [INFO] AutoFeeding:feeding_cycle:768 - 找到保護區內DR_F: (-55.66, 326.31)
2025-07-24 20:54:04 [INFO] AutoFeeding:set_dr_f_available:720 - DR_F已就緒: (-55.66, 326.31), Flow1可直接讀取座標
2025-07-24 20:54:05 [DEBUG] AutoFeeding:trigger_ccd1_detection:553 - 發送檢測指令前 - 201狀態: 9
2025-07-24 20:54:05 [DEBUG] AutoFeeding:trigger_ccd1_detection:561 - 已發送控制指令16到寄存器200
2025-07-24 20:54:06 [DEBUG] AutoFeeding:trigger_ccd1_detection:580 - CCD1檢測完成標誌確認
2025-07-24 20:54:06 [INFO] AutoFeeding:feeding_cycle:741 - 週期2088 檢測結果: DR_F=15, 總數=28
2025-07-24 20:54:06 [INFO] AutoFeeding:feeding_cycle:768 - 找到保護區內DR_F: (-55.65, 326.31)
2025-07-24 20:54:06 [INFO] AutoFeeding:set_dr_f_available:720 - DR_F已就緒: (-55.65, 326.31), Flow1可直接讀取座標
2025-07-24 20:54:07 [DEBUG] AutoFeeding:trigger_ccd1_detection:553 - 發送檢測指令前 - 201狀態: 9
2025-07-24 20:54:07 [DEBUG] AutoFeeding:trigger_ccd1_detection:561 - 已發送控制指令16到寄存器200
2025-07-24 20:54:08 [DEBUG] AutoFeeding:trigger_ccd1_detection:580 - CCD1檢測完成標誌確認
2025-07-24 20:54:08 [INFO] AutoFeeding:feeding_cycle:741 - 週期2089 檢測結果: DR_F=15, 總數=28
2025-07-24 20:54:08 [INFO] AutoFeeding:feeding_cycle:768 - 找到保護區內DR_F: (-55.66, 326.31)
2025-07-24 20:54:08 [INFO] AutoFeeding:set_dr_f_available:720 - DR_F已就緒: (-55.66, 326.31), Flow1可直接讀取座標
2025-07-24 20:54:09 [DEBUG] AutoFeeding:trigger_ccd1_detection:553 - 發送檢測指令前 - 201狀態: 9
2025-07-24 20:54:09 [DEBUG] AutoFeeding:trigger_ccd1_detection:561 - 已發送控制指令16到寄存器200
2025-07-24 20:54:10 [DEBUG] AutoFeeding:trigger_ccd1_detection:580 - CCD1檢測完成標誌確認
2025-07-24 20:54:10 [INFO] AutoFeeding:feeding_cycle:741 - 週期2090 檢測結果: DR_F=15, 總數=28
2025-07-24 20:54:10 [INFO] AutoFeeding:feeding_cycle:768 - 找到保護區內DR_F: (-55.65, 326.31)
2025-07-24 20:54:10 [INFO] AutoFeeding:set_dr_f_available:720 - DR_F已就緒: (-55.65, 326.31), Flow1可直接讀取座標
2025-07-24 20:54:11 [DEBUG] AutoFeeding:trigger_ccd1_detection:553 - 發送檢測指令前 - 201狀態: 9
2025-07-24 20:54:11 [DEBUG] AutoFeeding:trigger_ccd1_detection:561 - 已發送控制指令16到寄存器200
2025-07-24 20:54:12 [DEBUG] AutoFeeding:trigger_ccd1_detection:580 - CCD1檢測完成標誌確認
2025-07-24 20:54:12 [INFO] AutoFeeding:feeding_cycle:741 - 週期2091 檢測結果: DR_F=15, 總數=29
2025-07-24 20:54:12 [INFO] AutoFeeding:feeding_cycle:768 - 找到保護區內DR_F: (-55.65, 326.31)
2025-07-24 20:54:12 [INFO] AutoFeeding:set_dr_f_available:720 - DR_F已就緒: (-55.65, 326.31), Flow1可直接讀取座標
2025-07-24 20:54:13 [DEBUG] AutoFeeding:trigger_ccd1_detection:553 - 發送檢測指令前 - 201狀態: 9
2025-07-24 20:54:13 [DEBUG] AutoFeeding:trigger_ccd1_detection:561 - 已發送控制指令16到寄存器200
2025-07-24 20:54:14 [DEBUG] AutoFeeding:trigger_ccd1_detection:580 - CCD1檢測完成標誌確認
2025-07-24 20:54:14 [INFO] AutoFeeding:feeding_cycle:741 - 週期2092 檢測結果: DR_F=15, 總數=28
2025-07-24 20:54:14 [INFO] AutoFeeding:feeding_cycle:768 - 找到保護區內DR_F: (-55.66, 326.3)
2025-07-24 20:54:14 [INFO] AutoFeeding:set_dr_f_available:720 - DR_F已就緒: (-55.66, 326.3), Flow1可直接讀取座標
2025-07-24 20:54:15 [DEBUG] AutoFeeding:trigger_ccd1_detection:553 - 發送檢測指令前 - 201狀態: 9
2025-07-24 20:54:15 [DEBUG] AutoFeeding:trigger_ccd1_detection:561 - 已發送控制指令16到寄存器200
2025-07-24 20:54:16 [DEBUG] AutoFeeding:trigger_ccd1_detection:580 - CCD1檢測完成標誌確認
2025-07-24 20:54:16 [INFO] AutoFeeding:feeding_cycle:741 - 週期2093 檢測結果: DR_F=15, 總數=28
2025-07-24 20:54:16 [INFO] AutoFeeding:feeding_cycle:768 - 找到保護區內DR_F: (-55.66, 326.31)
2025-07-24 20:54:16 [INFO] AutoFeeding:set_dr_f_available:720 - DR_F已就緒: (-55.66, 326.31), Flow1可直接讀取座標
2025-07-24 20:54:17 [DEBUG] AutoFeeding:trigger_ccd1_detection:553 - 發送檢測指令前 - 201狀態: 9
2025-07-24 20:54:17 [DEBUG] AutoFeeding:trigger_ccd1_detection:561 - 已發送控制指令16到寄存器200
2025-07-24 20:54:18 [DEBUG] AutoFeeding:trigger_ccd1_detection:580 - CCD1檢測完成標誌確認
2025-07-24 20:54:18 [INFO] AutoFeeding:feeding_cycle:741 - 週期2094 檢測結果: DR_F=15, 總數=28
2025-07-24 20:54:18 [INFO] AutoFeeding:feeding_cycle:768 - 找到保護區內DR_F: (-55.65, 326.3)
2025-07-24 20:54:18 [INFO] AutoFeeding:set_dr_f_available:720 - DR_F已就緒: (-55.65, 326.3), Flow1可直接讀取座標
2025-07-24 20:54:19 [DEBUG] AutoFeeding:trigger_ccd1_detection:553 - 發送檢測指令前 - 201狀態: 9
2025-07-24 20:54:19 [DEBUG] AutoFeeding:trigger_ccd1_detection:561 - 已發送控制指令16到寄存器200
2025-07-24 20:54:20 [DEBUG] AutoFeeding:trigger_ccd1_detection:580 - CCD1檢測完成標誌確認
2025-07-24 20:54:20 [INFO] AutoFeeding:feeding_cycle:741 - 週期2095 檢測結果: DR_F=15, 總數=28
2025-07-24 20:54:20 [INFO] AutoFeeding:feeding_cycle:768 - 找到保護區內DR_F: (-55.65, 326.3)
2025-07-24 20:54:20 [INFO] AutoFeeding:set_dr_f_available:720 - DR_F已就緒: (-55.65, 326.3), Flow1可直接讀取座標
2025-07-24 20:54:21 [DEBUG] AutoFeeding:trigger_ccd1_detection:553 - 發送檢測指令前 - 201狀態: 9
2025-07-24 20:54:21 [DEBUG] AutoFeeding:trigger_ccd1_detection:561 - 已發送控制指令16到寄存器200
2025-07-24 20:54:22 [DEBUG] AutoFeeding:trigger_ccd1_detection:580 - CCD1檢測完成標誌確認
2025-07-24 20:54:22 [INFO] AutoFeeding:feeding_cycle:741 - 週期2096 檢測結果: DR_F=15, 總數=28
2025-07-24 20:54:22 [INFO] AutoFeeding:feeding_cycle:768 - 找到保護區內DR_F: (-55.66, 326.31)
2025-07-24 20:54:22 [INFO] AutoFeeding:set_dr_f_available:720 - DR_F已就緒: (-55.66, 326.31), Flow1可直接讀取座標
2025-07-24 20:54:23 [DEBUG] AutoFeeding:trigger_ccd1_detection:553 - 發送檢測指令前 - 201狀態: 9
2025-07-24 20:54:23 [DEBUG] AutoFeeding:trigger_ccd1_detection:561 - 已發送控制指令16到寄存器200
2025-07-24 20:54:24 [DEBUG] AutoFeeding:trigger_ccd1_detection:580 - CCD1檢測完成標誌確認
2025-07-24 20:54:24 [INFO] AutoFeeding:feeding_cycle:741 - 週期2097 檢測結果: DR_F=15, 總數=28
2025-07-24 20:54:24 [INFO] AutoFeeding:feeding_cycle:768 - 找到保護區內DR_F: (-55.66, 326.31)
2025-07-24 20:54:24 [INFO] AutoFeeding:set_dr_f_available:720 - DR_F已就緒: (-55.66, 326.31), Flow1可直接讀取座標
2025-07-24 20:54:25 [DEBUG] AutoFeeding:trigger_ccd1_detection:553 - 發送檢測指令前 - 201狀態: 9
2025-07-24 20:54:25 [DEBUG] AutoFeeding:trigger_ccd1_detection:561 - 已發送控制指令16到寄存器200
2025-07-24 20:54:26 [DEBUG] AutoFeeding:trigger_ccd1_detection:580 - CCD1檢測完成標誌確認
2025-07-24 20:54:26 [INFO] AutoFeeding:feeding_cycle:741 - 週期2098 檢測結果: DR_F=15, 總數=28
2025-07-24 20:54:26 [INFO] AutoFeeding:feeding_cycle:768 - 找到保護區內DR_F: (-55.66, 326.3)
2025-07-24 20:54:26 [INFO] AutoFeeding:set_dr_f_available:720 - DR_F已就緒: (-55.66, 326.3), Flow1可直接讀取座標
2025-07-24 20:54:27 [DEBUG] AutoFeeding:trigger_ccd1_detection:553 - 發送檢測指令前 - 201狀態: 9
2025-07-24 20:54:27 [DEBUG] AutoFeeding:trigger_ccd1_detection:561 - 已發送控制指令16到寄存器200
2025-07-24 20:54:28 [DEBUG] AutoFeeding:trigger_ccd1_detection:580 - CCD1檢測完成標誌確認
2025-07-24 20:54:28 [INFO] AutoFeeding:feeding_cycle:741 - 週期2099 檢測結果: DR_F=15, 總數=28
2025-07-24 20:54:28 [INFO] AutoFeeding:feeding_cycle:768 - 找到保護區內DR_F: (-55.66, 326.31)
2025-07-24 20:54:28 [INFO] AutoFeeding:set_dr_f_available:720 - DR_F已就緒: (-55.66, 326.31), Flow1可直接讀取座標
2025-07-24 20:54:29 [DEBUG] AutoFeeding:trigger_ccd1_detection:553 - 發送檢測指令前 - 201狀態: 9
2025-07-24 20:54:29 [DEBUG] AutoFeeding:trigger_ccd1_detection:561 - 已發送控制指令16到寄存器200
2025-07-24 20:54:31 [DEBUG] AutoFeeding:trigger_ccd1_detection:580 - CCD1檢測完成標誌確認
2025-07-24 20:54:31 [INFO] AutoFeeding:feeding_cycle:741 - 週期2100 檢測結果: DR_F=15, 總數=29
2025-07-24 20:54:31 [INFO] AutoFeeding:feeding_cycle:768 - 找到保護區內DR_F: (-55.66, 326.3)
2025-07-24 20:54:31 [INFO] AutoFeeding:set_dr_f_available:720 - DR_F已就緒: (-55.66, 326.3), Flow1可直接讀取座標
2025-07-24 20:54:32 [DEBUG] AutoFeeding:check_modules_status:480 - CCD1狀態: 9 (Ready=True, Running=False, Alarm=False, Init=True)
2025-07-24 20:54:32 [DEBUG] AutoFeeding:trigger_ccd1_detection:553 - 發送檢測指令前 - 201狀態: 9
2025-07-24 20:54:32 [DEBUG] AutoFeeding:trigger_ccd1_detection:561 - 已發送控制指令16到寄存器200
2025-07-24 20:54:33 [DEBUG] AutoFeeding:trigger_ccd1_detection:580 - CCD1檢測完成標誌確認
2025-07-24 20:54:33 [INFO] AutoFeeding:feeding_cycle:741 - 週期2101 檢測結果: DR_F=15, 總數=28
2025-07-24 20:54:33 [INFO] AutoFeeding:feeding_cycle:768 - 找到保護區內DR_F: (-55.66, 326.31)
2025-07-24 20:54:33 [INFO] AutoFeeding:set_dr_f_available:720 - DR_F已就緒: (-55.66, 326.31), Flow1可直接讀取座標
2025-07-24 20:54:34 [DEBUG] AutoFeeding:check_flow_and_progress_status:432 - Flow監控: 1201=0, 1202=100, 阻擋=False
2025-07-24 20:54:34 [DEBUG] AutoFeeding:trigger_ccd1_detection:553 - 發送檢測指令前 - 201狀態: 9
2025-07-24 20:54:34 [DEBUG] AutoFeeding:trigger_ccd1_detection:561 - 已發送控制指令16到寄存器200
2025-07-24 20:54:35 [DEBUG] AutoFeeding:trigger_ccd1_detection:580 - CCD1檢測完成標誌確認
2025-07-24 20:54:35 [INFO] AutoFeeding:feeding_cycle:741 - 週期2102 檢測結果: DR_F=15, 總數=28
2025-07-24 20:54:35 [INFO] AutoFeeding:feeding_cycle:768 - 找到保護區內DR_F: (-55.66, 326.31)
2025-07-24 20:54:35 [INFO] AutoFeeding:set_dr_f_available:720 - DR_F已就緒: (-55.66, 326.31), Flow1可直接讀取座標
2025-07-24 20:54:36 [DEBUG] AutoFeeding:trigger_ccd1_detection:553 - 發送檢測指令前 - 201狀態: 9
2025-07-24 20:54:36 [DEBUG] AutoFeeding:trigger_ccd1_detection:561 - 已發送控制指令16到寄存器200
2025-07-24 20:54:37 [DEBUG] AutoFeeding:trigger_ccd1_detection:580 - CCD1檢測完成標誌確認
2025-07-24 20:54:37 [INFO] AutoFeeding:feeding_cycle:741 - 週期2103 檢測結果: DR_F=15, 總數=28
2025-07-24 20:54:37 [INFO] AutoFeeding:feeding_cycle:768 - 找到保護區內DR_F: (-55.66, 326.3)
2025-07-24 20:54:37 [INFO] AutoFeeding:set_dr_f_available:720 - DR_F已就緒: (-55.66, 326.3), Flow1可直接讀取座標
2025-07-24 20:54:38 [DEBUG] AutoFeeding:trigger_ccd1_detection:553 - 發送檢測指令前 - 201狀態: 9
2025-07-24 20:54:38 [DEBUG] AutoFeeding:trigger_ccd1_detection:561 - 已發送控制指令16到寄存器200
2025-07-24 20:54:39 [DEBUG] AutoFeeding:trigger_ccd1_detection:580 - CCD1檢測完成標誌確認
2025-07-24 20:54:39 [INFO] AutoFeeding:feeding_cycle:741 - 週期2104 檢測結果: DR_F=15, 總數=28
2025-07-24 20:54:39 [INFO] AutoFeeding:feeding_cycle:768 - 找到保護區內DR_F: (-55.66, 326.31)
2025-07-24 20:54:39 [INFO] AutoFeeding:set_dr_f_available:720 - DR_F已就緒: (-55.66, 326.31), Flow1可直接讀取座標
2025-07-24 20:54:40 [DEBUG] AutoFeeding:trigger_ccd1_detection:553 - 發送檢測指令前 - 201狀態: 9
2025-07-24 20:54:40 [DEBUG] AutoFeeding:trigger_ccd1_detection:561 - 已發送控制指令16到寄存器200
2025-07-24 20:54:41 [DEBUG] AutoFeeding:trigger_ccd1_detection:580 - CCD1檢測完成標誌確認
2025-07-24 20:54:41 [INFO] AutoFeeding:feeding_cycle:741 - 週期2105 檢測結果: DR_F=15, 總數=28
2025-07-24 20:54:41 [INFO] AutoFeeding:feeding_cycle:768 - 找到保護區內DR_F: (-55.65, 326.31)
2025-07-24 20:54:41 [INFO] AutoFeeding:set_dr_f_available:720 - DR_F已就緒: (-55.65, 326.31), Flow1可直接讀取座標
2025-07-24 20:54:42 [DEBUG] AutoFeeding:trigger_ccd1_detection:553 - 發送檢測指令前 - 201狀態: 9
2025-07-24 20:54:42 [DEBUG] AutoFeeding:trigger_ccd1_detection:561 - 已發送控制指令16到寄存器200
2025-07-24 20:54:43 [DEBUG] AutoFeeding:trigger_ccd1_detection:580 - CCD1檢測完成標誌確認
2025-07-24 20:54:43 [INFO] AutoFeeding:feeding_cycle:741 - 週期2106 檢測結果: DR_F=15, 總數=28
2025-07-24 20:54:43 [INFO] AutoFeeding:feeding_cycle:768 - 找到保護區內DR_F: (-55.66, 326.31)
2025-07-24 20:54:43 [INFO] AutoFeeding:set_dr_f_available:720 - DR_F已就緒: (-55.66, 326.31), Flow1可直接讀取座標
2025-07-24 20:54:44 [DEBUG] AutoFeeding:trigger_ccd1_detection:553 - 發送檢測指令前 - 201狀態: 9
2025-07-24 20:54:44 [DEBUG] AutoFeeding:trigger_ccd1_detection:561 - 已發送控制指令16到寄存器200
2025-07-24 20:54:45 [DEBUG] AutoFeeding:trigger_ccd1_detection:580 - CCD1檢測完成標誌確認
2025-07-24 20:54:45 [INFO] AutoFeeding:feeding_cycle:741 - 週期2107 檢測結果: DR_F=15, 總數=28
2025-07-24 20:54:45 [INFO] AutoFeeding:feeding_cycle:768 - 找到保護區內DR_F: (-55.66, 326.3)
2025-07-24 20:54:45 [INFO] AutoFeeding:set_dr_f_available:720 - DR_F已就緒: (-55.66, 326.3), Flow1可直接讀取座標
2025-07-24 20:54:46 [DEBUG] AutoFeeding:trigger_ccd1_detection:553 - 發送檢測指令前 - 201狀態: 9
2025-07-24 20:54:46 [DEBUG] AutoFeeding:trigger_ccd1_detection:561 - 已發送控制指令16到寄存器200
2025-07-24 20:54:47 [DEBUG] AutoFeeding:trigger_ccd1_detection:580 - CCD1檢測完成標誌確認
2025-07-24 20:54:47 [INFO] AutoFeeding:feeding_cycle:741 - 週期2108 檢測結果: DR_F=15, 總數=28
2025-07-24 20:54:47 [INFO] AutoFeeding:feeding_cycle:768 - 找到保護區內DR_F: (-55.66, 326.31)
2025-07-24 20:54:47 [INFO] AutoFeeding:set_dr_f_available:720 - DR_F已就緒: (-55.66, 326.31), Flow1可直接讀取座標
2025-07-24 20:54:48 [DEBUG] AutoFeeding:trigger_ccd1_detection:553 - 發送檢測指令前 - 201狀態: 9
2025-07-24 20:54:48 [DEBUG] AutoFeeding:trigger_ccd1_detection:561 - 已發送控制指令16到寄存器200
2025-07-24 20:54:49 [DEBUG] AutoFeeding:trigger_ccd1_detection:580 - CCD1檢測完成標誌確認
2025-07-24 20:54:49 [INFO] AutoFeeding:feeding_cycle:741 - 週期2109 檢測結果: DR_F=15, 總數=29
2025-07-24 20:54:49 [INFO] AutoFeeding:feeding_cycle:768 - 找到保護區內DR_F: (-55.66, 326.3)
2025-07-24 20:54:49 [INFO] AutoFeeding:set_dr_f_available:720 - DR_F已就緒: (-55.66, 326.3), Flow1可直接讀取座標
2025-07-24 20:54:50 [DEBUG] AutoFeeding:trigger_ccd1_detection:553 - 發送檢測指令前 - 201狀態: 9
2025-07-24 20:54:50 [DEBUG] AutoFeeding:trigger_ccd1_detection:561 - 已發送控制指令16到寄存器200
2025-07-24 20:54:51 [DEBUG] AutoFeeding:trigger_ccd1_detection:580 - CCD1檢測完成標誌確認
2025-07-24 20:54:51 [INFO] AutoFeeding:feeding_cycle:741 - 週期2110 檢測結果: DR_F=15, 總數=28
2025-07-24 20:54:51 [INFO] AutoFeeding:feeding_cycle:768 - 找到保護區內DR_F: (-55.65, 326.3)
2025-07-24 20:54:51 [INFO] AutoFeeding:set_dr_f_available:720 - DR_F已就緒: (-55.65, 326.3), Flow1可直接讀取座標
2025-07-24 20:54:52 [DEBUG] AutoFeeding:trigger_ccd1_detection:553 - 發送檢測指令前 - 201狀態: 9
2025-07-24 20:54:52 [DEBUG] AutoFeeding:trigger_ccd1_detection:561 - 已發送控制指令16到寄存器200
2025-07-24 20:54:53 [DEBUG] AutoFeeding:trigger_ccd1_detection:580 - CCD1檢測完成標誌確認
2025-07-24 20:54:53 [INFO] AutoFeeding:feeding_cycle:741 - 週期2111 檢測結果: DR_F=15, 總數=28
2025-07-24 20:54:53 [INFO] AutoFeeding:feeding_cycle:768 - 找到保護區內DR_F: (-55.66, 326.31)
2025-07-24 20:54:53 [INFO] AutoFeeding:set_dr_f_available:720 - DR_F已就緒: (-55.66, 326.31), Flow1可直接讀取座標
2025-07-24 20:54:54 [DEBUG] AutoFeeding:trigger_ccd1_detection:553 - 發送檢測指令前 - 201狀態: 9
2025-07-24 20:54:54 [DEBUG] AutoFeeding:trigger_ccd1_detection:561 - 已發送控制指令16到寄存器200
2025-07-24 20:54:55 [DEBUG] AutoFeeding:trigger_ccd1_detection:580 - CCD1檢測完成標誌確認
2025-07-24 20:54:55 [INFO] AutoFeeding:feeding_cycle:741 - 週期2112 檢測結果: DR_F=15, 總數=28
2025-07-24 20:54:55 [INFO] AutoFeeding:feeding_cycle:768 - 找到保護區內DR_F: (-55.65, 326.3)
2025-07-24 20:54:55 [INFO] AutoFeeding:set_dr_f_available:720 - DR_F已就緒: (-55.65, 326.3), Flow1可直接讀取座標
2025-07-24 20:54:56 [DEBUG] AutoFeeding:trigger_ccd1_detection:553 - 發送檢測指令前 - 201狀態: 9
2025-07-24 20:54:56 [DEBUG] AutoFeeding:trigger_ccd1_detection:561 - 已發送控制指令16到寄存器200
2025-07-24 20:54:57 [DEBUG] AutoFeeding:trigger_ccd1_detection:580 - CCD1檢測完成標誌確認
2025-07-24 20:54:57 [INFO] AutoFeeding:feeding_cycle:741 - 週期2113 檢測結果: DR_F=15, 總數=29
2025-07-24 20:54:57 [INFO] AutoFeeding:feeding_cycle:768 - 找到保護區內DR_F: (-55.66, 326.3)
2025-07-24 20:54:57 [INFO] AutoFeeding:set_dr_f_available:720 - DR_F已就緒: (-55.66, 326.3), Flow1可直接讀取座標
2025-07-24 20:54:58 [DEBUG] AutoFeeding:trigger_ccd1_detection:553 - 發送檢測指令前 - 201狀態: 9
2025-07-24 20:54:58 [DEBUG] AutoFeeding:trigger_ccd1_detection:561 - 已發送控制指令16到寄存器200
2025-07-24 20:54:59 [DEBUG] AutoFeeding:trigger_ccd1_detection:580 - CCD1檢測完成標誌確認
2025-07-24 20:54:59 [INFO] AutoFeeding:feeding_cycle:741 - 週期2114 檢測結果: DR_F=15, 總數=28
2025-07-24 20:54:59 [INFO] AutoFeeding:feeding_cycle:768 - 找到保護區內DR_F: (-55.66, 326.31)
2025-07-24 20:54:59 [INFO] AutoFeeding:set_dr_f_available:720 - DR_F已就緒: (-55.66, 326.31), Flow1可直接讀取座標
2025-07-24 20:55:00 [DEBUG] AutoFeeding:trigger_ccd1_detection:553 - 發送檢測指令前 - 201狀態: 9
2025-07-24 20:55:00 [DEBUG] AutoFeeding:trigger_ccd1_detection:561 - 已發送控制指令16到寄存器200
2025-07-24 20:55:01 [DEBUG] AutoFeeding:trigger_ccd1_detection:580 - CCD1檢測完成標誌確認
2025-07-24 20:55:01 [INFO] AutoFeeding:feeding_cycle:741 - 週期2115 檢測結果: DR_F=15, 總數=28
2025-07-24 20:55:01 [INFO] AutoFeeding:feeding_cycle:768 - 找到保護區內DR_F: (-55.66, 326.31)
2025-07-24 20:55:01 [INFO] AutoFeeding:set_dr_f_available:720 - DR_F已就緒: (-55.66, 326.31), Flow1可直接讀取座標
2025-07-24 20:55:02 [DEBUG] AutoFeeding:trigger_ccd1_detection:553 - 發送檢測指令前 - 201狀態: 9
2025-07-24 20:55:02 [DEBUG] AutoFeeding:trigger_ccd1_detection:561 - 已發送控制指令16到寄存器200
2025-07-24 20:55:03 [DEBUG] AutoFeeding:trigger_ccd1_detection:580 - CCD1檢測完成標誌確認
2025-07-24 20:55:03 [INFO] AutoFeeding:feeding_cycle:741 - 週期2116 檢測結果: DR_F=15, 總數=28
2025-07-24 20:55:03 [INFO] AutoFeeding:feeding_cycle:768 - 找到保護區內DR_F: (-55.66, 326.31)
2025-07-24 20:55:03 [INFO] AutoFeeding:set_dr_f_available:720 - DR_F已就緒: (-55.66, 326.31), Flow1可直接讀取座標
2025-07-24 20:55:04 [DEBUG] AutoFeeding:trigger_ccd1_detection:553 - 發送檢測指令前 - 201狀態: 9
2025-07-24 20:55:04 [DEBUG] AutoFeeding:trigger_ccd1_detection:561 - 已發送控制指令16到寄存器200
2025-07-24 20:55:05 [DEBUG] AutoFeeding:trigger_ccd1_detection:580 - CCD1檢測完成標誌確認
2025-07-24 20:55:05 [INFO] AutoFeeding:feeding_cycle:741 - 週期2117 檢測結果: DR_F=15, 總數=28
2025-07-24 20:55:05 [INFO] AutoFeeding:feeding_cycle:768 - 找到保護區內DR_F: (-55.66, 326.31)
2025-07-24 20:55:05 [INFO] AutoFeeding:set_dr_f_available:720 - DR_F已就緒: (-55.66, 326.31), Flow1可直接讀取座標
2025-07-24 20:55:06 [DEBUG] AutoFeeding:trigger_ccd1_detection:553 - 發送檢測指令前 - 201狀態: 9
2025-07-24 20:55:06 [DEBUG] AutoFeeding:trigger_ccd1_detection:561 - 已發送控制指令16到寄存器200
2025-07-24 20:55:07 [DEBUG] AutoFeeding:trigger_ccd1_detection:580 - CCD1檢測完成標誌確認
2025-07-24 20:55:07 [INFO] AutoFeeding:feeding_cycle:741 - 週期2118 檢測結果: DR_F=15, 總數=28
2025-07-24 20:55:07 [INFO] AutoFeeding:feeding_cycle:768 - 找到保護區內DR_F: (-55.65, 326.3)
2025-07-24 20:55:07 [INFO] AutoFeeding:set_dr_f_available:720 - DR_F已就緒: (-55.65, 326.3), Flow1可直接讀取座標
2025-07-24 20:55:08 [DEBUG] AutoFeeding:trigger_ccd1_detection:553 - 發送檢測指令前 - 201狀態: 9
2025-07-24 20:55:08 [DEBUG] AutoFeeding:trigger_ccd1_detection:561 - 已發送控制指令16到寄存器200
2025-07-24 20:55:09 [DEBUG] AutoFeeding:trigger_ccd1_detection:580 - CCD1檢測完成標誌確認
2025-07-24 20:55:10 [INFO] AutoFeeding:feeding_cycle:741 - 週期2119 檢測結果: DR_F=15, 總數=28
2025-07-24 20:55:10 [INFO] AutoFeeding:feeding_cycle:768 - 找到保護區內DR_F: (-55.65, 326.31)
2025-07-24 20:55:10 [INFO] AutoFeeding:set_dr_f_available:720 - DR_F已就緒: (-55.65, 326.31), Flow1可直接讀取座標
2025-07-24 20:55:11 [DEBUG] AutoFeeding:trigger_ccd1_detection:553 - 發送檢測指令前 - 201狀態: 9
2025-07-24 20:55:11 [DEBUG] AutoFeeding:trigger_ccd1_detection:561 - 已發送控制指令16到寄存器200
2025-07-24 20:55:12 [DEBUG] AutoFeeding:trigger_ccd1_detection:580 - CCD1檢測完成標誌確認
2025-07-24 20:55:12 [INFO] AutoFeeding:feeding_cycle:741 - 週期2120 檢測結果: DR_F=15, 總數=29
2025-07-24 20:55:12 [INFO] AutoFeeding:feeding_cycle:768 - 找到保護區內DR_F: (-55.66, 326.31)
2025-07-24 20:55:12 [INFO] AutoFeeding:set_dr_f_available:720 - DR_F已就緒: (-55.66, 326.31), Flow1可直接讀取座標
2025-07-24 20:55:13 [DEBUG] AutoFeeding:trigger_ccd1_detection:553 - 發送檢測指令前 - 201狀態: 9
2025-07-24 20:55:13 [DEBUG] AutoFeeding:trigger_ccd1_detection:561 - 已發送控制指令16到寄存器200
2025-07-24 20:55:14 [DEBUG] AutoFeeding:trigger_ccd1_detection:580 - CCD1檢測完成標誌確認
2025-07-24 20:55:14 [INFO] AutoFeeding:feeding_cycle:741 - 週期2121 檢測結果: DR_F=15, 總數=28
2025-07-24 20:55:14 [INFO] AutoFeeding:feeding_cycle:768 - 找到保護區內DR_F: (-55.65, 326.3)
2025-07-24 20:55:14 [INFO] AutoFeeding:set_dr_f_available:720 - DR_F已就緒: (-55.65, 326.3), Flow1可直接讀取座標
2025-07-24 20:55:15 [DEBUG] AutoFeeding:trigger_ccd1_detection:553 - 發送檢測指令前 - 201狀態: 9
2025-07-24 20:55:15 [DEBUG] AutoFeeding:trigger_ccd1_detection:561 - 已發送控制指令16到寄存器200
2025-07-24 20:55:16 [DEBUG] AutoFeeding:trigger_ccd1_detection:580 - CCD1檢測完成標誌確認
2025-07-24 20:55:16 [INFO] AutoFeeding:feeding_cycle:741 - 週期2122 檢測結果: DR_F=15, 總數=28
2025-07-24 20:55:16 [INFO] AutoFeeding:feeding_cycle:768 - 找到保護區內DR_F: (-55.65, 326.3)
2025-07-24 20:55:16 [INFO] AutoFeeding:set_dr_f_available:720 - DR_F已就緒: (-55.65, 326.3), Flow1可直接讀取座標
2025-07-24 20:55:17 [DEBUG] AutoFeeding:trigger_ccd1_detection:553 - 發送檢測指令前 - 201狀態: 9
2025-07-24 20:55:17 [DEBUG] AutoFeeding:trigger_ccd1_detection:561 - 已發送控制指令16到寄存器200
2025-07-24 20:55:18 [DEBUG] AutoFeeding:trigger_ccd1_detection:580 - CCD1檢測完成標誌確認
2025-07-24 20:55:18 [INFO] AutoFeeding:feeding_cycle:741 - 週期2123 檢測結果: DR_F=15, 總數=28
2025-07-24 20:55:18 [INFO] AutoFeeding:feeding_cycle:768 - 找到保護區內DR_F: (-55.66, 326.31)
2025-07-24 20:55:18 [INFO] AutoFeeding:set_dr_f_available:720 - DR_F已就緒: (-55.66, 326.31), Flow1可直接讀取座標
2025-07-24 20:55:19 [DEBUG] AutoFeeding:trigger_ccd1_detection:553 - 發送檢測指令前 - 201狀態: 9
2025-07-24 20:55:19 [DEBUG] AutoFeeding:trigger_ccd1_detection:561 - 已發送控制指令16到寄存器200
2025-07-24 20:55:20 [DEBUG] AutoFeeding:trigger_ccd1_detection:580 - CCD1檢測完成標誌確認
2025-07-24 20:55:20 [INFO] AutoFeeding:feeding_cycle:741 - 週期2124 檢測結果: DR_F=15, 總數=28
2025-07-24 20:55:20 [INFO] AutoFeeding:feeding_cycle:768 - 找到保護區內DR_F: (-55.66, 326.3)
2025-07-24 20:55:20 [INFO] AutoFeeding:set_dr_f_available:720 - DR_F已就緒: (-55.66, 326.3), Flow1可直接讀取座標
2025-07-24 20:55:21 [DEBUG] AutoFeeding:trigger_ccd1_detection:553 - 發送檢測指令前 - 201狀態: 9
2025-07-24 20:55:21 [DEBUG] AutoFeeding:trigger_ccd1_detection:561 - 已發送控制指令16到寄存器200
2025-07-24 20:55:22 [DEBUG] AutoFeeding:trigger_ccd1_detection:580 - CCD1檢測完成標誌確認
2025-07-24 20:55:22 [INFO] AutoFeeding:feeding_cycle:741 - 週期2125 檢測結果: DR_F=15, 總數=28
2025-07-24 20:55:22 [INFO] AutoFeeding:feeding_cycle:768 - 找到保護區內DR_F: (-55.66, 326.31)
2025-07-24 20:55:22 [INFO] AutoFeeding:set_dr_f_available:720 - DR_F已就緒: (-55.66, 326.31), Flow1可直接讀取座標
2025-07-24 20:55:23 [DEBUG] AutoFeeding:trigger_ccd1_detection:553 - 發送檢測指令前 - 201狀態: 9
2025-07-24 20:55:23 [DEBUG] AutoFeeding:trigger_ccd1_detection:561 - 已發送控制指令16到寄存器200
2025-07-24 20:55:24 [DEBUG] AutoFeeding:trigger_ccd1_detection:580 - CCD1檢測完成標誌確認
2025-07-24 20:55:24 [INFO] AutoFeeding:feeding_cycle:741 - 週期2126 檢測結果: DR_F=15, 總數=28
2025-07-24 20:55:24 [INFO] AutoFeeding:feeding_cycle:768 - 找到保護區內DR_F: (-55.66, 326.31)
2025-07-24 20:55:24 [INFO] AutoFeeding:set_dr_f_available:720 - DR_F已就緒: (-55.66, 326.31), Flow1可直接讀取座標
2025-07-24 20:55:25 [DEBUG] AutoFeeding:trigger_ccd1_detection:553 - 發送檢測指令前 - 201狀態: 9
2025-07-24 20:55:25 [DEBUG] AutoFeeding:trigger_ccd1_detection:561 - 已發送控制指令16到寄存器200
2025-07-24 20:55:26 [DEBUG] AutoFeeding:trigger_ccd1_detection:580 - CCD1檢測完成標誌確認
2025-07-24 20:55:26 [INFO] AutoFeeding:feeding_cycle:741 - 週期2127 檢測結果: DR_F=15, 總數=28
2025-07-24 20:55:26 [INFO] AutoFeeding:feeding_cycle:768 - 找到保護區內DR_F: (-55.66, 326.31)
2025-07-24 20:55:26 [INFO] AutoFeeding:set_dr_f_available:720 - DR_F已就緒: (-55.66, 326.31), Flow1可直接讀取座標
2025-07-24 20:55:27 [DEBUG] AutoFeeding:trigger_ccd1_detection:553 - 發送檢測指令前 - 201狀態: 9
2025-07-24 20:55:27 [DEBUG] AutoFeeding:trigger_ccd1_detection:561 - 已發送控制指令16到寄存器200
2025-07-24 20:55:28 [DEBUG] AutoFeeding:trigger_ccd1_detection:580 - CCD1檢測完成標誌確認
2025-07-24 20:55:28 [INFO] AutoFeeding:feeding_cycle:741 - 週期2128 檢測結果: DR_F=15, 總數=28
2025-07-24 20:55:28 [INFO] AutoFeeding:feeding_cycle:768 - 找到保護區內DR_F: (-55.66, 326.31)
2025-07-24 20:55:28 [INFO] AutoFeeding:set_dr_f_available:720 - DR_F已就緒: (-55.66, 326.31), Flow1可直接讀取座標
2025-07-24 20:55:29 [DEBUG] AutoFeeding:trigger_ccd1_detection:553 - 發送檢測指令前 - 201狀態: 9
2025-07-24 20:55:29 [DEBUG] AutoFeeding:trigger_ccd1_detection:561 - 已發送控制指令16到寄存器200
2025-07-24 20:55:30 [DEBUG] AutoFeeding:trigger_ccd1_detection:580 - CCD1檢測完成標誌確認
2025-07-24 20:55:30 [INFO] AutoFeeding:feeding_cycle:741 - 週期2129 檢測結果: DR_F=15, 總數=28
2025-07-24 20:55:30 [INFO] AutoFeeding:feeding_cycle:768 - 找到保護區內DR_F: (-55.66, 326.31)
2025-07-24 20:55:30 [INFO] AutoFeeding:set_dr_f_available:720 - DR_F已就緒: (-55.66, 326.31), Flow1可直接讀取座標
2025-07-24 20:55:31 [DEBUG] AutoFeeding:trigger_ccd1_detection:553 - 發送檢測指令前 - 201狀態: 9
2025-07-24 20:55:31 [DEBUG] AutoFeeding:trigger_ccd1_detection:561 - 已發送控制指令16到寄存器200
2025-07-24 20:55:32 [DEBUG] AutoFeeding:trigger_ccd1_detection:580 - CCD1檢測完成標誌確認
2025-07-24 20:55:32 [INFO] AutoFeeding:feeding_cycle:741 - 週期2130 檢測結果: DR_F=15, 總數=29
2025-07-24 20:55:32 [INFO] AutoFeeding:feeding_cycle:768 - 找到保護區內DR_F: (-55.66, 326.31)
2025-07-24 20:55:32 [INFO] AutoFeeding:set_dr_f_available:720 - DR_F已就緒: (-55.66, 326.31), Flow1可直接讀取座標
2025-07-24 20:55:33 [DEBUG] AutoFeeding:trigger_ccd1_detection:553 - 發送檢測指令前 - 201狀態: 9
2025-07-24 20:55:33 [DEBUG] AutoFeeding:trigger_ccd1_detection:561 - 已發送控制指令16到寄存器200
2025-07-24 20:55:34 [DEBUG] AutoFeeding:trigger_ccd1_detection:580 - CCD1檢測完成標誌確認
2025-07-24 20:55:34 [INFO] AutoFeeding:feeding_cycle:741 - 週期2131 檢測結果: DR_F=15, 總數=28
2025-07-24 20:55:34 [INFO] AutoFeeding:feeding_cycle:768 - 找到保護區內DR_F: (-55.66, 326.31)
2025-07-24 20:55:34 [INFO] AutoFeeding:set_dr_f_available:720 - DR_F已就緒: (-55.66, 326.31), Flow1可直接讀取座標
2025-07-24 20:55:35 [DEBUG] AutoFeeding:trigger_ccd1_detection:553 - 發送檢測指令前 - 201狀態: 9
2025-07-24 20:55:35 [DEBUG] AutoFeeding:trigger_ccd1_detection:561 - 已發送控制指令16到寄存器200
2025-07-24 20:55:36 [DEBUG] AutoFeeding:trigger_ccd1_detection:580 - CCD1檢測完成標誌確認
2025-07-24 20:55:36 [INFO] AutoFeeding:feeding_cycle:741 - 週期2132 檢測結果: DR_F=15, 總數=29
2025-07-24 20:55:36 [INFO] AutoFeeding:feeding_cycle:768 - 找到保護區內DR_F: (-55.66, 326.31)
2025-07-24 20:55:36 [INFO] AutoFeeding:set_dr_f_available:720 - DR_F已就緒: (-55.66, 326.31), Flow1可直接讀取座標
2025-07-24 20:55:37 [DEBUG] AutoFeeding:trigger_ccd1_detection:553 - 發送檢測指令前 - 201狀態: 9
2025-07-24 20:55:37 [DEBUG] AutoFeeding:trigger_ccd1_detection:561 - 已發送控制指令16到寄存器200
2025-07-24 20:55:38 [DEBUG] AutoFeeding:trigger_ccd1_detection:580 - CCD1檢測完成標誌確認
2025-07-24 20:55:38 [INFO] AutoFeeding:feeding_cycle:741 - 週期2133 檢測結果: DR_F=15, 總數=28
2025-07-24 20:55:38 [INFO] AutoFeeding:feeding_cycle:768 - 找到保護區內DR_F: (-55.66, 326.31)
2025-07-24 20:55:38 [INFO] AutoFeeding:set_dr_f_available:720 - DR_F已就緒: (-55.66, 326.31), Flow1可直接讀取座標
2025-07-24 20:55:39 [DEBUG] AutoFeeding:trigger_ccd1_detection:553 - 發送檢測指令前 - 201狀態: 9
2025-07-24 20:55:39 [DEBUG] AutoFeeding:trigger_ccd1_detection:561 - 已發送控制指令16到寄存器200
2025-07-24 20:55:40 [DEBUG] AutoFeeding:trigger_ccd1_detection:580 - CCD1檢測完成標誌確認
2025-07-24 20:55:40 [INFO] AutoFeeding:feeding_cycle:741 - 週期2134 檢測結果: DR_F=15, 總數=28
2025-07-24 20:55:40 [INFO] AutoFeeding:feeding_cycle:768 - 找到保護區內DR_F: (-55.66, 326.3)
2025-07-24 20:55:40 [INFO] AutoFeeding:set_dr_f_available:720 - DR_F已就緒: (-55.66, 326.3), Flow1可直接讀取座標
2025-07-24 20:55:41 [DEBUG] AutoFeeding:trigger_ccd1_detection:553 - 發送檢測指令前 - 201狀態: 9
2025-07-24 20:55:41 [DEBUG] AutoFeeding:trigger_ccd1_detection:561 - 已發送控制指令16到寄存器200
2025-07-24 20:55:42 [DEBUG] AutoFeeding:trigger_ccd1_detection:580 - CCD1檢測完成標誌確認
2025-07-24 20:55:42 [INFO] AutoFeeding:feeding_cycle:741 - 週期2135 檢測結果: DR_F=15, 總數=29
2025-07-24 20:55:42 [INFO] AutoFeeding:feeding_cycle:768 - 找到保護區內DR_F: (-55.65, 326.31)
2025-07-24 20:55:42 [INFO] AutoFeeding:set_dr_f_available:720 - DR_F已就緒: (-55.65, 326.31), Flow1可直接讀取座標
2025-07-24 20:55:43 [DEBUG] AutoFeeding:trigger_ccd1_detection:553 - 發送檢測指令前 - 201狀態: 9
2025-07-24 20:55:43 [DEBUG] AutoFeeding:trigger_ccd1_detection:561 - 已發送控制指令16到寄存器200
2025-07-24 20:55:44 [DEBUG] AutoFeeding:trigger_ccd1_detection:580 - CCD1檢測完成標誌確認
2025-07-24 20:55:44 [INFO] AutoFeeding:feeding_cycle:741 - 週期2136 檢測結果: DR_F=15, 總數=28
2025-07-24 20:55:44 [INFO] AutoFeeding:feeding_cycle:768 - 找到保護區內DR_F: (-55.66, 326.3)
2025-07-24 20:55:44 [INFO] AutoFeeding:set_dr_f_available:720 - DR_F已就緒: (-55.66, 326.3), Flow1可直接讀取座標
2025-07-24 20:55:45 [DEBUG] AutoFeeding:trigger_ccd1_detection:553 - 發送檢測指令前 - 201狀態: 9
2025-07-24 20:55:45 [DEBUG] AutoFeeding:trigger_ccd1_detection:561 - 已發送控制指令16到寄存器200
2025-07-24 20:55:46 [DEBUG] AutoFeeding:trigger_ccd1_detection:580 - CCD1檢測完成標誌確認
2025-07-24 20:55:46 [INFO] AutoFeeding:feeding_cycle:741 - 週期2137 檢測結果: DR_F=15, 總數=28
2025-07-24 20:55:46 [INFO] AutoFeeding:feeding_cycle:768 - 找到保護區內DR_F: (-55.66, 326.31)
2025-07-24 20:55:46 [INFO] AutoFeeding:set_dr_f_available:720 - DR_F已就緒: (-55.66, 326.31), Flow1可直接讀取座標
2025-07-24 20:55:47 [DEBUG] AutoFeeding:trigger_ccd1_detection:553 - 發送檢測指令前 - 201狀態: 9
2025-07-24 20:55:47 [DEBUG] AutoFeeding:trigger_ccd1_detection:561 - 已發送控制指令16到寄存器200
2025-07-24 20:55:48 [DEBUG] AutoFeeding:trigger_ccd1_detection:580 - CCD1檢測完成標誌確認
2025-07-24 20:55:48 [INFO] AutoFeeding:feeding_cycle:741 - 週期2138 檢測結果: DR_F=15, 總數=28
2025-07-24 20:55:48 [INFO] AutoFeeding:feeding_cycle:768 - 找到保護區內DR_F: (-55.66, 326.31)
2025-07-24 20:55:48 [INFO] AutoFeeding:set_dr_f_available:720 - DR_F已就緒: (-55.66, 326.31), Flow1可直接讀取座標
2025-07-24 20:55:49 [DEBUG] AutoFeeding:trigger_ccd1_detection:553 - 發送檢測指令前 - 201狀態: 9
2025-07-24 20:55:49 [DEBUG] AutoFeeding:trigger_ccd1_detection:561 - 已發送控制指令16到寄存器200
2025-07-24 20:55:50 [DEBUG] AutoFeeding:trigger_ccd1_detection:580 - CCD1檢測完成標誌確認
2025-07-24 20:55:51 [INFO] AutoFeeding:feeding_cycle:741 - 週期2139 檢測結果: DR_F=15, 總數=28
2025-07-24 20:55:51 [INFO] AutoFeeding:feeding_cycle:768 - 找到保護區內DR_F: (-55.65, 326.3)
2025-07-24 20:55:51 [INFO] AutoFeeding:set_dr_f_available:720 - DR_F已就緒: (-55.65, 326.3), Flow1可直接讀取座標
2025-07-24 20:55:52 [DEBUG] AutoFeeding:trigger_ccd1_detection:553 - 發送檢測指令前 - 201狀態: 9
2025-07-24 20:55:52 [DEBUG] AutoFeeding:trigger_ccd1_detection:561 - 已發送控制指令16到寄存器200
2025-07-24 20:55:53 [DEBUG] AutoFeeding:trigger_ccd1_detection:580 - CCD1檢測完成標誌確認
2025-07-24 20:55:53 [INFO] AutoFeeding:feeding_cycle:741 - 週期2140 檢測結果: DR_F=15, 總數=28
2025-07-24 20:55:53 [INFO] AutoFeeding:feeding_cycle:768 - 找到保護區內DR_F: (-55.66, 326.3)
2025-07-24 20:55:53 [INFO] AutoFeeding:set_dr_f_available:720 - DR_F已就緒: (-55.66, 326.3), Flow1可直接讀取座標
2025-07-24 20:55:54 [DEBUG] AutoFeeding:trigger_ccd1_detection:553 - 發送檢測指令前 - 201狀態: 9
2025-07-24 20:55:54 [DEBUG] AutoFeeding:trigger_ccd1_detection:561 - 已發送控制指令16到寄存器200
2025-07-24 20:55:55 [DEBUG] AutoFeeding:trigger_ccd1_detection:580 - CCD1檢測完成標誌確認
2025-07-24 20:55:55 [INFO] AutoFeeding:feeding_cycle:741 - 週期2141 檢測結果: DR_F=15, 總數=29
2025-07-24 20:55:55 [INFO] AutoFeeding:feeding_cycle:768 - 找到保護區內DR_F: (-55.65, 326.31)
2025-07-24 20:55:55 [INFO] AutoFeeding:set_dr_f_available:720 - DR_F已就緒: (-55.65, 326.31), Flow1可直接讀取座標
2025-07-24 20:55:56 [DEBUG] AutoFeeding:trigger_ccd1_detection:553 - 發送檢測指令前 - 201狀態: 9
2025-07-24 20:55:56 [DEBUG] AutoFeeding:trigger_ccd1_detection:561 - 已發送控制指令16到寄存器200
2025-07-24 20:55:57 [DEBUG] AutoFeeding:trigger_ccd1_detection:580 - CCD1檢測完成標誌確認
2025-07-24 20:55:57 [INFO] AutoFeeding:feeding_cycle:741 - 週期2142 檢測結果: DR_F=15, 總數=28
2025-07-24 20:55:57 [INFO] AutoFeeding:feeding_cycle:768 - 找到保護區內DR_F: (-55.66, 326.31)
2025-07-24 20:55:57 [INFO] AutoFeeding:set_dr_f_available:720 - DR_F已就緒: (-55.66, 326.31), Flow1可直接讀取座標
2025-07-24 20:55:58 [DEBUG] AutoFeeding:trigger_ccd1_detection:553 - 發送檢測指令前 - 201狀態: 9
2025-07-24 20:55:58 [DEBUG] AutoFeeding:trigger_ccd1_detection:561 - 已發送控制指令16到寄存器200
2025-07-24 20:55:59 [DEBUG] AutoFeeding:trigger_ccd1_detection:580 - CCD1檢測完成標誌確認
2025-07-24 20:55:59 [INFO] AutoFeeding:feeding_cycle:741 - 週期2143 檢測結果: DR_F=15, 總數=28
2025-07-24 20:55:59 [INFO] AutoFeeding:feeding_cycle:768 - 找到保護區內DR_F: (-55.66, 326.31)
2025-07-24 20:55:59 [INFO] AutoFeeding:set_dr_f_available:720 - DR_F已就緒: (-55.66, 326.31), Flow1可直接讀取座標
2025-07-24 20:56:00 [DEBUG] AutoFeeding:trigger_ccd1_detection:553 - 發送檢測指令前 - 201狀態: 9
2025-07-24 20:56:00 [DEBUG] AutoFeeding:trigger_ccd1_detection:561 - 已發送控制指令16到寄存器200
2025-07-24 20:56:01 [DEBUG] AutoFeeding:trigger_ccd1_detection:580 - CCD1檢測完成標誌確認
2025-07-24 20:56:01 [INFO] AutoFeeding:feeding_cycle:741 - 週期2144 檢測結果: DR_F=15, 總數=28
2025-07-24 20:56:01 [INFO] AutoFeeding:feeding_cycle:768 - 找到保護區內DR_F: (-55.65, 326.3)
2025-07-24 20:56:01 [INFO] AutoFeeding:set_dr_f_available:720 - DR_F已就緒: (-55.65, 326.3), Flow1可直接讀取座標
2025-07-24 20:56:02 [DEBUG] AutoFeeding:trigger_ccd1_detection:553 - 發送檢測指令前 - 201狀態: 9
2025-07-24 20:56:02 [DEBUG] AutoFeeding:trigger_ccd1_detection:561 - 已發送控制指令16到寄存器200
2025-07-24 20:56:03 [DEBUG] AutoFeeding:trigger_ccd1_detection:580 - CCD1檢測完成標誌確認
2025-07-24 20:56:03 [INFO] AutoFeeding:feeding_cycle:741 - 週期2145 檢測結果: DR_F=15, 總數=28
2025-07-24 20:56:03 [INFO] AutoFeeding:feeding_cycle:768 - 找到保護區內DR_F: (-55.66, 326.31)
2025-07-24 20:56:03 [INFO] AutoFeeding:set_dr_f_available:720 - DR_F已就緒: (-55.66, 326.31), Flow1可直接讀取座標
2025-07-24 20:56:04 [DEBUG] AutoFeeding:trigger_ccd1_detection:553 - 發送檢測指令前 - 201狀態: 9
2025-07-24 20:56:04 [DEBUG] AutoFeeding:trigger_ccd1_detection:561 - 已發送控制指令16到寄存器200
2025-07-24 20:56:05 [DEBUG] AutoFeeding:trigger_ccd1_detection:580 - CCD1檢測完成標誌確認
2025-07-24 20:56:05 [INFO] AutoFeeding:feeding_cycle:741 - 週期2146 檢測結果: DR_F=15, 總數=28
2025-07-24 20:56:05 [INFO] AutoFeeding:feeding_cycle:768 - 找到保護區內DR_F: (-55.65, 326.3)
2025-07-24 20:56:05 [INFO] AutoFeeding:set_dr_f_available:720 - DR_F已就緒: (-55.65, 326.3), Flow1可直接讀取座標
2025-07-24 20:56:06 [DEBUG] AutoFeeding:trigger_ccd1_detection:553 - 發送檢測指令前 - 201狀態: 9
2025-07-24 20:56:06 [DEBUG] AutoFeeding:trigger_ccd1_detection:561 - 已發送控制指令16到寄存器200
2025-07-24 20:56:07 [DEBUG] AutoFeeding:trigger_ccd1_detection:580 - CCD1檢測完成標誌確認
2025-07-24 20:56:07 [INFO] AutoFeeding:feeding_cycle:741 - 週期2147 檢測結果: DR_F=15, 總數=28
2025-07-24 20:56:07 [INFO] AutoFeeding:feeding_cycle:768 - 找到保護區內DR_F: (-55.65, 326.31)
2025-07-24 20:56:07 [INFO] AutoFeeding:set_dr_f_available:720 - DR_F已就緒: (-55.65, 326.31), Flow1可直接讀取座標
2025-07-24 20:56:08 [DEBUG] AutoFeeding:trigger_ccd1_detection:553 - 發送檢測指令前 - 201狀態: 9
2025-07-24 20:56:08 [DEBUG] AutoFeeding:trigger_ccd1_detection:561 - 已發送控制指令16到寄存器200
2025-07-24 20:56:09 [DEBUG] AutoFeeding:trigger_ccd1_detection:580 - CCD1檢測完成標誌確認
2025-07-24 20:56:09 [INFO] AutoFeeding:feeding_cycle:741 - 週期2148 檢測結果: DR_F=15, 總數=29
2025-07-24 20:56:09 [INFO] AutoFeeding:feeding_cycle:768 - 找到保護區內DR_F: (-55.66, 326.31)
2025-07-24 20:56:09 [INFO] AutoFeeding:set_dr_f_available:720 - DR_F已就緒: (-55.66, 326.31), Flow1可直接讀取座標
2025-07-24 20:56:10 [DEBUG] AutoFeeding:trigger_ccd1_detection:553 - 發送檢測指令前 - 201狀態: 9
2025-07-24 20:56:10 [DEBUG] AutoFeeding:trigger_ccd1_detection:561 - 已發送控制指令16到寄存器200
2025-07-24 20:56:11 [DEBUG] AutoFeeding:trigger_ccd1_detection:580 - CCD1檢測完成標誌確認
2025-07-24 20:56:11 [INFO] AutoFeeding:feeding_cycle:741 - 週期2149 檢測結果: DR_F=15, 總數=28
2025-07-24 20:56:11 [INFO] AutoFeeding:feeding_cycle:768 - 找到保護區內DR_F: (-55.66, 326.3)
2025-07-24 20:56:11 [INFO] AutoFeeding:set_dr_f_available:720 - DR_F已就緒: (-55.66, 326.3), Flow1可直接讀取座標
2025-07-24 20:56:12 [DEBUG] AutoFeeding:trigger_ccd1_detection:553 - 發送檢測指令前 - 201狀態: 9
2025-07-24 20:56:12 [DEBUG] AutoFeeding:trigger_ccd1_detection:561 - 已發送控制指令16到寄存器200
2025-07-24 20:56:13 [DEBUG] AutoFeeding:trigger_ccd1_detection:580 - CCD1檢測完成標誌確認
2025-07-24 20:56:13 [INFO] AutoFeeding:feeding_cycle:741 - 週期2150 檢測結果: DR_F=15, 總數=28
2025-07-24 20:56:13 [INFO] AutoFeeding:feeding_cycle:768 - 找到保護區內DR_F: (-55.65, 326.31)
2025-07-24 20:56:13 [INFO] AutoFeeding:set_dr_f_available:720 - DR_F已就緒: (-55.65, 326.31), Flow1可直接讀取座標
2025-07-24 20:56:14 [DEBUG] AutoFeeding:trigger_ccd1_detection:553 - 發送檢測指令前 - 201狀態: 9
2025-07-24 20:56:14 [DEBUG] AutoFeeding:trigger_ccd1_detection:561 - 已發送控制指令16到寄存器200
2025-07-24 20:56:15 [DEBUG] AutoFeeding:trigger_ccd1_detection:580 - CCD1檢測完成標誌確認
2025-07-24 20:56:15 [INFO] AutoFeeding:feeding_cycle:741 - 週期2151 檢測結果: DR_F=15, 總數=28
2025-07-24 20:56:15 [INFO] AutoFeeding:feeding_cycle:768 - 找到保護區內DR_F: (-55.66, 326.3)
2025-07-24 20:56:15 [INFO] AutoFeeding:set_dr_f_available:720 - DR_F已就緒: (-55.66, 326.3), Flow1可直接讀取座標
2025-07-24 20:56:16 [DEBUG] AutoFeeding:trigger_ccd1_detection:553 - 發送檢測指令前 - 201狀態: 9
2025-07-24 20:56:16 [DEBUG] AutoFeeding:trigger_ccd1_detection:561 - 已發送控制指令16到寄存器200
2025-07-24 20:56:17 [DEBUG] AutoFeeding:trigger_ccd1_detection:580 - CCD1檢測完成標誌確認
2025-07-24 20:56:17 [INFO] AutoFeeding:feeding_cycle:741 - 週期2152 檢測結果: DR_F=15, 總數=28
2025-07-24 20:56:17 [INFO] AutoFeeding:feeding_cycle:768 - 找到保護區內DR_F: (-55.65, 326.3)
2025-07-24 20:56:17 [INFO] AutoFeeding:set_dr_f_available:720 - DR_F已就緒: (-55.65, 326.3), Flow1可直接讀取座標
2025-07-24 20:56:18 [DEBUG] AutoFeeding:trigger_ccd1_detection:553 - 發送檢測指令前 - 201狀態: 9
2025-07-24 20:56:18 [DEBUG] AutoFeeding:trigger_ccd1_detection:561 - 已發送控制指令16到寄存器200
2025-07-24 20:56:19 [DEBUG] AutoFeeding:trigger_ccd1_detection:580 - CCD1檢測完成標誌確認
2025-07-24 20:56:19 [INFO] AutoFeeding:feeding_cycle:741 - 週期2153 檢測結果: DR_F=15, 總數=28
2025-07-24 20:56:19 [INFO] AutoFeeding:feeding_cycle:768 - 找到保護區內DR_F: (-55.66, 326.3)
2025-07-24 20:56:19 [INFO] AutoFeeding:set_dr_f_available:720 - DR_F已就緒: (-55.66, 326.3), Flow1可直接讀取座標
2025-07-24 20:56:20 [DEBUG] AutoFeeding:trigger_ccd1_detection:553 - 發送檢測指令前 - 201狀態: 9
2025-07-24 20:56:20 [DEBUG] AutoFeeding:trigger_ccd1_detection:561 - 已發送控制指令16到寄存器200
2025-07-24 20:56:21 [DEBUG] AutoFeeding:trigger_ccd1_detection:580 - CCD1檢測完成標誌確認
2025-07-24 20:56:21 [INFO] AutoFeeding:feeding_cycle:741 - 週期2154 檢測結果: DR_F=15, 總數=28
2025-07-24 20:56:21 [INFO] AutoFeeding:feeding_cycle:768 - 找到保護區內DR_F: (-55.66, 326.31)
2025-07-24 20:56:21 [INFO] AutoFeeding:set_dr_f_available:720 - DR_F已就緒: (-55.66, 326.31), Flow1可直接讀取座標
2025-07-24 20:56:22 [DEBUG] AutoFeeding:trigger_ccd1_detection:553 - 發送檢測指令前 - 201狀態: 9
2025-07-24 20:56:22 [DEBUG] AutoFeeding:trigger_ccd1_detection:561 - 已發送控制指令16到寄存器200
2025-07-24 20:56:23 [DEBUG] AutoFeeding:trigger_ccd1_detection:580 - CCD1檢測完成標誌確認
2025-07-24 20:56:23 [INFO] AutoFeeding:feeding_cycle:741 - 週期2155 檢測結果: DR_F=15, 總數=28
2025-07-24 20:56:23 [INFO] AutoFeeding:feeding_cycle:768 - 找到保護區內DR_F: (-55.66, 326.31)
2025-07-24 20:56:23 [INFO] AutoFeeding:set_dr_f_available:720 - DR_F已就緒: (-55.66, 326.31), Flow1可直接讀取座標
2025-07-24 20:56:24 [DEBUG] AutoFeeding:trigger_ccd1_detection:553 - 發送檢測指令前 - 201狀態: 9
2025-07-24 20:56:24 [DEBUG] AutoFeeding:trigger_ccd1_detection:561 - 已發送控制指令16到寄存器200
2025-07-24 20:56:25 [DEBUG] AutoFeeding:trigger_ccd1_detection:580 - CCD1檢測完成標誌確認
2025-07-24 20:56:25 [INFO] AutoFeeding:feeding_cycle:741 - 週期2156 檢測結果: DR_F=15, 總數=28
2025-07-24 20:56:25 [INFO] AutoFeeding:feeding_cycle:768 - 找到保護區內DR_F: (-55.66, 326.3)
2025-07-24 20:56:25 [INFO] AutoFeeding:set_dr_f_available:720 - DR_F已就緒: (-55.66, 326.3), Flow1可直接讀取座標
2025-07-24 20:56:26 [DEBUG] AutoFeeding:trigger_ccd1_detection:553 - 發送檢測指令前 - 201狀態: 9
2025-07-24 20:56:26 [DEBUG] AutoFeeding:trigger_ccd1_detection:561 - 已發送控制指令16到寄存器200
2025-07-24 20:56:27 [DEBUG] AutoFeeding:trigger_ccd1_detection:580 - CCD1檢測完成標誌確認
2025-07-24 20:56:27 [INFO] AutoFeeding:feeding_cycle:741 - 週期2157 檢測結果: DR_F=15, 總數=28
2025-07-24 20:56:27 [INFO] AutoFeeding:feeding_cycle:768 - 找到保護區內DR_F: (-55.66, 326.31)
2025-07-24 20:56:27 [INFO] AutoFeeding:set_dr_f_available:720 - DR_F已就緒: (-55.66, 326.31), Flow1可直接讀取座標
2025-07-24 20:56:28 [DEBUG] AutoFeeding:trigger_ccd1_detection:553 - 發送檢測指令前 - 201狀態: 9
2025-07-24 20:56:28 [DEBUG] AutoFeeding:trigger_ccd1_detection:561 - 已發送控制指令16到寄存器200
2025-07-24 20:56:29 [DEBUG] AutoFeeding:trigger_ccd1_detection:580 - CCD1檢測完成標誌確認
2025-07-24 20:56:29 [INFO] AutoFeeding:feeding_cycle:741 - 週期2158 檢測結果: DR_F=15, 總數=28
2025-07-24 20:56:29 [INFO] AutoFeeding:feeding_cycle:768 - 找到保護區內DR_F: (-55.66, 326.3)
2025-07-24 20:56:29 [INFO] AutoFeeding:set_dr_f_available:720 - DR_F已就緒: (-55.66, 326.3), Flow1可直接讀取座標
2025-07-24 20:56:30 [DEBUG] AutoFeeding:trigger_ccd1_detection:553 - 發送檢測指令前 - 201狀態: 9
2025-07-24 20:56:30 [DEBUG] AutoFeeding:trigger_ccd1_detection:561 - 已發送控制指令16到寄存器200
2025-07-24 20:56:31 [DEBUG] AutoFeeding:trigger_ccd1_detection:580 - CCD1檢測完成標誌確認
2025-07-24 20:56:31 [INFO] AutoFeeding:feeding_cycle:741 - 週期2159 檢測結果: DR_F=15, 總數=28
2025-07-24 20:56:31 [INFO] AutoFeeding:feeding_cycle:768 - 找到保護區內DR_F: (-55.65, 326.31)
2025-07-24 20:56:31 [INFO] AutoFeeding:set_dr_f_available:720 - DR_F已就緒: (-55.65, 326.31), Flow1可直接讀取座標
2025-07-24 20:56:32 [DEBUG] AutoFeeding:trigger_ccd1_detection:553 - 發送檢測指令前 - 201狀態: 9
2025-07-24 20:56:32 [DEBUG] AutoFeeding:trigger_ccd1_detection:561 - 已發送控制指令16到寄存器200
2025-07-24 20:56:34 [DEBUG] AutoFeeding:trigger_ccd1_detection:580 - CCD1檢測完成標誌確認
2025-07-24 20:56:34 [INFO] AutoFeeding:feeding_cycle:741 - 週期2160 檢測結果: DR_F=15, 總數=28
2025-07-24 20:56:34 [INFO] AutoFeeding:feeding_cycle:768 - 找到保護區內DR_F: (-55.66, 326.3)
2025-07-24 20:56:34 [INFO] AutoFeeding:set_dr_f_available:720 - DR_F已就緒: (-55.66, 326.3), Flow1可直接讀取座標
2025-07-24 20:56:35 [DEBUG] AutoFeeding:trigger_ccd1_detection:553 - 發送檢測指令前 - 201狀態: 9
2025-07-24 20:56:35 [DEBUG] AutoFeeding:trigger_ccd1_detection:561 - 已發送控制指令16到寄存器200
2025-07-24 20:56:36 [DEBUG] AutoFeeding:trigger_ccd1_detection:580 - CCD1檢測完成標誌確認
2025-07-24 20:56:36 [INFO] AutoFeeding:feeding_cycle:741 - 週期2161 檢測結果: DR_F=15, 總數=29
2025-07-24 20:56:36 [INFO] AutoFeeding:feeding_cycle:768 - 找到保護區內DR_F: (-55.66, 326.3)
2025-07-24 20:56:36 [INFO] AutoFeeding:set_dr_f_available:720 - DR_F已就緒: (-55.66, 326.3), Flow1可直接讀取座標
2025-07-24 20:56:37 [DEBUG] AutoFeeding:trigger_ccd1_detection:553 - 發送檢測指令前 - 201狀態: 9
2025-07-24 20:56:37 [DEBUG] AutoFeeding:trigger_ccd1_detection:561 - 已發送控制指令16到寄存器200
2025-07-24 20:56:38 [DEBUG] AutoFeeding:trigger_ccd1_detection:580 - CCD1檢測完成標誌確認
2025-07-24 20:56:38 [INFO] AutoFeeding:feeding_cycle:741 - 週期2162 檢測結果: DR_F=15, 總數=28
2025-07-24 20:56:38 [INFO] AutoFeeding:feeding_cycle:768 - 找到保護區內DR_F: (-55.66, 326.31)
2025-07-24 20:56:38 [INFO] AutoFeeding:set_dr_f_available:720 - DR_F已就緒: (-55.66, 326.31), Flow1可直接讀取座標
2025-07-24 20:56:39 [DEBUG] AutoFeeding:trigger_ccd1_detection:553 - 發送檢測指令前 - 201狀態: 9
2025-07-24 20:56:39 [DEBUG] AutoFeeding:trigger_ccd1_detection:561 - 已發送控制指令16到寄存器200
2025-07-24 20:56:40 [DEBUG] AutoFeeding:trigger_ccd1_detection:580 - CCD1檢測完成標誌確認
2025-07-24 20:56:40 [INFO] AutoFeeding:feeding_cycle:741 - 週期2163 檢測結果: DR_F=15, 總數=28
2025-07-24 20:56:40 [INFO] AutoFeeding:feeding_cycle:768 - 找到保護區內DR_F: (-55.66, 326.3)
2025-07-24 20:56:40 [INFO] AutoFeeding:set_dr_f_available:720 - DR_F已就緒: (-55.66, 326.3), Flow1可直接讀取座標
2025-07-24 20:56:41 [DEBUG] AutoFeeding:trigger_ccd1_detection:553 - 發送檢測指令前 - 201狀態: 9
2025-07-24 20:56:41 [DEBUG] AutoFeeding:trigger_ccd1_detection:561 - 已發送控制指令16到寄存器200
2025-07-24 20:56:42 [DEBUG] AutoFeeding:trigger_ccd1_detection:580 - CCD1檢測完成標誌確認
2025-07-24 20:56:42 [INFO] AutoFeeding:feeding_cycle:741 - 週期2164 檢測結果: DR_F=15, 總數=28
2025-07-24 20:56:42 [INFO] AutoFeeding:feeding_cycle:768 - 找到保護區內DR_F: (-55.66, 326.3)
2025-07-24 20:56:42 [INFO] AutoFeeding:set_dr_f_available:720 - DR_F已就緒: (-55.66, 326.3), Flow1可直接讀取座標
2025-07-24 20:56:43 [DEBUG] AutoFeeding:trigger_ccd1_detection:553 - 發送檢測指令前 - 201狀態: 9
2025-07-24 20:56:43 [DEBUG] AutoFeeding:trigger_ccd1_detection:561 - 已發送控制指令16到寄存器200
2025-07-24 20:56:44 [DEBUG] AutoFeeding:trigger_ccd1_detection:580 - CCD1檢測完成標誌確認
2025-07-24 20:56:44 [INFO] AutoFeeding:feeding_cycle:741 - 週期2165 檢測結果: DR_F=15, 總數=29
2025-07-24 20:56:44 [INFO] AutoFeeding:feeding_cycle:768 - 找到保護區內DR_F: (-55.66, 326.3)
2025-07-24 20:56:44 [INFO] AutoFeeding:set_dr_f_available:720 - DR_F已就緒: (-55.66, 326.3), Flow1可直接讀取座標
2025-07-24 20:56:45 [DEBUG] AutoFeeding:trigger_ccd1_detection:553 - 發送檢測指令前 - 201狀態: 9
2025-07-24 20:56:45 [DEBUG] AutoFeeding:trigger_ccd1_detection:561 - 已發送控制指令16到寄存器200
2025-07-24 20:56:46 [DEBUG] AutoFeeding:trigger_ccd1_detection:580 - CCD1檢測完成標誌確認
2025-07-24 20:56:46 [INFO] AutoFeeding:feeding_cycle:741 - 週期2166 檢測結果: DR_F=15, 總數=28
2025-07-24 20:56:46 [INFO] AutoFeeding:feeding_cycle:768 - 找到保護區內DR_F: (-55.65, 326.3)
2025-07-24 20:56:46 [INFO] AutoFeeding:set_dr_f_available:720 - DR_F已就緒: (-55.65, 326.3), Flow1可直接讀取座標
2025-07-24 20:56:47 [DEBUG] AutoFeeding:trigger_ccd1_detection:553 - 發送檢測指令前 - 201狀態: 9
2025-07-24 20:56:47 [DEBUG] AutoFeeding:trigger_ccd1_detection:561 - 已發送控制指令16到寄存器200
2025-07-24 20:56:48 [DEBUG] AutoFeeding:trigger_ccd1_detection:580 - CCD1檢測完成標誌確認
2025-07-24 20:56:48 [INFO] AutoFeeding:feeding_cycle:741 - 週期2167 檢測結果: DR_F=15, 總數=28
2025-07-24 20:56:48 [INFO] AutoFeeding:feeding_cycle:768 - 找到保護區內DR_F: (-55.66, 326.31)
2025-07-24 20:56:48 [INFO] AutoFeeding:set_dr_f_available:720 - DR_F已就緒: (-55.66, 326.31), Flow1可直接讀取座標
2025-07-24 20:56:49 [DEBUG] AutoFeeding:trigger_ccd1_detection:553 - 發送檢測指令前 - 201狀態: 9
2025-07-24 20:56:49 [DEBUG] AutoFeeding:trigger_ccd1_detection:561 - 已發送控制指令16到寄存器200
2025-07-24 20:56:50 [DEBUG] AutoFeeding:trigger_ccd1_detection:580 - CCD1檢測完成標誌確認
2025-07-24 20:56:50 [INFO] AutoFeeding:feeding_cycle:741 - 週期2168 檢測結果: DR_F=15, 總數=28
2025-07-24 20:56:50 [INFO] AutoFeeding:feeding_cycle:768 - 找到保護區內DR_F: (-55.65, 326.3)
2025-07-24 20:56:50 [INFO] AutoFeeding:set_dr_f_available:720 - DR_F已就緒: (-55.65, 326.3), Flow1可直接讀取座標
2025-07-24 20:56:51 [DEBUG] AutoFeeding:trigger_ccd1_detection:553 - 發送檢測指令前 - 201狀態: 9
2025-07-24 20:56:51 [DEBUG] AutoFeeding:trigger_ccd1_detection:561 - 已發送控制指令16到寄存器200
2025-07-24 20:56:52 [DEBUG] AutoFeeding:trigger_ccd1_detection:580 - CCD1檢測完成標誌確認
2025-07-24 20:56:52 [INFO] AutoFeeding:feeding_cycle:741 - 週期2169 檢測結果: DR_F=15, 總數=28
2025-07-24 20:56:52 [INFO] AutoFeeding:feeding_cycle:768 - 找到保護區內DR_F: (-55.66, 326.3)
2025-07-24 20:56:52 [INFO] AutoFeeding:set_dr_f_available:720 - DR_F已就緒: (-55.66, 326.3), Flow1可直接讀取座標
2025-07-24 20:56:53 [DEBUG] AutoFeeding:trigger_ccd1_detection:553 - 發送檢測指令前 - 201狀態: 9
2025-07-24 20:56:53 [DEBUG] AutoFeeding:trigger_ccd1_detection:561 - 已發送控制指令16到寄存器200
2025-07-24 20:56:54 [DEBUG] AutoFeeding:trigger_ccd1_detection:580 - CCD1檢測完成標誌確認
2025-07-24 20:56:54 [INFO] AutoFeeding:feeding_cycle:741 - 週期2170 檢測結果: DR_F=15, 總數=28
2025-07-24 20:56:54 [INFO] AutoFeeding:feeding_cycle:768 - 找到保護區內DR_F: (-55.66, 326.31)
2025-07-24 20:56:54 [INFO] AutoFeeding:set_dr_f_available:720 - DR_F已就緒: (-55.66, 326.31), Flow1可直接讀取座標
2025-07-24 20:56:55 [DEBUG] AutoFeeding:trigger_ccd1_detection:553 - 發送檢測指令前 - 201狀態: 9
2025-07-24 20:56:55 [DEBUG] AutoFeeding:trigger_ccd1_detection:561 - 已發送控制指令16到寄存器200
2025-07-24 20:56:56 [DEBUG] AutoFeeding:trigger_ccd1_detection:580 - CCD1檢測完成標誌確認
2025-07-24 20:56:56 [INFO] AutoFeeding:feeding_cycle:741 - 週期2171 檢測結果: DR_F=15, 總數=28
2025-07-24 20:56:56 [INFO] AutoFeeding:feeding_cycle:768 - 找到保護區內DR_F: (-55.65, 326.31)
2025-07-24 20:56:56 [INFO] AutoFeeding:set_dr_f_available:720 - DR_F已就緒: (-55.65, 326.31), Flow1可直接讀取座標
2025-07-24 20:56:57 [DEBUG] AutoFeeding:main_loop:880 - 主循環 2201: running=True, status=RUNNING, flow1_active=False, progress_blocking=False, dr_f_available=True
2025-07-24 20:56:57 [DEBUG] AutoFeeding:trigger_ccd1_detection:553 - 發送檢測指令前 - 201狀態: 9
2025-07-24 20:56:57 [DEBUG] AutoFeeding:trigger_ccd1_detection:561 - 已發送控制指令16到寄存器200
2025-07-24 20:56:58 [DEBUG] AutoFeeding:trigger_ccd1_detection:580 - CCD1檢測完成標誌確認
2025-07-24 20:56:58 [INFO] AutoFeeding:feeding_cycle:741 - 週期2172 檢測結果: DR_F=15, 總數=28
2025-07-24 20:56:58 [INFO] AutoFeeding:feeding_cycle:768 - 找到保護區內DR_F: (-55.65, 326.31)
2025-07-24 20:56:58 [INFO] AutoFeeding:set_dr_f_available:720 - DR_F已就緒: (-55.65, 326.31), Flow1可直接讀取座標
2025-07-24 20:56:59 [DEBUG] AutoFeeding:trigger_ccd1_detection:553 - 發送檢測指令前 - 201狀態: 9
2025-07-24 20:56:59 [DEBUG] AutoFeeding:trigger_ccd1_detection:561 - 已發送控制指令16到寄存器200
2025-07-24 20:57:00 [DEBUG] AutoFeeding:trigger_ccd1_detection:580 - CCD1檢測完成標誌確認
2025-07-24 20:57:00 [INFO] AutoFeeding:feeding_cycle:741 - 週期2173 檢測結果: DR_F=15, 總數=28
2025-07-24 20:57:00 [INFO] AutoFeeding:feeding_cycle:768 - 找到保護區內DR_F: (-55.66, 326.31)
2025-07-24 20:57:00 [INFO] AutoFeeding:set_dr_f_available:720 - DR_F已就緒: (-55.66, 326.31), Flow1可直接讀取座標
2025-07-24 20:57:01 [DEBUG] AutoFeeding:trigger_ccd1_detection:553 - 發送檢測指令前 - 201狀態: 9
2025-07-24 20:57:01 [DEBUG] AutoFeeding:trigger_ccd1_detection:561 - 已發送控制指令16到寄存器200
2025-07-24 20:57:02 [DEBUG] AutoFeeding:trigger_ccd1_detection:580 - CCD1檢測完成標誌確認
2025-07-24 20:57:02 [INFO] AutoFeeding:feeding_cycle:741 - 週期2174 檢測結果: DR_F=15, 總數=29
2025-07-24 20:57:02 [INFO] AutoFeeding:feeding_cycle:768 - 找到保護區內DR_F: (-55.66, 326.3)
2025-07-24 20:57:02 [INFO] AutoFeeding:set_dr_f_available:720 - DR_F已就緒: (-55.66, 326.3), Flow1可直接讀取座標
2025-07-24 20:57:03 [DEBUG] AutoFeeding:trigger_ccd1_detection:553 - 發送檢測指令前 - 201狀態: 9
2025-07-24 20:57:03 [DEBUG] AutoFeeding:trigger_ccd1_detection:561 - 已發送控制指令16到寄存器200
2025-07-24 20:57:04 [DEBUG] AutoFeeding:trigger_ccd1_detection:580 - CCD1檢測完成標誌確認
2025-07-24 20:57:04 [INFO] AutoFeeding:feeding_cycle:741 - 週期2175 檢測結果: DR_F=15, 總數=28
2025-07-24 20:57:04 [INFO] AutoFeeding:feeding_cycle:768 - 找到保護區內DR_F: (-55.65, 326.31)
2025-07-24 20:57:04 [INFO] AutoFeeding:set_dr_f_available:720 - DR_F已就緒: (-55.65, 326.31), Flow1可直接讀取座標
2025-07-24 20:57:05 [DEBUG] AutoFeeding:trigger_ccd1_detection:553 - 發送檢測指令前 - 201狀態: 9
2025-07-24 20:57:05 [DEBUG] AutoFeeding:trigger_ccd1_detection:561 - 已發送控制指令16到寄存器200
2025-07-24 20:57:06 [DEBUG] AutoFeeding:trigger_ccd1_detection:580 - CCD1檢測完成標誌確認
2025-07-24 20:57:06 [INFO] AutoFeeding:feeding_cycle:741 - 週期2176 檢測結果: DR_F=15, 總數=28
2025-07-24 20:57:06 [INFO] AutoFeeding:feeding_cycle:768 - 找到保護區內DR_F: (-55.65, 326.31)
2025-07-24 20:57:06 [INFO] AutoFeeding:set_dr_f_available:720 - DR_F已就緒: (-55.65, 326.31), Flow1可直接讀取座標
2025-07-24 20:57:07 [DEBUG] AutoFeeding:trigger_ccd1_detection:553 - 發送檢測指令前 - 201狀態: 9
2025-07-24 20:57:07 [DEBUG] AutoFeeding:trigger_ccd1_detection:561 - 已發送控制指令16到寄存器200
2025-07-24 20:57:08 [DEBUG] AutoFeeding:trigger_ccd1_detection:580 - CCD1檢測完成標誌確認
2025-07-24 20:57:08 [INFO] AutoFeeding:feeding_cycle:741 - 週期2177 檢測結果: DR_F=15, 總數=28
2025-07-24 20:57:08 [INFO] AutoFeeding:feeding_cycle:768 - 找到保護區內DR_F: (-55.66, 326.3)
2025-07-24 20:57:08 [INFO] AutoFeeding:set_dr_f_available:720 - DR_F已就緒: (-55.66, 326.3), Flow1可直接讀取座標
2025-07-24 20:57:09 [DEBUG] AutoFeeding:trigger_ccd1_detection:553 - 發送檢測指令前 - 201狀態: 9
2025-07-24 20:57:09 [DEBUG] AutoFeeding:trigger_ccd1_detection:561 - 已發送控制指令16到寄存器200
2025-07-24 20:57:10 [DEBUG] AutoFeeding:trigger_ccd1_detection:580 - CCD1檢測完成標誌確認
2025-07-24 20:57:10 [INFO] AutoFeeding:feeding_cycle:741 - 週期2178 檢測結果: DR_F=15, 總數=28
2025-07-24 20:57:10 [INFO] AutoFeeding:feeding_cycle:768 - 找到保護區內DR_F: (-55.66, 326.3)
2025-07-24 20:57:10 [INFO] AutoFeeding:set_dr_f_available:720 - DR_F已就緒: (-55.66, 326.3), Flow1可直接讀取座標
2025-07-24 20:57:11 [DEBUG] AutoFeeding:trigger_ccd1_detection:553 - 發送檢測指令前 - 201狀態: 9
2025-07-24 20:57:11 [DEBUG] AutoFeeding:trigger_ccd1_detection:561 - 已發送控制指令16到寄存器200
2025-07-24 20:57:12 [DEBUG] AutoFeeding:trigger_ccd1_detection:580 - CCD1檢測完成標誌確認
2025-07-24 20:57:12 [INFO] AutoFeeding:feeding_cycle:741 - 週期2179 檢測結果: DR_F=15, 總數=28
2025-07-24 20:57:12 [INFO] AutoFeeding:feeding_cycle:768 - 找到保護區內DR_F: (-55.66, 326.31)
2025-07-24 20:57:12 [INFO] AutoFeeding:set_dr_f_available:720 - DR_F已就緒: (-55.66, 326.31), Flow1可直接讀取座標
2025-07-24 20:57:13 [DEBUG] AutoFeeding:trigger_ccd1_detection:553 - 發送檢測指令前 - 201狀態: 9
2025-07-24 20:57:13 [DEBUG] AutoFeeding:trigger_ccd1_detection:561 - 已發送控制指令16到寄存器200
2025-07-24 20:57:15 [DEBUG] AutoFeeding:trigger_ccd1_detection:580 - CCD1檢測完成標誌確認
2025-07-24 20:57:15 [INFO] AutoFeeding:feeding_cycle:741 - 週期2180 檢測結果: DR_F=15, 總數=29
2025-07-24 20:57:15 [INFO] AutoFeeding:feeding_cycle:768 - 找到保護區內DR_F: (-55.66, 326.31)
2025-07-24 20:57:15 [INFO] AutoFeeding:set_dr_f_available:720 - DR_F已就緒: (-55.66, 326.31), Flow1可直接讀取座標
2025-07-24 20:57:16 [DEBUG] AutoFeeding:trigger_ccd1_detection:553 - 發送檢測指令前 - 201狀態: 9
2025-07-24 20:57:16 [DEBUG] AutoFeeding:trigger_ccd1_detection:561 - 已發送控制指令16到寄存器200
2025-07-24 20:57:17 [DEBUG] AutoFeeding:trigger_ccd1_detection:580 - CCD1檢測完成標誌確認
2025-07-24 20:57:17 [INFO] AutoFeeding:feeding_cycle:741 - 週期2181 檢測結果: DR_F=15, 總數=28
2025-07-24 20:57:17 [INFO] AutoFeeding:feeding_cycle:768 - 找到保護區內DR_F: (-55.65, 326.3)
2025-07-24 20:57:17 [INFO] AutoFeeding:set_dr_f_available:720 - DR_F已就緒: (-55.65, 326.3), Flow1可直接讀取座標
2025-07-24 20:57:18 [DEBUG] AutoFeeding:trigger_ccd1_detection:553 - 發送檢測指令前 - 201狀態: 9
2025-07-24 20:57:18 [DEBUG] AutoFeeding:trigger_ccd1_detection:561 - 已發送控制指令16到寄存器200
2025-07-24 20:57:19 [DEBUG] AutoFeeding:trigger_ccd1_detection:580 - CCD1檢測完成標誌確認
2025-07-24 20:57:19 [INFO] AutoFeeding:feeding_cycle:741 - 週期2182 檢測結果: DR_F=15, 總數=29
2025-07-24 20:57:19 [INFO] AutoFeeding:feeding_cycle:768 - 找到保護區內DR_F: (-55.65, 326.3)
2025-07-24 20:57:19 [INFO] AutoFeeding:set_dr_f_available:720 - DR_F已就緒: (-55.65, 326.3), Flow1可直接讀取座標
2025-07-24 20:57:20 [DEBUG] AutoFeeding:trigger_ccd1_detection:553 - 發送檢測指令前 - 201狀態: 9
2025-07-24 20:57:20 [DEBUG] AutoFeeding:trigger_ccd1_detection:561 - 已發送控制指令16到寄存器200
2025-07-24 20:57:21 [DEBUG] AutoFeeding:trigger_ccd1_detection:580 - CCD1檢測完成標誌確認
2025-07-24 20:57:21 [INFO] AutoFeeding:feeding_cycle:741 - 週期2183 檢測結果: DR_F=15, 總數=28
2025-07-24 20:57:21 [INFO] AutoFeeding:feeding_cycle:768 - 找到保護區內DR_F: (-55.66, 326.31)
2025-07-24 20:57:21 [INFO] AutoFeeding:set_dr_f_available:720 - DR_F已就緒: (-55.66, 326.31), Flow1可直接讀取座標
2025-07-24 20:57:22 [DEBUG] AutoFeeding:trigger_ccd1_detection:553 - 發送檢測指令前 - 201狀態: 9
2025-07-24 20:57:22 [DEBUG] AutoFeeding:trigger_ccd1_detection:561 - 已發送控制指令16到寄存器200
2025-07-24 20:57:23 [DEBUG] AutoFeeding:trigger_ccd1_detection:580 - CCD1檢測完成標誌確認
2025-07-24 20:57:23 [INFO] AutoFeeding:feeding_cycle:741 - 週期2184 檢測結果: DR_F=15, 總數=28
2025-07-24 20:57:23 [INFO] AutoFeeding:feeding_cycle:768 - 找到保護區內DR_F: (-55.66, 326.31)
2025-07-24 20:57:23 [INFO] AutoFeeding:set_dr_f_available:720 - DR_F已就緒: (-55.66, 326.31), Flow1可直接讀取座標
2025-07-24 20:57:24 [DEBUG] AutoFeeding:trigger_ccd1_detection:553 - 發送檢測指令前 - 201狀態: 9
2025-07-24 20:57:24 [DEBUG] AutoFeeding:trigger_ccd1_detection:561 - 已發送控制指令16到寄存器200
2025-07-24 20:57:25 [DEBUG] AutoFeeding:trigger_ccd1_detection:580 - CCD1檢測完成標誌確認
2025-07-24 20:57:25 [INFO] AutoFeeding:feeding_cycle:741 - 週期2185 檢測結果: DR_F=15, 總數=28
2025-07-24 20:57:25 [INFO] AutoFeeding:feeding_cycle:768 - 找到保護區內DR_F: (-55.66, 326.31)
2025-07-24 20:57:25 [INFO] AutoFeeding:set_dr_f_available:720 - DR_F已就緒: (-55.66, 326.31), Flow1可直接讀取座標
2025-07-24 20:57:26 [DEBUG] AutoFeeding:trigger_ccd1_detection:553 - 發送檢測指令前 - 201狀態: 9
2025-07-24 20:57:26 [DEBUG] AutoFeeding:trigger_ccd1_detection:561 - 已發送控制指令16到寄存器200
2025-07-24 20:57:27 [DEBUG] AutoFeeding:trigger_ccd1_detection:580 - CCD1檢測完成標誌確認
2025-07-24 20:57:27 [INFO] AutoFeeding:feeding_cycle:741 - 週期2186 檢測結果: DR_F=15, 總數=28
2025-07-24 20:57:27 [INFO] AutoFeeding:feeding_cycle:768 - 找到保護區內DR_F: (-55.65, 326.3)
2025-07-24 20:57:27 [INFO] AutoFeeding:set_dr_f_available:720 - DR_F已就緒: (-55.65, 326.3), Flow1可直接讀取座標
2025-07-24 20:57:28 [DEBUG] AutoFeeding:trigger_ccd1_detection:553 - 發送檢測指令前 - 201狀態: 9
2025-07-24 20:57:28 [DEBUG] AutoFeeding:trigger_ccd1_detection:561 - 已發送控制指令16到寄存器200
2025-07-24 20:57:29 [DEBUG] AutoFeeding:trigger_ccd1_detection:580 - CCD1檢測完成標誌確認
2025-07-24 20:57:29 [INFO] AutoFeeding:feeding_cycle:741 - 週期2187 檢測結果: DR_F=15, 總數=28
2025-07-24 20:57:29 [INFO] AutoFeeding:feeding_cycle:768 - 找到保護區內DR_F: (-55.66, 326.3)
2025-07-24 20:57:29 [INFO] AutoFeeding:set_dr_f_available:720 - DR_F已就緒: (-55.66, 326.3), Flow1可直接讀取座標
2025-07-24 20:57:30 [DEBUG] AutoFeeding:trigger_ccd1_detection:553 - 發送檢測指令前 - 201狀態: 9
2025-07-24 20:57:30 [DEBUG] AutoFeeding:trigger_ccd1_detection:561 - 已發送控制指令16到寄存器200
2025-07-24 20:57:31 [DEBUG] AutoFeeding:trigger_ccd1_detection:580 - CCD1檢測完成標誌確認
2025-07-24 20:57:31 [INFO] AutoFeeding:feeding_cycle:741 - 週期2188 檢測結果: DR_F=15, 總數=28
2025-07-24 20:57:31 [INFO] AutoFeeding:feeding_cycle:768 - 找到保護區內DR_F: (-55.66, 326.31)
2025-07-24 20:57:31 [INFO] AutoFeeding:set_dr_f_available:720 - DR_F已就緒: (-55.66, 326.31), Flow1可直接讀取座標
2025-07-24 20:57:32 [DEBUG] AutoFeeding:trigger_ccd1_detection:553 - 發送檢測指令前 - 201狀態: 9
2025-07-24 20:57:32 [DEBUG] AutoFeeding:trigger_ccd1_detection:561 - 已發送控制指令16到寄存器200
2025-07-24 20:57:33 [DEBUG] AutoFeeding:trigger_ccd1_detection:580 - CCD1檢測完成標誌確認
2025-07-24 20:57:33 [INFO] AutoFeeding:feeding_cycle:741 - 週期2189 檢測結果: DR_F=15, 總數=28
2025-07-24 20:57:33 [INFO] AutoFeeding:feeding_cycle:768 - 找到保護區內DR_F: (-55.66, 326.31)
2025-07-24 20:57:33 [INFO] AutoFeeding:set_dr_f_available:720 - DR_F已就緒: (-55.66, 326.31), Flow1可直接讀取座標
2025-07-24 20:57:34 [DEBUG] AutoFeeding:trigger_ccd1_detection:553 - 發送檢測指令前 - 201狀態: 9
2025-07-24 20:57:34 [DEBUG] AutoFeeding:trigger_ccd1_detection:561 - 已發送控制指令16到寄存器200
2025-07-24 20:57:35 [DEBUG] AutoFeeding:trigger_ccd1_detection:580 - CCD1檢測完成標誌確認
2025-07-24 20:57:35 [INFO] AutoFeeding:feeding_cycle:741 - 週期2190 檢測結果: DR_F=15, 總數=29
2025-07-24 20:57:35 [INFO] AutoFeeding:feeding_cycle:768 - 找到保護區內DR_F: (-55.66, 326.3)
2025-07-24 20:57:35 [INFO] AutoFeeding:set_dr_f_available:720 - DR_F已就緒: (-55.66, 326.3), Flow1可直接讀取座標
2025-07-24 20:57:36 [DEBUG] AutoFeeding:trigger_ccd1_detection:553 - 發送檢測指令前 - 201狀態: 9
2025-07-24 20:57:36 [DEBUG] AutoFeeding:trigger_ccd1_detection:561 - 已發送控制指令16到寄存器200
2025-07-24 20:57:37 [DEBUG] AutoFeeding:trigger_ccd1_detection:580 - CCD1檢測完成標誌確認
2025-07-24 20:57:37 [INFO] AutoFeeding:feeding_cycle:741 - 週期2191 檢測結果: DR_F=15, 總數=28
2025-07-24 20:57:37 [INFO] AutoFeeding:feeding_cycle:768 - 找到保護區內DR_F: (-55.65, 326.31)
2025-07-24 20:57:37 [INFO] AutoFeeding:set_dr_f_available:720 - DR_F已就緒: (-55.65, 326.31), Flow1可直接讀取座標
2025-07-24 20:57:38 [DEBUG] AutoFeeding:trigger_ccd1_detection:553 - 發送檢測指令前 - 201狀態: 9
2025-07-24 20:57:38 [DEBUG] AutoFeeding:trigger_ccd1_detection:561 - 已發送控制指令16到寄存器200
2025-07-24 20:57:39 [DEBUG] AutoFeeding:trigger_ccd1_detection:580 - CCD1檢測完成標誌確認
2025-07-24 20:57:39 [INFO] AutoFeeding:feeding_cycle:741 - 週期2192 檢測結果: DR_F=15, 總數=28
2025-07-24 20:57:39 [INFO] AutoFeeding:feeding_cycle:768 - 找到保護區內DR_F: (-55.66, 326.31)
2025-07-24 20:57:39 [INFO] AutoFeeding:set_dr_f_available:720 - DR_F已就緒: (-55.66, 326.31), Flow1可直接讀取座標
2025-07-24 20:57:40 [DEBUG] AutoFeeding:trigger_ccd1_detection:553 - 發送檢測指令前 - 201狀態: 9
2025-07-24 20:57:40 [DEBUG] AutoFeeding:trigger_ccd1_detection:561 - 已發送控制指令16到寄存器200
2025-07-24 20:57:41 [DEBUG] AutoFeeding:trigger_ccd1_detection:580 - CCD1檢測完成標誌確認
2025-07-24 20:57:41 [INFO] AutoFeeding:feeding_cycle:741 - 週期2193 檢測結果: DR_F=15, 總數=28
2025-07-24 20:57:41 [INFO] AutoFeeding:feeding_cycle:768 - 找到保護區內DR_F: (-55.65, 326.31)
2025-07-24 20:57:41 [INFO] AutoFeeding:set_dr_f_available:720 - DR_F已就緒: (-55.65, 326.31), Flow1可直接讀取座標
2025-07-24 20:57:42 [DEBUG] AutoFeeding:trigger_ccd1_detection:553 - 發送檢測指令前 - 201狀態: 9
2025-07-24 20:57:42 [DEBUG] AutoFeeding:trigger_ccd1_detection:561 - 已發送控制指令16到寄存器200
2025-07-24 20:57:43 [DEBUG] AutoFeeding:trigger_ccd1_detection:580 - CCD1檢測完成標誌確認
2025-07-24 20:57:43 [INFO] AutoFeeding:feeding_cycle:741 - 週期2194 檢測結果: DR_F=15, 總數=29
2025-07-24 20:57:43 [INFO] AutoFeeding:feeding_cycle:768 - 找到保護區內DR_F: (-55.66, 326.31)
2025-07-24 20:57:43 [INFO] AutoFeeding:set_dr_f_available:720 - DR_F已就緒: (-55.66, 326.31), Flow1可直接讀取座標
2025-07-24 20:57:44 [DEBUG] AutoFeeding:trigger_ccd1_detection:553 - 發送檢測指令前 - 201狀態: 9
2025-07-24 20:57:44 [DEBUG] AutoFeeding:trigger_ccd1_detection:561 - 已發送控制指令16到寄存器200
2025-07-24 20:57:45 [DEBUG] AutoFeeding:trigger_ccd1_detection:580 - CCD1檢測完成標誌確認
2025-07-24 20:57:45 [INFO] AutoFeeding:feeding_cycle:741 - 週期2195 檢測結果: DR_F=15, 總數=28
2025-07-24 20:57:45 [INFO] AutoFeeding:feeding_cycle:768 - 找到保護區內DR_F: (-55.66, 326.31)
2025-07-24 20:57:45 [INFO] AutoFeeding:set_dr_f_available:720 - DR_F已就緒: (-55.66, 326.31), Flow1可直接讀取座標
2025-07-24 20:57:46 [DEBUG] AutoFeeding:trigger_ccd1_detection:553 - 發送檢測指令前 - 201狀態: 9
2025-07-24 20:57:46 [DEBUG] AutoFeeding:trigger_ccd1_detection:561 - 已發送控制指令16到寄存器200
2025-07-24 20:57:47 [DEBUG] AutoFeeding:trigger_ccd1_detection:580 - CCD1檢測完成標誌確認
2025-07-24 20:57:47 [INFO] AutoFeeding:feeding_cycle:741 - 週期2196 檢測結果: DR_F=15, 總數=28
2025-07-24 20:57:47 [INFO] AutoFeeding:feeding_cycle:768 - 找到保護區內DR_F: (-55.65, 326.31)
2025-07-24 20:57:47 [INFO] AutoFeeding:set_dr_f_available:720 - DR_F已就緒: (-55.65, 326.31), Flow1可直接讀取座標
2025-07-24 20:57:48 [DEBUG] AutoFeeding:trigger_ccd1_detection:553 - 發送檢測指令前 - 201狀態: 9
2025-07-24 20:57:48 [DEBUG] AutoFeeding:trigger_ccd1_detection:561 - 已發送控制指令16到寄存器200
2025-07-24 20:57:49 [DEBUG] AutoFeeding:trigger_ccd1_detection:580 - CCD1檢測完成標誌確認
2025-07-24 20:57:49 [INFO] AutoFeeding:feeding_cycle:741 - 週期2197 檢測結果: DR_F=15, 總數=28
2025-07-24 20:57:49 [INFO] AutoFeeding:feeding_cycle:768 - 找到保護區內DR_F: (-55.66, 326.3)
2025-07-24 20:57:49 [INFO] AutoFeeding:set_dr_f_available:720 - DR_F已就緒: (-55.66, 326.3), Flow1可直接讀取座標
2025-07-24 20:57:50 [DEBUG] AutoFeeding:trigger_ccd1_detection:553 - 發送檢測指令前 - 201狀態: 9
2025-07-24 20:57:50 [DEBUG] AutoFeeding:trigger_ccd1_detection:561 - 已發送控制指令16到寄存器200
2025-07-24 20:57:51 [DEBUG] AutoFeeding:trigger_ccd1_detection:580 - CCD1檢測完成標誌確認
2025-07-24 20:57:51 [INFO] AutoFeeding:feeding_cycle:741 - 週期2198 檢測結果: DR_F=15, 總數=28
2025-07-24 20:57:51 [INFO] AutoFeeding:feeding_cycle:768 - 找到保護區內DR_F: (-55.66, 326.3)
2025-07-24 20:57:51 [INFO] AutoFeeding:set_dr_f_available:720 - DR_F已就緒: (-55.66, 326.3), Flow1可直接讀取座標
2025-07-24 20:57:52 [DEBUG] AutoFeeding:trigger_ccd1_detection:553 - 發送檢測指令前 - 201狀態: 9
2025-07-24 20:57:52 [DEBUG] AutoFeeding:trigger_ccd1_detection:561 - 已發送控制指令16到寄存器200
2025-07-24 20:57:53 [DEBUG] AutoFeeding:trigger_ccd1_detection:580 - CCD1檢測完成標誌確認
2025-07-24 20:57:53 [INFO] AutoFeeding:feeding_cycle:741 - 週期2199 檢測結果: DR_F=15, 總數=28
2025-07-24 20:57:53 [INFO] AutoFeeding:feeding_cycle:768 - 找到保護區內DR_F: (-55.66, 326.31)
2025-07-24 20:57:53 [INFO] AutoFeeding:set_dr_f_available:720 - DR_F已就緒: (-55.66, 326.31), Flow1可直接讀取座標
2025-07-24 20:57:54 [DEBUG] AutoFeeding:trigger_ccd1_detection:553 - 發送檢測指令前 - 201狀態: 9
2025-07-24 20:57:54 [DEBUG] AutoFeeding:trigger_ccd1_detection:561 - 已發送控制指令16到寄存器200
2025-07-24 20:57:56 [DEBUG] AutoFeeding:trigger_ccd1_detection:580 - CCD1檢測完成標誌確認
2025-07-24 20:57:56 [INFO] AutoFeeding:feeding_cycle:741 - 週期2200 檢測結果: DR_F=15, 總數=28
2025-07-24 20:57:56 [INFO] AutoFeeding:feeding_cycle:768 - 找到保護區內DR_F: (-55.66, 326.31)
2025-07-24 20:57:56 [INFO] AutoFeeding:set_dr_f_available:720 - DR_F已就緒: (-55.66, 326.31), Flow1可直接讀取座標
2025-07-24 20:57:57 [DEBUG] AutoFeeding:check_modules_status:480 - CCD1狀態: 9 (Ready=True, Running=False, Alarm=False, Init=True)
2025-07-24 20:57:57 [DEBUG] AutoFeeding:trigger_ccd1_detection:553 - 發送檢測指令前 - 201狀態: 9
2025-07-24 20:57:57 [DEBUG] AutoFeeding:trigger_ccd1_detection:561 - 已發送控制指令16到寄存器200
2025-07-24 20:57:58 [DEBUG] AutoFeeding:trigger_ccd1_detection:580 - CCD1檢測完成標誌確認
2025-07-24 20:57:58 [INFO] AutoFeeding:feeding_cycle:741 - 週期2201 檢測結果: DR_F=15, 總數=28
2025-07-24 20:57:58 [INFO] AutoFeeding:feeding_cycle:768 - 找到保護區內DR_F: (-55.66, 326.31)
2025-07-24 20:57:58 [INFO] AutoFeeding:set_dr_f_available:720 - DR_F已就緒: (-55.66, 326.31), Flow1可直接讀取座標
2025-07-24 20:57:59 [DEBUG] AutoFeeding:check_flow_and_progress_status:432 - Flow監控: 1201=0, 1202=100, 阻擋=False
2025-07-24 20:57:59 [DEBUG] AutoFeeding:trigger_ccd1_detection:553 - 發送檢測指令前 - 201狀態: 9
2025-07-24 20:57:59 [DEBUG] AutoFeeding:trigger_ccd1_detection:561 - 已發送控制指令16到寄存器200
2025-07-24 20:58:00 [DEBUG] AutoFeeding:trigger_ccd1_detection:580 - CCD1檢測完成標誌確認
2025-07-24 20:58:00 [INFO] AutoFeeding:feeding_cycle:741 - 週期2202 檢測結果: DR_F=15, 總數=29
2025-07-24 20:58:00 [INFO] AutoFeeding:feeding_cycle:768 - 找到保護區內DR_F: (-55.66, 326.3)
2025-07-24 20:58:00 [INFO] AutoFeeding:set_dr_f_available:720 - DR_F已就緒: (-55.66, 326.3), Flow1可直接讀取座標
2025-07-24 20:58:01 [DEBUG] AutoFeeding:trigger_ccd1_detection:553 - 發送檢測指令前 - 201狀態: 9
2025-07-24 20:58:01 [DEBUG] AutoFeeding:trigger_ccd1_detection:561 - 已發送控制指令16到寄存器200
2025-07-24 20:58:02 [DEBUG] AutoFeeding:trigger_ccd1_detection:580 - CCD1檢測完成標誌確認
2025-07-24 20:58:02 [INFO] AutoFeeding:feeding_cycle:741 - 週期2203 檢測結果: DR_F=15, 總數=28
2025-07-24 20:58:02 [INFO] AutoFeeding:feeding_cycle:768 - 找到保護區內DR_F: (-55.66, 326.3)
2025-07-24 20:58:02 [INFO] AutoFeeding:set_dr_f_available:720 - DR_F已就緒: (-55.66, 326.3), Flow1可直接讀取座標
2025-07-24 20:58:03 [DEBUG] AutoFeeding:trigger_ccd1_detection:553 - 發送檢測指令前 - 201狀態: 9
2025-07-24 20:58:03 [DEBUG] AutoFeeding:trigger_ccd1_detection:561 - 已發送控制指令16到寄存器200
2025-07-24 20:58:04 [DEBUG] AutoFeeding:trigger_ccd1_detection:580 - CCD1檢測完成標誌確認
2025-07-24 20:58:04 [INFO] AutoFeeding:feeding_cycle:741 - 週期2204 檢測結果: DR_F=15, 總數=28
2025-07-24 20:58:04 [INFO] AutoFeeding:feeding_cycle:768 - 找到保護區內DR_F: (-55.65, 326.31)
2025-07-24 20:58:04 [INFO] AutoFeeding:set_dr_f_available:720 - DR_F已就緒: (-55.65, 326.31), Flow1可直接讀取座標
2025-07-24 20:58:05 [DEBUG] AutoFeeding:trigger_ccd1_detection:553 - 發送檢測指令前 - 201狀態: 9
2025-07-24 20:58:05 [DEBUG] AutoFeeding:trigger_ccd1_detection:561 - 已發送控制指令16到寄存器200
2025-07-24 20:58:06 [DEBUG] AutoFeeding:trigger_ccd1_detection:580 - CCD1檢測完成標誌確認
2025-07-24 20:58:06 [INFO] AutoFeeding:feeding_cycle:741 - 週期2205 檢測結果: DR_F=15, 總數=28
2025-07-24 20:58:06 [INFO] AutoFeeding:feeding_cycle:768 - 找到保護區內DR_F: (-55.66, 326.3)
2025-07-24 20:58:06 [INFO] AutoFeeding:set_dr_f_available:720 - DR_F已就緒: (-55.66, 326.3), Flow1可直接讀取座標
2025-07-24 20:58:07 [DEBUG] AutoFeeding:trigger_ccd1_detection:553 - 發送檢測指令前 - 201狀態: 9
2025-07-24 20:58:07 [DEBUG] AutoFeeding:trigger_ccd1_detection:561 - 已發送控制指令16到寄存器200
2025-07-24 20:58:08 [DEBUG] AutoFeeding:trigger_ccd1_detection:580 - CCD1檢測完成標誌確認
2025-07-24 20:58:08 [INFO] AutoFeeding:feeding_cycle:741 - 週期2206 檢測結果: DR_F=15, 總數=28
2025-07-24 20:58:08 [INFO] AutoFeeding:feeding_cycle:768 - 找到保護區內DR_F: (-55.66, 326.31)
2025-07-24 20:58:08 [INFO] AutoFeeding:set_dr_f_available:720 - DR_F已就緒: (-55.66, 326.31), Flow1可直接讀取座標
2025-07-24 20:58:09 [DEBUG] AutoFeeding:trigger_ccd1_detection:553 - 發送檢測指令前 - 201狀態: 9
2025-07-24 20:58:09 [DEBUG] AutoFeeding:trigger_ccd1_detection:561 - 已發送控制指令16到寄存器200
2025-07-24 20:58:10 [DEBUG] AutoFeeding:trigger_ccd1_detection:580 - CCD1檢測完成標誌確認
2025-07-24 20:58:10 [INFO] AutoFeeding:feeding_cycle:741 - 週期2207 檢測結果: DR_F=15, 總數=28
2025-07-24 20:58:10 [INFO] AutoFeeding:feeding_cycle:768 - 找到保護區內DR_F: (-55.66, 326.31)
2025-07-24 20:58:10 [INFO] AutoFeeding:set_dr_f_available:720 - DR_F已就緒: (-55.66, 326.31), Flow1可直接讀取座標
2025-07-24 20:58:11 [DEBUG] AutoFeeding:trigger_ccd1_detection:553 - 發送檢測指令前 - 201狀態: 9
2025-07-24 20:58:11 [DEBUG] AutoFeeding:trigger_ccd1_detection:561 - 已發送控制指令16到寄存器200
2025-07-24 20:58:12 [DEBUG] AutoFeeding:trigger_ccd1_detection:580 - CCD1檢測完成標誌確認
2025-07-24 20:58:12 [INFO] AutoFeeding:feeding_cycle:741 - 週期2208 檢測結果: DR_F=15, 總數=28
2025-07-24 20:58:12 [INFO] AutoFeeding:feeding_cycle:768 - 找到保護區內DR_F: (-55.66, 326.31)
2025-07-24 20:58:12 [INFO] AutoFeeding:set_dr_f_available:720 - DR_F已就緒: (-55.66, 326.31), Flow1可直接讀取座標
2025-07-24 20:58:13 [DEBUG] AutoFeeding:trigger_ccd1_detection:553 - 發送檢測指令前 - 201狀態: 9
2025-07-24 20:58:13 [DEBUG] AutoFeeding:trigger_ccd1_detection:561 - 已發送控制指令16到寄存器200
2025-07-24 20:58:14 [DEBUG] AutoFeeding:trigger_ccd1_detection:580 - CCD1檢測完成標誌確認
2025-07-24 20:58:14 [INFO] AutoFeeding:feeding_cycle:741 - 週期2209 檢測結果: DR_F=15, 總數=28
2025-07-24 20:58:14 [INFO] AutoFeeding:feeding_cycle:768 - 找到保護區內DR_F: (-55.66, 326.31)
2025-07-24 20:58:14 [INFO] AutoFeeding:set_dr_f_available:720 - DR_F已就緒: (-55.66, 326.31), Flow1可直接讀取座標
2025-07-24 20:58:14 [INFO] AutoFeeding:main_loop:914 - 收到中斷信號，準備退出
2025-07-24 20:58:15 [INFO] AutoFeeding:emergency_stop_vp:851 - VP緊急停止
2025-07-24 20:58:15 [INFO] AutoFeeding:stop_feeding:845 - 入料檢測已停止
2025-07-24 20:58:15 [INFO] AutoFeeding:disconnect:277 - Modbus連接已斷開
2025-07-24 20:58:15 [INFO] AutoFeeding:main_loop:923 - 程序已退出
2025-07-24 20:58:22 [INFO] AutoFeeding:__init__:220 - DR AutoFeeding獨立模組初始化 (增強版) - 基地址900
2025-07-24 20:58:22 [INFO] AutoFeeding:__init__:221 - 新增功能: 外部控制(920), VP參數(930-949), Flow4參數(950-959), 記憶體監控(906)
2025-07-24 20:58:22 [INFO] AutoFeeding:__init__:222 - 保護區域: X(-112.0 ~ -4.0mm), Y(243.0 ~ 339.21mm)
2025-07-24 20:58:22 [INFO] AutoFeeding:__init__:223 - 監控當前執行Flow地址: 1201
2025-07-24 20:58:22 [INFO] AutoFeeding:__init__:224 - 監控當前進度地址: 1202
2025-07-24 20:58:22 [INFO] AutoFeeding:connect:233 - 正在連接 127.0.0.1:502
2025-07-24 20:58:22 [INFO] AutoFeeding:connect:244 - 連接建立成功
2025-07-24 20:58:22 [INFO] AutoFeeding:check_need_initialization:281 - 檢測到關鍵寄存器全為0，需要初始化
2025-07-24 20:58:22 [INFO] AutoFeeding:connect:248 - 檢測到參數未初始化，執行硬編碼參數初始化...
2025-07-24 20:58:22 [INFO] AutoFeeding:initialize_default_parameters:294 - 開始寫入硬編碼預設參數...
2025-07-24 20:58:22 [INFO] AutoFeeding:initialize_default_parameters:310 - VP參數初始化成功 (930-939)
2025-07-24 20:58:22 [INFO] AutoFeeding:initialize_default_parameters:320 - Flow4參數初始化成功 (950-951)
2025-07-24 20:58:22 [INFO] AutoFeeding:initialize_default_parameters:338 - 系統參數初始化成功 (980-989)
2025-07-24 20:58:22 [INFO] AutoFeeding:initialize_default_parameters:345 - 硬編碼參數初始化完成
2025-07-24 20:58:22 [INFO] AutoFeeding:init_registers:428 - 寄存器初始化完成
2025-07-24 20:58:22 [INFO] AutoFeeding:start_memory_monitor:362 - 記憶體監控執行緒已啟動 (每10分鐘更新)
2025-07-24 20:58:22 [DEBUG] AutoFeeding:_memory_monitor_worker:385 - 記憶體使用量更新: 29 MB
2025-07-24 20:58:22 [INFO] AutoFeeding:main_loop:1054 - 主循環啟動 (增強版)
2025-07-24 20:58:22 [INFO] AutoFeeding:main_loop:1055 - 新增特性：
2025-07-24 20:58:22 [INFO] AutoFeeding:main_loop:1056 -   ✓ 外部控制啟動/停止 (920寄存器)
2025-07-24 20:58:22 [INFO] AutoFeeding:main_loop:1057 -   ✓ 可調整VP參數 (930-949寄存器)
2025-07-24 20:58:22 [INFO] AutoFeeding:main_loop:1058 -   ✓ 可調整Flow4參數 (950-959寄存器)
2025-07-24 20:58:22 [INFO] AutoFeeding:main_loop:1059 -   ✓ 可調整系統參數 (980-999寄存器)
2025-07-24 20:58:22 [INFO] AutoFeeding:main_loop:1060 -   ✓ 記憶體使用量監控 (906寄存器)
2025-07-24 20:58:22 [INFO] AutoFeeding:main_loop:1061 -   ✓ 自動初始化硬編碼參數
2025-07-24 20:58:22 [INFO] AutoFeeding:main_loop:1062 -   ✓ 監控當前執行Flow狀態 (1201) 和進度 (1202)
2025-07-24 20:58:22 [INFO] AutoFeeding:main_loop:1063 -   ✓ 異常數量檢測和二次重檢
2025-07-24 20:58:22 [INFO] AutoFeeding:main_loop:1064 -   ✓ 持續檢測確保DR_F可用
2025-07-24 20:58:22 [INFO] AutoFeeding:main_loop:1065 -   ✓ 簡化交握邏輯
2025-07-24 20:58:22 [INFO] AutoFeeding:main_loop:1066 -   ✓ Flow1直接讀取座標
2025-07-24 20:58:22 [INFO] AutoFeeding:main_loop:1067 -   ✓ DR保護區域: X(-112~-4mm), Y(243~339.21mm)
2025-07-24 20:58:22 [DEBUG] AutoFeeding:main_loop:1077 - 主循環 1: running=False, status=STOPPED, external_control=False, flow1_active=False, progress_blocking=False, dr_f_available=False
2025-07-24 20:58:43 [DEBUG] AutoFeeding:main_loop:1077 - 主循環 201: running=False, status=STOPPED, external_control=False, flow1_active=False, progress_blocking=False, dr_f_available=False
2025-07-24 20:59:03 [DEBUG] AutoFeeding:main_loop:1077 - 主循環 401: running=False, status=STOPPED, external_control=False, flow1_active=False, progress_blocking=False, dr_f_available=False
2025-07-24 20:59:07 [INFO] AutoFeeding:check_external_control:558 - 外部控制啟動AutoFeeding (920=1)
2025-07-24 20:59:07 [INFO] AutoFeeding:start_feeding:1024 - 啟動持續入料檢測
2025-07-24 20:59:07 [INFO] AutoFeeding:start_feeding:1025 - 目標：保持保護區域內始終有DR_F可用
2025-07-24 20:59:07 [DEBUG] AutoFeeding:check_modules_status:682 - CCD1狀態: 9 (Ready=True, Running=False, Alarm=False, Init=True)
2025-07-24 20:59:07 [DEBUG] AutoFeeding:trigger_ccd1_detection:764 - 已發送控制指令16到寄存器200
2025-07-24 20:59:08 [DEBUG] AutoFeeding:trigger_ccd1_detection:778 - CCD1檢測完成標誌確認
2025-07-24 20:59:08 [INFO] AutoFeeding:feeding_cycle:938 - 週期1 檢測結果: DR_F=15, 總數=28
2025-07-24 20:59:08 [INFO] AutoFeeding:feeding_cycle:966 - 找到保護區內DR_F: (-55.65, 326.3)
2025-07-24 20:59:08 [INFO] AutoFeeding:set_dr_f_available:917 - DR_F已就緒: (-55.65, 326.3), Flow1可直接讀取座標
2025-07-24 20:59:09 [DEBUG] AutoFeeding:check_flow_and_progress_status:634 - Flow監控: 1201=0, 1202=100, 阻擋=False
2025-07-24 20:59:09 [DEBUG] AutoFeeding:trigger_ccd1_detection:764 - 已發送控制指令16到寄存器200
2025-07-24 20:59:10 [DEBUG] AutoFeeding:trigger_ccd1_detection:778 - CCD1檢測完成標誌確認
2025-07-24 20:59:10 [INFO] AutoFeeding:feeding_cycle:938 - 週期2 檢測結果: DR_F=15, 總數=28
2025-07-24 20:59:10 [INFO] AutoFeeding:feeding_cycle:966 - 找到保護區內DR_F: (-55.65, 326.31)
2025-07-24 20:59:10 [INFO] AutoFeeding:set_dr_f_available:917 - DR_F已就緒: (-55.65, 326.31), Flow1可直接讀取座標
2025-07-24 20:59:11 [INFO] AutoFeeding:check_external_control:561 - 外部控制停止AutoFeeding (920=0)
2025-07-24 20:59:11 [INFO] AutoFeeding:emergency_stop_vp:1048 - VP緊急停止
2025-07-24 20:59:11 [INFO] AutoFeeding:stop_feeding:1042 - 入料檢測已停止
2025-07-24 20:59:28 [DEBUG] AutoFeeding:main_loop:1077 - 主循環 601: running=False, status=STOPPED, external_control=False, flow1_active=False, progress_blocking=False, dr_f_available=False
2025-07-24 20:59:49 [DEBUG] AutoFeeding:main_loop:1077 - 主循環 801: running=False, status=STOPPED, external_control=False, flow1_active=False, progress_blocking=False, dr_f_available=False
2025-07-24 21:00:09 [DEBUG] AutoFeeding:main_loop:1077 - 主循環 1001: running=False, status=STOPPED, external_control=False, flow1_active=False, progress_blocking=False, dr_f_available=False
2025-07-24 21:00:30 [DEBUG] AutoFeeding:main_loop:1077 - 主循環 1201: running=False, status=STOPPED, external_control=False, flow1_active=False, progress_blocking=False, dr_f_available=False
2025-07-24 21:00:51 [DEBUG] AutoFeeding:main_loop:1077 - 主循環 1401: running=False, status=STOPPED, external_control=False, flow1_active=False, progress_blocking=False, dr_f_available=False
2025-07-24 21:01:12 [DEBUG] AutoFeeding:main_loop:1077 - 主循環 1601: running=False, status=STOPPED, external_control=False, flow1_active=False, progress_blocking=False, dr_f_available=False
