2025-07-23 09:35:24 [INFO] DrFlow2UnloadExecutor:_load_and_validate_points:260 - Flow2正在載入外部點位檔案...
2025-07-23 09:35:24 [INFO] DrFlow2UnloadExecutor:_load_and_validate_points:278 - 所有必要點位載入成功
2025-07-23 09:35:24 [INFO] DrFlow2UnloadExecutor:build_flow_steps:339 - Flow2支援CASE參數流程步驟建構完成，共5步
2025-07-23 09:35:24 [INFO] DrFlow2UnloadExecutor:build_flow_steps:340 - 新增功能: 手勢切換 + 速度優化 + J4角度控制
2025-07-23 09:35:24 [INFO] DrFlow2UnloadExecutor:__init__:232 - DrFlow2UnloadExecutor初始化完成 (支援CASE參數版)
2025-07-23 09:35:24 [INFO] DrFlow2UnloadExecutor:__init__:233 - 精簡流程: 僅保留組裝序列，put_asm_top和put_asm_down使用Flow1角度值
2025-07-23 09:35:24 [INFO] DrFlow2UnloadExecutor:initialize:242 - Flow2執行器初始化完成 (支援CASE參數版)
2025-07-23 09:35:24 [INFO] DrFlow2UnloadExecutor:initialize:243 -   可用模組: Gripper=True
2025-07-23 09:35:24 [INFO] DrFlow2UnloadExecutor:initialize:244 -   Flow1角度數據: 可用
2025-07-23 09:37:38 [INFO] DrFlow2UnloadExecutor:execute:382 - Flow2 步驟 1/5: move_to_point_with_j4
2025-07-23 09:37:38 [DEBUG] DrFlow2UnloadExecutor:_get_flow1_angle_or_default:667 - [動態角度獲取] 成功獲取Flow1角度: 119.05°
2025-07-23 09:37:38 [INFO] DrFlow2UnloadExecutor:_execute_move_to_point_with_j4:566 - 移動到點位 put_asm_top (動態角度獲取)
2025-07-23 09:37:38 [DEBUG] DrFlow2UnloadExecutor:_execute_move_to_point_with_j4:567 -   關節角度: (j1:-84.2, j2:-29.6, j3:177.3, j4:119.0)
2025-07-23 09:37:38 [DEBUG] DrFlow2UnloadExecutor:_execute_move_to_point_with_j4:568 -   角度來源: flow1_direct
2025-07-23 09:37:38 [DEBUG] DrFlow2UnloadExecutor:_execute_move_to_point_with_j4:569 -   運動參數: speed_j=100, acc_j=100, tool=0
2025-07-23 09:37:38 [INFO] DrFlow2UnloadExecutor:_execute_move_to_point_with_j4:592 -   移動到 put_asm_top 成功 (J4:119.0°)
2025-07-23 09:37:38 [INFO] DrFlow2UnloadExecutor:execute:382 - Flow2 步驟 2/5: move_to_point_with_j4
2025-07-23 09:37:38 [DEBUG] DrFlow2UnloadExecutor:_get_flow1_angle_or_default:667 - [動態角度獲取] 成功獲取Flow1角度: 119.05°
2025-07-23 09:37:38 [INFO] DrFlow2UnloadExecutor:_execute_move_to_point_with_j4:566 - 移動到點位 put_asm_down (動態角度獲取)
2025-07-23 09:37:38 [DEBUG] DrFlow2UnloadExecutor:_execute_move_to_point_with_j4:567 -   關節角度: (j1:-84.2, j2:-29.6, j3:155.6, j4:119.0)
2025-07-23 09:37:38 [DEBUG] DrFlow2UnloadExecutor:_execute_move_to_point_with_j4:568 -   角度來源: flow1_direct
2025-07-23 09:37:38 [DEBUG] DrFlow2UnloadExecutor:_execute_move_to_point_with_j4:569 -   運動參數: speed_j=100, acc_j=100, tool=0
2025-07-23 09:37:39 [INFO] DrFlow2UnloadExecutor:_execute_move_to_point_with_j4:590 -   移動到 put_asm_down 成功 (J4:119.0°) (含Sync)
2025-07-23 09:37:39 [INFO] DrFlow2UnloadExecutor:execute:382 - Flow2 步驟 3/5: gripper_close
2025-07-23 09:37:39 [INFO] DrFlow2UnloadExecutor:_execute_gripper_close:831 - 夾爪關閉成功
2025-07-23 09:37:39 [INFO] DrFlow2UnloadExecutor:execute:382 - Flow2 步驟 4/5: move_to_point_with_j4
2025-07-23 09:37:39 [DEBUG] DrFlow2UnloadExecutor:_get_flow1_angle_or_default:667 - [動態角度獲取] 成功獲取Flow1角度: 119.05°
2025-07-23 09:37:39 [INFO] DrFlow2UnloadExecutor:_execute_move_to_point_with_j4:566 - 移動到點位 put_asm_top (動態角度獲取)
2025-07-23 09:37:39 [DEBUG] DrFlow2UnloadExecutor:_execute_move_to_point_with_j4:567 -   關節角度: (j1:-84.2, j2:-29.6, j3:177.3, j4:119.0)
2025-07-23 09:37:39 [DEBUG] DrFlow2UnloadExecutor:_execute_move_to_point_with_j4:568 -   角度來源: flow1_direct
2025-07-23 09:37:39 [DEBUG] DrFlow2UnloadExecutor:_execute_move_to_point_with_j4:569 -   運動參數: speed_j=100, acc_j=100, tool=0
2025-07-23 09:37:39 [INFO] DrFlow2UnloadExecutor:_execute_move_to_point_with_j4:592 -   移動到 put_asm_top 成功 (J4:119.0°)
2025-07-23 09:37:39 [INFO] DrFlow2UnloadExecutor:execute:382 - Flow2 步驟 5/5: move_to_point
2025-07-23 09:37:39 [INFO] DrFlow2UnloadExecutor:_execute_move_to_point_with_parameters:479 - 移動到點位 standby (J)
2025-07-23 09:37:39 [DEBUG] DrFlow2UnloadExecutor:_execute_move_to_point_with_parameters:480 -   關節角度: (j1:-2.7, j2:86.0, j3:238.0, j4:0.1)
2025-07-23 09:37:39 [DEBUG] DrFlow2UnloadExecutor:_execute_move_to_point_with_parameters:481 -   笛卡爾座標: (223.14, 189.28, 238.86, 83.37)
2025-07-23 09:37:39 [DEBUG] DrFlow2UnloadExecutor:_execute_move_to_point_with_parameters:482 -   運動參數: speed_j=100, acc_j=100, speed_l=80, acc_l=80, tool=0
2025-07-23 09:37:39 [INFO] DrFlow2UnloadExecutor:_execute_move_to_point_with_parameters:535 -   移動到 standby 成功 (J)
2025-07-23 09:37:39 [INFO] DrFlow2UnloadExecutor:execute:426 - Flow2執行完成！總耗時: 0.82秒
2025-07-23 09:37:39 [INFO] DrFlow2UnloadExecutor:execute:427 - 精簡組裝流程完成
2025-07-23 09:37:39 [INFO] DrFlow2UnloadExecutor:execute:429 - 角度控制: 目標角度=74.05°, 指令角度=119.05°
2025-07-23 09:37:39 [INFO] DrFlow2UnloadExecutor:execute:430 - 角度來源: flow1_direct
2025-07-23 09:37:39 [INFO] DrFlow2UnloadExecutor:execute:431 - J4角度應用: put_asm_top和put_asm_down都使用指令角度119.05°
2025-07-23 09:37:51 [INFO] DrFlow2UnloadExecutor:execute:382 - Flow2 步驟 1/5: move_to_point_with_j4
2025-07-23 09:37:51 [DEBUG] DrFlow2UnloadExecutor:_get_flow1_angle_or_default:667 - [動態角度獲取] 成功獲取Flow1角度: 76.03°
2025-07-23 09:37:51 [INFO] DrFlow2UnloadExecutor:_execute_move_to_point_with_j4:566 - 移動到點位 put_asm_top (動態角度獲取)
2025-07-23 09:37:51 [DEBUG] DrFlow2UnloadExecutor:_execute_move_to_point_with_j4:567 -   關節角度: (j1:-84.2, j2:-29.6, j3:177.3, j4:76.0)
2025-07-23 09:37:51 [DEBUG] DrFlow2UnloadExecutor:_execute_move_to_point_with_j4:568 -   角度來源: flow1_direct
2025-07-23 09:37:51 [DEBUG] DrFlow2UnloadExecutor:_execute_move_to_point_with_j4:569 -   運動參數: speed_j=100, acc_j=100, tool=0
2025-07-23 09:37:51 [INFO] DrFlow2UnloadExecutor:_execute_move_to_point_with_j4:592 -   移動到 put_asm_top 成功 (J4:76.0°)
2025-07-23 09:37:51 [INFO] DrFlow2UnloadExecutor:execute:382 - Flow2 步驟 2/5: move_to_point_with_j4
2025-07-23 09:37:51 [DEBUG] DrFlow2UnloadExecutor:_get_flow1_angle_or_default:667 - [動態角度獲取] 成功獲取Flow1角度: 76.03°
2025-07-23 09:37:51 [INFO] DrFlow2UnloadExecutor:_execute_move_to_point_with_j4:566 - 移動到點位 put_asm_down (動態角度獲取)
2025-07-23 09:37:51 [DEBUG] DrFlow2UnloadExecutor:_execute_move_to_point_with_j4:567 -   關節角度: (j1:-84.2, j2:-29.6, j3:155.6, j4:76.0)
2025-07-23 09:37:51 [DEBUG] DrFlow2UnloadExecutor:_execute_move_to_point_with_j4:568 -   角度來源: flow1_direct
2025-07-23 09:37:51 [DEBUG] DrFlow2UnloadExecutor:_execute_move_to_point_with_j4:569 -   運動參數: speed_j=100, acc_j=100, tool=0
2025-07-23 09:37:51 [INFO] DrFlow2UnloadExecutor:_execute_move_to_point_with_j4:590 -   移動到 put_asm_down 成功 (J4:76.0°) (含Sync)
2025-07-23 09:37:51 [INFO] DrFlow2UnloadExecutor:execute:382 - Flow2 步驟 3/5: gripper_close
2025-07-23 09:37:51 [INFO] DrFlow2UnloadExecutor:_execute_gripper_close:831 - 夾爪關閉成功
2025-07-23 09:37:51 [INFO] DrFlow2UnloadExecutor:execute:382 - Flow2 步驟 4/5: move_to_point_with_j4
2025-07-23 09:37:51 [DEBUG] DrFlow2UnloadExecutor:_get_flow1_angle_or_default:667 - [動態角度獲取] 成功獲取Flow1角度: 76.03°
2025-07-23 09:37:51 [INFO] DrFlow2UnloadExecutor:_execute_move_to_point_with_j4:566 - 移動到點位 put_asm_top (動態角度獲取)
2025-07-23 09:37:51 [DEBUG] DrFlow2UnloadExecutor:_execute_move_to_point_with_j4:567 -   關節角度: (j1:-84.2, j2:-29.6, j3:177.3, j4:76.0)
2025-07-23 09:37:51 [DEBUG] DrFlow2UnloadExecutor:_execute_move_to_point_with_j4:568 -   角度來源: flow1_direct
2025-07-23 09:37:51 [DEBUG] DrFlow2UnloadExecutor:_execute_move_to_point_with_j4:569 -   運動參數: speed_j=100, acc_j=100, tool=0
2025-07-23 09:37:51 [INFO] DrFlow2UnloadExecutor:_execute_move_to_point_with_j4:592 -   移動到 put_asm_top 成功 (J4:76.0°)
2025-07-23 09:37:51 [INFO] DrFlow2UnloadExecutor:execute:382 - Flow2 步驟 5/5: move_to_point
2025-07-23 09:37:51 [INFO] DrFlow2UnloadExecutor:_execute_move_to_point_with_parameters:479 - 移動到點位 standby (J)
2025-07-23 09:37:51 [DEBUG] DrFlow2UnloadExecutor:_execute_move_to_point_with_parameters:480 -   關節角度: (j1:-2.7, j2:86.0, j3:238.0, j4:0.1)
2025-07-23 09:37:51 [DEBUG] DrFlow2UnloadExecutor:_execute_move_to_point_with_parameters:481 -   笛卡爾座標: (223.14, 189.28, 238.86, 83.37)
2025-07-23 09:37:51 [DEBUG] DrFlow2UnloadExecutor:_execute_move_to_point_with_parameters:482 -   運動參數: speed_j=100, acc_j=100, speed_l=80, acc_l=80, tool=0
2025-07-23 09:37:52 [INFO] DrFlow2UnloadExecutor:_execute_move_to_point_with_parameters:535 -   移動到 standby 成功 (J)
2025-07-23 09:37:52 [INFO] DrFlow2UnloadExecutor:execute:426 - Flow2執行完成！總耗時: 0.80秒
2025-07-23 09:37:52 [INFO] DrFlow2UnloadExecutor:execute:427 - 精簡組裝流程完成
2025-07-23 09:37:52 [INFO] DrFlow2UnloadExecutor:execute:429 - 角度控制: 目標角度=31.03°, 指令角度=76.03°
2025-07-23 09:37:52 [INFO] DrFlow2UnloadExecutor:execute:430 - 角度來源: flow1_direct
2025-07-23 09:37:52 [INFO] DrFlow2UnloadExecutor:execute:431 - J4角度應用: put_asm_top和put_asm_down都使用指令角度76.03°
2025-07-23 09:38:01 [INFO] DrFlow2UnloadExecutor:execute:382 - Flow2 步驟 1/5: move_to_point_with_j4
2025-07-23 09:38:01 [DEBUG] DrFlow2UnloadExecutor:_get_flow1_angle_or_default:667 - [動態角度獲取] 成功獲取Flow1角度: 134.13°
2025-07-23 09:38:01 [INFO] DrFlow2UnloadExecutor:_execute_move_to_point_with_j4:566 - 移動到點位 put_asm_top (動態角度獲取)
2025-07-23 09:38:01 [DEBUG] DrFlow2UnloadExecutor:_execute_move_to_point_with_j4:567 -   關節角度: (j1:-84.2, j2:-29.6, j3:177.3, j4:134.1)
2025-07-23 09:38:01 [DEBUG] DrFlow2UnloadExecutor:_execute_move_to_point_with_j4:568 -   角度來源: flow1_direct
2025-07-23 09:38:01 [DEBUG] DrFlow2UnloadExecutor:_execute_move_to_point_with_j4:569 -   運動參數: speed_j=100, acc_j=100, tool=0
2025-07-23 09:38:02 [INFO] DrFlow2UnloadExecutor:_execute_move_to_point_with_j4:592 -   移動到 put_asm_top 成功 (J4:134.1°)
2025-07-23 09:38:02 [INFO] DrFlow2UnloadExecutor:execute:382 - Flow2 步驟 2/5: move_to_point_with_j4
2025-07-23 09:38:02 [DEBUG] DrFlow2UnloadExecutor:_get_flow1_angle_or_default:667 - [動態角度獲取] 成功獲取Flow1角度: 134.13°
2025-07-23 09:38:02 [INFO] DrFlow2UnloadExecutor:_execute_move_to_point_with_j4:566 - 移動到點位 put_asm_down (動態角度獲取)
2025-07-23 09:38:02 [DEBUG] DrFlow2UnloadExecutor:_execute_move_to_point_with_j4:567 -   關節角度: (j1:-84.2, j2:-29.6, j3:155.6, j4:134.1)
2025-07-23 09:38:02 [DEBUG] DrFlow2UnloadExecutor:_execute_move_to_point_with_j4:568 -   角度來源: flow1_direct
2025-07-23 09:38:02 [DEBUG] DrFlow2UnloadExecutor:_execute_move_to_point_with_j4:569 -   運動參數: speed_j=100, acc_j=100, tool=0
2025-07-23 09:38:02 [INFO] DrFlow2UnloadExecutor:_execute_move_to_point_with_j4:590 -   移動到 put_asm_down 成功 (J4:134.1°) (含Sync)
2025-07-23 09:38:02 [INFO] DrFlow2UnloadExecutor:execute:382 - Flow2 步驟 3/5: gripper_close
2025-07-23 09:38:02 [INFO] DrFlow2UnloadExecutor:_execute_gripper_close:831 - 夾爪關閉成功
2025-07-23 09:38:02 [INFO] DrFlow2UnloadExecutor:execute:382 - Flow2 步驟 4/5: move_to_point_with_j4
2025-07-23 09:38:02 [DEBUG] DrFlow2UnloadExecutor:_get_flow1_angle_or_default:667 - [動態角度獲取] 成功獲取Flow1角度: 134.13°
2025-07-23 09:38:02 [INFO] DrFlow2UnloadExecutor:_execute_move_to_point_with_j4:566 - 移動到點位 put_asm_top (動態角度獲取)
2025-07-23 09:38:02 [DEBUG] DrFlow2UnloadExecutor:_execute_move_to_point_with_j4:567 -   關節角度: (j1:-84.2, j2:-29.6, j3:177.3, j4:134.1)
2025-07-23 09:38:02 [DEBUG] DrFlow2UnloadExecutor:_execute_move_to_point_with_j4:568 -   角度來源: flow1_direct
2025-07-23 09:38:02 [DEBUG] DrFlow2UnloadExecutor:_execute_move_to_point_with_j4:569 -   運動參數: speed_j=100, acc_j=100, tool=0
2025-07-23 09:38:02 [INFO] DrFlow2UnloadExecutor:_execute_move_to_point_with_j4:592 -   移動到 put_asm_top 成功 (J4:134.1°)
2025-07-23 09:38:02 [INFO] DrFlow2UnloadExecutor:execute:382 - Flow2 步驟 5/5: move_to_point
2025-07-23 09:38:02 [INFO] DrFlow2UnloadExecutor:_execute_move_to_point_with_parameters:479 - 移動到點位 standby (J)
2025-07-23 09:38:02 [DEBUG] DrFlow2UnloadExecutor:_execute_move_to_point_with_parameters:480 -   關節角度: (j1:-2.7, j2:86.0, j3:238.0, j4:0.1)
2025-07-23 09:38:02 [DEBUG] DrFlow2UnloadExecutor:_execute_move_to_point_with_parameters:481 -   笛卡爾座標: (223.14, 189.28, 238.86, 83.37)
2025-07-23 09:38:02 [DEBUG] DrFlow2UnloadExecutor:_execute_move_to_point_with_parameters:482 -   運動參數: speed_j=100, acc_j=100, speed_l=80, acc_l=80, tool=0
2025-07-23 09:38:02 [INFO] DrFlow2UnloadExecutor:_execute_move_to_point_with_parameters:535 -   移動到 standby 成功 (J)
2025-07-23 09:38:02 [INFO] DrFlow2UnloadExecutor:execute:426 - Flow2執行完成！總耗時: 0.81秒
2025-07-23 09:38:02 [INFO] DrFlow2UnloadExecutor:execute:427 - 精簡組裝流程完成
2025-07-23 09:38:02 [INFO] DrFlow2UnloadExecutor:execute:429 - 角度控制: 目標角度=89.13°, 指令角度=134.13°
2025-07-23 09:38:02 [INFO] DrFlow2UnloadExecutor:execute:430 - 角度來源: flow1_direct
2025-07-23 09:38:02 [INFO] DrFlow2UnloadExecutor:execute:431 - J4角度應用: put_asm_top和put_asm_down都使用指令角度134.13°
2025-07-23 09:43:55 [INFO] DrFlow2UnloadExecutor:execute:382 - Flow2 步驟 1/5: move_to_point_with_j4
2025-07-23 09:43:55 [DEBUG] DrFlow2UnloadExecutor:_get_flow1_angle_or_default:667 - [動態角度獲取] 成功獲取Flow1角度: 95.11°
2025-07-23 09:43:55 [INFO] DrFlow2UnloadExecutor:_execute_move_to_point_with_j4:566 - 移動到點位 put_asm_top (動態角度獲取)
2025-07-23 09:43:55 [DEBUG] DrFlow2UnloadExecutor:_execute_move_to_point_with_j4:567 -   關節角度: (j1:-84.2, j2:-29.6, j3:177.3, j4:95.1)
2025-07-23 09:43:55 [DEBUG] DrFlow2UnloadExecutor:_execute_move_to_point_with_j4:568 -   角度來源: flow1_direct
2025-07-23 09:43:55 [DEBUG] DrFlow2UnloadExecutor:_execute_move_to_point_with_j4:569 -   運動參數: speed_j=100, acc_j=100, tool=0
2025-07-23 09:43:55 [INFO] DrFlow2UnloadExecutor:_execute_move_to_point_with_j4:592 -   移動到 put_asm_top 成功 (J4:95.1°)
2025-07-23 09:43:55 [INFO] DrFlow2UnloadExecutor:execute:382 - Flow2 步驟 2/5: move_to_point_with_j4
2025-07-23 09:43:55 [DEBUG] DrFlow2UnloadExecutor:_get_flow1_angle_or_default:667 - [動態角度獲取] 成功獲取Flow1角度: 95.11°
2025-07-23 09:43:55 [INFO] DrFlow2UnloadExecutor:_execute_move_to_point_with_j4:566 - 移動到點位 put_asm_down (動態角度獲取)
2025-07-23 09:43:55 [DEBUG] DrFlow2UnloadExecutor:_execute_move_to_point_with_j4:567 -   關節角度: (j1:-84.2, j2:-29.6, j3:155.6, j4:95.1)
2025-07-23 09:43:55 [DEBUG] DrFlow2UnloadExecutor:_execute_move_to_point_with_j4:568 -   角度來源: flow1_direct
2025-07-23 09:43:55 [DEBUG] DrFlow2UnloadExecutor:_execute_move_to_point_with_j4:569 -   運動參數: speed_j=100, acc_j=100, tool=0
2025-07-23 09:43:55 [INFO] DrFlow2UnloadExecutor:_execute_move_to_point_with_j4:590 -   移動到 put_asm_down 成功 (J4:95.1°) (含Sync)
2025-07-23 09:43:55 [INFO] DrFlow2UnloadExecutor:execute:382 - Flow2 步驟 3/5: gripper_close
2025-07-23 09:43:55 [INFO] DrFlow2UnloadExecutor:_execute_gripper_close:831 - 夾爪關閉成功
2025-07-23 09:43:55 [INFO] DrFlow2UnloadExecutor:execute:382 - Flow2 步驟 4/5: move_to_point_with_j4
2025-07-23 09:43:55 [DEBUG] DrFlow2UnloadExecutor:_get_flow1_angle_or_default:667 - [動態角度獲取] 成功獲取Flow1角度: 95.11°
2025-07-23 09:43:55 [INFO] DrFlow2UnloadExecutor:_execute_move_to_point_with_j4:566 - 移動到點位 put_asm_top (動態角度獲取)
2025-07-23 09:43:55 [DEBUG] DrFlow2UnloadExecutor:_execute_move_to_point_with_j4:567 -   關節角度: (j1:-84.2, j2:-29.6, j3:177.3, j4:95.1)
2025-07-23 09:43:55 [DEBUG] DrFlow2UnloadExecutor:_execute_move_to_point_with_j4:568 -   角度來源: flow1_direct
2025-07-23 09:43:55 [DEBUG] DrFlow2UnloadExecutor:_execute_move_to_point_with_j4:569 -   運動參數: speed_j=100, acc_j=100, tool=0
2025-07-23 09:43:55 [INFO] DrFlow2UnloadExecutor:_execute_move_to_point_with_j4:592 -   移動到 put_asm_top 成功 (J4:95.1°)
2025-07-23 09:43:55 [INFO] DrFlow2UnloadExecutor:execute:382 - Flow2 步驟 5/5: move_to_point
2025-07-23 09:43:55 [INFO] DrFlow2UnloadExecutor:_execute_move_to_point_with_parameters:479 - 移動到點位 standby (J)
2025-07-23 09:43:55 [DEBUG] DrFlow2UnloadExecutor:_execute_move_to_point_with_parameters:480 -   關節角度: (j1:-2.7, j2:86.0, j3:238.0, j4:0.1)
2025-07-23 09:43:55 [DEBUG] DrFlow2UnloadExecutor:_execute_move_to_point_with_parameters:481 -   笛卡爾座標: (223.14, 189.28, 238.86, 83.37)
2025-07-23 09:43:55 [DEBUG] DrFlow2UnloadExecutor:_execute_move_to_point_with_parameters:482 -   運動參數: speed_j=100, acc_j=100, speed_l=80, acc_l=80, tool=0
2025-07-23 09:43:55 [INFO] DrFlow2UnloadExecutor:_execute_move_to_point_with_parameters:535 -   移動到 standby 成功 (J)
2025-07-23 09:43:55 [INFO] DrFlow2UnloadExecutor:execute:426 - Flow2執行完成！總耗時: 0.80秒
2025-07-23 09:43:55 [INFO] DrFlow2UnloadExecutor:execute:427 - 精簡組裝流程完成
2025-07-23 09:43:55 [INFO] DrFlow2UnloadExecutor:execute:429 - 角度控制: 目標角度=50.11°, 指令角度=95.11°
2025-07-23 09:43:55 [INFO] DrFlow2UnloadExecutor:execute:430 - 角度來源: flow1_direct
2025-07-23 09:43:55 [INFO] DrFlow2UnloadExecutor:execute:431 - J4角度應用: put_asm_top和put_asm_down都使用指令角度95.11°
2025-07-23 09:44:03 [INFO] DrFlow2UnloadExecutor:execute:382 - Flow2 步驟 1/5: move_to_point_with_j4
2025-07-23 09:44:03 [DEBUG] DrFlow2UnloadExecutor:_get_flow1_angle_or_default:667 - [動態角度獲取] 成功獲取Flow1角度: 129.84°
2025-07-23 09:44:03 [INFO] DrFlow2UnloadExecutor:_execute_move_to_point_with_j4:566 - 移動到點位 put_asm_top (動態角度獲取)
2025-07-23 09:44:03 [DEBUG] DrFlow2UnloadExecutor:_execute_move_to_point_with_j4:567 -   關節角度: (j1:-84.2, j2:-29.6, j3:177.3, j4:129.8)
2025-07-23 09:44:03 [DEBUG] DrFlow2UnloadExecutor:_execute_move_to_point_with_j4:568 -   角度來源: flow1_direct
2025-07-23 09:44:03 [DEBUG] DrFlow2UnloadExecutor:_execute_move_to_point_with_j4:569 -   運動參數: speed_j=100, acc_j=100, tool=0
2025-07-23 09:44:03 [INFO] DrFlow2UnloadExecutor:_execute_move_to_point_with_j4:592 -   移動到 put_asm_top 成功 (J4:129.8°)
2025-07-23 09:44:03 [INFO] DrFlow2UnloadExecutor:execute:382 - Flow2 步驟 2/5: move_to_point_with_j4
2025-07-23 09:44:03 [DEBUG] DrFlow2UnloadExecutor:_get_flow1_angle_or_default:667 - [動態角度獲取] 成功獲取Flow1角度: 129.84°
2025-07-23 09:44:03 [INFO] DrFlow2UnloadExecutor:_execute_move_to_point_with_j4:566 - 移動到點位 put_asm_down (動態角度獲取)
2025-07-23 09:44:03 [DEBUG] DrFlow2UnloadExecutor:_execute_move_to_point_with_j4:567 -   關節角度: (j1:-84.2, j2:-29.6, j3:155.6, j4:129.8)
2025-07-23 09:44:03 [DEBUG] DrFlow2UnloadExecutor:_execute_move_to_point_with_j4:568 -   角度來源: flow1_direct
2025-07-23 09:44:03 [DEBUG] DrFlow2UnloadExecutor:_execute_move_to_point_with_j4:569 -   運動參數: speed_j=100, acc_j=100, tool=0
2025-07-23 09:44:04 [INFO] DrFlow2UnloadExecutor:_execute_move_to_point_with_j4:590 -   移動到 put_asm_down 成功 (J4:129.8°) (含Sync)
2025-07-23 09:44:04 [INFO] DrFlow2UnloadExecutor:execute:382 - Flow2 步驟 3/5: gripper_close
2025-07-23 09:44:04 [INFO] DrFlow2UnloadExecutor:_execute_gripper_close:831 - 夾爪關閉成功
2025-07-23 09:44:04 [INFO] DrFlow2UnloadExecutor:execute:382 - Flow2 步驟 4/5: move_to_point_with_j4
2025-07-23 09:44:04 [DEBUG] DrFlow2UnloadExecutor:_get_flow1_angle_or_default:667 - [動態角度獲取] 成功獲取Flow1角度: 129.84°
2025-07-23 09:44:04 [INFO] DrFlow2UnloadExecutor:_execute_move_to_point_with_j4:566 - 移動到點位 put_asm_top (動態角度獲取)
2025-07-23 09:44:04 [DEBUG] DrFlow2UnloadExecutor:_execute_move_to_point_with_j4:567 -   關節角度: (j1:-84.2, j2:-29.6, j3:177.3, j4:129.8)
2025-07-23 09:44:04 [DEBUG] DrFlow2UnloadExecutor:_execute_move_to_point_with_j4:568 -   角度來源: flow1_direct
2025-07-23 09:44:04 [DEBUG] DrFlow2UnloadExecutor:_execute_move_to_point_with_j4:569 -   運動參數: speed_j=100, acc_j=100, tool=0
2025-07-23 09:44:04 [INFO] DrFlow2UnloadExecutor:_execute_move_to_point_with_j4:592 -   移動到 put_asm_top 成功 (J4:129.8°)
2025-07-23 09:44:04 [INFO] DrFlow2UnloadExecutor:execute:382 - Flow2 步驟 5/5: move_to_point
2025-07-23 09:44:04 [INFO] DrFlow2UnloadExecutor:_execute_move_to_point_with_parameters:479 - 移動到點位 standby (J)
2025-07-23 09:44:04 [DEBUG] DrFlow2UnloadExecutor:_execute_move_to_point_with_parameters:480 -   關節角度: (j1:-2.7, j2:86.0, j3:238.0, j4:0.1)
2025-07-23 09:44:04 [DEBUG] DrFlow2UnloadExecutor:_execute_move_to_point_with_parameters:481 -   笛卡爾座標: (223.14, 189.28, 238.86, 83.37)
2025-07-23 09:44:04 [DEBUG] DrFlow2UnloadExecutor:_execute_move_to_point_with_parameters:482 -   運動參數: speed_j=100, acc_j=100, speed_l=80, acc_l=80, tool=0
2025-07-23 09:44:04 [INFO] DrFlow2UnloadExecutor:_execute_move_to_point_with_parameters:535 -   移動到 standby 成功 (J)
2025-07-23 09:44:04 [INFO] DrFlow2UnloadExecutor:execute:426 - Flow2執行完成！總耗時: 1.07秒
2025-07-23 09:44:04 [INFO] DrFlow2UnloadExecutor:execute:427 - 精簡組裝流程完成
2025-07-23 09:44:04 [INFO] DrFlow2UnloadExecutor:execute:429 - 角度控制: 目標角度=84.84°, 指令角度=129.84°
2025-07-23 09:44:04 [INFO] DrFlow2UnloadExecutor:execute:430 - 角度來源: flow1_direct
2025-07-23 09:44:04 [INFO] DrFlow2UnloadExecutor:execute:431 - J4角度應用: put_asm_top和put_asm_down都使用指令角度129.84°
2025-07-23 09:44:11 [INFO] DrFlow2UnloadExecutor:execute:382 - Flow2 步驟 1/5: move_to_point_with_j4
2025-07-23 09:44:11 [DEBUG] DrFlow2UnloadExecutor:_get_flow1_angle_or_default:667 - [動態角度獲取] 成功獲取Flow1角度: 58.71°
2025-07-23 09:44:11 [INFO] DrFlow2UnloadExecutor:_execute_move_to_point_with_j4:566 - 移動到點位 put_asm_top (動態角度獲取)
2025-07-23 09:44:11 [DEBUG] DrFlow2UnloadExecutor:_execute_move_to_point_with_j4:567 -   關節角度: (j1:-84.2, j2:-29.6, j3:177.3, j4:58.7)
2025-07-23 09:44:11 [DEBUG] DrFlow2UnloadExecutor:_execute_move_to_point_with_j4:568 -   角度來源: flow1_direct
2025-07-23 09:44:11 [DEBUG] DrFlow2UnloadExecutor:_execute_move_to_point_with_j4:569 -   運動參數: speed_j=100, acc_j=100, tool=0
2025-07-23 09:44:11 [INFO] DrFlow2UnloadExecutor:_execute_move_to_point_with_j4:592 -   移動到 put_asm_top 成功 (J4:58.7°)
2025-07-23 09:44:11 [INFO] DrFlow2UnloadExecutor:execute:382 - Flow2 步驟 2/5: move_to_point_with_j4
2025-07-23 09:44:11 [DEBUG] DrFlow2UnloadExecutor:_get_flow1_angle_or_default:667 - [動態角度獲取] 成功獲取Flow1角度: 58.71°
2025-07-23 09:44:11 [INFO] DrFlow2UnloadExecutor:_execute_move_to_point_with_j4:566 - 移動到點位 put_asm_down (動態角度獲取)
2025-07-23 09:44:11 [DEBUG] DrFlow2UnloadExecutor:_execute_move_to_point_with_j4:567 -   關節角度: (j1:-84.2, j2:-29.6, j3:155.6, j4:58.7)
2025-07-23 09:44:11 [DEBUG] DrFlow2UnloadExecutor:_execute_move_to_point_with_j4:568 -   角度來源: flow1_direct
2025-07-23 09:44:11 [DEBUG] DrFlow2UnloadExecutor:_execute_move_to_point_with_j4:569 -   運動參數: speed_j=100, acc_j=100, tool=0
2025-07-23 09:44:12 [INFO] DrFlow2UnloadExecutor:_execute_move_to_point_with_j4:590 -   移動到 put_asm_down 成功 (J4:58.7°) (含Sync)
2025-07-23 09:44:12 [INFO] DrFlow2UnloadExecutor:execute:382 - Flow2 步驟 3/5: gripper_close
2025-07-23 09:44:12 [INFO] DrFlow2UnloadExecutor:_execute_gripper_close:831 - 夾爪關閉成功
2025-07-23 09:44:12 [INFO] DrFlow2UnloadExecutor:execute:382 - Flow2 步驟 4/5: move_to_point_with_j4
2025-07-23 09:44:12 [DEBUG] DrFlow2UnloadExecutor:_get_flow1_angle_or_default:667 - [動態角度獲取] 成功獲取Flow1角度: 58.71°
2025-07-23 09:44:12 [INFO] DrFlow2UnloadExecutor:_execute_move_to_point_with_j4:566 - 移動到點位 put_asm_top (動態角度獲取)
2025-07-23 09:44:12 [DEBUG] DrFlow2UnloadExecutor:_execute_move_to_point_with_j4:567 -   關節角度: (j1:-84.2, j2:-29.6, j3:177.3, j4:58.7)
2025-07-23 09:44:12 [DEBUG] DrFlow2UnloadExecutor:_execute_move_to_point_with_j4:568 -   角度來源: flow1_direct
2025-07-23 09:44:12 [DEBUG] DrFlow2UnloadExecutor:_execute_move_to_point_with_j4:569 -   運動參數: speed_j=100, acc_j=100, tool=0
2025-07-23 09:44:12 [INFO] DrFlow2UnloadExecutor:_execute_move_to_point_with_j4:592 -   移動到 put_asm_top 成功 (J4:58.7°)
2025-07-23 09:44:12 [INFO] DrFlow2UnloadExecutor:execute:382 - Flow2 步驟 5/5: move_to_point
2025-07-23 09:44:12 [INFO] DrFlow2UnloadExecutor:_execute_move_to_point_with_parameters:479 - 移動到點位 standby (J)
2025-07-23 09:44:12 [DEBUG] DrFlow2UnloadExecutor:_execute_move_to_point_with_parameters:480 -   關節角度: (j1:-2.7, j2:86.0, j3:238.0, j4:0.1)
2025-07-23 09:44:12 [DEBUG] DrFlow2UnloadExecutor:_execute_move_to_point_with_parameters:481 -   笛卡爾座標: (223.14, 189.28, 238.86, 83.37)
2025-07-23 09:44:12 [DEBUG] DrFlow2UnloadExecutor:_execute_move_to_point_with_parameters:482 -   運動參數: speed_j=100, acc_j=100, speed_l=80, acc_l=80, tool=0
2025-07-23 09:44:12 [INFO] DrFlow2UnloadExecutor:_execute_move_to_point_with_parameters:535 -   移動到 standby 成功 (J)
2025-07-23 09:44:12 [INFO] DrFlow2UnloadExecutor:execute:426 - Flow2執行完成！總耗時: 1.19秒
2025-07-23 09:44:12 [INFO] DrFlow2UnloadExecutor:execute:427 - 精簡組裝流程完成
2025-07-23 09:44:12 [INFO] DrFlow2UnloadExecutor:execute:429 - 角度控制: 目標角度=13.71°, 指令角度=58.71°
2025-07-23 09:44:12 [INFO] DrFlow2UnloadExecutor:execute:430 - 角度來源: flow1_direct
2025-07-23 09:44:12 [INFO] DrFlow2UnloadExecutor:execute:431 - J4角度應用: put_asm_top和put_asm_down都使用指令角度58.71°
2025-07-23 09:47:37 [INFO] DrFlow2UnloadExecutor:execute:382 - Flow2 步驟 1/5: move_to_point_with_j4
2025-07-23 09:47:37 [DEBUG] DrFlow2UnloadExecutor:_get_flow1_angle_or_default:667 - [動態角度獲取] 成功獲取Flow1角度: 126.25°
2025-07-23 09:47:37 [INFO] DrFlow2UnloadExecutor:_execute_move_to_point_with_j4:566 - 移動到點位 put_asm_top (動態角度獲取)
2025-07-23 09:47:37 [DEBUG] DrFlow2UnloadExecutor:_execute_move_to_point_with_j4:567 -   關節角度: (j1:-84.2, j2:-29.6, j3:177.3, j4:126.2)
2025-07-23 09:47:37 [DEBUG] DrFlow2UnloadExecutor:_execute_move_to_point_with_j4:568 -   角度來源: flow1_direct
2025-07-23 09:47:37 [DEBUG] DrFlow2UnloadExecutor:_execute_move_to_point_with_j4:569 -   運動參數: speed_j=100, acc_j=100, tool=0
2025-07-23 09:47:37 [INFO] DrFlow2UnloadExecutor:_execute_move_to_point_with_j4:592 -   移動到 put_asm_top 成功 (J4:126.2°)
2025-07-23 09:47:37 [INFO] DrFlow2UnloadExecutor:execute:382 - Flow2 步驟 2/5: move_to_point_with_j4
2025-07-23 09:47:37 [DEBUG] DrFlow2UnloadExecutor:_get_flow1_angle_or_default:667 - [動態角度獲取] 成功獲取Flow1角度: 126.25°
2025-07-23 09:47:37 [INFO] DrFlow2UnloadExecutor:_execute_move_to_point_with_j4:566 - 移動到點位 put_asm_down (動態角度獲取)
2025-07-23 09:47:37 [DEBUG] DrFlow2UnloadExecutor:_execute_move_to_point_with_j4:567 -   關節角度: (j1:-84.2, j2:-29.6, j3:155.6, j4:126.2)
2025-07-23 09:47:37 [DEBUG] DrFlow2UnloadExecutor:_execute_move_to_point_with_j4:568 -   角度來源: flow1_direct
2025-07-23 09:47:37 [DEBUG] DrFlow2UnloadExecutor:_execute_move_to_point_with_j4:569 -   運動參數: speed_j=100, acc_j=100, tool=0
2025-07-23 09:47:38 [INFO] DrFlow2UnloadExecutor:_execute_move_to_point_with_j4:590 -   移動到 put_asm_down 成功 (J4:126.2°) (含Sync)
2025-07-23 09:47:38 [INFO] DrFlow2UnloadExecutor:execute:382 - Flow2 步驟 3/5: gripper_close
2025-07-23 09:47:38 [INFO] DrFlow2UnloadExecutor:_execute_gripper_close:831 - 夾爪關閉成功
2025-07-23 09:47:38 [INFO] DrFlow2UnloadExecutor:execute:382 - Flow2 步驟 4/5: move_to_point_with_j4
2025-07-23 09:47:38 [DEBUG] DrFlow2UnloadExecutor:_get_flow1_angle_or_default:667 - [動態角度獲取] 成功獲取Flow1角度: 126.25°
2025-07-23 09:47:38 [INFO] DrFlow2UnloadExecutor:_execute_move_to_point_with_j4:566 - 移動到點位 put_asm_top (動態角度獲取)
2025-07-23 09:47:38 [DEBUG] DrFlow2UnloadExecutor:_execute_move_to_point_with_j4:567 -   關節角度: (j1:-84.2, j2:-29.6, j3:177.3, j4:126.2)
2025-07-23 09:47:38 [DEBUG] DrFlow2UnloadExecutor:_execute_move_to_point_with_j4:568 -   角度來源: flow1_direct
2025-07-23 09:47:38 [DEBUG] DrFlow2UnloadExecutor:_execute_move_to_point_with_j4:569 -   運動參數: speed_j=100, acc_j=100, tool=0
2025-07-23 09:47:38 [INFO] DrFlow2UnloadExecutor:_execute_move_to_point_with_j4:592 -   移動到 put_asm_top 成功 (J4:126.2°)
2025-07-23 09:47:38 [INFO] DrFlow2UnloadExecutor:execute:382 - Flow2 步驟 5/5: move_to_point
2025-07-23 09:47:38 [INFO] DrFlow2UnloadExecutor:_execute_move_to_point_with_parameters:479 - 移動到點位 standby (J)
2025-07-23 09:47:38 [DEBUG] DrFlow2UnloadExecutor:_execute_move_to_point_with_parameters:480 -   關節角度: (j1:-2.7, j2:86.0, j3:238.0, j4:0.1)
2025-07-23 09:47:38 [DEBUG] DrFlow2UnloadExecutor:_execute_move_to_point_with_parameters:481 -   笛卡爾座標: (223.14, 189.28, 238.86, 83.37)
2025-07-23 09:47:38 [DEBUG] DrFlow2UnloadExecutor:_execute_move_to_point_with_parameters:482 -   運動參數: speed_j=100, acc_j=100, speed_l=80, acc_l=80, tool=0
2025-07-23 09:47:38 [INFO] DrFlow2UnloadExecutor:_execute_move_to_point_with_parameters:535 -   移動到 standby 成功 (J)
2025-07-23 09:47:38 [INFO] DrFlow2UnloadExecutor:execute:426 - Flow2執行完成！總耗時: 0.83秒
2025-07-23 09:47:38 [INFO] DrFlow2UnloadExecutor:execute:427 - 精簡組裝流程完成
2025-07-23 09:47:38 [INFO] DrFlow2UnloadExecutor:execute:429 - 角度控制: 目標角度=81.25°, 指令角度=126.25°
2025-07-23 09:47:38 [INFO] DrFlow2UnloadExecutor:execute:430 - 角度來源: flow1_direct
2025-07-23 09:47:38 [INFO] DrFlow2UnloadExecutor:execute:431 - J4角度應用: put_asm_top和put_asm_down都使用指令角度126.25°
2025-07-23 09:47:46 [INFO] DrFlow2UnloadExecutor:execute:382 - Flow2 步驟 1/5: move_to_point_with_j4
2025-07-23 09:47:46 [DEBUG] DrFlow2UnloadExecutor:_get_flow1_angle_or_default:667 - [動態角度獲取] 成功獲取Flow1角度: 88.08°
2025-07-23 09:47:46 [INFO] DrFlow2UnloadExecutor:_execute_move_to_point_with_j4:566 - 移動到點位 put_asm_top (動態角度獲取)
2025-07-23 09:47:46 [DEBUG] DrFlow2UnloadExecutor:_execute_move_to_point_with_j4:567 -   關節角度: (j1:-84.2, j2:-29.6, j3:177.3, j4:88.1)
2025-07-23 09:47:46 [DEBUG] DrFlow2UnloadExecutor:_execute_move_to_point_with_j4:568 -   角度來源: flow1_direct
2025-07-23 09:47:46 [DEBUG] DrFlow2UnloadExecutor:_execute_move_to_point_with_j4:569 -   運動參數: speed_j=100, acc_j=100, tool=0
2025-07-23 09:47:46 [INFO] DrFlow2UnloadExecutor:_execute_move_to_point_with_j4:592 -   移動到 put_asm_top 成功 (J4:88.1°)
2025-07-23 09:47:46 [INFO] DrFlow2UnloadExecutor:execute:382 - Flow2 步驟 2/5: move_to_point_with_j4
2025-07-23 09:47:46 [DEBUG] DrFlow2UnloadExecutor:_get_flow1_angle_or_default:667 - [動態角度獲取] 成功獲取Flow1角度: 88.08°
2025-07-23 09:47:46 [INFO] DrFlow2UnloadExecutor:_execute_move_to_point_with_j4:566 - 移動到點位 put_asm_down (動態角度獲取)
2025-07-23 09:47:46 [DEBUG] DrFlow2UnloadExecutor:_execute_move_to_point_with_j4:567 -   關節角度: (j1:-84.2, j2:-29.6, j3:155.6, j4:88.1)
2025-07-23 09:47:46 [DEBUG] DrFlow2UnloadExecutor:_execute_move_to_point_with_j4:568 -   角度來源: flow1_direct
2025-07-23 09:47:46 [DEBUG] DrFlow2UnloadExecutor:_execute_move_to_point_with_j4:569 -   運動參數: speed_j=100, acc_j=100, tool=0
2025-07-23 09:47:46 [INFO] DrFlow2UnloadExecutor:_execute_move_to_point_with_j4:590 -   移動到 put_asm_down 成功 (J4:88.1°) (含Sync)
2025-07-23 09:47:46 [INFO] DrFlow2UnloadExecutor:execute:382 - Flow2 步驟 3/5: gripper_close
2025-07-23 09:47:46 [INFO] DrFlow2UnloadExecutor:_execute_gripper_close:831 - 夾爪關閉成功
2025-07-23 09:47:46 [INFO] DrFlow2UnloadExecutor:execute:382 - Flow2 步驟 4/5: move_to_point_with_j4
2025-07-23 09:47:46 [DEBUG] DrFlow2UnloadExecutor:_get_flow1_angle_or_default:667 - [動態角度獲取] 成功獲取Flow1角度: 88.08°
2025-07-23 09:47:46 [INFO] DrFlow2UnloadExecutor:_execute_move_to_point_with_j4:566 - 移動到點位 put_asm_top (動態角度獲取)
2025-07-23 09:47:46 [DEBUG] DrFlow2UnloadExecutor:_execute_move_to_point_with_j4:567 -   關節角度: (j1:-84.2, j2:-29.6, j3:177.3, j4:88.1)
2025-07-23 09:47:46 [DEBUG] DrFlow2UnloadExecutor:_execute_move_to_point_with_j4:568 -   角度來源: flow1_direct
2025-07-23 09:47:46 [DEBUG] DrFlow2UnloadExecutor:_execute_move_to_point_with_j4:569 -   運動參數: speed_j=100, acc_j=100, tool=0
2025-07-23 09:47:46 [INFO] DrFlow2UnloadExecutor:_execute_move_to_point_with_j4:592 -   移動到 put_asm_top 成功 (J4:88.1°)
2025-07-23 09:47:46 [INFO] DrFlow2UnloadExecutor:execute:382 - Flow2 步驟 5/5: move_to_point
2025-07-23 09:47:46 [INFO] DrFlow2UnloadExecutor:_execute_move_to_point_with_parameters:479 - 移動到點位 standby (J)
2025-07-23 09:47:46 [DEBUG] DrFlow2UnloadExecutor:_execute_move_to_point_with_parameters:480 -   關節角度: (j1:-2.7, j2:86.0, j3:238.0, j4:0.1)
2025-07-23 09:47:46 [DEBUG] DrFlow2UnloadExecutor:_execute_move_to_point_with_parameters:481 -   笛卡爾座標: (223.14, 189.28, 238.86, 83.37)
2025-07-23 09:47:46 [DEBUG] DrFlow2UnloadExecutor:_execute_move_to_point_with_parameters:482 -   運動參數: speed_j=100, acc_j=100, speed_l=80, acc_l=80, tool=0
2025-07-23 09:47:46 [INFO] DrFlow2UnloadExecutor:_execute_move_to_point_with_parameters:535 -   移動到 standby 成功 (J)
2025-07-23 09:47:46 [INFO] DrFlow2UnloadExecutor:execute:426 - Flow2執行完成！總耗時: 0.85秒
2025-07-23 09:47:46 [INFO] DrFlow2UnloadExecutor:execute:427 - 精簡組裝流程完成
2025-07-23 09:47:46 [INFO] DrFlow2UnloadExecutor:execute:429 - 角度控制: 目標角度=43.08°, 指令角度=88.08°
2025-07-23 09:47:46 [INFO] DrFlow2UnloadExecutor:execute:430 - 角度來源: flow1_direct
2025-07-23 09:47:46 [INFO] DrFlow2UnloadExecutor:execute:431 - J4角度應用: put_asm_top和put_asm_down都使用指令角度88.08°
2025-07-23 09:47:54 [INFO] DrFlow2UnloadExecutor:execute:382 - Flow2 步驟 1/5: move_to_point_with_j4
2025-07-23 09:47:54 [DEBUG] DrFlow2UnloadExecutor:_get_flow1_angle_or_default:667 - [動態角度獲取] 成功獲取Flow1角度: 90.62°
2025-07-23 09:47:54 [INFO] DrFlow2UnloadExecutor:_execute_move_to_point_with_j4:566 - 移動到點位 put_asm_top (動態角度獲取)
2025-07-23 09:47:54 [DEBUG] DrFlow2UnloadExecutor:_execute_move_to_point_with_j4:567 -   關節角度: (j1:-84.2, j2:-29.6, j3:177.3, j4:90.6)
2025-07-23 09:47:54 [DEBUG] DrFlow2UnloadExecutor:_execute_move_to_point_with_j4:568 -   角度來源: flow1_direct
2025-07-23 09:47:54 [DEBUG] DrFlow2UnloadExecutor:_execute_move_to_point_with_j4:569 -   運動參數: speed_j=100, acc_j=100, tool=0
2025-07-23 09:47:54 [INFO] DrFlow2UnloadExecutor:_execute_move_to_point_with_j4:592 -   移動到 put_asm_top 成功 (J4:90.6°)
2025-07-23 09:47:54 [INFO] DrFlow2UnloadExecutor:execute:382 - Flow2 步驟 2/5: move_to_point_with_j4
2025-07-23 09:47:54 [DEBUG] DrFlow2UnloadExecutor:_get_flow1_angle_or_default:667 - [動態角度獲取] 成功獲取Flow1角度: 90.62°
2025-07-23 09:47:54 [INFO] DrFlow2UnloadExecutor:_execute_move_to_point_with_j4:566 - 移動到點位 put_asm_down (動態角度獲取)
2025-07-23 09:47:54 [DEBUG] DrFlow2UnloadExecutor:_execute_move_to_point_with_j4:567 -   關節角度: (j1:-84.2, j2:-29.6, j3:155.6, j4:90.6)
2025-07-23 09:47:54 [DEBUG] DrFlow2UnloadExecutor:_execute_move_to_point_with_j4:568 -   角度來源: flow1_direct
2025-07-23 09:47:54 [DEBUG] DrFlow2UnloadExecutor:_execute_move_to_point_with_j4:569 -   運動參數: speed_j=100, acc_j=100, tool=0
2025-07-23 09:47:54 [INFO] DrFlow2UnloadExecutor:_execute_move_to_point_with_j4:590 -   移動到 put_asm_down 成功 (J4:90.6°) (含Sync)
2025-07-23 09:47:54 [INFO] DrFlow2UnloadExecutor:execute:382 - Flow2 步驟 3/5: gripper_close
2025-07-23 09:47:54 [INFO] DrFlow2UnloadExecutor:_execute_gripper_close:831 - 夾爪關閉成功
2025-07-23 09:47:54 [INFO] DrFlow2UnloadExecutor:execute:382 - Flow2 步驟 4/5: move_to_point_with_j4
2025-07-23 09:47:54 [DEBUG] DrFlow2UnloadExecutor:_get_flow1_angle_or_default:667 - [動態角度獲取] 成功獲取Flow1角度: 90.62°
2025-07-23 09:47:54 [INFO] DrFlow2UnloadExecutor:_execute_move_to_point_with_j4:566 - 移動到點位 put_asm_top (動態角度獲取)
2025-07-23 09:47:54 [DEBUG] DrFlow2UnloadExecutor:_execute_move_to_point_with_j4:567 -   關節角度: (j1:-84.2, j2:-29.6, j3:177.3, j4:90.6)
2025-07-23 09:47:54 [DEBUG] DrFlow2UnloadExecutor:_execute_move_to_point_with_j4:568 -   角度來源: flow1_direct
2025-07-23 09:47:54 [DEBUG] DrFlow2UnloadExecutor:_execute_move_to_point_with_j4:569 -   運動參數: speed_j=100, acc_j=100, tool=0
2025-07-23 09:47:55 [INFO] DrFlow2UnloadExecutor:_execute_move_to_point_with_j4:592 -   移動到 put_asm_top 成功 (J4:90.6°)
2025-07-23 09:47:55 [INFO] DrFlow2UnloadExecutor:execute:382 - Flow2 步驟 5/5: move_to_point
2025-07-23 09:47:55 [INFO] DrFlow2UnloadExecutor:_execute_move_to_point_with_parameters:479 - 移動到點位 standby (J)
2025-07-23 09:47:55 [DEBUG] DrFlow2UnloadExecutor:_execute_move_to_point_with_parameters:480 -   關節角度: (j1:-2.7, j2:86.0, j3:238.0, j4:0.1)
2025-07-23 09:47:55 [DEBUG] DrFlow2UnloadExecutor:_execute_move_to_point_with_parameters:481 -   笛卡爾座標: (223.14, 189.28, 238.86, 83.37)
2025-07-23 09:47:55 [DEBUG] DrFlow2UnloadExecutor:_execute_move_to_point_with_parameters:482 -   運動參數: speed_j=100, acc_j=100, speed_l=80, acc_l=80, tool=0
2025-07-23 09:47:55 [INFO] DrFlow2UnloadExecutor:_execute_move_to_point_with_parameters:535 -   移動到 standby 成功 (J)
2025-07-23 09:47:55 [INFO] DrFlow2UnloadExecutor:execute:426 - Flow2執行完成！總耗時: 1.03秒
2025-07-23 09:47:55 [INFO] DrFlow2UnloadExecutor:execute:427 - 精簡組裝流程完成
2025-07-23 09:47:55 [INFO] DrFlow2UnloadExecutor:execute:429 - 角度控制: 目標角度=45.62°, 指令角度=90.62°
2025-07-23 09:47:55 [INFO] DrFlow2UnloadExecutor:execute:430 - 角度來源: flow1_direct
2025-07-23 09:47:55 [INFO] DrFlow2UnloadExecutor:execute:431 - J4角度應用: put_asm_top和put_asm_down都使用指令角度90.62°
2025-07-23 09:48:02 [INFO] DrFlow2UnloadExecutor:execute:382 - Flow2 步驟 1/5: move_to_point_with_j4
2025-07-23 09:48:02 [DEBUG] DrFlow2UnloadExecutor:_get_flow1_angle_or_default:667 - [動態角度獲取] 成功獲取Flow1角度: 111.08°
2025-07-23 09:48:02 [INFO] DrFlow2UnloadExecutor:_execute_move_to_point_with_j4:566 - 移動到點位 put_asm_top (動態角度獲取)
2025-07-23 09:48:02 [DEBUG] DrFlow2UnloadExecutor:_execute_move_to_point_with_j4:567 -   關節角度: (j1:-84.2, j2:-29.6, j3:177.3, j4:111.1)
2025-07-23 09:48:02 [DEBUG] DrFlow2UnloadExecutor:_execute_move_to_point_with_j4:568 -   角度來源: flow1_direct
2025-07-23 09:48:02 [DEBUG] DrFlow2UnloadExecutor:_execute_move_to_point_with_j4:569 -   運動參數: speed_j=100, acc_j=100, tool=0
2025-07-23 09:48:02 [INFO] DrFlow2UnloadExecutor:_execute_move_to_point_with_j4:592 -   移動到 put_asm_top 成功 (J4:111.1°)
2025-07-23 09:48:02 [INFO] DrFlow2UnloadExecutor:execute:382 - Flow2 步驟 2/5: move_to_point_with_j4
2025-07-23 09:48:02 [DEBUG] DrFlow2UnloadExecutor:_get_flow1_angle_or_default:667 - [動態角度獲取] 成功獲取Flow1角度: 111.08°
2025-07-23 09:48:02 [INFO] DrFlow2UnloadExecutor:_execute_move_to_point_with_j4:566 - 移動到點位 put_asm_down (動態角度獲取)
2025-07-23 09:48:02 [DEBUG] DrFlow2UnloadExecutor:_execute_move_to_point_with_j4:567 -   關節角度: (j1:-84.2, j2:-29.6, j3:155.6, j4:111.1)
2025-07-23 09:48:02 [DEBUG] DrFlow2UnloadExecutor:_execute_move_to_point_with_j4:568 -   角度來源: flow1_direct
2025-07-23 09:48:02 [DEBUG] DrFlow2UnloadExecutor:_execute_move_to_point_with_j4:569 -   運動參數: speed_j=100, acc_j=100, tool=0
2025-07-23 09:48:03 [INFO] DrFlow2UnloadExecutor:_execute_move_to_point_with_j4:590 -   移動到 put_asm_down 成功 (J4:111.1°) (含Sync)
2025-07-23 09:48:03 [INFO] DrFlow2UnloadExecutor:execute:382 - Flow2 步驟 3/5: gripper_close
2025-07-23 09:48:03 [INFO] DrFlow2UnloadExecutor:_execute_gripper_close:831 - 夾爪關閉成功
2025-07-23 09:48:03 [INFO] DrFlow2UnloadExecutor:execute:382 - Flow2 步驟 4/5: move_to_point_with_j4
2025-07-23 09:48:03 [DEBUG] DrFlow2UnloadExecutor:_get_flow1_angle_or_default:667 - [動態角度獲取] 成功獲取Flow1角度: 111.08°
2025-07-23 09:48:03 [INFO] DrFlow2UnloadExecutor:_execute_move_to_point_with_j4:566 - 移動到點位 put_asm_top (動態角度獲取)
2025-07-23 09:48:03 [DEBUG] DrFlow2UnloadExecutor:_execute_move_to_point_with_j4:567 -   關節角度: (j1:-84.2, j2:-29.6, j3:177.3, j4:111.1)
2025-07-23 09:48:03 [DEBUG] DrFlow2UnloadExecutor:_execute_move_to_point_with_j4:568 -   角度來源: flow1_direct
2025-07-23 09:48:03 [DEBUG] DrFlow2UnloadExecutor:_execute_move_to_point_with_j4:569 -   運動參數: speed_j=100, acc_j=100, tool=0
2025-07-23 09:48:03 [INFO] DrFlow2UnloadExecutor:_execute_move_to_point_with_j4:592 -   移動到 put_asm_top 成功 (J4:111.1°)
2025-07-23 09:48:03 [INFO] DrFlow2UnloadExecutor:execute:382 - Flow2 步驟 5/5: move_to_point
2025-07-23 09:48:03 [INFO] DrFlow2UnloadExecutor:_execute_move_to_point_with_parameters:479 - 移動到點位 standby (J)
2025-07-23 09:48:03 [DEBUG] DrFlow2UnloadExecutor:_execute_move_to_point_with_parameters:480 -   關節角度: (j1:-2.7, j2:86.0, j3:238.0, j4:0.1)
2025-07-23 09:48:03 [DEBUG] DrFlow2UnloadExecutor:_execute_move_to_point_with_parameters:481 -   笛卡爾座標: (223.14, 189.28, 238.86, 83.37)
2025-07-23 09:48:03 [DEBUG] DrFlow2UnloadExecutor:_execute_move_to_point_with_parameters:482 -   運動參數: speed_j=100, acc_j=100, speed_l=80, acc_l=80, tool=0
2025-07-23 09:48:03 [INFO] DrFlow2UnloadExecutor:_execute_move_to_point_with_parameters:535 -   移動到 standby 成功 (J)
2025-07-23 09:48:03 [INFO] DrFlow2UnloadExecutor:execute:426 - Flow2執行完成！總耗時: 1.17秒
2025-07-23 09:48:03 [INFO] DrFlow2UnloadExecutor:execute:427 - 精簡組裝流程完成
2025-07-23 09:48:03 [INFO] DrFlow2UnloadExecutor:execute:429 - 角度控制: 目標角度=66.08°, 指令角度=111.08°
2025-07-23 09:48:03 [INFO] DrFlow2UnloadExecutor:execute:430 - 角度來源: flow1_direct
2025-07-23 09:48:03 [INFO] DrFlow2UnloadExecutor:execute:431 - J4角度應用: put_asm_top和put_asm_down都使用指令角度111.08°
2025-07-23 09:48:19 [INFO] DrFlow2UnloadExecutor:execute:382 - Flow2 步驟 1/5: move_to_point_with_j4
2025-07-23 09:48:19 [DEBUG] DrFlow2UnloadExecutor:_get_flow1_angle_or_default:667 - [動態角度獲取] 成功獲取Flow1角度: 80.38°
2025-07-23 09:48:19 [INFO] DrFlow2UnloadExecutor:_execute_move_to_point_with_j4:566 - 移動到點位 put_asm_top (動態角度獲取)
2025-07-23 09:48:19 [DEBUG] DrFlow2UnloadExecutor:_execute_move_to_point_with_j4:567 -   關節角度: (j1:-84.2, j2:-29.6, j3:177.3, j4:80.4)
2025-07-23 09:48:19 [DEBUG] DrFlow2UnloadExecutor:_execute_move_to_point_with_j4:568 -   角度來源: flow1_direct
2025-07-23 09:48:19 [DEBUG] DrFlow2UnloadExecutor:_execute_move_to_point_with_j4:569 -   運動參數: speed_j=100, acc_j=100, tool=0
2025-07-23 09:48:19 [INFO] DrFlow2UnloadExecutor:_execute_move_to_point_with_j4:592 -   移動到 put_asm_top 成功 (J4:80.4°)
2025-07-23 09:48:19 [INFO] DrFlow2UnloadExecutor:execute:382 - Flow2 步驟 2/5: move_to_point_with_j4
2025-07-23 09:48:19 [DEBUG] DrFlow2UnloadExecutor:_get_flow1_angle_or_default:667 - [動態角度獲取] 成功獲取Flow1角度: 80.38°
2025-07-23 09:48:19 [INFO] DrFlow2UnloadExecutor:_execute_move_to_point_with_j4:566 - 移動到點位 put_asm_down (動態角度獲取)
2025-07-23 09:48:19 [DEBUG] DrFlow2UnloadExecutor:_execute_move_to_point_with_j4:567 -   關節角度: (j1:-84.2, j2:-29.6, j3:155.6, j4:80.4)
2025-07-23 09:48:19 [DEBUG] DrFlow2UnloadExecutor:_execute_move_to_point_with_j4:568 -   角度來源: flow1_direct
2025-07-23 09:48:19 [DEBUG] DrFlow2UnloadExecutor:_execute_move_to_point_with_j4:569 -   運動參數: speed_j=100, acc_j=100, tool=0
2025-07-23 09:48:19 [INFO] DrFlow2UnloadExecutor:_execute_move_to_point_with_j4:590 -   移動到 put_asm_down 成功 (J4:80.4°) (含Sync)
2025-07-23 09:48:19 [INFO] DrFlow2UnloadExecutor:execute:382 - Flow2 步驟 3/5: gripper_close
2025-07-23 09:48:19 [INFO] DrFlow2UnloadExecutor:_execute_gripper_close:831 - 夾爪關閉成功
2025-07-23 09:48:19 [INFO] DrFlow2UnloadExecutor:execute:382 - Flow2 步驟 4/5: move_to_point_with_j4
2025-07-23 09:48:19 [DEBUG] DrFlow2UnloadExecutor:_get_flow1_angle_or_default:667 - [動態角度獲取] 成功獲取Flow1角度: 80.38°
2025-07-23 09:48:19 [INFO] DrFlow2UnloadExecutor:_execute_move_to_point_with_j4:566 - 移動到點位 put_asm_top (動態角度獲取)
2025-07-23 09:48:19 [DEBUG] DrFlow2UnloadExecutor:_execute_move_to_point_with_j4:567 -   關節角度: (j1:-84.2, j2:-29.6, j3:177.3, j4:80.4)
2025-07-23 09:48:19 [DEBUG] DrFlow2UnloadExecutor:_execute_move_to_point_with_j4:568 -   角度來源: flow1_direct
2025-07-23 09:48:19 [DEBUG] DrFlow2UnloadExecutor:_execute_move_to_point_with_j4:569 -   運動參數: speed_j=100, acc_j=100, tool=0
2025-07-23 09:48:19 [INFO] DrFlow2UnloadExecutor:_execute_move_to_point_with_j4:592 -   移動到 put_asm_top 成功 (J4:80.4°)
2025-07-23 09:48:19 [INFO] DrFlow2UnloadExecutor:execute:382 - Flow2 步驟 5/5: move_to_point
2025-07-23 09:48:19 [INFO] DrFlow2UnloadExecutor:_execute_move_to_point_with_parameters:479 - 移動到點位 standby (J)
2025-07-23 09:48:19 [DEBUG] DrFlow2UnloadExecutor:_execute_move_to_point_with_parameters:480 -   關節角度: (j1:-2.7, j2:86.0, j3:238.0, j4:0.1)
2025-07-23 09:48:19 [DEBUG] DrFlow2UnloadExecutor:_execute_move_to_point_with_parameters:481 -   笛卡爾座標: (223.14, 189.28, 238.86, 83.37)
2025-07-23 09:48:19 [DEBUG] DrFlow2UnloadExecutor:_execute_move_to_point_with_parameters:482 -   運動參數: speed_j=100, acc_j=100, speed_l=80, acc_l=80, tool=0
2025-07-23 09:48:19 [INFO] DrFlow2UnloadExecutor:_execute_move_to_point_with_parameters:535 -   移動到 standby 成功 (J)
2025-07-23 09:48:19 [INFO] DrFlow2UnloadExecutor:execute:426 - Flow2執行完成！總耗時: 0.78秒
2025-07-23 09:48:19 [INFO] DrFlow2UnloadExecutor:execute:427 - 精簡組裝流程完成
2025-07-23 09:48:19 [INFO] DrFlow2UnloadExecutor:execute:429 - 角度控制: 目標角度=35.38°, 指令角度=80.38°
2025-07-23 09:48:19 [INFO] DrFlow2UnloadExecutor:execute:430 - 角度來源: flow1_direct
2025-07-23 09:48:19 [INFO] DrFlow2UnloadExecutor:execute:431 - J4角度應用: put_asm_top和put_asm_down都使用指令角度80.38°
2025-07-23 10:05:39 [INFO] DrFlow2UnloadExecutor:execute:382 - Flow2 步驟 1/5: move_to_point_with_j4
2025-07-23 10:05:39 [DEBUG] DrFlow2UnloadExecutor:_get_flow1_angle_or_default:667 - [動態角度獲取] 成功獲取Flow1角度: 63.71°
2025-07-23 10:05:39 [INFO] DrFlow2UnloadExecutor:_execute_move_to_point_with_j4:566 - 移動到點位 put_asm_top (動態角度獲取)
2025-07-23 10:05:39 [DEBUG] DrFlow2UnloadExecutor:_execute_move_to_point_with_j4:567 -   關節角度: (j1:-84.2, j2:-29.6, j3:177.3, j4:63.7)
2025-07-23 10:05:39 [DEBUG] DrFlow2UnloadExecutor:_execute_move_to_point_with_j4:568 -   角度來源: flow1_direct
2025-07-23 10:05:39 [DEBUG] DrFlow2UnloadExecutor:_execute_move_to_point_with_j4:569 -   運動參數: speed_j=100, acc_j=100, tool=0
2025-07-23 10:05:39 [INFO] DrFlow2UnloadExecutor:_execute_move_to_point_with_j4:592 -   移動到 put_asm_top 成功 (J4:63.7°)
2025-07-23 10:05:39 [INFO] DrFlow2UnloadExecutor:execute:382 - Flow2 步驟 2/5: move_to_point_with_j4
2025-07-23 10:05:39 [DEBUG] DrFlow2UnloadExecutor:_get_flow1_angle_or_default:667 - [動態角度獲取] 成功獲取Flow1角度: 63.71°
2025-07-23 10:05:39 [INFO] DrFlow2UnloadExecutor:_execute_move_to_point_with_j4:566 - 移動到點位 put_asm_down (動態角度獲取)
2025-07-23 10:05:39 [DEBUG] DrFlow2UnloadExecutor:_execute_move_to_point_with_j4:567 -   關節角度: (j1:-84.2, j2:-29.6, j3:155.6, j4:63.7)
2025-07-23 10:05:39 [DEBUG] DrFlow2UnloadExecutor:_execute_move_to_point_with_j4:568 -   角度來源: flow1_direct
2025-07-23 10:05:39 [DEBUG] DrFlow2UnloadExecutor:_execute_move_to_point_with_j4:569 -   運動參數: speed_j=100, acc_j=100, tool=0
2025-07-23 10:05:39 [INFO] DrFlow2UnloadExecutor:_execute_move_to_point_with_j4:590 -   移動到 put_asm_down 成功 (J4:63.7°) (含Sync)
2025-07-23 10:05:39 [INFO] DrFlow2UnloadExecutor:execute:382 - Flow2 步驟 3/5: gripper_close
2025-07-23 10:05:39 [INFO] DrFlow2UnloadExecutor:_execute_gripper_close:831 - 夾爪關閉成功
2025-07-23 10:05:39 [INFO] DrFlow2UnloadExecutor:execute:382 - Flow2 步驟 4/5: move_to_point_with_j4
2025-07-23 10:05:39 [DEBUG] DrFlow2UnloadExecutor:_get_flow1_angle_or_default:667 - [動態角度獲取] 成功獲取Flow1角度: 63.71°
2025-07-23 10:05:39 [INFO] DrFlow2UnloadExecutor:_execute_move_to_point_with_j4:566 - 移動到點位 put_asm_top (動態角度獲取)
2025-07-23 10:05:39 [DEBUG] DrFlow2UnloadExecutor:_execute_move_to_point_with_j4:567 -   關節角度: (j1:-84.2, j2:-29.6, j3:177.3, j4:63.7)
2025-07-23 10:05:39 [DEBUG] DrFlow2UnloadExecutor:_execute_move_to_point_with_j4:568 -   角度來源: flow1_direct
2025-07-23 10:05:39 [DEBUG] DrFlow2UnloadExecutor:_execute_move_to_point_with_j4:569 -   運動參數: speed_j=100, acc_j=100, tool=0
2025-07-23 10:05:39 [INFO] DrFlow2UnloadExecutor:_execute_move_to_point_with_j4:592 -   移動到 put_asm_top 成功 (J4:63.7°)
2025-07-23 10:05:39 [INFO] DrFlow2UnloadExecutor:execute:382 - Flow2 步驟 5/5: move_to_point
2025-07-23 10:05:39 [INFO] DrFlow2UnloadExecutor:_execute_move_to_point_with_parameters:479 - 移動到點位 standby (J)
2025-07-23 10:05:39 [DEBUG] DrFlow2UnloadExecutor:_execute_move_to_point_with_parameters:480 -   關節角度: (j1:-2.7, j2:86.0, j3:238.0, j4:0.1)
2025-07-23 10:05:39 [DEBUG] DrFlow2UnloadExecutor:_execute_move_to_point_with_parameters:481 -   笛卡爾座標: (223.14, 189.28, 238.86, 83.37)
2025-07-23 10:05:39 [DEBUG] DrFlow2UnloadExecutor:_execute_move_to_point_with_parameters:482 -   運動參數: speed_j=100, acc_j=100, speed_l=80, acc_l=80, tool=0
2025-07-23 10:05:39 [INFO] DrFlow2UnloadExecutor:_execute_move_to_point_with_parameters:535 -   移動到 standby 成功 (J)
2025-07-23 10:05:39 [INFO] DrFlow2UnloadExecutor:execute:426 - Flow2執行完成！總耗時: 0.80秒
2025-07-23 10:05:39 [INFO] DrFlow2UnloadExecutor:execute:427 - 精簡組裝流程完成
2025-07-23 10:05:39 [INFO] DrFlow2UnloadExecutor:execute:429 - 角度控制: 目標角度=18.71°, 指令角度=63.71°
2025-07-23 10:05:39 [INFO] DrFlow2UnloadExecutor:execute:430 - 角度來源: flow1_direct
2025-07-23 10:05:39 [INFO] DrFlow2UnloadExecutor:execute:431 - J4角度應用: put_asm_top和put_asm_down都使用指令角度63.71°
2025-07-23 10:05:47 [INFO] DrFlow2UnloadExecutor:execute:382 - Flow2 步驟 1/5: move_to_point_with_j4
2025-07-23 10:05:47 [DEBUG] DrFlow2UnloadExecutor:_get_flow1_angle_or_default:667 - [動態角度獲取] 成功獲取Flow1角度: 79.30°
2025-07-23 10:05:47 [INFO] DrFlow2UnloadExecutor:_execute_move_to_point_with_j4:566 - 移動到點位 put_asm_top (動態角度獲取)
2025-07-23 10:05:47 [DEBUG] DrFlow2UnloadExecutor:_execute_move_to_point_with_j4:567 -   關節角度: (j1:-84.2, j2:-29.6, j3:177.3, j4:79.3)
2025-07-23 10:05:47 [DEBUG] DrFlow2UnloadExecutor:_execute_move_to_point_with_j4:568 -   角度來源: flow1_direct
2025-07-23 10:05:47 [DEBUG] DrFlow2UnloadExecutor:_execute_move_to_point_with_j4:569 -   運動參數: speed_j=100, acc_j=100, tool=0
2025-07-23 10:05:47 [INFO] DrFlow2UnloadExecutor:_execute_move_to_point_with_j4:592 -   移動到 put_asm_top 成功 (J4:79.3°)
2025-07-23 10:05:47 [INFO] DrFlow2UnloadExecutor:execute:382 - Flow2 步驟 2/5: move_to_point_with_j4
2025-07-23 10:05:47 [DEBUG] DrFlow2UnloadExecutor:_get_flow1_angle_or_default:667 - [動態角度獲取] 成功獲取Flow1角度: 79.30°
2025-07-23 10:05:47 [INFO] DrFlow2UnloadExecutor:_execute_move_to_point_with_j4:566 - 移動到點位 put_asm_down (動態角度獲取)
2025-07-23 10:05:47 [DEBUG] DrFlow2UnloadExecutor:_execute_move_to_point_with_j4:567 -   關節角度: (j1:-84.2, j2:-29.6, j3:155.6, j4:79.3)
2025-07-23 10:05:47 [DEBUG] DrFlow2UnloadExecutor:_execute_move_to_point_with_j4:568 -   角度來源: flow1_direct
2025-07-23 10:05:47 [DEBUG] DrFlow2UnloadExecutor:_execute_move_to_point_with_j4:569 -   運動參數: speed_j=100, acc_j=100, tool=0
2025-07-23 10:05:47 [INFO] DrFlow2UnloadExecutor:_execute_move_to_point_with_j4:590 -   移動到 put_asm_down 成功 (J4:79.3°) (含Sync)
2025-07-23 10:05:47 [INFO] DrFlow2UnloadExecutor:execute:382 - Flow2 步驟 3/5: gripper_close
2025-07-23 10:05:47 [INFO] DrFlow2UnloadExecutor:_execute_gripper_close:831 - 夾爪關閉成功
2025-07-23 10:05:47 [INFO] DrFlow2UnloadExecutor:execute:382 - Flow2 步驟 4/5: move_to_point_with_j4
2025-07-23 10:05:47 [DEBUG] DrFlow2UnloadExecutor:_get_flow1_angle_or_default:667 - [動態角度獲取] 成功獲取Flow1角度: 79.30°
2025-07-23 10:05:47 [INFO] DrFlow2UnloadExecutor:_execute_move_to_point_with_j4:566 - 移動到點位 put_asm_top (動態角度獲取)
2025-07-23 10:05:47 [DEBUG] DrFlow2UnloadExecutor:_execute_move_to_point_with_j4:567 -   關節角度: (j1:-84.2, j2:-29.6, j3:177.3, j4:79.3)
2025-07-23 10:05:47 [DEBUG] DrFlow2UnloadExecutor:_execute_move_to_point_with_j4:568 -   角度來源: flow1_direct
2025-07-23 10:05:47 [DEBUG] DrFlow2UnloadExecutor:_execute_move_to_point_with_j4:569 -   運動參數: speed_j=100, acc_j=100, tool=0
2025-07-23 10:05:48 [INFO] DrFlow2UnloadExecutor:_execute_move_to_point_with_j4:592 -   移動到 put_asm_top 成功 (J4:79.3°)
2025-07-23 10:05:48 [INFO] DrFlow2UnloadExecutor:execute:382 - Flow2 步驟 5/5: move_to_point
2025-07-23 10:05:48 [INFO] DrFlow2UnloadExecutor:_execute_move_to_point_with_parameters:479 - 移動到點位 standby (J)
2025-07-23 10:05:48 [DEBUG] DrFlow2UnloadExecutor:_execute_move_to_point_with_parameters:480 -   關節角度: (j1:-2.7, j2:86.0, j3:238.0, j4:0.1)
2025-07-23 10:05:48 [DEBUG] DrFlow2UnloadExecutor:_execute_move_to_point_with_parameters:481 -   笛卡爾座標: (223.14, 189.28, 238.86, 83.37)
2025-07-23 10:05:48 [DEBUG] DrFlow2UnloadExecutor:_execute_move_to_point_with_parameters:482 -   運動參數: speed_j=100, acc_j=100, speed_l=80, acc_l=80, tool=0
2025-07-23 10:05:48 [INFO] DrFlow2UnloadExecutor:_execute_move_to_point_with_parameters:535 -   移動到 standby 成功 (J)
2025-07-23 10:05:48 [INFO] DrFlow2UnloadExecutor:execute:426 - Flow2執行完成！總耗時: 0.86秒
2025-07-23 10:05:48 [INFO] DrFlow2UnloadExecutor:execute:427 - 精簡組裝流程完成
2025-07-23 10:05:48 [INFO] DrFlow2UnloadExecutor:execute:429 - 角度控制: 目標角度=34.30°, 指令角度=79.30°
2025-07-23 10:05:48 [INFO] DrFlow2UnloadExecutor:execute:430 - 角度來源: flow1_direct
2025-07-23 10:05:48 [INFO] DrFlow2UnloadExecutor:execute:431 - J4角度應用: put_asm_top和put_asm_down都使用指令角度79.30°
2025-07-23 10:05:54 [INFO] DrFlow2UnloadExecutor:execute:382 - Flow2 步驟 1/5: move_to_point_with_j4
2025-07-23 10:05:54 [DEBUG] DrFlow2UnloadExecutor:_get_flow1_angle_or_default:667 - [動態角度獲取] 成功獲取Flow1角度: 79.30°
2025-07-23 10:05:54 [INFO] DrFlow2UnloadExecutor:_execute_move_to_point_with_j4:566 - 移動到點位 put_asm_top (動態角度獲取)
2025-07-23 10:05:54 [DEBUG] DrFlow2UnloadExecutor:_execute_move_to_point_with_j4:567 -   關節角度: (j1:-84.2, j2:-29.6, j3:177.3, j4:79.3)
2025-07-23 10:05:54 [DEBUG] DrFlow2UnloadExecutor:_execute_move_to_point_with_j4:568 -   角度來源: flow1_direct
2025-07-23 10:05:54 [DEBUG] DrFlow2UnloadExecutor:_execute_move_to_point_with_j4:569 -   運動參數: speed_j=100, acc_j=100, tool=0
2025-07-23 10:05:54 [INFO] DrFlow2UnloadExecutor:_execute_move_to_point_with_j4:592 -   移動到 put_asm_top 成功 (J4:79.3°)
2025-07-23 10:05:54 [INFO] DrFlow2UnloadExecutor:execute:382 - Flow2 步驟 2/5: move_to_point_with_j4
2025-07-23 10:05:54 [DEBUG] DrFlow2UnloadExecutor:_get_flow1_angle_or_default:667 - [動態角度獲取] 成功獲取Flow1角度: 79.30°
2025-07-23 10:05:54 [INFO] DrFlow2UnloadExecutor:_execute_move_to_point_with_j4:566 - 移動到點位 put_asm_down (動態角度獲取)
2025-07-23 10:05:54 [DEBUG] DrFlow2UnloadExecutor:_execute_move_to_point_with_j4:567 -   關節角度: (j1:-84.2, j2:-29.6, j3:155.6, j4:79.3)
2025-07-23 10:05:54 [DEBUG] DrFlow2UnloadExecutor:_execute_move_to_point_with_j4:568 -   角度來源: flow1_direct
2025-07-23 10:05:54 [DEBUG] DrFlow2UnloadExecutor:_execute_move_to_point_with_j4:569 -   運動參數: speed_j=100, acc_j=100, tool=0
2025-07-23 10:05:55 [INFO] DrFlow2UnloadExecutor:_execute_move_to_point_with_j4:590 -   移動到 put_asm_down 成功 (J4:79.3°) (含Sync)
2025-07-23 10:05:55 [INFO] DrFlow2UnloadExecutor:execute:382 - Flow2 步驟 3/5: gripper_close
2025-07-23 10:05:55 [INFO] DrFlow2UnloadExecutor:_execute_gripper_close:831 - 夾爪關閉成功
2025-07-23 10:05:55 [INFO] DrFlow2UnloadExecutor:execute:382 - Flow2 步驟 4/5: move_to_point_with_j4
2025-07-23 10:05:55 [DEBUG] DrFlow2UnloadExecutor:_get_flow1_angle_or_default:667 - [動態角度獲取] 成功獲取Flow1角度: 79.30°
2025-07-23 10:05:55 [INFO] DrFlow2UnloadExecutor:_execute_move_to_point_with_j4:566 - 移動到點位 put_asm_top (動態角度獲取)
2025-07-23 10:05:55 [DEBUG] DrFlow2UnloadExecutor:_execute_move_to_point_with_j4:567 -   關節角度: (j1:-84.2, j2:-29.6, j3:177.3, j4:79.3)
2025-07-23 10:05:55 [DEBUG] DrFlow2UnloadExecutor:_execute_move_to_point_with_j4:568 -   角度來源: flow1_direct
2025-07-23 10:05:55 [DEBUG] DrFlow2UnloadExecutor:_execute_move_to_point_with_j4:569 -   運動參數: speed_j=100, acc_j=100, tool=0
2025-07-23 10:05:55 [INFO] DrFlow2UnloadExecutor:_execute_move_to_point_with_j4:592 -   移動到 put_asm_top 成功 (J4:79.3°)
2025-07-23 10:05:55 [INFO] DrFlow2UnloadExecutor:execute:382 - Flow2 步驟 5/5: move_to_point
2025-07-23 10:05:55 [INFO] DrFlow2UnloadExecutor:_execute_move_to_point_with_parameters:479 - 移動到點位 standby (J)
2025-07-23 10:05:55 [DEBUG] DrFlow2UnloadExecutor:_execute_move_to_point_with_parameters:480 -   關節角度: (j1:-2.7, j2:86.0, j3:238.0, j4:0.1)
2025-07-23 10:05:55 [DEBUG] DrFlow2UnloadExecutor:_execute_move_to_point_with_parameters:481 -   笛卡爾座標: (223.14, 189.28, 238.86, 83.37)
2025-07-23 10:05:55 [DEBUG] DrFlow2UnloadExecutor:_execute_move_to_point_with_parameters:482 -   運動參數: speed_j=100, acc_j=100, speed_l=80, acc_l=80, tool=0
2025-07-23 10:05:56 [INFO] DrFlow2UnloadExecutor:_execute_move_to_point_with_parameters:535 -   移動到 standby 成功 (J)
2025-07-23 10:05:56 [INFO] DrFlow2UnloadExecutor:execute:426 - Flow2執行完成！總耗時: 1.49秒
2025-07-23 10:05:56 [INFO] DrFlow2UnloadExecutor:execute:427 - 精簡組裝流程完成
2025-07-23 10:05:56 [INFO] DrFlow2UnloadExecutor:execute:429 - 角度控制: 目標角度=34.30°, 指令角度=79.30°
2025-07-23 10:05:56 [INFO] DrFlow2UnloadExecutor:execute:430 - 角度來源: flow1_direct
2025-07-23 10:05:56 [INFO] DrFlow2UnloadExecutor:execute:431 - J4角度應用: put_asm_top和put_asm_down都使用指令角度79.30°
2025-07-23 10:06:20 [INFO] DrFlow2UnloadExecutor:execute:382 - Flow2 步驟 1/5: move_to_point_with_j4
2025-07-23 10:06:20 [DEBUG] DrFlow2UnloadExecutor:_get_flow1_angle_or_default:667 - [動態角度獲取] 成功獲取Flow1角度: 61.36°
2025-07-23 10:06:20 [INFO] DrFlow2UnloadExecutor:_execute_move_to_point_with_j4:566 - 移動到點位 put_asm_top (動態角度獲取)
2025-07-23 10:06:20 [DEBUG] DrFlow2UnloadExecutor:_execute_move_to_point_with_j4:567 -   關節角度: (j1:-84.2, j2:-29.6, j3:177.3, j4:61.4)
2025-07-23 10:06:20 [DEBUG] DrFlow2UnloadExecutor:_execute_move_to_point_with_j4:568 -   角度來源: flow1_direct
2025-07-23 10:06:20 [DEBUG] DrFlow2UnloadExecutor:_execute_move_to_point_with_j4:569 -   運動參數: speed_j=100, acc_j=100, tool=0
2025-07-23 10:06:20 [INFO] DrFlow2UnloadExecutor:_execute_move_to_point_with_j4:592 -   移動到 put_asm_top 成功 (J4:61.4°)
2025-07-23 10:06:20 [INFO] DrFlow2UnloadExecutor:execute:382 - Flow2 步驟 2/5: move_to_point_with_j4
2025-07-23 10:06:20 [DEBUG] DrFlow2UnloadExecutor:_get_flow1_angle_or_default:667 - [動態角度獲取] 成功獲取Flow1角度: 61.36°
2025-07-23 10:06:20 [INFO] DrFlow2UnloadExecutor:_execute_move_to_point_with_j4:566 - 移動到點位 put_asm_down (動態角度獲取)
2025-07-23 10:06:20 [DEBUG] DrFlow2UnloadExecutor:_execute_move_to_point_with_j4:567 -   關節角度: (j1:-84.2, j2:-29.6, j3:155.6, j4:61.4)
2025-07-23 10:06:20 [DEBUG] DrFlow2UnloadExecutor:_execute_move_to_point_with_j4:568 -   角度來源: flow1_direct
2025-07-23 10:06:20 [DEBUG] DrFlow2UnloadExecutor:_execute_move_to_point_with_j4:569 -   運動參數: speed_j=100, acc_j=100, tool=0
2025-07-23 10:06:20 [INFO] DrFlow2UnloadExecutor:_execute_move_to_point_with_j4:590 -   移動到 put_asm_down 成功 (J4:61.4°) (含Sync)
2025-07-23 10:06:20 [INFO] DrFlow2UnloadExecutor:execute:382 - Flow2 步驟 3/5: gripper_close
2025-07-23 10:06:20 [INFO] DrFlow2UnloadExecutor:_execute_gripper_close:831 - 夾爪關閉成功
2025-07-23 10:06:20 [INFO] DrFlow2UnloadExecutor:execute:382 - Flow2 步驟 4/5: move_to_point_with_j4
2025-07-23 10:06:20 [DEBUG] DrFlow2UnloadExecutor:_get_flow1_angle_or_default:667 - [動態角度獲取] 成功獲取Flow1角度: 61.36°
2025-07-23 10:06:20 [INFO] DrFlow2UnloadExecutor:_execute_move_to_point_with_j4:566 - 移動到點位 put_asm_top (動態角度獲取)
2025-07-23 10:06:20 [DEBUG] DrFlow2UnloadExecutor:_execute_move_to_point_with_j4:567 -   關節角度: (j1:-84.2, j2:-29.6, j3:177.3, j4:61.4)
2025-07-23 10:06:20 [DEBUG] DrFlow2UnloadExecutor:_execute_move_to_point_with_j4:568 -   角度來源: flow1_direct
2025-07-23 10:06:20 [DEBUG] DrFlow2UnloadExecutor:_execute_move_to_point_with_j4:569 -   運動參數: speed_j=100, acc_j=100, tool=0
2025-07-23 10:06:21 [INFO] DrFlow2UnloadExecutor:_execute_move_to_point_with_j4:592 -   移動到 put_asm_top 成功 (J4:61.4°)
2025-07-23 10:06:21 [INFO] DrFlow2UnloadExecutor:execute:382 - Flow2 步驟 5/5: move_to_point
2025-07-23 10:06:21 [INFO] DrFlow2UnloadExecutor:_execute_move_to_point_with_parameters:479 - 移動到點位 standby (J)
2025-07-23 10:06:21 [DEBUG] DrFlow2UnloadExecutor:_execute_move_to_point_with_parameters:480 -   關節角度: (j1:-2.7, j2:86.0, j3:238.0, j4:0.1)
2025-07-23 10:06:21 [DEBUG] DrFlow2UnloadExecutor:_execute_move_to_point_with_parameters:481 -   笛卡爾座標: (223.14, 189.28, 238.86, 83.37)
2025-07-23 10:06:21 [DEBUG] DrFlow2UnloadExecutor:_execute_move_to_point_with_parameters:482 -   運動參數: speed_j=100, acc_j=100, speed_l=80, acc_l=80, tool=0
2025-07-23 10:06:21 [INFO] DrFlow2UnloadExecutor:_execute_move_to_point_with_parameters:535 -   移動到 standby 成功 (J)
2025-07-23 10:06:21 [INFO] DrFlow2UnloadExecutor:execute:426 - Flow2執行完成！總耗時: 0.80秒
2025-07-23 10:06:21 [INFO] DrFlow2UnloadExecutor:execute:427 - 精簡組裝流程完成
2025-07-23 10:06:21 [INFO] DrFlow2UnloadExecutor:execute:429 - 角度控制: 目標角度=16.36°, 指令角度=61.36°
2025-07-23 10:06:21 [INFO] DrFlow2UnloadExecutor:execute:430 - 角度來源: flow1_direct
2025-07-23 10:06:21 [INFO] DrFlow2UnloadExecutor:execute:431 - J4角度應用: put_asm_top和put_asm_down都使用指令角度61.36°
2025-07-23 10:06:41 [INFO] DrFlow2UnloadExecutor:execute:382 - Flow2 步驟 1/5: move_to_point_with_j4
2025-07-23 10:06:41 [DEBUG] DrFlow2UnloadExecutor:_get_flow1_angle_or_default:667 - [動態角度獲取] 成功獲取Flow1角度: 96.69°
2025-07-23 10:06:41 [INFO] DrFlow2UnloadExecutor:_execute_move_to_point_with_j4:566 - 移動到點位 put_asm_top (動態角度獲取)
2025-07-23 10:06:41 [DEBUG] DrFlow2UnloadExecutor:_execute_move_to_point_with_j4:567 -   關節角度: (j1:-84.2, j2:-29.6, j3:177.3, j4:96.7)
2025-07-23 10:06:41 [DEBUG] DrFlow2UnloadExecutor:_execute_move_to_point_with_j4:568 -   角度來源: flow1_direct
2025-07-23 10:06:41 [DEBUG] DrFlow2UnloadExecutor:_execute_move_to_point_with_j4:569 -   運動參數: speed_j=100, acc_j=100, tool=0
2025-07-23 10:06:41 [INFO] DrFlow2UnloadExecutor:_execute_move_to_point_with_j4:592 -   移動到 put_asm_top 成功 (J4:96.7°)
2025-07-23 10:06:41 [INFO] DrFlow2UnloadExecutor:execute:382 - Flow2 步驟 2/5: move_to_point_with_j4
2025-07-23 10:06:41 [DEBUG] DrFlow2UnloadExecutor:_get_flow1_angle_or_default:667 - [動態角度獲取] 成功獲取Flow1角度: 96.69°
2025-07-23 10:06:41 [INFO] DrFlow2UnloadExecutor:_execute_move_to_point_with_j4:566 - 移動到點位 put_asm_down (動態角度獲取)
2025-07-23 10:06:41 [DEBUG] DrFlow2UnloadExecutor:_execute_move_to_point_with_j4:567 -   關節角度: (j1:-84.2, j2:-29.6, j3:155.6, j4:96.7)
2025-07-23 10:06:41 [DEBUG] DrFlow2UnloadExecutor:_execute_move_to_point_with_j4:568 -   角度來源: flow1_direct
2025-07-23 10:06:41 [DEBUG] DrFlow2UnloadExecutor:_execute_move_to_point_with_j4:569 -   運動參數: speed_j=100, acc_j=100, tool=0
2025-07-23 10:06:42 [INFO] DrFlow2UnloadExecutor:_execute_move_to_point_with_j4:590 -   移動到 put_asm_down 成功 (J4:96.7°) (含Sync)
2025-07-23 10:06:42 [INFO] DrFlow2UnloadExecutor:execute:382 - Flow2 步驟 3/5: gripper_close
2025-07-23 10:06:42 [INFO] DrFlow2UnloadExecutor:_execute_gripper_close:831 - 夾爪關閉成功
2025-07-23 10:06:42 [INFO] DrFlow2UnloadExecutor:execute:382 - Flow2 步驟 4/5: move_to_point_with_j4
2025-07-23 10:06:42 [DEBUG] DrFlow2UnloadExecutor:_get_flow1_angle_or_default:667 - [動態角度獲取] 成功獲取Flow1角度: 96.69°
2025-07-23 10:06:42 [INFO] DrFlow2UnloadExecutor:_execute_move_to_point_with_j4:566 - 移動到點位 put_asm_top (動態角度獲取)
2025-07-23 10:06:42 [DEBUG] DrFlow2UnloadExecutor:_execute_move_to_point_with_j4:567 -   關節角度: (j1:-84.2, j2:-29.6, j3:177.3, j4:96.7)
2025-07-23 10:06:42 [DEBUG] DrFlow2UnloadExecutor:_execute_move_to_point_with_j4:568 -   角度來源: flow1_direct
2025-07-23 10:06:42 [DEBUG] DrFlow2UnloadExecutor:_execute_move_to_point_with_j4:569 -   運動參數: speed_j=100, acc_j=100, tool=0
2025-07-23 10:06:42 [INFO] DrFlow2UnloadExecutor:_execute_move_to_point_with_j4:592 -   移動到 put_asm_top 成功 (J4:96.7°)
2025-07-23 10:06:42 [INFO] DrFlow2UnloadExecutor:execute:382 - Flow2 步驟 5/5: move_to_point
2025-07-23 10:06:42 [INFO] DrFlow2UnloadExecutor:_execute_move_to_point_with_parameters:479 - 移動到點位 standby (J)
2025-07-23 10:06:42 [DEBUG] DrFlow2UnloadExecutor:_execute_move_to_point_with_parameters:480 -   關節角度: (j1:-2.7, j2:86.0, j3:238.0, j4:0.1)
2025-07-23 10:06:42 [DEBUG] DrFlow2UnloadExecutor:_execute_move_to_point_with_parameters:481 -   笛卡爾座標: (223.14, 189.28, 238.86, 83.37)
2025-07-23 10:06:42 [DEBUG] DrFlow2UnloadExecutor:_execute_move_to_point_with_parameters:482 -   運動參數: speed_j=100, acc_j=100, speed_l=80, acc_l=80, tool=0
2025-07-23 10:06:42 [INFO] DrFlow2UnloadExecutor:_execute_move_to_point_with_parameters:535 -   移動到 standby 成功 (J)
2025-07-23 10:06:42 [INFO] DrFlow2UnloadExecutor:execute:426 - Flow2執行完成！總耗時: 0.81秒
2025-07-23 10:06:42 [INFO] DrFlow2UnloadExecutor:execute:427 - 精簡組裝流程完成
2025-07-23 10:06:42 [INFO] DrFlow2UnloadExecutor:execute:429 - 角度控制: 目標角度=51.69°, 指令角度=96.69°
2025-07-23 10:06:42 [INFO] DrFlow2UnloadExecutor:execute:430 - 角度來源: flow1_direct
2025-07-23 10:06:42 [INFO] DrFlow2UnloadExecutor:execute:431 - J4角度應用: put_asm_top和put_asm_down都使用指令角度96.69°
2025-07-23 10:15:58 [INFO] DrFlow2UnloadExecutor:_load_and_validate_points:260 - Flow2正在載入外部點位檔案...
2025-07-23 10:15:58 [INFO] DrFlow2UnloadExecutor:_load_and_validate_points:278 - 所有必要點位載入成功
2025-07-23 10:15:58 [INFO] DrFlow2UnloadExecutor:build_flow_steps:339 - Flow2支援CASE參數流程步驟建構完成，共5步
2025-07-23 10:15:58 [INFO] DrFlow2UnloadExecutor:build_flow_steps:340 - 新增功能: 手勢切換 + 速度優化 + J4角度控制
2025-07-23 10:15:58 [INFO] DrFlow2UnloadExecutor:__init__:232 - DrFlow2UnloadExecutor初始化完成 (支援CASE參數版)
2025-07-23 10:15:58 [INFO] DrFlow2UnloadExecutor:__init__:233 - 精簡流程: 僅保留組裝序列，put_asm_top和put_asm_down使用Flow1角度值
2025-07-23 10:15:58 [INFO] DrFlow2UnloadExecutor:initialize:242 - Flow2執行器初始化完成 (支援CASE參數版)
2025-07-23 10:15:58 [INFO] DrFlow2UnloadExecutor:initialize:243 -   可用模組: Gripper=True
2025-07-23 10:15:58 [INFO] DrFlow2UnloadExecutor:initialize:244 -   Flow1角度數據: 可用
2025-07-23 11:21:17 [INFO] DrFlow2UnloadExecutor:_load_and_validate_points:260 - Flow2正在載入外部點位檔案...
2025-07-23 11:21:17 [INFO] DrFlow2UnloadExecutor:_load_and_validate_points:278 - 所有必要點位載入成功
2025-07-23 11:21:17 [INFO] DrFlow2UnloadExecutor:build_flow_steps:339 - Flow2支援CASE參數流程步驟建構完成，共5步
2025-07-23 11:21:17 [INFO] DrFlow2UnloadExecutor:build_flow_steps:340 - 新增功能: 手勢切換 + 速度優化 + J4角度控制
2025-07-23 11:21:17 [INFO] DrFlow2UnloadExecutor:__init__:232 - DrFlow2UnloadExecutor初始化完成 (支援CASE參數版)
2025-07-23 11:21:17 [INFO] DrFlow2UnloadExecutor:__init__:233 - 精簡流程: 僅保留組裝序列，put_asm_top和put_asm_down使用Flow1角度值
2025-07-23 11:21:17 [INFO] DrFlow2UnloadExecutor:initialize:242 - Flow2執行器初始化完成 (支援CASE參數版)
2025-07-23 11:21:17 [INFO] DrFlow2UnloadExecutor:initialize:243 -   可用模組: Gripper=True
2025-07-23 11:21:17 [INFO] DrFlow2UnloadExecutor:initialize:244 -   Flow1角度數據: 可用
2025-07-23 11:21:17 [INFO] DrFlow2UnloadExecutor:execute:382 - Flow2 步驟 1/5: move_to_point_with_j4
2025-07-23 11:21:17 [DEBUG] DrFlow2UnloadExecutor:_get_flow1_angle_or_default:671 - [動態角度獲取] Flow1角度不可用，使用點位原始J4值: 156.87°
2025-07-23 11:21:17 [INFO] DrFlow2UnloadExecutor:_execute_move_to_point_with_j4:566 - 移動到點位 put_asm_top (動態角度獲取)
2025-07-23 11:21:17 [DEBUG] DrFlow2UnloadExecutor:_execute_move_to_point_with_j4:567 -   關節角度: (j1:-84.2, j2:-29.6, j3:177.3, j4:156.9)
2025-07-23 11:21:17 [DEBUG] DrFlow2UnloadExecutor:_execute_move_to_point_with_j4:568 -   角度來源: point_original
2025-07-23 11:21:17 [DEBUG] DrFlow2UnloadExecutor:_execute_move_to_point_with_j4:569 -   運動參數: speed_j=100, acc_j=100, tool=0
2025-07-23 11:21:17 [INFO] DrFlow2UnloadExecutor:_execute_move_to_point_with_j4:592 -   移動到 put_asm_top 成功 (J4:156.9°)
2025-07-23 11:21:17 [INFO] DrFlow2UnloadExecutor:execute:382 - Flow2 步驟 2/5: move_to_point_with_j4
2025-07-23 11:21:17 [DEBUG] DrFlow2UnloadExecutor:_get_flow1_angle_or_default:671 - [動態角度獲取] Flow1角度不可用，使用點位原始J4值: 156.87°
2025-07-23 11:21:17 [INFO] DrFlow2UnloadExecutor:_execute_move_to_point_with_j4:566 - 移動到點位 put_asm_down (動態角度獲取)
2025-07-23 11:21:17 [DEBUG] DrFlow2UnloadExecutor:_execute_move_to_point_with_j4:567 -   關節角度: (j1:-84.2, j2:-29.6, j3:155.6, j4:156.9)
2025-07-23 11:21:17 [DEBUG] DrFlow2UnloadExecutor:_execute_move_to_point_with_j4:568 -   角度來源: point_original
2025-07-23 11:21:17 [DEBUG] DrFlow2UnloadExecutor:_execute_move_to_point_with_j4:569 -   運動參數: speed_j=100, acc_j=100, tool=0
2025-07-23 11:21:18 [INFO] DrFlow2UnloadExecutor:_execute_move_to_point_with_j4:590 -   移動到 put_asm_down 成功 (J4:156.9°) (含Sync)
2025-07-23 11:21:18 [INFO] DrFlow2UnloadExecutor:execute:382 - Flow2 步驟 3/5: gripper_close
2025-07-23 11:21:18 [INFO] DrFlow2UnloadExecutor:_execute_gripper_close:831 - 夾爪關閉成功
2025-07-23 11:21:18 [INFO] DrFlow2UnloadExecutor:execute:382 - Flow2 步驟 4/5: move_to_point_with_j4
2025-07-23 11:21:18 [DEBUG] DrFlow2UnloadExecutor:_get_flow1_angle_or_default:671 - [動態角度獲取] Flow1角度不可用，使用點位原始J4值: 156.87°
2025-07-23 11:21:18 [INFO] DrFlow2UnloadExecutor:_execute_move_to_point_with_j4:566 - 移動到點位 put_asm_top (動態角度獲取)
2025-07-23 11:21:18 [DEBUG] DrFlow2UnloadExecutor:_execute_move_to_point_with_j4:567 -   關節角度: (j1:-84.2, j2:-29.6, j3:177.3, j4:156.9)
2025-07-23 11:21:18 [DEBUG] DrFlow2UnloadExecutor:_execute_move_to_point_with_j4:568 -   角度來源: point_original
2025-07-23 11:21:18 [DEBUG] DrFlow2UnloadExecutor:_execute_move_to_point_with_j4:569 -   運動參數: speed_j=100, acc_j=100, tool=0
2025-07-23 11:21:18 [INFO] DrFlow2UnloadExecutor:_execute_move_to_point_with_j4:592 -   移動到 put_asm_top 成功 (J4:156.9°)
2025-07-23 11:21:18 [INFO] DrFlow2UnloadExecutor:execute:382 - Flow2 步驟 5/5: move_to_point
2025-07-23 11:21:18 [INFO] DrFlow2UnloadExecutor:_execute_move_to_point_with_parameters:479 - 移動到點位 standby (J)
2025-07-23 11:21:18 [DEBUG] DrFlow2UnloadExecutor:_execute_move_to_point_with_parameters:480 -   關節角度: (j1:-2.7, j2:86.0, j3:238.0, j4:0.1)
2025-07-23 11:21:18 [DEBUG] DrFlow2UnloadExecutor:_execute_move_to_point_with_parameters:481 -   笛卡爾座標: (223.14, 189.28, 238.86, 83.37)
2025-07-23 11:21:18 [DEBUG] DrFlow2UnloadExecutor:_execute_move_to_point_with_parameters:482 -   運動參數: speed_j=100, acc_j=100, speed_l=80, acc_l=80, tool=0
2025-07-23 11:21:18 [INFO] DrFlow2UnloadExecutor:_execute_move_to_point_with_parameters:535 -   移動到 standby 成功 (J)
2025-07-23 11:21:18 [INFO] DrFlow2UnloadExecutor:execute:426 - Flow2執行完成！總耗時: 0.99秒
2025-07-23 11:21:18 [INFO] DrFlow2UnloadExecutor:execute:427 - 精簡組裝流程完成
2025-07-23 11:43:39 [INFO] DrFlow2UnloadExecutor:_load_and_validate_points:260 - Flow2正在載入外部點位檔案...
2025-07-23 11:43:39 [INFO] DrFlow2UnloadExecutor:_load_and_validate_points:278 - 所有必要點位載入成功
2025-07-23 11:43:39 [INFO] DrFlow2UnloadExecutor:build_flow_steps:339 - Flow2支援CASE參數流程步驟建構完成，共5步
2025-07-23 11:43:39 [INFO] DrFlow2UnloadExecutor:build_flow_steps:340 - 新增功能: 手勢切換 + 速度優化 + J4角度控制
2025-07-23 11:43:39 [INFO] DrFlow2UnloadExecutor:__init__:232 - DrFlow2UnloadExecutor初始化完成 (支援CASE參數版)
2025-07-23 11:43:39 [INFO] DrFlow2UnloadExecutor:__init__:233 - 精簡流程: 僅保留組裝序列，put_asm_top和put_asm_down使用Flow1角度值
2025-07-23 11:43:39 [INFO] DrFlow2UnloadExecutor:initialize:242 - Flow2執行器初始化完成 (支援CASE參數版)
2025-07-23 11:43:39 [INFO] DrFlow2UnloadExecutor:initialize:243 -   可用模組: Gripper=True
2025-07-23 11:43:39 [INFO] DrFlow2UnloadExecutor:initialize:244 -   Flow1角度數據: 可用
2025-07-23 11:43:39 [INFO] DrFlow2UnloadExecutor:execute:382 - Flow2 步驟 1/5: move_to_point_with_j4
2025-07-23 11:43:39 [DEBUG] DrFlow2UnloadExecutor:_get_flow1_angle_or_default:671 - [動態角度獲取] Flow1角度不可用，使用點位原始J4值: 156.87°
2025-07-23 11:43:39 [INFO] DrFlow2UnloadExecutor:_execute_move_to_point_with_j4:566 - 移動到點位 put_asm_top (動態角度獲取)
2025-07-23 11:43:39 [DEBUG] DrFlow2UnloadExecutor:_execute_move_to_point_with_j4:567 -   關節角度: (j1:-84.2, j2:-29.6, j3:177.3, j4:156.9)
2025-07-23 11:43:39 [DEBUG] DrFlow2UnloadExecutor:_execute_move_to_point_with_j4:568 -   角度來源: point_original
2025-07-23 11:43:39 [DEBUG] DrFlow2UnloadExecutor:_execute_move_to_point_with_j4:569 -   運動參數: speed_j=100, acc_j=100, tool=0
2025-07-23 11:43:40 [INFO] DrFlow2UnloadExecutor:_execute_move_to_point_with_j4:592 -   移動到 put_asm_top 成功 (J4:156.9°)
2025-07-23 11:43:40 [INFO] DrFlow2UnloadExecutor:execute:382 - Flow2 步驟 2/5: move_to_point_with_j4
2025-07-23 11:43:40 [DEBUG] DrFlow2UnloadExecutor:_get_flow1_angle_or_default:671 - [動態角度獲取] Flow1角度不可用，使用點位原始J4值: 156.87°
2025-07-23 11:43:40 [INFO] DrFlow2UnloadExecutor:_execute_move_to_point_with_j4:566 - 移動到點位 put_asm_down (動態角度獲取)
2025-07-23 11:43:40 [DEBUG] DrFlow2UnloadExecutor:_execute_move_to_point_with_j4:567 -   關節角度: (j1:-84.2, j2:-29.6, j3:155.6, j4:156.9)
2025-07-23 11:43:40 [DEBUG] DrFlow2UnloadExecutor:_execute_move_to_point_with_j4:568 -   角度來源: point_original
2025-07-23 11:43:40 [DEBUG] DrFlow2UnloadExecutor:_execute_move_to_point_with_j4:569 -   運動參數: speed_j=100, acc_j=100, tool=0
2025-07-23 11:43:41 [INFO] DrFlow2UnloadExecutor:_execute_move_to_point_with_j4:590 -   移動到 put_asm_down 成功 (J4:156.9°) (含Sync)
2025-07-23 11:43:41 [INFO] DrFlow2UnloadExecutor:execute:382 - Flow2 步驟 3/5: gripper_close
2025-07-23 11:43:42 [INFO] DrFlow2UnloadExecutor:_execute_gripper_close:831 - 夾爪關閉成功
2025-07-23 11:43:42 [INFO] DrFlow2UnloadExecutor:execute:382 - Flow2 步驟 4/5: move_to_point_with_j4
2025-07-23 11:43:42 [DEBUG] DrFlow2UnloadExecutor:_get_flow1_angle_or_default:671 - [動態角度獲取] Flow1角度不可用，使用點位原始J4值: 156.87°
2025-07-23 11:43:42 [INFO] DrFlow2UnloadExecutor:_execute_move_to_point_with_j4:566 - 移動到點位 put_asm_top (動態角度獲取)
2025-07-23 11:43:42 [DEBUG] DrFlow2UnloadExecutor:_execute_move_to_point_with_j4:567 -   關節角度: (j1:-84.2, j2:-29.6, j3:177.3, j4:156.9)
2025-07-23 11:43:42 [DEBUG] DrFlow2UnloadExecutor:_execute_move_to_point_with_j4:568 -   角度來源: point_original
2025-07-23 11:43:42 [DEBUG] DrFlow2UnloadExecutor:_execute_move_to_point_with_j4:569 -   運動參數: speed_j=100, acc_j=100, tool=0
2025-07-23 11:43:42 [INFO] DrFlow2UnloadExecutor:_execute_move_to_point_with_j4:592 -   移動到 put_asm_top 成功 (J4:156.9°)
2025-07-23 11:43:42 [INFO] DrFlow2UnloadExecutor:execute:382 - Flow2 步驟 5/5: move_to_point
2025-07-23 11:43:42 [INFO] DrFlow2UnloadExecutor:_execute_move_to_point_with_parameters:479 - 移動到點位 standby (J)
2025-07-23 11:43:42 [DEBUG] DrFlow2UnloadExecutor:_execute_move_to_point_with_parameters:480 -   關節角度: (j1:-2.7, j2:86.0, j3:238.0, j4:0.1)
2025-07-23 11:43:42 [DEBUG] DrFlow2UnloadExecutor:_execute_move_to_point_with_parameters:481 -   笛卡爾座標: (223.14, 189.28, 238.86, 83.37)
2025-07-23 11:43:42 [DEBUG] DrFlow2UnloadExecutor:_execute_move_to_point_with_parameters:482 -   運動參數: speed_j=100, acc_j=100, speed_l=80, acc_l=80, tool=0
2025-07-23 11:43:43 [INFO] DrFlow2UnloadExecutor:_execute_move_to_point_with_parameters:535 -   移動到 standby 成功 (J)
2025-07-23 11:43:43 [INFO] DrFlow2UnloadExecutor:execute:426 - Flow2執行完成！總耗時: 3.28秒
2025-07-23 11:43:43 [INFO] DrFlow2UnloadExecutor:execute:427 - 精簡組裝流程完成
2025-07-23 11:46:30 [INFO] DrFlow2UnloadExecutor:_load_and_validate_points:260 - Flow2正在載入外部點位檔案...
2025-07-23 11:46:30 [INFO] DrFlow2UnloadExecutor:_load_and_validate_points:278 - 所有必要點位載入成功
2025-07-23 11:46:30 [INFO] DrFlow2UnloadExecutor:build_flow_steps:339 - Flow2支援CASE參數流程步驟建構完成，共5步
2025-07-23 11:46:30 [INFO] DrFlow2UnloadExecutor:build_flow_steps:340 - 新增功能: 手勢切換 + 速度優化 + J4角度控制
2025-07-23 11:46:30 [INFO] DrFlow2UnloadExecutor:__init__:232 - DrFlow2UnloadExecutor初始化完成 (支援CASE參數版)
2025-07-23 11:46:30 [INFO] DrFlow2UnloadExecutor:__init__:233 - 精簡流程: 僅保留組裝序列，put_asm_top和put_asm_down使用Flow1角度值
2025-07-23 11:46:30 [INFO] DrFlow2UnloadExecutor:initialize:242 - Flow2執行器初始化完成 (支援CASE參數版)
2025-07-23 11:46:30 [INFO] DrFlow2UnloadExecutor:initialize:243 -   可用模組: Gripper=True
2025-07-23 11:46:30 [INFO] DrFlow2UnloadExecutor:initialize:244 -   Flow1角度數據: 可用
2025-07-23 11:46:30 [INFO] DrFlow2UnloadExecutor:execute:382 - Flow2 步驟 1/5: move_to_point_with_j4
2025-07-23 11:46:30 [DEBUG] DrFlow2UnloadExecutor:_get_flow1_angle_or_default:671 - [動態角度獲取] Flow1角度不可用，使用點位原始J4值: 156.87°
2025-07-23 11:46:30 [INFO] DrFlow2UnloadExecutor:_execute_move_to_point_with_j4:566 - 移動到點位 put_asm_top (動態角度獲取)
2025-07-23 11:46:30 [DEBUG] DrFlow2UnloadExecutor:_execute_move_to_point_with_j4:567 -   關節角度: (j1:-84.2, j2:-29.6, j3:177.3, j4:156.9)
2025-07-23 11:46:30 [DEBUG] DrFlow2UnloadExecutor:_execute_move_to_point_with_j4:568 -   角度來源: point_original
2025-07-23 11:46:30 [DEBUG] DrFlow2UnloadExecutor:_execute_move_to_point_with_j4:569 -   運動參數: speed_j=100, acc_j=100, tool=0
2025-07-23 11:46:30 [INFO] DrFlow2UnloadExecutor:_execute_move_to_point_with_j4:592 -   移動到 put_asm_top 成功 (J4:156.9°)
2025-07-23 11:46:30 [INFO] DrFlow2UnloadExecutor:execute:382 - Flow2 步驟 2/5: move_to_point_with_j4
2025-07-23 11:46:30 [DEBUG] DrFlow2UnloadExecutor:_get_flow1_angle_or_default:671 - [動態角度獲取] Flow1角度不可用，使用點位原始J4值: 156.87°
2025-07-23 11:46:30 [INFO] DrFlow2UnloadExecutor:_execute_move_to_point_with_j4:566 - 移動到點位 put_asm_down (動態角度獲取)
2025-07-23 11:46:30 [DEBUG] DrFlow2UnloadExecutor:_execute_move_to_point_with_j4:567 -   關節角度: (j1:-84.2, j2:-29.6, j3:155.6, j4:156.9)
2025-07-23 11:46:30 [DEBUG] DrFlow2UnloadExecutor:_execute_move_to_point_with_j4:568 -   角度來源: point_original
2025-07-23 11:46:30 [DEBUG] DrFlow2UnloadExecutor:_execute_move_to_point_with_j4:569 -   運動參數: speed_j=100, acc_j=100, tool=0
2025-07-23 11:46:31 [INFO] DrFlow2UnloadExecutor:_execute_move_to_point_with_j4:590 -   移動到 put_asm_down 成功 (J4:156.9°) (含Sync)
2025-07-23 11:46:31 [INFO] DrFlow2UnloadExecutor:execute:382 - Flow2 步驟 3/5: gripper_close
2025-07-23 11:46:31 [INFO] DrFlow2UnloadExecutor:_execute_gripper_close:831 - 夾爪關閉成功
2025-07-23 11:46:31 [INFO] DrFlow2UnloadExecutor:execute:382 - Flow2 步驟 4/5: move_to_point_with_j4
2025-07-23 11:46:31 [DEBUG] DrFlow2UnloadExecutor:_get_flow1_angle_or_default:671 - [動態角度獲取] Flow1角度不可用，使用點位原始J4值: 156.87°
2025-07-23 11:46:31 [INFO] DrFlow2UnloadExecutor:_execute_move_to_point_with_j4:566 - 移動到點位 put_asm_top (動態角度獲取)
2025-07-23 11:46:31 [DEBUG] DrFlow2UnloadExecutor:_execute_move_to_point_with_j4:567 -   關節角度: (j1:-84.2, j2:-29.6, j3:177.3, j4:156.9)
2025-07-23 11:46:31 [DEBUG] DrFlow2UnloadExecutor:_execute_move_to_point_with_j4:568 -   角度來源: point_original
2025-07-23 11:46:31 [DEBUG] DrFlow2UnloadExecutor:_execute_move_to_point_with_j4:569 -   運動參數: speed_j=100, acc_j=100, tool=0
2025-07-23 11:46:31 [INFO] DrFlow2UnloadExecutor:_execute_move_to_point_with_j4:592 -   移動到 put_asm_top 成功 (J4:156.9°)
2025-07-23 11:46:31 [INFO] DrFlow2UnloadExecutor:execute:382 - Flow2 步驟 5/5: move_to_point
2025-07-23 11:46:31 [INFO] DrFlow2UnloadExecutor:_execute_move_to_point_with_parameters:479 - 移動到點位 standby (J)
2025-07-23 11:46:31 [DEBUG] DrFlow2UnloadExecutor:_execute_move_to_point_with_parameters:480 -   關節角度: (j1:-2.7, j2:86.0, j3:238.0, j4:0.1)
2025-07-23 11:46:31 [DEBUG] DrFlow2UnloadExecutor:_execute_move_to_point_with_parameters:481 -   笛卡爾座標: (223.14, 189.28, 238.86, 83.37)
2025-07-23 11:46:31 [DEBUG] DrFlow2UnloadExecutor:_execute_move_to_point_with_parameters:482 -   運動參數: speed_j=100, acc_j=100, speed_l=80, acc_l=80, tool=0
2025-07-23 11:46:31 [INFO] DrFlow2UnloadExecutor:_execute_move_to_point_with_parameters:535 -   移動到 standby 成功 (J)
2025-07-23 11:46:31 [INFO] DrFlow2UnloadExecutor:execute:426 - Flow2執行完成！總耗時: 1.52秒
2025-07-23 11:46:31 [INFO] DrFlow2UnloadExecutor:execute:427 - 精簡組裝流程完成
2025-07-23 11:54:52 [INFO] DrFlow2UnloadExecutor:_load_and_validate_points:260 - Flow2正在載入外部點位檔案...
2025-07-23 11:54:52 [INFO] DrFlow2UnloadExecutor:_load_and_validate_points:278 - 所有必要點位載入成功
2025-07-23 11:54:52 [INFO] DrFlow2UnloadExecutor:build_flow_steps:339 - Flow2支援CASE參數流程步驟建構完成，共5步
2025-07-23 11:54:52 [INFO] DrFlow2UnloadExecutor:build_flow_steps:340 - 新增功能: 手勢切換 + 速度優化 + J4角度控制
2025-07-23 11:54:52 [INFO] DrFlow2UnloadExecutor:__init__:232 - DrFlow2UnloadExecutor初始化完成 (支援CASE參數版)
2025-07-23 11:54:52 [INFO] DrFlow2UnloadExecutor:__init__:233 - 精簡流程: 僅保留組裝序列，put_asm_top和put_asm_down使用Flow1角度值
2025-07-23 11:54:52 [INFO] DrFlow2UnloadExecutor:initialize:242 - Flow2執行器初始化完成 (支援CASE參數版)
2025-07-23 11:54:52 [INFO] DrFlow2UnloadExecutor:initialize:243 -   可用模組: Gripper=True
2025-07-23 11:54:52 [INFO] DrFlow2UnloadExecutor:initialize:244 -   Flow1角度數據: 可用
2025-07-23 11:54:52 [INFO] DrFlow2UnloadExecutor:execute:382 - Flow2 步驟 1/5: move_to_point_with_j4
2025-07-23 11:54:52 [DEBUG] DrFlow2UnloadExecutor:_get_flow1_angle_or_default:671 - [動態角度獲取] Flow1角度不可用，使用點位原始J4值: 156.87°
2025-07-23 11:54:52 [INFO] DrFlow2UnloadExecutor:_execute_move_to_point_with_j4:566 - 移動到點位 put_asm_top (動態角度獲取)
2025-07-23 11:54:52 [DEBUG] DrFlow2UnloadExecutor:_execute_move_to_point_with_j4:567 -   關節角度: (j1:-84.2, j2:-29.6, j3:177.3, j4:156.9)
2025-07-23 11:54:52 [DEBUG] DrFlow2UnloadExecutor:_execute_move_to_point_with_j4:568 -   角度來源: point_original
2025-07-23 11:54:52 [DEBUG] DrFlow2UnloadExecutor:_execute_move_to_point_with_j4:569 -   運動參數: speed_j=100, acc_j=100, tool=0
2025-07-23 11:54:52 [INFO] DrFlow2UnloadExecutor:_execute_move_to_point_with_j4:592 -   移動到 put_asm_top 成功 (J4:156.9°)
2025-07-23 11:54:52 [INFO] DrFlow2UnloadExecutor:execute:382 - Flow2 步驟 2/5: move_to_point_with_j4
2025-07-23 11:54:52 [DEBUG] DrFlow2UnloadExecutor:_get_flow1_angle_or_default:671 - [動態角度獲取] Flow1角度不可用，使用點位原始J4值: 156.87°
2025-07-23 11:54:52 [INFO] DrFlow2UnloadExecutor:_execute_move_to_point_with_j4:566 - 移動到點位 put_asm_down (動態角度獲取)
2025-07-23 11:54:52 [DEBUG] DrFlow2UnloadExecutor:_execute_move_to_point_with_j4:567 -   關節角度: (j1:-84.2, j2:-29.6, j3:155.6, j4:156.9)
2025-07-23 11:54:52 [DEBUG] DrFlow2UnloadExecutor:_execute_move_to_point_with_j4:568 -   角度來源: point_original
2025-07-23 11:54:52 [DEBUG] DrFlow2UnloadExecutor:_execute_move_to_point_with_j4:569 -   運動參數: speed_j=100, acc_j=100, tool=0
2025-07-23 11:54:53 [INFO] DrFlow2UnloadExecutor:_execute_move_to_point_with_j4:590 -   移動到 put_asm_down 成功 (J4:156.9°) (含Sync)
2025-07-23 11:54:53 [INFO] DrFlow2UnloadExecutor:execute:382 - Flow2 步驟 3/5: gripper_close
2025-07-23 11:54:55 [INFO] DrFlow2UnloadExecutor:_execute_gripper_close:831 - 夾爪關閉成功
2025-07-23 11:54:55 [INFO] DrFlow2UnloadExecutor:execute:382 - Flow2 步驟 4/5: move_to_point_with_j4
2025-07-23 11:54:55 [DEBUG] DrFlow2UnloadExecutor:_get_flow1_angle_or_default:671 - [動態角度獲取] Flow1角度不可用，使用點位原始J4值: 156.87°
2025-07-23 11:54:55 [INFO] DrFlow2UnloadExecutor:_execute_move_to_point_with_j4:566 - 移動到點位 put_asm_top (動態角度獲取)
2025-07-23 11:54:55 [DEBUG] DrFlow2UnloadExecutor:_execute_move_to_point_with_j4:567 -   關節角度: (j1:-84.2, j2:-29.6, j3:177.3, j4:156.9)
2025-07-23 11:54:55 [DEBUG] DrFlow2UnloadExecutor:_execute_move_to_point_with_j4:568 -   角度來源: point_original
2025-07-23 11:54:55 [DEBUG] DrFlow2UnloadExecutor:_execute_move_to_point_with_j4:569 -   運動參數: speed_j=100, acc_j=100, tool=0
2025-07-23 11:56:29 [INFO] DrFlow2UnloadExecutor:_load_and_validate_points:260 - Flow2正在載入外部點位檔案...
2025-07-23 11:56:29 [INFO] DrFlow2UnloadExecutor:_load_and_validate_points:278 - 所有必要點位載入成功
2025-07-23 11:56:29 [INFO] DrFlow2UnloadExecutor:build_flow_steps:339 - Flow2支援CASE參數流程步驟建構完成，共5步
2025-07-23 11:56:29 [INFO] DrFlow2UnloadExecutor:build_flow_steps:340 - 新增功能: 手勢切換 + 速度優化 + J4角度控制
2025-07-23 11:56:29 [INFO] DrFlow2UnloadExecutor:__init__:232 - DrFlow2UnloadExecutor初始化完成 (支援CASE參數版)
2025-07-23 11:56:29 [INFO] DrFlow2UnloadExecutor:__init__:233 - 精簡流程: 僅保留組裝序列，put_asm_top和put_asm_down使用Flow1角度值
2025-07-23 11:56:29 [INFO] DrFlow2UnloadExecutor:initialize:242 - Flow2執行器初始化完成 (支援CASE參數版)
2025-07-23 11:56:29 [INFO] DrFlow2UnloadExecutor:initialize:243 -   可用模組: Gripper=True
2025-07-23 11:56:29 [INFO] DrFlow2UnloadExecutor:initialize:244 -   Flow1角度數據: 可用
2025-07-23 12:03:24 [INFO] DrFlow2UnloadExecutor:_load_and_validate_points:260 - Flow2正在載入外部點位檔案...
2025-07-23 12:03:24 [INFO] DrFlow2UnloadExecutor:_load_and_validate_points:278 - 所有必要點位載入成功
2025-07-23 12:03:24 [INFO] DrFlow2UnloadExecutor:build_flow_steps:339 - Flow2支援CASE參數流程步驟建構完成，共5步
2025-07-23 12:03:24 [INFO] DrFlow2UnloadExecutor:build_flow_steps:340 - 新增功能: 手勢切換 + 速度優化 + J4角度控制
2025-07-23 12:03:24 [INFO] DrFlow2UnloadExecutor:__init__:232 - DrFlow2UnloadExecutor初始化完成 (支援CASE參數版)
2025-07-23 12:03:24 [INFO] DrFlow2UnloadExecutor:__init__:233 - 精簡流程: 僅保留組裝序列，put_asm_top和put_asm_down使用Flow1角度值
2025-07-23 12:03:24 [INFO] DrFlow2UnloadExecutor:initialize:242 - Flow2執行器初始化完成 (支援CASE參數版)
2025-07-23 12:03:24 [INFO] DrFlow2UnloadExecutor:initialize:243 -   可用模組: Gripper=True
2025-07-23 12:03:24 [INFO] DrFlow2UnloadExecutor:initialize:244 -   Flow1角度數據: 可用
2025-07-23 12:03:37 [INFO] DrFlow2UnloadExecutor:execute:382 - Flow2 步驟 1/5: move_to_point_with_j4
2025-07-23 12:03:37 [DEBUG] DrFlow2UnloadExecutor:_get_flow1_angle_or_default:671 - [動態角度獲取] Flow1角度不可用，使用點位原始J4值: 156.87°
2025-07-23 12:03:37 [INFO] DrFlow2UnloadExecutor:_execute_move_to_point_with_j4:566 - 移動到點位 put_asm_top (動態角度獲取)
2025-07-23 12:03:37 [DEBUG] DrFlow2UnloadExecutor:_execute_move_to_point_with_j4:567 -   關節角度: (j1:-84.2, j2:-29.6, j3:177.3, j4:156.9)
2025-07-23 12:03:37 [DEBUG] DrFlow2UnloadExecutor:_execute_move_to_point_with_j4:568 -   角度來源: point_original
2025-07-23 12:03:37 [DEBUG] DrFlow2UnloadExecutor:_execute_move_to_point_with_j4:569 -   運動參數: speed_j=100, acc_j=100, tool=0
2025-07-23 12:03:37 [INFO] DrFlow2UnloadExecutor:_execute_move_to_point_with_j4:592 -   移動到 put_asm_top 成功 (J4:156.9°)
2025-07-23 12:03:37 [INFO] DrFlow2UnloadExecutor:execute:382 - Flow2 步驟 2/5: move_to_point_with_j4
2025-07-23 12:03:37 [DEBUG] DrFlow2UnloadExecutor:_get_flow1_angle_or_default:671 - [動態角度獲取] Flow1角度不可用，使用點位原始J4值: 156.87°
2025-07-23 12:03:37 [INFO] DrFlow2UnloadExecutor:_execute_move_to_point_with_j4:566 - 移動到點位 put_asm_down (動態角度獲取)
2025-07-23 12:03:37 [DEBUG] DrFlow2UnloadExecutor:_execute_move_to_point_with_j4:567 -   關節角度: (j1:-84.2, j2:-29.6, j3:155.6, j4:156.9)
2025-07-23 12:03:37 [DEBUG] DrFlow2UnloadExecutor:_execute_move_to_point_with_j4:568 -   角度來源: point_original
2025-07-23 12:03:37 [DEBUG] DrFlow2UnloadExecutor:_execute_move_to_point_with_j4:569 -   運動參數: speed_j=100, acc_j=100, tool=0
2025-07-23 12:03:38 [INFO] DrFlow2UnloadExecutor:_execute_move_to_point_with_j4:590 -   移動到 put_asm_down 成功 (J4:156.9°) (含Sync)
2025-07-23 12:03:38 [INFO] DrFlow2UnloadExecutor:execute:382 - Flow2 步驟 3/5: gripper_close
2025-07-23 12:03:38 [INFO] DrFlow2UnloadExecutor:_execute_gripper_close:831 - 夾爪關閉成功
2025-07-23 12:03:38 [INFO] DrFlow2UnloadExecutor:execute:382 - Flow2 步驟 4/5: move_to_point_with_j4
2025-07-23 12:03:38 [DEBUG] DrFlow2UnloadExecutor:_get_flow1_angle_or_default:671 - [動態角度獲取] Flow1角度不可用，使用點位原始J4值: 156.87°
2025-07-23 12:03:38 [INFO] DrFlow2UnloadExecutor:_execute_move_to_point_with_j4:566 - 移動到點位 put_asm_top (動態角度獲取)
2025-07-23 12:03:38 [DEBUG] DrFlow2UnloadExecutor:_execute_move_to_point_with_j4:567 -   關節角度: (j1:-84.2, j2:-29.6, j3:177.3, j4:156.9)
2025-07-23 12:03:38 [DEBUG] DrFlow2UnloadExecutor:_execute_move_to_point_with_j4:568 -   角度來源: point_original
2025-07-23 12:03:38 [DEBUG] DrFlow2UnloadExecutor:_execute_move_to_point_with_j4:569 -   運動參數: speed_j=100, acc_j=100, tool=0
2025-07-23 12:03:38 [INFO] DrFlow2UnloadExecutor:_execute_move_to_point_with_j4:592 -   移動到 put_asm_top 成功 (J4:156.9°)
2025-07-23 12:03:38 [INFO] DrFlow2UnloadExecutor:execute:382 - Flow2 步驟 5/5: move_to_point
2025-07-23 12:03:38 [INFO] DrFlow2UnloadExecutor:_execute_move_to_point_with_parameters:479 - 移動到點位 standby (J)
2025-07-23 12:03:38 [DEBUG] DrFlow2UnloadExecutor:_execute_move_to_point_with_parameters:480 -   關節角度: (j1:-2.7, j2:86.0, j3:238.0, j4:0.1)
2025-07-23 12:03:38 [DEBUG] DrFlow2UnloadExecutor:_execute_move_to_point_with_parameters:481 -   笛卡爾座標: (223.14, 189.28, 238.86, 83.37)
2025-07-23 12:03:38 [DEBUG] DrFlow2UnloadExecutor:_execute_move_to_point_with_parameters:482 -   運動參數: speed_j=100, acc_j=100, speed_l=80, acc_l=80, tool=0
2025-07-23 12:03:38 [INFO] DrFlow2UnloadExecutor:_execute_move_to_point_with_parameters:535 -   移動到 standby 成功 (J)
2025-07-23 12:03:38 [INFO] DrFlow2UnloadExecutor:execute:426 - Flow2執行完成！總耗時: 0.88秒
2025-07-23 12:03:38 [INFO] DrFlow2UnloadExecutor:execute:427 - 精簡組裝流程完成
2025-07-23 12:09:04 [INFO] DrFlow2UnloadExecutor:_load_and_validate_points:260 - Flow2正在載入外部點位檔案...
2025-07-23 12:09:04 [INFO] DrFlow2UnloadExecutor:_load_and_validate_points:278 - 所有必要點位載入成功
2025-07-23 12:09:04 [INFO] DrFlow2UnloadExecutor:build_flow_steps:339 - Flow2支援CASE參數流程步驟建構完成，共5步
2025-07-23 12:09:04 [INFO] DrFlow2UnloadExecutor:build_flow_steps:340 - 新增功能: 手勢切換 + 速度優化 + J4角度控制
2025-07-23 12:09:04 [INFO] DrFlow2UnloadExecutor:__init__:232 - DrFlow2UnloadExecutor初始化完成 (支援CASE參數版)
2025-07-23 12:09:04 [INFO] DrFlow2UnloadExecutor:__init__:233 - 精簡流程: 僅保留組裝序列，put_asm_top和put_asm_down使用Flow1角度值
2025-07-23 12:09:04 [INFO] DrFlow2UnloadExecutor:initialize:242 - Flow2執行器初始化完成 (支援CASE參數版)
2025-07-23 12:09:04 [INFO] DrFlow2UnloadExecutor:initialize:243 -   可用模組: Gripper=True
2025-07-23 12:09:04 [INFO] DrFlow2UnloadExecutor:initialize:244 -   Flow1角度數據: 可用
2025-07-23 12:09:04 [INFO] DrFlow2UnloadExecutor:execute:382 - Flow2 步驟 1/5: move_to_point_with_j4
2025-07-23 12:09:04 [DEBUG] DrFlow2UnloadExecutor:_get_flow1_angle_or_default:671 - [動態角度獲取] Flow1角度不可用，使用點位原始J4值: 156.87°
2025-07-23 12:09:04 [INFO] DrFlow2UnloadExecutor:_execute_move_to_point_with_j4:566 - 移動到點位 put_asm_top (動態角度獲取)
2025-07-23 12:09:04 [DEBUG] DrFlow2UnloadExecutor:_execute_move_to_point_with_j4:567 -   關節角度: (j1:-84.2, j2:-29.6, j3:177.3, j4:156.9)
2025-07-23 12:09:04 [DEBUG] DrFlow2UnloadExecutor:_execute_move_to_point_with_j4:568 -   角度來源: point_original
2025-07-23 12:09:04 [DEBUG] DrFlow2UnloadExecutor:_execute_move_to_point_with_j4:569 -   運動參數: speed_j=100, acc_j=100, tool=0
2025-07-23 12:09:04 [INFO] DrFlow2UnloadExecutor:_execute_move_to_point_with_j4:592 -   移動到 put_asm_top 成功 (J4:156.9°)
2025-07-23 12:09:04 [INFO] DrFlow2UnloadExecutor:execute:382 - Flow2 步驟 2/5: move_to_point_with_j4
2025-07-23 12:09:04 [DEBUG] DrFlow2UnloadExecutor:_get_flow1_angle_or_default:671 - [動態角度獲取] Flow1角度不可用，使用點位原始J4值: 156.87°
2025-07-23 12:09:04 [INFO] DrFlow2UnloadExecutor:_execute_move_to_point_with_j4:566 - 移動到點位 put_asm_down (動態角度獲取)
2025-07-23 12:09:04 [DEBUG] DrFlow2UnloadExecutor:_execute_move_to_point_with_j4:567 -   關節角度: (j1:-84.2, j2:-29.6, j3:155.6, j4:156.9)
2025-07-23 12:09:04 [DEBUG] DrFlow2UnloadExecutor:_execute_move_to_point_with_j4:568 -   角度來源: point_original
2025-07-23 12:09:04 [DEBUG] DrFlow2UnloadExecutor:_execute_move_to_point_with_j4:569 -   運動參數: speed_j=100, acc_j=100, tool=0
2025-07-23 12:09:05 [INFO] DrFlow2UnloadExecutor:_execute_move_to_point_with_j4:590 -   移動到 put_asm_down 成功 (J4:156.9°) (含Sync)
2025-07-23 12:09:05 [INFO] DrFlow2UnloadExecutor:execute:382 - Flow2 步驟 3/5: gripper_close
2025-07-23 12:09:06 [INFO] DrFlow2UnloadExecutor:_execute_gripper_close:831 - 夾爪關閉成功
2025-07-23 12:09:06 [INFO] DrFlow2UnloadExecutor:execute:382 - Flow2 步驟 4/5: move_to_point_with_j4
2025-07-23 12:09:06 [DEBUG] DrFlow2UnloadExecutor:_get_flow1_angle_or_default:671 - [動態角度獲取] Flow1角度不可用，使用點位原始J4值: 156.87°
2025-07-23 12:09:06 [INFO] DrFlow2UnloadExecutor:_execute_move_to_point_with_j4:566 - 移動到點位 put_asm_top (動態角度獲取)
2025-07-23 12:09:06 [DEBUG] DrFlow2UnloadExecutor:_execute_move_to_point_with_j4:567 -   關節角度: (j1:-84.2, j2:-29.6, j3:177.3, j4:156.9)
2025-07-23 12:09:06 [DEBUG] DrFlow2UnloadExecutor:_execute_move_to_point_with_j4:568 -   角度來源: point_original
2025-07-23 12:09:06 [DEBUG] DrFlow2UnloadExecutor:_execute_move_to_point_with_j4:569 -   運動參數: speed_j=100, acc_j=100, tool=0
2025-07-23 12:09:07 [INFO] DrFlow2UnloadExecutor:_execute_move_to_point_with_j4:592 -   移動到 put_asm_top 成功 (J4:156.9°)
2025-07-23 12:09:07 [INFO] DrFlow2UnloadExecutor:execute:382 - Flow2 步驟 5/5: move_to_point
2025-07-23 12:09:07 [INFO] DrFlow2UnloadExecutor:_execute_move_to_point_with_parameters:479 - 移動到點位 standby (J)
2025-07-23 12:09:07 [DEBUG] DrFlow2UnloadExecutor:_execute_move_to_point_with_parameters:480 -   關節角度: (j1:-2.7, j2:86.0, j3:238.0, j4:0.1)
2025-07-23 12:09:07 [DEBUG] DrFlow2UnloadExecutor:_execute_move_to_point_with_parameters:481 -   笛卡爾座標: (223.14, 189.28, 238.86, 83.37)
2025-07-23 12:09:07 [DEBUG] DrFlow2UnloadExecutor:_execute_move_to_point_with_parameters:482 -   運動參數: speed_j=100, acc_j=100, speed_l=80, acc_l=80, tool=0
2025-07-23 12:09:07 [INFO] DrFlow2UnloadExecutor:_execute_move_to_point_with_parameters:535 -   移動到 standby 成功 (J)
2025-07-23 12:09:07 [INFO] DrFlow2UnloadExecutor:execute:426 - Flow2執行完成！總耗時: 3.00秒
2025-07-23 12:09:07 [INFO] DrFlow2UnloadExecutor:execute:427 - 精簡組裝流程完成
2025-07-23 12:12:48 [INFO] DrFlow2UnloadExecutor:_load_and_validate_points:260 - Flow2正在載入外部點位檔案...
2025-07-23 12:12:48 [INFO] DrFlow2UnloadExecutor:_load_and_validate_points:278 - 所有必要點位載入成功
2025-07-23 12:12:48 [INFO] DrFlow2UnloadExecutor:build_flow_steps:339 - Flow2支援CASE參數流程步驟建構完成，共5步
2025-07-23 12:12:48 [INFO] DrFlow2UnloadExecutor:build_flow_steps:340 - 新增功能: 手勢切換 + 速度優化 + J4角度控制
2025-07-23 12:12:48 [INFO] DrFlow2UnloadExecutor:__init__:232 - DrFlow2UnloadExecutor初始化完成 (支援CASE參數版)
2025-07-23 12:12:48 [INFO] DrFlow2UnloadExecutor:__init__:233 - 精簡流程: 僅保留組裝序列，put_asm_top和put_asm_down使用Flow1角度值
2025-07-23 12:12:48 [INFO] DrFlow2UnloadExecutor:initialize:242 - Flow2執行器初始化完成 (支援CASE參數版)
2025-07-23 12:12:48 [INFO] DrFlow2UnloadExecutor:initialize:243 -   可用模組: Gripper=True
2025-07-23 12:12:48 [INFO] DrFlow2UnloadExecutor:initialize:244 -   Flow1角度數據: 可用
2025-07-23 12:12:48 [INFO] DrFlow2UnloadExecutor:execute:382 - Flow2 步驟 1/5: move_to_point_with_j4
2025-07-23 12:12:48 [DEBUG] DrFlow2UnloadExecutor:_get_flow1_angle_or_default:671 - [動態角度獲取] Flow1角度不可用，使用點位原始J4值: 156.87°
2025-07-23 12:12:48 [INFO] DrFlow2UnloadExecutor:_execute_move_to_point_with_j4:566 - 移動到點位 put_asm_top (動態角度獲取)
2025-07-23 12:12:48 [DEBUG] DrFlow2UnloadExecutor:_execute_move_to_point_with_j4:567 -   關節角度: (j1:-84.2, j2:-29.6, j3:177.3, j4:156.9)
2025-07-23 12:12:48 [DEBUG] DrFlow2UnloadExecutor:_execute_move_to_point_with_j4:568 -   角度來源: point_original
2025-07-23 12:12:48 [DEBUG] DrFlow2UnloadExecutor:_execute_move_to_point_with_j4:569 -   運動參數: speed_j=100, acc_j=100, tool=0
2025-07-23 12:12:48 [INFO] DrFlow2UnloadExecutor:_execute_move_to_point_with_j4:592 -   移動到 put_asm_top 成功 (J4:156.9°)
2025-07-23 12:12:48 [INFO] DrFlow2UnloadExecutor:execute:382 - Flow2 步驟 2/5: move_to_point_with_j4
2025-07-23 12:12:48 [DEBUG] DrFlow2UnloadExecutor:_get_flow1_angle_or_default:671 - [動態角度獲取] Flow1角度不可用，使用點位原始J4值: 156.87°
2025-07-23 12:12:48 [INFO] DrFlow2UnloadExecutor:_execute_move_to_point_with_j4:566 - 移動到點位 put_asm_down (動態角度獲取)
2025-07-23 12:12:48 [DEBUG] DrFlow2UnloadExecutor:_execute_move_to_point_with_j4:567 -   關節角度: (j1:-84.2, j2:-29.6, j3:155.6, j4:156.9)
2025-07-23 12:12:48 [DEBUG] DrFlow2UnloadExecutor:_execute_move_to_point_with_j4:568 -   角度來源: point_original
2025-07-23 12:12:48 [DEBUG] DrFlow2UnloadExecutor:_execute_move_to_point_with_j4:569 -   運動參數: speed_j=100, acc_j=100, tool=0
2025-07-23 12:12:49 [INFO] DrFlow2UnloadExecutor:_execute_move_to_point_with_j4:590 -   移動到 put_asm_down 成功 (J4:156.9°) (含Sync)
2025-07-23 12:12:49 [INFO] DrFlow2UnloadExecutor:execute:382 - Flow2 步驟 3/5: gripper_close
2025-07-23 12:12:49 [INFO] DrFlow2UnloadExecutor:_execute_gripper_close:831 - 夾爪關閉成功
2025-07-23 12:12:49 [INFO] DrFlow2UnloadExecutor:execute:382 - Flow2 步驟 4/5: move_to_point_with_j4
2025-07-23 12:12:49 [DEBUG] DrFlow2UnloadExecutor:_get_flow1_angle_or_default:671 - [動態角度獲取] Flow1角度不可用，使用點位原始J4值: 156.87°
2025-07-23 12:12:49 [INFO] DrFlow2UnloadExecutor:_execute_move_to_point_with_j4:566 - 移動到點位 put_asm_top (動態角度獲取)
2025-07-23 12:12:49 [DEBUG] DrFlow2UnloadExecutor:_execute_move_to_point_with_j4:567 -   關節角度: (j1:-84.2, j2:-29.6, j3:177.3, j4:156.9)
2025-07-23 12:12:49 [DEBUG] DrFlow2UnloadExecutor:_execute_move_to_point_with_j4:568 -   角度來源: point_original
2025-07-23 12:12:49 [DEBUG] DrFlow2UnloadExecutor:_execute_move_to_point_with_j4:569 -   運動參數: speed_j=100, acc_j=100, tool=0
2025-07-23 12:12:50 [INFO] DrFlow2UnloadExecutor:_execute_move_to_point_with_j4:592 -   移動到 put_asm_top 成功 (J4:156.9°)
2025-07-23 12:12:50 [INFO] DrFlow2UnloadExecutor:execute:382 - Flow2 步驟 5/5: move_to_point
2025-07-23 12:12:50 [INFO] DrFlow2UnloadExecutor:_execute_move_to_point_with_parameters:479 - 移動到點位 standby (J)
2025-07-23 12:12:50 [DEBUG] DrFlow2UnloadExecutor:_execute_move_to_point_with_parameters:480 -   關節角度: (j1:-2.7, j2:86.0, j3:238.0, j4:0.1)
2025-07-23 12:12:50 [DEBUG] DrFlow2UnloadExecutor:_execute_move_to_point_with_parameters:481 -   笛卡爾座標: (223.14, 189.28, 238.86, 83.37)
2025-07-23 12:12:50 [DEBUG] DrFlow2UnloadExecutor:_execute_move_to_point_with_parameters:482 -   運動參數: speed_j=100, acc_j=100, speed_l=80, acc_l=80, tool=0
2025-07-23 12:12:50 [INFO] DrFlow2UnloadExecutor:_execute_move_to_point_with_parameters:535 -   移動到 standby 成功 (J)
2025-07-23 12:12:50 [INFO] DrFlow2UnloadExecutor:execute:426 - Flow2執行完成！總耗時: 1.48秒
2025-07-23 12:12:50 [INFO] DrFlow2UnloadExecutor:execute:427 - 精簡組裝流程完成
2025-07-23 12:19:49 [INFO] DrFlow2UnloadExecutor:_load_and_validate_points:260 - Flow2正在載入外部點位檔案...
2025-07-23 12:19:49 [INFO] DrFlow2UnloadExecutor:_load_and_validate_points:278 - 所有必要點位載入成功
2025-07-23 12:19:49 [INFO] DrFlow2UnloadExecutor:build_flow_steps:339 - Flow2支援CASE參數流程步驟建構完成，共5步
2025-07-23 12:19:49 [INFO] DrFlow2UnloadExecutor:build_flow_steps:340 - 新增功能: 手勢切換 + 速度優化 + J4角度控制
2025-07-23 12:19:49 [INFO] DrFlow2UnloadExecutor:__init__:232 - DrFlow2UnloadExecutor初始化完成 (支援CASE參數版)
2025-07-23 12:19:49 [INFO] DrFlow2UnloadExecutor:__init__:233 - 精簡流程: 僅保留組裝序列，put_asm_top和put_asm_down使用Flow1角度值
2025-07-23 12:19:49 [INFO] DrFlow2UnloadExecutor:initialize:242 - Flow2執行器初始化完成 (支援CASE參數版)
2025-07-23 12:19:49 [INFO] DrFlow2UnloadExecutor:initialize:243 -   可用模組: Gripper=True
2025-07-23 12:19:49 [INFO] DrFlow2UnloadExecutor:initialize:244 -   Flow1角度數據: 可用
2025-07-23 12:19:49 [INFO] DrFlow2UnloadExecutor:execute:382 - Flow2 步驟 1/5: move_to_point_with_j4
2025-07-23 12:19:49 [DEBUG] DrFlow2UnloadExecutor:_get_flow1_angle_or_default:671 - [動態角度獲取] Flow1角度不可用，使用點位原始J4值: 156.87°
2025-07-23 12:19:49 [INFO] DrFlow2UnloadExecutor:_execute_move_to_point_with_j4:566 - 移動到點位 put_asm_top (動態角度獲取)
2025-07-23 12:19:49 [DEBUG] DrFlow2UnloadExecutor:_execute_move_to_point_with_j4:567 -   關節角度: (j1:-84.2, j2:-29.6, j3:177.3, j4:156.9)
2025-07-23 12:19:49 [DEBUG] DrFlow2UnloadExecutor:_execute_move_to_point_with_j4:568 -   角度來源: point_original
2025-07-23 12:19:49 [DEBUG] DrFlow2UnloadExecutor:_execute_move_to_point_with_j4:569 -   運動參數: speed_j=100, acc_j=100, tool=0
2025-07-23 12:19:49 [INFO] DrFlow2UnloadExecutor:_execute_move_to_point_with_j4:592 -   移動到 put_asm_top 成功 (J4:156.9°)
2025-07-23 12:19:49 [INFO] DrFlow2UnloadExecutor:execute:382 - Flow2 步驟 2/5: move_to_point_with_j4
2025-07-23 12:19:49 [DEBUG] DrFlow2UnloadExecutor:_get_flow1_angle_or_default:671 - [動態角度獲取] Flow1角度不可用，使用點位原始J4值: 156.87°
2025-07-23 12:19:49 [INFO] DrFlow2UnloadExecutor:_execute_move_to_point_with_j4:566 - 移動到點位 put_asm_down (動態角度獲取)
2025-07-23 12:19:49 [DEBUG] DrFlow2UnloadExecutor:_execute_move_to_point_with_j4:567 -   關節角度: (j1:-84.2, j2:-29.6, j3:155.6, j4:156.9)
2025-07-23 12:19:49 [DEBUG] DrFlow2UnloadExecutor:_execute_move_to_point_with_j4:568 -   角度來源: point_original
2025-07-23 12:19:49 [DEBUG] DrFlow2UnloadExecutor:_execute_move_to_point_with_j4:569 -   運動參數: speed_j=100, acc_j=100, tool=0
2025-07-23 12:19:50 [INFO] DrFlow2UnloadExecutor:_execute_move_to_point_with_j4:590 -   移動到 put_asm_down 成功 (J4:156.9°) (含Sync)
2025-07-23 12:19:50 [INFO] DrFlow2UnloadExecutor:execute:382 - Flow2 步驟 3/5: gripper_close
2025-07-23 12:19:52 [INFO] DrFlow2UnloadExecutor:_execute_gripper_close:831 - 夾爪關閉成功
2025-07-23 12:19:52 [INFO] DrFlow2UnloadExecutor:execute:382 - Flow2 步驟 4/5: move_to_point_with_j4
2025-07-23 12:19:52 [DEBUG] DrFlow2UnloadExecutor:_get_flow1_angle_or_default:671 - [動態角度獲取] Flow1角度不可用，使用點位原始J4值: 156.87°
2025-07-23 12:19:52 [INFO] DrFlow2UnloadExecutor:_execute_move_to_point_with_j4:566 - 移動到點位 put_asm_top (動態角度獲取)
2025-07-23 12:19:52 [DEBUG] DrFlow2UnloadExecutor:_execute_move_to_point_with_j4:567 -   關節角度: (j1:-84.2, j2:-29.6, j3:177.3, j4:156.9)
2025-07-23 12:19:52 [DEBUG] DrFlow2UnloadExecutor:_execute_move_to_point_with_j4:568 -   角度來源: point_original
2025-07-23 12:19:52 [DEBUG] DrFlow2UnloadExecutor:_execute_move_to_point_with_j4:569 -   運動參數: speed_j=100, acc_j=100, tool=0
2025-07-23 12:19:52 [INFO] DrFlow2UnloadExecutor:_execute_move_to_point_with_j4:592 -   移動到 put_asm_top 成功 (J4:156.9°)
2025-07-23 12:19:52 [INFO] DrFlow2UnloadExecutor:execute:382 - Flow2 步驟 5/5: move_to_point
2025-07-23 12:19:52 [INFO] DrFlow2UnloadExecutor:_execute_move_to_point_with_parameters:479 - 移動到點位 standby (J)
2025-07-23 12:19:52 [DEBUG] DrFlow2UnloadExecutor:_execute_move_to_point_with_parameters:480 -   關節角度: (j1:-2.7, j2:86.0, j3:238.0, j4:0.1)
2025-07-23 12:19:52 [DEBUG] DrFlow2UnloadExecutor:_execute_move_to_point_with_parameters:481 -   笛卡爾座標: (223.14, 189.28, 238.86, 83.37)
2025-07-23 12:19:52 [DEBUG] DrFlow2UnloadExecutor:_execute_move_to_point_with_parameters:482 -   運動參數: speed_j=100, acc_j=100, speed_l=80, acc_l=80, tool=0
2025-07-23 12:19:52 [INFO] DrFlow2UnloadExecutor:_execute_move_to_point_with_parameters:535 -   移動到 standby 成功 (J)
2025-07-23 12:19:52 [INFO] DrFlow2UnloadExecutor:execute:426 - Flow2執行完成！總耗時: 3.02秒
2025-07-23 12:19:52 [INFO] DrFlow2UnloadExecutor:execute:427 - 精簡組裝流程完成
2025-07-23 12:29:04 [INFO] DrFlow2UnloadExecutor:_load_and_validate_points:260 - Flow2正在載入外部點位檔案...
2025-07-23 12:29:04 [INFO] DrFlow2UnloadExecutor:_load_and_validate_points:278 - 所有必要點位載入成功
2025-07-23 12:29:04 [INFO] DrFlow2UnloadExecutor:build_flow_steps:339 - Flow2支援CASE參數流程步驟建構完成，共5步
2025-07-23 12:29:04 [INFO] DrFlow2UnloadExecutor:build_flow_steps:340 - 新增功能: 手勢切換 + 速度優化 + J4角度控制
2025-07-23 12:29:04 [INFO] DrFlow2UnloadExecutor:__init__:232 - DrFlow2UnloadExecutor初始化完成 (支援CASE參數版)
2025-07-23 12:29:04 [INFO] DrFlow2UnloadExecutor:__init__:233 - 精簡流程: 僅保留組裝序列，put_asm_top和put_asm_down使用Flow1角度值
2025-07-23 12:29:04 [INFO] DrFlow2UnloadExecutor:initialize:242 - Flow2執行器初始化完成 (支援CASE參數版)
2025-07-23 12:29:04 [INFO] DrFlow2UnloadExecutor:initialize:243 -   可用模組: Gripper=True
2025-07-23 12:29:04 [INFO] DrFlow2UnloadExecutor:initialize:244 -   Flow1角度數據: 可用
2025-07-23 12:29:04 [INFO] DrFlow2UnloadExecutor:execute:382 - Flow2 步驟 1/5: move_to_point_with_j4
2025-07-23 12:29:04 [DEBUG] DrFlow2UnloadExecutor:_get_flow1_angle_or_default:671 - [動態角度獲取] Flow1角度不可用，使用點位原始J4值: 156.87°
2025-07-23 12:29:04 [INFO] DrFlow2UnloadExecutor:_execute_move_to_point_with_j4:566 - 移動到點位 put_asm_top (動態角度獲取)
2025-07-23 12:29:04 [DEBUG] DrFlow2UnloadExecutor:_execute_move_to_point_with_j4:567 -   關節角度: (j1:-84.2, j2:-29.6, j3:177.3, j4:156.9)
2025-07-23 12:29:04 [DEBUG] DrFlow2UnloadExecutor:_execute_move_to_point_with_j4:568 -   角度來源: point_original
2025-07-23 12:29:04 [DEBUG] DrFlow2UnloadExecutor:_execute_move_to_point_with_j4:569 -   運動參數: speed_j=100, acc_j=100, tool=0
2025-07-23 12:29:05 [INFO] DrFlow2UnloadExecutor:_execute_move_to_point_with_j4:592 -   移動到 put_asm_top 成功 (J4:156.9°)
2025-07-23 12:29:05 [INFO] DrFlow2UnloadExecutor:execute:382 - Flow2 步驟 2/5: move_to_point_with_j4
2025-07-23 12:29:05 [DEBUG] DrFlow2UnloadExecutor:_get_flow1_angle_or_default:671 - [動態角度獲取] Flow1角度不可用，使用點位原始J4值: 156.87°
2025-07-23 12:29:05 [INFO] DrFlow2UnloadExecutor:_execute_move_to_point_with_j4:566 - 移動到點位 put_asm_down (動態角度獲取)
2025-07-23 12:29:05 [DEBUG] DrFlow2UnloadExecutor:_execute_move_to_point_with_j4:567 -   關節角度: (j1:-84.2, j2:-29.6, j3:155.6, j4:156.9)
2025-07-23 12:29:05 [DEBUG] DrFlow2UnloadExecutor:_execute_move_to_point_with_j4:568 -   角度來源: point_original
2025-07-23 12:29:05 [DEBUG] DrFlow2UnloadExecutor:_execute_move_to_point_with_j4:569 -   運動參數: speed_j=100, acc_j=100, tool=0
2025-07-23 12:29:06 [INFO] DrFlow2UnloadExecutor:_execute_move_to_point_with_j4:590 -   移動到 put_asm_down 成功 (J4:156.9°) (含Sync)
2025-07-23 12:29:06 [INFO] DrFlow2UnloadExecutor:execute:382 - Flow2 步驟 3/5: gripper_close
2025-07-23 12:29:06 [INFO] DrFlow2UnloadExecutor:_execute_gripper_close:831 - 夾爪關閉成功
2025-07-23 12:29:06 [INFO] DrFlow2UnloadExecutor:execute:382 - Flow2 步驟 4/5: move_to_point_with_j4
2025-07-23 12:29:06 [DEBUG] DrFlow2UnloadExecutor:_get_flow1_angle_or_default:671 - [動態角度獲取] Flow1角度不可用，使用點位原始J4值: 156.87°
2025-07-23 12:29:06 [INFO] DrFlow2UnloadExecutor:_execute_move_to_point_with_j4:566 - 移動到點位 put_asm_top (動態角度獲取)
2025-07-23 12:29:06 [DEBUG] DrFlow2UnloadExecutor:_execute_move_to_point_with_j4:567 -   關節角度: (j1:-84.2, j2:-29.6, j3:177.3, j4:156.9)
2025-07-23 12:29:06 [DEBUG] DrFlow2UnloadExecutor:_execute_move_to_point_with_j4:568 -   角度來源: point_original
2025-07-23 12:29:06 [DEBUG] DrFlow2UnloadExecutor:_execute_move_to_point_with_j4:569 -   運動參數: speed_j=100, acc_j=100, tool=0
2025-07-23 12:29:06 [INFO] DrFlow2UnloadExecutor:_execute_move_to_point_with_j4:592 -   移動到 put_asm_top 成功 (J4:156.9°)
2025-07-23 12:29:06 [INFO] DrFlow2UnloadExecutor:execute:382 - Flow2 步驟 5/5: move_to_point
2025-07-23 12:29:06 [INFO] DrFlow2UnloadExecutor:_execute_move_to_point_with_parameters:479 - 移動到點位 standby (J)
2025-07-23 12:29:06 [DEBUG] DrFlow2UnloadExecutor:_execute_move_to_point_with_parameters:480 -   關節角度: (j1:-2.7, j2:86.0, j3:238.0, j4:0.1)
2025-07-23 12:29:06 [DEBUG] DrFlow2UnloadExecutor:_execute_move_to_point_with_parameters:481 -   笛卡爾座標: (223.14, 189.28, 238.86, 83.37)
2025-07-23 12:29:06 [DEBUG] DrFlow2UnloadExecutor:_execute_move_to_point_with_parameters:482 -   運動參數: speed_j=100, acc_j=100, speed_l=80, acc_l=80, tool=0
2025-07-23 12:29:06 [INFO] DrFlow2UnloadExecutor:_execute_move_to_point_with_parameters:535 -   移動到 standby 成功 (J)
2025-07-23 12:29:06 [INFO] DrFlow2UnloadExecutor:execute:426 - Flow2執行完成！總耗時: 1.51秒
2025-07-23 12:29:06 [INFO] DrFlow2UnloadExecutor:execute:427 - 精簡組裝流程完成
2025-07-23 12:29:55 [INFO] DrFlow2UnloadExecutor:execute:382 - Flow2 步驟 1/5: move_to_point_with_j4
2025-07-23 12:29:55 [DEBUG] DrFlow2UnloadExecutor:_get_flow1_angle_or_default:667 - [動態角度獲取] 成功獲取Flow1角度: 69.59°
2025-07-23 12:29:55 [INFO] DrFlow2UnloadExecutor:_execute_move_to_point_with_j4:566 - 移動到點位 put_asm_top (動態角度獲取)
2025-07-23 12:29:55 [DEBUG] DrFlow2UnloadExecutor:_execute_move_to_point_with_j4:567 -   關節角度: (j1:-84.2, j2:-29.6, j3:177.3, j4:69.6)
2025-07-23 12:29:55 [DEBUG] DrFlow2UnloadExecutor:_execute_move_to_point_with_j4:568 -   角度來源: flow1_direct
2025-07-23 12:29:55 [DEBUG] DrFlow2UnloadExecutor:_execute_move_to_point_with_j4:569 -   運動參數: speed_j=100, acc_j=100, tool=0
2025-07-23 12:29:55 [INFO] DrFlow2UnloadExecutor:_execute_move_to_point_with_j4:592 -   移動到 put_asm_top 成功 (J4:69.6°)
2025-07-23 12:29:55 [INFO] DrFlow2UnloadExecutor:execute:382 - Flow2 步驟 2/5: move_to_point_with_j4
2025-07-23 12:29:55 [DEBUG] DrFlow2UnloadExecutor:_get_flow1_angle_or_default:667 - [動態角度獲取] 成功獲取Flow1角度: 69.59°
2025-07-23 12:29:55 [INFO] DrFlow2UnloadExecutor:_execute_move_to_point_with_j4:566 - 移動到點位 put_asm_down (動態角度獲取)
2025-07-23 12:29:55 [DEBUG] DrFlow2UnloadExecutor:_execute_move_to_point_with_j4:567 -   關節角度: (j1:-84.2, j2:-29.6, j3:155.6, j4:69.6)
2025-07-23 12:29:55 [DEBUG] DrFlow2UnloadExecutor:_execute_move_to_point_with_j4:568 -   角度來源: flow1_direct
2025-07-23 12:29:55 [DEBUG] DrFlow2UnloadExecutor:_execute_move_to_point_with_j4:569 -   運動參數: speed_j=100, acc_j=100, tool=0
2025-07-23 12:29:56 [INFO] DrFlow2UnloadExecutor:_execute_move_to_point_with_j4:590 -   移動到 put_asm_down 成功 (J4:69.6°) (含Sync)
2025-07-23 12:29:56 [INFO] DrFlow2UnloadExecutor:execute:382 - Flow2 步驟 3/5: gripper_close
2025-07-23 12:29:56 [INFO] DrFlow2UnloadExecutor:_execute_gripper_close:831 - 夾爪關閉成功
2025-07-23 12:29:56 [INFO] DrFlow2UnloadExecutor:execute:382 - Flow2 步驟 4/5: move_to_point_with_j4
2025-07-23 12:29:56 [DEBUG] DrFlow2UnloadExecutor:_get_flow1_angle_or_default:667 - [動態角度獲取] 成功獲取Flow1角度: 69.59°
2025-07-23 12:29:56 [INFO] DrFlow2UnloadExecutor:_execute_move_to_point_with_j4:566 - 移動到點位 put_asm_top (動態角度獲取)
2025-07-23 12:29:56 [DEBUG] DrFlow2UnloadExecutor:_execute_move_to_point_with_j4:567 -   關節角度: (j1:-84.2, j2:-29.6, j3:177.3, j4:69.6)
2025-07-23 12:29:56 [DEBUG] DrFlow2UnloadExecutor:_execute_move_to_point_with_j4:568 -   角度來源: flow1_direct
2025-07-23 12:29:56 [DEBUG] DrFlow2UnloadExecutor:_execute_move_to_point_with_j4:569 -   運動參數: speed_j=100, acc_j=100, tool=0
2025-07-23 12:29:56 [INFO] DrFlow2UnloadExecutor:_execute_move_to_point_with_j4:592 -   移動到 put_asm_top 成功 (J4:69.6°)
2025-07-23 12:29:56 [INFO] DrFlow2UnloadExecutor:execute:382 - Flow2 步驟 5/5: move_to_point
2025-07-23 12:29:56 [INFO] DrFlow2UnloadExecutor:_execute_move_to_point_with_parameters:479 - 移動到點位 standby (J)
2025-07-23 12:29:56 [DEBUG] DrFlow2UnloadExecutor:_execute_move_to_point_with_parameters:480 -   關節角度: (j1:-2.7, j2:86.0, j3:238.0, j4:0.1)
2025-07-23 12:29:56 [DEBUG] DrFlow2UnloadExecutor:_execute_move_to_point_with_parameters:481 -   笛卡爾座標: (223.14, 189.28, 238.86, 83.37)
2025-07-23 12:29:56 [DEBUG] DrFlow2UnloadExecutor:_execute_move_to_point_with_parameters:482 -   運動參數: speed_j=100, acc_j=100, speed_l=80, acc_l=80, tool=0
2025-07-23 12:29:56 [INFO] DrFlow2UnloadExecutor:_execute_move_to_point_with_parameters:535 -   移動到 standby 成功 (J)
2025-07-23 12:29:56 [INFO] DrFlow2UnloadExecutor:execute:426 - Flow2執行完成！總耗時: 0.78秒
2025-07-23 12:29:56 [INFO] DrFlow2UnloadExecutor:execute:427 - 精簡組裝流程完成
2025-07-23 12:29:56 [INFO] DrFlow2UnloadExecutor:execute:429 - 角度控制: 目標角度=24.59°, 指令角度=69.59°
2025-07-23 12:29:56 [INFO] DrFlow2UnloadExecutor:execute:430 - 角度來源: flow1_direct
2025-07-23 12:29:56 [INFO] DrFlow2UnloadExecutor:execute:431 - J4角度應用: put_asm_top和put_asm_down都使用指令角度69.59°
2025-07-23 12:30:11 [INFO] DrFlow2UnloadExecutor:execute:382 - Flow2 步驟 1/5: move_to_point_with_j4
2025-07-23 12:30:11 [DEBUG] DrFlow2UnloadExecutor:_get_flow1_angle_or_default:667 - [動態角度獲取] 成功獲取Flow1角度: 90.30°
2025-07-23 12:30:11 [INFO] DrFlow2UnloadExecutor:_execute_move_to_point_with_j4:566 - 移動到點位 put_asm_top (動態角度獲取)
2025-07-23 12:30:11 [DEBUG] DrFlow2UnloadExecutor:_execute_move_to_point_with_j4:567 -   關節角度: (j1:-84.2, j2:-29.6, j3:177.3, j4:90.3)
2025-07-23 12:30:11 [DEBUG] DrFlow2UnloadExecutor:_execute_move_to_point_with_j4:568 -   角度來源: flow1_direct
2025-07-23 12:30:11 [DEBUG] DrFlow2UnloadExecutor:_execute_move_to_point_with_j4:569 -   運動參數: speed_j=100, acc_j=100, tool=0
2025-07-23 12:30:11 [INFO] DrFlow2UnloadExecutor:_execute_move_to_point_with_j4:592 -   移動到 put_asm_top 成功 (J4:90.3°)
2025-07-23 12:30:11 [INFO] DrFlow2UnloadExecutor:execute:382 - Flow2 步驟 2/5: move_to_point_with_j4
2025-07-23 12:30:11 [DEBUG] DrFlow2UnloadExecutor:_get_flow1_angle_or_default:667 - [動態角度獲取] 成功獲取Flow1角度: 90.30°
2025-07-23 12:30:11 [INFO] DrFlow2UnloadExecutor:_execute_move_to_point_with_j4:566 - 移動到點位 put_asm_down (動態角度獲取)
2025-07-23 12:30:11 [DEBUG] DrFlow2UnloadExecutor:_execute_move_to_point_with_j4:567 -   關節角度: (j1:-84.2, j2:-29.6, j3:155.6, j4:90.3)
2025-07-23 12:30:11 [DEBUG] DrFlow2UnloadExecutor:_execute_move_to_point_with_j4:568 -   角度來源: flow1_direct
2025-07-23 12:30:11 [DEBUG] DrFlow2UnloadExecutor:_execute_move_to_point_with_j4:569 -   運動參數: speed_j=100, acc_j=100, tool=0
2025-07-23 12:30:11 [INFO] DrFlow2UnloadExecutor:_execute_move_to_point_with_j4:590 -   移動到 put_asm_down 成功 (J4:90.3°) (含Sync)
2025-07-23 12:30:11 [INFO] DrFlow2UnloadExecutor:execute:382 - Flow2 步驟 3/5: gripper_close
2025-07-23 12:30:11 [INFO] DrFlow2UnloadExecutor:_execute_gripper_close:831 - 夾爪關閉成功
2025-07-23 12:30:11 [INFO] DrFlow2UnloadExecutor:execute:382 - Flow2 步驟 4/5: move_to_point_with_j4
2025-07-23 12:30:11 [DEBUG] DrFlow2UnloadExecutor:_get_flow1_angle_or_default:667 - [動態角度獲取] 成功獲取Flow1角度: 90.30°
2025-07-23 12:30:11 [INFO] DrFlow2UnloadExecutor:_execute_move_to_point_with_j4:566 - 移動到點位 put_asm_top (動態角度獲取)
2025-07-23 12:30:11 [DEBUG] DrFlow2UnloadExecutor:_execute_move_to_point_with_j4:567 -   關節角度: (j1:-84.2, j2:-29.6, j3:177.3, j4:90.3)
2025-07-23 12:30:11 [DEBUG] DrFlow2UnloadExecutor:_execute_move_to_point_with_j4:568 -   角度來源: flow1_direct
2025-07-23 12:30:11 [DEBUG] DrFlow2UnloadExecutor:_execute_move_to_point_with_j4:569 -   運動參數: speed_j=100, acc_j=100, tool=0
2025-07-23 12:30:11 [INFO] DrFlow2UnloadExecutor:_execute_move_to_point_with_j4:592 -   移動到 put_asm_top 成功 (J4:90.3°)
2025-07-23 12:30:11 [INFO] DrFlow2UnloadExecutor:execute:382 - Flow2 步驟 5/5: move_to_point
2025-07-23 12:30:11 [INFO] DrFlow2UnloadExecutor:_execute_move_to_point_with_parameters:479 - 移動到點位 standby (J)
2025-07-23 12:30:11 [DEBUG] DrFlow2UnloadExecutor:_execute_move_to_point_with_parameters:480 -   關節角度: (j1:-2.7, j2:86.0, j3:238.0, j4:0.1)
2025-07-23 12:30:11 [DEBUG] DrFlow2UnloadExecutor:_execute_move_to_point_with_parameters:481 -   笛卡爾座標: (223.14, 189.28, 238.86, 83.37)
2025-07-23 12:30:11 [DEBUG] DrFlow2UnloadExecutor:_execute_move_to_point_with_parameters:482 -   運動參數: speed_j=100, acc_j=100, speed_l=80, acc_l=80, tool=0
2025-07-23 12:30:12 [INFO] DrFlow2UnloadExecutor:_execute_move_to_point_with_parameters:535 -   移動到 standby 成功 (J)
2025-07-23 12:30:12 [INFO] DrFlow2UnloadExecutor:execute:426 - Flow2執行完成！總耗時: 0.80秒
2025-07-23 12:30:12 [INFO] DrFlow2UnloadExecutor:execute:427 - 精簡組裝流程完成
2025-07-23 12:30:12 [INFO] DrFlow2UnloadExecutor:execute:429 - 角度控制: 目標角度=45.30°, 指令角度=90.30°
2025-07-23 12:30:12 [INFO] DrFlow2UnloadExecutor:execute:430 - 角度來源: flow1_direct
2025-07-23 12:30:12 [INFO] DrFlow2UnloadExecutor:execute:431 - J4角度應用: put_asm_top和put_asm_down都使用指令角度90.30°
2025-07-23 12:45:58 [INFO] DrFlow2UnloadExecutor:execute:382 - Flow2 步驟 1/5: move_to_point_with_j4
2025-07-23 12:45:58 [DEBUG] DrFlow2UnloadExecutor:_get_flow1_angle_or_default:667 - [動態角度獲取] 成功獲取Flow1角度: 95.46°
2025-07-23 12:45:58 [INFO] DrFlow2UnloadExecutor:_execute_move_to_point_with_j4:566 - 移動到點位 put_asm_top (動態角度獲取)
2025-07-23 12:45:58 [DEBUG] DrFlow2UnloadExecutor:_execute_move_to_point_with_j4:567 -   關節角度: (j1:-84.2, j2:-29.6, j3:177.3, j4:95.5)
2025-07-23 12:45:58 [DEBUG] DrFlow2UnloadExecutor:_execute_move_to_point_with_j4:568 -   角度來源: flow1_direct
2025-07-23 12:45:58 [DEBUG] DrFlow2UnloadExecutor:_execute_move_to_point_with_j4:569 -   運動參數: speed_j=100, acc_j=100, tool=0
2025-07-23 12:45:58 [INFO] DrFlow2UnloadExecutor:_execute_move_to_point_with_j4:592 -   移動到 put_asm_top 成功 (J4:95.5°)
2025-07-23 12:45:58 [INFO] DrFlow2UnloadExecutor:execute:382 - Flow2 步驟 2/5: move_to_point_with_j4
2025-07-23 12:45:58 [DEBUG] DrFlow2UnloadExecutor:_get_flow1_angle_or_default:667 - [動態角度獲取] 成功獲取Flow1角度: 95.46°
2025-07-23 12:45:58 [INFO] DrFlow2UnloadExecutor:_execute_move_to_point_with_j4:566 - 移動到點位 put_asm_down (動態角度獲取)
2025-07-23 12:45:58 [DEBUG] DrFlow2UnloadExecutor:_execute_move_to_point_with_j4:567 -   關節角度: (j1:-84.2, j2:-29.6, j3:155.6, j4:95.5)
2025-07-23 12:45:58 [DEBUG] DrFlow2UnloadExecutor:_execute_move_to_point_with_j4:568 -   角度來源: flow1_direct
2025-07-23 12:45:58 [DEBUG] DrFlow2UnloadExecutor:_execute_move_to_point_with_j4:569 -   運動參數: speed_j=100, acc_j=100, tool=0
2025-07-23 12:45:59 [INFO] DrFlow2UnloadExecutor:_execute_move_to_point_with_j4:590 -   移動到 put_asm_down 成功 (J4:95.5°) (含Sync)
2025-07-23 12:45:59 [INFO] DrFlow2UnloadExecutor:execute:382 - Flow2 步驟 3/5: gripper_close
2025-07-23 12:45:59 [INFO] DrFlow2UnloadExecutor:_execute_gripper_close:831 - 夾爪關閉成功
2025-07-23 12:45:59 [INFO] DrFlow2UnloadExecutor:execute:382 - Flow2 步驟 4/5: move_to_point_with_j4
2025-07-23 12:45:59 [DEBUG] DrFlow2UnloadExecutor:_get_flow1_angle_or_default:667 - [動態角度獲取] 成功獲取Flow1角度: 95.46°
2025-07-23 12:45:59 [INFO] DrFlow2UnloadExecutor:_execute_move_to_point_with_j4:566 - 移動到點位 put_asm_top (動態角度獲取)
2025-07-23 12:45:59 [DEBUG] DrFlow2UnloadExecutor:_execute_move_to_point_with_j4:567 -   關節角度: (j1:-84.2, j2:-29.6, j3:177.3, j4:95.5)
2025-07-23 12:45:59 [DEBUG] DrFlow2UnloadExecutor:_execute_move_to_point_with_j4:568 -   角度來源: flow1_direct
2025-07-23 12:45:59 [DEBUG] DrFlow2UnloadExecutor:_execute_move_to_point_with_j4:569 -   運動參數: speed_j=100, acc_j=100, tool=0
2025-07-23 12:45:59 [INFO] DrFlow2UnloadExecutor:_execute_move_to_point_with_j4:592 -   移動到 put_asm_top 成功 (J4:95.5°)
2025-07-23 12:45:59 [INFO] DrFlow2UnloadExecutor:execute:382 - Flow2 步驟 5/5: move_to_point
2025-07-23 12:45:59 [INFO] DrFlow2UnloadExecutor:_execute_move_to_point_with_parameters:479 - 移動到點位 standby (J)
2025-07-23 12:45:59 [DEBUG] DrFlow2UnloadExecutor:_execute_move_to_point_with_parameters:480 -   關節角度: (j1:-2.7, j2:86.0, j3:238.0, j4:0.1)
2025-07-23 12:45:59 [DEBUG] DrFlow2UnloadExecutor:_execute_move_to_point_with_parameters:481 -   笛卡爾座標: (223.14, 189.28, 238.86, 83.37)
2025-07-23 12:45:59 [DEBUG] DrFlow2UnloadExecutor:_execute_move_to_point_with_parameters:482 -   運動參數: speed_j=100, acc_j=100, speed_l=80, acc_l=80, tool=0
2025-07-23 12:45:59 [INFO] DrFlow2UnloadExecutor:_execute_move_to_point_with_parameters:535 -   移動到 standby 成功 (J)
2025-07-23 12:45:59 [INFO] DrFlow2UnloadExecutor:execute:426 - Flow2執行完成！總耗時: 0.81秒
2025-07-23 12:45:59 [INFO] DrFlow2UnloadExecutor:execute:427 - 精簡組裝流程完成
2025-07-23 12:45:59 [INFO] DrFlow2UnloadExecutor:execute:429 - 角度控制: 目標角度=50.46°, 指令角度=95.46°
2025-07-23 12:45:59 [INFO] DrFlow2UnloadExecutor:execute:430 - 角度來源: flow1_direct
2025-07-23 12:45:59 [INFO] DrFlow2UnloadExecutor:execute:431 - J4角度應用: put_asm_top和put_asm_down都使用指令角度95.46°
2025-07-23 12:47:11 [INFO] DrFlow2UnloadExecutor:execute:382 - Flow2 步驟 1/5: move_to_point_with_j4
2025-07-23 12:47:11 [DEBUG] DrFlow2UnloadExecutor:_get_flow1_angle_or_default:667 - [動態角度獲取] 成功獲取Flow1角度: 130.73°
2025-07-23 12:47:11 [INFO] DrFlow2UnloadExecutor:_execute_move_to_point_with_j4:566 - 移動到點位 put_asm_top (動態角度獲取)
2025-07-23 12:47:11 [DEBUG] DrFlow2UnloadExecutor:_execute_move_to_point_with_j4:567 -   關節角度: (j1:-84.2, j2:-29.6, j3:177.3, j4:130.7)
2025-07-23 12:47:11 [DEBUG] DrFlow2UnloadExecutor:_execute_move_to_point_with_j4:568 -   角度來源: flow1_direct
2025-07-23 12:47:11 [DEBUG] DrFlow2UnloadExecutor:_execute_move_to_point_with_j4:569 -   運動參數: speed_j=100, acc_j=100, tool=0
2025-07-23 12:47:11 [INFO] DrFlow2UnloadExecutor:_execute_move_to_point_with_j4:592 -   移動到 put_asm_top 成功 (J4:130.7°)
2025-07-23 12:47:11 [INFO] DrFlow2UnloadExecutor:execute:382 - Flow2 步驟 2/5: move_to_point_with_j4
2025-07-23 12:47:11 [DEBUG] DrFlow2UnloadExecutor:_get_flow1_angle_or_default:667 - [動態角度獲取] 成功獲取Flow1角度: 130.73°
2025-07-23 12:47:11 [INFO] DrFlow2UnloadExecutor:_execute_move_to_point_with_j4:566 - 移動到點位 put_asm_down (動態角度獲取)
2025-07-23 12:47:11 [DEBUG] DrFlow2UnloadExecutor:_execute_move_to_point_with_j4:567 -   關節角度: (j1:-84.2, j2:-29.6, j3:155.6, j4:130.7)
2025-07-23 12:47:11 [DEBUG] DrFlow2UnloadExecutor:_execute_move_to_point_with_j4:568 -   角度來源: flow1_direct
2025-07-23 12:47:11 [DEBUG] DrFlow2UnloadExecutor:_execute_move_to_point_with_j4:569 -   運動參數: speed_j=100, acc_j=100, tool=0
2025-07-23 12:47:11 [INFO] DrFlow2UnloadExecutor:_execute_move_to_point_with_j4:590 -   移動到 put_asm_down 成功 (J4:130.7°) (含Sync)
2025-07-23 12:47:11 [INFO] DrFlow2UnloadExecutor:execute:382 - Flow2 步驟 3/5: gripper_close
2025-07-23 12:47:11 [INFO] DrFlow2UnloadExecutor:_execute_gripper_close:831 - 夾爪關閉成功
2025-07-23 12:47:11 [INFO] DrFlow2UnloadExecutor:execute:382 - Flow2 步驟 4/5: move_to_point_with_j4
2025-07-23 12:47:11 [DEBUG] DrFlow2UnloadExecutor:_get_flow1_angle_or_default:667 - [動態角度獲取] 成功獲取Flow1角度: 130.73°
2025-07-23 12:47:11 [INFO] DrFlow2UnloadExecutor:_execute_move_to_point_with_j4:566 - 移動到點位 put_asm_top (動態角度獲取)
2025-07-23 12:47:11 [DEBUG] DrFlow2UnloadExecutor:_execute_move_to_point_with_j4:567 -   關節角度: (j1:-84.2, j2:-29.6, j3:177.3, j4:130.7)
2025-07-23 12:47:11 [DEBUG] DrFlow2UnloadExecutor:_execute_move_to_point_with_j4:568 -   角度來源: flow1_direct
2025-07-23 12:47:11 [DEBUG] DrFlow2UnloadExecutor:_execute_move_to_point_with_j4:569 -   運動參數: speed_j=100, acc_j=100, tool=0
2025-07-23 12:47:11 [INFO] DrFlow2UnloadExecutor:_execute_move_to_point_with_j4:592 -   移動到 put_asm_top 成功 (J4:130.7°)
2025-07-23 12:47:11 [INFO] DrFlow2UnloadExecutor:execute:382 - Flow2 步驟 5/5: move_to_point
2025-07-23 12:47:11 [INFO] DrFlow2UnloadExecutor:_execute_move_to_point_with_parameters:479 - 移動到點位 standby (J)
2025-07-23 12:47:11 [DEBUG] DrFlow2UnloadExecutor:_execute_move_to_point_with_parameters:480 -   關節角度: (j1:-2.7, j2:86.0, j3:238.0, j4:0.1)
2025-07-23 12:47:11 [DEBUG] DrFlow2UnloadExecutor:_execute_move_to_point_with_parameters:481 -   笛卡爾座標: (223.14, 189.28, 238.86, 83.37)
2025-07-23 12:47:11 [DEBUG] DrFlow2UnloadExecutor:_execute_move_to_point_with_parameters:482 -   運動參數: speed_j=100, acc_j=100, speed_l=80, acc_l=80, tool=0
2025-07-23 12:47:11 [INFO] DrFlow2UnloadExecutor:_execute_move_to_point_with_parameters:535 -   移動到 standby 成功 (J)
2025-07-23 12:47:11 [INFO] DrFlow2UnloadExecutor:execute:426 - Flow2執行完成！總耗時: 0.79秒
2025-07-23 12:47:11 [INFO] DrFlow2UnloadExecutor:execute:427 - 精簡組裝流程完成
2025-07-23 12:47:11 [INFO] DrFlow2UnloadExecutor:execute:429 - 角度控制: 目標角度=85.73°, 指令角度=130.73°
2025-07-23 12:47:11 [INFO] DrFlow2UnloadExecutor:execute:430 - 角度來源: flow1_direct
2025-07-23 12:47:11 [INFO] DrFlow2UnloadExecutor:execute:431 - J4角度應用: put_asm_top和put_asm_down都使用指令角度130.73°
2025-07-23 12:47:27 [INFO] DrFlow2UnloadExecutor:execute:382 - Flow2 步驟 1/5: move_to_point_with_j4
2025-07-23 12:47:27 [DEBUG] DrFlow2UnloadExecutor:_get_flow1_angle_or_default:667 - [動態角度獲取] 成功獲取Flow1角度: 135.00°
2025-07-23 12:47:27 [INFO] DrFlow2UnloadExecutor:_execute_move_to_point_with_j4:566 - 移動到點位 put_asm_top (動態角度獲取)
2025-07-23 12:47:27 [DEBUG] DrFlow2UnloadExecutor:_execute_move_to_point_with_j4:567 -   關節角度: (j1:-84.2, j2:-29.6, j3:177.3, j4:135.0)
2025-07-23 12:47:27 [DEBUG] DrFlow2UnloadExecutor:_execute_move_to_point_with_j4:568 -   角度來源: flow1_direct
2025-07-23 12:47:27 [DEBUG] DrFlow2UnloadExecutor:_execute_move_to_point_with_j4:569 -   運動參數: speed_j=100, acc_j=100, tool=0
2025-07-23 12:47:27 [INFO] DrFlow2UnloadExecutor:_execute_move_to_point_with_j4:592 -   移動到 put_asm_top 成功 (J4:135.0°)
2025-07-23 12:47:27 [INFO] DrFlow2UnloadExecutor:execute:382 - Flow2 步驟 2/5: move_to_point_with_j4
2025-07-23 12:47:27 [DEBUG] DrFlow2UnloadExecutor:_get_flow1_angle_or_default:667 - [動態角度獲取] 成功獲取Flow1角度: 135.00°
2025-07-23 12:47:27 [INFO] DrFlow2UnloadExecutor:_execute_move_to_point_with_j4:566 - 移動到點位 put_asm_down (動態角度獲取)
2025-07-23 12:47:27 [DEBUG] DrFlow2UnloadExecutor:_execute_move_to_point_with_j4:567 -   關節角度: (j1:-84.2, j2:-29.6, j3:155.6, j4:135.0)
2025-07-23 12:47:27 [DEBUG] DrFlow2UnloadExecutor:_execute_move_to_point_with_j4:568 -   角度來源: flow1_direct
2025-07-23 12:47:27 [DEBUG] DrFlow2UnloadExecutor:_execute_move_to_point_with_j4:569 -   運動參數: speed_j=100, acc_j=100, tool=0
2025-07-23 12:47:28 [INFO] DrFlow2UnloadExecutor:_execute_move_to_point_with_j4:590 -   移動到 put_asm_down 成功 (J4:135.0°) (含Sync)
2025-07-23 12:47:28 [INFO] DrFlow2UnloadExecutor:execute:382 - Flow2 步驟 3/5: gripper_close
2025-07-23 12:47:28 [INFO] DrFlow2UnloadExecutor:_execute_gripper_close:831 - 夾爪關閉成功
2025-07-23 12:47:28 [INFO] DrFlow2UnloadExecutor:execute:382 - Flow2 步驟 4/5: move_to_point_with_j4
2025-07-23 12:47:28 [DEBUG] DrFlow2UnloadExecutor:_get_flow1_angle_or_default:667 - [動態角度獲取] 成功獲取Flow1角度: 135.00°
2025-07-23 12:47:28 [INFO] DrFlow2UnloadExecutor:_execute_move_to_point_with_j4:566 - 移動到點位 put_asm_top (動態角度獲取)
2025-07-23 12:47:28 [DEBUG] DrFlow2UnloadExecutor:_execute_move_to_point_with_j4:567 -   關節角度: (j1:-84.2, j2:-29.6, j3:177.3, j4:135.0)
2025-07-23 12:47:28 [DEBUG] DrFlow2UnloadExecutor:_execute_move_to_point_with_j4:568 -   角度來源: flow1_direct
2025-07-23 12:47:28 [DEBUG] DrFlow2UnloadExecutor:_execute_move_to_point_with_j4:569 -   運動參數: speed_j=100, acc_j=100, tool=0
2025-07-23 12:47:28 [INFO] DrFlow2UnloadExecutor:_execute_move_to_point_with_j4:592 -   移動到 put_asm_top 成功 (J4:135.0°)
2025-07-23 12:47:28 [INFO] DrFlow2UnloadExecutor:execute:382 - Flow2 步驟 5/5: move_to_point
2025-07-23 12:47:28 [INFO] DrFlow2UnloadExecutor:_execute_move_to_point_with_parameters:479 - 移動到點位 standby (J)
2025-07-23 12:47:28 [DEBUG] DrFlow2UnloadExecutor:_execute_move_to_point_with_parameters:480 -   關節角度: (j1:-2.7, j2:86.0, j3:238.0, j4:0.1)
2025-07-23 12:47:28 [DEBUG] DrFlow2UnloadExecutor:_execute_move_to_point_with_parameters:481 -   笛卡爾座標: (223.14, 189.28, 238.86, 83.37)
2025-07-23 12:47:28 [DEBUG] DrFlow2UnloadExecutor:_execute_move_to_point_with_parameters:482 -   運動參數: speed_j=100, acc_j=100, speed_l=80, acc_l=80, tool=0
2025-07-23 12:47:28 [INFO] DrFlow2UnloadExecutor:_execute_move_to_point_with_parameters:535 -   移動到 standby 成功 (J)
2025-07-23 12:47:28 [INFO] DrFlow2UnloadExecutor:execute:426 - Flow2執行完成！總耗時: 1.17秒
2025-07-23 12:47:28 [INFO] DrFlow2UnloadExecutor:execute:427 - 精簡組裝流程完成
2025-07-23 12:47:28 [INFO] DrFlow2UnloadExecutor:execute:429 - 角度控制: 目標角度=90.00°, 指令角度=135.00°
2025-07-23 12:47:28 [INFO] DrFlow2UnloadExecutor:execute:430 - 角度來源: flow1_direct
2025-07-23 12:47:28 [INFO] DrFlow2UnloadExecutor:execute:431 - J4角度應用: put_asm_top和put_asm_down都使用指令角度135.00°
2025-07-23 12:47:35 [INFO] DrFlow2UnloadExecutor:execute:382 - Flow2 步驟 1/5: move_to_point_with_j4
2025-07-23 12:47:35 [DEBUG] DrFlow2UnloadExecutor:_get_flow1_angle_or_default:667 - [動態角度獲取] 成功獲取Flow1角度: 135.00°
2025-07-23 12:47:35 [INFO] DrFlow2UnloadExecutor:_execute_move_to_point_with_j4:566 - 移動到點位 put_asm_top (動態角度獲取)
2025-07-23 12:47:35 [DEBUG] DrFlow2UnloadExecutor:_execute_move_to_point_with_j4:567 -   關節角度: (j1:-84.2, j2:-29.6, j3:177.3, j4:135.0)
2025-07-23 12:47:35 [DEBUG] DrFlow2UnloadExecutor:_execute_move_to_point_with_j4:568 -   角度來源: flow1_direct
2025-07-23 12:47:35 [DEBUG] DrFlow2UnloadExecutor:_execute_move_to_point_with_j4:569 -   運動參數: speed_j=100, acc_j=100, tool=0
2025-07-23 12:47:35 [INFO] DrFlow2UnloadExecutor:_execute_move_to_point_with_j4:592 -   移動到 put_asm_top 成功 (J4:135.0°)
2025-07-23 12:47:35 [INFO] DrFlow2UnloadExecutor:execute:382 - Flow2 步驟 2/5: move_to_point_with_j4
2025-07-23 12:47:35 [DEBUG] DrFlow2UnloadExecutor:_get_flow1_angle_or_default:667 - [動態角度獲取] 成功獲取Flow1角度: 135.00°
2025-07-23 12:47:35 [INFO] DrFlow2UnloadExecutor:_execute_move_to_point_with_j4:566 - 移動到點位 put_asm_down (動態角度獲取)
2025-07-23 12:47:35 [DEBUG] DrFlow2UnloadExecutor:_execute_move_to_point_with_j4:567 -   關節角度: (j1:-84.2, j2:-29.6, j3:155.6, j4:135.0)
2025-07-23 12:47:35 [DEBUG] DrFlow2UnloadExecutor:_execute_move_to_point_with_j4:568 -   角度來源: flow1_direct
2025-07-23 12:47:35 [DEBUG] DrFlow2UnloadExecutor:_execute_move_to_point_with_j4:569 -   運動參數: speed_j=100, acc_j=100, tool=0
2025-07-23 12:47:36 [INFO] DrFlow2UnloadExecutor:_execute_move_to_point_with_j4:590 -   移動到 put_asm_down 成功 (J4:135.0°) (含Sync)
2025-07-23 12:47:36 [INFO] DrFlow2UnloadExecutor:execute:382 - Flow2 步驟 3/5: gripper_close
2025-07-23 12:47:36 [INFO] DrFlow2UnloadExecutor:_execute_gripper_close:831 - 夾爪關閉成功
2025-07-23 12:47:36 [INFO] DrFlow2UnloadExecutor:execute:382 - Flow2 步驟 4/5: move_to_point_with_j4
2025-07-23 12:47:36 [DEBUG] DrFlow2UnloadExecutor:_get_flow1_angle_or_default:667 - [動態角度獲取] 成功獲取Flow1角度: 135.00°
2025-07-23 12:47:36 [INFO] DrFlow2UnloadExecutor:_execute_move_to_point_with_j4:566 - 移動到點位 put_asm_top (動態角度獲取)
2025-07-23 12:47:36 [DEBUG] DrFlow2UnloadExecutor:_execute_move_to_point_with_j4:567 -   關節角度: (j1:-84.2, j2:-29.6, j3:177.3, j4:135.0)
2025-07-23 12:47:36 [DEBUG] DrFlow2UnloadExecutor:_execute_move_to_point_with_j4:568 -   角度來源: flow1_direct
2025-07-23 12:47:36 [DEBUG] DrFlow2UnloadExecutor:_execute_move_to_point_with_j4:569 -   運動參數: speed_j=100, acc_j=100, tool=0
2025-07-23 12:47:36 [INFO] DrFlow2UnloadExecutor:_execute_move_to_point_with_j4:592 -   移動到 put_asm_top 成功 (J4:135.0°)
2025-07-23 12:47:36 [INFO] DrFlow2UnloadExecutor:execute:382 - Flow2 步驟 5/5: move_to_point
2025-07-23 12:47:36 [INFO] DrFlow2UnloadExecutor:_execute_move_to_point_with_parameters:479 - 移動到點位 standby (J)
2025-07-23 12:47:36 [DEBUG] DrFlow2UnloadExecutor:_execute_move_to_point_with_parameters:480 -   關節角度: (j1:-2.7, j2:86.0, j3:238.0, j4:0.1)
2025-07-23 12:47:36 [DEBUG] DrFlow2UnloadExecutor:_execute_move_to_point_with_parameters:481 -   笛卡爾座標: (223.14, 189.28, 238.86, 83.37)
2025-07-23 12:47:36 [DEBUG] DrFlow2UnloadExecutor:_execute_move_to_point_with_parameters:482 -   運動參數: speed_j=100, acc_j=100, speed_l=80, acc_l=80, tool=0
2025-07-23 12:47:37 [INFO] DrFlow2UnloadExecutor:_execute_move_to_point_with_parameters:535 -   移動到 standby 成功 (J)
2025-07-23 12:47:37 [INFO] DrFlow2UnloadExecutor:execute:426 - Flow2執行完成！總耗時: 1.48秒
2025-07-23 12:47:37 [INFO] DrFlow2UnloadExecutor:execute:427 - 精簡組裝流程完成
2025-07-23 12:47:37 [INFO] DrFlow2UnloadExecutor:execute:429 - 角度控制: 目標角度=90.00°, 指令角度=135.00°
2025-07-23 12:47:37 [INFO] DrFlow2UnloadExecutor:execute:430 - 角度來源: flow1_direct
2025-07-23 12:47:37 [INFO] DrFlow2UnloadExecutor:execute:431 - J4角度應用: put_asm_top和put_asm_down都使用指令角度135.00°
2025-07-23 12:49:22 [INFO] DrFlow2UnloadExecutor:execute:382 - Flow2 步驟 1/5: move_to_point_with_j4
2025-07-23 12:49:22 [DEBUG] DrFlow2UnloadExecutor:_get_flow1_angle_or_default:667 - [動態角度獲取] 成功獲取Flow1角度: 60.06°
2025-07-23 12:49:22 [INFO] DrFlow2UnloadExecutor:_execute_move_to_point_with_j4:566 - 移動到點位 put_asm_top (動態角度獲取)
2025-07-23 12:49:22 [DEBUG] DrFlow2UnloadExecutor:_execute_move_to_point_with_j4:567 -   關節角度: (j1:-84.2, j2:-29.6, j3:177.3, j4:60.1)
2025-07-23 12:49:22 [DEBUG] DrFlow2UnloadExecutor:_execute_move_to_point_with_j4:568 -   角度來源: flow1_direct
2025-07-23 12:49:22 [DEBUG] DrFlow2UnloadExecutor:_execute_move_to_point_with_j4:569 -   運動參數: speed_j=100, acc_j=100, tool=0
2025-07-23 12:49:22 [INFO] DrFlow2UnloadExecutor:_execute_move_to_point_with_j4:592 -   移動到 put_asm_top 成功 (J4:60.1°)
2025-07-23 12:49:22 [INFO] DrFlow2UnloadExecutor:execute:382 - Flow2 步驟 2/5: move_to_point_with_j4
2025-07-23 12:49:22 [DEBUG] DrFlow2UnloadExecutor:_get_flow1_angle_or_default:667 - [動態角度獲取] 成功獲取Flow1角度: 60.06°
2025-07-23 12:49:22 [INFO] DrFlow2UnloadExecutor:_execute_move_to_point_with_j4:566 - 移動到點位 put_asm_down (動態角度獲取)
2025-07-23 12:49:22 [DEBUG] DrFlow2UnloadExecutor:_execute_move_to_point_with_j4:567 -   關節角度: (j1:-84.2, j2:-29.6, j3:155.6, j4:60.1)
2025-07-23 12:49:22 [DEBUG] DrFlow2UnloadExecutor:_execute_move_to_point_with_j4:568 -   角度來源: flow1_direct
2025-07-23 12:49:22 [DEBUG] DrFlow2UnloadExecutor:_execute_move_to_point_with_j4:569 -   運動參數: speed_j=100, acc_j=100, tool=0
2025-07-23 12:49:22 [INFO] DrFlow2UnloadExecutor:_execute_move_to_point_with_j4:590 -   移動到 put_asm_down 成功 (J4:60.1°) (含Sync)
2025-07-23 12:49:22 [INFO] DrFlow2UnloadExecutor:execute:382 - Flow2 步驟 3/5: gripper_close
2025-07-23 12:49:22 [INFO] DrFlow2UnloadExecutor:_execute_gripper_close:831 - 夾爪關閉成功
2025-07-23 12:49:22 [INFO] DrFlow2UnloadExecutor:execute:382 - Flow2 步驟 4/5: move_to_point_with_j4
2025-07-23 12:49:22 [DEBUG] DrFlow2UnloadExecutor:_get_flow1_angle_or_default:667 - [動態角度獲取] 成功獲取Flow1角度: 60.06°
2025-07-23 12:49:22 [INFO] DrFlow2UnloadExecutor:_execute_move_to_point_with_j4:566 - 移動到點位 put_asm_top (動態角度獲取)
2025-07-23 12:49:22 [DEBUG] DrFlow2UnloadExecutor:_execute_move_to_point_with_j4:567 -   關節角度: (j1:-84.2, j2:-29.6, j3:177.3, j4:60.1)
2025-07-23 12:49:22 [DEBUG] DrFlow2UnloadExecutor:_execute_move_to_point_with_j4:568 -   角度來源: flow1_direct
2025-07-23 12:49:22 [DEBUG] DrFlow2UnloadExecutor:_execute_move_to_point_with_j4:569 -   運動參數: speed_j=100, acc_j=100, tool=0
2025-07-23 12:49:23 [INFO] DrFlow2UnloadExecutor:_execute_move_to_point_with_j4:592 -   移動到 put_asm_top 成功 (J4:60.1°)
2025-07-23 12:49:23 [INFO] DrFlow2UnloadExecutor:execute:382 - Flow2 步驟 5/5: move_to_point
2025-07-23 12:49:23 [INFO] DrFlow2UnloadExecutor:_execute_move_to_point_with_parameters:479 - 移動到點位 standby (J)
2025-07-23 12:49:23 [DEBUG] DrFlow2UnloadExecutor:_execute_move_to_point_with_parameters:480 -   關節角度: (j1:-2.7, j2:86.0, j3:238.0, j4:0.1)
2025-07-23 12:49:23 [DEBUG] DrFlow2UnloadExecutor:_execute_move_to_point_with_parameters:481 -   笛卡爾座標: (223.14, 189.28, 238.86, 83.37)
2025-07-23 12:49:23 [DEBUG] DrFlow2UnloadExecutor:_execute_move_to_point_with_parameters:482 -   運動參數: speed_j=100, acc_j=100, speed_l=80, acc_l=80, tool=0
2025-07-23 12:49:23 [INFO] DrFlow2UnloadExecutor:_execute_move_to_point_with_parameters:535 -   移動到 standby 成功 (J)
2025-07-23 12:49:23 [INFO] DrFlow2UnloadExecutor:execute:426 - Flow2執行完成！總耗時: 0.80秒
2025-07-23 12:49:23 [INFO] DrFlow2UnloadExecutor:execute:427 - 精簡組裝流程完成
2025-07-23 12:49:23 [INFO] DrFlow2UnloadExecutor:execute:429 - 角度控制: 目標角度=15.06°, 指令角度=60.06°
2025-07-23 12:49:23 [INFO] DrFlow2UnloadExecutor:execute:430 - 角度來源: flow1_direct
2025-07-23 12:49:23 [INFO] DrFlow2UnloadExecutor:execute:431 - J4角度應用: put_asm_top和put_asm_down都使用指令角度60.06°
2025-07-23 12:49:43 [INFO] DrFlow2UnloadExecutor:execute:382 - Flow2 步驟 1/5: move_to_point_with_j4
2025-07-23 12:49:43 [DEBUG] DrFlow2UnloadExecutor:_get_flow1_angle_or_default:667 - [動態角度獲取] 成功獲取Flow1角度: 104.10°
2025-07-23 12:49:43 [INFO] DrFlow2UnloadExecutor:_execute_move_to_point_with_j4:566 - 移動到點位 put_asm_top (動態角度獲取)
2025-07-23 12:49:43 [DEBUG] DrFlow2UnloadExecutor:_execute_move_to_point_with_j4:567 -   關節角度: (j1:-84.2, j2:-29.6, j3:177.3, j4:104.1)
2025-07-23 12:49:43 [DEBUG] DrFlow2UnloadExecutor:_execute_move_to_point_with_j4:568 -   角度來源: flow1_direct
2025-07-23 12:49:43 [DEBUG] DrFlow2UnloadExecutor:_execute_move_to_point_with_j4:569 -   運動參數: speed_j=100, acc_j=100, tool=0
2025-07-23 12:49:43 [INFO] DrFlow2UnloadExecutor:_execute_move_to_point_with_j4:592 -   移動到 put_asm_top 成功 (J4:104.1°)
2025-07-23 12:49:43 [INFO] DrFlow2UnloadExecutor:execute:382 - Flow2 步驟 2/5: move_to_point_with_j4
2025-07-23 12:49:43 [DEBUG] DrFlow2UnloadExecutor:_get_flow1_angle_or_default:667 - [動態角度獲取] 成功獲取Flow1角度: 104.10°
2025-07-23 12:49:43 [INFO] DrFlow2UnloadExecutor:_execute_move_to_point_with_j4:566 - 移動到點位 put_asm_down (動態角度獲取)
2025-07-23 12:49:43 [DEBUG] DrFlow2UnloadExecutor:_execute_move_to_point_with_j4:567 -   關節角度: (j1:-84.2, j2:-29.6, j3:155.6, j4:104.1)
2025-07-23 12:49:43 [DEBUG] DrFlow2UnloadExecutor:_execute_move_to_point_with_j4:568 -   角度來源: flow1_direct
2025-07-23 12:49:43 [DEBUG] DrFlow2UnloadExecutor:_execute_move_to_point_with_j4:569 -   運動參數: speed_j=100, acc_j=100, tool=0
2025-07-23 12:49:44 [INFO] DrFlow2UnloadExecutor:_execute_move_to_point_with_j4:590 -   移動到 put_asm_down 成功 (J4:104.1°) (含Sync)
2025-07-23 12:49:44 [INFO] DrFlow2UnloadExecutor:execute:382 - Flow2 步驟 3/5: gripper_close
2025-07-23 12:49:44 [INFO] DrFlow2UnloadExecutor:_execute_gripper_close:831 - 夾爪關閉成功
2025-07-23 12:49:44 [INFO] DrFlow2UnloadExecutor:execute:382 - Flow2 步驟 4/5: move_to_point_with_j4
2025-07-23 12:49:44 [DEBUG] DrFlow2UnloadExecutor:_get_flow1_angle_or_default:667 - [動態角度獲取] 成功獲取Flow1角度: 104.10°
2025-07-23 12:49:44 [INFO] DrFlow2UnloadExecutor:_execute_move_to_point_with_j4:566 - 移動到點位 put_asm_top (動態角度獲取)
2025-07-23 12:49:44 [DEBUG] DrFlow2UnloadExecutor:_execute_move_to_point_with_j4:567 -   關節角度: (j1:-84.2, j2:-29.6, j3:177.3, j4:104.1)
2025-07-23 12:49:44 [DEBUG] DrFlow2UnloadExecutor:_execute_move_to_point_with_j4:568 -   角度來源: flow1_direct
2025-07-23 12:49:44 [DEBUG] DrFlow2UnloadExecutor:_execute_move_to_point_with_j4:569 -   運動參數: speed_j=100, acc_j=100, tool=0
2025-07-23 12:49:44 [INFO] DrFlow2UnloadExecutor:_execute_move_to_point_with_j4:592 -   移動到 put_asm_top 成功 (J4:104.1°)
2025-07-23 12:49:44 [INFO] DrFlow2UnloadExecutor:execute:382 - Flow2 步驟 5/5: move_to_point
2025-07-23 12:49:44 [INFO] DrFlow2UnloadExecutor:_execute_move_to_point_with_parameters:479 - 移動到點位 standby (J)
2025-07-23 12:49:44 [DEBUG] DrFlow2UnloadExecutor:_execute_move_to_point_with_parameters:480 -   關節角度: (j1:-2.7, j2:86.0, j3:238.0, j4:0.1)
2025-07-23 12:49:44 [DEBUG] DrFlow2UnloadExecutor:_execute_move_to_point_with_parameters:481 -   笛卡爾座標: (223.14, 189.28, 238.86, 83.37)
2025-07-23 12:49:44 [DEBUG] DrFlow2UnloadExecutor:_execute_move_to_point_with_parameters:482 -   運動參數: speed_j=100, acc_j=100, speed_l=80, acc_l=80, tool=0
2025-07-23 12:49:44 [INFO] DrFlow2UnloadExecutor:_execute_move_to_point_with_parameters:535 -   移動到 standby 成功 (J)
2025-07-23 12:49:44 [INFO] DrFlow2UnloadExecutor:execute:426 - Flow2執行完成！總耗時: 0.79秒
2025-07-23 12:49:44 [INFO] DrFlow2UnloadExecutor:execute:427 - 精簡組裝流程完成
2025-07-23 12:49:44 [INFO] DrFlow2UnloadExecutor:execute:429 - 角度控制: 目標角度=59.10°, 指令角度=104.10°
2025-07-23 12:49:44 [INFO] DrFlow2UnloadExecutor:execute:430 - 角度來源: flow1_direct
2025-07-23 12:49:44 [INFO] DrFlow2UnloadExecutor:execute:431 - J4角度應用: put_asm_top和put_asm_down都使用指令角度104.10°
2025-07-23 12:53:36 [INFO] DrFlow2UnloadExecutor:execute:382 - Flow2 步驟 1/5: move_to_point_with_j4
2025-07-23 12:53:36 [DEBUG] DrFlow2UnloadExecutor:_get_flow1_angle_or_default:667 - [動態角度獲取] 成功獲取Flow1角度: 93.93°
2025-07-23 12:53:36 [INFO] DrFlow2UnloadExecutor:_execute_move_to_point_with_j4:566 - 移動到點位 put_asm_top (動態角度獲取)
2025-07-23 12:53:36 [DEBUG] DrFlow2UnloadExecutor:_execute_move_to_point_with_j4:567 -   關節角度: (j1:-84.2, j2:-29.6, j3:177.3, j4:93.9)
2025-07-23 12:53:36 [DEBUG] DrFlow2UnloadExecutor:_execute_move_to_point_with_j4:568 -   角度來源: flow1_direct
2025-07-23 12:53:36 [DEBUG] DrFlow2UnloadExecutor:_execute_move_to_point_with_j4:569 -   運動參數: speed_j=100, acc_j=100, tool=0
2025-07-23 12:53:36 [INFO] DrFlow2UnloadExecutor:_execute_move_to_point_with_j4:592 -   移動到 put_asm_top 成功 (J4:93.9°)
2025-07-23 12:53:36 [INFO] DrFlow2UnloadExecutor:execute:382 - Flow2 步驟 2/5: move_to_point_with_j4
2025-07-23 12:53:36 [DEBUG] DrFlow2UnloadExecutor:_get_flow1_angle_or_default:667 - [動態角度獲取] 成功獲取Flow1角度: 93.93°
2025-07-23 12:53:36 [INFO] DrFlow2UnloadExecutor:_execute_move_to_point_with_j4:566 - 移動到點位 put_asm_down (動態角度獲取)
2025-07-23 12:53:36 [DEBUG] DrFlow2UnloadExecutor:_execute_move_to_point_with_j4:567 -   關節角度: (j1:-84.2, j2:-29.6, j3:155.6, j4:93.9)
2025-07-23 12:53:36 [DEBUG] DrFlow2UnloadExecutor:_execute_move_to_point_with_j4:568 -   角度來源: flow1_direct
2025-07-23 12:53:36 [DEBUG] DrFlow2UnloadExecutor:_execute_move_to_point_with_j4:569 -   運動參數: speed_j=100, acc_j=100, tool=0
2025-07-23 12:53:36 [INFO] DrFlow2UnloadExecutor:_execute_move_to_point_with_j4:590 -   移動到 put_asm_down 成功 (J4:93.9°) (含Sync)
2025-07-23 12:53:36 [INFO] DrFlow2UnloadExecutor:execute:382 - Flow2 步驟 3/5: gripper_close
2025-07-23 12:53:36 [INFO] DrFlow2UnloadExecutor:_execute_gripper_close:831 - 夾爪關閉成功
2025-07-23 12:53:36 [INFO] DrFlow2UnloadExecutor:execute:382 - Flow2 步驟 4/5: move_to_point_with_j4
2025-07-23 12:53:36 [DEBUG] DrFlow2UnloadExecutor:_get_flow1_angle_or_default:667 - [動態角度獲取] 成功獲取Flow1角度: 93.93°
2025-07-23 12:53:36 [INFO] DrFlow2UnloadExecutor:_execute_move_to_point_with_j4:566 - 移動到點位 put_asm_top (動態角度獲取)
2025-07-23 12:53:36 [DEBUG] DrFlow2UnloadExecutor:_execute_move_to_point_with_j4:567 -   關節角度: (j1:-84.2, j2:-29.6, j3:177.3, j4:93.9)
2025-07-23 12:53:36 [DEBUG] DrFlow2UnloadExecutor:_execute_move_to_point_with_j4:568 -   角度來源: flow1_direct
2025-07-23 12:53:36 [DEBUG] DrFlow2UnloadExecutor:_execute_move_to_point_with_j4:569 -   運動參數: speed_j=100, acc_j=100, tool=0
2025-07-23 12:53:36 [INFO] DrFlow2UnloadExecutor:_execute_move_to_point_with_j4:592 -   移動到 put_asm_top 成功 (J4:93.9°)
2025-07-23 12:53:36 [INFO] DrFlow2UnloadExecutor:execute:382 - Flow2 步驟 5/5: move_to_point
2025-07-23 12:53:36 [INFO] DrFlow2UnloadExecutor:_execute_move_to_point_with_parameters:479 - 移動到點位 standby (J)
2025-07-23 12:53:36 [DEBUG] DrFlow2UnloadExecutor:_execute_move_to_point_with_parameters:480 -   關節角度: (j1:-2.7, j2:86.0, j3:238.0, j4:0.1)
2025-07-23 12:53:36 [DEBUG] DrFlow2UnloadExecutor:_execute_move_to_point_with_parameters:481 -   笛卡爾座標: (223.14, 189.28, 238.86, 83.37)
2025-07-23 12:53:36 [DEBUG] DrFlow2UnloadExecutor:_execute_move_to_point_with_parameters:482 -   運動參數: speed_j=100, acc_j=100, speed_l=80, acc_l=80, tool=0
2025-07-23 12:53:36 [INFO] DrFlow2UnloadExecutor:_execute_move_to_point_with_parameters:535 -   移動到 standby 成功 (J)
2025-07-23 12:53:36 [INFO] DrFlow2UnloadExecutor:execute:426 - Flow2執行完成！總耗時: 0.79秒
2025-07-23 12:53:36 [INFO] DrFlow2UnloadExecutor:execute:427 - 精簡組裝流程完成
2025-07-23 12:53:36 [INFO] DrFlow2UnloadExecutor:execute:429 - 角度控制: 目標角度=48.93°, 指令角度=93.93°
2025-07-23 12:53:36 [INFO] DrFlow2UnloadExecutor:execute:430 - 角度來源: flow1_direct
2025-07-23 12:53:36 [INFO] DrFlow2UnloadExecutor:execute:431 - J4角度應用: put_asm_top和put_asm_down都使用指令角度93.93°
2025-07-23 12:54:08 [INFO] DrFlow2UnloadExecutor:execute:382 - Flow2 步驟 1/5: move_to_point_with_j4
2025-07-23 12:54:08 [DEBUG] DrFlow2UnloadExecutor:_get_flow1_angle_or_default:667 - [動態角度獲取] 成功獲取Flow1角度: 135.00°
2025-07-23 12:54:08 [INFO] DrFlow2UnloadExecutor:_execute_move_to_point_with_j4:566 - 移動到點位 put_asm_top (動態角度獲取)
2025-07-23 12:54:08 [DEBUG] DrFlow2UnloadExecutor:_execute_move_to_point_with_j4:567 -   關節角度: (j1:-84.2, j2:-29.6, j3:177.3, j4:135.0)
2025-07-23 12:54:08 [DEBUG] DrFlow2UnloadExecutor:_execute_move_to_point_with_j4:568 -   角度來源: flow1_direct
2025-07-23 12:54:08 [DEBUG] DrFlow2UnloadExecutor:_execute_move_to_point_with_j4:569 -   運動參數: speed_j=100, acc_j=100, tool=0
2025-07-23 12:54:08 [INFO] DrFlow2UnloadExecutor:_execute_move_to_point_with_j4:592 -   移動到 put_asm_top 成功 (J4:135.0°)
2025-07-23 12:54:08 [INFO] DrFlow2UnloadExecutor:execute:382 - Flow2 步驟 2/5: move_to_point_with_j4
2025-07-23 12:54:08 [DEBUG] DrFlow2UnloadExecutor:_get_flow1_angle_or_default:667 - [動態角度獲取] 成功獲取Flow1角度: 135.00°
2025-07-23 12:54:08 [INFO] DrFlow2UnloadExecutor:_execute_move_to_point_with_j4:566 - 移動到點位 put_asm_down (動態角度獲取)
2025-07-23 12:54:08 [DEBUG] DrFlow2UnloadExecutor:_execute_move_to_point_with_j4:567 -   關節角度: (j1:-84.2, j2:-29.6, j3:155.6, j4:135.0)
2025-07-23 12:54:08 [DEBUG] DrFlow2UnloadExecutor:_execute_move_to_point_with_j4:568 -   角度來源: flow1_direct
2025-07-23 12:54:08 [DEBUG] DrFlow2UnloadExecutor:_execute_move_to_point_with_j4:569 -   運動參數: speed_j=100, acc_j=100, tool=0
2025-07-23 12:54:08 [INFO] DrFlow2UnloadExecutor:_execute_move_to_point_with_j4:590 -   移動到 put_asm_down 成功 (J4:135.0°) (含Sync)
2025-07-23 12:54:08 [INFO] DrFlow2UnloadExecutor:execute:382 - Flow2 步驟 3/5: gripper_close
2025-07-23 12:54:08 [INFO] DrFlow2UnloadExecutor:_execute_gripper_close:831 - 夾爪關閉成功
2025-07-23 12:54:08 [INFO] DrFlow2UnloadExecutor:execute:382 - Flow2 步驟 4/5: move_to_point_with_j4
2025-07-23 12:54:08 [DEBUG] DrFlow2UnloadExecutor:_get_flow1_angle_or_default:667 - [動態角度獲取] 成功獲取Flow1角度: 135.00°
2025-07-23 12:54:08 [INFO] DrFlow2UnloadExecutor:_execute_move_to_point_with_j4:566 - 移動到點位 put_asm_top (動態角度獲取)
2025-07-23 12:54:08 [DEBUG] DrFlow2UnloadExecutor:_execute_move_to_point_with_j4:567 -   關節角度: (j1:-84.2, j2:-29.6, j3:177.3, j4:135.0)
2025-07-23 12:54:08 [DEBUG] DrFlow2UnloadExecutor:_execute_move_to_point_with_j4:568 -   角度來源: flow1_direct
2025-07-23 12:54:08 [DEBUG] DrFlow2UnloadExecutor:_execute_move_to_point_with_j4:569 -   運動參數: speed_j=100, acc_j=100, tool=0
2025-07-23 12:54:08 [INFO] DrFlow2UnloadExecutor:_execute_move_to_point_with_j4:592 -   移動到 put_asm_top 成功 (J4:135.0°)
2025-07-23 12:54:08 [INFO] DrFlow2UnloadExecutor:execute:382 - Flow2 步驟 5/5: move_to_point
2025-07-23 12:54:08 [INFO] DrFlow2UnloadExecutor:_execute_move_to_point_with_parameters:479 - 移動到點位 standby (J)
2025-07-23 12:54:08 [DEBUG] DrFlow2UnloadExecutor:_execute_move_to_point_with_parameters:480 -   關節角度: (j1:-2.7, j2:86.0, j3:238.0, j4:0.1)
2025-07-23 12:54:08 [DEBUG] DrFlow2UnloadExecutor:_execute_move_to_point_with_parameters:481 -   笛卡爾座標: (223.14, 189.28, 238.86, 83.37)
2025-07-23 12:54:08 [DEBUG] DrFlow2UnloadExecutor:_execute_move_to_point_with_parameters:482 -   運動參數: speed_j=100, acc_j=100, speed_l=80, acc_l=80, tool=0
2025-07-23 12:54:09 [INFO] DrFlow2UnloadExecutor:_execute_move_to_point_with_parameters:535 -   移動到 standby 成功 (J)
2025-07-23 12:54:09 [INFO] DrFlow2UnloadExecutor:execute:426 - Flow2執行完成！總耗時: 0.79秒
2025-07-23 12:54:09 [INFO] DrFlow2UnloadExecutor:execute:427 - 精簡組裝流程完成
2025-07-23 12:54:09 [INFO] DrFlow2UnloadExecutor:execute:429 - 角度控制: 目標角度=90.00°, 指令角度=135.00°
2025-07-23 12:54:09 [INFO] DrFlow2UnloadExecutor:execute:430 - 角度來源: flow1_direct
2025-07-23 12:54:09 [INFO] DrFlow2UnloadExecutor:execute:431 - J4角度應用: put_asm_top和put_asm_down都使用指令角度135.00°
2025-07-23 13:00:45 [INFO] DrFlow2UnloadExecutor:execute:382 - Flow2 步驟 1/5: move_to_point_with_j4
2025-07-23 13:00:45 [DEBUG] DrFlow2UnloadExecutor:_get_flow1_angle_or_default:667 - [動態角度獲取] 成功獲取Flow1角度: 98.74°
2025-07-23 13:00:45 [INFO] DrFlow2UnloadExecutor:_execute_move_to_point_with_j4:566 - 移動到點位 put_asm_top (動態角度獲取)
2025-07-23 13:00:45 [DEBUG] DrFlow2UnloadExecutor:_execute_move_to_point_with_j4:567 -   關節角度: (j1:-84.2, j2:-29.6, j3:177.3, j4:98.7)
2025-07-23 13:00:45 [DEBUG] DrFlow2UnloadExecutor:_execute_move_to_point_with_j4:568 -   角度來源: flow1_direct
2025-07-23 13:00:45 [DEBUG] DrFlow2UnloadExecutor:_execute_move_to_point_with_j4:569 -   運動參數: speed_j=100, acc_j=100, tool=0
2025-07-23 13:00:45 [INFO] DrFlow2UnloadExecutor:_execute_move_to_point_with_j4:592 -   移動到 put_asm_top 成功 (J4:98.7°)
2025-07-23 13:00:45 [INFO] DrFlow2UnloadExecutor:execute:382 - Flow2 步驟 2/5: move_to_point_with_j4
2025-07-23 13:00:45 [DEBUG] DrFlow2UnloadExecutor:_get_flow1_angle_or_default:667 - [動態角度獲取] 成功獲取Flow1角度: 98.74°
2025-07-23 13:00:45 [INFO] DrFlow2UnloadExecutor:_execute_move_to_point_with_j4:566 - 移動到點位 put_asm_down (動態角度獲取)
2025-07-23 13:00:45 [DEBUG] DrFlow2UnloadExecutor:_execute_move_to_point_with_j4:567 -   關節角度: (j1:-84.2, j2:-29.6, j3:155.6, j4:98.7)
2025-07-23 13:00:45 [DEBUG] DrFlow2UnloadExecutor:_execute_move_to_point_with_j4:568 -   角度來源: flow1_direct
2025-07-23 13:00:45 [DEBUG] DrFlow2UnloadExecutor:_execute_move_to_point_with_j4:569 -   運動參數: speed_j=100, acc_j=100, tool=0
2025-07-23 13:00:46 [INFO] DrFlow2UnloadExecutor:_execute_move_to_point_with_j4:590 -   移動到 put_asm_down 成功 (J4:98.7°) (含Sync)
2025-07-23 13:00:46 [INFO] DrFlow2UnloadExecutor:execute:382 - Flow2 步驟 3/5: gripper_close
2025-07-23 13:00:46 [INFO] DrFlow2UnloadExecutor:_execute_gripper_close:831 - 夾爪關閉成功
2025-07-23 13:00:46 [INFO] DrFlow2UnloadExecutor:execute:382 - Flow2 步驟 4/5: move_to_point_with_j4
2025-07-23 13:00:46 [DEBUG] DrFlow2UnloadExecutor:_get_flow1_angle_or_default:667 - [動態角度獲取] 成功獲取Flow1角度: 98.74°
2025-07-23 13:00:46 [INFO] DrFlow2UnloadExecutor:_execute_move_to_point_with_j4:566 - 移動到點位 put_asm_top (動態角度獲取)
2025-07-23 13:00:46 [DEBUG] DrFlow2UnloadExecutor:_execute_move_to_point_with_j4:567 -   關節角度: (j1:-84.2, j2:-29.6, j3:177.3, j4:98.7)
2025-07-23 13:00:46 [DEBUG] DrFlow2UnloadExecutor:_execute_move_to_point_with_j4:568 -   角度來源: flow1_direct
2025-07-23 13:00:46 [DEBUG] DrFlow2UnloadExecutor:_execute_move_to_point_with_j4:569 -   運動參數: speed_j=100, acc_j=100, tool=0
2025-07-23 13:00:46 [INFO] DrFlow2UnloadExecutor:_execute_move_to_point_with_j4:592 -   移動到 put_asm_top 成功 (J4:98.7°)
2025-07-23 13:00:46 [INFO] DrFlow2UnloadExecutor:execute:382 - Flow2 步驟 5/5: move_to_point
2025-07-23 13:00:46 [INFO] DrFlow2UnloadExecutor:_execute_move_to_point_with_parameters:479 - 移動到點位 standby (J)
2025-07-23 13:00:46 [DEBUG] DrFlow2UnloadExecutor:_execute_move_to_point_with_parameters:480 -   關節角度: (j1:-2.7, j2:86.0, j3:238.0, j4:0.1)
2025-07-23 13:00:46 [DEBUG] DrFlow2UnloadExecutor:_execute_move_to_point_with_parameters:481 -   笛卡爾座標: (223.14, 189.28, 238.86, 83.37)
2025-07-23 13:00:46 [DEBUG] DrFlow2UnloadExecutor:_execute_move_to_point_with_parameters:482 -   運動參數: speed_j=100, acc_j=100, speed_l=80, acc_l=80, tool=0
2025-07-23 13:00:46 [INFO] DrFlow2UnloadExecutor:_execute_move_to_point_with_parameters:535 -   移動到 standby 成功 (J)
2025-07-23 13:00:46 [INFO] DrFlow2UnloadExecutor:execute:426 - Flow2執行完成！總耗時: 0.79秒
2025-07-23 13:00:46 [INFO] DrFlow2UnloadExecutor:execute:427 - 精簡組裝流程完成
2025-07-23 13:00:46 [INFO] DrFlow2UnloadExecutor:execute:429 - 角度控制: 目標角度=53.74°, 指令角度=98.74°
2025-07-23 13:00:46 [INFO] DrFlow2UnloadExecutor:execute:430 - 角度來源: flow1_direct
2025-07-23 13:00:46 [INFO] DrFlow2UnloadExecutor:execute:431 - J4角度應用: put_asm_top和put_asm_down都使用指令角度98.74°
2025-07-23 13:00:56 [INFO] DrFlow2UnloadExecutor:execute:382 - Flow2 步驟 1/5: move_to_point_with_j4
2025-07-23 13:00:56 [DEBUG] DrFlow2UnloadExecutor:_get_flow1_angle_or_default:667 - [動態角度獲取] 成功獲取Flow1角度: 63.56°
2025-07-23 13:00:56 [INFO] DrFlow2UnloadExecutor:_execute_move_to_point_with_j4:566 - 移動到點位 put_asm_top (動態角度獲取)
2025-07-23 13:00:56 [DEBUG] DrFlow2UnloadExecutor:_execute_move_to_point_with_j4:567 -   關節角度: (j1:-84.2, j2:-29.6, j3:177.3, j4:63.6)
2025-07-23 13:00:56 [DEBUG] DrFlow2UnloadExecutor:_execute_move_to_point_with_j4:568 -   角度來源: flow1_direct
2025-07-23 13:00:56 [DEBUG] DrFlow2UnloadExecutor:_execute_move_to_point_with_j4:569 -   運動參數: speed_j=100, acc_j=100, tool=0
2025-07-23 13:00:57 [INFO] DrFlow2UnloadExecutor:_execute_move_to_point_with_j4:592 -   移動到 put_asm_top 成功 (J4:63.6°)
2025-07-23 13:00:57 [INFO] DrFlow2UnloadExecutor:execute:382 - Flow2 步驟 2/5: move_to_point_with_j4
2025-07-23 13:00:57 [DEBUG] DrFlow2UnloadExecutor:_get_flow1_angle_or_default:667 - [動態角度獲取] 成功獲取Flow1角度: 63.56°
2025-07-23 13:00:57 [INFO] DrFlow2UnloadExecutor:_execute_move_to_point_with_j4:566 - 移動到點位 put_asm_down (動態角度獲取)
2025-07-23 13:00:57 [DEBUG] DrFlow2UnloadExecutor:_execute_move_to_point_with_j4:567 -   關節角度: (j1:-84.2, j2:-29.6, j3:155.6, j4:63.6)
2025-07-23 13:00:57 [DEBUG] DrFlow2UnloadExecutor:_execute_move_to_point_with_j4:568 -   角度來源: flow1_direct
2025-07-23 13:00:57 [DEBUG] DrFlow2UnloadExecutor:_execute_move_to_point_with_j4:569 -   運動參數: speed_j=100, acc_j=100, tool=0
2025-07-23 13:00:57 [INFO] DrFlow2UnloadExecutor:_execute_move_to_point_with_j4:590 -   移動到 put_asm_down 成功 (J4:63.6°) (含Sync)
2025-07-23 13:00:57 [INFO] DrFlow2UnloadExecutor:execute:382 - Flow2 步驟 3/5: gripper_close
2025-07-23 13:00:57 [INFO] DrFlow2UnloadExecutor:_execute_gripper_close:831 - 夾爪關閉成功
2025-07-23 13:00:57 [INFO] DrFlow2UnloadExecutor:execute:382 - Flow2 步驟 4/5: move_to_point_with_j4
2025-07-23 13:00:57 [DEBUG] DrFlow2UnloadExecutor:_get_flow1_angle_or_default:667 - [動態角度獲取] 成功獲取Flow1角度: 63.56°
2025-07-23 13:00:57 [INFO] DrFlow2UnloadExecutor:_execute_move_to_point_with_j4:566 - 移動到點位 put_asm_top (動態角度獲取)
2025-07-23 13:00:57 [DEBUG] DrFlow2UnloadExecutor:_execute_move_to_point_with_j4:567 -   關節角度: (j1:-84.2, j2:-29.6, j3:177.3, j4:63.6)
2025-07-23 13:00:57 [DEBUG] DrFlow2UnloadExecutor:_execute_move_to_point_with_j4:568 -   角度來源: flow1_direct
2025-07-23 13:00:57 [DEBUG] DrFlow2UnloadExecutor:_execute_move_to_point_with_j4:569 -   運動參數: speed_j=100, acc_j=100, tool=0
2025-07-23 13:00:57 [INFO] DrFlow2UnloadExecutor:_execute_move_to_point_with_j4:592 -   移動到 put_asm_top 成功 (J4:63.6°)
2025-07-23 13:00:57 [INFO] DrFlow2UnloadExecutor:execute:382 - Flow2 步驟 5/5: move_to_point
2025-07-23 13:00:57 [INFO] DrFlow2UnloadExecutor:_execute_move_to_point_with_parameters:479 - 移動到點位 standby (J)
2025-07-23 13:00:57 [DEBUG] DrFlow2UnloadExecutor:_execute_move_to_point_with_parameters:480 -   關節角度: (j1:-2.7, j2:86.0, j3:238.0, j4:0.1)
2025-07-23 13:00:57 [DEBUG] DrFlow2UnloadExecutor:_execute_move_to_point_with_parameters:481 -   笛卡爾座標: (223.14, 189.28, 238.86, 83.37)
2025-07-23 13:00:57 [DEBUG] DrFlow2UnloadExecutor:_execute_move_to_point_with_parameters:482 -   運動參數: speed_j=100, acc_j=100, speed_l=80, acc_l=80, tool=0
2025-07-23 13:00:57 [INFO] DrFlow2UnloadExecutor:_execute_move_to_point_with_parameters:535 -   移動到 standby 成功 (J)
2025-07-23 13:00:57 [INFO] DrFlow2UnloadExecutor:execute:426 - Flow2執行完成！總耗時: 0.79秒
2025-07-23 13:00:57 [INFO] DrFlow2UnloadExecutor:execute:427 - 精簡組裝流程完成
2025-07-23 13:00:57 [INFO] DrFlow2UnloadExecutor:execute:429 - 角度控制: 目標角度=18.56°, 指令角度=63.56°
2025-07-23 13:00:57 [INFO] DrFlow2UnloadExecutor:execute:430 - 角度來源: flow1_direct
2025-07-23 13:00:57 [INFO] DrFlow2UnloadExecutor:execute:431 - J4角度應用: put_asm_top和put_asm_down都使用指令角度63.56°
2025-07-23 13:01:07 [INFO] DrFlow2UnloadExecutor:execute:382 - Flow2 步驟 1/5: move_to_point_with_j4
2025-07-23 13:01:07 [DEBUG] DrFlow2UnloadExecutor:_get_flow1_angle_or_default:667 - [動態角度獲取] 成功獲取Flow1角度: 57.15°
2025-07-23 13:01:07 [INFO] DrFlow2UnloadExecutor:_execute_move_to_point_with_j4:566 - 移動到點位 put_asm_top (動態角度獲取)
2025-07-23 13:01:07 [DEBUG] DrFlow2UnloadExecutor:_execute_move_to_point_with_j4:567 -   關節角度: (j1:-84.2, j2:-29.6, j3:177.3, j4:57.1)
2025-07-23 13:01:07 [DEBUG] DrFlow2UnloadExecutor:_execute_move_to_point_with_j4:568 -   角度來源: flow1_direct
2025-07-23 13:01:07 [DEBUG] DrFlow2UnloadExecutor:_execute_move_to_point_with_j4:569 -   運動參數: speed_j=100, acc_j=100, tool=0
2025-07-23 13:01:07 [INFO] DrFlow2UnloadExecutor:_execute_move_to_point_with_j4:592 -   移動到 put_asm_top 成功 (J4:57.1°)
2025-07-23 13:01:07 [INFO] DrFlow2UnloadExecutor:execute:382 - Flow2 步驟 2/5: move_to_point_with_j4
2025-07-23 13:01:07 [DEBUG] DrFlow2UnloadExecutor:_get_flow1_angle_or_default:667 - [動態角度獲取] 成功獲取Flow1角度: 57.15°
2025-07-23 13:01:07 [INFO] DrFlow2UnloadExecutor:_execute_move_to_point_with_j4:566 - 移動到點位 put_asm_down (動態角度獲取)
2025-07-23 13:01:07 [DEBUG] DrFlow2UnloadExecutor:_execute_move_to_point_with_j4:567 -   關節角度: (j1:-84.2, j2:-29.6, j3:155.6, j4:57.1)
2025-07-23 13:01:07 [DEBUG] DrFlow2UnloadExecutor:_execute_move_to_point_with_j4:568 -   角度來源: flow1_direct
2025-07-23 13:01:07 [DEBUG] DrFlow2UnloadExecutor:_execute_move_to_point_with_j4:569 -   運動參數: speed_j=100, acc_j=100, tool=0
2025-07-23 13:01:07 [INFO] DrFlow2UnloadExecutor:_execute_move_to_point_with_j4:590 -   移動到 put_asm_down 成功 (J4:57.1°) (含Sync)
2025-07-23 13:01:07 [INFO] DrFlow2UnloadExecutor:execute:382 - Flow2 步驟 3/5: gripper_close
2025-07-23 13:01:07 [INFO] DrFlow2UnloadExecutor:_execute_gripper_close:831 - 夾爪關閉成功
2025-07-23 13:01:07 [INFO] DrFlow2UnloadExecutor:execute:382 - Flow2 步驟 4/5: move_to_point_with_j4
2025-07-23 13:01:07 [DEBUG] DrFlow2UnloadExecutor:_get_flow1_angle_or_default:667 - [動態角度獲取] 成功獲取Flow1角度: 57.15°
2025-07-23 13:01:07 [INFO] DrFlow2UnloadExecutor:_execute_move_to_point_with_j4:566 - 移動到點位 put_asm_top (動態角度獲取)
2025-07-23 13:01:07 [DEBUG] DrFlow2UnloadExecutor:_execute_move_to_point_with_j4:567 -   關節角度: (j1:-84.2, j2:-29.6, j3:177.3, j4:57.1)
2025-07-23 13:01:07 [DEBUG] DrFlow2UnloadExecutor:_execute_move_to_point_with_j4:568 -   角度來源: flow1_direct
2025-07-23 13:01:07 [DEBUG] DrFlow2UnloadExecutor:_execute_move_to_point_with_j4:569 -   運動參數: speed_j=100, acc_j=100, tool=0
2025-07-23 13:01:07 [INFO] DrFlow2UnloadExecutor:_execute_move_to_point_with_j4:592 -   移動到 put_asm_top 成功 (J4:57.1°)
2025-07-23 13:01:07 [INFO] DrFlow2UnloadExecutor:execute:382 - Flow2 步驟 5/5: move_to_point
2025-07-23 13:01:07 [INFO] DrFlow2UnloadExecutor:_execute_move_to_point_with_parameters:479 - 移動到點位 standby (J)
2025-07-23 13:01:07 [DEBUG] DrFlow2UnloadExecutor:_execute_move_to_point_with_parameters:480 -   關節角度: (j1:-2.7, j2:86.0, j3:238.0, j4:0.1)
2025-07-23 13:01:07 [DEBUG] DrFlow2UnloadExecutor:_execute_move_to_point_with_parameters:481 -   笛卡爾座標: (223.14, 189.28, 238.86, 83.37)
2025-07-23 13:01:07 [DEBUG] DrFlow2UnloadExecutor:_execute_move_to_point_with_parameters:482 -   運動參數: speed_j=100, acc_j=100, speed_l=80, acc_l=80, tool=0
2025-07-23 13:01:08 [INFO] DrFlow2UnloadExecutor:_execute_move_to_point_with_parameters:535 -   移動到 standby 成功 (J)
2025-07-23 13:01:08 [INFO] DrFlow2UnloadExecutor:execute:426 - Flow2執行完成！總耗時: 0.78秒
2025-07-23 13:01:08 [INFO] DrFlow2UnloadExecutor:execute:427 - 精簡組裝流程完成
2025-07-23 13:01:08 [INFO] DrFlow2UnloadExecutor:execute:429 - 角度控制: 目標角度=12.15°, 指令角度=57.15°
2025-07-23 13:01:08 [INFO] DrFlow2UnloadExecutor:execute:430 - 角度來源: flow1_direct
2025-07-23 13:01:08 [INFO] DrFlow2UnloadExecutor:execute:431 - J4角度應用: put_asm_top和put_asm_down都使用指令角度57.15°
2025-07-23 13:01:43 [INFO] DrFlow2UnloadExecutor:execute:382 - Flow2 步驟 1/5: move_to_point_with_j4
2025-07-23 13:01:43 [DEBUG] DrFlow2UnloadExecutor:_get_flow1_angle_or_default:667 - [動態角度獲取] 成功獲取Flow1角度: 129.76°
2025-07-23 13:01:43 [INFO] DrFlow2UnloadExecutor:_execute_move_to_point_with_j4:566 - 移動到點位 put_asm_top (動態角度獲取)
2025-07-23 13:01:43 [DEBUG] DrFlow2UnloadExecutor:_execute_move_to_point_with_j4:567 -   關節角度: (j1:-84.2, j2:-29.6, j3:177.3, j4:129.8)
2025-07-23 13:01:43 [DEBUG] DrFlow2UnloadExecutor:_execute_move_to_point_with_j4:568 -   角度來源: flow1_direct
2025-07-23 13:01:43 [DEBUG] DrFlow2UnloadExecutor:_execute_move_to_point_with_j4:569 -   運動參數: speed_j=100, acc_j=100, tool=0
2025-07-23 13:01:43 [INFO] DrFlow2UnloadExecutor:_execute_move_to_point_with_j4:592 -   移動到 put_asm_top 成功 (J4:129.8°)
2025-07-23 13:01:43 [INFO] DrFlow2UnloadExecutor:execute:382 - Flow2 步驟 2/5: move_to_point_with_j4
2025-07-23 13:01:43 [DEBUG] DrFlow2UnloadExecutor:_get_flow1_angle_or_default:667 - [動態角度獲取] 成功獲取Flow1角度: 129.76°
2025-07-23 13:01:43 [INFO] DrFlow2UnloadExecutor:_execute_move_to_point_with_j4:566 - 移動到點位 put_asm_down (動態角度獲取)
2025-07-23 13:01:43 [DEBUG] DrFlow2UnloadExecutor:_execute_move_to_point_with_j4:567 -   關節角度: (j1:-84.2, j2:-29.6, j3:155.6, j4:129.8)
2025-07-23 13:01:43 [DEBUG] DrFlow2UnloadExecutor:_execute_move_to_point_with_j4:568 -   角度來源: flow1_direct
2025-07-23 13:01:43 [DEBUG] DrFlow2UnloadExecutor:_execute_move_to_point_with_j4:569 -   運動參數: speed_j=100, acc_j=100, tool=0
2025-07-23 13:01:43 [INFO] DrFlow2UnloadExecutor:_execute_move_to_point_with_j4:590 -   移動到 put_asm_down 成功 (J4:129.8°) (含Sync)
2025-07-23 13:01:43 [INFO] DrFlow2UnloadExecutor:execute:382 - Flow2 步驟 3/5: gripper_close
2025-07-23 13:01:43 [INFO] DrFlow2UnloadExecutor:_execute_gripper_close:831 - 夾爪關閉成功
2025-07-23 13:01:43 [INFO] DrFlow2UnloadExecutor:execute:382 - Flow2 步驟 4/5: move_to_point_with_j4
2025-07-23 13:01:43 [DEBUG] DrFlow2UnloadExecutor:_get_flow1_angle_or_default:667 - [動態角度獲取] 成功獲取Flow1角度: 129.76°
2025-07-23 13:01:43 [INFO] DrFlow2UnloadExecutor:_execute_move_to_point_with_j4:566 - 移動到點位 put_asm_top (動態角度獲取)
2025-07-23 13:01:43 [DEBUG] DrFlow2UnloadExecutor:_execute_move_to_point_with_j4:567 -   關節角度: (j1:-84.2, j2:-29.6, j3:177.3, j4:129.8)
2025-07-23 13:01:43 [DEBUG] DrFlow2UnloadExecutor:_execute_move_to_point_with_j4:568 -   角度來源: flow1_direct
2025-07-23 13:01:43 [DEBUG] DrFlow2UnloadExecutor:_execute_move_to_point_with_j4:569 -   運動參數: speed_j=100, acc_j=100, tool=0
2025-07-23 13:01:43 [INFO] DrFlow2UnloadExecutor:_execute_move_to_point_with_j4:592 -   移動到 put_asm_top 成功 (J4:129.8°)
2025-07-23 13:01:43 [INFO] DrFlow2UnloadExecutor:execute:382 - Flow2 步驟 5/5: move_to_point
2025-07-23 13:01:43 [INFO] DrFlow2UnloadExecutor:_execute_move_to_point_with_parameters:479 - 移動到點位 standby (J)
2025-07-23 13:01:43 [DEBUG] DrFlow2UnloadExecutor:_execute_move_to_point_with_parameters:480 -   關節角度: (j1:-2.7, j2:86.0, j3:238.0, j4:0.1)
2025-07-23 13:01:43 [DEBUG] DrFlow2UnloadExecutor:_execute_move_to_point_with_parameters:481 -   笛卡爾座標: (223.14, 189.28, 238.86, 83.37)
2025-07-23 13:01:43 [DEBUG] DrFlow2UnloadExecutor:_execute_move_to_point_with_parameters:482 -   運動參數: speed_j=100, acc_j=100, speed_l=80, acc_l=80, tool=0
2025-07-23 13:01:43 [INFO] DrFlow2UnloadExecutor:_execute_move_to_point_with_parameters:535 -   移動到 standby 成功 (J)
2025-07-23 13:01:43 [INFO] DrFlow2UnloadExecutor:execute:426 - Flow2執行完成！總耗時: 0.80秒
2025-07-23 13:01:43 [INFO] DrFlow2UnloadExecutor:execute:427 - 精簡組裝流程完成
2025-07-23 13:01:43 [INFO] DrFlow2UnloadExecutor:execute:429 - 角度控制: 目標角度=84.76°, 指令角度=129.76°
2025-07-23 13:01:43 [INFO] DrFlow2UnloadExecutor:execute:430 - 角度來源: flow1_direct
2025-07-23 13:01:43 [INFO] DrFlow2UnloadExecutor:execute:431 - J4角度應用: put_asm_top和put_asm_down都使用指令角度129.76°
2025-07-23 13:01:51 [INFO] DrFlow2UnloadExecutor:execute:382 - Flow2 步驟 1/5: move_to_point_with_j4
2025-07-23 13:01:51 [DEBUG] DrFlow2UnloadExecutor:_get_flow1_angle_or_default:667 - [動態角度獲取] 成功獲取Flow1角度: 95.52°
2025-07-23 13:01:51 [INFO] DrFlow2UnloadExecutor:_execute_move_to_point_with_j4:566 - 移動到點位 put_asm_top (動態角度獲取)
2025-07-23 13:01:51 [DEBUG] DrFlow2UnloadExecutor:_execute_move_to_point_with_j4:567 -   關節角度: (j1:-84.2, j2:-29.6, j3:177.3, j4:95.5)
2025-07-23 13:01:51 [DEBUG] DrFlow2UnloadExecutor:_execute_move_to_point_with_j4:568 -   角度來源: flow1_direct
2025-07-23 13:01:51 [DEBUG] DrFlow2UnloadExecutor:_execute_move_to_point_with_j4:569 -   運動參數: speed_j=100, acc_j=100, tool=0
2025-07-23 13:01:51 [INFO] DrFlow2UnloadExecutor:_execute_move_to_point_with_j4:592 -   移動到 put_asm_top 成功 (J4:95.5°)
2025-07-23 13:01:51 [INFO] DrFlow2UnloadExecutor:execute:382 - Flow2 步驟 2/5: move_to_point_with_j4
2025-07-23 13:01:51 [DEBUG] DrFlow2UnloadExecutor:_get_flow1_angle_or_default:667 - [動態角度獲取] 成功獲取Flow1角度: 95.52°
2025-07-23 13:01:51 [INFO] DrFlow2UnloadExecutor:_execute_move_to_point_with_j4:566 - 移動到點位 put_asm_down (動態角度獲取)
2025-07-23 13:01:51 [DEBUG] DrFlow2UnloadExecutor:_execute_move_to_point_with_j4:567 -   關節角度: (j1:-84.2, j2:-29.6, j3:155.6, j4:95.5)
2025-07-23 13:01:51 [DEBUG] DrFlow2UnloadExecutor:_execute_move_to_point_with_j4:568 -   角度來源: flow1_direct
2025-07-23 13:01:51 [DEBUG] DrFlow2UnloadExecutor:_execute_move_to_point_with_j4:569 -   運動參數: speed_j=100, acc_j=100, tool=0
2025-07-23 13:01:52 [INFO] DrFlow2UnloadExecutor:_execute_move_to_point_with_j4:590 -   移動到 put_asm_down 成功 (J4:95.5°) (含Sync)
2025-07-23 13:01:52 [INFO] DrFlow2UnloadExecutor:execute:382 - Flow2 步驟 3/5: gripper_close
2025-07-23 13:01:52 [INFO] DrFlow2UnloadExecutor:_execute_gripper_close:831 - 夾爪關閉成功
2025-07-23 13:01:52 [INFO] DrFlow2UnloadExecutor:execute:382 - Flow2 步驟 4/5: move_to_point_with_j4
2025-07-23 13:01:52 [DEBUG] DrFlow2UnloadExecutor:_get_flow1_angle_or_default:667 - [動態角度獲取] 成功獲取Flow1角度: 95.52°
2025-07-23 13:01:52 [INFO] DrFlow2UnloadExecutor:_execute_move_to_point_with_j4:566 - 移動到點位 put_asm_top (動態角度獲取)
2025-07-23 13:01:52 [DEBUG] DrFlow2UnloadExecutor:_execute_move_to_point_with_j4:567 -   關節角度: (j1:-84.2, j2:-29.6, j3:177.3, j4:95.5)
2025-07-23 13:01:52 [DEBUG] DrFlow2UnloadExecutor:_execute_move_to_point_with_j4:568 -   角度來源: flow1_direct
2025-07-23 13:01:52 [DEBUG] DrFlow2UnloadExecutor:_execute_move_to_point_with_j4:569 -   運動參數: speed_j=100, acc_j=100, tool=0
2025-07-23 13:01:52 [INFO] DrFlow2UnloadExecutor:_execute_move_to_point_with_j4:592 -   移動到 put_asm_top 成功 (J4:95.5°)
2025-07-23 13:01:52 [INFO] DrFlow2UnloadExecutor:execute:382 - Flow2 步驟 5/5: move_to_point
2025-07-23 13:01:52 [INFO] DrFlow2UnloadExecutor:_execute_move_to_point_with_parameters:479 - 移動到點位 standby (J)
2025-07-23 13:01:52 [DEBUG] DrFlow2UnloadExecutor:_execute_move_to_point_with_parameters:480 -   關節角度: (j1:-2.7, j2:86.0, j3:238.0, j4:0.1)
2025-07-23 13:01:52 [DEBUG] DrFlow2UnloadExecutor:_execute_move_to_point_with_parameters:481 -   笛卡爾座標: (223.14, 189.28, 238.86, 83.37)
2025-07-23 13:01:52 [DEBUG] DrFlow2UnloadExecutor:_execute_move_to_point_with_parameters:482 -   運動參數: speed_j=100, acc_j=100, speed_l=80, acc_l=80, tool=0
2025-07-23 13:01:52 [INFO] DrFlow2UnloadExecutor:_execute_move_to_point_with_parameters:535 -   移動到 standby 成功 (J)
2025-07-23 13:01:52 [INFO] DrFlow2UnloadExecutor:execute:426 - Flow2執行完成！總耗時: 0.81秒
2025-07-23 13:01:52 [INFO] DrFlow2UnloadExecutor:execute:427 - 精簡組裝流程完成
2025-07-23 13:01:52 [INFO] DrFlow2UnloadExecutor:execute:429 - 角度控制: 目標角度=50.52°, 指令角度=95.52°
2025-07-23 13:01:52 [INFO] DrFlow2UnloadExecutor:execute:430 - 角度來源: flow1_direct
2025-07-23 13:01:52 [INFO] DrFlow2UnloadExecutor:execute:431 - J4角度應用: put_asm_top和put_asm_down都使用指令角度95.52°
2025-07-23 13:01:59 [INFO] DrFlow2UnloadExecutor:execute:382 - Flow2 步驟 1/5: move_to_point_with_j4
2025-07-23 13:01:59 [DEBUG] DrFlow2UnloadExecutor:_get_flow1_angle_or_default:667 - [動態角度獲取] 成功獲取Flow1角度: 95.52°
2025-07-23 13:01:59 [INFO] DrFlow2UnloadExecutor:_execute_move_to_point_with_j4:566 - 移動到點位 put_asm_top (動態角度獲取)
2025-07-23 13:01:59 [DEBUG] DrFlow2UnloadExecutor:_execute_move_to_point_with_j4:567 -   關節角度: (j1:-84.2, j2:-29.6, j3:177.3, j4:95.5)
2025-07-23 13:01:59 [DEBUG] DrFlow2UnloadExecutor:_execute_move_to_point_with_j4:568 -   角度來源: flow1_direct
2025-07-23 13:01:59 [DEBUG] DrFlow2UnloadExecutor:_execute_move_to_point_with_j4:569 -   運動參數: speed_j=100, acc_j=100, tool=0
2025-07-23 13:01:59 [INFO] DrFlow2UnloadExecutor:_execute_move_to_point_with_j4:592 -   移動到 put_asm_top 成功 (J4:95.5°)
2025-07-23 13:01:59 [INFO] DrFlow2UnloadExecutor:execute:382 - Flow2 步驟 2/5: move_to_point_with_j4
2025-07-23 13:01:59 [DEBUG] DrFlow2UnloadExecutor:_get_flow1_angle_or_default:667 - [動態角度獲取] 成功獲取Flow1角度: 95.52°
2025-07-23 13:01:59 [INFO] DrFlow2UnloadExecutor:_execute_move_to_point_with_j4:566 - 移動到點位 put_asm_down (動態角度獲取)
2025-07-23 13:01:59 [DEBUG] DrFlow2UnloadExecutor:_execute_move_to_point_with_j4:567 -   關節角度: (j1:-84.2, j2:-29.6, j3:155.6, j4:95.5)
2025-07-23 13:01:59 [DEBUG] DrFlow2UnloadExecutor:_execute_move_to_point_with_j4:568 -   角度來源: flow1_direct
2025-07-23 13:01:59 [DEBUG] DrFlow2UnloadExecutor:_execute_move_to_point_with_j4:569 -   運動參數: speed_j=100, acc_j=100, tool=0
2025-07-23 13:02:00 [INFO] DrFlow2UnloadExecutor:_execute_move_to_point_with_j4:590 -   移動到 put_asm_down 成功 (J4:95.5°) (含Sync)
2025-07-23 13:02:00 [INFO] DrFlow2UnloadExecutor:execute:382 - Flow2 步驟 3/5: gripper_close
2025-07-23 13:02:00 [INFO] DrFlow2UnloadExecutor:_execute_gripper_close:831 - 夾爪關閉成功
2025-07-23 13:02:00 [INFO] DrFlow2UnloadExecutor:execute:382 - Flow2 步驟 4/5: move_to_point_with_j4
2025-07-23 13:02:00 [DEBUG] DrFlow2UnloadExecutor:_get_flow1_angle_or_default:667 - [動態角度獲取] 成功獲取Flow1角度: 95.52°
2025-07-23 13:02:00 [INFO] DrFlow2UnloadExecutor:_execute_move_to_point_with_j4:566 - 移動到點位 put_asm_top (動態角度獲取)
2025-07-23 13:02:00 [DEBUG] DrFlow2UnloadExecutor:_execute_move_to_point_with_j4:567 -   關節角度: (j1:-84.2, j2:-29.6, j3:177.3, j4:95.5)
2025-07-23 13:02:00 [DEBUG] DrFlow2UnloadExecutor:_execute_move_to_point_with_j4:568 -   角度來源: flow1_direct
2025-07-23 13:02:00 [DEBUG] DrFlow2UnloadExecutor:_execute_move_to_point_with_j4:569 -   運動參數: speed_j=100, acc_j=100, tool=0
2025-07-23 13:02:00 [INFO] DrFlow2UnloadExecutor:_execute_move_to_point_with_j4:592 -   移動到 put_asm_top 成功 (J4:95.5°)
2025-07-23 13:02:00 [INFO] DrFlow2UnloadExecutor:execute:382 - Flow2 步驟 5/5: move_to_point
2025-07-23 13:02:00 [INFO] DrFlow2UnloadExecutor:_execute_move_to_point_with_parameters:479 - 移動到點位 standby (J)
2025-07-23 13:02:00 [DEBUG] DrFlow2UnloadExecutor:_execute_move_to_point_with_parameters:480 -   關節角度: (j1:-2.7, j2:86.0, j3:238.0, j4:0.1)
2025-07-23 13:02:00 [DEBUG] DrFlow2UnloadExecutor:_execute_move_to_point_with_parameters:481 -   笛卡爾座標: (223.14, 189.28, 238.86, 83.37)
2025-07-23 13:02:00 [DEBUG] DrFlow2UnloadExecutor:_execute_move_to_point_with_parameters:482 -   運動參數: speed_j=100, acc_j=100, speed_l=80, acc_l=80, tool=0
2025-07-23 13:02:00 [INFO] DrFlow2UnloadExecutor:_execute_move_to_point_with_parameters:535 -   移動到 standby 成功 (J)
2025-07-23 13:02:00 [INFO] DrFlow2UnloadExecutor:execute:426 - Flow2執行完成！總耗時: 1.49秒
2025-07-23 13:02:00 [INFO] DrFlow2UnloadExecutor:execute:427 - 精簡組裝流程完成
2025-07-23 13:02:00 [INFO] DrFlow2UnloadExecutor:execute:429 - 角度控制: 目標角度=50.52°, 指令角度=95.52°
2025-07-23 13:02:00 [INFO] DrFlow2UnloadExecutor:execute:430 - 角度來源: flow1_direct
2025-07-23 13:02:00 [INFO] DrFlow2UnloadExecutor:execute:431 - J4角度應用: put_asm_top和put_asm_down都使用指令角度95.52°
2025-07-23 13:03:03 [INFO] DrFlow2UnloadExecutor:execute:382 - Flow2 步驟 1/5: move_to_point_with_j4
2025-07-23 13:03:03 [DEBUG] DrFlow2UnloadExecutor:_get_flow1_angle_or_default:667 - [動態角度獲取] 成功獲取Flow1角度: 119.23°
2025-07-23 13:03:03 [INFO] DrFlow2UnloadExecutor:_execute_move_to_point_with_j4:566 - 移動到點位 put_asm_top (動態角度獲取)
2025-07-23 13:03:03 [DEBUG] DrFlow2UnloadExecutor:_execute_move_to_point_with_j4:567 -   關節角度: (j1:-84.2, j2:-29.6, j3:177.3, j4:119.2)
2025-07-23 13:03:03 [DEBUG] DrFlow2UnloadExecutor:_execute_move_to_point_with_j4:568 -   角度來源: flow1_direct
2025-07-23 13:03:03 [DEBUG] DrFlow2UnloadExecutor:_execute_move_to_point_with_j4:569 -   運動參數: speed_j=100, acc_j=100, tool=0
2025-07-23 13:03:03 [INFO] DrFlow2UnloadExecutor:_execute_move_to_point_with_j4:592 -   移動到 put_asm_top 成功 (J4:119.2°)
2025-07-23 13:03:03 [INFO] DrFlow2UnloadExecutor:execute:382 - Flow2 步驟 2/5: move_to_point_with_j4
2025-07-23 13:03:03 [DEBUG] DrFlow2UnloadExecutor:_get_flow1_angle_or_default:667 - [動態角度獲取] 成功獲取Flow1角度: 119.23°
2025-07-23 13:03:03 [INFO] DrFlow2UnloadExecutor:_execute_move_to_point_with_j4:566 - 移動到點位 put_asm_down (動態角度獲取)
2025-07-23 13:03:03 [DEBUG] DrFlow2UnloadExecutor:_execute_move_to_point_with_j4:567 -   關節角度: (j1:-84.2, j2:-29.6, j3:155.6, j4:119.2)
2025-07-23 13:03:03 [DEBUG] DrFlow2UnloadExecutor:_execute_move_to_point_with_j4:568 -   角度來源: flow1_direct
2025-07-23 13:03:03 [DEBUG] DrFlow2UnloadExecutor:_execute_move_to_point_with_j4:569 -   運動參數: speed_j=100, acc_j=100, tool=0
2025-07-23 13:03:04 [INFO] DrFlow2UnloadExecutor:_execute_move_to_point_with_j4:590 -   移動到 put_asm_down 成功 (J4:119.2°) (含Sync)
2025-07-23 13:03:04 [INFO] DrFlow2UnloadExecutor:execute:382 - Flow2 步驟 3/5: gripper_close
2025-07-23 13:03:04 [INFO] DrFlow2UnloadExecutor:_execute_gripper_close:831 - 夾爪關閉成功
2025-07-23 13:03:04 [INFO] DrFlow2UnloadExecutor:execute:382 - Flow2 步驟 4/5: move_to_point_with_j4
2025-07-23 13:03:04 [DEBUG] DrFlow2UnloadExecutor:_get_flow1_angle_or_default:667 - [動態角度獲取] 成功獲取Flow1角度: 119.23°
2025-07-23 13:03:04 [INFO] DrFlow2UnloadExecutor:_execute_move_to_point_with_j4:566 - 移動到點位 put_asm_top (動態角度獲取)
2025-07-23 13:03:04 [DEBUG] DrFlow2UnloadExecutor:_execute_move_to_point_with_j4:567 -   關節角度: (j1:-84.2, j2:-29.6, j3:177.3, j4:119.2)
2025-07-23 13:03:04 [DEBUG] DrFlow2UnloadExecutor:_execute_move_to_point_with_j4:568 -   角度來源: flow1_direct
2025-07-23 13:03:04 [DEBUG] DrFlow2UnloadExecutor:_execute_move_to_point_with_j4:569 -   運動參數: speed_j=100, acc_j=100, tool=0
2025-07-23 13:03:04 [INFO] DrFlow2UnloadExecutor:_execute_move_to_point_with_j4:592 -   移動到 put_asm_top 成功 (J4:119.2°)
2025-07-23 13:03:04 [INFO] DrFlow2UnloadExecutor:execute:382 - Flow2 步驟 5/5: move_to_point
2025-07-23 13:03:04 [INFO] DrFlow2UnloadExecutor:_execute_move_to_point_with_parameters:479 - 移動到點位 standby (J)
2025-07-23 13:03:04 [DEBUG] DrFlow2UnloadExecutor:_execute_move_to_point_with_parameters:480 -   關節角度: (j1:-2.7, j2:86.0, j3:238.0, j4:0.1)
2025-07-23 13:03:04 [DEBUG] DrFlow2UnloadExecutor:_execute_move_to_point_with_parameters:481 -   笛卡爾座標: (223.14, 189.28, 238.86, 83.37)
2025-07-23 13:03:04 [DEBUG] DrFlow2UnloadExecutor:_execute_move_to_point_with_parameters:482 -   運動參數: speed_j=100, acc_j=100, speed_l=80, acc_l=80, tool=0
2025-07-23 13:03:04 [INFO] DrFlow2UnloadExecutor:_execute_move_to_point_with_parameters:535 -   移動到 standby 成功 (J)
2025-07-23 13:03:04 [INFO] DrFlow2UnloadExecutor:execute:426 - Flow2執行完成！總耗時: 0.93秒
2025-07-23 13:03:04 [INFO] DrFlow2UnloadExecutor:execute:427 - 精簡組裝流程完成
2025-07-23 13:03:04 [INFO] DrFlow2UnloadExecutor:execute:429 - 角度控制: 目標角度=74.23°, 指令角度=119.23°
2025-07-23 13:03:04 [INFO] DrFlow2UnloadExecutor:execute:430 - 角度來源: flow1_direct
2025-07-23 13:03:04 [INFO] DrFlow2UnloadExecutor:execute:431 - J4角度應用: put_asm_top和put_asm_down都使用指令角度119.23°
2025-07-23 13:04:12 [INFO] DrFlow2UnloadExecutor:execute:382 - Flow2 步驟 1/5: move_to_point_with_j4
2025-07-23 13:04:12 [DEBUG] DrFlow2UnloadExecutor:_get_flow1_angle_or_default:667 - [動態角度獲取] 成功獲取Flow1角度: 80.23°
2025-07-23 13:04:12 [INFO] DrFlow2UnloadExecutor:_execute_move_to_point_with_j4:566 - 移動到點位 put_asm_top (動態角度獲取)
2025-07-23 13:04:12 [DEBUG] DrFlow2UnloadExecutor:_execute_move_to_point_with_j4:567 -   關節角度: (j1:-84.2, j2:-29.6, j3:177.3, j4:80.2)
2025-07-23 13:04:12 [DEBUG] DrFlow2UnloadExecutor:_execute_move_to_point_with_j4:568 -   角度來源: flow1_direct
2025-07-23 13:04:12 [DEBUG] DrFlow2UnloadExecutor:_execute_move_to_point_with_j4:569 -   運動參數: speed_j=100, acc_j=100, tool=0
2025-07-23 13:04:12 [INFO] DrFlow2UnloadExecutor:_execute_move_to_point_with_j4:592 -   移動到 put_asm_top 成功 (J4:80.2°)
2025-07-23 13:04:12 [INFO] DrFlow2UnloadExecutor:execute:382 - Flow2 步驟 2/5: move_to_point_with_j4
2025-07-23 13:04:12 [DEBUG] DrFlow2UnloadExecutor:_get_flow1_angle_or_default:667 - [動態角度獲取] 成功獲取Flow1角度: 80.23°
2025-07-23 13:04:12 [INFO] DrFlow2UnloadExecutor:_execute_move_to_point_with_j4:566 - 移動到點位 put_asm_down (動態角度獲取)
2025-07-23 13:04:12 [DEBUG] DrFlow2UnloadExecutor:_execute_move_to_point_with_j4:567 -   關節角度: (j1:-84.2, j2:-29.6, j3:155.6, j4:80.2)
2025-07-23 13:04:12 [DEBUG] DrFlow2UnloadExecutor:_execute_move_to_point_with_j4:568 -   角度來源: flow1_direct
2025-07-23 13:04:12 [DEBUG] DrFlow2UnloadExecutor:_execute_move_to_point_with_j4:569 -   運動參數: speed_j=100, acc_j=100, tool=0
2025-07-23 13:04:12 [INFO] DrFlow2UnloadExecutor:_execute_move_to_point_with_j4:590 -   移動到 put_asm_down 成功 (J4:80.2°) (含Sync)
2025-07-23 13:04:12 [INFO] DrFlow2UnloadExecutor:execute:382 - Flow2 步驟 3/5: gripper_close
2025-07-23 13:04:12 [INFO] DrFlow2UnloadExecutor:_execute_gripper_close:831 - 夾爪關閉成功
2025-07-23 13:04:12 [INFO] DrFlow2UnloadExecutor:execute:382 - Flow2 步驟 4/5: move_to_point_with_j4
2025-07-23 13:04:12 [DEBUG] DrFlow2UnloadExecutor:_get_flow1_angle_or_default:667 - [動態角度獲取] 成功獲取Flow1角度: 80.23°
2025-07-23 13:04:12 [INFO] DrFlow2UnloadExecutor:_execute_move_to_point_with_j4:566 - 移動到點位 put_asm_top (動態角度獲取)
2025-07-23 13:04:12 [DEBUG] DrFlow2UnloadExecutor:_execute_move_to_point_with_j4:567 -   關節角度: (j1:-84.2, j2:-29.6, j3:177.3, j4:80.2)
2025-07-23 13:04:12 [DEBUG] DrFlow2UnloadExecutor:_execute_move_to_point_with_j4:568 -   角度來源: flow1_direct
2025-07-23 13:04:12 [DEBUG] DrFlow2UnloadExecutor:_execute_move_to_point_with_j4:569 -   運動參數: speed_j=100, acc_j=100, tool=0
2025-07-23 13:04:12 [INFO] DrFlow2UnloadExecutor:_execute_move_to_point_with_j4:592 -   移動到 put_asm_top 成功 (J4:80.2°)
2025-07-23 13:04:12 [INFO] DrFlow2UnloadExecutor:execute:382 - Flow2 步驟 5/5: move_to_point
2025-07-23 13:04:12 [INFO] DrFlow2UnloadExecutor:_execute_move_to_point_with_parameters:479 - 移動到點位 standby (J)
2025-07-23 13:04:12 [DEBUG] DrFlow2UnloadExecutor:_execute_move_to_point_with_parameters:480 -   關節角度: (j1:-2.7, j2:86.0, j3:238.0, j4:0.1)
2025-07-23 13:04:12 [DEBUG] DrFlow2UnloadExecutor:_execute_move_to_point_with_parameters:481 -   笛卡爾座標: (223.14, 189.28, 238.86, 83.37)
2025-07-23 13:04:12 [DEBUG] DrFlow2UnloadExecutor:_execute_move_to_point_with_parameters:482 -   運動參數: speed_j=100, acc_j=100, speed_l=80, acc_l=80, tool=0
2025-07-23 13:04:13 [INFO] DrFlow2UnloadExecutor:_execute_move_to_point_with_parameters:535 -   移動到 standby 成功 (J)
2025-07-23 13:04:13 [INFO] DrFlow2UnloadExecutor:execute:426 - Flow2執行完成！總耗時: 0.78秒
2025-07-23 13:04:13 [INFO] DrFlow2UnloadExecutor:execute:427 - 精簡組裝流程完成
2025-07-23 13:04:13 [INFO] DrFlow2UnloadExecutor:execute:429 - 角度控制: 目標角度=35.23°, 指令角度=80.23°
2025-07-23 13:04:13 [INFO] DrFlow2UnloadExecutor:execute:430 - 角度來源: flow1_direct
2025-07-23 13:04:13 [INFO] DrFlow2UnloadExecutor:execute:431 - J4角度應用: put_asm_top和put_asm_down都使用指令角度80.23°
2025-07-23 13:04:20 [INFO] DrFlow2UnloadExecutor:execute:382 - Flow2 步驟 1/5: move_to_point_with_j4
2025-07-23 13:04:20 [DEBUG] DrFlow2UnloadExecutor:_get_flow1_angle_or_default:667 - [動態角度獲取] 成功獲取Flow1角度: 69.65°
2025-07-23 13:04:20 [INFO] DrFlow2UnloadExecutor:_execute_move_to_point_with_j4:566 - 移動到點位 put_asm_top (動態角度獲取)
2025-07-23 13:04:20 [DEBUG] DrFlow2UnloadExecutor:_execute_move_to_point_with_j4:567 -   關節角度: (j1:-84.2, j2:-29.6, j3:177.3, j4:69.7)
2025-07-23 13:04:20 [DEBUG] DrFlow2UnloadExecutor:_execute_move_to_point_with_j4:568 -   角度來源: flow1_direct
2025-07-23 13:04:20 [DEBUG] DrFlow2UnloadExecutor:_execute_move_to_point_with_j4:569 -   運動參數: speed_j=100, acc_j=100, tool=0
2025-07-23 13:04:20 [INFO] DrFlow2UnloadExecutor:_execute_move_to_point_with_j4:592 -   移動到 put_asm_top 成功 (J4:69.7°)
2025-07-23 13:04:20 [INFO] DrFlow2UnloadExecutor:execute:382 - Flow2 步驟 2/5: move_to_point_with_j4
2025-07-23 13:04:20 [DEBUG] DrFlow2UnloadExecutor:_get_flow1_angle_or_default:667 - [動態角度獲取] 成功獲取Flow1角度: 69.65°
2025-07-23 13:04:20 [INFO] DrFlow2UnloadExecutor:_execute_move_to_point_with_j4:566 - 移動到點位 put_asm_down (動態角度獲取)
2025-07-23 13:04:20 [DEBUG] DrFlow2UnloadExecutor:_execute_move_to_point_with_j4:567 -   關節角度: (j1:-84.2, j2:-29.6, j3:155.6, j4:69.7)
2025-07-23 13:04:20 [DEBUG] DrFlow2UnloadExecutor:_execute_move_to_point_with_j4:568 -   角度來源: flow1_direct
2025-07-23 13:04:20 [DEBUG] DrFlow2UnloadExecutor:_execute_move_to_point_with_j4:569 -   運動參數: speed_j=100, acc_j=100, tool=0
2025-07-23 13:04:21 [INFO] DrFlow2UnloadExecutor:_execute_move_to_point_with_j4:590 -   移動到 put_asm_down 成功 (J4:69.7°) (含Sync)
2025-07-23 13:04:21 [INFO] DrFlow2UnloadExecutor:execute:382 - Flow2 步驟 3/5: gripper_close
2025-07-23 13:04:21 [INFO] DrFlow2UnloadExecutor:_execute_gripper_close:831 - 夾爪關閉成功
2025-07-23 13:04:21 [INFO] DrFlow2UnloadExecutor:execute:382 - Flow2 步驟 4/5: move_to_point_with_j4
2025-07-23 13:04:21 [DEBUG] DrFlow2UnloadExecutor:_get_flow1_angle_or_default:667 - [動態角度獲取] 成功獲取Flow1角度: 69.65°
2025-07-23 13:04:21 [INFO] DrFlow2UnloadExecutor:_execute_move_to_point_with_j4:566 - 移動到點位 put_asm_top (動態角度獲取)
2025-07-23 13:04:21 [DEBUG] DrFlow2UnloadExecutor:_execute_move_to_point_with_j4:567 -   關節角度: (j1:-84.2, j2:-29.6, j3:177.3, j4:69.7)
2025-07-23 13:04:21 [DEBUG] DrFlow2UnloadExecutor:_execute_move_to_point_with_j4:568 -   角度來源: flow1_direct
2025-07-23 13:04:21 [DEBUG] DrFlow2UnloadExecutor:_execute_move_to_point_with_j4:569 -   運動參數: speed_j=100, acc_j=100, tool=0
2025-07-23 13:04:21 [INFO] DrFlow2UnloadExecutor:_execute_move_to_point_with_j4:592 -   移動到 put_asm_top 成功 (J4:69.7°)
2025-07-23 13:04:21 [INFO] DrFlow2UnloadExecutor:execute:382 - Flow2 步驟 5/5: move_to_point
2025-07-23 13:04:21 [INFO] DrFlow2UnloadExecutor:_execute_move_to_point_with_parameters:479 - 移動到點位 standby (J)
2025-07-23 13:04:21 [DEBUG] DrFlow2UnloadExecutor:_execute_move_to_point_with_parameters:480 -   關節角度: (j1:-2.7, j2:86.0, j3:238.0, j4:0.1)
2025-07-23 13:04:21 [DEBUG] DrFlow2UnloadExecutor:_execute_move_to_point_with_parameters:481 -   笛卡爾座標: (223.14, 189.28, 238.86, 83.37)
2025-07-23 13:04:21 [DEBUG] DrFlow2UnloadExecutor:_execute_move_to_point_with_parameters:482 -   運動參數: speed_j=100, acc_j=100, speed_l=80, acc_l=80, tool=0
2025-07-23 13:04:21 [INFO] DrFlow2UnloadExecutor:_execute_move_to_point_with_parameters:535 -   移動到 standby 成功 (J)
2025-07-23 13:04:21 [INFO] DrFlow2UnloadExecutor:execute:426 - Flow2執行完成！總耗時: 1.22秒
2025-07-23 13:04:21 [INFO] DrFlow2UnloadExecutor:execute:427 - 精簡組裝流程完成
2025-07-23 13:04:21 [INFO] DrFlow2UnloadExecutor:execute:429 - 角度控制: 目標角度=24.65°, 指令角度=69.65°
2025-07-23 13:04:21 [INFO] DrFlow2UnloadExecutor:execute:430 - 角度來源: flow1_direct
2025-07-23 13:04:21 [INFO] DrFlow2UnloadExecutor:execute:431 - J4角度應用: put_asm_top和put_asm_down都使用指令角度69.65°
2025-07-23 13:04:29 [INFO] DrFlow2UnloadExecutor:execute:382 - Flow2 步驟 1/5: move_to_point_with_j4
2025-07-23 13:04:29 [DEBUG] DrFlow2UnloadExecutor:_get_flow1_angle_or_default:667 - [動態角度獲取] 成功獲取Flow1角度: 135.00°
2025-07-23 13:04:29 [INFO] DrFlow2UnloadExecutor:_execute_move_to_point_with_j4:566 - 移動到點位 put_asm_top (動態角度獲取)
2025-07-23 13:04:29 [DEBUG] DrFlow2UnloadExecutor:_execute_move_to_point_with_j4:567 -   關節角度: (j1:-84.2, j2:-29.6, j3:177.3, j4:135.0)
2025-07-23 13:04:29 [DEBUG] DrFlow2UnloadExecutor:_execute_move_to_point_with_j4:568 -   角度來源: flow1_direct
2025-07-23 13:04:29 [DEBUG] DrFlow2UnloadExecutor:_execute_move_to_point_with_j4:569 -   運動參數: speed_j=100, acc_j=100, tool=0
2025-07-23 13:04:29 [INFO] DrFlow2UnloadExecutor:_execute_move_to_point_with_j4:592 -   移動到 put_asm_top 成功 (J4:135.0°)
2025-07-23 13:04:29 [INFO] DrFlow2UnloadExecutor:execute:382 - Flow2 步驟 2/5: move_to_point_with_j4
2025-07-23 13:04:29 [DEBUG] DrFlow2UnloadExecutor:_get_flow1_angle_or_default:667 - [動態角度獲取] 成功獲取Flow1角度: 135.00°
2025-07-23 13:04:29 [INFO] DrFlow2UnloadExecutor:_execute_move_to_point_with_j4:566 - 移動到點位 put_asm_down (動態角度獲取)
2025-07-23 13:04:29 [DEBUG] DrFlow2UnloadExecutor:_execute_move_to_point_with_j4:567 -   關節角度: (j1:-84.2, j2:-29.6, j3:155.6, j4:135.0)
2025-07-23 13:04:29 [DEBUG] DrFlow2UnloadExecutor:_execute_move_to_point_with_j4:568 -   角度來源: flow1_direct
2025-07-23 13:04:29 [DEBUG] DrFlow2UnloadExecutor:_execute_move_to_point_with_j4:569 -   運動參數: speed_j=100, acc_j=100, tool=0
2025-07-23 13:04:30 [INFO] DrFlow2UnloadExecutor:_execute_move_to_point_with_j4:590 -   移動到 put_asm_down 成功 (J4:135.0°) (含Sync)
2025-07-23 13:04:30 [INFO] DrFlow2UnloadExecutor:execute:382 - Flow2 步驟 3/5: gripper_close
2025-07-23 13:04:30 [INFO] DrFlow2UnloadExecutor:_execute_gripper_close:831 - 夾爪關閉成功
2025-07-23 13:04:30 [INFO] DrFlow2UnloadExecutor:execute:382 - Flow2 步驟 4/5: move_to_point_with_j4
2025-07-23 13:04:30 [DEBUG] DrFlow2UnloadExecutor:_get_flow1_angle_or_default:667 - [動態角度獲取] 成功獲取Flow1角度: 135.00°
2025-07-23 13:04:30 [INFO] DrFlow2UnloadExecutor:_execute_move_to_point_with_j4:566 - 移動到點位 put_asm_top (動態角度獲取)
2025-07-23 13:04:30 [DEBUG] DrFlow2UnloadExecutor:_execute_move_to_point_with_j4:567 -   關節角度: (j1:-84.2, j2:-29.6, j3:177.3, j4:135.0)
2025-07-23 13:04:30 [DEBUG] DrFlow2UnloadExecutor:_execute_move_to_point_with_j4:568 -   角度來源: flow1_direct
2025-07-23 13:04:30 [DEBUG] DrFlow2UnloadExecutor:_execute_move_to_point_with_j4:569 -   運動參數: speed_j=100, acc_j=100, tool=0
2025-07-23 13:04:30 [INFO] DrFlow2UnloadExecutor:_execute_move_to_point_with_j4:592 -   移動到 put_asm_top 成功 (J4:135.0°)
2025-07-23 13:04:30 [INFO] DrFlow2UnloadExecutor:execute:382 - Flow2 步驟 5/5: move_to_point
2025-07-23 13:04:30 [INFO] DrFlow2UnloadExecutor:_execute_move_to_point_with_parameters:479 - 移動到點位 standby (J)
2025-07-23 13:04:30 [DEBUG] DrFlow2UnloadExecutor:_execute_move_to_point_with_parameters:480 -   關節角度: (j1:-2.7, j2:86.0, j3:238.0, j4:0.1)
2025-07-23 13:04:30 [DEBUG] DrFlow2UnloadExecutor:_execute_move_to_point_with_parameters:481 -   笛卡爾座標: (223.14, 189.28, 238.86, 83.37)
2025-07-23 13:04:30 [DEBUG] DrFlow2UnloadExecutor:_execute_move_to_point_with_parameters:482 -   運動參數: speed_j=100, acc_j=100, speed_l=80, acc_l=80, tool=0
2025-07-23 13:04:30 [INFO] DrFlow2UnloadExecutor:_execute_move_to_point_with_parameters:535 -   移動到 standby 成功 (J)
2025-07-23 13:04:30 [INFO] DrFlow2UnloadExecutor:execute:426 - Flow2執行完成！總耗時: 0.80秒
2025-07-23 13:04:30 [INFO] DrFlow2UnloadExecutor:execute:427 - 精簡組裝流程完成
2025-07-23 13:04:30 [INFO] DrFlow2UnloadExecutor:execute:429 - 角度控制: 目標角度=90.00°, 指令角度=135.00°
2025-07-23 13:04:30 [INFO] DrFlow2UnloadExecutor:execute:430 - 角度來源: flow1_direct
2025-07-23 13:04:30 [INFO] DrFlow2UnloadExecutor:execute:431 - J4角度應用: put_asm_top和put_asm_down都使用指令角度135.00°
2025-07-23 13:07:12 [INFO] DrFlow2UnloadExecutor:execute:382 - Flow2 步驟 1/5: move_to_point_with_j4
2025-07-23 13:07:12 [DEBUG] DrFlow2UnloadExecutor:_get_flow1_angle_or_default:667 - [動態角度獲取] 成功獲取Flow1角度: 112.14°
2025-07-23 13:07:12 [INFO] DrFlow2UnloadExecutor:_execute_move_to_point_with_j4:566 - 移動到點位 put_asm_top (動態角度獲取)
2025-07-23 13:07:12 [DEBUG] DrFlow2UnloadExecutor:_execute_move_to_point_with_j4:567 -   關節角度: (j1:-84.2, j2:-29.6, j3:177.3, j4:112.1)
2025-07-23 13:07:12 [DEBUG] DrFlow2UnloadExecutor:_execute_move_to_point_with_j4:568 -   角度來源: flow1_direct
2025-07-23 13:07:12 [DEBUG] DrFlow2UnloadExecutor:_execute_move_to_point_with_j4:569 -   運動參數: speed_j=100, acc_j=100, tool=0
2025-07-23 13:07:13 [INFO] DrFlow2UnloadExecutor:_execute_move_to_point_with_j4:592 -   移動到 put_asm_top 成功 (J4:112.1°)
2025-07-23 13:07:13 [INFO] DrFlow2UnloadExecutor:execute:382 - Flow2 步驟 2/5: move_to_point_with_j4
2025-07-23 13:07:13 [DEBUG] DrFlow2UnloadExecutor:_get_flow1_angle_or_default:667 - [動態角度獲取] 成功獲取Flow1角度: 112.14°
2025-07-23 13:07:13 [INFO] DrFlow2UnloadExecutor:_execute_move_to_point_with_j4:566 - 移動到點位 put_asm_down (動態角度獲取)
2025-07-23 13:07:13 [DEBUG] DrFlow2UnloadExecutor:_execute_move_to_point_with_j4:567 -   關節角度: (j1:-84.2, j2:-29.6, j3:155.6, j4:112.1)
2025-07-23 13:07:13 [DEBUG] DrFlow2UnloadExecutor:_execute_move_to_point_with_j4:568 -   角度來源: flow1_direct
2025-07-23 13:07:13 [DEBUG] DrFlow2UnloadExecutor:_execute_move_to_point_with_j4:569 -   運動參數: speed_j=100, acc_j=100, tool=0
2025-07-23 13:07:13 [INFO] DrFlow2UnloadExecutor:_execute_move_to_point_with_j4:590 -   移動到 put_asm_down 成功 (J4:112.1°) (含Sync)
2025-07-23 13:07:13 [INFO] DrFlow2UnloadExecutor:execute:382 - Flow2 步驟 3/5: gripper_close
2025-07-23 13:07:13 [INFO] DrFlow2UnloadExecutor:_execute_gripper_close:831 - 夾爪關閉成功
2025-07-23 13:07:13 [INFO] DrFlow2UnloadExecutor:execute:382 - Flow2 步驟 4/5: move_to_point_with_j4
2025-07-23 13:07:13 [DEBUG] DrFlow2UnloadExecutor:_get_flow1_angle_or_default:667 - [動態角度獲取] 成功獲取Flow1角度: 112.14°
2025-07-23 13:07:13 [INFO] DrFlow2UnloadExecutor:_execute_move_to_point_with_j4:566 - 移動到點位 put_asm_top (動態角度獲取)
2025-07-23 13:07:13 [DEBUG] DrFlow2UnloadExecutor:_execute_move_to_point_with_j4:567 -   關節角度: (j1:-84.2, j2:-29.6, j3:177.3, j4:112.1)
2025-07-23 13:07:13 [DEBUG] DrFlow2UnloadExecutor:_execute_move_to_point_with_j4:568 -   角度來源: flow1_direct
2025-07-23 13:07:13 [DEBUG] DrFlow2UnloadExecutor:_execute_move_to_point_with_j4:569 -   運動參數: speed_j=100, acc_j=100, tool=0
2025-07-23 13:07:13 [INFO] DrFlow2UnloadExecutor:_execute_move_to_point_with_j4:592 -   移動到 put_asm_top 成功 (J4:112.1°)
2025-07-23 13:07:13 [INFO] DrFlow2UnloadExecutor:execute:382 - Flow2 步驟 5/5: move_to_point
2025-07-23 13:07:13 [INFO] DrFlow2UnloadExecutor:_execute_move_to_point_with_parameters:479 - 移動到點位 standby (J)
2025-07-23 13:07:13 [DEBUG] DrFlow2UnloadExecutor:_execute_move_to_point_with_parameters:480 -   關節角度: (j1:-2.7, j2:86.0, j3:238.0, j4:0.1)
2025-07-23 13:07:13 [DEBUG] DrFlow2UnloadExecutor:_execute_move_to_point_with_parameters:481 -   笛卡爾座標: (223.14, 189.28, 238.86, 83.37)
2025-07-23 13:07:13 [DEBUG] DrFlow2UnloadExecutor:_execute_move_to_point_with_parameters:482 -   運動參數: speed_j=100, acc_j=100, speed_l=80, acc_l=80, tool=0
2025-07-23 13:07:13 [INFO] DrFlow2UnloadExecutor:_execute_move_to_point_with_parameters:535 -   移動到 standby 成功 (J)
2025-07-23 13:07:13 [INFO] DrFlow2UnloadExecutor:execute:426 - Flow2執行完成！總耗時: 0.80秒
2025-07-23 13:07:13 [INFO] DrFlow2UnloadExecutor:execute:427 - 精簡組裝流程完成
2025-07-23 13:07:13 [INFO] DrFlow2UnloadExecutor:execute:429 - 角度控制: 目標角度=67.14°, 指令角度=112.14°
2025-07-23 13:07:13 [INFO] DrFlow2UnloadExecutor:execute:430 - 角度來源: flow1_direct
2025-07-23 13:07:13 [INFO] DrFlow2UnloadExecutor:execute:431 - J4角度應用: put_asm_top和put_asm_down都使用指令角度112.14°
2025-07-23 13:07:25 [INFO] DrFlow2UnloadExecutor:execute:382 - Flow2 步驟 1/5: move_to_point_with_j4
2025-07-23 13:07:25 [DEBUG] DrFlow2UnloadExecutor:_get_flow1_angle_or_default:667 - [動態角度獲取] 成功獲取Flow1角度: 77.00°
2025-07-23 13:07:25 [INFO] DrFlow2UnloadExecutor:_execute_move_to_point_with_j4:566 - 移動到點位 put_asm_top (動態角度獲取)
2025-07-23 13:07:25 [DEBUG] DrFlow2UnloadExecutor:_execute_move_to_point_with_j4:567 -   關節角度: (j1:-84.2, j2:-29.6, j3:177.3, j4:77.0)
2025-07-23 13:07:25 [DEBUG] DrFlow2UnloadExecutor:_execute_move_to_point_with_j4:568 -   角度來源: flow1_direct
2025-07-23 13:07:25 [DEBUG] DrFlow2UnloadExecutor:_execute_move_to_point_with_j4:569 -   運動參數: speed_j=100, acc_j=100, tool=0
2025-07-23 13:07:25 [INFO] DrFlow2UnloadExecutor:_execute_move_to_point_with_j4:592 -   移動到 put_asm_top 成功 (J4:77.0°)
2025-07-23 13:07:25 [INFO] DrFlow2UnloadExecutor:execute:382 - Flow2 步驟 2/5: move_to_point_with_j4
2025-07-23 13:07:25 [DEBUG] DrFlow2UnloadExecutor:_get_flow1_angle_or_default:667 - [動態角度獲取] 成功獲取Flow1角度: 77.00°
2025-07-23 13:07:25 [INFO] DrFlow2UnloadExecutor:_execute_move_to_point_with_j4:566 - 移動到點位 put_asm_down (動態角度獲取)
2025-07-23 13:07:25 [DEBUG] DrFlow2UnloadExecutor:_execute_move_to_point_with_j4:567 -   關節角度: (j1:-84.2, j2:-29.6, j3:155.6, j4:77.0)
2025-07-23 13:07:25 [DEBUG] DrFlow2UnloadExecutor:_execute_move_to_point_with_j4:568 -   角度來源: flow1_direct
2025-07-23 13:07:25 [DEBUG] DrFlow2UnloadExecutor:_execute_move_to_point_with_j4:569 -   運動參數: speed_j=100, acc_j=100, tool=0
2025-07-23 13:07:25 [INFO] DrFlow2UnloadExecutor:_execute_move_to_point_with_j4:590 -   移動到 put_asm_down 成功 (J4:77.0°) (含Sync)
2025-07-23 13:07:25 [INFO] DrFlow2UnloadExecutor:execute:382 - Flow2 步驟 3/5: gripper_close
2025-07-23 13:07:25 [INFO] DrFlow2UnloadExecutor:_execute_gripper_close:831 - 夾爪關閉成功
2025-07-23 13:07:25 [INFO] DrFlow2UnloadExecutor:execute:382 - Flow2 步驟 4/5: move_to_point_with_j4
2025-07-23 13:07:25 [DEBUG] DrFlow2UnloadExecutor:_get_flow1_angle_or_default:667 - [動態角度獲取] 成功獲取Flow1角度: 77.00°
2025-07-23 13:07:25 [INFO] DrFlow2UnloadExecutor:_execute_move_to_point_with_j4:566 - 移動到點位 put_asm_top (動態角度獲取)
2025-07-23 13:07:25 [DEBUG] DrFlow2UnloadExecutor:_execute_move_to_point_with_j4:567 -   關節角度: (j1:-84.2, j2:-29.6, j3:177.3, j4:77.0)
2025-07-23 13:07:25 [DEBUG] DrFlow2UnloadExecutor:_execute_move_to_point_with_j4:568 -   角度來源: flow1_direct
2025-07-23 13:07:25 [DEBUG] DrFlow2UnloadExecutor:_execute_move_to_point_with_j4:569 -   運動參數: speed_j=100, acc_j=100, tool=0
2025-07-23 13:07:25 [INFO] DrFlow2UnloadExecutor:_execute_move_to_point_with_j4:592 -   移動到 put_asm_top 成功 (J4:77.0°)
2025-07-23 13:07:25 [INFO] DrFlow2UnloadExecutor:execute:382 - Flow2 步驟 5/5: move_to_point
2025-07-23 13:07:25 [INFO] DrFlow2UnloadExecutor:_execute_move_to_point_with_parameters:479 - 移動到點位 standby (J)
2025-07-23 13:07:25 [DEBUG] DrFlow2UnloadExecutor:_execute_move_to_point_with_parameters:480 -   關節角度: (j1:-2.7, j2:86.0, j3:238.0, j4:0.1)
2025-07-23 13:07:25 [DEBUG] DrFlow2UnloadExecutor:_execute_move_to_point_with_parameters:481 -   笛卡爾座標: (223.14, 189.28, 238.86, 83.37)
2025-07-23 13:07:25 [DEBUG] DrFlow2UnloadExecutor:_execute_move_to_point_with_parameters:482 -   運動參數: speed_j=100, acc_j=100, speed_l=80, acc_l=80, tool=0
2025-07-23 13:07:25 [INFO] DrFlow2UnloadExecutor:_execute_move_to_point_with_parameters:535 -   移動到 standby 成功 (J)
2025-07-23 13:07:25 [INFO] DrFlow2UnloadExecutor:execute:426 - Flow2執行完成！總耗時: 0.78秒
2025-07-23 13:07:25 [INFO] DrFlow2UnloadExecutor:execute:427 - 精簡組裝流程完成
2025-07-23 13:07:25 [INFO] DrFlow2UnloadExecutor:execute:429 - 角度控制: 目標角度=32.00°, 指令角度=77.00°
2025-07-23 13:07:25 [INFO] DrFlow2UnloadExecutor:execute:430 - 角度來源: flow1_direct
2025-07-23 13:07:25 [INFO] DrFlow2UnloadExecutor:execute:431 - J4角度應用: put_asm_top和put_asm_down都使用指令角度77.00°
2025-07-23 13:07:38 [INFO] DrFlow2UnloadExecutor:execute:382 - Flow2 步驟 1/5: move_to_point_with_j4
2025-07-23 13:07:38 [DEBUG] DrFlow2UnloadExecutor:_get_flow1_angle_or_default:667 - [動態角度獲取] 成功獲取Flow1角度: 75.59°
2025-07-23 13:07:38 [INFO] DrFlow2UnloadExecutor:_execute_move_to_point_with_j4:566 - 移動到點位 put_asm_top (動態角度獲取)
2025-07-23 13:07:38 [DEBUG] DrFlow2UnloadExecutor:_execute_move_to_point_with_j4:567 -   關節角度: (j1:-84.2, j2:-29.6, j3:177.3, j4:75.6)
2025-07-23 13:07:38 [DEBUG] DrFlow2UnloadExecutor:_execute_move_to_point_with_j4:568 -   角度來源: flow1_direct
2025-07-23 13:07:38 [DEBUG] DrFlow2UnloadExecutor:_execute_move_to_point_with_j4:569 -   運動參數: speed_j=100, acc_j=100, tool=0
2025-07-23 13:07:38 [INFO] DrFlow2UnloadExecutor:_execute_move_to_point_with_j4:592 -   移動到 put_asm_top 成功 (J4:75.6°)
2025-07-23 13:07:38 [INFO] DrFlow2UnloadExecutor:execute:382 - Flow2 步驟 2/5: move_to_point_with_j4
2025-07-23 13:07:38 [DEBUG] DrFlow2UnloadExecutor:_get_flow1_angle_or_default:667 - [動態角度獲取] 成功獲取Flow1角度: 75.59°
2025-07-23 13:07:38 [INFO] DrFlow2UnloadExecutor:_execute_move_to_point_with_j4:566 - 移動到點位 put_asm_down (動態角度獲取)
2025-07-23 13:07:38 [DEBUG] DrFlow2UnloadExecutor:_execute_move_to_point_with_j4:567 -   關節角度: (j1:-84.2, j2:-29.6, j3:155.6, j4:75.6)
2025-07-23 13:07:38 [DEBUG] DrFlow2UnloadExecutor:_execute_move_to_point_with_j4:568 -   角度來源: flow1_direct
2025-07-23 13:07:38 [DEBUG] DrFlow2UnloadExecutor:_execute_move_to_point_with_j4:569 -   運動參數: speed_j=100, acc_j=100, tool=0
2025-07-23 13:07:39 [INFO] DrFlow2UnloadExecutor:_execute_move_to_point_with_j4:590 -   移動到 put_asm_down 成功 (J4:75.6°) (含Sync)
2025-07-23 13:07:39 [INFO] DrFlow2UnloadExecutor:execute:382 - Flow2 步驟 3/5: gripper_close
2025-07-23 13:07:39 [INFO] DrFlow2UnloadExecutor:_execute_gripper_close:831 - 夾爪關閉成功
2025-07-23 13:07:39 [INFO] DrFlow2UnloadExecutor:execute:382 - Flow2 步驟 4/5: move_to_point_with_j4
2025-07-23 13:07:39 [DEBUG] DrFlow2UnloadExecutor:_get_flow1_angle_or_default:667 - [動態角度獲取] 成功獲取Flow1角度: 75.59°
2025-07-23 13:07:39 [INFO] DrFlow2UnloadExecutor:_execute_move_to_point_with_j4:566 - 移動到點位 put_asm_top (動態角度獲取)
2025-07-23 13:07:39 [DEBUG] DrFlow2UnloadExecutor:_execute_move_to_point_with_j4:567 -   關節角度: (j1:-84.2, j2:-29.6, j3:177.3, j4:75.6)
2025-07-23 13:07:39 [DEBUG] DrFlow2UnloadExecutor:_execute_move_to_point_with_j4:568 -   角度來源: flow1_direct
2025-07-23 13:07:39 [DEBUG] DrFlow2UnloadExecutor:_execute_move_to_point_with_j4:569 -   運動參數: speed_j=100, acc_j=100, tool=0
2025-07-23 13:07:39 [INFO] DrFlow2UnloadExecutor:_execute_move_to_point_with_j4:592 -   移動到 put_asm_top 成功 (J4:75.6°)
2025-07-23 13:07:39 [INFO] DrFlow2UnloadExecutor:execute:382 - Flow2 步驟 5/5: move_to_point
2025-07-23 13:07:39 [INFO] DrFlow2UnloadExecutor:_execute_move_to_point_with_parameters:479 - 移動到點位 standby (J)
2025-07-23 13:07:39 [DEBUG] DrFlow2UnloadExecutor:_execute_move_to_point_with_parameters:480 -   關節角度: (j1:-2.7, j2:86.0, j3:238.0, j4:0.1)
2025-07-23 13:07:39 [DEBUG] DrFlow2UnloadExecutor:_execute_move_to_point_with_parameters:481 -   笛卡爾座標: (223.14, 189.28, 238.86, 83.37)
2025-07-23 13:07:39 [DEBUG] DrFlow2UnloadExecutor:_execute_move_to_point_with_parameters:482 -   運動參數: speed_j=100, acc_j=100, speed_l=80, acc_l=80, tool=0
2025-07-23 13:07:39 [INFO] DrFlow2UnloadExecutor:_execute_move_to_point_with_parameters:535 -   移動到 standby 成功 (J)
2025-07-23 13:07:39 [INFO] DrFlow2UnloadExecutor:execute:426 - Flow2執行完成！總耗時: 0.81秒
2025-07-23 13:07:39 [INFO] DrFlow2UnloadExecutor:execute:427 - 精簡組裝流程完成
2025-07-23 13:07:39 [INFO] DrFlow2UnloadExecutor:execute:429 - 角度控制: 目標角度=30.59°, 指令角度=75.59°
2025-07-23 13:07:39 [INFO] DrFlow2UnloadExecutor:execute:430 - 角度來源: flow1_direct
2025-07-23 13:07:39 [INFO] DrFlow2UnloadExecutor:execute:431 - J4角度應用: put_asm_top和put_asm_down都使用指令角度75.59°
2025-07-23 13:07:47 [INFO] DrFlow2UnloadExecutor:execute:382 - Flow2 步驟 1/5: move_to_point_with_j4
2025-07-23 13:07:47 [DEBUG] DrFlow2UnloadExecutor:_get_flow1_angle_or_default:667 - [動態角度獲取] 成功獲取Flow1角度: 123.93°
2025-07-23 13:07:47 [INFO] DrFlow2UnloadExecutor:_execute_move_to_point_with_j4:566 - 移動到點位 put_asm_top (動態角度獲取)
2025-07-23 13:07:47 [DEBUG] DrFlow2UnloadExecutor:_execute_move_to_point_with_j4:567 -   關節角度: (j1:-84.2, j2:-29.6, j3:177.3, j4:123.9)
2025-07-23 13:07:47 [DEBUG] DrFlow2UnloadExecutor:_execute_move_to_point_with_j4:568 -   角度來源: flow1_direct
2025-07-23 13:07:47 [DEBUG] DrFlow2UnloadExecutor:_execute_move_to_point_with_j4:569 -   運動參數: speed_j=100, acc_j=100, tool=0
2025-07-23 13:07:47 [INFO] DrFlow2UnloadExecutor:_execute_move_to_point_with_j4:592 -   移動到 put_asm_top 成功 (J4:123.9°)
2025-07-23 13:07:47 [INFO] DrFlow2UnloadExecutor:execute:382 - Flow2 步驟 2/5: move_to_point_with_j4
2025-07-23 13:07:47 [DEBUG] DrFlow2UnloadExecutor:_get_flow1_angle_or_default:667 - [動態角度獲取] 成功獲取Flow1角度: 123.93°
2025-07-23 13:07:47 [INFO] DrFlow2UnloadExecutor:_execute_move_to_point_with_j4:566 - 移動到點位 put_asm_down (動態角度獲取)
2025-07-23 13:07:47 [DEBUG] DrFlow2UnloadExecutor:_execute_move_to_point_with_j4:567 -   關節角度: (j1:-84.2, j2:-29.6, j3:155.6, j4:123.9)
2025-07-23 13:07:47 [DEBUG] DrFlow2UnloadExecutor:_execute_move_to_point_with_j4:568 -   角度來源: flow1_direct
2025-07-23 13:07:47 [DEBUG] DrFlow2UnloadExecutor:_execute_move_to_point_with_j4:569 -   運動參數: speed_j=100, acc_j=100, tool=0
2025-07-23 13:07:47 [INFO] DrFlow2UnloadExecutor:_execute_move_to_point_with_j4:590 -   移動到 put_asm_down 成功 (J4:123.9°) (含Sync)
2025-07-23 13:07:47 [INFO] DrFlow2UnloadExecutor:execute:382 - Flow2 步驟 3/5: gripper_close
2025-07-23 13:07:47 [INFO] DrFlow2UnloadExecutor:_execute_gripper_close:831 - 夾爪關閉成功
2025-07-23 13:07:47 [INFO] DrFlow2UnloadExecutor:execute:382 - Flow2 步驟 4/5: move_to_point_with_j4
2025-07-23 13:07:47 [DEBUG] DrFlow2UnloadExecutor:_get_flow1_angle_or_default:667 - [動態角度獲取] 成功獲取Flow1角度: 123.93°
2025-07-23 13:07:47 [INFO] DrFlow2UnloadExecutor:_execute_move_to_point_with_j4:566 - 移動到點位 put_asm_top (動態角度獲取)
2025-07-23 13:07:47 [DEBUG] DrFlow2UnloadExecutor:_execute_move_to_point_with_j4:567 -   關節角度: (j1:-84.2, j2:-29.6, j3:177.3, j4:123.9)
2025-07-23 13:07:47 [DEBUG] DrFlow2UnloadExecutor:_execute_move_to_point_with_j4:568 -   角度來源: flow1_direct
2025-07-23 13:07:47 [DEBUG] DrFlow2UnloadExecutor:_execute_move_to_point_with_j4:569 -   運動參數: speed_j=100, acc_j=100, tool=0
2025-07-23 13:07:48 [INFO] DrFlow2UnloadExecutor:_execute_move_to_point_with_j4:592 -   移動到 put_asm_top 成功 (J4:123.9°)
2025-07-23 13:07:48 [INFO] DrFlow2UnloadExecutor:execute:382 - Flow2 步驟 5/5: move_to_point
2025-07-23 13:07:48 [INFO] DrFlow2UnloadExecutor:_execute_move_to_point_with_parameters:479 - 移動到點位 standby (J)
2025-07-23 13:07:48 [DEBUG] DrFlow2UnloadExecutor:_execute_move_to_point_with_parameters:480 -   關節角度: (j1:-2.7, j2:86.0, j3:238.0, j4:0.1)
2025-07-23 13:07:48 [DEBUG] DrFlow2UnloadExecutor:_execute_move_to_point_with_parameters:481 -   笛卡爾座標: (223.14, 189.28, 238.86, 83.37)
2025-07-23 13:07:48 [DEBUG] DrFlow2UnloadExecutor:_execute_move_to_point_with_parameters:482 -   運動參數: speed_j=100, acc_j=100, speed_l=80, acc_l=80, tool=0
2025-07-23 13:07:48 [INFO] DrFlow2UnloadExecutor:_execute_move_to_point_with_parameters:535 -   移動到 standby 成功 (J)
2025-07-23 13:07:48 [INFO] DrFlow2UnloadExecutor:execute:426 - Flow2執行完成！總耗時: 0.89秒
2025-07-23 13:07:48 [INFO] DrFlow2UnloadExecutor:execute:427 - 精簡組裝流程完成
2025-07-23 13:07:48 [INFO] DrFlow2UnloadExecutor:execute:429 - 角度控制: 目標角度=78.93°, 指令角度=123.93°
2025-07-23 13:07:48 [INFO] DrFlow2UnloadExecutor:execute:430 - 角度來源: flow1_direct
2025-07-23 13:07:48 [INFO] DrFlow2UnloadExecutor:execute:431 - J4角度應用: put_asm_top和put_asm_down都使用指令角度123.93°
2025-07-23 13:08:11 [INFO] DrFlow2UnloadExecutor:execute:382 - Flow2 步驟 1/5: move_to_point_with_j4
2025-07-23 13:08:11 [DEBUG] DrFlow2UnloadExecutor:_get_flow1_angle_or_default:667 - [動態角度獲取] 成功獲取Flow1角度: 128.51°
2025-07-23 13:08:11 [INFO] DrFlow2UnloadExecutor:_execute_move_to_point_with_j4:566 - 移動到點位 put_asm_top (動態角度獲取)
2025-07-23 13:08:11 [DEBUG] DrFlow2UnloadExecutor:_execute_move_to_point_with_j4:567 -   關節角度: (j1:-84.2, j2:-29.6, j3:177.3, j4:128.5)
2025-07-23 13:08:11 [DEBUG] DrFlow2UnloadExecutor:_execute_move_to_point_with_j4:568 -   角度來源: flow1_direct
2025-07-23 13:08:11 [DEBUG] DrFlow2UnloadExecutor:_execute_move_to_point_with_j4:569 -   運動參數: speed_j=100, acc_j=100, tool=0
2025-07-23 13:08:11 [INFO] DrFlow2UnloadExecutor:_execute_move_to_point_with_j4:592 -   移動到 put_asm_top 成功 (J4:128.5°)
2025-07-23 13:08:11 [INFO] DrFlow2UnloadExecutor:execute:382 - Flow2 步驟 2/5: move_to_point_with_j4
2025-07-23 13:08:11 [DEBUG] DrFlow2UnloadExecutor:_get_flow1_angle_or_default:667 - [動態角度獲取] 成功獲取Flow1角度: 128.51°
2025-07-23 13:08:11 [INFO] DrFlow2UnloadExecutor:_execute_move_to_point_with_j4:566 - 移動到點位 put_asm_down (動態角度獲取)
2025-07-23 13:08:11 [DEBUG] DrFlow2UnloadExecutor:_execute_move_to_point_with_j4:567 -   關節角度: (j1:-84.2, j2:-29.6, j3:155.6, j4:128.5)
2025-07-23 13:08:11 [DEBUG] DrFlow2UnloadExecutor:_execute_move_to_point_with_j4:568 -   角度來源: flow1_direct
2025-07-23 13:08:11 [DEBUG] DrFlow2UnloadExecutor:_execute_move_to_point_with_j4:569 -   運動參數: speed_j=100, acc_j=100, tool=0
2025-07-23 13:08:11 [INFO] DrFlow2UnloadExecutor:_execute_move_to_point_with_j4:590 -   移動到 put_asm_down 成功 (J4:128.5°) (含Sync)
2025-07-23 13:08:11 [INFO] DrFlow2UnloadExecutor:execute:382 - Flow2 步驟 3/5: gripper_close
2025-07-23 13:08:11 [INFO] DrFlow2UnloadExecutor:_execute_gripper_close:831 - 夾爪關閉成功
2025-07-23 13:08:11 [INFO] DrFlow2UnloadExecutor:execute:382 - Flow2 步驟 4/5: move_to_point_with_j4
2025-07-23 13:08:11 [DEBUG] DrFlow2UnloadExecutor:_get_flow1_angle_or_default:667 - [動態角度獲取] 成功獲取Flow1角度: 128.51°
2025-07-23 13:08:11 [INFO] DrFlow2UnloadExecutor:_execute_move_to_point_with_j4:566 - 移動到點位 put_asm_top (動態角度獲取)
2025-07-23 13:08:11 [DEBUG] DrFlow2UnloadExecutor:_execute_move_to_point_with_j4:567 -   關節角度: (j1:-84.2, j2:-29.6, j3:177.3, j4:128.5)
2025-07-23 13:08:11 [DEBUG] DrFlow2UnloadExecutor:_execute_move_to_point_with_j4:568 -   角度來源: flow1_direct
2025-07-23 13:08:11 [DEBUG] DrFlow2UnloadExecutor:_execute_move_to_point_with_j4:569 -   運動參數: speed_j=100, acc_j=100, tool=0
2025-07-23 13:08:11 [INFO] DrFlow2UnloadExecutor:_execute_move_to_point_with_j4:592 -   移動到 put_asm_top 成功 (J4:128.5°)
2025-07-23 13:08:11 [INFO] DrFlow2UnloadExecutor:execute:382 - Flow2 步驟 5/5: move_to_point
2025-07-23 13:08:11 [INFO] DrFlow2UnloadExecutor:_execute_move_to_point_with_parameters:479 - 移動到點位 standby (J)
2025-07-23 13:08:11 [DEBUG] DrFlow2UnloadExecutor:_execute_move_to_point_with_parameters:480 -   關節角度: (j1:-2.7, j2:86.0, j3:238.0, j4:0.1)
2025-07-23 13:08:11 [DEBUG] DrFlow2UnloadExecutor:_execute_move_to_point_with_parameters:481 -   笛卡爾座標: (223.14, 189.28, 238.86, 83.37)
2025-07-23 13:08:11 [DEBUG] DrFlow2UnloadExecutor:_execute_move_to_point_with_parameters:482 -   運動參數: speed_j=100, acc_j=100, speed_l=80, acc_l=80, tool=0
2025-07-23 13:08:11 [INFO] DrFlow2UnloadExecutor:_execute_move_to_point_with_parameters:535 -   移動到 standby 成功 (J)
2025-07-23 13:08:11 [INFO] DrFlow2UnloadExecutor:execute:426 - Flow2執行完成！總耗時: 0.80秒
2025-07-23 13:08:11 [INFO] DrFlow2UnloadExecutor:execute:427 - 精簡組裝流程完成
2025-07-23 13:08:11 [INFO] DrFlow2UnloadExecutor:execute:429 - 角度控制: 目標角度=83.51°, 指令角度=128.51°
2025-07-23 13:08:11 [INFO] DrFlow2UnloadExecutor:execute:430 - 角度來源: flow1_direct
2025-07-23 13:08:11 [INFO] DrFlow2UnloadExecutor:execute:431 - J4角度應用: put_asm_top和put_asm_down都使用指令角度128.51°
2025-07-23 13:08:45 [INFO] DrFlow2UnloadExecutor:execute:382 - Flow2 步驟 1/5: move_to_point_with_j4
2025-07-23 13:08:45 [DEBUG] DrFlow2UnloadExecutor:_get_flow1_angle_or_default:667 - [動態角度獲取] 成功獲取Flow1角度: 133.32°
2025-07-23 13:08:45 [INFO] DrFlow2UnloadExecutor:_execute_move_to_point_with_j4:566 - 移動到點位 put_asm_top (動態角度獲取)
2025-07-23 13:08:45 [DEBUG] DrFlow2UnloadExecutor:_execute_move_to_point_with_j4:567 -   關節角度: (j1:-84.2, j2:-29.6, j3:177.3, j4:133.3)
2025-07-23 13:08:45 [DEBUG] DrFlow2UnloadExecutor:_execute_move_to_point_with_j4:568 -   角度來源: flow1_direct
2025-07-23 13:08:45 [DEBUG] DrFlow2UnloadExecutor:_execute_move_to_point_with_j4:569 -   運動參數: speed_j=100, acc_j=100, tool=0
2025-07-23 13:08:45 [INFO] DrFlow2UnloadExecutor:_execute_move_to_point_with_j4:592 -   移動到 put_asm_top 成功 (J4:133.3°)
2025-07-23 13:08:45 [INFO] DrFlow2UnloadExecutor:execute:382 - Flow2 步驟 2/5: move_to_point_with_j4
2025-07-23 13:08:45 [DEBUG] DrFlow2UnloadExecutor:_get_flow1_angle_or_default:667 - [動態角度獲取] 成功獲取Flow1角度: 133.32°
2025-07-23 13:08:45 [INFO] DrFlow2UnloadExecutor:_execute_move_to_point_with_j4:566 - 移動到點位 put_asm_down (動態角度獲取)
2025-07-23 13:08:45 [DEBUG] DrFlow2UnloadExecutor:_execute_move_to_point_with_j4:567 -   關節角度: (j1:-84.2, j2:-29.6, j3:155.6, j4:133.3)
2025-07-23 13:08:45 [DEBUG] DrFlow2UnloadExecutor:_execute_move_to_point_with_j4:568 -   角度來源: flow1_direct
2025-07-23 13:08:45 [DEBUG] DrFlow2UnloadExecutor:_execute_move_to_point_with_j4:569 -   運動參數: speed_j=100, acc_j=100, tool=0
2025-07-23 13:08:45 [INFO] DrFlow2UnloadExecutor:_execute_move_to_point_with_j4:590 -   移動到 put_asm_down 成功 (J4:133.3°) (含Sync)
2025-07-23 13:08:45 [INFO] DrFlow2UnloadExecutor:execute:382 - Flow2 步驟 3/5: gripper_close
2025-07-23 13:08:45 [INFO] DrFlow2UnloadExecutor:_execute_gripper_close:831 - 夾爪關閉成功
2025-07-23 13:08:45 [INFO] DrFlow2UnloadExecutor:execute:382 - Flow2 步驟 4/5: move_to_point_with_j4
2025-07-23 13:08:45 [DEBUG] DrFlow2UnloadExecutor:_get_flow1_angle_or_default:667 - [動態角度獲取] 成功獲取Flow1角度: 133.32°
2025-07-23 13:08:45 [INFO] DrFlow2UnloadExecutor:_execute_move_to_point_with_j4:566 - 移動到點位 put_asm_top (動態角度獲取)
2025-07-23 13:08:45 [DEBUG] DrFlow2UnloadExecutor:_execute_move_to_point_with_j4:567 -   關節角度: (j1:-84.2, j2:-29.6, j3:177.3, j4:133.3)
2025-07-23 13:08:45 [DEBUG] DrFlow2UnloadExecutor:_execute_move_to_point_with_j4:568 -   角度來源: flow1_direct
2025-07-23 13:08:45 [DEBUG] DrFlow2UnloadExecutor:_execute_move_to_point_with_j4:569 -   運動參數: speed_j=100, acc_j=100, tool=0
2025-07-23 13:08:45 [INFO] DrFlow2UnloadExecutor:_execute_move_to_point_with_j4:592 -   移動到 put_asm_top 成功 (J4:133.3°)
2025-07-23 13:08:45 [INFO] DrFlow2UnloadExecutor:execute:382 - Flow2 步驟 5/5: move_to_point
2025-07-23 13:08:45 [INFO] DrFlow2UnloadExecutor:_execute_move_to_point_with_parameters:479 - 移動到點位 standby (J)
2025-07-23 13:08:45 [DEBUG] DrFlow2UnloadExecutor:_execute_move_to_point_with_parameters:480 -   關節角度: (j1:-2.7, j2:86.0, j3:238.0, j4:0.1)
2025-07-23 13:08:45 [DEBUG] DrFlow2UnloadExecutor:_execute_move_to_point_with_parameters:481 -   笛卡爾座標: (223.14, 189.28, 238.86, 83.37)
2025-07-23 13:08:45 [DEBUG] DrFlow2UnloadExecutor:_execute_move_to_point_with_parameters:482 -   運動參數: speed_j=100, acc_j=100, speed_l=80, acc_l=80, tool=0
2025-07-23 13:08:45 [INFO] DrFlow2UnloadExecutor:_execute_move_to_point_with_parameters:535 -   移動到 standby 成功 (J)
2025-07-23 13:08:45 [INFO] DrFlow2UnloadExecutor:execute:426 - Flow2執行完成！總耗時: 0.77秒
2025-07-23 13:08:45 [INFO] DrFlow2UnloadExecutor:execute:427 - 精簡組裝流程完成
2025-07-23 13:08:45 [INFO] DrFlow2UnloadExecutor:execute:429 - 角度控制: 目標角度=88.32°, 指令角度=133.32°
2025-07-23 13:08:45 [INFO] DrFlow2UnloadExecutor:execute:430 - 角度來源: flow1_direct
2025-07-23 13:08:45 [INFO] DrFlow2UnloadExecutor:execute:431 - J4角度應用: put_asm_top和put_asm_down都使用指令角度133.32°
2025-07-23 13:09:21 [INFO] DrFlow2UnloadExecutor:execute:382 - Flow2 步驟 1/5: move_to_point_with_j4
2025-07-23 13:09:21 [DEBUG] DrFlow2UnloadExecutor:_get_flow1_angle_or_default:667 - [動態角度獲取] 成功獲取Flow1角度: 84.86°
2025-07-23 13:09:21 [INFO] DrFlow2UnloadExecutor:_execute_move_to_point_with_j4:566 - 移動到點位 put_asm_top (動態角度獲取)
2025-07-23 13:09:21 [DEBUG] DrFlow2UnloadExecutor:_execute_move_to_point_with_j4:567 -   關節角度: (j1:-84.2, j2:-29.6, j3:177.3, j4:84.9)
2025-07-23 13:09:21 [DEBUG] DrFlow2UnloadExecutor:_execute_move_to_point_with_j4:568 -   角度來源: flow1_direct
2025-07-23 13:09:21 [DEBUG] DrFlow2UnloadExecutor:_execute_move_to_point_with_j4:569 -   運動參數: speed_j=100, acc_j=100, tool=0
2025-07-23 13:09:21 [INFO] DrFlow2UnloadExecutor:_execute_move_to_point_with_j4:592 -   移動到 put_asm_top 成功 (J4:84.9°)
2025-07-23 13:09:21 [INFO] DrFlow2UnloadExecutor:execute:382 - Flow2 步驟 2/5: move_to_point_with_j4
2025-07-23 13:09:21 [DEBUG] DrFlow2UnloadExecutor:_get_flow1_angle_or_default:667 - [動態角度獲取] 成功獲取Flow1角度: 84.86°
2025-07-23 13:09:21 [INFO] DrFlow2UnloadExecutor:_execute_move_to_point_with_j4:566 - 移動到點位 put_asm_down (動態角度獲取)
2025-07-23 13:09:21 [DEBUG] DrFlow2UnloadExecutor:_execute_move_to_point_with_j4:567 -   關節角度: (j1:-84.2, j2:-29.6, j3:155.6, j4:84.9)
2025-07-23 13:09:21 [DEBUG] DrFlow2UnloadExecutor:_execute_move_to_point_with_j4:568 -   角度來源: flow1_direct
2025-07-23 13:09:21 [DEBUG] DrFlow2UnloadExecutor:_execute_move_to_point_with_j4:569 -   運動參數: speed_j=100, acc_j=100, tool=0
2025-07-23 13:09:21 [INFO] DrFlow2UnloadExecutor:_execute_move_to_point_with_j4:590 -   移動到 put_asm_down 成功 (J4:84.9°) (含Sync)
2025-07-23 13:09:21 [INFO] DrFlow2UnloadExecutor:execute:382 - Flow2 步驟 3/5: gripper_close
2025-07-23 13:09:21 [INFO] DrFlow2UnloadExecutor:_execute_gripper_close:831 - 夾爪關閉成功
2025-07-23 13:09:21 [INFO] DrFlow2UnloadExecutor:execute:382 - Flow2 步驟 4/5: move_to_point_with_j4
2025-07-23 13:09:21 [DEBUG] DrFlow2UnloadExecutor:_get_flow1_angle_or_default:667 - [動態角度獲取] 成功獲取Flow1角度: 84.86°
2025-07-23 13:09:21 [INFO] DrFlow2UnloadExecutor:_execute_move_to_point_with_j4:566 - 移動到點位 put_asm_top (動態角度獲取)
2025-07-23 13:09:21 [DEBUG] DrFlow2UnloadExecutor:_execute_move_to_point_with_j4:567 -   關節角度: (j1:-84.2, j2:-29.6, j3:177.3, j4:84.9)
2025-07-23 13:09:21 [DEBUG] DrFlow2UnloadExecutor:_execute_move_to_point_with_j4:568 -   角度來源: flow1_direct
2025-07-23 13:09:21 [DEBUG] DrFlow2UnloadExecutor:_execute_move_to_point_with_j4:569 -   運動參數: speed_j=100, acc_j=100, tool=0
2025-07-23 13:09:22 [INFO] DrFlow2UnloadExecutor:_execute_move_to_point_with_j4:592 -   移動到 put_asm_top 成功 (J4:84.9°)
2025-07-23 13:09:22 [INFO] DrFlow2UnloadExecutor:execute:382 - Flow2 步驟 5/5: move_to_point
2025-07-23 13:09:22 [INFO] DrFlow2UnloadExecutor:_execute_move_to_point_with_parameters:479 - 移動到點位 standby (J)
2025-07-23 13:09:22 [DEBUG] DrFlow2UnloadExecutor:_execute_move_to_point_with_parameters:480 -   關節角度: (j1:-2.7, j2:86.0, j3:238.0, j4:0.1)
2025-07-23 13:09:22 [DEBUG] DrFlow2UnloadExecutor:_execute_move_to_point_with_parameters:481 -   笛卡爾座標: (223.14, 189.28, 238.86, 83.37)
2025-07-23 13:09:22 [DEBUG] DrFlow2UnloadExecutor:_execute_move_to_point_with_parameters:482 -   運動參數: speed_j=100, acc_j=100, speed_l=80, acc_l=80, tool=0
2025-07-23 13:09:22 [INFO] DrFlow2UnloadExecutor:_execute_move_to_point_with_parameters:535 -   移動到 standby 成功 (J)
2025-07-23 13:09:22 [INFO] DrFlow2UnloadExecutor:execute:426 - Flow2執行完成！總耗時: 0.79秒
2025-07-23 13:09:22 [INFO] DrFlow2UnloadExecutor:execute:427 - 精簡組裝流程完成
2025-07-23 13:09:22 [INFO] DrFlow2UnloadExecutor:execute:429 - 角度控制: 目標角度=39.86°, 指令角度=84.86°
2025-07-23 13:09:22 [INFO] DrFlow2UnloadExecutor:execute:430 - 角度來源: flow1_direct
2025-07-23 13:09:22 [INFO] DrFlow2UnloadExecutor:execute:431 - J4角度應用: put_asm_top和put_asm_down都使用指令角度84.86°
2025-07-23 13:09:52 [INFO] DrFlow2UnloadExecutor:execute:382 - Flow2 步驟 1/5: move_to_point_with_j4
2025-07-23 13:09:52 [DEBUG] DrFlow2UnloadExecutor:_get_flow1_angle_or_default:667 - [動態角度獲取] 成功獲取Flow1角度: 96.27°
2025-07-23 13:09:52 [INFO] DrFlow2UnloadExecutor:_execute_move_to_point_with_j4:566 - 移動到點位 put_asm_top (動態角度獲取)
2025-07-23 13:09:52 [DEBUG] DrFlow2UnloadExecutor:_execute_move_to_point_with_j4:567 -   關節角度: (j1:-84.2, j2:-29.6, j3:177.3, j4:96.3)
2025-07-23 13:09:52 [DEBUG] DrFlow2UnloadExecutor:_execute_move_to_point_with_j4:568 -   角度來源: flow1_direct
2025-07-23 13:09:52 [DEBUG] DrFlow2UnloadExecutor:_execute_move_to_point_with_j4:569 -   運動參數: speed_j=100, acc_j=100, tool=0
2025-07-23 13:09:52 [INFO] DrFlow2UnloadExecutor:_execute_move_to_point_with_j4:592 -   移動到 put_asm_top 成功 (J4:96.3°)
2025-07-23 13:09:52 [INFO] DrFlow2UnloadExecutor:execute:382 - Flow2 步驟 2/5: move_to_point_with_j4
2025-07-23 13:09:52 [DEBUG] DrFlow2UnloadExecutor:_get_flow1_angle_or_default:667 - [動態角度獲取] 成功獲取Flow1角度: 96.27°
2025-07-23 13:09:52 [INFO] DrFlow2UnloadExecutor:_execute_move_to_point_with_j4:566 - 移動到點位 put_asm_down (動態角度獲取)
2025-07-23 13:09:52 [DEBUG] DrFlow2UnloadExecutor:_execute_move_to_point_with_j4:567 -   關節角度: (j1:-84.2, j2:-29.6, j3:155.6, j4:96.3)
2025-07-23 13:09:52 [DEBUG] DrFlow2UnloadExecutor:_execute_move_to_point_with_j4:568 -   角度來源: flow1_direct
2025-07-23 13:09:52 [DEBUG] DrFlow2UnloadExecutor:_execute_move_to_point_with_j4:569 -   運動參數: speed_j=100, acc_j=100, tool=0
2025-07-23 13:09:52 [INFO] DrFlow2UnloadExecutor:_execute_move_to_point_with_j4:590 -   移動到 put_asm_down 成功 (J4:96.3°) (含Sync)
2025-07-23 13:09:52 [INFO] DrFlow2UnloadExecutor:execute:382 - Flow2 步驟 3/5: gripper_close
2025-07-23 13:09:52 [INFO] DrFlow2UnloadExecutor:_execute_gripper_close:831 - 夾爪關閉成功
2025-07-23 13:09:52 [INFO] DrFlow2UnloadExecutor:execute:382 - Flow2 步驟 4/5: move_to_point_with_j4
2025-07-23 13:09:52 [DEBUG] DrFlow2UnloadExecutor:_get_flow1_angle_or_default:667 - [動態角度獲取] 成功獲取Flow1角度: 96.27°
2025-07-23 13:09:52 [INFO] DrFlow2UnloadExecutor:_execute_move_to_point_with_j4:566 - 移動到點位 put_asm_top (動態角度獲取)
2025-07-23 13:09:52 [DEBUG] DrFlow2UnloadExecutor:_execute_move_to_point_with_j4:567 -   關節角度: (j1:-84.2, j2:-29.6, j3:177.3, j4:96.3)
2025-07-23 13:09:52 [DEBUG] DrFlow2UnloadExecutor:_execute_move_to_point_with_j4:568 -   角度來源: flow1_direct
2025-07-23 13:09:52 [DEBUG] DrFlow2UnloadExecutor:_execute_move_to_point_with_j4:569 -   運動參數: speed_j=100, acc_j=100, tool=0
2025-07-23 13:09:52 [INFO] DrFlow2UnloadExecutor:_execute_move_to_point_with_j4:592 -   移動到 put_asm_top 成功 (J4:96.3°)
2025-07-23 13:09:52 [INFO] DrFlow2UnloadExecutor:execute:382 - Flow2 步驟 5/5: move_to_point
2025-07-23 13:09:52 [INFO] DrFlow2UnloadExecutor:_execute_move_to_point_with_parameters:479 - 移動到點位 standby (J)
2025-07-23 13:09:52 [DEBUG] DrFlow2UnloadExecutor:_execute_move_to_point_with_parameters:480 -   關節角度: (j1:-2.7, j2:86.0, j3:238.0, j4:0.1)
2025-07-23 13:09:52 [DEBUG] DrFlow2UnloadExecutor:_execute_move_to_point_with_parameters:481 -   笛卡爾座標: (223.14, 189.28, 238.86, 83.37)
2025-07-23 13:09:52 [DEBUG] DrFlow2UnloadExecutor:_execute_move_to_point_with_parameters:482 -   運動參數: speed_j=100, acc_j=100, speed_l=80, acc_l=80, tool=0
2025-07-23 13:09:53 [INFO] DrFlow2UnloadExecutor:_execute_move_to_point_with_parameters:535 -   移動到 standby 成功 (J)
2025-07-23 13:09:53 [INFO] DrFlow2UnloadExecutor:execute:426 - Flow2執行完成！總耗時: 0.80秒
2025-07-23 13:09:53 [INFO] DrFlow2UnloadExecutor:execute:427 - 精簡組裝流程完成
2025-07-23 13:09:53 [INFO] DrFlow2UnloadExecutor:execute:429 - 角度控制: 目標角度=51.27°, 指令角度=96.27°
2025-07-23 13:09:53 [INFO] DrFlow2UnloadExecutor:execute:430 - 角度來源: flow1_direct
2025-07-23 13:09:53 [INFO] DrFlow2UnloadExecutor:execute:431 - J4角度應用: put_asm_top和put_asm_down都使用指令角度96.27°
2025-07-23 13:10:26 [INFO] DrFlow2UnloadExecutor:execute:382 - Flow2 步驟 1/5: move_to_point_with_j4
2025-07-23 13:10:26 [DEBUG] DrFlow2UnloadExecutor:_get_flow1_angle_or_default:667 - [動態角度獲取] 成功獲取Flow1角度: 75.74°
2025-07-23 13:10:26 [INFO] DrFlow2UnloadExecutor:_execute_move_to_point_with_j4:566 - 移動到點位 put_asm_top (動態角度獲取)
2025-07-23 13:10:26 [DEBUG] DrFlow2UnloadExecutor:_execute_move_to_point_with_j4:567 -   關節角度: (j1:-84.2, j2:-29.6, j3:177.3, j4:75.7)
2025-07-23 13:10:26 [DEBUG] DrFlow2UnloadExecutor:_execute_move_to_point_with_j4:568 -   角度來源: flow1_direct
2025-07-23 13:10:26 [DEBUG] DrFlow2UnloadExecutor:_execute_move_to_point_with_j4:569 -   運動參數: speed_j=100, acc_j=100, tool=0
2025-07-23 13:10:26 [INFO] DrFlow2UnloadExecutor:_execute_move_to_point_with_j4:592 -   移動到 put_asm_top 成功 (J4:75.7°)
2025-07-23 13:10:26 [INFO] DrFlow2UnloadExecutor:execute:382 - Flow2 步驟 2/5: move_to_point_with_j4
2025-07-23 13:10:26 [DEBUG] DrFlow2UnloadExecutor:_get_flow1_angle_or_default:667 - [動態角度獲取] 成功獲取Flow1角度: 75.74°
2025-07-23 13:10:26 [INFO] DrFlow2UnloadExecutor:_execute_move_to_point_with_j4:566 - 移動到點位 put_asm_down (動態角度獲取)
2025-07-23 13:10:26 [DEBUG] DrFlow2UnloadExecutor:_execute_move_to_point_with_j4:567 -   關節角度: (j1:-84.2, j2:-29.6, j3:155.6, j4:75.7)
2025-07-23 13:10:26 [DEBUG] DrFlow2UnloadExecutor:_execute_move_to_point_with_j4:568 -   角度來源: flow1_direct
2025-07-23 13:10:26 [DEBUG] DrFlow2UnloadExecutor:_execute_move_to_point_with_j4:569 -   運動參數: speed_j=100, acc_j=100, tool=0
2025-07-23 13:10:27 [INFO] DrFlow2UnloadExecutor:_execute_move_to_point_with_j4:590 -   移動到 put_asm_down 成功 (J4:75.7°) (含Sync)
2025-07-23 13:10:27 [INFO] DrFlow2UnloadExecutor:execute:382 - Flow2 步驟 3/5: gripper_close
2025-07-23 13:10:27 [INFO] DrFlow2UnloadExecutor:_execute_gripper_close:831 - 夾爪關閉成功
2025-07-23 13:10:27 [INFO] DrFlow2UnloadExecutor:execute:382 - Flow2 步驟 4/5: move_to_point_with_j4
2025-07-23 13:10:27 [DEBUG] DrFlow2UnloadExecutor:_get_flow1_angle_or_default:667 - [動態角度獲取] 成功獲取Flow1角度: 75.74°
2025-07-23 13:10:27 [INFO] DrFlow2UnloadExecutor:_execute_move_to_point_with_j4:566 - 移動到點位 put_asm_top (動態角度獲取)
2025-07-23 13:10:27 [DEBUG] DrFlow2UnloadExecutor:_execute_move_to_point_with_j4:567 -   關節角度: (j1:-84.2, j2:-29.6, j3:177.3, j4:75.7)
2025-07-23 13:10:27 [DEBUG] DrFlow2UnloadExecutor:_execute_move_to_point_with_j4:568 -   角度來源: flow1_direct
2025-07-23 13:10:27 [DEBUG] DrFlow2UnloadExecutor:_execute_move_to_point_with_j4:569 -   運動參數: speed_j=100, acc_j=100, tool=0
2025-07-23 13:10:27 [INFO] DrFlow2UnloadExecutor:_execute_move_to_point_with_j4:592 -   移動到 put_asm_top 成功 (J4:75.7°)
2025-07-23 13:10:27 [INFO] DrFlow2UnloadExecutor:execute:382 - Flow2 步驟 5/5: move_to_point
2025-07-23 13:10:27 [INFO] DrFlow2UnloadExecutor:_execute_move_to_point_with_parameters:479 - 移動到點位 standby (J)
2025-07-23 13:10:27 [DEBUG] DrFlow2UnloadExecutor:_execute_move_to_point_with_parameters:480 -   關節角度: (j1:-2.7, j2:86.0, j3:238.0, j4:0.1)
2025-07-23 13:10:27 [DEBUG] DrFlow2UnloadExecutor:_execute_move_to_point_with_parameters:481 -   笛卡爾座標: (223.14, 189.28, 238.86, 83.37)
2025-07-23 13:10:27 [DEBUG] DrFlow2UnloadExecutor:_execute_move_to_point_with_parameters:482 -   運動參數: speed_j=100, acc_j=100, speed_l=80, acc_l=80, tool=0
2025-07-23 13:10:27 [INFO] DrFlow2UnloadExecutor:_execute_move_to_point_with_parameters:535 -   移動到 standby 成功 (J)
2025-07-23 13:10:27 [INFO] DrFlow2UnloadExecutor:execute:426 - Flow2執行完成！總耗時: 0.80秒
2025-07-23 13:10:27 [INFO] DrFlow2UnloadExecutor:execute:427 - 精簡組裝流程完成
2025-07-23 13:10:27 [INFO] DrFlow2UnloadExecutor:execute:429 - 角度控制: 目標角度=30.74°, 指令角度=75.74°
2025-07-23 13:10:27 [INFO] DrFlow2UnloadExecutor:execute:430 - 角度來源: flow1_direct
2025-07-23 13:10:27 [INFO] DrFlow2UnloadExecutor:execute:431 - J4角度應用: put_asm_top和put_asm_down都使用指令角度75.74°
2025-07-23 13:10:54 [INFO] DrFlow2UnloadExecutor:execute:382 - Flow2 步驟 1/5: move_to_point_with_j4
2025-07-23 13:10:54 [DEBUG] DrFlow2UnloadExecutor:_get_flow1_angle_or_default:667 - [動態角度獲取] 成功獲取Flow1角度: 116.56°
2025-07-23 13:10:54 [INFO] DrFlow2UnloadExecutor:_execute_move_to_point_with_j4:566 - 移動到點位 put_asm_top (動態角度獲取)
2025-07-23 13:10:54 [DEBUG] DrFlow2UnloadExecutor:_execute_move_to_point_with_j4:567 -   關節角度: (j1:-84.2, j2:-29.6, j3:177.3, j4:116.6)
2025-07-23 13:10:54 [DEBUG] DrFlow2UnloadExecutor:_execute_move_to_point_with_j4:568 -   角度來源: flow1_direct
2025-07-23 13:10:54 [DEBUG] DrFlow2UnloadExecutor:_execute_move_to_point_with_j4:569 -   運動參數: speed_j=100, acc_j=100, tool=0
2025-07-23 13:10:54 [INFO] DrFlow2UnloadExecutor:_execute_move_to_point_with_j4:592 -   移動到 put_asm_top 成功 (J4:116.6°)
2025-07-23 13:10:54 [INFO] DrFlow2UnloadExecutor:execute:382 - Flow2 步驟 2/5: move_to_point_with_j4
2025-07-23 13:10:54 [DEBUG] DrFlow2UnloadExecutor:_get_flow1_angle_or_default:667 - [動態角度獲取] 成功獲取Flow1角度: 116.56°
2025-07-23 13:10:54 [INFO] DrFlow2UnloadExecutor:_execute_move_to_point_with_j4:566 - 移動到點位 put_asm_down (動態角度獲取)
2025-07-23 13:10:54 [DEBUG] DrFlow2UnloadExecutor:_execute_move_to_point_with_j4:567 -   關節角度: (j1:-84.2, j2:-29.6, j3:155.6, j4:116.6)
2025-07-23 13:10:54 [DEBUG] DrFlow2UnloadExecutor:_execute_move_to_point_with_j4:568 -   角度來源: flow1_direct
2025-07-23 13:10:54 [DEBUG] DrFlow2UnloadExecutor:_execute_move_to_point_with_j4:569 -   運動參數: speed_j=100, acc_j=100, tool=0
2025-07-23 13:10:55 [INFO] DrFlow2UnloadExecutor:_execute_move_to_point_with_j4:590 -   移動到 put_asm_down 成功 (J4:116.6°) (含Sync)
2025-07-23 13:10:55 [INFO] DrFlow2UnloadExecutor:execute:382 - Flow2 步驟 3/5: gripper_close
2025-07-23 13:10:55 [INFO] DrFlow2UnloadExecutor:_execute_gripper_close:831 - 夾爪關閉成功
2025-07-23 13:10:55 [INFO] DrFlow2UnloadExecutor:execute:382 - Flow2 步驟 4/5: move_to_point_with_j4
2025-07-23 13:10:55 [DEBUG] DrFlow2UnloadExecutor:_get_flow1_angle_or_default:667 - [動態角度獲取] 成功獲取Flow1角度: 116.56°
2025-07-23 13:10:55 [INFO] DrFlow2UnloadExecutor:_execute_move_to_point_with_j4:566 - 移動到點位 put_asm_top (動態角度獲取)
2025-07-23 13:10:55 [DEBUG] DrFlow2UnloadExecutor:_execute_move_to_point_with_j4:567 -   關節角度: (j1:-84.2, j2:-29.6, j3:177.3, j4:116.6)
2025-07-23 13:10:55 [DEBUG] DrFlow2UnloadExecutor:_execute_move_to_point_with_j4:568 -   角度來源: flow1_direct
2025-07-23 13:10:55 [DEBUG] DrFlow2UnloadExecutor:_execute_move_to_point_with_j4:569 -   運動參數: speed_j=100, acc_j=100, tool=0
2025-07-23 13:10:55 [INFO] DrFlow2UnloadExecutor:_execute_move_to_point_with_j4:592 -   移動到 put_asm_top 成功 (J4:116.6°)
2025-07-23 13:10:55 [INFO] DrFlow2UnloadExecutor:execute:382 - Flow2 步驟 5/5: move_to_point
2025-07-23 13:10:55 [INFO] DrFlow2UnloadExecutor:_execute_move_to_point_with_parameters:479 - 移動到點位 standby (J)
2025-07-23 13:10:55 [DEBUG] DrFlow2UnloadExecutor:_execute_move_to_point_with_parameters:480 -   關節角度: (j1:-2.7, j2:86.0, j3:238.0, j4:0.1)
2025-07-23 13:10:55 [DEBUG] DrFlow2UnloadExecutor:_execute_move_to_point_with_parameters:481 -   笛卡爾座標: (223.14, 189.28, 238.86, 83.37)
2025-07-23 13:10:55 [DEBUG] DrFlow2UnloadExecutor:_execute_move_to_point_with_parameters:482 -   運動參數: speed_j=100, acc_j=100, speed_l=80, acc_l=80, tool=0
2025-07-23 13:10:55 [INFO] DrFlow2UnloadExecutor:_execute_move_to_point_with_parameters:535 -   移動到 standby 成功 (J)
2025-07-23 13:10:55 [INFO] DrFlow2UnloadExecutor:execute:426 - Flow2執行完成！總耗時: 0.87秒
2025-07-23 13:10:55 [INFO] DrFlow2UnloadExecutor:execute:427 - 精簡組裝流程完成
2025-07-23 13:10:55 [INFO] DrFlow2UnloadExecutor:execute:429 - 角度控制: 目標角度=71.56°, 指令角度=116.56°
2025-07-23 13:10:55 [INFO] DrFlow2UnloadExecutor:execute:430 - 角度來源: flow1_direct
2025-07-23 13:10:55 [INFO] DrFlow2UnloadExecutor:execute:431 - J4角度應用: put_asm_top和put_asm_down都使用指令角度116.56°
2025-07-23 13:25:48 [INFO] DrFlow2UnloadExecutor:execute:382 - Flow2 步驟 1/5: move_to_point_with_j4
2025-07-23 13:25:48 [DEBUG] DrFlow2UnloadExecutor:_get_flow1_angle_or_default:667 - [動態角度獲取] 成功獲取Flow1角度: 75.37°
2025-07-23 13:25:48 [INFO] DrFlow2UnloadExecutor:_execute_move_to_point_with_j4:566 - 移動到點位 put_asm_top (動態角度獲取)
2025-07-23 13:25:48 [DEBUG] DrFlow2UnloadExecutor:_execute_move_to_point_with_j4:567 -   關節角度: (j1:-84.2, j2:-29.6, j3:177.3, j4:75.4)
2025-07-23 13:25:48 [DEBUG] DrFlow2UnloadExecutor:_execute_move_to_point_with_j4:568 -   角度來源: flow1_direct
2025-07-23 13:25:48 [DEBUG] DrFlow2UnloadExecutor:_execute_move_to_point_with_j4:569 -   運動參數: speed_j=100, acc_j=100, tool=0
2025-07-23 13:25:48 [INFO] DrFlow2UnloadExecutor:_execute_move_to_point_with_j4:592 -   移動到 put_asm_top 成功 (J4:75.4°)
2025-07-23 13:25:48 [INFO] DrFlow2UnloadExecutor:execute:382 - Flow2 步驟 2/5: move_to_point_with_j4
2025-07-23 13:25:48 [DEBUG] DrFlow2UnloadExecutor:_get_flow1_angle_or_default:667 - [動態角度獲取] 成功獲取Flow1角度: 75.37°
2025-07-23 13:25:48 [INFO] DrFlow2UnloadExecutor:_execute_move_to_point_with_j4:566 - 移動到點位 put_asm_down (動態角度獲取)
2025-07-23 13:25:48 [DEBUG] DrFlow2UnloadExecutor:_execute_move_to_point_with_j4:567 -   關節角度: (j1:-84.2, j2:-29.6, j3:155.6, j4:75.4)
2025-07-23 13:25:48 [DEBUG] DrFlow2UnloadExecutor:_execute_move_to_point_with_j4:568 -   角度來源: flow1_direct
2025-07-23 13:25:48 [DEBUG] DrFlow2UnloadExecutor:_execute_move_to_point_with_j4:569 -   運動參數: speed_j=100, acc_j=100, tool=0
2025-07-23 13:25:49 [INFO] DrFlow2UnloadExecutor:_execute_move_to_point_with_j4:590 -   移動到 put_asm_down 成功 (J4:75.4°) (含Sync)
2025-07-23 13:25:49 [INFO] DrFlow2UnloadExecutor:execute:382 - Flow2 步驟 3/5: gripper_close
2025-07-23 13:25:49 [INFO] DrFlow2UnloadExecutor:_execute_gripper_close:831 - 夾爪關閉成功
2025-07-23 13:25:49 [INFO] DrFlow2UnloadExecutor:execute:382 - Flow2 步驟 4/5: move_to_point_with_j4
2025-07-23 13:25:49 [DEBUG] DrFlow2UnloadExecutor:_get_flow1_angle_or_default:667 - [動態角度獲取] 成功獲取Flow1角度: 75.37°
2025-07-23 13:25:49 [INFO] DrFlow2UnloadExecutor:_execute_move_to_point_with_j4:566 - 移動到點位 put_asm_top (動態角度獲取)
2025-07-23 13:25:49 [DEBUG] DrFlow2UnloadExecutor:_execute_move_to_point_with_j4:567 -   關節角度: (j1:-84.2, j2:-29.6, j3:177.3, j4:75.4)
2025-07-23 13:25:49 [DEBUG] DrFlow2UnloadExecutor:_execute_move_to_point_with_j4:568 -   角度來源: flow1_direct
2025-07-23 13:25:49 [DEBUG] DrFlow2UnloadExecutor:_execute_move_to_point_with_j4:569 -   運動參數: speed_j=100, acc_j=100, tool=0
2025-07-23 13:25:49 [INFO] DrFlow2UnloadExecutor:_execute_move_to_point_with_j4:592 -   移動到 put_asm_top 成功 (J4:75.4°)
2025-07-23 13:25:49 [INFO] DrFlow2UnloadExecutor:execute:382 - Flow2 步驟 5/5: move_to_point
2025-07-23 13:25:49 [INFO] DrFlow2UnloadExecutor:_execute_move_to_point_with_parameters:479 - 移動到點位 standby (J)
2025-07-23 13:25:49 [DEBUG] DrFlow2UnloadExecutor:_execute_move_to_point_with_parameters:480 -   關節角度: (j1:-2.7, j2:86.0, j3:238.0, j4:0.1)
2025-07-23 13:25:49 [DEBUG] DrFlow2UnloadExecutor:_execute_move_to_point_with_parameters:481 -   笛卡爾座標: (223.14, 189.28, 238.86, 83.37)
2025-07-23 13:25:49 [DEBUG] DrFlow2UnloadExecutor:_execute_move_to_point_with_parameters:482 -   運動參數: speed_j=100, acc_j=100, speed_l=80, acc_l=80, tool=0
2025-07-23 13:25:49 [INFO] DrFlow2UnloadExecutor:_execute_move_to_point_with_parameters:535 -   移動到 standby 成功 (J)
2025-07-23 13:25:49 [INFO] DrFlow2UnloadExecutor:execute:426 - Flow2執行完成！總耗時: 0.82秒
2025-07-23 13:25:49 [INFO] DrFlow2UnloadExecutor:execute:427 - 精簡組裝流程完成
2025-07-23 13:25:49 [INFO] DrFlow2UnloadExecutor:execute:429 - 角度控制: 目標角度=30.37°, 指令角度=75.37°
2025-07-23 13:25:49 [INFO] DrFlow2UnloadExecutor:execute:430 - 角度來源: flow1_direct
2025-07-23 13:25:49 [INFO] DrFlow2UnloadExecutor:execute:431 - J4角度應用: put_asm_top和put_asm_down都使用指令角度75.37°
2025-07-23 13:25:56 [INFO] DrFlow2UnloadExecutor:execute:382 - Flow2 步驟 1/5: move_to_point_with_j4
2025-07-23 13:25:56 [DEBUG] DrFlow2UnloadExecutor:_get_flow1_angle_or_default:667 - [動態角度獲取] 成功獲取Flow1角度: 103.67°
2025-07-23 13:25:56 [INFO] DrFlow2UnloadExecutor:_execute_move_to_point_with_j4:566 - 移動到點位 put_asm_top (動態角度獲取)
2025-07-23 13:25:56 [DEBUG] DrFlow2UnloadExecutor:_execute_move_to_point_with_j4:567 -   關節角度: (j1:-84.2, j2:-29.6, j3:177.3, j4:103.7)
2025-07-23 13:25:56 [DEBUG] DrFlow2UnloadExecutor:_execute_move_to_point_with_j4:568 -   角度來源: flow1_direct
2025-07-23 13:25:56 [DEBUG] DrFlow2UnloadExecutor:_execute_move_to_point_with_j4:569 -   運動參數: speed_j=100, acc_j=100, tool=0
2025-07-23 13:25:56 [INFO] DrFlow2UnloadExecutor:_execute_move_to_point_with_j4:592 -   移動到 put_asm_top 成功 (J4:103.7°)
2025-07-23 13:25:56 [INFO] DrFlow2UnloadExecutor:execute:382 - Flow2 步驟 2/5: move_to_point_with_j4
2025-07-23 13:25:56 [DEBUG] DrFlow2UnloadExecutor:_get_flow1_angle_or_default:667 - [動態角度獲取] 成功獲取Flow1角度: 103.67°
2025-07-23 13:25:56 [INFO] DrFlow2UnloadExecutor:_execute_move_to_point_with_j4:566 - 移動到點位 put_asm_down (動態角度獲取)
2025-07-23 13:25:56 [DEBUG] DrFlow2UnloadExecutor:_execute_move_to_point_with_j4:567 -   關節角度: (j1:-84.2, j2:-29.6, j3:155.6, j4:103.7)
2025-07-23 13:25:56 [DEBUG] DrFlow2UnloadExecutor:_execute_move_to_point_with_j4:568 -   角度來源: flow1_direct
2025-07-23 13:25:56 [DEBUG] DrFlow2UnloadExecutor:_execute_move_to_point_with_j4:569 -   運動參數: speed_j=100, acc_j=100, tool=0
2025-07-23 13:25:57 [INFO] DrFlow2UnloadExecutor:_execute_move_to_point_with_j4:590 -   移動到 put_asm_down 成功 (J4:103.7°) (含Sync)
2025-07-23 13:25:57 [INFO] DrFlow2UnloadExecutor:execute:382 - Flow2 步驟 3/5: gripper_close
2025-07-23 13:25:57 [INFO] DrFlow2UnloadExecutor:_execute_gripper_close:831 - 夾爪關閉成功
2025-07-23 13:25:57 [INFO] DrFlow2UnloadExecutor:execute:382 - Flow2 步驟 4/5: move_to_point_with_j4
2025-07-23 13:25:57 [DEBUG] DrFlow2UnloadExecutor:_get_flow1_angle_or_default:667 - [動態角度獲取] 成功獲取Flow1角度: 103.67°
2025-07-23 13:25:57 [INFO] DrFlow2UnloadExecutor:_execute_move_to_point_with_j4:566 - 移動到點位 put_asm_top (動態角度獲取)
2025-07-23 13:25:57 [DEBUG] DrFlow2UnloadExecutor:_execute_move_to_point_with_j4:567 -   關節角度: (j1:-84.2, j2:-29.6, j3:177.3, j4:103.7)
2025-07-23 13:25:57 [DEBUG] DrFlow2UnloadExecutor:_execute_move_to_point_with_j4:568 -   角度來源: flow1_direct
2025-07-23 13:25:57 [DEBUG] DrFlow2UnloadExecutor:_execute_move_to_point_with_j4:569 -   運動參數: speed_j=100, acc_j=100, tool=0
2025-07-23 13:25:57 [INFO] DrFlow2UnloadExecutor:_execute_move_to_point_with_j4:592 -   移動到 put_asm_top 成功 (J4:103.7°)
2025-07-23 13:25:57 [INFO] DrFlow2UnloadExecutor:execute:382 - Flow2 步驟 5/5: move_to_point
2025-07-23 13:25:57 [INFO] DrFlow2UnloadExecutor:_execute_move_to_point_with_parameters:479 - 移動到點位 standby (J)
2025-07-23 13:25:57 [DEBUG] DrFlow2UnloadExecutor:_execute_move_to_point_with_parameters:480 -   關節角度: (j1:-2.7, j2:86.0, j3:238.0, j4:0.1)
2025-07-23 13:25:57 [DEBUG] DrFlow2UnloadExecutor:_execute_move_to_point_with_parameters:481 -   笛卡爾座標: (223.14, 189.28, 238.86, 83.37)
2025-07-23 13:25:57 [DEBUG] DrFlow2UnloadExecutor:_execute_move_to_point_with_parameters:482 -   運動參數: speed_j=100, acc_j=100, speed_l=80, acc_l=80, tool=0
2025-07-23 13:25:57 [INFO] DrFlow2UnloadExecutor:_execute_move_to_point_with_parameters:535 -   移動到 standby 成功 (J)
2025-07-23 13:25:57 [INFO] DrFlow2UnloadExecutor:execute:426 - Flow2執行完成！總耗時: 1.07秒
2025-07-23 13:25:57 [INFO] DrFlow2UnloadExecutor:execute:427 - 精簡組裝流程完成
2025-07-23 13:25:57 [INFO] DrFlow2UnloadExecutor:execute:429 - 角度控制: 目標角度=58.67°, 指令角度=103.67°
2025-07-23 13:25:57 [INFO] DrFlow2UnloadExecutor:execute:430 - 角度來源: flow1_direct
2025-07-23 13:25:57 [INFO] DrFlow2UnloadExecutor:execute:431 - J4角度應用: put_asm_top和put_asm_down都使用指令角度103.67°
2025-07-23 13:26:13 [INFO] DrFlow2UnloadExecutor:execute:382 - Flow2 步驟 1/5: move_to_point_with_j4
2025-07-23 13:26:13 [DEBUG] DrFlow2UnloadExecutor:_get_flow1_angle_or_default:667 - [動態角度獲取] 成功獲取Flow1角度: 135.00°
2025-07-23 13:26:13 [INFO] DrFlow2UnloadExecutor:_execute_move_to_point_with_j4:566 - 移動到點位 put_asm_top (動態角度獲取)
2025-07-23 13:26:13 [DEBUG] DrFlow2UnloadExecutor:_execute_move_to_point_with_j4:567 -   關節角度: (j1:-84.2, j2:-29.6, j3:177.3, j4:135.0)
2025-07-23 13:26:13 [DEBUG] DrFlow2UnloadExecutor:_execute_move_to_point_with_j4:568 -   角度來源: flow1_direct
2025-07-23 13:26:13 [DEBUG] DrFlow2UnloadExecutor:_execute_move_to_point_with_j4:569 -   運動參數: speed_j=100, acc_j=100, tool=0
2025-07-23 13:26:13 [INFO] DrFlow2UnloadExecutor:_execute_move_to_point_with_j4:592 -   移動到 put_asm_top 成功 (J4:135.0°)
2025-07-23 13:26:13 [INFO] DrFlow2UnloadExecutor:execute:382 - Flow2 步驟 2/5: move_to_point_with_j4
2025-07-23 13:26:13 [DEBUG] DrFlow2UnloadExecutor:_get_flow1_angle_or_default:667 - [動態角度獲取] 成功獲取Flow1角度: 135.00°
2025-07-23 13:26:13 [INFO] DrFlow2UnloadExecutor:_execute_move_to_point_with_j4:566 - 移動到點位 put_asm_down (動態角度獲取)
2025-07-23 13:26:13 [DEBUG] DrFlow2UnloadExecutor:_execute_move_to_point_with_j4:567 -   關節角度: (j1:-84.2, j2:-29.6, j3:155.6, j4:135.0)
2025-07-23 13:26:13 [DEBUG] DrFlow2UnloadExecutor:_execute_move_to_point_with_j4:568 -   角度來源: flow1_direct
2025-07-23 13:26:13 [DEBUG] DrFlow2UnloadExecutor:_execute_move_to_point_with_j4:569 -   運動參數: speed_j=100, acc_j=100, tool=0
2025-07-23 13:26:13 [INFO] DrFlow2UnloadExecutor:_execute_move_to_point_with_j4:590 -   移動到 put_asm_down 成功 (J4:135.0°) (含Sync)
2025-07-23 13:26:13 [INFO] DrFlow2UnloadExecutor:execute:382 - Flow2 步驟 3/5: gripper_close
2025-07-23 13:26:13 [INFO] DrFlow2UnloadExecutor:_execute_gripper_close:831 - 夾爪關閉成功
2025-07-23 13:26:13 [INFO] DrFlow2UnloadExecutor:execute:382 - Flow2 步驟 4/5: move_to_point_with_j4
2025-07-23 13:26:13 [DEBUG] DrFlow2UnloadExecutor:_get_flow1_angle_or_default:667 - [動態角度獲取] 成功獲取Flow1角度: 135.00°
2025-07-23 13:26:13 [INFO] DrFlow2UnloadExecutor:_execute_move_to_point_with_j4:566 - 移動到點位 put_asm_top (動態角度獲取)
2025-07-23 13:26:13 [DEBUG] DrFlow2UnloadExecutor:_execute_move_to_point_with_j4:567 -   關節角度: (j1:-84.2, j2:-29.6, j3:177.3, j4:135.0)
2025-07-23 13:26:13 [DEBUG] DrFlow2UnloadExecutor:_execute_move_to_point_with_j4:568 -   角度來源: flow1_direct
2025-07-23 13:26:13 [DEBUG] DrFlow2UnloadExecutor:_execute_move_to_point_with_j4:569 -   運動參數: speed_j=100, acc_j=100, tool=0
2025-07-23 13:26:14 [INFO] DrFlow2UnloadExecutor:_execute_move_to_point_with_j4:592 -   移動到 put_asm_top 成功 (J4:135.0°)
2025-07-23 13:26:14 [INFO] DrFlow2UnloadExecutor:execute:382 - Flow2 步驟 5/5: move_to_point
2025-07-23 13:26:14 [INFO] DrFlow2UnloadExecutor:_execute_move_to_point_with_parameters:479 - 移動到點位 standby (J)
2025-07-23 13:26:14 [DEBUG] DrFlow2UnloadExecutor:_execute_move_to_point_with_parameters:480 -   關節角度: (j1:-2.7, j2:86.0, j3:238.0, j4:0.1)
2025-07-23 13:26:14 [DEBUG] DrFlow2UnloadExecutor:_execute_move_to_point_with_parameters:481 -   笛卡爾座標: (223.14, 189.28, 238.86, 83.37)
2025-07-23 13:26:14 [DEBUG] DrFlow2UnloadExecutor:_execute_move_to_point_with_parameters:482 -   運動參數: speed_j=100, acc_j=100, speed_l=80, acc_l=80, tool=0
2025-07-23 13:26:14 [INFO] DrFlow2UnloadExecutor:_execute_move_to_point_with_parameters:535 -   移動到 standby 成功 (J)
2025-07-23 13:26:14 [INFO] DrFlow2UnloadExecutor:execute:426 - Flow2執行完成！總耗時: 1.16秒
2025-07-23 13:26:14 [INFO] DrFlow2UnloadExecutor:execute:427 - 精簡組裝流程完成
2025-07-23 13:26:14 [INFO] DrFlow2UnloadExecutor:execute:429 - 角度控制: 目標角度=90.00°, 指令角度=135.00°
2025-07-23 13:26:14 [INFO] DrFlow2UnloadExecutor:execute:430 - 角度來源: flow1_direct
2025-07-23 13:26:14 [INFO] DrFlow2UnloadExecutor:execute:431 - J4角度應用: put_asm_top和put_asm_down都使用指令角度135.00°
2025-07-23 13:26:21 [INFO] DrFlow2UnloadExecutor:execute:382 - Flow2 步驟 1/5: move_to_point_with_j4
2025-07-23 13:26:21 [DEBUG] DrFlow2UnloadExecutor:_get_flow1_angle_or_default:667 - [動態角度獲取] 成功獲取Flow1角度: 135.00°
2025-07-23 13:26:21 [INFO] DrFlow2UnloadExecutor:_execute_move_to_point_with_j4:566 - 移動到點位 put_asm_top (動態角度獲取)
2025-07-23 13:26:21 [DEBUG] DrFlow2UnloadExecutor:_execute_move_to_point_with_j4:567 -   關節角度: (j1:-84.2, j2:-29.6, j3:177.3, j4:135.0)
2025-07-23 13:26:21 [DEBUG] DrFlow2UnloadExecutor:_execute_move_to_point_with_j4:568 -   角度來源: flow1_direct
2025-07-23 13:26:21 [DEBUG] DrFlow2UnloadExecutor:_execute_move_to_point_with_j4:569 -   運動參數: speed_j=100, acc_j=100, tool=0
2025-07-23 13:26:21 [INFO] DrFlow2UnloadExecutor:_execute_move_to_point_with_j4:592 -   移動到 put_asm_top 成功 (J4:135.0°)
2025-07-23 13:26:21 [INFO] DrFlow2UnloadExecutor:execute:382 - Flow2 步驟 2/5: move_to_point_with_j4
2025-07-23 13:26:21 [DEBUG] DrFlow2UnloadExecutor:_get_flow1_angle_or_default:667 - [動態角度獲取] 成功獲取Flow1角度: 135.00°
2025-07-23 13:26:21 [INFO] DrFlow2UnloadExecutor:_execute_move_to_point_with_j4:566 - 移動到點位 put_asm_down (動態角度獲取)
2025-07-23 13:26:21 [DEBUG] DrFlow2UnloadExecutor:_execute_move_to_point_with_j4:567 -   關節角度: (j1:-84.2, j2:-29.6, j3:155.6, j4:135.0)
2025-07-23 13:26:21 [DEBUG] DrFlow2UnloadExecutor:_execute_move_to_point_with_j4:568 -   角度來源: flow1_direct
2025-07-23 13:26:21 [DEBUG] DrFlow2UnloadExecutor:_execute_move_to_point_with_j4:569 -   運動參數: speed_j=100, acc_j=100, tool=0
2025-07-23 13:26:22 [INFO] DrFlow2UnloadExecutor:_execute_move_to_point_with_j4:590 -   移動到 put_asm_down 成功 (J4:135.0°) (含Sync)
2025-07-23 13:26:22 [INFO] DrFlow2UnloadExecutor:execute:382 - Flow2 步驟 3/5: gripper_close
2025-07-23 13:26:22 [INFO] DrFlow2UnloadExecutor:_execute_gripper_close:831 - 夾爪關閉成功
2025-07-23 13:26:22 [INFO] DrFlow2UnloadExecutor:execute:382 - Flow2 步驟 4/5: move_to_point_with_j4
2025-07-23 13:26:22 [DEBUG] DrFlow2UnloadExecutor:_get_flow1_angle_or_default:667 - [動態角度獲取] 成功獲取Flow1角度: 135.00°
2025-07-23 13:26:22 [INFO] DrFlow2UnloadExecutor:_execute_move_to_point_with_j4:566 - 移動到點位 put_asm_top (動態角度獲取)
2025-07-23 13:26:22 [DEBUG] DrFlow2UnloadExecutor:_execute_move_to_point_with_j4:567 -   關節角度: (j1:-84.2, j2:-29.6, j3:177.3, j4:135.0)
2025-07-23 13:26:22 [DEBUG] DrFlow2UnloadExecutor:_execute_move_to_point_with_j4:568 -   角度來源: flow1_direct
2025-07-23 13:26:22 [DEBUG] DrFlow2UnloadExecutor:_execute_move_to_point_with_j4:569 -   運動參數: speed_j=100, acc_j=100, tool=0
2025-07-23 13:26:23 [INFO] DrFlow2UnloadExecutor:_execute_move_to_point_with_j4:592 -   移動到 put_asm_top 成功 (J4:135.0°)
2025-07-23 13:26:23 [INFO] DrFlow2UnloadExecutor:execute:382 - Flow2 步驟 5/5: move_to_point
2025-07-23 13:26:23 [INFO] DrFlow2UnloadExecutor:_execute_move_to_point_with_parameters:479 - 移動到點位 standby (J)
2025-07-23 13:26:23 [DEBUG] DrFlow2UnloadExecutor:_execute_move_to_point_with_parameters:480 -   關節角度: (j1:-2.7, j2:86.0, j3:238.0, j4:0.1)
2025-07-23 13:26:23 [DEBUG] DrFlow2UnloadExecutor:_execute_move_to_point_with_parameters:481 -   笛卡爾座標: (223.14, 189.28, 238.86, 83.37)
2025-07-23 13:26:23 [DEBUG] DrFlow2UnloadExecutor:_execute_move_to_point_with_parameters:482 -   運動參數: speed_j=100, acc_j=100, speed_l=80, acc_l=80, tool=0
2025-07-23 13:26:23 [INFO] DrFlow2UnloadExecutor:_execute_move_to_point_with_parameters:535 -   移動到 standby 成功 (J)
2025-07-23 13:26:23 [INFO] DrFlow2UnloadExecutor:execute:426 - Flow2執行完成！總耗時: 1.50秒
2025-07-23 13:26:23 [INFO] DrFlow2UnloadExecutor:execute:427 - 精簡組裝流程完成
2025-07-23 13:26:23 [INFO] DrFlow2UnloadExecutor:execute:429 - 角度控制: 目標角度=90.00°, 指令角度=135.00°
2025-07-23 13:26:23 [INFO] DrFlow2UnloadExecutor:execute:430 - 角度來源: flow1_direct
2025-07-23 13:26:23 [INFO] DrFlow2UnloadExecutor:execute:431 - J4角度應用: put_asm_top和put_asm_down都使用指令角度135.00°
2025-07-23 13:26:48 [INFO] DrFlow2UnloadExecutor:execute:382 - Flow2 步驟 1/5: move_to_point_with_j4
2025-07-23 13:26:48 [DEBUG] DrFlow2UnloadExecutor:_get_flow1_angle_or_default:667 - [動態角度獲取] 成功獲取Flow1角度: 114.10°
2025-07-23 13:26:48 [INFO] DrFlow2UnloadExecutor:_execute_move_to_point_with_j4:566 - 移動到點位 put_asm_top (動態角度獲取)
2025-07-23 13:26:48 [DEBUG] DrFlow2UnloadExecutor:_execute_move_to_point_with_j4:567 -   關節角度: (j1:-84.2, j2:-29.6, j3:177.3, j4:114.1)
2025-07-23 13:26:48 [DEBUG] DrFlow2UnloadExecutor:_execute_move_to_point_with_j4:568 -   角度來源: flow1_direct
2025-07-23 13:26:48 [DEBUG] DrFlow2UnloadExecutor:_execute_move_to_point_with_j4:569 -   運動參數: speed_j=100, acc_j=100, tool=0
2025-07-23 13:26:48 [INFO] DrFlow2UnloadExecutor:_execute_move_to_point_with_j4:592 -   移動到 put_asm_top 成功 (J4:114.1°)
2025-07-23 13:26:48 [INFO] DrFlow2UnloadExecutor:execute:382 - Flow2 步驟 2/5: move_to_point_with_j4
2025-07-23 13:26:48 [DEBUG] DrFlow2UnloadExecutor:_get_flow1_angle_or_default:667 - [動態角度獲取] 成功獲取Flow1角度: 114.10°
2025-07-23 13:26:48 [INFO] DrFlow2UnloadExecutor:_execute_move_to_point_with_j4:566 - 移動到點位 put_asm_down (動態角度獲取)
2025-07-23 13:26:48 [DEBUG] DrFlow2UnloadExecutor:_execute_move_to_point_with_j4:567 -   關節角度: (j1:-84.2, j2:-29.6, j3:155.6, j4:114.1)
2025-07-23 13:26:48 [DEBUG] DrFlow2UnloadExecutor:_execute_move_to_point_with_j4:568 -   角度來源: flow1_direct
2025-07-23 13:26:48 [DEBUG] DrFlow2UnloadExecutor:_execute_move_to_point_with_j4:569 -   運動參數: speed_j=100, acc_j=100, tool=0
2025-07-23 13:26:49 [INFO] DrFlow2UnloadExecutor:_execute_move_to_point_with_j4:590 -   移動到 put_asm_down 成功 (J4:114.1°) (含Sync)
2025-07-23 13:26:49 [INFO] DrFlow2UnloadExecutor:execute:382 - Flow2 步驟 3/5: gripper_close
2025-07-23 13:26:49 [INFO] DrFlow2UnloadExecutor:_execute_gripper_close:831 - 夾爪關閉成功
2025-07-23 13:26:49 [INFO] DrFlow2UnloadExecutor:execute:382 - Flow2 步驟 4/5: move_to_point_with_j4
2025-07-23 13:26:49 [DEBUG] DrFlow2UnloadExecutor:_get_flow1_angle_or_default:667 - [動態角度獲取] 成功獲取Flow1角度: 114.10°
2025-07-23 13:26:49 [INFO] DrFlow2UnloadExecutor:_execute_move_to_point_with_j4:566 - 移動到點位 put_asm_top (動態角度獲取)
2025-07-23 13:26:49 [DEBUG] DrFlow2UnloadExecutor:_execute_move_to_point_with_j4:567 -   關節角度: (j1:-84.2, j2:-29.6, j3:177.3, j4:114.1)
2025-07-23 13:26:49 [DEBUG] DrFlow2UnloadExecutor:_execute_move_to_point_with_j4:568 -   角度來源: flow1_direct
2025-07-23 13:26:49 [DEBUG] DrFlow2UnloadExecutor:_execute_move_to_point_with_j4:569 -   運動參數: speed_j=100, acc_j=100, tool=0
2025-07-23 13:26:49 [INFO] DrFlow2UnloadExecutor:_execute_move_to_point_with_j4:592 -   移動到 put_asm_top 成功 (J4:114.1°)
2025-07-23 13:26:49 [INFO] DrFlow2UnloadExecutor:execute:382 - Flow2 步驟 5/5: move_to_point
2025-07-23 13:26:49 [INFO] DrFlow2UnloadExecutor:_execute_move_to_point_with_parameters:479 - 移動到點位 standby (J)
2025-07-23 13:26:49 [DEBUG] DrFlow2UnloadExecutor:_execute_move_to_point_with_parameters:480 -   關節角度: (j1:-2.7, j2:86.0, j3:238.0, j4:0.1)
2025-07-23 13:26:49 [DEBUG] DrFlow2UnloadExecutor:_execute_move_to_point_with_parameters:481 -   笛卡爾座標: (223.14, 189.28, 238.86, 83.37)
2025-07-23 13:26:49 [DEBUG] DrFlow2UnloadExecutor:_execute_move_to_point_with_parameters:482 -   運動參數: speed_j=100, acc_j=100, speed_l=80, acc_l=80, tool=0
2025-07-23 13:26:49 [INFO] DrFlow2UnloadExecutor:_execute_move_to_point_with_parameters:535 -   移動到 standby 成功 (J)
2025-07-23 13:26:49 [INFO] DrFlow2UnloadExecutor:execute:426 - Flow2執行完成！總耗時: 0.81秒
2025-07-23 13:26:49 [INFO] DrFlow2UnloadExecutor:execute:427 - 精簡組裝流程完成
2025-07-23 13:26:49 [INFO] DrFlow2UnloadExecutor:execute:429 - 角度控制: 目標角度=69.10°, 指令角度=114.10°
2025-07-23 13:26:49 [INFO] DrFlow2UnloadExecutor:execute:430 - 角度來源: flow1_direct
2025-07-23 13:26:49 [INFO] DrFlow2UnloadExecutor:execute:431 - J4角度應用: put_asm_top和put_asm_down都使用指令角度114.10°
2025-07-23 13:27:23 [INFO] DrFlow2UnloadExecutor:execute:382 - Flow2 步驟 1/5: move_to_point_with_j4
2025-07-23 13:27:23 [DEBUG] DrFlow2UnloadExecutor:_get_flow1_angle_or_default:667 - [動態角度獲取] 成功獲取Flow1角度: 82.46°
2025-07-23 13:27:23 [INFO] DrFlow2UnloadExecutor:_execute_move_to_point_with_j4:566 - 移動到點位 put_asm_top (動態角度獲取)
2025-07-23 13:27:23 [DEBUG] DrFlow2UnloadExecutor:_execute_move_to_point_with_j4:567 -   關節角度: (j1:-84.2, j2:-29.6, j3:177.3, j4:82.5)
2025-07-23 13:27:23 [DEBUG] DrFlow2UnloadExecutor:_execute_move_to_point_with_j4:568 -   角度來源: flow1_direct
2025-07-23 13:27:23 [DEBUG] DrFlow2UnloadExecutor:_execute_move_to_point_with_j4:569 -   運動參數: speed_j=100, acc_j=100, tool=0
2025-07-23 13:27:23 [INFO] DrFlow2UnloadExecutor:_execute_move_to_point_with_j4:592 -   移動到 put_asm_top 成功 (J4:82.5°)
2025-07-23 13:27:23 [INFO] DrFlow2UnloadExecutor:execute:382 - Flow2 步驟 2/5: move_to_point_with_j4
2025-07-23 13:27:23 [DEBUG] DrFlow2UnloadExecutor:_get_flow1_angle_or_default:667 - [動態角度獲取] 成功獲取Flow1角度: 82.46°
2025-07-23 13:27:23 [INFO] DrFlow2UnloadExecutor:_execute_move_to_point_with_j4:566 - 移動到點位 put_asm_down (動態角度獲取)
2025-07-23 13:27:23 [DEBUG] DrFlow2UnloadExecutor:_execute_move_to_point_with_j4:567 -   關節角度: (j1:-84.2, j2:-29.6, j3:155.6, j4:82.5)
2025-07-23 13:27:23 [DEBUG] DrFlow2UnloadExecutor:_execute_move_to_point_with_j4:568 -   角度來源: flow1_direct
2025-07-23 13:27:23 [DEBUG] DrFlow2UnloadExecutor:_execute_move_to_point_with_j4:569 -   運動參數: speed_j=100, acc_j=100, tool=0
2025-07-23 13:27:24 [INFO] DrFlow2UnloadExecutor:_execute_move_to_point_with_j4:590 -   移動到 put_asm_down 成功 (J4:82.5°) (含Sync)
2025-07-23 13:27:24 [INFO] DrFlow2UnloadExecutor:execute:382 - Flow2 步驟 3/5: gripper_close
2025-07-23 13:27:24 [INFO] DrFlow2UnloadExecutor:_execute_gripper_close:831 - 夾爪關閉成功
2025-07-23 13:27:24 [INFO] DrFlow2UnloadExecutor:execute:382 - Flow2 步驟 4/5: move_to_point_with_j4
2025-07-23 13:27:24 [DEBUG] DrFlow2UnloadExecutor:_get_flow1_angle_or_default:667 - [動態角度獲取] 成功獲取Flow1角度: 82.46°
2025-07-23 13:27:24 [INFO] DrFlow2UnloadExecutor:_execute_move_to_point_with_j4:566 - 移動到點位 put_asm_top (動態角度獲取)
2025-07-23 13:27:24 [DEBUG] DrFlow2UnloadExecutor:_execute_move_to_point_with_j4:567 -   關節角度: (j1:-84.2, j2:-29.6, j3:177.3, j4:82.5)
2025-07-23 13:27:24 [DEBUG] DrFlow2UnloadExecutor:_execute_move_to_point_with_j4:568 -   角度來源: flow1_direct
2025-07-23 13:27:24 [DEBUG] DrFlow2UnloadExecutor:_execute_move_to_point_with_j4:569 -   運動參數: speed_j=100, acc_j=100, tool=0
2025-07-23 13:27:24 [INFO] DrFlow2UnloadExecutor:_execute_move_to_point_with_j4:592 -   移動到 put_asm_top 成功 (J4:82.5°)
2025-07-23 13:27:24 [INFO] DrFlow2UnloadExecutor:execute:382 - Flow2 步驟 5/5: move_to_point
2025-07-23 13:27:24 [INFO] DrFlow2UnloadExecutor:_execute_move_to_point_with_parameters:479 - 移動到點位 standby (J)
2025-07-23 13:27:24 [DEBUG] DrFlow2UnloadExecutor:_execute_move_to_point_with_parameters:480 -   關節角度: (j1:-2.7, j2:86.0, j3:238.0, j4:0.1)
2025-07-23 13:27:24 [DEBUG] DrFlow2UnloadExecutor:_execute_move_to_point_with_parameters:481 -   笛卡爾座標: (223.14, 189.28, 238.86, 83.37)
2025-07-23 13:27:24 [DEBUG] DrFlow2UnloadExecutor:_execute_move_to_point_with_parameters:482 -   運動參數: speed_j=100, acc_j=100, speed_l=80, acc_l=80, tool=0
2025-07-23 13:27:24 [INFO] DrFlow2UnloadExecutor:_execute_move_to_point_with_parameters:535 -   移動到 standby 成功 (J)
2025-07-23 13:27:24 [INFO] DrFlow2UnloadExecutor:execute:426 - Flow2執行完成！總耗時: 0.80秒
2025-07-23 13:27:24 [INFO] DrFlow2UnloadExecutor:execute:427 - 精簡組裝流程完成
2025-07-23 13:27:24 [INFO] DrFlow2UnloadExecutor:execute:429 - 角度控制: 目標角度=37.46°, 指令角度=82.46°
2025-07-23 13:27:24 [INFO] DrFlow2UnloadExecutor:execute:430 - 角度來源: flow1_direct
2025-07-23 13:27:24 [INFO] DrFlow2UnloadExecutor:execute:431 - J4角度應用: put_asm_top和put_asm_down都使用指令角度82.46°
2025-07-23 13:27:48 [INFO] DrFlow2UnloadExecutor:execute:382 - Flow2 步驟 1/5: move_to_point_with_j4
2025-07-23 13:27:48 [DEBUG] DrFlow2UnloadExecutor:_get_flow1_angle_or_default:667 - [動態角度獲取] 成功獲取Flow1角度: 106.18°
2025-07-23 13:27:48 [INFO] DrFlow2UnloadExecutor:_execute_move_to_point_with_j4:566 - 移動到點位 put_asm_top (動態角度獲取)
2025-07-23 13:27:48 [DEBUG] DrFlow2UnloadExecutor:_execute_move_to_point_with_j4:567 -   關節角度: (j1:-84.2, j2:-29.6, j3:177.3, j4:106.2)
2025-07-23 13:27:48 [DEBUG] DrFlow2UnloadExecutor:_execute_move_to_point_with_j4:568 -   角度來源: flow1_direct
2025-07-23 13:27:48 [DEBUG] DrFlow2UnloadExecutor:_execute_move_to_point_with_j4:569 -   運動參數: speed_j=100, acc_j=100, tool=0
2025-07-23 13:27:49 [INFO] DrFlow2UnloadExecutor:_execute_move_to_point_with_j4:592 -   移動到 put_asm_top 成功 (J4:106.2°)
2025-07-23 13:27:49 [INFO] DrFlow2UnloadExecutor:execute:382 - Flow2 步驟 2/5: move_to_point_with_j4
2025-07-23 13:27:49 [DEBUG] DrFlow2UnloadExecutor:_get_flow1_angle_or_default:667 - [動態角度獲取] 成功獲取Flow1角度: 106.18°
2025-07-23 13:27:49 [INFO] DrFlow2UnloadExecutor:_execute_move_to_point_with_j4:566 - 移動到點位 put_asm_down (動態角度獲取)
2025-07-23 13:27:49 [DEBUG] DrFlow2UnloadExecutor:_execute_move_to_point_with_j4:567 -   關節角度: (j1:-84.2, j2:-29.6, j3:155.6, j4:106.2)
2025-07-23 13:27:49 [DEBUG] DrFlow2UnloadExecutor:_execute_move_to_point_with_j4:568 -   角度來源: flow1_direct
2025-07-23 13:27:49 [DEBUG] DrFlow2UnloadExecutor:_execute_move_to_point_with_j4:569 -   運動參數: speed_j=100, acc_j=100, tool=0
2025-07-23 13:27:49 [INFO] DrFlow2UnloadExecutor:_execute_move_to_point_with_j4:590 -   移動到 put_asm_down 成功 (J4:106.2°) (含Sync)
2025-07-23 13:27:49 [INFO] DrFlow2UnloadExecutor:execute:382 - Flow2 步驟 3/5: gripper_close
2025-07-23 13:27:49 [INFO] DrFlow2UnloadExecutor:_execute_gripper_close:831 - 夾爪關閉成功
2025-07-23 13:27:49 [INFO] DrFlow2UnloadExecutor:execute:382 - Flow2 步驟 4/5: move_to_point_with_j4
2025-07-23 13:27:49 [DEBUG] DrFlow2UnloadExecutor:_get_flow1_angle_or_default:667 - [動態角度獲取] 成功獲取Flow1角度: 106.18°
2025-07-23 13:27:49 [INFO] DrFlow2UnloadExecutor:_execute_move_to_point_with_j4:566 - 移動到點位 put_asm_top (動態角度獲取)
2025-07-23 13:27:49 [DEBUG] DrFlow2UnloadExecutor:_execute_move_to_point_with_j4:567 -   關節角度: (j1:-84.2, j2:-29.6, j3:177.3, j4:106.2)
2025-07-23 13:27:49 [DEBUG] DrFlow2UnloadExecutor:_execute_move_to_point_with_j4:568 -   角度來源: flow1_direct
2025-07-23 13:27:49 [DEBUG] DrFlow2UnloadExecutor:_execute_move_to_point_with_j4:569 -   運動參數: speed_j=100, acc_j=100, tool=0
2025-07-23 13:27:49 [INFO] DrFlow2UnloadExecutor:_execute_move_to_point_with_j4:592 -   移動到 put_asm_top 成功 (J4:106.2°)
2025-07-23 13:27:49 [INFO] DrFlow2UnloadExecutor:execute:382 - Flow2 步驟 5/5: move_to_point
2025-07-23 13:27:49 [INFO] DrFlow2UnloadExecutor:_execute_move_to_point_with_parameters:479 - 移動到點位 standby (J)
2025-07-23 13:27:49 [DEBUG] DrFlow2UnloadExecutor:_execute_move_to_point_with_parameters:480 -   關節角度: (j1:-2.7, j2:86.0, j3:238.0, j4:0.1)
2025-07-23 13:27:49 [DEBUG] DrFlow2UnloadExecutor:_execute_move_to_point_with_parameters:481 -   笛卡爾座標: (223.14, 189.28, 238.86, 83.37)
2025-07-23 13:27:49 [DEBUG] DrFlow2UnloadExecutor:_execute_move_to_point_with_parameters:482 -   運動參數: speed_j=100, acc_j=100, speed_l=80, acc_l=80, tool=0
2025-07-23 13:27:49 [INFO] DrFlow2UnloadExecutor:_execute_move_to_point_with_parameters:535 -   移動到 standby 成功 (J)
2025-07-23 13:27:49 [INFO] DrFlow2UnloadExecutor:execute:426 - Flow2執行完成！總耗時: 0.78秒
2025-07-23 13:27:49 [INFO] DrFlow2UnloadExecutor:execute:427 - 精簡組裝流程完成
2025-07-23 13:27:49 [INFO] DrFlow2UnloadExecutor:execute:429 - 角度控制: 目標角度=61.18°, 指令角度=106.18°
2025-07-23 13:27:49 [INFO] DrFlow2UnloadExecutor:execute:430 - 角度來源: flow1_direct
2025-07-23 13:27:49 [INFO] DrFlow2UnloadExecutor:execute:431 - J4角度應用: put_asm_top和put_asm_down都使用指令角度106.18°
2025-07-23 13:28:07 [INFO] DrFlow2UnloadExecutor:execute:382 - Flow2 步驟 1/5: move_to_point_with_j4
2025-07-23 13:28:07 [DEBUG] DrFlow2UnloadExecutor:_get_flow1_angle_or_default:667 - [動態角度獲取] 成功獲取Flow1角度: 135.00°
2025-07-23 13:28:07 [INFO] DrFlow2UnloadExecutor:_execute_move_to_point_with_j4:566 - 移動到點位 put_asm_top (動態角度獲取)
2025-07-23 13:28:07 [DEBUG] DrFlow2UnloadExecutor:_execute_move_to_point_with_j4:567 -   關節角度: (j1:-84.2, j2:-29.6, j3:177.3, j4:135.0)
2025-07-23 13:28:07 [DEBUG] DrFlow2UnloadExecutor:_execute_move_to_point_with_j4:568 -   角度來源: flow1_direct
2025-07-23 13:28:07 [DEBUG] DrFlow2UnloadExecutor:_execute_move_to_point_with_j4:569 -   運動參數: speed_j=100, acc_j=100, tool=0
2025-07-23 13:28:07 [INFO] DrFlow2UnloadExecutor:_execute_move_to_point_with_j4:592 -   移動到 put_asm_top 成功 (J4:135.0°)
2025-07-23 13:28:07 [INFO] DrFlow2UnloadExecutor:execute:382 - Flow2 步驟 2/5: move_to_point_with_j4
2025-07-23 13:28:07 [DEBUG] DrFlow2UnloadExecutor:_get_flow1_angle_or_default:667 - [動態角度獲取] 成功獲取Flow1角度: 135.00°
2025-07-23 13:28:07 [INFO] DrFlow2UnloadExecutor:_execute_move_to_point_with_j4:566 - 移動到點位 put_asm_down (動態角度獲取)
2025-07-23 13:28:07 [DEBUG] DrFlow2UnloadExecutor:_execute_move_to_point_with_j4:567 -   關節角度: (j1:-84.2, j2:-29.6, j3:155.6, j4:135.0)
2025-07-23 13:28:07 [DEBUG] DrFlow2UnloadExecutor:_execute_move_to_point_with_j4:568 -   角度來源: flow1_direct
2025-07-23 13:28:07 [DEBUG] DrFlow2UnloadExecutor:_execute_move_to_point_with_j4:569 -   運動參數: speed_j=100, acc_j=100, tool=0
2025-07-23 13:28:08 [INFO] DrFlow2UnloadExecutor:_execute_move_to_point_with_j4:590 -   移動到 put_asm_down 成功 (J4:135.0°) (含Sync)
2025-07-23 13:28:08 [INFO] DrFlow2UnloadExecutor:execute:382 - Flow2 步驟 3/5: gripper_close
2025-07-23 13:28:08 [INFO] DrFlow2UnloadExecutor:_execute_gripper_close:831 - 夾爪關閉成功
2025-07-23 13:28:08 [INFO] DrFlow2UnloadExecutor:execute:382 - Flow2 步驟 4/5: move_to_point_with_j4
2025-07-23 13:28:08 [DEBUG] DrFlow2UnloadExecutor:_get_flow1_angle_or_default:667 - [動態角度獲取] 成功獲取Flow1角度: 135.00°
2025-07-23 13:28:08 [INFO] DrFlow2UnloadExecutor:_execute_move_to_point_with_j4:566 - 移動到點位 put_asm_top (動態角度獲取)
2025-07-23 13:28:08 [DEBUG] DrFlow2UnloadExecutor:_execute_move_to_point_with_j4:567 -   關節角度: (j1:-84.2, j2:-29.6, j3:177.3, j4:135.0)
2025-07-23 13:28:08 [DEBUG] DrFlow2UnloadExecutor:_execute_move_to_point_with_j4:568 -   角度來源: flow1_direct
2025-07-23 13:28:08 [DEBUG] DrFlow2UnloadExecutor:_execute_move_to_point_with_j4:569 -   運動參數: speed_j=100, acc_j=100, tool=0
2025-07-23 13:28:08 [INFO] DrFlow2UnloadExecutor:_execute_move_to_point_with_j4:592 -   移動到 put_asm_top 成功 (J4:135.0°)
2025-07-23 13:28:08 [INFO] DrFlow2UnloadExecutor:execute:382 - Flow2 步驟 5/5: move_to_point
2025-07-23 13:28:08 [INFO] DrFlow2UnloadExecutor:_execute_move_to_point_with_parameters:479 - 移動到點位 standby (J)
2025-07-23 13:28:08 [DEBUG] DrFlow2UnloadExecutor:_execute_move_to_point_with_parameters:480 -   關節角度: (j1:-2.7, j2:86.0, j3:238.0, j4:0.1)
2025-07-23 13:28:08 [DEBUG] DrFlow2UnloadExecutor:_execute_move_to_point_with_parameters:481 -   笛卡爾座標: (223.14, 189.28, 238.86, 83.37)
2025-07-23 13:28:08 [DEBUG] DrFlow2UnloadExecutor:_execute_move_to_point_with_parameters:482 -   運動參數: speed_j=100, acc_j=100, speed_l=80, acc_l=80, tool=0
2025-07-23 13:28:08 [INFO] DrFlow2UnloadExecutor:_execute_move_to_point_with_parameters:535 -   移動到 standby 成功 (J)
2025-07-23 13:28:08 [INFO] DrFlow2UnloadExecutor:execute:426 - Flow2執行完成！總耗時: 0.78秒
2025-07-23 13:28:08 [INFO] DrFlow2UnloadExecutor:execute:427 - 精簡組裝流程完成
2025-07-23 13:28:08 [INFO] DrFlow2UnloadExecutor:execute:429 - 角度控制: 目標角度=90.00°, 指令角度=135.00°
2025-07-23 13:28:08 [INFO] DrFlow2UnloadExecutor:execute:430 - 角度來源: flow1_direct
2025-07-23 13:28:08 [INFO] DrFlow2UnloadExecutor:execute:431 - J4角度應用: put_asm_top和put_asm_down都使用指令角度135.00°
2025-07-23 13:28:43 [INFO] DrFlow2UnloadExecutor:execute:382 - Flow2 步驟 1/5: move_to_point_with_j4
2025-07-23 13:28:43 [DEBUG] DrFlow2UnloadExecutor:_get_flow1_angle_or_default:667 - [動態角度獲取] 成功獲取Flow1角度: 76.26°
2025-07-23 13:28:43 [INFO] DrFlow2UnloadExecutor:_execute_move_to_point_with_j4:566 - 移動到點位 put_asm_top (動態角度獲取)
2025-07-23 13:28:43 [DEBUG] DrFlow2UnloadExecutor:_execute_move_to_point_with_j4:567 -   關節角度: (j1:-84.2, j2:-29.6, j3:177.3, j4:76.3)
2025-07-23 13:28:43 [DEBUG] DrFlow2UnloadExecutor:_execute_move_to_point_with_j4:568 -   角度來源: flow1_direct
2025-07-23 13:28:43 [DEBUG] DrFlow2UnloadExecutor:_execute_move_to_point_with_j4:569 -   運動參數: speed_j=100, acc_j=100, tool=0
2025-07-23 13:28:43 [INFO] DrFlow2UnloadExecutor:_execute_move_to_point_with_j4:592 -   移動到 put_asm_top 成功 (J4:76.3°)
2025-07-23 13:28:43 [INFO] DrFlow2UnloadExecutor:execute:382 - Flow2 步驟 2/5: move_to_point_with_j4
2025-07-23 13:28:43 [DEBUG] DrFlow2UnloadExecutor:_get_flow1_angle_or_default:667 - [動態角度獲取] 成功獲取Flow1角度: 76.26°
2025-07-23 13:28:43 [INFO] DrFlow2UnloadExecutor:_execute_move_to_point_with_j4:566 - 移動到點位 put_asm_down (動態角度獲取)
2025-07-23 13:28:43 [DEBUG] DrFlow2UnloadExecutor:_execute_move_to_point_with_j4:567 -   關節角度: (j1:-84.2, j2:-29.6, j3:155.6, j4:76.3)
2025-07-23 13:28:43 [DEBUG] DrFlow2UnloadExecutor:_execute_move_to_point_with_j4:568 -   角度來源: flow1_direct
2025-07-23 13:28:43 [DEBUG] DrFlow2UnloadExecutor:_execute_move_to_point_with_j4:569 -   運動參數: speed_j=100, acc_j=100, tool=0
2025-07-23 13:28:43 [INFO] DrFlow2UnloadExecutor:_execute_move_to_point_with_j4:590 -   移動到 put_asm_down 成功 (J4:76.3°) (含Sync)
2025-07-23 13:28:43 [INFO] DrFlow2UnloadExecutor:execute:382 - Flow2 步驟 3/5: gripper_close
2025-07-23 13:28:43 [INFO] DrFlow2UnloadExecutor:_execute_gripper_close:831 - 夾爪關閉成功
2025-07-23 13:28:43 [INFO] DrFlow2UnloadExecutor:execute:382 - Flow2 步驟 4/5: move_to_point_with_j4
2025-07-23 13:28:43 [DEBUG] DrFlow2UnloadExecutor:_get_flow1_angle_or_default:667 - [動態角度獲取] 成功獲取Flow1角度: 76.26°
2025-07-23 13:28:43 [INFO] DrFlow2UnloadExecutor:_execute_move_to_point_with_j4:566 - 移動到點位 put_asm_top (動態角度獲取)
2025-07-23 13:28:43 [DEBUG] DrFlow2UnloadExecutor:_execute_move_to_point_with_j4:567 -   關節角度: (j1:-84.2, j2:-29.6, j3:177.3, j4:76.3)
2025-07-23 13:28:43 [DEBUG] DrFlow2UnloadExecutor:_execute_move_to_point_with_j4:568 -   角度來源: flow1_direct
2025-07-23 13:28:43 [DEBUG] DrFlow2UnloadExecutor:_execute_move_to_point_with_j4:569 -   運動參數: speed_j=100, acc_j=100, tool=0
2025-07-23 13:28:43 [INFO] DrFlow2UnloadExecutor:_execute_move_to_point_with_j4:592 -   移動到 put_asm_top 成功 (J4:76.3°)
2025-07-23 13:28:43 [INFO] DrFlow2UnloadExecutor:execute:382 - Flow2 步驟 5/5: move_to_point
2025-07-23 13:28:43 [INFO] DrFlow2UnloadExecutor:_execute_move_to_point_with_parameters:479 - 移動到點位 standby (J)
2025-07-23 13:28:43 [DEBUG] DrFlow2UnloadExecutor:_execute_move_to_point_with_parameters:480 -   關節角度: (j1:-2.7, j2:86.0, j3:238.0, j4:0.1)
2025-07-23 13:28:43 [DEBUG] DrFlow2UnloadExecutor:_execute_move_to_point_with_parameters:481 -   笛卡爾座標: (223.14, 189.28, 238.86, 83.37)
2025-07-23 13:28:43 [DEBUG] DrFlow2UnloadExecutor:_execute_move_to_point_with_parameters:482 -   運動參數: speed_j=100, acc_j=100, speed_l=80, acc_l=80, tool=0
2025-07-23 13:28:43 [INFO] DrFlow2UnloadExecutor:_execute_move_to_point_with_parameters:535 -   移動到 standby 成功 (J)
2025-07-23 13:28:43 [INFO] DrFlow2UnloadExecutor:execute:426 - Flow2執行完成！總耗時: 0.79秒
2025-07-23 13:28:43 [INFO] DrFlow2UnloadExecutor:execute:427 - 精簡組裝流程完成
2025-07-23 13:28:43 [INFO] DrFlow2UnloadExecutor:execute:429 - 角度控制: 目標角度=31.26°, 指令角度=76.26°
2025-07-23 13:28:43 [INFO] DrFlow2UnloadExecutor:execute:430 - 角度來源: flow1_direct
2025-07-23 13:28:43 [INFO] DrFlow2UnloadExecutor:execute:431 - J4角度應用: put_asm_top和put_asm_down都使用指令角度76.26°
2025-07-23 13:29:14 [INFO] DrFlow2UnloadExecutor:execute:382 - Flow2 步驟 1/5: move_to_point_with_j4
2025-07-23 13:29:14 [DEBUG] DrFlow2UnloadExecutor:_get_flow1_angle_or_default:667 - [動態角度獲取] 成功獲取Flow1角度: 103.50°
2025-07-23 13:29:14 [INFO] DrFlow2UnloadExecutor:_execute_move_to_point_with_j4:566 - 移動到點位 put_asm_top (動態角度獲取)
2025-07-23 13:29:14 [DEBUG] DrFlow2UnloadExecutor:_execute_move_to_point_with_j4:567 -   關節角度: (j1:-84.2, j2:-29.6, j3:177.3, j4:103.5)
2025-07-23 13:29:14 [DEBUG] DrFlow2UnloadExecutor:_execute_move_to_point_with_j4:568 -   角度來源: flow1_direct
2025-07-23 13:29:14 [DEBUG] DrFlow2UnloadExecutor:_execute_move_to_point_with_j4:569 -   運動參數: speed_j=100, acc_j=100, tool=0
2025-07-23 13:29:14 [INFO] DrFlow2UnloadExecutor:_execute_move_to_point_with_j4:592 -   移動到 put_asm_top 成功 (J4:103.5°)
2025-07-23 13:29:14 [INFO] DrFlow2UnloadExecutor:execute:382 - Flow2 步驟 2/5: move_to_point_with_j4
2025-07-23 13:29:14 [DEBUG] DrFlow2UnloadExecutor:_get_flow1_angle_or_default:667 - [動態角度獲取] 成功獲取Flow1角度: 103.50°
2025-07-23 13:29:14 [INFO] DrFlow2UnloadExecutor:_execute_move_to_point_with_j4:566 - 移動到點位 put_asm_down (動態角度獲取)
2025-07-23 13:29:14 [DEBUG] DrFlow2UnloadExecutor:_execute_move_to_point_with_j4:567 -   關節角度: (j1:-84.2, j2:-29.6, j3:155.6, j4:103.5)
2025-07-23 13:29:14 [DEBUG] DrFlow2UnloadExecutor:_execute_move_to_point_with_j4:568 -   角度來源: flow1_direct
2025-07-23 13:29:14 [DEBUG] DrFlow2UnloadExecutor:_execute_move_to_point_with_j4:569 -   運動參數: speed_j=100, acc_j=100, tool=0
2025-07-23 13:29:15 [INFO] DrFlow2UnloadExecutor:_execute_move_to_point_with_j4:590 -   移動到 put_asm_down 成功 (J4:103.5°) (含Sync)
2025-07-23 13:29:15 [INFO] DrFlow2UnloadExecutor:execute:382 - Flow2 步驟 3/5: gripper_close
2025-07-23 13:29:15 [INFO] DrFlow2UnloadExecutor:_execute_gripper_close:831 - 夾爪關閉成功
2025-07-23 13:29:15 [INFO] DrFlow2UnloadExecutor:execute:382 - Flow2 步驟 4/5: move_to_point_with_j4
2025-07-23 13:29:15 [DEBUG] DrFlow2UnloadExecutor:_get_flow1_angle_or_default:667 - [動態角度獲取] 成功獲取Flow1角度: 103.50°
2025-07-23 13:29:15 [INFO] DrFlow2UnloadExecutor:_execute_move_to_point_with_j4:566 - 移動到點位 put_asm_top (動態角度獲取)
2025-07-23 13:29:15 [DEBUG] DrFlow2UnloadExecutor:_execute_move_to_point_with_j4:567 -   關節角度: (j1:-84.2, j2:-29.6, j3:177.3, j4:103.5)
2025-07-23 13:29:15 [DEBUG] DrFlow2UnloadExecutor:_execute_move_to_point_with_j4:568 -   角度來源: flow1_direct
2025-07-23 13:29:15 [DEBUG] DrFlow2UnloadExecutor:_execute_move_to_point_with_j4:569 -   運動參數: speed_j=100, acc_j=100, tool=0
2025-07-23 13:29:15 [INFO] DrFlow2UnloadExecutor:_execute_move_to_point_with_j4:592 -   移動到 put_asm_top 成功 (J4:103.5°)
2025-07-23 13:29:15 [INFO] DrFlow2UnloadExecutor:execute:382 - Flow2 步驟 5/5: move_to_point
2025-07-23 13:29:15 [INFO] DrFlow2UnloadExecutor:_execute_move_to_point_with_parameters:479 - 移動到點位 standby (J)
2025-07-23 13:29:15 [DEBUG] DrFlow2UnloadExecutor:_execute_move_to_point_with_parameters:480 -   關節角度: (j1:-2.7, j2:86.0, j3:238.0, j4:0.1)
2025-07-23 13:29:15 [DEBUG] DrFlow2UnloadExecutor:_execute_move_to_point_with_parameters:481 -   笛卡爾座標: (223.14, 189.28, 238.86, 83.37)
2025-07-23 13:29:15 [DEBUG] DrFlow2UnloadExecutor:_execute_move_to_point_with_parameters:482 -   運動參數: speed_j=100, acc_j=100, speed_l=80, acc_l=80, tool=0
2025-07-23 13:29:15 [INFO] DrFlow2UnloadExecutor:_execute_move_to_point_with_parameters:535 -   移動到 standby 成功 (J)
2025-07-23 13:29:15 [INFO] DrFlow2UnloadExecutor:execute:426 - Flow2執行完成！總耗時: 0.79秒
2025-07-23 13:29:15 [INFO] DrFlow2UnloadExecutor:execute:427 - 精簡組裝流程完成
2025-07-23 13:29:15 [INFO] DrFlow2UnloadExecutor:execute:429 - 角度控制: 目標角度=58.50°, 指令角度=103.50°
2025-07-23 13:29:15 [INFO] DrFlow2UnloadExecutor:execute:430 - 角度來源: flow1_direct
2025-07-23 13:29:15 [INFO] DrFlow2UnloadExecutor:execute:431 - J4角度應用: put_asm_top和put_asm_down都使用指令角度103.50°
2025-07-23 13:29:48 [INFO] DrFlow2UnloadExecutor:execute:382 - Flow2 步驟 1/5: move_to_point_with_j4
2025-07-23 13:29:48 [DEBUG] DrFlow2UnloadExecutor:_get_flow1_angle_or_default:667 - [動態角度獲取] 成功獲取Flow1角度: 126.42°
2025-07-23 13:29:48 [INFO] DrFlow2UnloadExecutor:_execute_move_to_point_with_j4:566 - 移動到點位 put_asm_top (動態角度獲取)
2025-07-23 13:29:48 [DEBUG] DrFlow2UnloadExecutor:_execute_move_to_point_with_j4:567 -   關節角度: (j1:-84.2, j2:-29.6, j3:177.3, j4:126.4)
2025-07-23 13:29:48 [DEBUG] DrFlow2UnloadExecutor:_execute_move_to_point_with_j4:568 -   角度來源: flow1_direct
2025-07-23 13:29:48 [DEBUG] DrFlow2UnloadExecutor:_execute_move_to_point_with_j4:569 -   運動參數: speed_j=100, acc_j=100, tool=0
2025-07-23 13:29:48 [INFO] DrFlow2UnloadExecutor:_execute_move_to_point_with_j4:592 -   移動到 put_asm_top 成功 (J4:126.4°)
2025-07-23 13:29:48 [INFO] DrFlow2UnloadExecutor:execute:382 - Flow2 步驟 2/5: move_to_point_with_j4
2025-07-23 13:29:48 [DEBUG] DrFlow2UnloadExecutor:_get_flow1_angle_or_default:667 - [動態角度獲取] 成功獲取Flow1角度: 126.42°
2025-07-23 13:29:48 [INFO] DrFlow2UnloadExecutor:_execute_move_to_point_with_j4:566 - 移動到點位 put_asm_down (動態角度獲取)
2025-07-23 13:29:48 [DEBUG] DrFlow2UnloadExecutor:_execute_move_to_point_with_j4:567 -   關節角度: (j1:-84.2, j2:-29.6, j3:155.6, j4:126.4)
2025-07-23 13:29:48 [DEBUG] DrFlow2UnloadExecutor:_execute_move_to_point_with_j4:568 -   角度來源: flow1_direct
2025-07-23 13:29:48 [DEBUG] DrFlow2UnloadExecutor:_execute_move_to_point_with_j4:569 -   運動參數: speed_j=100, acc_j=100, tool=0
2025-07-23 13:29:49 [INFO] DrFlow2UnloadExecutor:_execute_move_to_point_with_j4:590 -   移動到 put_asm_down 成功 (J4:126.4°) (含Sync)
2025-07-23 13:29:49 [INFO] DrFlow2UnloadExecutor:execute:382 - Flow2 步驟 3/5: gripper_close
2025-07-23 13:29:49 [INFO] DrFlow2UnloadExecutor:_execute_gripper_close:831 - 夾爪關閉成功
2025-07-23 13:29:49 [INFO] DrFlow2UnloadExecutor:execute:382 - Flow2 步驟 4/5: move_to_point_with_j4
2025-07-23 13:29:49 [DEBUG] DrFlow2UnloadExecutor:_get_flow1_angle_or_default:667 - [動態角度獲取] 成功獲取Flow1角度: 126.42°
2025-07-23 13:29:49 [INFO] DrFlow2UnloadExecutor:_execute_move_to_point_with_j4:566 - 移動到點位 put_asm_top (動態角度獲取)
2025-07-23 13:29:49 [DEBUG] DrFlow2UnloadExecutor:_execute_move_to_point_with_j4:567 -   關節角度: (j1:-84.2, j2:-29.6, j3:177.3, j4:126.4)
2025-07-23 13:29:49 [DEBUG] DrFlow2UnloadExecutor:_execute_move_to_point_with_j4:568 -   角度來源: flow1_direct
2025-07-23 13:29:49 [DEBUG] DrFlow2UnloadExecutor:_execute_move_to_point_with_j4:569 -   運動參數: speed_j=100, acc_j=100, tool=0
2025-07-23 13:29:49 [INFO] DrFlow2UnloadExecutor:_execute_move_to_point_with_j4:592 -   移動到 put_asm_top 成功 (J4:126.4°)
2025-07-23 13:29:49 [INFO] DrFlow2UnloadExecutor:execute:382 - Flow2 步驟 5/5: move_to_point
2025-07-23 13:29:49 [INFO] DrFlow2UnloadExecutor:_execute_move_to_point_with_parameters:479 - 移動到點位 standby (J)
2025-07-23 13:29:49 [DEBUG] DrFlow2UnloadExecutor:_execute_move_to_point_with_parameters:480 -   關節角度: (j1:-2.7, j2:86.0, j3:238.0, j4:0.1)
2025-07-23 13:29:49 [DEBUG] DrFlow2UnloadExecutor:_execute_move_to_point_with_parameters:481 -   笛卡爾座標: (223.14, 189.28, 238.86, 83.37)
2025-07-23 13:29:49 [DEBUG] DrFlow2UnloadExecutor:_execute_move_to_point_with_parameters:482 -   運動參數: speed_j=100, acc_j=100, speed_l=80, acc_l=80, tool=0
2025-07-23 13:29:49 [INFO] DrFlow2UnloadExecutor:_execute_move_to_point_with_parameters:535 -   移動到 standby 成功 (J)
2025-07-23 13:29:49 [INFO] DrFlow2UnloadExecutor:execute:426 - Flow2執行完成！總耗時: 0.79秒
2025-07-23 13:29:49 [INFO] DrFlow2UnloadExecutor:execute:427 - 精簡組裝流程完成
2025-07-23 13:29:49 [INFO] DrFlow2UnloadExecutor:execute:429 - 角度控制: 目標角度=81.42°, 指令角度=126.42°
2025-07-23 13:29:49 [INFO] DrFlow2UnloadExecutor:execute:430 - 角度來源: flow1_direct
2025-07-23 13:29:49 [INFO] DrFlow2UnloadExecutor:execute:431 - J4角度應用: put_asm_top和put_asm_down都使用指令角度126.42°
2025-07-23 13:30:16 [INFO] DrFlow2UnloadExecutor:execute:382 - Flow2 步驟 1/5: move_to_point_with_j4
2025-07-23 13:30:16 [DEBUG] DrFlow2UnloadExecutor:_get_flow1_angle_or_default:667 - [動態角度獲取] 成功獲取Flow1角度: 77.27°
2025-07-23 13:30:16 [INFO] DrFlow2UnloadExecutor:_execute_move_to_point_with_j4:566 - 移動到點位 put_asm_top (動態角度獲取)
2025-07-23 13:30:16 [DEBUG] DrFlow2UnloadExecutor:_execute_move_to_point_with_j4:567 -   關節角度: (j1:-84.2, j2:-29.6, j3:177.3, j4:77.3)
2025-07-23 13:30:16 [DEBUG] DrFlow2UnloadExecutor:_execute_move_to_point_with_j4:568 -   角度來源: flow1_direct
2025-07-23 13:30:16 [DEBUG] DrFlow2UnloadExecutor:_execute_move_to_point_with_j4:569 -   運動參數: speed_j=100, acc_j=100, tool=0
2025-07-23 13:30:16 [INFO] DrFlow2UnloadExecutor:_execute_move_to_point_with_j4:592 -   移動到 put_asm_top 成功 (J4:77.3°)
2025-07-23 13:30:16 [INFO] DrFlow2UnloadExecutor:execute:382 - Flow2 步驟 2/5: move_to_point_with_j4
2025-07-23 13:30:16 [DEBUG] DrFlow2UnloadExecutor:_get_flow1_angle_or_default:667 - [動態角度獲取] 成功獲取Flow1角度: 77.27°
2025-07-23 13:30:16 [INFO] DrFlow2UnloadExecutor:_execute_move_to_point_with_j4:566 - 移動到點位 put_asm_down (動態角度獲取)
2025-07-23 13:30:16 [DEBUG] DrFlow2UnloadExecutor:_execute_move_to_point_with_j4:567 -   關節角度: (j1:-84.2, j2:-29.6, j3:155.6, j4:77.3)
2025-07-23 13:30:16 [DEBUG] DrFlow2UnloadExecutor:_execute_move_to_point_with_j4:568 -   角度來源: flow1_direct
2025-07-23 13:30:16 [DEBUG] DrFlow2UnloadExecutor:_execute_move_to_point_with_j4:569 -   運動參數: speed_j=100, acc_j=100, tool=0
2025-07-23 13:30:17 [INFO] DrFlow2UnloadExecutor:_execute_move_to_point_with_j4:590 -   移動到 put_asm_down 成功 (J4:77.3°) (含Sync)
2025-07-23 13:30:17 [INFO] DrFlow2UnloadExecutor:execute:382 - Flow2 步驟 3/5: gripper_close
2025-07-23 13:30:17 [INFO] DrFlow2UnloadExecutor:_execute_gripper_close:831 - 夾爪關閉成功
2025-07-23 13:30:17 [INFO] DrFlow2UnloadExecutor:execute:382 - Flow2 步驟 4/5: move_to_point_with_j4
2025-07-23 13:30:17 [DEBUG] DrFlow2UnloadExecutor:_get_flow1_angle_or_default:667 - [動態角度獲取] 成功獲取Flow1角度: 77.27°
2025-07-23 13:30:17 [INFO] DrFlow2UnloadExecutor:_execute_move_to_point_with_j4:566 - 移動到點位 put_asm_top (動態角度獲取)
2025-07-23 13:30:17 [DEBUG] DrFlow2UnloadExecutor:_execute_move_to_point_with_j4:567 -   關節角度: (j1:-84.2, j2:-29.6, j3:177.3, j4:77.3)
2025-07-23 13:30:17 [DEBUG] DrFlow2UnloadExecutor:_execute_move_to_point_with_j4:568 -   角度來源: flow1_direct
2025-07-23 13:30:17 [DEBUG] DrFlow2UnloadExecutor:_execute_move_to_point_with_j4:569 -   運動參數: speed_j=100, acc_j=100, tool=0
2025-07-23 13:30:17 [INFO] DrFlow2UnloadExecutor:_execute_move_to_point_with_j4:592 -   移動到 put_asm_top 成功 (J4:77.3°)
2025-07-23 13:30:17 [INFO] DrFlow2UnloadExecutor:execute:382 - Flow2 步驟 5/5: move_to_point
2025-07-23 13:30:17 [INFO] DrFlow2UnloadExecutor:_execute_move_to_point_with_parameters:479 - 移動到點位 standby (J)
2025-07-23 13:30:17 [DEBUG] DrFlow2UnloadExecutor:_execute_move_to_point_with_parameters:480 -   關節角度: (j1:-2.7, j2:86.0, j3:238.0, j4:0.1)
2025-07-23 13:30:17 [DEBUG] DrFlow2UnloadExecutor:_execute_move_to_point_with_parameters:481 -   笛卡爾座標: (223.14, 189.28, 238.86, 83.37)
2025-07-23 13:30:17 [DEBUG] DrFlow2UnloadExecutor:_execute_move_to_point_with_parameters:482 -   運動參數: speed_j=100, acc_j=100, speed_l=80, acc_l=80, tool=0
2025-07-23 13:30:17 [INFO] DrFlow2UnloadExecutor:_execute_move_to_point_with_parameters:535 -   移動到 standby 成功 (J)
2025-07-23 13:30:17 [INFO] DrFlow2UnloadExecutor:execute:426 - Flow2執行完成！總耗時: 0.79秒
2025-07-23 13:30:17 [INFO] DrFlow2UnloadExecutor:execute:427 - 精簡組裝流程完成
2025-07-23 13:30:17 [INFO] DrFlow2UnloadExecutor:execute:429 - 角度控制: 目標角度=32.27°, 指令角度=77.27°
2025-07-23 13:30:17 [INFO] DrFlow2UnloadExecutor:execute:430 - 角度來源: flow1_direct
2025-07-23 13:30:17 [INFO] DrFlow2UnloadExecutor:execute:431 - J4角度應用: put_asm_top和put_asm_down都使用指令角度77.27°
2025-07-23 13:30:50 [INFO] DrFlow2UnloadExecutor:execute:382 - Flow2 步驟 1/5: move_to_point_with_j4
2025-07-23 13:30:50 [DEBUG] DrFlow2UnloadExecutor:_get_flow1_angle_or_default:667 - [動態角度獲取] 成功獲取Flow1角度: 90.60°
2025-07-23 13:30:50 [INFO] DrFlow2UnloadExecutor:_execute_move_to_point_with_j4:566 - 移動到點位 put_asm_top (動態角度獲取)
2025-07-23 13:30:50 [DEBUG] DrFlow2UnloadExecutor:_execute_move_to_point_with_j4:567 -   關節角度: (j1:-84.2, j2:-29.6, j3:177.3, j4:90.6)
2025-07-23 13:30:50 [DEBUG] DrFlow2UnloadExecutor:_execute_move_to_point_with_j4:568 -   角度來源: flow1_direct
2025-07-23 13:30:50 [DEBUG] DrFlow2UnloadExecutor:_execute_move_to_point_with_j4:569 -   運動參數: speed_j=100, acc_j=100, tool=0
2025-07-23 13:30:51 [INFO] DrFlow2UnloadExecutor:_execute_move_to_point_with_j4:592 -   移動到 put_asm_top 成功 (J4:90.6°)
2025-07-23 13:30:51 [INFO] DrFlow2UnloadExecutor:execute:382 - Flow2 步驟 2/5: move_to_point_with_j4
2025-07-23 13:30:51 [DEBUG] DrFlow2UnloadExecutor:_get_flow1_angle_or_default:667 - [動態角度獲取] 成功獲取Flow1角度: 90.60°
2025-07-23 13:30:51 [INFO] DrFlow2UnloadExecutor:_execute_move_to_point_with_j4:566 - 移動到點位 put_asm_down (動態角度獲取)
2025-07-23 13:30:51 [DEBUG] DrFlow2UnloadExecutor:_execute_move_to_point_with_j4:567 -   關節角度: (j1:-84.2, j2:-29.6, j3:155.6, j4:90.6)
2025-07-23 13:30:51 [DEBUG] DrFlow2UnloadExecutor:_execute_move_to_point_with_j4:568 -   角度來源: flow1_direct
2025-07-23 13:30:51 [DEBUG] DrFlow2UnloadExecutor:_execute_move_to_point_with_j4:569 -   運動參數: speed_j=100, acc_j=100, tool=0
2025-07-23 13:30:51 [INFO] DrFlow2UnloadExecutor:_execute_move_to_point_with_j4:590 -   移動到 put_asm_down 成功 (J4:90.6°) (含Sync)
2025-07-23 13:30:51 [INFO] DrFlow2UnloadExecutor:execute:382 - Flow2 步驟 3/5: gripper_close
2025-07-23 13:30:51 [INFO] DrFlow2UnloadExecutor:_execute_gripper_close:831 - 夾爪關閉成功
2025-07-23 13:30:51 [INFO] DrFlow2UnloadExecutor:execute:382 - Flow2 步驟 4/5: move_to_point_with_j4
2025-07-23 13:30:51 [DEBUG] DrFlow2UnloadExecutor:_get_flow1_angle_or_default:667 - [動態角度獲取] 成功獲取Flow1角度: 90.60°
2025-07-23 13:30:51 [INFO] DrFlow2UnloadExecutor:_execute_move_to_point_with_j4:566 - 移動到點位 put_asm_top (動態角度獲取)
2025-07-23 13:30:51 [DEBUG] DrFlow2UnloadExecutor:_execute_move_to_point_with_j4:567 -   關節角度: (j1:-84.2, j2:-29.6, j3:177.3, j4:90.6)
2025-07-23 13:30:51 [DEBUG] DrFlow2UnloadExecutor:_execute_move_to_point_with_j4:568 -   角度來源: flow1_direct
2025-07-23 13:30:51 [DEBUG] DrFlow2UnloadExecutor:_execute_move_to_point_with_j4:569 -   運動參數: speed_j=100, acc_j=100, tool=0
2025-07-23 13:30:51 [INFO] DrFlow2UnloadExecutor:_execute_move_to_point_with_j4:592 -   移動到 put_asm_top 成功 (J4:90.6°)
2025-07-23 13:30:51 [INFO] DrFlow2UnloadExecutor:execute:382 - Flow2 步驟 5/5: move_to_point
2025-07-23 13:30:51 [INFO] DrFlow2UnloadExecutor:_execute_move_to_point_with_parameters:479 - 移動到點位 standby (J)
2025-07-23 13:30:51 [DEBUG] DrFlow2UnloadExecutor:_execute_move_to_point_with_parameters:480 -   關節角度: (j1:-2.7, j2:86.0, j3:238.0, j4:0.1)
2025-07-23 13:30:51 [DEBUG] DrFlow2UnloadExecutor:_execute_move_to_point_with_parameters:481 -   笛卡爾座標: (223.14, 189.28, 238.86, 83.37)
2025-07-23 13:30:51 [DEBUG] DrFlow2UnloadExecutor:_execute_move_to_point_with_parameters:482 -   運動參數: speed_j=100, acc_j=100, speed_l=80, acc_l=80, tool=0
2025-07-23 13:30:51 [INFO] DrFlow2UnloadExecutor:_execute_move_to_point_with_parameters:535 -   移動到 standby 成功 (J)
2025-07-23 13:30:51 [INFO] DrFlow2UnloadExecutor:execute:426 - Flow2執行完成！總耗時: 0.81秒
2025-07-23 13:30:51 [INFO] DrFlow2UnloadExecutor:execute:427 - 精簡組裝流程完成
2025-07-23 13:30:51 [INFO] DrFlow2UnloadExecutor:execute:429 - 角度控制: 目標角度=45.60°, 指令角度=90.60°
2025-07-23 13:30:51 [INFO] DrFlow2UnloadExecutor:execute:430 - 角度來源: flow1_direct
2025-07-23 13:30:51 [INFO] DrFlow2UnloadExecutor:execute:431 - J4角度應用: put_asm_top和put_asm_down都使用指令角度90.60°
2025-07-23 13:31:09 [INFO] DrFlow2UnloadExecutor:execute:382 - Flow2 步驟 1/5: move_to_point_with_j4
2025-07-23 13:31:09 [DEBUG] DrFlow2UnloadExecutor:_get_flow1_angle_or_default:667 - [動態角度獲取] 成功獲取Flow1角度: 64.98°
2025-07-23 13:31:09 [INFO] DrFlow2UnloadExecutor:_execute_move_to_point_with_j4:566 - 移動到點位 put_asm_top (動態角度獲取)
2025-07-23 13:31:09 [DEBUG] DrFlow2UnloadExecutor:_execute_move_to_point_with_j4:567 -   關節角度: (j1:-84.2, j2:-29.6, j3:177.3, j4:65.0)
2025-07-23 13:31:09 [DEBUG] DrFlow2UnloadExecutor:_execute_move_to_point_with_j4:568 -   角度來源: flow1_direct
2025-07-23 13:31:09 [DEBUG] DrFlow2UnloadExecutor:_execute_move_to_point_with_j4:569 -   運動參數: speed_j=100, acc_j=100, tool=0
2025-07-23 13:31:09 [INFO] DrFlow2UnloadExecutor:_execute_move_to_point_with_j4:592 -   移動到 put_asm_top 成功 (J4:65.0°)
2025-07-23 13:31:09 [INFO] DrFlow2UnloadExecutor:execute:382 - Flow2 步驟 2/5: move_to_point_with_j4
2025-07-23 13:31:09 [DEBUG] DrFlow2UnloadExecutor:_get_flow1_angle_or_default:667 - [動態角度獲取] 成功獲取Flow1角度: 64.98°
2025-07-23 13:31:09 [INFO] DrFlow2UnloadExecutor:_execute_move_to_point_with_j4:566 - 移動到點位 put_asm_down (動態角度獲取)
2025-07-23 13:31:09 [DEBUG] DrFlow2UnloadExecutor:_execute_move_to_point_with_j4:567 -   關節角度: (j1:-84.2, j2:-29.6, j3:155.6, j4:65.0)
2025-07-23 13:31:09 [DEBUG] DrFlow2UnloadExecutor:_execute_move_to_point_with_j4:568 -   角度來源: flow1_direct
2025-07-23 13:31:09 [DEBUG] DrFlow2UnloadExecutor:_execute_move_to_point_with_j4:569 -   運動參數: speed_j=100, acc_j=100, tool=0
2025-07-23 13:31:09 [INFO] DrFlow2UnloadExecutor:_execute_move_to_point_with_j4:590 -   移動到 put_asm_down 成功 (J4:65.0°) (含Sync)
2025-07-23 13:31:09 [INFO] DrFlow2UnloadExecutor:execute:382 - Flow2 步驟 3/5: gripper_close
2025-07-23 13:31:09 [INFO] DrFlow2UnloadExecutor:_execute_gripper_close:831 - 夾爪關閉成功
2025-07-23 13:31:09 [INFO] DrFlow2UnloadExecutor:execute:382 - Flow2 步驟 4/5: move_to_point_with_j4
2025-07-23 13:31:09 [DEBUG] DrFlow2UnloadExecutor:_get_flow1_angle_or_default:667 - [動態角度獲取] 成功獲取Flow1角度: 64.98°
2025-07-23 13:31:09 [INFO] DrFlow2UnloadExecutor:_execute_move_to_point_with_j4:566 - 移動到點位 put_asm_top (動態角度獲取)
2025-07-23 13:31:09 [DEBUG] DrFlow2UnloadExecutor:_execute_move_to_point_with_j4:567 -   關節角度: (j1:-84.2, j2:-29.6, j3:177.3, j4:65.0)
2025-07-23 13:31:09 [DEBUG] DrFlow2UnloadExecutor:_execute_move_to_point_with_j4:568 -   角度來源: flow1_direct
2025-07-23 13:31:09 [DEBUG] DrFlow2UnloadExecutor:_execute_move_to_point_with_j4:569 -   運動參數: speed_j=100, acc_j=100, tool=0
2025-07-23 13:31:09 [INFO] DrFlow2UnloadExecutor:_execute_move_to_point_with_j4:592 -   移動到 put_asm_top 成功 (J4:65.0°)
2025-07-23 13:31:09 [INFO] DrFlow2UnloadExecutor:execute:382 - Flow2 步驟 5/5: move_to_point
2025-07-23 13:31:09 [INFO] DrFlow2UnloadExecutor:_execute_move_to_point_with_parameters:479 - 移動到點位 standby (J)
2025-07-23 13:31:09 [DEBUG] DrFlow2UnloadExecutor:_execute_move_to_point_with_parameters:480 -   關節角度: (j1:-2.7, j2:86.0, j3:238.0, j4:0.1)
2025-07-23 13:31:09 [DEBUG] DrFlow2UnloadExecutor:_execute_move_to_point_with_parameters:481 -   笛卡爾座標: (223.14, 189.28, 238.86, 83.37)
2025-07-23 13:31:09 [DEBUG] DrFlow2UnloadExecutor:_execute_move_to_point_with_parameters:482 -   運動參數: speed_j=100, acc_j=100, speed_l=80, acc_l=80, tool=0
2025-07-23 13:31:10 [INFO] DrFlow2UnloadExecutor:_execute_move_to_point_with_parameters:535 -   移動到 standby 成功 (J)
2025-07-23 13:31:10 [INFO] DrFlow2UnloadExecutor:execute:426 - Flow2執行完成！總耗時: 0.79秒
2025-07-23 13:31:10 [INFO] DrFlow2UnloadExecutor:execute:427 - 精簡組裝流程完成
2025-07-23 13:31:10 [INFO] DrFlow2UnloadExecutor:execute:429 - 角度控制: 目標角度=19.98°, 指令角度=64.98°
2025-07-23 13:31:10 [INFO] DrFlow2UnloadExecutor:execute:430 - 角度來源: flow1_direct
2025-07-23 13:31:10 [INFO] DrFlow2UnloadExecutor:execute:431 - J4角度應用: put_asm_top和put_asm_down都使用指令角度64.98°
2025-07-23 13:32:47 [INFO] DrFlow2UnloadExecutor:execute:382 - Flow2 步驟 1/5: move_to_point_with_j4
2025-07-23 13:32:47 [DEBUG] DrFlow2UnloadExecutor:_get_flow1_angle_or_default:667 - [動態角度獲取] 成功獲取Flow1角度: 128.41°
2025-07-23 13:32:47 [INFO] DrFlow2UnloadExecutor:_execute_move_to_point_with_j4:566 - 移動到點位 put_asm_top (動態角度獲取)
2025-07-23 13:32:47 [DEBUG] DrFlow2UnloadExecutor:_execute_move_to_point_with_j4:567 -   關節角度: (j1:-84.2, j2:-29.6, j3:177.3, j4:128.4)
2025-07-23 13:32:47 [DEBUG] DrFlow2UnloadExecutor:_execute_move_to_point_with_j4:568 -   角度來源: flow1_direct
2025-07-23 13:32:47 [DEBUG] DrFlow2UnloadExecutor:_execute_move_to_point_with_j4:569 -   運動參數: speed_j=100, acc_j=100, tool=0
2025-07-23 13:32:47 [INFO] DrFlow2UnloadExecutor:_execute_move_to_point_with_j4:592 -   移動到 put_asm_top 成功 (J4:128.4°)
2025-07-23 13:32:47 [INFO] DrFlow2UnloadExecutor:execute:382 - Flow2 步驟 2/5: move_to_point_with_j4
2025-07-23 13:32:47 [DEBUG] DrFlow2UnloadExecutor:_get_flow1_angle_or_default:667 - [動態角度獲取] 成功獲取Flow1角度: 128.41°
2025-07-23 13:32:47 [INFO] DrFlow2UnloadExecutor:_execute_move_to_point_with_j4:566 - 移動到點位 put_asm_down (動態角度獲取)
2025-07-23 13:32:47 [DEBUG] DrFlow2UnloadExecutor:_execute_move_to_point_with_j4:567 -   關節角度: (j1:-84.2, j2:-29.6, j3:155.6, j4:128.4)
2025-07-23 13:32:47 [DEBUG] DrFlow2UnloadExecutor:_execute_move_to_point_with_j4:568 -   角度來源: flow1_direct
2025-07-23 13:32:47 [DEBUG] DrFlow2UnloadExecutor:_execute_move_to_point_with_j4:569 -   運動參數: speed_j=100, acc_j=100, tool=0
2025-07-23 13:32:47 [INFO] DrFlow2UnloadExecutor:_execute_move_to_point_with_j4:590 -   移動到 put_asm_down 成功 (J4:128.4°) (含Sync)
2025-07-23 13:32:47 [INFO] DrFlow2UnloadExecutor:execute:382 - Flow2 步驟 3/5: gripper_close
2025-07-23 13:32:47 [INFO] DrFlow2UnloadExecutor:_execute_gripper_close:831 - 夾爪關閉成功
2025-07-23 13:32:47 [INFO] DrFlow2UnloadExecutor:execute:382 - Flow2 步驟 4/5: move_to_point_with_j4
2025-07-23 13:32:47 [DEBUG] DrFlow2UnloadExecutor:_get_flow1_angle_or_default:667 - [動態角度獲取] 成功獲取Flow1角度: 128.41°
2025-07-23 13:32:47 [INFO] DrFlow2UnloadExecutor:_execute_move_to_point_with_j4:566 - 移動到點位 put_asm_top (動態角度獲取)
2025-07-23 13:32:47 [DEBUG] DrFlow2UnloadExecutor:_execute_move_to_point_with_j4:567 -   關節角度: (j1:-84.2, j2:-29.6, j3:177.3, j4:128.4)
2025-07-23 13:32:47 [DEBUG] DrFlow2UnloadExecutor:_execute_move_to_point_with_j4:568 -   角度來源: flow1_direct
2025-07-23 13:32:47 [DEBUG] DrFlow2UnloadExecutor:_execute_move_to_point_with_j4:569 -   運動參數: speed_j=100, acc_j=100, tool=0
2025-07-23 13:32:48 [INFO] DrFlow2UnloadExecutor:_execute_move_to_point_with_j4:592 -   移動到 put_asm_top 成功 (J4:128.4°)
2025-07-23 13:32:48 [INFO] DrFlow2UnloadExecutor:execute:382 - Flow2 步驟 5/5: move_to_point
2025-07-23 13:32:48 [INFO] DrFlow2UnloadExecutor:_execute_move_to_point_with_parameters:479 - 移動到點位 standby (J)
2025-07-23 13:32:48 [DEBUG] DrFlow2UnloadExecutor:_execute_move_to_point_with_parameters:480 -   關節角度: (j1:-2.7, j2:86.0, j3:238.0, j4:0.1)
2025-07-23 13:32:48 [DEBUG] DrFlow2UnloadExecutor:_execute_move_to_point_with_parameters:481 -   笛卡爾座標: (223.14, 189.28, 238.86, 83.37)
2025-07-23 13:32:48 [DEBUG] DrFlow2UnloadExecutor:_execute_move_to_point_with_parameters:482 -   運動參數: speed_j=100, acc_j=100, speed_l=80, acc_l=80, tool=0
2025-07-23 13:32:48 [INFO] DrFlow2UnloadExecutor:_execute_move_to_point_with_parameters:535 -   移動到 standby 成功 (J)
2025-07-23 13:32:48 [INFO] DrFlow2UnloadExecutor:execute:426 - Flow2執行完成！總耗時: 0.79秒
2025-07-23 13:32:48 [INFO] DrFlow2UnloadExecutor:execute:427 - 精簡組裝流程完成
2025-07-23 13:32:48 [INFO] DrFlow2UnloadExecutor:execute:429 - 角度控制: 目標角度=83.41°, 指令角度=128.41°
2025-07-23 13:32:48 [INFO] DrFlow2UnloadExecutor:execute:430 - 角度來源: flow1_direct
2025-07-23 13:32:48 [INFO] DrFlow2UnloadExecutor:execute:431 - J4角度應用: put_asm_top和put_asm_down都使用指令角度128.41°
2025-07-23 13:33:00 [INFO] DrFlow2UnloadExecutor:execute:382 - Flow2 步驟 1/5: move_to_point_with_j4
2025-07-23 13:33:00 [DEBUG] DrFlow2UnloadExecutor:_get_flow1_angle_or_default:667 - [動態角度獲取] 成功獲取Flow1角度: 112.14°
2025-07-23 13:33:00 [INFO] DrFlow2UnloadExecutor:_execute_move_to_point_with_j4:566 - 移動到點位 put_asm_top (動態角度獲取)
2025-07-23 13:33:00 [DEBUG] DrFlow2UnloadExecutor:_execute_move_to_point_with_j4:567 -   關節角度: (j1:-84.2, j2:-29.6, j3:177.3, j4:112.1)
2025-07-23 13:33:00 [DEBUG] DrFlow2UnloadExecutor:_execute_move_to_point_with_j4:568 -   角度來源: flow1_direct
2025-07-23 13:33:00 [DEBUG] DrFlow2UnloadExecutor:_execute_move_to_point_with_j4:569 -   運動參數: speed_j=100, acc_j=100, tool=0
2025-07-23 13:33:00 [INFO] DrFlow2UnloadExecutor:_execute_move_to_point_with_j4:592 -   移動到 put_asm_top 成功 (J4:112.1°)
2025-07-23 13:33:00 [INFO] DrFlow2UnloadExecutor:execute:382 - Flow2 步驟 2/5: move_to_point_with_j4
2025-07-23 13:33:00 [DEBUG] DrFlow2UnloadExecutor:_get_flow1_angle_or_default:667 - [動態角度獲取] 成功獲取Flow1角度: 112.14°
2025-07-23 13:33:00 [INFO] DrFlow2UnloadExecutor:_execute_move_to_point_with_j4:566 - 移動到點位 put_asm_down (動態角度獲取)
2025-07-23 13:33:00 [DEBUG] DrFlow2UnloadExecutor:_execute_move_to_point_with_j4:567 -   關節角度: (j1:-84.2, j2:-29.6, j3:155.6, j4:112.1)
2025-07-23 13:33:00 [DEBUG] DrFlow2UnloadExecutor:_execute_move_to_point_with_j4:568 -   角度來源: flow1_direct
2025-07-23 13:33:00 [DEBUG] DrFlow2UnloadExecutor:_execute_move_to_point_with_j4:569 -   運動參數: speed_j=100, acc_j=100, tool=0
2025-07-23 13:33:00 [INFO] DrFlow2UnloadExecutor:_execute_move_to_point_with_j4:590 -   移動到 put_asm_down 成功 (J4:112.1°) (含Sync)
2025-07-23 13:33:00 [INFO] DrFlow2UnloadExecutor:execute:382 - Flow2 步驟 3/5: gripper_close
2025-07-23 13:33:00 [INFO] DrFlow2UnloadExecutor:_execute_gripper_close:831 - 夾爪關閉成功
2025-07-23 13:33:00 [INFO] DrFlow2UnloadExecutor:execute:382 - Flow2 步驟 4/5: move_to_point_with_j4
2025-07-23 13:33:00 [DEBUG] DrFlow2UnloadExecutor:_get_flow1_angle_or_default:667 - [動態角度獲取] 成功獲取Flow1角度: 112.14°
2025-07-23 13:33:00 [INFO] DrFlow2UnloadExecutor:_execute_move_to_point_with_j4:566 - 移動到點位 put_asm_top (動態角度獲取)
2025-07-23 13:33:00 [DEBUG] DrFlow2UnloadExecutor:_execute_move_to_point_with_j4:567 -   關節角度: (j1:-84.2, j2:-29.6, j3:177.3, j4:112.1)
2025-07-23 13:33:00 [DEBUG] DrFlow2UnloadExecutor:_execute_move_to_point_with_j4:568 -   角度來源: flow1_direct
2025-07-23 13:33:00 [DEBUG] DrFlow2UnloadExecutor:_execute_move_to_point_with_j4:569 -   運動參數: speed_j=100, acc_j=100, tool=0
2025-07-23 13:33:00 [INFO] DrFlow2UnloadExecutor:_execute_move_to_point_with_j4:592 -   移動到 put_asm_top 成功 (J4:112.1°)
2025-07-23 13:33:00 [INFO] DrFlow2UnloadExecutor:execute:382 - Flow2 步驟 5/5: move_to_point
2025-07-23 13:33:00 [INFO] DrFlow2UnloadExecutor:_execute_move_to_point_with_parameters:479 - 移動到點位 standby (J)
2025-07-23 13:33:00 [DEBUG] DrFlow2UnloadExecutor:_execute_move_to_point_with_parameters:480 -   關節角度: (j1:-2.7, j2:86.0, j3:238.0, j4:0.1)
2025-07-23 13:33:00 [DEBUG] DrFlow2UnloadExecutor:_execute_move_to_point_with_parameters:481 -   笛卡爾座標: (223.14, 189.28, 238.86, 83.37)
2025-07-23 13:33:00 [DEBUG] DrFlow2UnloadExecutor:_execute_move_to_point_with_parameters:482 -   運動參數: speed_j=100, acc_j=100, speed_l=80, acc_l=80, tool=0
2025-07-23 13:33:00 [INFO] DrFlow2UnloadExecutor:_execute_move_to_point_with_parameters:535 -   移動到 standby 成功 (J)
2025-07-23 13:33:00 [INFO] DrFlow2UnloadExecutor:execute:426 - Flow2執行完成！總耗時: 0.79秒
2025-07-23 13:33:00 [INFO] DrFlow2UnloadExecutor:execute:427 - 精簡組裝流程完成
2025-07-23 13:33:00 [INFO] DrFlow2UnloadExecutor:execute:429 - 角度控制: 目標角度=67.14°, 指令角度=112.14°
2025-07-23 13:33:00 [INFO] DrFlow2UnloadExecutor:execute:430 - 角度來源: flow1_direct
2025-07-23 13:33:00 [INFO] DrFlow2UnloadExecutor:execute:431 - J4角度應用: put_asm_top和put_asm_down都使用指令角度112.14°
2025-07-23 13:33:08 [INFO] DrFlow2UnloadExecutor:execute:382 - Flow2 步驟 1/5: move_to_point_with_j4
2025-07-23 13:33:08 [DEBUG] DrFlow2UnloadExecutor:_get_flow1_angle_or_default:667 - [動態角度獲取] 成功獲取Flow1角度: 97.69°
2025-07-23 13:33:08 [INFO] DrFlow2UnloadExecutor:_execute_move_to_point_with_j4:566 - 移動到點位 put_asm_top (動態角度獲取)
2025-07-23 13:33:08 [DEBUG] DrFlow2UnloadExecutor:_execute_move_to_point_with_j4:567 -   關節角度: (j1:-84.2, j2:-29.6, j3:177.3, j4:97.7)
2025-07-23 13:33:08 [DEBUG] DrFlow2UnloadExecutor:_execute_move_to_point_with_j4:568 -   角度來源: flow1_direct
2025-07-23 13:33:08 [DEBUG] DrFlow2UnloadExecutor:_execute_move_to_point_with_j4:569 -   運動參數: speed_j=100, acc_j=100, tool=0
2025-07-23 13:33:09 [INFO] DrFlow2UnloadExecutor:_execute_move_to_point_with_j4:592 -   移動到 put_asm_top 成功 (J4:97.7°)
2025-07-23 13:33:09 [INFO] DrFlow2UnloadExecutor:execute:382 - Flow2 步驟 2/5: move_to_point_with_j4
2025-07-23 13:33:09 [DEBUG] DrFlow2UnloadExecutor:_get_flow1_angle_or_default:667 - [動態角度獲取] 成功獲取Flow1角度: 97.69°
2025-07-23 13:33:09 [INFO] DrFlow2UnloadExecutor:_execute_move_to_point_with_j4:566 - 移動到點位 put_asm_down (動態角度獲取)
2025-07-23 13:33:09 [DEBUG] DrFlow2UnloadExecutor:_execute_move_to_point_with_j4:567 -   關節角度: (j1:-84.2, j2:-29.6, j3:155.6, j4:97.7)
2025-07-23 13:33:09 [DEBUG] DrFlow2UnloadExecutor:_execute_move_to_point_with_j4:568 -   角度來源: flow1_direct
2025-07-23 13:33:09 [DEBUG] DrFlow2UnloadExecutor:_execute_move_to_point_with_j4:569 -   運動參數: speed_j=100, acc_j=100, tool=0
2025-07-23 13:33:09 [INFO] DrFlow2UnloadExecutor:_execute_move_to_point_with_j4:590 -   移動到 put_asm_down 成功 (J4:97.7°) (含Sync)
2025-07-23 13:33:09 [INFO] DrFlow2UnloadExecutor:execute:382 - Flow2 步驟 3/5: gripper_close
2025-07-23 13:33:09 [INFO] DrFlow2UnloadExecutor:_execute_gripper_close:831 - 夾爪關閉成功
2025-07-23 13:33:09 [INFO] DrFlow2UnloadExecutor:execute:382 - Flow2 步驟 4/5: move_to_point_with_j4
2025-07-23 13:33:09 [DEBUG] DrFlow2UnloadExecutor:_get_flow1_angle_or_default:667 - [動態角度獲取] 成功獲取Flow1角度: 97.69°
2025-07-23 13:33:09 [INFO] DrFlow2UnloadExecutor:_execute_move_to_point_with_j4:566 - 移動到點位 put_asm_top (動態角度獲取)
2025-07-23 13:33:09 [DEBUG] DrFlow2UnloadExecutor:_execute_move_to_point_with_j4:567 -   關節角度: (j1:-84.2, j2:-29.6, j3:177.3, j4:97.7)
2025-07-23 13:33:09 [DEBUG] DrFlow2UnloadExecutor:_execute_move_to_point_with_j4:568 -   角度來源: flow1_direct
2025-07-23 13:33:09 [DEBUG] DrFlow2UnloadExecutor:_execute_move_to_point_with_j4:569 -   運動參數: speed_j=100, acc_j=100, tool=0
2025-07-23 13:33:09 [INFO] DrFlow2UnloadExecutor:_execute_move_to_point_with_j4:592 -   移動到 put_asm_top 成功 (J4:97.7°)
2025-07-23 13:33:09 [INFO] DrFlow2UnloadExecutor:execute:382 - Flow2 步驟 5/5: move_to_point
2025-07-23 13:33:09 [INFO] DrFlow2UnloadExecutor:_execute_move_to_point_with_parameters:479 - 移動到點位 standby (J)
2025-07-23 13:33:09 [DEBUG] DrFlow2UnloadExecutor:_execute_move_to_point_with_parameters:480 -   關節角度: (j1:-2.7, j2:86.0, j3:238.0, j4:0.1)
2025-07-23 13:33:09 [DEBUG] DrFlow2UnloadExecutor:_execute_move_to_point_with_parameters:481 -   笛卡爾座標: (223.14, 189.28, 238.86, 83.37)
2025-07-23 13:33:09 [DEBUG] DrFlow2UnloadExecutor:_execute_move_to_point_with_parameters:482 -   運動參數: speed_j=100, acc_j=100, speed_l=80, acc_l=80, tool=0
2025-07-23 13:33:09 [INFO] DrFlow2UnloadExecutor:_execute_move_to_point_with_parameters:535 -   移動到 standby 成功 (J)
2025-07-23 13:33:09 [INFO] DrFlow2UnloadExecutor:execute:426 - Flow2執行完成！總耗時: 0.86秒
2025-07-23 13:33:09 [INFO] DrFlow2UnloadExecutor:execute:427 - 精簡組裝流程完成
2025-07-23 13:33:09 [INFO] DrFlow2UnloadExecutor:execute:429 - 角度控制: 目標角度=52.69°, 指令角度=97.69°
2025-07-23 13:33:09 [INFO] DrFlow2UnloadExecutor:execute:430 - 角度來源: flow1_direct
2025-07-23 13:33:09 [INFO] DrFlow2UnloadExecutor:execute:431 - J4角度應用: put_asm_top和put_asm_down都使用指令角度97.69°
2025-07-23 13:33:24 [INFO] DrFlow2UnloadExecutor:execute:382 - Flow2 步驟 1/5: move_to_point_with_j4
2025-07-23 13:33:24 [DEBUG] DrFlow2UnloadExecutor:_get_flow1_angle_or_default:667 - [動態角度獲取] 成功獲取Flow1角度: 123.43°
2025-07-23 13:33:24 [INFO] DrFlow2UnloadExecutor:_execute_move_to_point_with_j4:566 - 移動到點位 put_asm_top (動態角度獲取)
2025-07-23 13:33:24 [DEBUG] DrFlow2UnloadExecutor:_execute_move_to_point_with_j4:567 -   關節角度: (j1:-84.2, j2:-29.6, j3:177.3, j4:123.4)
2025-07-23 13:33:24 [DEBUG] DrFlow2UnloadExecutor:_execute_move_to_point_with_j4:568 -   角度來源: flow1_direct
2025-07-23 13:33:24 [DEBUG] DrFlow2UnloadExecutor:_execute_move_to_point_with_j4:569 -   運動參數: speed_j=100, acc_j=100, tool=0
2025-07-23 13:33:24 [INFO] DrFlow2UnloadExecutor:_execute_move_to_point_with_j4:592 -   移動到 put_asm_top 成功 (J4:123.4°)
2025-07-23 13:33:24 [INFO] DrFlow2UnloadExecutor:execute:382 - Flow2 步驟 2/5: move_to_point_with_j4
2025-07-23 13:33:24 [DEBUG] DrFlow2UnloadExecutor:_get_flow1_angle_or_default:667 - [動態角度獲取] 成功獲取Flow1角度: 123.43°
2025-07-23 13:33:24 [INFO] DrFlow2UnloadExecutor:_execute_move_to_point_with_j4:566 - 移動到點位 put_asm_down (動態角度獲取)
2025-07-23 13:33:24 [DEBUG] DrFlow2UnloadExecutor:_execute_move_to_point_with_j4:567 -   關節角度: (j1:-84.2, j2:-29.6, j3:155.6, j4:123.4)
2025-07-23 13:33:24 [DEBUG] DrFlow2UnloadExecutor:_execute_move_to_point_with_j4:568 -   角度來源: flow1_direct
2025-07-23 13:33:24 [DEBUG] DrFlow2UnloadExecutor:_execute_move_to_point_with_j4:569 -   運動參數: speed_j=100, acc_j=100, tool=0
2025-07-23 13:33:25 [INFO] DrFlow2UnloadExecutor:_execute_move_to_point_with_j4:590 -   移動到 put_asm_down 成功 (J4:123.4°) (含Sync)
2025-07-23 13:33:25 [INFO] DrFlow2UnloadExecutor:execute:382 - Flow2 步驟 3/5: gripper_close
2025-07-23 13:33:25 [INFO] DrFlow2UnloadExecutor:_execute_gripper_close:831 - 夾爪關閉成功
2025-07-23 13:33:25 [INFO] DrFlow2UnloadExecutor:execute:382 - Flow2 步驟 4/5: move_to_point_with_j4
2025-07-23 13:33:25 [DEBUG] DrFlow2UnloadExecutor:_get_flow1_angle_or_default:667 - [動態角度獲取] 成功獲取Flow1角度: 123.43°
2025-07-23 13:33:25 [INFO] DrFlow2UnloadExecutor:_execute_move_to_point_with_j4:566 - 移動到點位 put_asm_top (動態角度獲取)
2025-07-23 13:33:25 [DEBUG] DrFlow2UnloadExecutor:_execute_move_to_point_with_j4:567 -   關節角度: (j1:-84.2, j2:-29.6, j3:177.3, j4:123.4)
2025-07-23 13:33:25 [DEBUG] DrFlow2UnloadExecutor:_execute_move_to_point_with_j4:568 -   角度來源: flow1_direct
2025-07-23 13:33:25 [DEBUG] DrFlow2UnloadExecutor:_execute_move_to_point_with_j4:569 -   運動參數: speed_j=100, acc_j=100, tool=0
2025-07-23 13:33:25 [INFO] DrFlow2UnloadExecutor:_execute_move_to_point_with_j4:592 -   移動到 put_asm_top 成功 (J4:123.4°)
2025-07-23 13:33:25 [INFO] DrFlow2UnloadExecutor:execute:382 - Flow2 步驟 5/5: move_to_point
2025-07-23 13:33:25 [INFO] DrFlow2UnloadExecutor:_execute_move_to_point_with_parameters:479 - 移動到點位 standby (J)
2025-07-23 13:33:25 [DEBUG] DrFlow2UnloadExecutor:_execute_move_to_point_with_parameters:480 -   關節角度: (j1:-2.7, j2:86.0, j3:238.0, j4:0.1)
2025-07-23 13:33:25 [DEBUG] DrFlow2UnloadExecutor:_execute_move_to_point_with_parameters:481 -   笛卡爾座標: (223.14, 189.28, 238.86, 83.37)
2025-07-23 13:33:25 [DEBUG] DrFlow2UnloadExecutor:_execute_move_to_point_with_parameters:482 -   運動參數: speed_j=100, acc_j=100, speed_l=80, acc_l=80, tool=0
2025-07-23 13:33:25 [INFO] DrFlow2UnloadExecutor:_execute_move_to_point_with_parameters:535 -   移動到 standby 成功 (J)
2025-07-23 13:33:25 [INFO] DrFlow2UnloadExecutor:execute:426 - Flow2執行完成！總耗時: 0.77秒
2025-07-23 13:33:25 [INFO] DrFlow2UnloadExecutor:execute:427 - 精簡組裝流程完成
2025-07-23 13:33:25 [INFO] DrFlow2UnloadExecutor:execute:429 - 角度控制: 目標角度=78.43°, 指令角度=123.43°
2025-07-23 13:33:25 [INFO] DrFlow2UnloadExecutor:execute:430 - 角度來源: flow1_direct
2025-07-23 13:33:25 [INFO] DrFlow2UnloadExecutor:execute:431 - J4角度應用: put_asm_top和put_asm_down都使用指令角度123.43°
2025-07-23 13:33:47 [INFO] DrFlow2UnloadExecutor:execute:382 - Flow2 步驟 1/5: move_to_point_with_j4
2025-07-23 13:33:47 [DEBUG] DrFlow2UnloadExecutor:_get_flow1_angle_or_default:667 - [動態角度獲取] 成功獲取Flow1角度: 79.39°
2025-07-23 13:33:47 [INFO] DrFlow2UnloadExecutor:_execute_move_to_point_with_j4:566 - 移動到點位 put_asm_top (動態角度獲取)
2025-07-23 13:33:47 [DEBUG] DrFlow2UnloadExecutor:_execute_move_to_point_with_j4:567 -   關節角度: (j1:-84.2, j2:-29.6, j3:177.3, j4:79.4)
2025-07-23 13:33:47 [DEBUG] DrFlow2UnloadExecutor:_execute_move_to_point_with_j4:568 -   角度來源: flow1_direct
2025-07-23 13:33:47 [DEBUG] DrFlow2UnloadExecutor:_execute_move_to_point_with_j4:569 -   運動參數: speed_j=100, acc_j=100, tool=0
2025-07-23 13:33:47 [INFO] DrFlow2UnloadExecutor:_execute_move_to_point_with_j4:592 -   移動到 put_asm_top 成功 (J4:79.4°)
2025-07-23 13:33:47 [INFO] DrFlow2UnloadExecutor:execute:382 - Flow2 步驟 2/5: move_to_point_with_j4
2025-07-23 13:33:47 [DEBUG] DrFlow2UnloadExecutor:_get_flow1_angle_or_default:667 - [動態角度獲取] 成功獲取Flow1角度: 79.39°
2025-07-23 13:33:47 [INFO] DrFlow2UnloadExecutor:_execute_move_to_point_with_j4:566 - 移動到點位 put_asm_down (動態角度獲取)
2025-07-23 13:33:47 [DEBUG] DrFlow2UnloadExecutor:_execute_move_to_point_with_j4:567 -   關節角度: (j1:-84.2, j2:-29.6, j3:155.6, j4:79.4)
2025-07-23 13:33:47 [DEBUG] DrFlow2UnloadExecutor:_execute_move_to_point_with_j4:568 -   角度來源: flow1_direct
2025-07-23 13:33:47 [DEBUG] DrFlow2UnloadExecutor:_execute_move_to_point_with_j4:569 -   運動參數: speed_j=100, acc_j=100, tool=0
2025-07-23 13:33:47 [INFO] DrFlow2UnloadExecutor:_execute_move_to_point_with_j4:590 -   移動到 put_asm_down 成功 (J4:79.4°) (含Sync)
2025-07-23 13:33:47 [INFO] DrFlow2UnloadExecutor:execute:382 - Flow2 步驟 3/5: gripper_close
2025-07-23 13:33:47 [INFO] DrFlow2UnloadExecutor:_execute_gripper_close:831 - 夾爪關閉成功
2025-07-23 13:33:47 [INFO] DrFlow2UnloadExecutor:execute:382 - Flow2 步驟 4/5: move_to_point_with_j4
2025-07-23 13:33:47 [DEBUG] DrFlow2UnloadExecutor:_get_flow1_angle_or_default:667 - [動態角度獲取] 成功獲取Flow1角度: 79.39°
2025-07-23 13:33:47 [INFO] DrFlow2UnloadExecutor:_execute_move_to_point_with_j4:566 - 移動到點位 put_asm_top (動態角度獲取)
2025-07-23 13:33:47 [DEBUG] DrFlow2UnloadExecutor:_execute_move_to_point_with_j4:567 -   關節角度: (j1:-84.2, j2:-29.6, j3:177.3, j4:79.4)
2025-07-23 13:33:47 [DEBUG] DrFlow2UnloadExecutor:_execute_move_to_point_with_j4:568 -   角度來源: flow1_direct
2025-07-23 13:33:47 [DEBUG] DrFlow2UnloadExecutor:_execute_move_to_point_with_j4:569 -   運動參數: speed_j=100, acc_j=100, tool=0
2025-07-23 13:33:47 [INFO] DrFlow2UnloadExecutor:_execute_move_to_point_with_j4:592 -   移動到 put_asm_top 成功 (J4:79.4°)
2025-07-23 13:33:47 [INFO] DrFlow2UnloadExecutor:execute:382 - Flow2 步驟 5/5: move_to_point
2025-07-23 13:33:47 [INFO] DrFlow2UnloadExecutor:_execute_move_to_point_with_parameters:479 - 移動到點位 standby (J)
2025-07-23 13:33:47 [DEBUG] DrFlow2UnloadExecutor:_execute_move_to_point_with_parameters:480 -   關節角度: (j1:-2.7, j2:86.0, j3:238.0, j4:0.1)
2025-07-23 13:33:47 [DEBUG] DrFlow2UnloadExecutor:_execute_move_to_point_with_parameters:481 -   笛卡爾座標: (223.14, 189.28, 238.86, 83.37)
2025-07-23 13:33:47 [DEBUG] DrFlow2UnloadExecutor:_execute_move_to_point_with_parameters:482 -   運動參數: speed_j=100, acc_j=100, speed_l=80, acc_l=80, tool=0
2025-07-23 13:33:47 [INFO] DrFlow2UnloadExecutor:_execute_move_to_point_with_parameters:535 -   移動到 standby 成功 (J)
2025-07-23 13:33:47 [INFO] DrFlow2UnloadExecutor:execute:426 - Flow2執行完成！總耗時: 0.80秒
2025-07-23 13:33:47 [INFO] DrFlow2UnloadExecutor:execute:427 - 精簡組裝流程完成
2025-07-23 13:33:47 [INFO] DrFlow2UnloadExecutor:execute:429 - 角度控制: 目標角度=34.39°, 指令角度=79.39°
2025-07-23 13:33:47 [INFO] DrFlow2UnloadExecutor:execute:430 - 角度來源: flow1_direct
2025-07-23 13:33:47 [INFO] DrFlow2UnloadExecutor:execute:431 - J4角度應用: put_asm_top和put_asm_down都使用指令角度79.39°
2025-07-23 13:34:04 [INFO] DrFlow2UnloadExecutor:execute:382 - Flow2 步驟 1/5: move_to_point_with_j4
2025-07-23 13:34:04 [DEBUG] DrFlow2UnloadExecutor:_get_flow1_angle_or_default:667 - [動態角度獲取] 成功獲取Flow1角度: 68.37°
2025-07-23 13:34:04 [INFO] DrFlow2UnloadExecutor:_execute_move_to_point_with_j4:566 - 移動到點位 put_asm_top (動態角度獲取)
2025-07-23 13:34:04 [DEBUG] DrFlow2UnloadExecutor:_execute_move_to_point_with_j4:567 -   關節角度: (j1:-84.2, j2:-29.6, j3:177.3, j4:68.4)
2025-07-23 13:34:04 [DEBUG] DrFlow2UnloadExecutor:_execute_move_to_point_with_j4:568 -   角度來源: flow1_direct
2025-07-23 13:34:04 [DEBUG] DrFlow2UnloadExecutor:_execute_move_to_point_with_j4:569 -   運動參數: speed_j=100, acc_j=100, tool=0
2025-07-23 13:34:04 [INFO] DrFlow2UnloadExecutor:_execute_move_to_point_with_j4:592 -   移動到 put_asm_top 成功 (J4:68.4°)
2025-07-23 13:34:04 [INFO] DrFlow2UnloadExecutor:execute:382 - Flow2 步驟 2/5: move_to_point_with_j4
2025-07-23 13:34:04 [DEBUG] DrFlow2UnloadExecutor:_get_flow1_angle_or_default:667 - [動態角度獲取] 成功獲取Flow1角度: 68.37°
2025-07-23 13:34:04 [INFO] DrFlow2UnloadExecutor:_execute_move_to_point_with_j4:566 - 移動到點位 put_asm_down (動態角度獲取)
2025-07-23 13:34:04 [DEBUG] DrFlow2UnloadExecutor:_execute_move_to_point_with_j4:567 -   關節角度: (j1:-84.2, j2:-29.6, j3:155.6, j4:68.4)
2025-07-23 13:34:04 [DEBUG] DrFlow2UnloadExecutor:_execute_move_to_point_with_j4:568 -   角度來源: flow1_direct
2025-07-23 13:34:04 [DEBUG] DrFlow2UnloadExecutor:_execute_move_to_point_with_j4:569 -   運動參數: speed_j=100, acc_j=100, tool=0
2025-07-23 13:34:04 [INFO] DrFlow2UnloadExecutor:_execute_move_to_point_with_j4:590 -   移動到 put_asm_down 成功 (J4:68.4°) (含Sync)
2025-07-23 13:34:04 [INFO] DrFlow2UnloadExecutor:execute:382 - Flow2 步驟 3/5: gripper_close
2025-07-23 13:34:04 [INFO] DrFlow2UnloadExecutor:_execute_gripper_close:831 - 夾爪關閉成功
2025-07-23 13:34:04 [INFO] DrFlow2UnloadExecutor:execute:382 - Flow2 步驟 4/5: move_to_point_with_j4
2025-07-23 13:34:04 [DEBUG] DrFlow2UnloadExecutor:_get_flow1_angle_or_default:667 - [動態角度獲取] 成功獲取Flow1角度: 68.37°
2025-07-23 13:34:04 [INFO] DrFlow2UnloadExecutor:_execute_move_to_point_with_j4:566 - 移動到點位 put_asm_top (動態角度獲取)
2025-07-23 13:34:04 [DEBUG] DrFlow2UnloadExecutor:_execute_move_to_point_with_j4:567 -   關節角度: (j1:-84.2, j2:-29.6, j3:177.3, j4:68.4)
2025-07-23 13:34:04 [DEBUG] DrFlow2UnloadExecutor:_execute_move_to_point_with_j4:568 -   角度來源: flow1_direct
2025-07-23 13:34:04 [DEBUG] DrFlow2UnloadExecutor:_execute_move_to_point_with_j4:569 -   運動參數: speed_j=100, acc_j=100, tool=0
2025-07-23 13:34:05 [INFO] DrFlow2UnloadExecutor:_execute_move_to_point_with_j4:592 -   移動到 put_asm_top 成功 (J4:68.4°)
2025-07-23 13:34:05 [INFO] DrFlow2UnloadExecutor:execute:382 - Flow2 步驟 5/5: move_to_point
2025-07-23 13:34:05 [INFO] DrFlow2UnloadExecutor:_execute_move_to_point_with_parameters:479 - 移動到點位 standby (J)
2025-07-23 13:34:05 [DEBUG] DrFlow2UnloadExecutor:_execute_move_to_point_with_parameters:480 -   關節角度: (j1:-2.7, j2:86.0, j3:238.0, j4:0.1)
2025-07-23 13:34:05 [DEBUG] DrFlow2UnloadExecutor:_execute_move_to_point_with_parameters:481 -   笛卡爾座標: (223.14, 189.28, 238.86, 83.37)
2025-07-23 13:34:05 [DEBUG] DrFlow2UnloadExecutor:_execute_move_to_point_with_parameters:482 -   運動參數: speed_j=100, acc_j=100, speed_l=80, acc_l=80, tool=0
2025-07-23 13:34:05 [INFO] DrFlow2UnloadExecutor:_execute_move_to_point_with_parameters:535 -   移動到 standby 成功 (J)
2025-07-23 13:34:05 [INFO] DrFlow2UnloadExecutor:execute:426 - Flow2執行完成！總耗時: 0.79秒
2025-07-23 13:34:05 [INFO] DrFlow2UnloadExecutor:execute:427 - 精簡組裝流程完成
2025-07-23 13:34:05 [INFO] DrFlow2UnloadExecutor:execute:429 - 角度控制: 目標角度=23.37°, 指令角度=68.37°
2025-07-23 13:34:05 [INFO] DrFlow2UnloadExecutor:execute:430 - 角度來源: flow1_direct
2025-07-23 13:34:05 [INFO] DrFlow2UnloadExecutor:execute:431 - J4角度應用: put_asm_top和put_asm_down都使用指令角度68.37°
2025-07-23 13:34:29 [INFO] DrFlow2UnloadExecutor:execute:382 - Flow2 步驟 1/5: move_to_point_with_j4
2025-07-23 13:34:29 [DEBUG] DrFlow2UnloadExecutor:_get_flow1_angle_or_default:667 - [動態角度獲取] 成功獲取Flow1角度: 60.40°
2025-07-23 13:34:29 [INFO] DrFlow2UnloadExecutor:_execute_move_to_point_with_j4:566 - 移動到點位 put_asm_top (動態角度獲取)
2025-07-23 13:34:29 [DEBUG] DrFlow2UnloadExecutor:_execute_move_to_point_with_j4:567 -   關節角度: (j1:-84.2, j2:-29.6, j3:177.3, j4:60.4)
2025-07-23 13:34:29 [DEBUG] DrFlow2UnloadExecutor:_execute_move_to_point_with_j4:568 -   角度來源: flow1_direct
2025-07-23 13:34:29 [DEBUG] DrFlow2UnloadExecutor:_execute_move_to_point_with_j4:569 -   運動參數: speed_j=100, acc_j=100, tool=0
2025-07-23 13:34:29 [INFO] DrFlow2UnloadExecutor:_execute_move_to_point_with_j4:592 -   移動到 put_asm_top 成功 (J4:60.4°)
2025-07-23 13:34:29 [INFO] DrFlow2UnloadExecutor:execute:382 - Flow2 步驟 2/5: move_to_point_with_j4
2025-07-23 13:34:29 [DEBUG] DrFlow2UnloadExecutor:_get_flow1_angle_or_default:667 - [動態角度獲取] 成功獲取Flow1角度: 60.40°
2025-07-23 13:34:29 [INFO] DrFlow2UnloadExecutor:_execute_move_to_point_with_j4:566 - 移動到點位 put_asm_down (動態角度獲取)
2025-07-23 13:34:29 [DEBUG] DrFlow2UnloadExecutor:_execute_move_to_point_with_j4:567 -   關節角度: (j1:-84.2, j2:-29.6, j3:155.6, j4:60.4)
2025-07-23 13:34:29 [DEBUG] DrFlow2UnloadExecutor:_execute_move_to_point_with_j4:568 -   角度來源: flow1_direct
2025-07-23 13:34:29 [DEBUG] DrFlow2UnloadExecutor:_execute_move_to_point_with_j4:569 -   運動參數: speed_j=100, acc_j=100, tool=0
2025-07-23 13:34:29 [INFO] DrFlow2UnloadExecutor:_execute_move_to_point_with_j4:590 -   移動到 put_asm_down 成功 (J4:60.4°) (含Sync)
2025-07-23 13:34:29 [INFO] DrFlow2UnloadExecutor:execute:382 - Flow2 步驟 3/5: gripper_close
2025-07-23 13:34:29 [INFO] DrFlow2UnloadExecutor:_execute_gripper_close:831 - 夾爪關閉成功
2025-07-23 13:34:29 [INFO] DrFlow2UnloadExecutor:execute:382 - Flow2 步驟 4/5: move_to_point_with_j4
2025-07-23 13:34:29 [DEBUG] DrFlow2UnloadExecutor:_get_flow1_angle_or_default:667 - [動態角度獲取] 成功獲取Flow1角度: 60.40°
2025-07-23 13:34:29 [INFO] DrFlow2UnloadExecutor:_execute_move_to_point_with_j4:566 - 移動到點位 put_asm_top (動態角度獲取)
2025-07-23 13:34:29 [DEBUG] DrFlow2UnloadExecutor:_execute_move_to_point_with_j4:567 -   關節角度: (j1:-84.2, j2:-29.6, j3:177.3, j4:60.4)
2025-07-23 13:34:29 [DEBUG] DrFlow2UnloadExecutor:_execute_move_to_point_with_j4:568 -   角度來源: flow1_direct
2025-07-23 13:34:29 [DEBUG] DrFlow2UnloadExecutor:_execute_move_to_point_with_j4:569 -   運動參數: speed_j=100, acc_j=100, tool=0
2025-07-23 13:34:30 [INFO] DrFlow2UnloadExecutor:_execute_move_to_point_with_j4:592 -   移動到 put_asm_top 成功 (J4:60.4°)
2025-07-23 13:34:30 [INFO] DrFlow2UnloadExecutor:execute:382 - Flow2 步驟 5/5: move_to_point
2025-07-23 13:34:30 [INFO] DrFlow2UnloadExecutor:_execute_move_to_point_with_parameters:479 - 移動到點位 standby (J)
2025-07-23 13:34:30 [DEBUG] DrFlow2UnloadExecutor:_execute_move_to_point_with_parameters:480 -   關節角度: (j1:-2.7, j2:86.0, j3:238.0, j4:0.1)
2025-07-23 13:34:30 [DEBUG] DrFlow2UnloadExecutor:_execute_move_to_point_with_parameters:481 -   笛卡爾座標: (223.14, 189.28, 238.86, 83.37)
2025-07-23 13:34:30 [DEBUG] DrFlow2UnloadExecutor:_execute_move_to_point_with_parameters:482 -   運動參數: speed_j=100, acc_j=100, speed_l=80, acc_l=80, tool=0
2025-07-23 13:34:30 [INFO] DrFlow2UnloadExecutor:_execute_move_to_point_with_parameters:535 -   移動到 standby 成功 (J)
2025-07-23 13:34:30 [INFO] DrFlow2UnloadExecutor:execute:426 - Flow2執行完成！總耗時: 0.81秒
2025-07-23 13:34:30 [INFO] DrFlow2UnloadExecutor:execute:427 - 精簡組裝流程完成
2025-07-23 13:34:30 [INFO] DrFlow2UnloadExecutor:execute:429 - 角度控制: 目標角度=15.40°, 指令角度=60.40°
2025-07-23 13:34:30 [INFO] DrFlow2UnloadExecutor:execute:430 - 角度來源: flow1_direct
2025-07-23 13:34:30 [INFO] DrFlow2UnloadExecutor:execute:431 - J4角度應用: put_asm_top和put_asm_down都使用指令角度60.40°
2025-07-23 13:34:50 [INFO] DrFlow2UnloadExecutor:execute:382 - Flow2 步驟 1/5: move_to_point_with_j4
2025-07-23 13:34:50 [DEBUG] DrFlow2UnloadExecutor:_get_flow1_angle_or_default:667 - [動態角度獲取] 成功獲取Flow1角度: 126.25°
2025-07-23 13:34:50 [INFO] DrFlow2UnloadExecutor:_execute_move_to_point_with_j4:566 - 移動到點位 put_asm_top (動態角度獲取)
2025-07-23 13:34:50 [DEBUG] DrFlow2UnloadExecutor:_execute_move_to_point_with_j4:567 -   關節角度: (j1:-84.2, j2:-29.6, j3:177.3, j4:126.2)
2025-07-23 13:34:50 [DEBUG] DrFlow2UnloadExecutor:_execute_move_to_point_with_j4:568 -   角度來源: flow1_direct
2025-07-23 13:34:50 [DEBUG] DrFlow2UnloadExecutor:_execute_move_to_point_with_j4:569 -   運動參數: speed_j=100, acc_j=100, tool=0
2025-07-23 13:34:50 [INFO] DrFlow2UnloadExecutor:_execute_move_to_point_with_j4:592 -   移動到 put_asm_top 成功 (J4:126.2°)
2025-07-23 13:34:50 [INFO] DrFlow2UnloadExecutor:execute:382 - Flow2 步驟 2/5: move_to_point_with_j4
2025-07-23 13:34:50 [DEBUG] DrFlow2UnloadExecutor:_get_flow1_angle_or_default:667 - [動態角度獲取] 成功獲取Flow1角度: 126.25°
2025-07-23 13:34:50 [INFO] DrFlow2UnloadExecutor:_execute_move_to_point_with_j4:566 - 移動到點位 put_asm_down (動態角度獲取)
2025-07-23 13:34:50 [DEBUG] DrFlow2UnloadExecutor:_execute_move_to_point_with_j4:567 -   關節角度: (j1:-84.2, j2:-29.6, j3:155.6, j4:126.2)
2025-07-23 13:34:50 [DEBUG] DrFlow2UnloadExecutor:_execute_move_to_point_with_j4:568 -   角度來源: flow1_direct
2025-07-23 13:34:50 [DEBUG] DrFlow2UnloadExecutor:_execute_move_to_point_with_j4:569 -   運動參數: speed_j=100, acc_j=100, tool=0
2025-07-23 13:34:51 [INFO] DrFlow2UnloadExecutor:_execute_move_to_point_with_j4:590 -   移動到 put_asm_down 成功 (J4:126.2°) (含Sync)
2025-07-23 13:34:51 [INFO] DrFlow2UnloadExecutor:execute:382 - Flow2 步驟 3/5: gripper_close
2025-07-23 13:34:51 [INFO] DrFlow2UnloadExecutor:_execute_gripper_close:831 - 夾爪關閉成功
2025-07-23 13:34:51 [INFO] DrFlow2UnloadExecutor:execute:382 - Flow2 步驟 4/5: move_to_point_with_j4
2025-07-23 13:34:51 [DEBUG] DrFlow2UnloadExecutor:_get_flow1_angle_or_default:667 - [動態角度獲取] 成功獲取Flow1角度: 126.25°
2025-07-23 13:34:51 [INFO] DrFlow2UnloadExecutor:_execute_move_to_point_with_j4:566 - 移動到點位 put_asm_top (動態角度獲取)
2025-07-23 13:34:51 [DEBUG] DrFlow2UnloadExecutor:_execute_move_to_point_with_j4:567 -   關節角度: (j1:-84.2, j2:-29.6, j3:177.3, j4:126.2)
2025-07-23 13:34:51 [DEBUG] DrFlow2UnloadExecutor:_execute_move_to_point_with_j4:568 -   角度來源: flow1_direct
2025-07-23 13:34:51 [DEBUG] DrFlow2UnloadExecutor:_execute_move_to_point_with_j4:569 -   運動參數: speed_j=100, acc_j=100, tool=0
2025-07-23 13:34:51 [INFO] DrFlow2UnloadExecutor:_execute_move_to_point_with_j4:592 -   移動到 put_asm_top 成功 (J4:126.2°)
2025-07-23 13:34:51 [INFO] DrFlow2UnloadExecutor:execute:382 - Flow2 步驟 5/5: move_to_point
2025-07-23 13:34:51 [INFO] DrFlow2UnloadExecutor:_execute_move_to_point_with_parameters:479 - 移動到點位 standby (J)
2025-07-23 13:34:51 [DEBUG] DrFlow2UnloadExecutor:_execute_move_to_point_with_parameters:480 -   關節角度: (j1:-2.7, j2:86.0, j3:238.0, j4:0.1)
2025-07-23 13:34:51 [DEBUG] DrFlow2UnloadExecutor:_execute_move_to_point_with_parameters:481 -   笛卡爾座標: (223.14, 189.28, 238.86, 83.37)
2025-07-23 13:34:51 [DEBUG] DrFlow2UnloadExecutor:_execute_move_to_point_with_parameters:482 -   運動參數: speed_j=100, acc_j=100, speed_l=80, acc_l=80, tool=0
2025-07-23 13:34:51 [INFO] DrFlow2UnloadExecutor:_execute_move_to_point_with_parameters:535 -   移動到 standby 成功 (J)
2025-07-23 13:34:51 [INFO] DrFlow2UnloadExecutor:execute:426 - Flow2執行完成！總耗時: 0.80秒
2025-07-23 13:34:51 [INFO] DrFlow2UnloadExecutor:execute:427 - 精簡組裝流程完成
2025-07-23 13:34:51 [INFO] DrFlow2UnloadExecutor:execute:429 - 角度控制: 目標角度=81.25°, 指令角度=126.25°
2025-07-23 13:34:51 [INFO] DrFlow2UnloadExecutor:execute:430 - 角度來源: flow1_direct
2025-07-23 13:34:51 [INFO] DrFlow2UnloadExecutor:execute:431 - J4角度應用: put_asm_top和put_asm_down都使用指令角度126.25°
