2025-07-17 00:50:56 [INFO] AutoProgram:load_config:201 - 已載入DR專案配置檔案: c:\Users\user\Documents\GitHub\DobotDR\Automation\AutoProgram\dr_autoprogram_config.json
2025-07-17 00:50:56 [INFO] AutoProgram:__init__:153 - DR專案機械臂協調控制模組初始化完成 (提前座標讀取版)
2025-07-17 00:50:56 [INFO] AutoProgram:__init__:154 - Modbus服務器: 127.0.0.1:502
2025-07-17 00:50:56 [INFO] AutoProgram:__init__:155 - AutoProgram基地址: 1300
2025-07-17 00:50:56 [INFO] AutoProgram:__init__:156 - 新策略: AutoProgram提前讀取座標，Flow1直接從AutoProgram拿取
2025-07-17 00:50:56 [INFO] AutoProgram:__init__:157 - 座標存儲地址: 1350-1354
2025-07-17 00:50:56 [INFO] AutoProgram:__init__:158 - 保護區域檢查: X(-112~-4), Y(243~339.21)
2025-07-17 00:50:56 [INFO] AutoProgram:__init__:159 - 重複座標檢測: 啟用
2025-07-17 00:50:56 [INFO] AutoProgram:connect:218 - 正在連接 127.0.0.1:502
2025-07-17 00:50:56 [INFO] AutoProgram:connect:229 - 連接建立成功
2025-07-17 00:50:56 [INFO] AutoProgram:connect:230 - Modbus連接成功: 127.0.0.1:502
2025-07-17 00:50:56 [DEBUG] AutoProgram:init_system_registers:245 - 開始初始化系統寄存器
2025-07-17 00:50:56 [INFO] AutoProgram:init_system_registers:273 - DR專案AutoProgram系統寄存器初始化完成
2025-07-17 00:50:56 [INFO] AutoProgram:init_system_registers:274 - 座標存儲寄存器: 1350-1354
2025-07-17 00:50:56 [INFO] AutoProgram:_coordination_loop:791 - DR專案協調控制主循環已啟動
2025-07-17 00:51:16 [DEBUG] AutoProgram:_coordination_loop:800 - 控制循環心跳 - 第100次, running=False, auto_enabled=True
2025-07-17 00:51:36 [DEBUG] AutoProgram:_coordination_loop:800 - 控制循環心跳 - 第200次, running=False, auto_enabled=True
2025-07-17 00:51:47 [INFO] AutoProgram:check_control_registers:550 - 檢測到系統啟動指令 (1320=1)
2025-07-17 00:51:47 [INFO] AutoProgram:start:726 - === 啟動DR專案機械臂協調控制系統 (防重複觸發版) ===
2025-07-17 00:51:47 [INFO] AutoProgram:_coordination_loop:791 - DR專案協調控制主循環已啟動
2025-07-17 00:51:47 [INFO] AutoProgram:start:748 - 主循環執行緒已啟動
2025-07-17 00:51:47 [INFO] AutoProgram:start:749 - DR專案協調控制系統已啟動
2025-07-17 00:51:47 [INFO] AutoProgram:start:750 - 防重複觸發策略:
2025-07-17 00:51:47 [INFO] AutoProgram:start:751 -   - 檢查當前運動Flow狀態 (地址1201)
2025-07-17 00:51:47 [INFO] AutoProgram:start:752 -   - 當Flow1運行中時(1201=1)不觸發新的Flow1
2025-07-17 00:51:47 [INFO] AutoProgram:start:753 -   - prepare_done=False時才會觸發Flow1
2025-07-17 00:51:47 [INFO] AutoProgram:start:754 -   - prepare_done=True時等待Flow2完成
2025-07-17 00:51:47 [DEBUG] AutoProgram:coordination_cycle:607 - prepare_done=False，開始處理新週期
2025-07-17 00:51:47 [INFO] AutoProgram:start:755 -   - Flow2完成後prepare_done重置為False
2025-07-17 00:51:47 [INFO] AutoProgram:start:756 -   - 保護區域檢查: X(-112~-4), Y(243~339.21)
2025-07-17 00:51:47 [DEBUG] AutoProgram:coordination_cycle:619 - 座標未準備，開始檢查AutoFeeding新座標...
2025-07-17 00:51:47 [INFO] AutoProgram:start:757 -   - 重複座標檢測與自動停止
2025-07-17 00:51:47 [DEBUG] AutoProgram:read_and_validate_autofeeding_coordinates:373 - 開始讀取AutoFeeding座標...
2025-07-17 00:51:47 [INFO] AutoProgram:start:758 -   - 座標存儲地址: 1350-1354
2025-07-17 00:51:47 [INFO] AutoProgram:start:759 -   - Flow1控制地址: 1240
2025-07-17 00:51:47 [INFO] AutoProgram:start:760 - 執行邏輯: 座標準備完成 → 檢查Flow1狀態 → 觸發Flow1 → 等待完成 → prepare_done=True → 等待Flow2
2025-07-17 00:51:47 [DEBUG] AutoProgram:coordination_cycle:607 - prepare_done=False，開始處理新週期
2025-07-17 00:51:47 [DEBUG] AutoProgram:read_and_validate_autofeeding_coordinates:376 - AutoFeeding狀態: DR_F可用=True, 座標已讀取=False
2025-07-17 00:51:47 [DEBUG] AutoProgram:read_and_validate_autofeeding_coordinates:383 - 讀取到座標: (-75.81, 308.98)
2025-07-17 00:51:47 [DEBUG] AutoProgram:coordination_cycle:619 - 座標未準備，開始檢查AutoFeeding新座標...
2025-07-17 00:51:47 [DEBUG] AutoProgram:read_and_validate_autofeeding_coordinates:391 - 座標在保護區域內
2025-07-17 00:51:47 [DEBUG] AutoProgram:read_and_validate_autofeeding_coordinates:417 - 首次讀取座標
2025-07-17 00:51:47 [DEBUG] AutoProgram:read_and_validate_autofeeding_coordinates:420 - 設置座標已讀取標誌 (945=1)...
2025-07-17 00:51:48 [DEBUG] AutoProgram:read_and_validate_autofeeding_coordinates:426 - 座標讀取確認完成
2025-07-17 00:51:48 [INFO] AutoProgram:read_and_validate_autofeeding_coordinates:428 - 座標驗證通過: (-75.81, 308.98)
2025-07-17 00:51:48 [INFO] AutoProgram:coordination_cycle:633 - 從AutoFeeding讀取到新座標: (-75.81, 308.98)
2025-07-17 00:51:48 [DEBUG] AutoProgram:store_coordinates_to_autoprogram:434 - 開始存儲座標到寄存器: (-75.81, 308.98)
2025-07-17 00:51:48 [DEBUG] AutoProgram:write_32bit_coordinate:318 - 寫入32位座標: 值=-75.81, 高地址=1351, 低地址=1352
2025-07-17 00:51:48 [DEBUG] AutoProgram:write_32bit_coordinate:322 - 整數轉換: -75.81 -> -7581
2025-07-17 00:51:48 [DEBUG] AutoProgram:write_32bit_coordinate:327 - 負數補碼處理: -> 4294959715
2025-07-17 00:51:48 [DEBUG] AutoProgram:write_32bit_coordinate:332 - 高低位分解: 高=65535, 低=57955
2025-07-17 00:51:48 [DEBUG] AutoProgram:write_32bit_coordinate:338 - 寄存器寫入結果: 高地址1351=True, 低地址1352=True
2025-07-17 00:51:48 [DEBUG] AutoProgram:write_32bit_coordinate:318 - 寫入32位座標: 值=308.98, 高地址=1353, 低地址=1354
2025-07-17 00:51:48 [DEBUG] AutoProgram:write_32bit_coordinate:322 - 整數轉換: 308.98 -> 30898
2025-07-17 00:51:48 [DEBUG] AutoProgram:write_32bit_coordinate:332 - 高低位分解: 高=0, 低=30898
2025-07-17 00:51:48 [DEBUG] AutoProgram:write_32bit_coordinate:338 - 寄存器寫入結果: 高地址1353=True, 低地址1354=True
2025-07-17 00:51:48 [DEBUG] AutoProgram:store_coordinates_to_autoprogram:445 - 座標寫入結果: X=True, Y=True
2025-07-17 00:51:48 [DEBUG] AutoProgram:store_coordinates_to_autoprogram:450 - 可用標誌寫入結果: True
2025-07-17 00:51:48 [DEBUG] AutoProgram:store_coordinates_to_autoprogram:457 - 驗證寫入結果...
2025-07-17 00:51:48 [DEBUG] AutoProgram:store_coordinates_to_autoprogram:462 - 驗證結果: X=-75.81, Y=308.98, Flag=1
2025-07-17 00:51:48 [INFO] AutoProgram:store_coordinates_to_autoprogram:465 - 座標已成功存儲並驗證: (-75.81, 308.98)
2025-07-17 00:51:48 [INFO] AutoProgram:store_coordinates_to_autoprogram:466 - Flow1可從地址1350-1354讀取
2025-07-17 00:51:48 [INFO] AutoProgram:coordination_cycle:638 - 座標已存儲到AutoProgram寄存器
2025-07-17 00:51:48 [INFO] AutoProgram:coordination_cycle:639 - 準備觸發Flow1...
2025-07-17 00:51:48 [INFO] AutoProgram:trigger_flow1:502 - 觸發Flow1取料作業
2025-07-17 00:51:48 [INFO] AutoProgram:trigger_flow1:503 - 目標座標: (-75.81, 308.98)
2025-07-17 00:51:48 [DEBUG] AutoProgram:coordination_cycle:607 - prepare_done=False，開始處理新週期
2025-07-17 00:51:48 [DEBUG] AutoProgram:coordination_cycle:660 - 座標已準備，檢查Flow1觸發狀態...
2025-07-17 00:51:48 [INFO] AutoProgram:trigger_flow1:502 - 觸發Flow1取料作業
2025-07-17 00:51:48 [INFO] AutoProgram:trigger_flow1:503 - 目標座標: (-75.81, 308.98)
2025-07-17 00:51:48 [INFO] AutoProgram:trigger_flow1:518 - Flow1已觸發 (第1次)
2025-07-17 00:51:48 [INFO] AutoProgram:trigger_flow1:519 - Flow1將從AutoProgram寄存器讀取座標
2025-07-17 00:51:48 [INFO] AutoProgram:coordination_cycle:644 - Flow1已觸發，進入執行階段
2025-07-17 00:51:48 [INFO] AutoProgram:coordination_cycle:645 - 等待Flow1完成，完成後不會清空1204狀態
2025-07-17 00:51:48 [INFO] AutoProgram:trigger_flow1:518 - Flow1已觸發 (第2次)
2025-07-17 00:51:48 [INFO] AutoProgram:trigger_flow1:519 - Flow1將從AutoProgram寄存器讀取座標
2025-07-17 00:51:48 [INFO] AutoProgram:coordination_cycle:664 - Flow1已觸發 (座標已準備)
2025-07-17 00:51:48 [DEBUG] AutoProgram:coordination_cycle:607 - prepare_done=False，開始處理新週期
2025-07-17 00:51:48 [DEBUG] AutoProgram:coordination_cycle:660 - 座標已準備，檢查Flow1觸發狀態...
2025-07-17 00:51:48 [INFO] AutoProgram:trigger_flow1:502 - 觸發Flow1取料作業
2025-07-17 00:51:48 [INFO] AutoProgram:trigger_flow1:503 - 目標座標: (-75.81, 308.98)
2025-07-17 00:51:48 [DEBUG] AutoProgram:coordination_cycle:607 - prepare_done=False，開始處理新週期
2025-07-17 00:51:48 [DEBUG] AutoProgram:coordination_cycle:660 - 座標已準備，檢查Flow1觸發狀態...
2025-07-17 00:51:48 [INFO] AutoProgram:trigger_flow1:502 - 觸發Flow1取料作業
2025-07-17 00:51:48 [INFO] AutoProgram:trigger_flow1:503 - 目標座標: (-75.81, 308.98)
2025-07-17 00:51:48 [INFO] AutoProgram:trigger_flow1:518 - Flow1已觸發 (第3次)
2025-07-17 00:51:48 [INFO] AutoProgram:trigger_flow1:519 - Flow1將從AutoProgram寄存器讀取座標
2025-07-17 00:51:48 [INFO] AutoProgram:coordination_cycle:664 - Flow1已觸發 (座標已準備)
2025-07-17 00:51:48 [INFO] AutoProgram:trigger_flow1:518 - Flow1已觸發 (第4次)
2025-07-17 00:51:48 [INFO] AutoProgram:trigger_flow1:519 - Flow1將從AutoProgram寄存器讀取座標
2025-07-17 00:51:48 [INFO] AutoProgram:coordination_cycle:664 - Flow1已觸發 (座標已準備)
2025-07-17 00:51:48 [DEBUG] AutoProgram:coordination_cycle:607 - prepare_done=False，開始處理新週期
2025-07-17 00:51:48 [DEBUG] AutoProgram:coordination_cycle:660 - 座標已準備，檢查Flow1觸發狀態...
2025-07-17 00:51:48 [INFO] AutoProgram:trigger_flow1:502 - 觸發Flow1取料作業
2025-07-17 00:51:48 [INFO] AutoProgram:trigger_flow1:503 - 目標座標: (-75.81, 308.98)
2025-07-17 00:51:48 [DEBUG] AutoProgram:coordination_cycle:607 - prepare_done=False，開始處理新週期
2025-07-17 00:51:48 [DEBUG] AutoProgram:coordination_cycle:660 - 座標已準備，檢查Flow1觸發狀態...
2025-07-17 00:51:48 [INFO] AutoProgram:trigger_flow1:502 - 觸發Flow1取料作業
2025-07-17 00:51:48 [INFO] AutoProgram:trigger_flow1:503 - 目標座標: (-75.81, 308.98)
2025-07-17 00:51:48 [INFO] AutoProgram:trigger_flow1:518 - Flow1已觸發 (第5次)
2025-07-17 00:51:48 [INFO] AutoProgram:trigger_flow1:519 - Flow1將從AutoProgram寄存器讀取座標
2025-07-17 00:51:48 [INFO] AutoProgram:coordination_cycle:664 - Flow1已觸發 (座標已準備)
2025-07-17 00:51:48 [INFO] AutoProgram:trigger_flow1:518 - Flow1已觸發 (第6次)
2025-07-17 00:51:48 [INFO] AutoProgram:trigger_flow1:519 - Flow1將從AutoProgram寄存器讀取座標
2025-07-17 00:51:48 [INFO] AutoProgram:coordination_cycle:664 - Flow1已觸發 (座標已準備)
2025-07-17 00:51:48 [DEBUG] AutoProgram:coordination_cycle:607 - prepare_done=False，開始處理新週期
2025-07-17 00:51:48 [DEBUG] AutoProgram:coordination_cycle:660 - 座標已準備，檢查Flow1觸發狀態...
2025-07-17 00:51:48 [INFO] AutoProgram:trigger_flow1:502 - 觸發Flow1取料作業
2025-07-17 00:51:48 [INFO] AutoProgram:trigger_flow1:503 - 目標座標: (-75.81, 308.98)
2025-07-17 00:51:49 [DEBUG] AutoProgram:coordination_cycle:607 - prepare_done=False，開始處理新週期
2025-07-17 00:51:49 [DEBUG] AutoProgram:coordination_cycle:660 - 座標已準備，檢查Flow1觸發狀態...
2025-07-17 00:51:49 [INFO] AutoProgram:trigger_flow1:502 - 觸發Flow1取料作業
2025-07-17 00:51:49 [INFO] AutoProgram:trigger_flow1:503 - 目標座標: (-75.81, 308.98)
2025-07-17 00:51:49 [INFO] AutoProgram:trigger_flow1:518 - Flow1已觸發 (第7次)
2025-07-17 00:51:49 [INFO] AutoProgram:trigger_flow1:519 - Flow1將從AutoProgram寄存器讀取座標
2025-07-17 00:51:49 [INFO] AutoProgram:coordination_cycle:664 - Flow1已觸發 (座標已準備)
2025-07-17 00:51:49 [INFO] AutoProgram:trigger_flow1:518 - Flow1已觸發 (第8次)
2025-07-17 00:51:49 [INFO] AutoProgram:trigger_flow1:519 - Flow1將從AutoProgram寄存器讀取座標
2025-07-17 00:51:49 [INFO] AutoProgram:coordination_cycle:664 - Flow1已觸發 (座標已準備)
2025-07-17 00:51:49 [DEBUG] AutoProgram:coordination_cycle:607 - prepare_done=False，開始處理新週期
2025-07-17 00:51:49 [DEBUG] AutoProgram:coordination_cycle:660 - 座標已準備，檢查Flow1觸發狀態...
2025-07-17 00:51:49 [INFO] AutoProgram:trigger_flow1:502 - 觸發Flow1取料作業
2025-07-17 00:51:49 [INFO] AutoProgram:trigger_flow1:503 - 目標座標: (-75.81, 308.98)
2025-07-17 00:51:49 [DEBUG] AutoProgram:coordination_cycle:607 - prepare_done=False，開始處理新週期
2025-07-17 00:51:49 [DEBUG] AutoProgram:coordination_cycle:660 - 座標已準備，檢查Flow1觸發狀態...
2025-07-17 00:51:49 [INFO] AutoProgram:trigger_flow1:502 - 觸發Flow1取料作業
2025-07-17 00:51:49 [INFO] AutoProgram:trigger_flow1:503 - 目標座標: (-75.81, 308.98)
2025-07-17 00:51:49 [INFO] AutoProgram:trigger_flow1:518 - Flow1已觸發 (第9次)
2025-07-17 00:51:49 [INFO] AutoProgram:trigger_flow1:519 - Flow1將從AutoProgram寄存器讀取座標
2025-07-17 00:51:49 [INFO] AutoProgram:coordination_cycle:664 - Flow1已觸發 (座標已準備)
2025-07-17 00:51:49 [INFO] AutoProgram:trigger_flow1:518 - Flow1已觸發 (第10次)
2025-07-17 00:51:49 [INFO] AutoProgram:trigger_flow1:519 - Flow1將從AutoProgram寄存器讀取座標
2025-07-17 00:51:49 [INFO] AutoProgram:coordination_cycle:664 - Flow1已觸發 (座標已準備)
2025-07-17 00:51:49 [DEBUG] AutoProgram:coordination_cycle:607 - prepare_done=False，開始處理新週期
2025-07-17 00:51:49 [DEBUG] AutoProgram:coordination_cycle:660 - 座標已準備，檢查Flow1觸發狀態...
2025-07-17 00:51:49 [INFO] AutoProgram:trigger_flow1:502 - 觸發Flow1取料作業
2025-07-17 00:51:49 [INFO] AutoProgram:trigger_flow1:503 - 目標座標: (-75.81, 308.98)
2025-07-17 00:51:49 [DEBUG] AutoProgram:coordination_cycle:607 - prepare_done=False，開始處理新週期
2025-07-17 00:51:49 [DEBUG] AutoProgram:coordination_cycle:660 - 座標已準備，檢查Flow1觸發狀態...
2025-07-17 00:51:49 [INFO] AutoProgram:trigger_flow1:502 - 觸發Flow1取料作業
2025-07-17 00:51:49 [INFO] AutoProgram:trigger_flow1:503 - 目標座標: (-75.81, 308.98)
2025-07-17 00:51:49 [INFO] AutoProgram:trigger_flow1:518 - Flow1已觸發 (第11次)
2025-07-17 00:51:49 [INFO] AutoProgram:trigger_flow1:519 - Flow1將從AutoProgram寄存器讀取座標
2025-07-17 00:51:49 [INFO] AutoProgram:coordination_cycle:664 - Flow1已觸發 (座標已準備)
2025-07-17 00:51:49 [INFO] AutoProgram:trigger_flow1:518 - Flow1已觸發 (第12次)
2025-07-17 00:51:49 [INFO] AutoProgram:trigger_flow1:519 - Flow1將從AutoProgram寄存器讀取座標
2025-07-17 00:51:49 [INFO] AutoProgram:coordination_cycle:664 - Flow1已觸發 (座標已準備)
2025-07-17 00:51:49 [DEBUG] AutoProgram:coordination_cycle:607 - prepare_done=False，開始處理新週期
2025-07-17 00:51:49 [DEBUG] AutoProgram:coordination_cycle:660 - 座標已準備，檢查Flow1觸發狀態...
2025-07-17 00:51:49 [INFO] AutoProgram:trigger_flow1:502 - 觸發Flow1取料作業
2025-07-17 00:51:49 [INFO] AutoProgram:trigger_flow1:503 - 目標座標: (-75.81, 308.98)
2025-07-17 00:51:49 [DEBUG] AutoProgram:coordination_cycle:607 - prepare_done=False，開始處理新週期
2025-07-17 00:51:49 [DEBUG] AutoProgram:coordination_cycle:660 - 座標已準備，檢查Flow1觸發狀態...
2025-07-17 00:51:49 [INFO] AutoProgram:trigger_flow1:502 - 觸發Flow1取料作業
2025-07-17 00:51:49 [INFO] AutoProgram:trigger_flow1:503 - 目標座標: (-75.81, 308.98)
2025-07-17 00:51:49 [INFO] AutoProgram:trigger_flow1:518 - Flow1已觸發 (第13次)
2025-07-17 00:51:49 [INFO] AutoProgram:trigger_flow1:519 - Flow1將從AutoProgram寄存器讀取座標
2025-07-17 00:51:49 [INFO] AutoProgram:coordination_cycle:664 - Flow1已觸發 (座標已準備)
2025-07-17 00:51:50 [INFO] AutoProgram:trigger_flow1:518 - Flow1已觸發 (第14次)
2025-07-17 00:51:50 [INFO] AutoProgram:trigger_flow1:519 - Flow1將從AutoProgram寄存器讀取座標
2025-07-17 00:51:50 [INFO] AutoProgram:coordination_cycle:664 - Flow1已觸發 (座標已準備)
2025-07-17 00:51:50 [DEBUG] AutoProgram:coordination_cycle:607 - prepare_done=False，開始處理新週期
2025-07-17 00:51:50 [DEBUG] AutoProgram:coordination_cycle:660 - 座標已準備，檢查Flow1觸發狀態...
2025-07-17 00:51:50 [INFO] AutoProgram:trigger_flow1:502 - 觸發Flow1取料作業
2025-07-17 00:51:50 [INFO] AutoProgram:trigger_flow1:503 - 目標座標: (-75.81, 308.98)
2025-07-17 00:51:50 [DEBUG] AutoProgram:coordination_cycle:607 - prepare_done=False，開始處理新週期
2025-07-17 00:51:50 [DEBUG] AutoProgram:coordination_cycle:660 - 座標已準備，檢查Flow1觸發狀態...
2025-07-17 00:51:50 [INFO] AutoProgram:trigger_flow1:502 - 觸發Flow1取料作業
2025-07-17 00:51:50 [INFO] AutoProgram:trigger_flow1:503 - 目標座標: (-75.81, 308.98)
2025-07-17 00:51:50 [INFO] AutoProgram:trigger_flow1:518 - Flow1已觸發 (第15次)
2025-07-17 00:51:50 [INFO] AutoProgram:trigger_flow1:519 - Flow1將從AutoProgram寄存器讀取座標
2025-07-17 00:51:50 [INFO] AutoProgram:coordination_cycle:664 - Flow1已觸發 (座標已準備)
2025-07-17 00:51:50 [INFO] AutoProgram:trigger_flow1:518 - Flow1已觸發 (第16次)
2025-07-17 00:51:50 [INFO] AutoProgram:trigger_flow1:519 - Flow1將從AutoProgram寄存器讀取座標
2025-07-17 00:51:50 [INFO] AutoProgram:coordination_cycle:664 - Flow1已觸發 (座標已準備)
2025-07-17 00:51:50 [DEBUG] AutoProgram:coordination_cycle:607 - prepare_done=False，開始處理新週期
2025-07-17 00:51:50 [DEBUG] AutoProgram:coordination_cycle:660 - 座標已準備，檢查Flow1觸發狀態...
2025-07-17 00:51:50 [INFO] AutoProgram:trigger_flow1:502 - 觸發Flow1取料作業
2025-07-17 00:51:50 [INFO] AutoProgram:trigger_flow1:503 - 目標座標: (-75.81, 308.98)
2025-07-17 00:51:50 [DEBUG] AutoProgram:coordination_cycle:607 - prepare_done=False，開始處理新週期
2025-07-17 00:51:50 [DEBUG] AutoProgram:coordination_cycle:660 - 座標已準備，檢查Flow1觸發狀態...
2025-07-17 00:51:50 [INFO] AutoProgram:trigger_flow1:502 - 觸發Flow1取料作業
2025-07-17 00:51:50 [INFO] AutoProgram:trigger_flow1:503 - 目標座標: (-75.81, 308.98)
2025-07-17 00:51:50 [INFO] AutoProgram:trigger_flow1:518 - Flow1已觸發 (第17次)
2025-07-17 00:51:50 [INFO] AutoProgram:trigger_flow1:519 - Flow1將從AutoProgram寄存器讀取座標
2025-07-17 00:51:50 [INFO] AutoProgram:coordination_cycle:664 - Flow1已觸發 (座標已準備)
2025-07-17 00:51:50 [INFO] AutoProgram:trigger_flow1:518 - Flow1已觸發 (第18次)
2025-07-17 00:51:50 [INFO] AutoProgram:trigger_flow1:519 - Flow1將從AutoProgram寄存器讀取座標
2025-07-17 00:51:50 [INFO] AutoProgram:coordination_cycle:664 - Flow1已觸發 (座標已準備)
2025-07-17 00:51:50 [DEBUG] AutoProgram:coordination_cycle:607 - prepare_done=False，開始處理新週期
2025-07-17 00:51:50 [DEBUG] AutoProgram:coordination_cycle:660 - 座標已準備，檢查Flow1觸發狀態...
2025-07-17 00:51:50 [INFO] AutoProgram:trigger_flow1:502 - 觸發Flow1取料作業
2025-07-17 00:51:50 [INFO] AutoProgram:trigger_flow1:503 - 目標座標: (-75.81, 308.98)
2025-07-17 00:51:50 [DEBUG] AutoProgram:coordination_cycle:607 - prepare_done=False，開始處理新週期
2025-07-17 00:51:50 [DEBUG] AutoProgram:coordination_cycle:660 - 座標已準備，檢查Flow1觸發狀態...
2025-07-17 00:51:50 [INFO] AutoProgram:trigger_flow1:502 - 觸發Flow1取料作業
2025-07-17 00:51:50 [INFO] AutoProgram:trigger_flow1:503 - 目標座標: (-75.81, 308.98)
2025-07-17 00:51:50 [INFO] AutoProgram:trigger_flow1:518 - Flow1已觸發 (第19次)
2025-07-17 00:51:50 [INFO] AutoProgram:trigger_flow1:519 - Flow1將從AutoProgram寄存器讀取座標
2025-07-17 00:51:50 [INFO] AutoProgram:coordination_cycle:664 - Flow1已觸發 (座標已準備)
2025-07-17 00:51:50 [INFO] AutoProgram:trigger_flow1:518 - Flow1已觸發 (第20次)
2025-07-17 00:51:50 [INFO] AutoProgram:trigger_flow1:519 - Flow1將從AutoProgram寄存器讀取座標
2025-07-17 00:51:50 [INFO] AutoProgram:coordination_cycle:664 - Flow1已觸發 (座標已準備)
2025-07-17 00:51:51 [DEBUG] AutoProgram:coordination_cycle:607 - prepare_done=False，開始處理新週期
2025-07-17 00:51:51 [DEBUG] AutoProgram:coordination_cycle:660 - 座標已準備，檢查Flow1觸發狀態...
2025-07-17 00:51:51 [INFO] AutoProgram:trigger_flow1:502 - 觸發Flow1取料作業
2025-07-17 00:51:51 [INFO] AutoProgram:trigger_flow1:503 - 目標座標: (-75.81, 308.98)
2025-07-17 00:51:51 [DEBUG] AutoProgram:coordination_cycle:607 - prepare_done=False，開始處理新週期
2025-07-17 00:51:51 [DEBUG] AutoProgram:coordination_cycle:660 - 座標已準備，檢查Flow1觸發狀態...
2025-07-17 00:51:51 [INFO] AutoProgram:trigger_flow1:502 - 觸發Flow1取料作業
2025-07-17 00:51:51 [INFO] AutoProgram:trigger_flow1:503 - 目標座標: (-75.81, 308.98)
2025-07-17 00:51:51 [INFO] AutoProgram:trigger_flow1:518 - Flow1已觸發 (第21次)
2025-07-17 00:51:51 [INFO] AutoProgram:trigger_flow1:519 - Flow1將從AutoProgram寄存器讀取座標
2025-07-17 00:51:51 [INFO] AutoProgram:coordination_cycle:664 - Flow1已觸發 (座標已準備)
2025-07-17 00:51:51 [INFO] AutoProgram:trigger_flow1:518 - Flow1已觸發 (第22次)
2025-07-17 00:51:51 [INFO] AutoProgram:trigger_flow1:519 - Flow1將從AutoProgram寄存器讀取座標
2025-07-17 00:51:51 [INFO] AutoProgram:coordination_cycle:664 - Flow1已觸發 (座標已準備)
2025-07-17 00:51:51 [DEBUG] AutoProgram:coordination_cycle:607 - prepare_done=False，開始處理新週期
2025-07-17 00:51:51 [DEBUG] AutoProgram:coordination_cycle:660 - 座標已準備，檢查Flow1觸發狀態...
2025-07-17 00:51:51 [INFO] AutoProgram:trigger_flow1:502 - 觸發Flow1取料作業
2025-07-17 00:51:51 [INFO] AutoProgram:trigger_flow1:503 - 目標座標: (-75.81, 308.98)
2025-07-17 00:51:51 [DEBUG] AutoProgram:coordination_cycle:607 - prepare_done=False，開始處理新週期
2025-07-17 00:51:51 [DEBUG] AutoProgram:coordination_cycle:660 - 座標已準備，檢查Flow1觸發狀態...
2025-07-17 00:51:51 [INFO] AutoProgram:trigger_flow1:502 - 觸發Flow1取料作業
2025-07-17 00:51:51 [INFO] AutoProgram:trigger_flow1:503 - 目標座標: (-75.81, 308.98)
2025-07-17 00:51:51 [INFO] AutoProgram:trigger_flow1:518 - Flow1已觸發 (第23次)
2025-07-17 00:51:51 [INFO] AutoProgram:trigger_flow1:519 - Flow1將從AutoProgram寄存器讀取座標
2025-07-17 00:51:51 [INFO] AutoProgram:coordination_cycle:664 - Flow1已觸發 (座標已準備)
2025-07-17 00:51:51 [INFO] AutoProgram:trigger_flow1:518 - Flow1已觸發 (第24次)
2025-07-17 00:51:51 [INFO] AutoProgram:trigger_flow1:519 - Flow1將從AutoProgram寄存器讀取座標
2025-07-17 00:51:51 [INFO] AutoProgram:coordination_cycle:664 - Flow1已觸發 (座標已準備)
2025-07-17 00:51:51 [DEBUG] AutoProgram:coordination_cycle:607 - prepare_done=False，開始處理新週期
2025-07-17 00:51:51 [DEBUG] AutoProgram:coordination_cycle:660 - 座標已準備，檢查Flow1觸發狀態...
2025-07-17 00:51:51 [INFO] AutoProgram:trigger_flow1:502 - 觸發Flow1取料作業
2025-07-17 00:51:51 [INFO] AutoProgram:trigger_flow1:503 - 目標座標: (-75.81, 308.98)
2025-07-17 00:51:51 [DEBUG] AutoProgram:coordination_cycle:607 - prepare_done=False，開始處理新週期
2025-07-17 00:51:51 [DEBUG] AutoProgram:coordination_cycle:660 - 座標已準備，檢查Flow1觸發狀態...
2025-07-17 00:51:51 [INFO] AutoProgram:trigger_flow1:502 - 觸發Flow1取料作業
2025-07-17 00:51:51 [INFO] AutoProgram:trigger_flow1:503 - 目標座標: (-75.81, 308.98)
2025-07-17 00:51:51 [INFO] AutoProgram:trigger_flow1:518 - Flow1已觸發 (第25次)
2025-07-17 00:51:51 [INFO] AutoProgram:trigger_flow1:519 - Flow1將從AutoProgram寄存器讀取座標
2025-07-17 00:51:51 [INFO] AutoProgram:coordination_cycle:664 - Flow1已觸發 (座標已準備)
2025-07-17 00:51:51 [INFO] AutoProgram:trigger_flow1:518 - Flow1已觸發 (第26次)
2025-07-17 00:51:51 [INFO] AutoProgram:trigger_flow1:519 - Flow1將從AutoProgram寄存器讀取座標
2025-07-17 00:51:51 [INFO] AutoProgram:coordination_cycle:664 - Flow1已觸發 (座標已準備)
2025-07-17 00:51:52 [DEBUG] AutoProgram:coordination_cycle:607 - prepare_done=False，開始處理新週期
2025-07-17 00:51:52 [DEBUG] AutoProgram:coordination_cycle:660 - 座標已準備，檢查Flow1觸發狀態...
2025-07-17 00:51:52 [INFO] AutoProgram:trigger_flow1:502 - 觸發Flow1取料作業
2025-07-17 00:51:52 [INFO] AutoProgram:trigger_flow1:503 - 目標座標: (-75.81, 308.98)
2025-07-17 00:51:52 [DEBUG] AutoProgram:coordination_cycle:607 - prepare_done=False，開始處理新週期
2025-07-17 00:51:52 [DEBUG] AutoProgram:coordination_cycle:660 - 座標已準備，檢查Flow1觸發狀態...
2025-07-17 00:51:52 [INFO] AutoProgram:trigger_flow1:502 - 觸發Flow1取料作業
2025-07-17 00:51:52 [INFO] AutoProgram:trigger_flow1:503 - 目標座標: (-75.81, 308.98)
2025-07-17 00:51:52 [INFO] AutoProgram:trigger_flow1:518 - Flow1已觸發 (第27次)
2025-07-17 00:51:52 [INFO] AutoProgram:trigger_flow1:519 - Flow1將從AutoProgram寄存器讀取座標
2025-07-17 00:51:52 [INFO] AutoProgram:coordination_cycle:664 - Flow1已觸發 (座標已準備)
2025-07-17 00:51:52 [INFO] AutoProgram:trigger_flow1:518 - Flow1已觸發 (第28次)
2025-07-17 00:51:52 [INFO] AutoProgram:trigger_flow1:519 - Flow1將從AutoProgram寄存器讀取座標
2025-07-17 00:51:52 [INFO] AutoProgram:coordination_cycle:664 - Flow1已觸發 (座標已準備)
2025-07-17 00:51:52 [DEBUG] AutoProgram:coordination_cycle:607 - prepare_done=False，開始處理新週期
2025-07-17 00:51:52 [DEBUG] AutoProgram:coordination_cycle:660 - 座標已準備，檢查Flow1觸發狀態...
2025-07-17 00:51:52 [INFO] AutoProgram:trigger_flow1:502 - 觸發Flow1取料作業
2025-07-17 00:51:52 [INFO] AutoProgram:trigger_flow1:503 - 目標座標: (-75.81, 308.98)
2025-07-17 00:51:52 [DEBUG] AutoProgram:coordination_cycle:607 - prepare_done=False，開始處理新週期
2025-07-17 00:51:52 [DEBUG] AutoProgram:coordination_cycle:660 - 座標已準備，檢查Flow1觸發狀態...
2025-07-17 00:51:52 [INFO] AutoProgram:trigger_flow1:502 - 觸發Flow1取料作業
2025-07-17 00:51:52 [INFO] AutoProgram:trigger_flow1:503 - 目標座標: (-75.81, 308.98)
2025-07-17 00:51:52 [INFO] AutoProgram:trigger_flow1:518 - Flow1已觸發 (第29次)
2025-07-17 00:51:52 [INFO] AutoProgram:trigger_flow1:519 - Flow1將從AutoProgram寄存器讀取座標
2025-07-17 00:51:52 [INFO] AutoProgram:coordination_cycle:664 - Flow1已觸發 (座標已準備)
2025-07-17 00:51:52 [INFO] AutoProgram:trigger_flow1:518 - Flow1已觸發 (第30次)
2025-07-17 00:51:52 [INFO] AutoProgram:trigger_flow1:519 - Flow1將從AutoProgram寄存器讀取座標
2025-07-17 00:51:52 [INFO] AutoProgram:coordination_cycle:664 - Flow1已觸發 (座標已準備)
2025-07-17 00:51:52 [DEBUG] AutoProgram:coordination_cycle:607 - prepare_done=False，開始處理新週期
2025-07-17 00:51:52 [DEBUG] AutoProgram:coordination_cycle:660 - 座標已準備，檢查Flow1觸發狀態...
2025-07-17 00:51:52 [INFO] AutoProgram:trigger_flow1:502 - 觸發Flow1取料作業
2025-07-17 00:51:52 [INFO] AutoProgram:trigger_flow1:503 - 目標座標: (-75.81, 308.98)
2025-07-17 00:51:52 [DEBUG] AutoProgram:coordination_cycle:607 - prepare_done=False，開始處理新週期
2025-07-17 00:51:52 [DEBUG] AutoProgram:coordination_cycle:660 - 座標已準備，檢查Flow1觸發狀態...
2025-07-17 00:51:52 [INFO] AutoProgram:trigger_flow1:502 - 觸發Flow1取料作業
2025-07-17 00:51:52 [INFO] AutoProgram:trigger_flow1:503 - 目標座標: (-75.81, 308.98)
2025-07-17 00:51:52 [INFO] AutoProgram:trigger_flow1:518 - Flow1已觸發 (第31次)
2025-07-17 00:51:52 [INFO] AutoProgram:trigger_flow1:519 - Flow1將從AutoProgram寄存器讀取座標
2025-07-17 00:51:52 [INFO] AutoProgram:coordination_cycle:664 - Flow1已觸發 (座標已準備)
2025-07-17 00:51:52 [INFO] AutoProgram:trigger_flow1:518 - Flow1已觸發 (第32次)
2025-07-17 00:51:52 [INFO] AutoProgram:trigger_flow1:519 - Flow1將從AutoProgram寄存器讀取座標
2025-07-17 00:51:52 [INFO] AutoProgram:coordination_cycle:664 - Flow1已觸發 (座標已準備)
2025-07-17 00:51:52 [DEBUG] AutoProgram:coordination_cycle:607 - prepare_done=False，開始處理新週期
2025-07-17 00:51:52 [DEBUG] AutoProgram:coordination_cycle:660 - 座標已準備，檢查Flow1觸發狀態...
2025-07-17 00:51:52 [INFO] AutoProgram:trigger_flow1:502 - 觸發Flow1取料作業
2025-07-17 00:51:52 [INFO] AutoProgram:trigger_flow1:503 - 目標座標: (-75.81, 308.98)
2025-07-17 00:51:53 [DEBUG] AutoProgram:coordination_cycle:607 - prepare_done=False，開始處理新週期
2025-07-17 00:51:53 [DEBUG] AutoProgram:coordination_cycle:660 - 座標已準備，檢查Flow1觸發狀態...
2025-07-17 00:51:53 [INFO] AutoProgram:trigger_flow1:502 - 觸發Flow1取料作業
2025-07-17 00:51:53 [INFO] AutoProgram:trigger_flow1:503 - 目標座標: (-75.81, 308.98)
2025-07-17 00:51:53 [INFO] AutoProgram:trigger_flow1:518 - Flow1已觸發 (第33次)
2025-07-17 00:51:53 [INFO] AutoProgram:trigger_flow1:519 - Flow1將從AutoProgram寄存器讀取座標
2025-07-17 00:51:53 [INFO] AutoProgram:coordination_cycle:664 - Flow1已觸發 (座標已準備)
2025-07-17 00:51:53 [INFO] AutoProgram:trigger_flow1:518 - Flow1已觸發 (第34次)
2025-07-17 00:51:53 [INFO] AutoProgram:trigger_flow1:519 - Flow1將從AutoProgram寄存器讀取座標
2025-07-17 00:51:53 [INFO] AutoProgram:coordination_cycle:664 - Flow1已觸發 (座標已準備)
2025-07-17 00:51:53 [DEBUG] AutoProgram:coordination_cycle:607 - prepare_done=False，開始處理新週期
2025-07-17 00:51:53 [DEBUG] AutoProgram:coordination_cycle:660 - 座標已準備，檢查Flow1觸發狀態...
2025-07-17 00:51:53 [INFO] AutoProgram:trigger_flow1:502 - 觸發Flow1取料作業
2025-07-17 00:51:53 [INFO] AutoProgram:trigger_flow1:503 - 目標座標: (-75.81, 308.98)
2025-07-17 00:51:53 [DEBUG] AutoProgram:coordination_cycle:607 - prepare_done=False，開始處理新週期
2025-07-17 00:51:53 [DEBUG] AutoProgram:coordination_cycle:660 - 座標已準備，檢查Flow1觸發狀態...
2025-07-17 00:51:53 [INFO] AutoProgram:trigger_flow1:502 - 觸發Flow1取料作業
2025-07-17 00:51:53 [INFO] AutoProgram:trigger_flow1:503 - 目標座標: (-75.81, 308.98)
2025-07-17 00:51:53 [INFO] AutoProgram:trigger_flow1:518 - Flow1已觸發 (第35次)
2025-07-17 00:51:53 [INFO] AutoProgram:trigger_flow1:519 - Flow1將從AutoProgram寄存器讀取座標
2025-07-17 00:51:53 [INFO] AutoProgram:coordination_cycle:664 - Flow1已觸發 (座標已準備)
2025-07-17 00:51:53 [INFO] AutoProgram:trigger_flow1:518 - Flow1已觸發 (第36次)
2025-07-17 00:51:53 [INFO] AutoProgram:trigger_flow1:519 - Flow1將從AutoProgram寄存器讀取座標
2025-07-17 00:51:53 [INFO] AutoProgram:coordination_cycle:664 - Flow1已觸發 (座標已準備)
2025-07-17 00:51:53 [DEBUG] AutoProgram:coordination_cycle:607 - prepare_done=False，開始處理新週期
2025-07-17 00:51:53 [DEBUG] AutoProgram:coordination_cycle:660 - 座標已準備，檢查Flow1觸發狀態...
2025-07-17 00:51:53 [INFO] AutoProgram:trigger_flow1:502 - 觸發Flow1取料作業
2025-07-17 00:51:53 [INFO] AutoProgram:trigger_flow1:503 - 目標座標: (-75.81, 308.98)
2025-07-17 00:51:53 [DEBUG] AutoProgram:coordination_cycle:607 - prepare_done=False，開始處理新週期
2025-07-17 00:51:53 [DEBUG] AutoProgram:coordination_cycle:660 - 座標已準備，檢查Flow1觸發狀態...
2025-07-17 00:51:53 [INFO] AutoProgram:trigger_flow1:502 - 觸發Flow1取料作業
2025-07-17 00:51:53 [INFO] AutoProgram:trigger_flow1:503 - 目標座標: (-75.81, 308.98)
2025-07-17 00:51:53 [INFO] AutoProgram:trigger_flow1:518 - Flow1已觸發 (第37次)
2025-07-17 00:51:53 [INFO] AutoProgram:trigger_flow1:519 - Flow1將從AutoProgram寄存器讀取座標
2025-07-17 00:51:53 [INFO] AutoProgram:coordination_cycle:664 - Flow1已觸發 (座標已準備)
2025-07-17 00:51:53 [INFO] AutoProgram:trigger_flow1:518 - Flow1已觸發 (第38次)
2025-07-17 00:51:53 [INFO] AutoProgram:trigger_flow1:519 - Flow1將從AutoProgram寄存器讀取座標
2025-07-17 00:51:53 [INFO] AutoProgram:coordination_cycle:664 - Flow1已觸發 (座標已準備)
2025-07-17 00:51:53 [DEBUG] AutoProgram:coordination_cycle:607 - prepare_done=False，開始處理新週期
2025-07-17 00:51:53 [DEBUG] AutoProgram:coordination_cycle:660 - 座標已準備，檢查Flow1觸發狀態...
2025-07-17 00:51:53 [INFO] AutoProgram:trigger_flow1:502 - 觸發Flow1取料作業
2025-07-17 00:51:53 [INFO] AutoProgram:trigger_flow1:503 - 目標座標: (-75.81, 308.98)
2025-07-17 00:51:53 [DEBUG] AutoProgram:coordination_cycle:607 - prepare_done=False，開始處理新週期
2025-07-17 00:51:53 [DEBUG] AutoProgram:coordination_cycle:660 - 座標已準備，檢查Flow1觸發狀態...
2025-07-17 00:51:53 [INFO] AutoProgram:trigger_flow1:502 - 觸發Flow1取料作業
2025-07-17 00:51:53 [INFO] AutoProgram:trigger_flow1:503 - 目標座標: (-75.81, 308.98)
2025-07-17 00:51:53 [INFO] AutoProgram:trigger_flow1:518 - Flow1已觸發 (第39次)
2025-07-17 00:51:53 [INFO] AutoProgram:trigger_flow1:519 - Flow1將從AutoProgram寄存器讀取座標
2025-07-17 00:51:53 [INFO] AutoProgram:coordination_cycle:664 - Flow1已觸發 (座標已準備)
2025-07-17 00:51:54 [INFO] AutoProgram:trigger_flow1:518 - Flow1已觸發 (第40次)
2025-07-17 00:51:54 [INFO] AutoProgram:trigger_flow1:519 - Flow1將從AutoProgram寄存器讀取座標
2025-07-17 00:51:54 [INFO] AutoProgram:coordination_cycle:664 - Flow1已觸發 (座標已準備)
2025-07-17 00:51:54 [DEBUG] AutoProgram:coordination_cycle:607 - prepare_done=False，開始處理新週期
2025-07-17 00:51:54 [DEBUG] AutoProgram:coordination_cycle:660 - 座標已準備，檢查Flow1觸發狀態...
2025-07-17 00:51:54 [INFO] AutoProgram:trigger_flow1:502 - 觸發Flow1取料作業
2025-07-17 00:51:54 [INFO] AutoProgram:trigger_flow1:503 - 目標座標: (-75.81, 308.98)
2025-07-17 00:51:54 [DEBUG] AutoProgram:coordination_cycle:607 - prepare_done=False，開始處理新週期
2025-07-17 00:51:54 [DEBUG] AutoProgram:coordination_cycle:660 - 座標已準備，檢查Flow1觸發狀態...
2025-07-17 00:51:54 [INFO] AutoProgram:trigger_flow1:502 - 觸發Flow1取料作業
2025-07-17 00:51:54 [INFO] AutoProgram:trigger_flow1:503 - 目標座標: (-75.81, 308.98)
2025-07-17 00:51:54 [INFO] AutoProgram:trigger_flow1:518 - Flow1已觸發 (第41次)
2025-07-17 00:51:54 [INFO] AutoProgram:trigger_flow1:519 - Flow1將從AutoProgram寄存器讀取座標
2025-07-17 00:51:54 [INFO] AutoProgram:coordination_cycle:664 - Flow1已觸發 (座標已準備)
2025-07-17 00:51:54 [INFO] AutoProgram:trigger_flow1:518 - Flow1已觸發 (第42次)
2025-07-17 00:51:54 [INFO] AutoProgram:trigger_flow1:519 - Flow1將從AutoProgram寄存器讀取座標
2025-07-17 00:51:54 [INFO] AutoProgram:coordination_cycle:664 - Flow1已觸發 (座標已準備)
2025-07-17 00:51:54 [DEBUG] AutoProgram:coordination_cycle:607 - prepare_done=False，開始處理新週期
2025-07-17 00:51:54 [DEBUG] AutoProgram:coordination_cycle:660 - 座標已準備，檢查Flow1觸發狀態...
2025-07-17 00:51:54 [INFO] AutoProgram:trigger_flow1:502 - 觸發Flow1取料作業
2025-07-17 00:51:54 [INFO] AutoProgram:trigger_flow1:503 - 目標座標: (-75.81, 308.98)
2025-07-17 00:51:54 [DEBUG] AutoProgram:coordination_cycle:607 - prepare_done=False，開始處理新週期
2025-07-17 00:51:54 [DEBUG] AutoProgram:coordination_cycle:660 - 座標已準備，檢查Flow1觸發狀態...
2025-07-17 00:51:54 [INFO] AutoProgram:trigger_flow1:502 - 觸發Flow1取料作業
2025-07-17 00:51:54 [INFO] AutoProgram:trigger_flow1:503 - 目標座標: (-75.81, 308.98)
2025-07-17 00:51:54 [INFO] AutoProgram:trigger_flow1:518 - Flow1已觸發 (第43次)
2025-07-17 00:51:54 [INFO] AutoProgram:trigger_flow1:519 - Flow1將從AutoProgram寄存器讀取座標
2025-07-17 00:51:54 [INFO] AutoProgram:coordination_cycle:664 - Flow1已觸發 (座標已準備)
2025-07-17 00:51:54 [INFO] AutoProgram:trigger_flow1:518 - Flow1已觸發 (第44次)
2025-07-17 00:51:54 [INFO] AutoProgram:trigger_flow1:519 - Flow1將從AutoProgram寄存器讀取座標
2025-07-17 00:51:54 [INFO] AutoProgram:coordination_cycle:664 - Flow1已觸發 (座標已準備)
2025-07-17 00:51:54 [DEBUG] AutoProgram:coordination_cycle:607 - prepare_done=False，開始處理新週期
2025-07-17 00:51:54 [DEBUG] AutoProgram:coordination_cycle:660 - 座標已準備，檢查Flow1觸發狀態...
2025-07-17 00:51:54 [INFO] AutoProgram:trigger_flow1:502 - 觸發Flow1取料作業
2025-07-17 00:51:54 [INFO] AutoProgram:trigger_flow1:503 - 目標座標: (-75.81, 308.98)
2025-07-17 00:51:54 [DEBUG] AutoProgram:coordination_cycle:607 - prepare_done=False，開始處理新週期
2025-07-17 00:51:54 [DEBUG] AutoProgram:coordination_cycle:660 - 座標已準備，檢查Flow1觸發狀態...
2025-07-17 00:51:54 [INFO] AutoProgram:trigger_flow1:502 - 觸發Flow1取料作業
2025-07-17 00:51:54 [INFO] AutoProgram:trigger_flow1:503 - 目標座標: (-75.81, 308.98)
2025-07-17 00:51:54 [INFO] AutoProgram:trigger_flow1:518 - Flow1已觸發 (第45次)
2025-07-17 00:51:54 [INFO] AutoProgram:trigger_flow1:519 - Flow1將從AutoProgram寄存器讀取座標
2025-07-17 00:51:54 [INFO] AutoProgram:coordination_cycle:664 - Flow1已觸發 (座標已準備)
2025-07-17 00:51:54 [INFO] AutoProgram:trigger_flow1:518 - Flow1已觸發 (第46次)
2025-07-17 00:51:54 [INFO] AutoProgram:trigger_flow1:519 - Flow1將從AutoProgram寄存器讀取座標
2025-07-17 00:51:54 [INFO] AutoProgram:coordination_cycle:664 - Flow1已觸發 (座標已準備)
2025-07-17 00:51:55 [DEBUG] AutoProgram:coordination_cycle:607 - prepare_done=False，開始處理新週期
2025-07-17 00:51:55 [DEBUG] AutoProgram:coordination_cycle:660 - 座標已準備，檢查Flow1觸發狀態...
2025-07-17 00:51:55 [INFO] AutoProgram:trigger_flow1:502 - 觸發Flow1取料作業
2025-07-17 00:51:55 [INFO] AutoProgram:trigger_flow1:503 - 目標座標: (-75.81, 308.98)
2025-07-17 00:51:55 [DEBUG] AutoProgram:coordination_cycle:607 - prepare_done=False，開始處理新週期
2025-07-17 00:51:55 [DEBUG] AutoProgram:coordination_cycle:660 - 座標已準備，檢查Flow1觸發狀態...
2025-07-17 00:51:55 [INFO] AutoProgram:trigger_flow1:502 - 觸發Flow1取料作業
2025-07-17 00:51:55 [INFO] AutoProgram:trigger_flow1:503 - 目標座標: (-75.81, 308.98)
2025-07-17 00:51:55 [INFO] AutoProgram:trigger_flow1:518 - Flow1已觸發 (第47次)
2025-07-17 00:51:55 [INFO] AutoProgram:trigger_flow1:519 - Flow1將從AutoProgram寄存器讀取座標
2025-07-17 00:51:55 [INFO] AutoProgram:coordination_cycle:664 - Flow1已觸發 (座標已準備)
2025-07-17 00:51:55 [INFO] AutoProgram:trigger_flow1:518 - Flow1已觸發 (第48次)
2025-07-17 00:51:55 [INFO] AutoProgram:trigger_flow1:519 - Flow1將從AutoProgram寄存器讀取座標
2025-07-17 00:51:55 [INFO] AutoProgram:coordination_cycle:664 - Flow1已觸發 (座標已準備)
2025-07-17 00:51:55 [DEBUG] AutoProgram:coordination_cycle:575 - 週期50: prepare_done=False, coords_ready=True, Flow1運行中=False, DR_F可用=True, 自動程序啟用=True
2025-07-17 00:51:55 [DEBUG] AutoProgram:coordination_cycle:607 - prepare_done=False，開始處理新週期
2025-07-17 00:51:55 [DEBUG] AutoProgram:coordination_cycle:660 - 座標已準備，檢查Flow1觸發狀態...
2025-07-17 00:51:55 [INFO] AutoProgram:trigger_flow1:502 - 觸發Flow1取料作業
2025-07-17 00:51:55 [INFO] AutoProgram:trigger_flow1:503 - 目標座標: (-75.81, 308.98)
2025-07-17 00:51:55 [DEBUG] AutoProgram:coordination_cycle:607 - prepare_done=False，開始處理新週期
2025-07-17 00:51:55 [DEBUG] AutoProgram:coordination_cycle:660 - 座標已準備，檢查Flow1觸發狀態...
2025-07-17 00:51:55 [INFO] AutoProgram:trigger_flow1:502 - 觸發Flow1取料作業
2025-07-17 00:51:55 [INFO] AutoProgram:trigger_flow1:503 - 目標座標: (-75.81, 308.98)
2025-07-17 00:51:55 [INFO] AutoProgram:trigger_flow1:518 - Flow1已觸發 (第49次)
2025-07-17 00:51:55 [INFO] AutoProgram:trigger_flow1:519 - Flow1將從AutoProgram寄存器讀取座標
2025-07-17 00:51:55 [INFO] AutoProgram:coordination_cycle:664 - Flow1已觸發 (座標已準備)
2025-07-17 00:51:55 [INFO] AutoProgram:trigger_flow1:518 - Flow1已觸發 (第50次)
2025-07-17 00:51:55 [INFO] AutoProgram:trigger_flow1:519 - Flow1將從AutoProgram寄存器讀取座標
2025-07-17 00:51:55 [INFO] AutoProgram:coordination_cycle:664 - Flow1已觸發 (座標已準備)
2025-07-17 00:51:55 [DEBUG] AutoProgram:coordination_cycle:607 - prepare_done=False，開始處理新週期
2025-07-17 00:51:55 [DEBUG] AutoProgram:coordination_cycle:660 - 座標已準備，檢查Flow1觸發狀態...
2025-07-17 00:51:55 [INFO] AutoProgram:trigger_flow1:502 - 觸發Flow1取料作業
2025-07-17 00:51:55 [INFO] AutoProgram:trigger_flow1:503 - 目標座標: (-75.81, 308.98)
2025-07-17 00:51:55 [DEBUG] AutoProgram:coordination_cycle:607 - prepare_done=False，開始處理新週期
2025-07-17 00:51:55 [DEBUG] AutoProgram:coordination_cycle:660 - 座標已準備，檢查Flow1觸發狀態...
2025-07-17 00:51:55 [INFO] AutoProgram:trigger_flow1:502 - 觸發Flow1取料作業
2025-07-17 00:51:55 [INFO] AutoProgram:trigger_flow1:503 - 目標座標: (-75.81, 308.98)
2025-07-17 00:51:55 [INFO] AutoProgram:trigger_flow1:518 - Flow1已觸發 (第51次)
2025-07-17 00:51:55 [INFO] AutoProgram:trigger_flow1:519 - Flow1將從AutoProgram寄存器讀取座標
2025-07-17 00:51:55 [INFO] AutoProgram:coordination_cycle:664 - Flow1已觸發 (座標已準備)
2025-07-17 00:51:55 [INFO] AutoProgram:trigger_flow1:518 - Flow1已觸發 (第52次)
2025-07-17 00:51:55 [INFO] AutoProgram:trigger_flow1:519 - Flow1將從AutoProgram寄存器讀取座標
2025-07-17 00:51:55 [INFO] AutoProgram:coordination_cycle:664 - Flow1已觸發 (座標已準備)
2025-07-17 00:51:55 [DEBUG] AutoProgram:coordination_cycle:607 - prepare_done=False，開始處理新週期
2025-07-17 00:51:55 [DEBUG] AutoProgram:coordination_cycle:660 - 座標已準備，檢查Flow1觸發狀態...
2025-07-17 00:51:55 [INFO] AutoProgram:trigger_flow1:502 - 觸發Flow1取料作業
2025-07-17 00:51:55 [INFO] AutoProgram:trigger_flow1:503 - 目標座標: (-75.81, 308.98)
2025-07-17 00:51:56 [DEBUG] AutoProgram:coordination_cycle:607 - prepare_done=False，開始處理新週期
2025-07-17 00:51:56 [DEBUG] AutoProgram:coordination_cycle:660 - 座標已準備，檢查Flow1觸發狀態...
2025-07-17 00:51:56 [INFO] AutoProgram:trigger_flow1:502 - 觸發Flow1取料作業
2025-07-17 00:51:56 [INFO] AutoProgram:trigger_flow1:503 - 目標座標: (-75.81, 308.98)
2025-07-17 00:51:56 [INFO] AutoProgram:trigger_flow1:518 - Flow1已觸發 (第53次)
2025-07-17 00:51:56 [INFO] AutoProgram:trigger_flow1:519 - Flow1將從AutoProgram寄存器讀取座標
2025-07-17 00:51:56 [INFO] AutoProgram:coordination_cycle:664 - Flow1已觸發 (座標已準備)
2025-07-17 00:51:56 [INFO] AutoProgram:trigger_flow1:518 - Flow1已觸發 (第54次)
2025-07-17 00:51:56 [INFO] AutoProgram:trigger_flow1:519 - Flow1將從AutoProgram寄存器讀取座標
2025-07-17 00:51:56 [INFO] AutoProgram:coordination_cycle:664 - Flow1已觸發 (座標已準備)
2025-07-17 00:51:56 [DEBUG] AutoProgram:coordination_cycle:607 - prepare_done=False，開始處理新週期
2025-07-17 00:51:56 [DEBUG] AutoProgram:coordination_cycle:660 - 座標已準備，檢查Flow1觸發狀態...
2025-07-17 00:51:56 [INFO] AutoProgram:trigger_flow1:502 - 觸發Flow1取料作業
2025-07-17 00:51:56 [INFO] AutoProgram:trigger_flow1:503 - 目標座標: (-75.81, 308.98)
2025-07-17 00:51:56 [DEBUG] AutoProgram:coordination_cycle:607 - prepare_done=False，開始處理新週期
2025-07-17 00:51:56 [DEBUG] AutoProgram:coordination_cycle:660 - 座標已準備，檢查Flow1觸發狀態...
2025-07-17 00:51:56 [INFO] AutoProgram:trigger_flow1:502 - 觸發Flow1取料作業
2025-07-17 00:51:56 [INFO] AutoProgram:trigger_flow1:503 - 目標座標: (-75.81, 308.98)
2025-07-17 00:51:56 [INFO] AutoProgram:trigger_flow1:518 - Flow1已觸發 (第55次)
2025-07-17 00:51:56 [INFO] AutoProgram:trigger_flow1:519 - Flow1將從AutoProgram寄存器讀取座標
2025-07-17 00:51:56 [INFO] AutoProgram:coordination_cycle:664 - Flow1已觸發 (座標已準備)
2025-07-17 00:51:56 [INFO] AutoProgram:trigger_flow1:518 - Flow1已觸發 (第56次)
2025-07-17 00:51:56 [INFO] AutoProgram:trigger_flow1:519 - Flow1將從AutoProgram寄存器讀取座標
2025-07-17 00:51:56 [INFO] AutoProgram:coordination_cycle:664 - Flow1已觸發 (座標已準備)
2025-07-17 00:51:56 [DEBUG] AutoProgram:coordination_cycle:607 - prepare_done=False，開始處理新週期
2025-07-17 00:51:56 [DEBUG] AutoProgram:coordination_cycle:660 - 座標已準備，檢查Flow1觸發狀態...
2025-07-17 00:51:56 [INFO] AutoProgram:trigger_flow1:502 - 觸發Flow1取料作業
2025-07-17 00:51:56 [INFO] AutoProgram:trigger_flow1:503 - 目標座標: (-75.81, 308.98)
2025-07-17 00:51:56 [DEBUG] AutoProgram:coordination_cycle:607 - prepare_done=False，開始處理新週期
2025-07-17 00:51:56 [DEBUG] AutoProgram:coordination_cycle:660 - 座標已準備，檢查Flow1觸發狀態...
2025-07-17 00:51:56 [INFO] AutoProgram:trigger_flow1:502 - 觸發Flow1取料作業
2025-07-17 00:51:56 [INFO] AutoProgram:trigger_flow1:503 - 目標座標: (-75.81, 308.98)
2025-07-17 00:51:56 [INFO] AutoProgram:trigger_flow1:518 - Flow1已觸發 (第57次)
2025-07-17 00:51:56 [INFO] AutoProgram:trigger_flow1:519 - Flow1將從AutoProgram寄存器讀取座標
2025-07-17 00:51:56 [INFO] AutoProgram:coordination_cycle:664 - Flow1已觸發 (座標已準備)
2025-07-17 00:51:56 [INFO] AutoProgram:trigger_flow1:518 - Flow1已觸發 (第58次)
2025-07-17 00:51:56 [INFO] AutoProgram:trigger_flow1:519 - Flow1將從AutoProgram寄存器讀取座標
2025-07-17 00:51:56 [INFO] AutoProgram:coordination_cycle:664 - Flow1已觸發 (座標已準備)
2025-07-17 00:51:56 [DEBUG] AutoProgram:coordination_cycle:607 - prepare_done=False，開始處理新週期
2025-07-17 00:51:56 [DEBUG] AutoProgram:coordination_cycle:660 - 座標已準備，檢查Flow1觸發狀態...
2025-07-17 00:51:56 [INFO] AutoProgram:trigger_flow1:502 - 觸發Flow1取料作業
2025-07-17 00:51:56 [INFO] AutoProgram:trigger_flow1:503 - 目標座標: (-75.81, 308.98)
2025-07-17 00:51:56 [DEBUG] AutoProgram:coordination_cycle:607 - prepare_done=False，開始處理新週期
2025-07-17 00:51:56 [DEBUG] AutoProgram:coordination_cycle:660 - 座標已準備，檢查Flow1觸發狀態...
2025-07-17 00:51:56 [INFO] AutoProgram:trigger_flow1:502 - 觸發Flow1取料作業
2025-07-17 00:51:56 [INFO] AutoProgram:trigger_flow1:503 - 目標座標: (-75.81, 308.98)
2025-07-17 00:51:57 [INFO] AutoProgram:trigger_flow1:518 - Flow1已觸發 (第59次)
2025-07-17 00:51:57 [INFO] AutoProgram:trigger_flow1:519 - Flow1將從AutoProgram寄存器讀取座標
2025-07-17 00:51:57 [INFO] AutoProgram:coordination_cycle:664 - Flow1已觸發 (座標已準備)
2025-07-17 00:51:57 [INFO] AutoProgram:trigger_flow1:518 - Flow1已觸發 (第60次)
2025-07-17 00:51:57 [INFO] AutoProgram:trigger_flow1:519 - Flow1將從AutoProgram寄存器讀取座標
2025-07-17 00:51:57 [INFO] AutoProgram:coordination_cycle:664 - Flow1已觸發 (座標已準備)
2025-07-17 00:51:57 [DEBUG] AutoProgram:coordination_cycle:607 - prepare_done=False，開始處理新週期
2025-07-17 00:51:57 [DEBUG] AutoProgram:coordination_cycle:660 - 座標已準備，檢查Flow1觸發狀態...
2025-07-17 00:51:57 [INFO] AutoProgram:trigger_flow1:502 - 觸發Flow1取料作業
2025-07-17 00:51:57 [INFO] AutoProgram:trigger_flow1:503 - 目標座標: (-75.81, 308.98)
2025-07-17 00:51:57 [DEBUG] AutoProgram:coordination_cycle:607 - prepare_done=False，開始處理新週期
2025-07-17 00:51:57 [DEBUG] AutoProgram:coordination_cycle:660 - 座標已準備，檢查Flow1觸發狀態...
2025-07-17 00:51:57 [INFO] AutoProgram:trigger_flow1:502 - 觸發Flow1取料作業
2025-07-17 00:51:57 [INFO] AutoProgram:trigger_flow1:503 - 目標座標: (-75.81, 308.98)
2025-07-17 00:51:57 [INFO] AutoProgram:trigger_flow1:518 - Flow1已觸發 (第61次)
2025-07-17 00:51:57 [INFO] AutoProgram:trigger_flow1:519 - Flow1將從AutoProgram寄存器讀取座標
2025-07-17 00:51:57 [INFO] AutoProgram:coordination_cycle:664 - Flow1已觸發 (座標已準備)
2025-07-17 00:51:57 [INFO] AutoProgram:trigger_flow1:518 - Flow1已觸發 (第62次)
2025-07-17 00:51:57 [INFO] AutoProgram:trigger_flow1:519 - Flow1將從AutoProgram寄存器讀取座標
2025-07-17 00:51:57 [INFO] AutoProgram:coordination_cycle:664 - Flow1已觸發 (座標已準備)
2025-07-17 00:51:57 [DEBUG] AutoProgram:coordination_cycle:607 - prepare_done=False，開始處理新週期
2025-07-17 00:51:57 [DEBUG] AutoProgram:coordination_cycle:660 - 座標已準備，檢查Flow1觸發狀態...
2025-07-17 00:51:57 [INFO] AutoProgram:trigger_flow1:502 - 觸發Flow1取料作業
2025-07-17 00:51:57 [INFO] AutoProgram:trigger_flow1:503 - 目標座標: (-75.81, 308.98)
2025-07-17 00:51:57 [DEBUG] AutoProgram:coordination_cycle:607 - prepare_done=False，開始處理新週期
2025-07-17 00:51:57 [DEBUG] AutoProgram:coordination_cycle:660 - 座標已準備，檢查Flow1觸發狀態...
2025-07-17 00:51:57 [INFO] AutoProgram:trigger_flow1:502 - 觸發Flow1取料作業
2025-07-17 00:51:57 [INFO] AutoProgram:trigger_flow1:503 - 目標座標: (-75.81, 308.98)
2025-07-17 00:51:57 [INFO] AutoProgram:trigger_flow1:518 - Flow1已觸發 (第63次)
2025-07-17 00:51:57 [INFO] AutoProgram:trigger_flow1:519 - Flow1將從AutoProgram寄存器讀取座標
2025-07-17 00:51:57 [INFO] AutoProgram:coordination_cycle:664 - Flow1已觸發 (座標已準備)
2025-07-17 00:51:57 [INFO] AutoProgram:trigger_flow1:518 - Flow1已觸發 (第64次)
2025-07-17 00:51:57 [INFO] AutoProgram:trigger_flow1:519 - Flow1將從AutoProgram寄存器讀取座標
2025-07-17 00:51:57 [INFO] AutoProgram:coordination_cycle:664 - Flow1已觸發 (座標已準備)
2025-07-17 00:51:57 [DEBUG] AutoProgram:coordination_cycle:607 - prepare_done=False，開始處理新週期
2025-07-17 00:51:57 [DEBUG] AutoProgram:coordination_cycle:660 - 座標已準備，檢查Flow1觸發狀態...
2025-07-17 00:51:57 [INFO] AutoProgram:trigger_flow1:502 - 觸發Flow1取料作業
2025-07-17 00:51:57 [INFO] AutoProgram:trigger_flow1:503 - 目標座標: (-75.81, 308.98)
2025-07-17 00:51:57 [DEBUG] AutoProgram:coordination_cycle:607 - prepare_done=False，開始處理新週期
2025-07-17 00:51:57 [DEBUG] AutoProgram:coordination_cycle:660 - 座標已準備，檢查Flow1觸發狀態...
2025-07-17 00:51:57 [INFO] AutoProgram:trigger_flow1:502 - 觸發Flow1取料作業
2025-07-17 00:51:57 [INFO] AutoProgram:trigger_flow1:503 - 目標座標: (-75.81, 308.98)
2025-07-17 00:51:57 [INFO] AutoProgram:trigger_flow1:518 - Flow1已觸發 (第65次)
2025-07-17 00:51:57 [INFO] AutoProgram:trigger_flow1:519 - Flow1將從AutoProgram寄存器讀取座標
2025-07-17 00:51:57 [INFO] AutoProgram:coordination_cycle:664 - Flow1已觸發 (座標已準備)
2025-07-17 00:51:58 [INFO] AutoProgram:trigger_flow1:518 - Flow1已觸發 (第66次)
2025-07-17 00:51:58 [INFO] AutoProgram:trigger_flow1:519 - Flow1將從AutoProgram寄存器讀取座標
2025-07-17 00:51:58 [INFO] AutoProgram:coordination_cycle:664 - Flow1已觸發 (座標已準備)
2025-07-17 00:51:58 [DEBUG] AutoProgram:coordination_cycle:607 - prepare_done=False，開始處理新週期
2025-07-17 00:51:58 [DEBUG] AutoProgram:coordination_cycle:660 - 座標已準備，檢查Flow1觸發狀態...
2025-07-17 00:51:58 [INFO] AutoProgram:trigger_flow1:502 - 觸發Flow1取料作業
2025-07-17 00:51:58 [INFO] AutoProgram:trigger_flow1:503 - 目標座標: (-75.81, 308.98)
2025-07-17 00:51:58 [DEBUG] AutoProgram:coordination_cycle:607 - prepare_done=False，開始處理新週期
2025-07-17 00:51:58 [DEBUG] AutoProgram:coordination_cycle:660 - 座標已準備，檢查Flow1觸發狀態...
2025-07-17 00:51:58 [INFO] AutoProgram:trigger_flow1:502 - 觸發Flow1取料作業
2025-07-17 00:51:58 [INFO] AutoProgram:trigger_flow1:503 - 目標座標: (-75.81, 308.98)
2025-07-17 00:51:58 [INFO] AutoProgram:trigger_flow1:518 - Flow1已觸發 (第67次)
2025-07-17 00:51:58 [INFO] AutoProgram:trigger_flow1:519 - Flow1將從AutoProgram寄存器讀取座標
2025-07-17 00:51:58 [INFO] AutoProgram:coordination_cycle:664 - Flow1已觸發 (座標已準備)
2025-07-17 00:51:58 [INFO] AutoProgram:trigger_flow1:518 - Flow1已觸發 (第68次)
2025-07-17 00:51:58 [INFO] AutoProgram:trigger_flow1:519 - Flow1將從AutoProgram寄存器讀取座標
2025-07-17 00:51:58 [INFO] AutoProgram:coordination_cycle:664 - Flow1已觸發 (座標已準備)
2025-07-17 00:51:58 [DEBUG] AutoProgram:coordination_cycle:607 - prepare_done=False，開始處理新週期
2025-07-17 00:51:58 [DEBUG] AutoProgram:coordination_cycle:660 - 座標已準備，檢查Flow1觸發狀態...
2025-07-17 00:51:58 [INFO] AutoProgram:trigger_flow1:502 - 觸發Flow1取料作業
2025-07-17 00:51:58 [INFO] AutoProgram:trigger_flow1:503 - 目標座標: (-75.81, 308.98)
2025-07-17 00:51:58 [DEBUG] AutoProgram:coordination_cycle:607 - prepare_done=False，開始處理新週期
2025-07-17 00:51:58 [DEBUG] AutoProgram:coordination_cycle:660 - 座標已準備，檢查Flow1觸發狀態...
2025-07-17 00:51:58 [INFO] AutoProgram:trigger_flow1:502 - 觸發Flow1取料作業
2025-07-17 00:51:58 [INFO] AutoProgram:trigger_flow1:503 - 目標座標: (-75.81, 308.98)
2025-07-17 00:51:58 [INFO] AutoProgram:trigger_flow1:518 - Flow1已觸發 (第69次)
2025-07-17 00:51:58 [INFO] AutoProgram:trigger_flow1:519 - Flow1將從AutoProgram寄存器讀取座標
2025-07-17 00:51:58 [INFO] AutoProgram:coordination_cycle:664 - Flow1已觸發 (座標已準備)
2025-07-17 00:51:58 [INFO] AutoProgram:trigger_flow1:518 - Flow1已觸發 (第70次)
2025-07-17 00:51:58 [INFO] AutoProgram:trigger_flow1:519 - Flow1將從AutoProgram寄存器讀取座標
2025-07-17 00:51:58 [INFO] AutoProgram:coordination_cycle:664 - Flow1已觸發 (座標已準備)
2025-07-17 00:51:58 [DEBUG] AutoProgram:coordination_cycle:607 - prepare_done=False，開始處理新週期
2025-07-17 00:51:58 [DEBUG] AutoProgram:coordination_cycle:660 - 座標已準備，檢查Flow1觸發狀態...
2025-07-17 00:51:58 [INFO] AutoProgram:trigger_flow1:502 - 觸發Flow1取料作業
2025-07-17 00:51:58 [INFO] AutoProgram:trigger_flow1:503 - 目標座標: (-75.81, 308.98)
2025-07-17 00:51:58 [DEBUG] AutoProgram:coordination_cycle:607 - prepare_done=False，開始處理新週期
2025-07-17 00:51:58 [DEBUG] AutoProgram:coordination_cycle:660 - 座標已準備，檢查Flow1觸發狀態...
2025-07-17 00:51:58 [INFO] AutoProgram:trigger_flow1:502 - 觸發Flow1取料作業
2025-07-17 00:51:58 [INFO] AutoProgram:trigger_flow1:503 - 目標座標: (-75.81, 308.98)
2025-07-17 00:51:58 [INFO] AutoProgram:trigger_flow1:518 - Flow1已觸發 (第71次)
2025-07-17 00:51:58 [INFO] AutoProgram:trigger_flow1:519 - Flow1將從AutoProgram寄存器讀取座標
2025-07-17 00:51:58 [INFO] AutoProgram:coordination_cycle:664 - Flow1已觸發 (座標已準備)
2025-07-17 00:51:58 [INFO] AutoProgram:trigger_flow1:518 - Flow1已觸發 (第72次)
2025-07-17 00:51:58 [INFO] AutoProgram:trigger_flow1:519 - Flow1將從AutoProgram寄存器讀取座標
2025-07-17 00:51:58 [INFO] AutoProgram:coordination_cycle:664 - Flow1已觸發 (座標已準備)
2025-07-17 00:51:59 [DEBUG] AutoProgram:coordination_cycle:607 - prepare_done=False，開始處理新週期
2025-07-17 00:51:59 [DEBUG] AutoProgram:coordination_cycle:660 - 座標已準備，檢查Flow1觸發狀態...
2025-07-17 00:51:59 [INFO] AutoProgram:trigger_flow1:502 - 觸發Flow1取料作業
2025-07-17 00:51:59 [INFO] AutoProgram:trigger_flow1:503 - 目標座標: (-75.81, 308.98)
2025-07-17 00:51:59 [DEBUG] AutoProgram:coordination_cycle:607 - prepare_done=False，開始處理新週期
2025-07-17 00:51:59 [DEBUG] AutoProgram:coordination_cycle:660 - 座標已準備，檢查Flow1觸發狀態...
2025-07-17 00:51:59 [INFO] AutoProgram:trigger_flow1:502 - 觸發Flow1取料作業
2025-07-17 00:51:59 [INFO] AutoProgram:trigger_flow1:503 - 目標座標: (-75.81, 308.98)
2025-07-17 00:51:59 [INFO] AutoProgram:trigger_flow1:518 - Flow1已觸發 (第73次)
2025-07-17 00:51:59 [INFO] AutoProgram:trigger_flow1:519 - Flow1將從AutoProgram寄存器讀取座標
2025-07-17 00:51:59 [INFO] AutoProgram:coordination_cycle:664 - Flow1已觸發 (座標已準備)
2025-07-17 00:51:59 [INFO] AutoProgram:trigger_flow1:518 - Flow1已觸發 (第74次)
2025-07-17 00:51:59 [INFO] AutoProgram:trigger_flow1:519 - Flow1將從AutoProgram寄存器讀取座標
2025-07-17 00:51:59 [INFO] AutoProgram:coordination_cycle:664 - Flow1已觸發 (座標已準備)
2025-07-17 00:51:59 [DEBUG] AutoProgram:coordination_cycle:607 - prepare_done=False，開始處理新週期
2025-07-17 00:51:59 [DEBUG] AutoProgram:coordination_cycle:660 - 座標已準備，檢查Flow1觸發狀態...
2025-07-17 00:51:59 [INFO] AutoProgram:trigger_flow1:502 - 觸發Flow1取料作業
2025-07-17 00:51:59 [INFO] AutoProgram:trigger_flow1:503 - 目標座標: (-75.81, 308.98)
2025-07-17 00:51:59 [DEBUG] AutoProgram:coordination_cycle:607 - prepare_done=False，開始處理新週期
2025-07-17 00:51:59 [DEBUG] AutoProgram:coordination_cycle:660 - 座標已準備，檢查Flow1觸發狀態...
2025-07-17 00:51:59 [INFO] AutoProgram:trigger_flow1:502 - 觸發Flow1取料作業
2025-07-17 00:51:59 [INFO] AutoProgram:trigger_flow1:503 - 目標座標: (-75.81, 308.98)
2025-07-17 00:51:59 [INFO] AutoProgram:trigger_flow1:518 - Flow1已觸發 (第75次)
2025-07-17 00:51:59 [INFO] AutoProgram:trigger_flow1:519 - Flow1將從AutoProgram寄存器讀取座標
2025-07-17 00:51:59 [INFO] AutoProgram:coordination_cycle:664 - Flow1已觸發 (座標已準備)
2025-07-17 00:51:59 [INFO] AutoProgram:trigger_flow1:518 - Flow1已觸發 (第76次)
2025-07-17 00:51:59 [INFO] AutoProgram:trigger_flow1:519 - Flow1將從AutoProgram寄存器讀取座標
2025-07-17 00:51:59 [INFO] AutoProgram:coordination_cycle:664 - Flow1已觸發 (座標已準備)
2025-07-17 00:51:59 [DEBUG] AutoProgram:coordination_cycle:607 - prepare_done=False，開始處理新週期
2025-07-17 00:51:59 [DEBUG] AutoProgram:coordination_cycle:660 - 座標已準備，檢查Flow1觸發狀態...
2025-07-17 00:51:59 [INFO] AutoProgram:trigger_flow1:502 - 觸發Flow1取料作業
2025-07-17 00:51:59 [INFO] AutoProgram:trigger_flow1:503 - 目標座標: (-75.81, 308.98)
2025-07-17 00:51:59 [DEBUG] AutoProgram:coordination_cycle:607 - prepare_done=False，開始處理新週期
2025-07-17 00:51:59 [DEBUG] AutoProgram:coordination_cycle:660 - 座標已準備，檢查Flow1觸發狀態...
2025-07-17 00:51:59 [INFO] AutoProgram:trigger_flow1:502 - 觸發Flow1取料作業
2025-07-17 00:51:59 [INFO] AutoProgram:trigger_flow1:503 - 目標座標: (-75.81, 308.98)
2025-07-17 00:51:59 [INFO] AutoProgram:trigger_flow1:518 - Flow1已觸發 (第77次)
2025-07-17 00:51:59 [INFO] AutoProgram:trigger_flow1:519 - Flow1將從AutoProgram寄存器讀取座標
2025-07-17 00:51:59 [INFO] AutoProgram:coordination_cycle:664 - Flow1已觸發 (座標已準備)
2025-07-17 00:51:59 [INFO] AutoProgram:trigger_flow1:518 - Flow1已觸發 (第78次)
2025-07-17 00:51:59 [INFO] AutoProgram:trigger_flow1:519 - Flow1將從AutoProgram寄存器讀取座標
2025-07-17 00:51:59 [INFO] AutoProgram:coordination_cycle:664 - Flow1已觸發 (座標已準備)
2025-07-17 00:51:59 [DEBUG] AutoProgram:coordination_cycle:607 - prepare_done=False，開始處理新週期
2025-07-17 00:51:59 [DEBUG] AutoProgram:coordination_cycle:660 - 座標已準備，檢查Flow1觸發狀態...
2025-07-17 00:51:59 [INFO] AutoProgram:trigger_flow1:502 - 觸發Flow1取料作業
2025-07-17 00:51:59 [INFO] AutoProgram:trigger_flow1:503 - 目標座標: (-75.81, 308.98)
2025-07-17 00:52:00 [DEBUG] AutoProgram:coordination_cycle:607 - prepare_done=False，開始處理新週期
2025-07-17 00:52:00 [DEBUG] AutoProgram:coordination_cycle:660 - 座標已準備，檢查Flow1觸發狀態...
2025-07-17 00:52:00 [INFO] AutoProgram:trigger_flow1:502 - 觸發Flow1取料作業
2025-07-17 00:52:00 [INFO] AutoProgram:trigger_flow1:503 - 目標座標: (-75.81, 308.98)
2025-07-17 00:52:00 [INFO] AutoProgram:trigger_flow1:518 - Flow1已觸發 (第79次)
2025-07-17 00:52:00 [INFO] AutoProgram:trigger_flow1:519 - Flow1將從AutoProgram寄存器讀取座標
2025-07-17 00:52:00 [INFO] AutoProgram:coordination_cycle:664 - Flow1已觸發 (座標已準備)
2025-07-17 00:52:00 [INFO] AutoProgram:trigger_flow1:518 - Flow1已觸發 (第80次)
2025-07-17 00:52:00 [INFO] AutoProgram:trigger_flow1:519 - Flow1將從AutoProgram寄存器讀取座標
2025-07-17 00:52:00 [INFO] AutoProgram:coordination_cycle:664 - Flow1已觸發 (座標已準備)
2025-07-17 00:52:00 [DEBUG] AutoProgram:coordination_cycle:607 - prepare_done=False，開始處理新週期
2025-07-17 00:52:00 [DEBUG] AutoProgram:coordination_cycle:660 - 座標已準備，檢查Flow1觸發狀態...
2025-07-17 00:52:00 [INFO] AutoProgram:trigger_flow1:502 - 觸發Flow1取料作業
2025-07-17 00:52:00 [INFO] AutoProgram:trigger_flow1:503 - 目標座標: (-75.81, 308.98)
2025-07-17 00:52:00 [DEBUG] AutoProgram:coordination_cycle:607 - prepare_done=False，開始處理新週期
2025-07-17 00:52:00 [DEBUG] AutoProgram:coordination_cycle:660 - 座標已準備，檢查Flow1觸發狀態...
2025-07-17 00:52:00 [INFO] AutoProgram:trigger_flow1:502 - 觸發Flow1取料作業
2025-07-17 00:52:00 [INFO] AutoProgram:trigger_flow1:503 - 目標座標: (-75.81, 308.98)
2025-07-17 00:52:00 [INFO] AutoProgram:trigger_flow1:518 - Flow1已觸發 (第81次)
2025-07-17 00:52:00 [INFO] AutoProgram:trigger_flow1:519 - Flow1將從AutoProgram寄存器讀取座標
2025-07-17 00:52:00 [INFO] AutoProgram:coordination_cycle:664 - Flow1已觸發 (座標已準備)
2025-07-17 00:52:00 [INFO] AutoProgram:trigger_flow1:518 - Flow1已觸發 (第82次)
2025-07-17 00:52:00 [INFO] AutoProgram:trigger_flow1:519 - Flow1將從AutoProgram寄存器讀取座標
2025-07-17 00:52:00 [INFO] AutoProgram:coordination_cycle:664 - Flow1已觸發 (座標已準備)
2025-07-17 00:52:00 [DEBUG] AutoProgram:coordination_cycle:607 - prepare_done=False，開始處理新週期
2025-07-17 00:52:00 [DEBUG] AutoProgram:coordination_cycle:660 - 座標已準備，檢查Flow1觸發狀態...
2025-07-17 00:52:00 [INFO] AutoProgram:trigger_flow1:502 - 觸發Flow1取料作業
2025-07-17 00:52:00 [INFO] AutoProgram:trigger_flow1:503 - 目標座標: (-75.81, 308.98)
2025-07-17 00:52:00 [DEBUG] AutoProgram:coordination_cycle:607 - prepare_done=False，開始處理新週期
2025-07-17 00:52:00 [DEBUG] AutoProgram:coordination_cycle:660 - 座標已準備，檢查Flow1觸發狀態...
2025-07-17 00:52:00 [INFO] AutoProgram:trigger_flow1:502 - 觸發Flow1取料作業
2025-07-17 00:52:00 [INFO] AutoProgram:trigger_flow1:503 - 目標座標: (-75.81, 308.98)
2025-07-17 00:52:00 [INFO] AutoProgram:trigger_flow1:518 - Flow1已觸發 (第83次)
2025-07-17 00:52:00 [INFO] AutoProgram:trigger_flow1:519 - Flow1將從AutoProgram寄存器讀取座標
2025-07-17 00:52:00 [INFO] AutoProgram:coordination_cycle:664 - Flow1已觸發 (座標已準備)
2025-07-17 00:52:00 [INFO] AutoProgram:trigger_flow1:518 - Flow1已觸發 (第84次)
2025-07-17 00:52:00 [INFO] AutoProgram:trigger_flow1:519 - Flow1將從AutoProgram寄存器讀取座標
2025-07-17 00:52:00 [INFO] AutoProgram:coordination_cycle:664 - Flow1已觸發 (座標已準備)
2025-07-17 00:52:00 [DEBUG] AutoProgram:coordination_cycle:607 - prepare_done=False，開始處理新週期
2025-07-17 00:52:00 [DEBUG] AutoProgram:coordination_cycle:660 - 座標已準備，檢查Flow1觸發狀態...
2025-07-17 00:52:00 [INFO] AutoProgram:trigger_flow1:502 - 觸發Flow1取料作業
2025-07-17 00:52:00 [INFO] AutoProgram:trigger_flow1:503 - 目標座標: (-75.81, 308.98)
2025-07-17 00:52:00 [DEBUG] AutoProgram:_coordination_loop:800 - 控制循環心跳 - 第300次, running=True, auto_enabled=True
2025-07-17 00:52:00 [DEBUG] AutoProgram:coordination_cycle:607 - prepare_done=False，開始處理新週期
2025-07-17 00:52:00 [DEBUG] AutoProgram:coordination_cycle:660 - 座標已準備，檢查Flow1觸發狀態...
2025-07-17 00:52:00 [INFO] AutoProgram:trigger_flow1:502 - 觸發Flow1取料作業
2025-07-17 00:52:00 [INFO] AutoProgram:trigger_flow1:503 - 目標座標: (-75.81, 308.98)
2025-07-17 00:52:00 [INFO] AutoProgram:trigger_flow1:518 - Flow1已觸發 (第85次)
2025-07-17 00:52:00 [INFO] AutoProgram:trigger_flow1:519 - Flow1將從AutoProgram寄存器讀取座標
2025-07-17 00:52:00 [INFO] AutoProgram:coordination_cycle:664 - Flow1已觸發 (座標已準備)
2025-07-17 00:52:01 [INFO] AutoProgram:trigger_flow1:518 - Flow1已觸發 (第86次)
2025-07-17 00:52:01 [INFO] AutoProgram:trigger_flow1:519 - Flow1將從AutoProgram寄存器讀取座標
2025-07-17 00:52:01 [INFO] AutoProgram:coordination_cycle:664 - Flow1已觸發 (座標已準備)
2025-07-17 00:52:01 [DEBUG] AutoProgram:coordination_cycle:607 - prepare_done=False，開始處理新週期
2025-07-17 00:52:01 [DEBUG] AutoProgram:coordination_cycle:660 - 座標已準備，檢查Flow1觸發狀態...
2025-07-17 00:52:01 [INFO] AutoProgram:trigger_flow1:502 - 觸發Flow1取料作業
2025-07-17 00:52:01 [INFO] AutoProgram:trigger_flow1:503 - 目標座標: (-75.81, 308.98)
2025-07-17 00:52:01 [DEBUG] AutoProgram:coordination_cycle:607 - prepare_done=False，開始處理新週期
2025-07-17 00:52:01 [DEBUG] AutoProgram:coordination_cycle:660 - 座標已準備，檢查Flow1觸發狀態...
2025-07-17 00:52:01 [INFO] AutoProgram:trigger_flow1:502 - 觸發Flow1取料作業
2025-07-17 00:52:01 [INFO] AutoProgram:trigger_flow1:503 - 目標座標: (-75.81, 308.98)
2025-07-17 00:52:01 [INFO] AutoProgram:trigger_flow1:518 - Flow1已觸發 (第87次)
2025-07-17 00:52:01 [INFO] AutoProgram:trigger_flow1:519 - Flow1將從AutoProgram寄存器讀取座標
2025-07-17 00:52:01 [INFO] AutoProgram:coordination_cycle:664 - Flow1已觸發 (座標已準備)
2025-07-17 00:52:01 [INFO] AutoProgram:trigger_flow1:518 - Flow1已觸發 (第88次)
2025-07-17 00:52:01 [INFO] AutoProgram:trigger_flow1:519 - Flow1將從AutoProgram寄存器讀取座標
2025-07-17 00:52:01 [INFO] AutoProgram:coordination_cycle:664 - Flow1已觸發 (座標已準備)
2025-07-17 00:52:01 [DEBUG] AutoProgram:coordination_cycle:607 - prepare_done=False，開始處理新週期
2025-07-17 00:52:01 [DEBUG] AutoProgram:coordination_cycle:660 - 座標已準備，檢查Flow1觸發狀態...
2025-07-17 00:52:01 [INFO] AutoProgram:trigger_flow1:502 - 觸發Flow1取料作業
2025-07-17 00:52:01 [INFO] AutoProgram:trigger_flow1:503 - 目標座標: (-75.81, 308.98)
2025-07-17 00:52:01 [DEBUG] AutoProgram:coordination_cycle:607 - prepare_done=False，開始處理新週期
2025-07-17 00:52:01 [DEBUG] AutoProgram:coordination_cycle:660 - 座標已準備，檢查Flow1觸發狀態...
2025-07-17 00:52:01 [INFO] AutoProgram:trigger_flow1:502 - 觸發Flow1取料作業
2025-07-17 00:52:01 [INFO] AutoProgram:trigger_flow1:503 - 目標座標: (-75.81, 308.98)
2025-07-17 00:52:01 [INFO] AutoProgram:trigger_flow1:518 - Flow1已觸發 (第89次)
2025-07-17 00:52:01 [INFO] AutoProgram:trigger_flow1:519 - Flow1將從AutoProgram寄存器讀取座標
2025-07-17 00:52:01 [INFO] AutoProgram:coordination_cycle:664 - Flow1已觸發 (座標已準備)
2025-07-17 00:52:01 [INFO] AutoProgram:trigger_flow1:518 - Flow1已觸發 (第90次)
2025-07-17 00:52:01 [INFO] AutoProgram:trigger_flow1:519 - Flow1將從AutoProgram寄存器讀取座標
2025-07-17 00:52:01 [INFO] AutoProgram:coordination_cycle:664 - Flow1已觸發 (座標已準備)
2025-07-17 00:52:01 [DEBUG] AutoProgram:coordination_cycle:607 - prepare_done=False，開始處理新週期
2025-07-17 00:52:01 [DEBUG] AutoProgram:coordination_cycle:660 - 座標已準備，檢查Flow1觸發狀態...
2025-07-17 00:52:01 [INFO] AutoProgram:trigger_flow1:502 - 觸發Flow1取料作業
2025-07-17 00:52:01 [INFO] AutoProgram:trigger_flow1:503 - 目標座標: (-75.81, 308.98)
2025-07-17 00:52:01 [DEBUG] AutoProgram:coordination_cycle:607 - prepare_done=False，開始處理新週期
2025-07-17 00:52:01 [DEBUG] AutoProgram:coordination_cycle:660 - 座標已準備，檢查Flow1觸發狀態...
2025-07-17 00:52:01 [INFO] AutoProgram:trigger_flow1:502 - 觸發Flow1取料作業
2025-07-17 00:52:01 [INFO] AutoProgram:trigger_flow1:503 - 目標座標: (-75.81, 308.98)
2025-07-17 00:52:01 [INFO] AutoProgram:trigger_flow1:518 - Flow1已觸發 (第91次)
2025-07-17 00:52:01 [INFO] AutoProgram:trigger_flow1:519 - Flow1將從AutoProgram寄存器讀取座標
2025-07-17 00:52:01 [INFO] AutoProgram:coordination_cycle:664 - Flow1已觸發 (座標已準備)
2025-07-17 00:52:01 [INFO] AutoProgram:trigger_flow1:518 - Flow1已觸發 (第92次)
2025-07-17 00:52:01 [INFO] AutoProgram:trigger_flow1:519 - Flow1將從AutoProgram寄存器讀取座標
2025-07-17 00:52:01 [INFO] AutoProgram:coordination_cycle:664 - Flow1已觸發 (座標已準備)
2025-07-17 00:52:02 [DEBUG] AutoProgram:coordination_cycle:607 - prepare_done=False，開始處理新週期
2025-07-17 00:52:02 [DEBUG] AutoProgram:coordination_cycle:660 - 座標已準備，檢查Flow1觸發狀態...
2025-07-17 00:52:02 [INFO] AutoProgram:trigger_flow1:502 - 觸發Flow1取料作業
2025-07-17 00:52:02 [INFO] AutoProgram:trigger_flow1:503 - 目標座標: (-75.81, 308.98)
2025-07-17 00:52:02 [DEBUG] AutoProgram:coordination_cycle:607 - prepare_done=False，開始處理新週期
2025-07-17 00:52:02 [DEBUG] AutoProgram:coordination_cycle:660 - 座標已準備，檢查Flow1觸發狀態...
2025-07-17 00:52:02 [INFO] AutoProgram:trigger_flow1:502 - 觸發Flow1取料作業
2025-07-17 00:52:02 [INFO] AutoProgram:trigger_flow1:503 - 目標座標: (-75.81, 308.98)
2025-07-17 00:52:02 [INFO] AutoProgram:trigger_flow1:518 - Flow1已觸發 (第93次)
2025-07-17 00:52:02 [INFO] AutoProgram:trigger_flow1:519 - Flow1將從AutoProgram寄存器讀取座標
2025-07-17 00:52:02 [INFO] AutoProgram:coordination_cycle:664 - Flow1已觸發 (座標已準備)
2025-07-17 00:52:02 [INFO] AutoProgram:trigger_flow1:518 - Flow1已觸發 (第94次)
2025-07-17 00:52:02 [INFO] AutoProgram:trigger_flow1:519 - Flow1將從AutoProgram寄存器讀取座標
2025-07-17 00:52:02 [INFO] AutoProgram:coordination_cycle:664 - Flow1已觸發 (座標已準備)
2025-07-17 00:52:02 [DEBUG] AutoProgram:coordination_cycle:607 - prepare_done=False，開始處理新週期
2025-07-17 00:52:02 [DEBUG] AutoProgram:coordination_cycle:660 - 座標已準備，檢查Flow1觸發狀態...
2025-07-17 00:52:02 [INFO] AutoProgram:trigger_flow1:502 - 觸發Flow1取料作業
2025-07-17 00:52:02 [INFO] AutoProgram:trigger_flow1:503 - 目標座標: (-75.81, 308.98)
2025-07-17 00:52:02 [DEBUG] AutoProgram:coordination_cycle:607 - prepare_done=False，開始處理新週期
2025-07-17 00:52:02 [DEBUG] AutoProgram:coordination_cycle:660 - 座標已準備，檢查Flow1觸發狀態...
2025-07-17 00:52:02 [INFO] AutoProgram:trigger_flow1:502 - 觸發Flow1取料作業
2025-07-17 00:52:02 [INFO] AutoProgram:trigger_flow1:503 - 目標座標: (-75.81, 308.98)
2025-07-17 00:52:02 [INFO] AutoProgram:trigger_flow1:518 - Flow1已觸發 (第95次)
2025-07-17 00:52:02 [INFO] AutoProgram:trigger_flow1:519 - Flow1將從AutoProgram寄存器讀取座標
2025-07-17 00:52:02 [INFO] AutoProgram:coordination_cycle:664 - Flow1已觸發 (座標已準備)
2025-07-17 00:52:02 [INFO] AutoProgram:trigger_flow1:518 - Flow1已觸發 (第96次)
2025-07-17 00:52:02 [INFO] AutoProgram:trigger_flow1:519 - Flow1將從AutoProgram寄存器讀取座標
2025-07-17 00:52:02 [INFO] AutoProgram:coordination_cycle:664 - Flow1已觸發 (座標已準備)
2025-07-17 00:52:02 [DEBUG] AutoProgram:coordination_cycle:607 - prepare_done=False，開始處理新週期
2025-07-17 00:52:02 [DEBUG] AutoProgram:coordination_cycle:660 - 座標已準備，檢查Flow1觸發狀態...
2025-07-17 00:52:02 [INFO] AutoProgram:trigger_flow1:502 - 觸發Flow1取料作業
2025-07-17 00:52:02 [INFO] AutoProgram:trigger_flow1:503 - 目標座標: (-75.81, 308.98)
2025-07-17 00:52:02 [DEBUG] AutoProgram:coordination_cycle:607 - prepare_done=False，開始處理新週期
2025-07-17 00:52:02 [DEBUG] AutoProgram:coordination_cycle:660 - 座標已準備，檢查Flow1觸發狀態...
2025-07-17 00:52:02 [INFO] AutoProgram:trigger_flow1:502 - 觸發Flow1取料作業
2025-07-17 00:52:02 [INFO] AutoProgram:trigger_flow1:503 - 目標座標: (-75.81, 308.98)
2025-07-17 00:52:02 [INFO] AutoProgram:trigger_flow1:518 - Flow1已觸發 (第97次)
2025-07-17 00:52:02 [INFO] AutoProgram:trigger_flow1:519 - Flow1將從AutoProgram寄存器讀取座標
2025-07-17 00:52:02 [INFO] AutoProgram:coordination_cycle:664 - Flow1已觸發 (座標已準備)
2025-07-17 00:52:02 [INFO] AutoProgram:trigger_flow1:518 - Flow1已觸發 (第98次)
2025-07-17 00:52:02 [INFO] AutoProgram:trigger_flow1:519 - Flow1將從AutoProgram寄存器讀取座標
2025-07-17 00:52:02 [INFO] AutoProgram:coordination_cycle:664 - Flow1已觸發 (座標已準備)
2025-07-17 00:52:03 [DEBUG] AutoProgram:coordination_cycle:575 - 週期100: prepare_done=False, coords_ready=True, Flow1運行中=False, DR_F可用=True, 自動程序啟用=True
2025-07-17 00:52:03 [DEBUG] AutoProgram:coordination_cycle:607 - prepare_done=False，開始處理新週期
2025-07-17 00:52:03 [DEBUG] AutoProgram:coordination_cycle:660 - 座標已準備，檢查Flow1觸發狀態...
2025-07-17 00:52:03 [INFO] AutoProgram:trigger_flow1:502 - 觸發Flow1取料作業
2025-07-17 00:52:03 [INFO] AutoProgram:trigger_flow1:503 - 目標座標: (-75.81, 308.98)
2025-07-17 00:52:03 [DEBUG] AutoProgram:coordination_cycle:607 - prepare_done=False，開始處理新週期
2025-07-17 00:52:03 [DEBUG] AutoProgram:coordination_cycle:660 - 座標已準備，檢查Flow1觸發狀態...
2025-07-17 00:52:03 [INFO] AutoProgram:trigger_flow1:502 - 觸發Flow1取料作業
2025-07-17 00:52:03 [INFO] AutoProgram:trigger_flow1:503 - 目標座標: (-75.81, 308.98)
2025-07-17 00:52:03 [INFO] AutoProgram:trigger_flow1:518 - Flow1已觸發 (第99次)
2025-07-17 00:52:03 [INFO] AutoProgram:trigger_flow1:519 - Flow1將從AutoProgram寄存器讀取座標
2025-07-17 00:52:03 [INFO] AutoProgram:coordination_cycle:664 - Flow1已觸發 (座標已準備)
2025-07-17 00:52:03 [INFO] AutoProgram:trigger_flow1:518 - Flow1已觸發 (第100次)
2025-07-17 00:52:03 [INFO] AutoProgram:trigger_flow1:519 - Flow1將從AutoProgram寄存器讀取座標
2025-07-17 00:52:03 [INFO] AutoProgram:coordination_cycle:664 - Flow1已觸發 (座標已準備)
2025-07-17 00:52:03 [DEBUG] AutoProgram:coordination_cycle:607 - prepare_done=False，開始處理新週期
2025-07-17 00:52:03 [DEBUG] AutoProgram:coordination_cycle:660 - 座標已準備，檢查Flow1觸發狀態...
2025-07-17 00:52:03 [INFO] AutoProgram:trigger_flow1:502 - 觸發Flow1取料作業
2025-07-17 00:52:03 [INFO] AutoProgram:trigger_flow1:503 - 目標座標: (-75.81, 308.98)
2025-07-17 00:52:03 [DEBUG] AutoProgram:coordination_cycle:607 - prepare_done=False，開始處理新週期
2025-07-17 00:52:03 [DEBUG] AutoProgram:coordination_cycle:660 - 座標已準備，檢查Flow1觸發狀態...
2025-07-17 00:52:03 [INFO] AutoProgram:trigger_flow1:502 - 觸發Flow1取料作業
2025-07-17 00:52:03 [INFO] AutoProgram:trigger_flow1:503 - 目標座標: (-75.81, 308.98)
2025-07-17 00:52:03 [INFO] AutoProgram:trigger_flow1:518 - Flow1已觸發 (第101次)
2025-07-17 00:52:03 [INFO] AutoProgram:trigger_flow1:519 - Flow1將從AutoProgram寄存器讀取座標
2025-07-17 00:52:03 [INFO] AutoProgram:coordination_cycle:664 - Flow1已觸發 (座標已準備)
2025-07-17 00:52:03 [INFO] AutoProgram:trigger_flow1:518 - Flow1已觸發 (第102次)
2025-07-17 00:52:03 [INFO] AutoProgram:trigger_flow1:519 - Flow1將從AutoProgram寄存器讀取座標
2025-07-17 00:52:03 [INFO] AutoProgram:coordination_cycle:664 - Flow1已觸發 (座標已準備)
2025-07-17 00:52:03 [DEBUG] AutoProgram:coordination_cycle:607 - prepare_done=False，開始處理新週期
2025-07-17 00:52:03 [DEBUG] AutoProgram:coordination_cycle:660 - 座標已準備，檢查Flow1觸發狀態...
2025-07-17 00:52:03 [INFO] AutoProgram:trigger_flow1:502 - 觸發Flow1取料作業
2025-07-17 00:52:03 [INFO] AutoProgram:trigger_flow1:503 - 目標座標: (-75.81, 308.98)
2025-07-17 00:52:03 [DEBUG] AutoProgram:coordination_cycle:607 - prepare_done=False，開始處理新週期
2025-07-17 00:52:03 [DEBUG] AutoProgram:coordination_cycle:660 - 座標已準備，檢查Flow1觸發狀態...
2025-07-17 00:52:03 [INFO] AutoProgram:trigger_flow1:502 - 觸發Flow1取料作業
2025-07-17 00:52:03 [INFO] AutoProgram:trigger_flow1:503 - 目標座標: (-75.81, 308.98)
2025-07-17 00:52:03 [INFO] AutoProgram:trigger_flow1:518 - Flow1已觸發 (第103次)
2025-07-17 00:52:03 [INFO] AutoProgram:trigger_flow1:519 - Flow1將從AutoProgram寄存器讀取座標
2025-07-17 00:52:03 [INFO] AutoProgram:coordination_cycle:664 - Flow1已觸發 (座標已準備)
2025-07-17 00:52:03 [INFO] AutoProgram:trigger_flow1:518 - Flow1已觸發 (第104次)
2025-07-17 00:52:03 [INFO] AutoProgram:trigger_flow1:519 - Flow1將從AutoProgram寄存器讀取座標
2025-07-17 00:52:03 [INFO] AutoProgram:coordination_cycle:664 - Flow1已觸發 (座標已準備)
2025-07-17 00:52:03 [DEBUG] AutoProgram:coordination_cycle:607 - prepare_done=False，開始處理新週期
2025-07-17 00:52:03 [DEBUG] AutoProgram:coordination_cycle:660 - 座標已準備，檢查Flow1觸發狀態...
2025-07-17 00:52:03 [INFO] AutoProgram:trigger_flow1:502 - 觸發Flow1取料作業
2025-07-17 00:52:03 [INFO] AutoProgram:trigger_flow1:503 - 目標座標: (-75.81, 308.98)
2025-07-17 00:52:04 [DEBUG] AutoProgram:coordination_cycle:607 - prepare_done=False，開始處理新週期
2025-07-17 00:52:04 [DEBUG] AutoProgram:coordination_cycle:660 - 座標已準備，檢查Flow1觸發狀態...
2025-07-17 00:52:04 [INFO] AutoProgram:trigger_flow1:502 - 觸發Flow1取料作業
2025-07-17 00:52:04 [INFO] AutoProgram:trigger_flow1:503 - 目標座標: (-75.81, 308.98)
2025-07-17 00:52:04 [INFO] AutoProgram:trigger_flow1:518 - Flow1已觸發 (第105次)
2025-07-17 00:52:04 [INFO] AutoProgram:trigger_flow1:519 - Flow1將從AutoProgram寄存器讀取座標
2025-07-17 00:52:04 [INFO] AutoProgram:coordination_cycle:664 - Flow1已觸發 (座標已準備)
2025-07-17 00:52:04 [INFO] AutoProgram:trigger_flow1:518 - Flow1已觸發 (第106次)
2025-07-17 00:52:04 [INFO] AutoProgram:trigger_flow1:519 - Flow1將從AutoProgram寄存器讀取座標
2025-07-17 00:52:04 [INFO] AutoProgram:coordination_cycle:664 - Flow1已觸發 (座標已準備)
2025-07-17 00:52:04 [DEBUG] AutoProgram:coordination_cycle:607 - prepare_done=False，開始處理新週期
2025-07-17 00:52:04 [DEBUG] AutoProgram:coordination_cycle:660 - 座標已準備，檢查Flow1觸發狀態...
2025-07-17 00:52:04 [INFO] AutoProgram:trigger_flow1:502 - 觸發Flow1取料作業
2025-07-17 00:52:04 [INFO] AutoProgram:trigger_flow1:503 - 目標座標: (-75.81, 308.98)
2025-07-17 00:52:04 [DEBUG] AutoProgram:coordination_cycle:607 - prepare_done=False，開始處理新週期
2025-07-17 00:52:04 [DEBUG] AutoProgram:coordination_cycle:660 - 座標已準備，檢查Flow1觸發狀態...
2025-07-17 00:52:04 [INFO] AutoProgram:trigger_flow1:502 - 觸發Flow1取料作業
2025-07-17 00:52:04 [INFO] AutoProgram:trigger_flow1:503 - 目標座標: (-75.81, 308.98)
2025-07-17 00:52:04 [INFO] AutoProgram:trigger_flow1:518 - Flow1已觸發 (第107次)
2025-07-17 00:52:04 [INFO] AutoProgram:trigger_flow1:519 - Flow1將從AutoProgram寄存器讀取座標
2025-07-17 00:52:04 [INFO] AutoProgram:coordination_cycle:664 - Flow1已觸發 (座標已準備)
2025-07-17 00:52:04 [INFO] AutoProgram:trigger_flow1:518 - Flow1已觸發 (第108次)
2025-07-17 00:52:04 [INFO] AutoProgram:trigger_flow1:519 - Flow1將從AutoProgram寄存器讀取座標
2025-07-17 00:52:04 [INFO] AutoProgram:coordination_cycle:664 - Flow1已觸發 (座標已準備)
2025-07-17 00:52:04 [DEBUG] AutoProgram:coordination_cycle:607 - prepare_done=False，開始處理新週期
2025-07-17 00:52:04 [DEBUG] AutoProgram:coordination_cycle:660 - 座標已準備，檢查Flow1觸發狀態...
2025-07-17 00:52:04 [INFO] AutoProgram:trigger_flow1:502 - 觸發Flow1取料作業
2025-07-17 00:52:04 [INFO] AutoProgram:trigger_flow1:503 - 目標座標: (-75.81, 308.98)
2025-07-17 00:52:04 [DEBUG] AutoProgram:coordination_cycle:607 - prepare_done=False，開始處理新週期
2025-07-17 00:52:04 [DEBUG] AutoProgram:coordination_cycle:660 - 座標已準備，檢查Flow1觸發狀態...
2025-07-17 00:52:04 [INFO] AutoProgram:trigger_flow1:502 - 觸發Flow1取料作業
2025-07-17 00:52:04 [INFO] AutoProgram:trigger_flow1:503 - 目標座標: (-75.81, 308.98)
2025-07-17 00:52:04 [INFO] AutoProgram:trigger_flow1:518 - Flow1已觸發 (第109次)
2025-07-17 00:52:04 [INFO] AutoProgram:trigger_flow1:519 - Flow1將從AutoProgram寄存器讀取座標
2025-07-17 00:52:04 [INFO] AutoProgram:coordination_cycle:664 - Flow1已觸發 (座標已準備)
2025-07-17 00:52:04 [INFO] AutoProgram:trigger_flow1:518 - Flow1已觸發 (第110次)
2025-07-17 00:52:04 [INFO] AutoProgram:trigger_flow1:519 - Flow1將從AutoProgram寄存器讀取座標
2025-07-17 00:52:04 [INFO] AutoProgram:coordination_cycle:664 - Flow1已觸發 (座標已準備)
2025-07-17 00:52:04 [DEBUG] AutoProgram:coordination_cycle:607 - prepare_done=False，開始處理新週期
2025-07-17 00:52:04 [DEBUG] AutoProgram:coordination_cycle:660 - 座標已準備，檢查Flow1觸發狀態...
2025-07-17 00:52:04 [INFO] AutoProgram:trigger_flow1:502 - 觸發Flow1取料作業
2025-07-17 00:52:04 [INFO] AutoProgram:trigger_flow1:503 - 目標座標: (-75.81, 308.98)
2025-07-17 00:52:04 [DEBUG] AutoProgram:coordination_cycle:607 - prepare_done=False，開始處理新週期
2025-07-17 00:52:04 [DEBUG] AutoProgram:coordination_cycle:660 - 座標已準備，檢查Flow1觸發狀態...
2025-07-17 00:52:04 [INFO] AutoProgram:trigger_flow1:502 - 觸發Flow1取料作業
2025-07-17 00:52:04 [INFO] AutoProgram:trigger_flow1:503 - 目標座標: (-75.81, 308.98)
2025-07-17 00:52:04 [INFO] AutoProgram:trigger_flow1:518 - Flow1已觸發 (第111次)
2025-07-17 00:52:04 [INFO] AutoProgram:trigger_flow1:519 - Flow1將從AutoProgram寄存器讀取座標
2025-07-17 00:52:04 [INFO] AutoProgram:coordination_cycle:664 - Flow1已觸發 (座標已準備)
2025-07-17 00:52:05 [INFO] AutoProgram:trigger_flow1:518 - Flow1已觸發 (第112次)
2025-07-17 00:52:05 [INFO] AutoProgram:trigger_flow1:519 - Flow1將從AutoProgram寄存器讀取座標
2025-07-17 00:52:05 [INFO] AutoProgram:coordination_cycle:664 - Flow1已觸發 (座標已準備)
2025-07-17 00:52:05 [DEBUG] AutoProgram:coordination_cycle:607 - prepare_done=False，開始處理新週期
2025-07-17 00:52:05 [DEBUG] AutoProgram:coordination_cycle:660 - 座標已準備，檢查Flow1觸發狀態...
2025-07-17 00:52:05 [INFO] AutoProgram:trigger_flow1:502 - 觸發Flow1取料作業
2025-07-17 00:52:05 [INFO] AutoProgram:trigger_flow1:503 - 目標座標: (-75.81, 308.98)
2025-07-17 00:52:05 [DEBUG] AutoProgram:coordination_cycle:607 - prepare_done=False，開始處理新週期
2025-07-17 00:52:05 [DEBUG] AutoProgram:coordination_cycle:660 - 座標已準備，檢查Flow1觸發狀態...
2025-07-17 00:52:05 [INFO] AutoProgram:trigger_flow1:502 - 觸發Flow1取料作業
2025-07-17 00:52:05 [INFO] AutoProgram:trigger_flow1:503 - 目標座標: (-75.81, 308.98)
2025-07-17 00:52:05 [INFO] AutoProgram:trigger_flow1:518 - Flow1已觸發 (第113次)
2025-07-17 00:52:05 [INFO] AutoProgram:trigger_flow1:519 - Flow1將從AutoProgram寄存器讀取座標
2025-07-17 00:52:05 [INFO] AutoProgram:coordination_cycle:664 - Flow1已觸發 (座標已準備)
2025-07-17 00:52:05 [INFO] AutoProgram:trigger_flow1:518 - Flow1已觸發 (第114次)
2025-07-17 00:52:05 [INFO] AutoProgram:trigger_flow1:519 - Flow1將從AutoProgram寄存器讀取座標
2025-07-17 00:52:05 [INFO] AutoProgram:coordination_cycle:664 - Flow1已觸發 (座標已準備)
2025-07-17 00:52:05 [DEBUG] AutoProgram:coordination_cycle:607 - prepare_done=False，開始處理新週期
2025-07-17 00:52:05 [DEBUG] AutoProgram:coordination_cycle:660 - 座標已準備，檢查Flow1觸發狀態...
2025-07-17 00:52:05 [INFO] AutoProgram:trigger_flow1:502 - 觸發Flow1取料作業
2025-07-17 00:52:05 [INFO] AutoProgram:trigger_flow1:503 - 目標座標: (-75.81, 308.98)
2025-07-17 00:52:05 [DEBUG] AutoProgram:coordination_cycle:607 - prepare_done=False，開始處理新週期
2025-07-17 00:52:05 [DEBUG] AutoProgram:coordination_cycle:660 - 座標已準備，檢查Flow1觸發狀態...
2025-07-17 00:52:05 [INFO] AutoProgram:trigger_flow1:502 - 觸發Flow1取料作業
2025-07-17 00:52:05 [INFO] AutoProgram:trigger_flow1:503 - 目標座標: (-75.81, 308.98)
2025-07-17 00:52:05 [INFO] AutoProgram:trigger_flow1:518 - Flow1已觸發 (第115次)
2025-07-17 00:52:05 [INFO] AutoProgram:trigger_flow1:519 - Flow1將從AutoProgram寄存器讀取座標
2025-07-17 00:52:05 [INFO] AutoProgram:coordination_cycle:664 - Flow1已觸發 (座標已準備)
2025-07-17 00:52:05 [INFO] AutoProgram:trigger_flow1:518 - Flow1已觸發 (第116次)
2025-07-17 00:52:05 [INFO] AutoProgram:trigger_flow1:519 - Flow1將從AutoProgram寄存器讀取座標
2025-07-17 00:52:05 [INFO] AutoProgram:coordination_cycle:664 - Flow1已觸發 (座標已準備)
2025-07-17 00:52:05 [DEBUG] AutoProgram:coordination_cycle:607 - prepare_done=False，開始處理新週期
2025-07-17 00:52:05 [DEBUG] AutoProgram:coordination_cycle:660 - 座標已準備，檢查Flow1觸發狀態...
2025-07-17 00:52:05 [INFO] AutoProgram:trigger_flow1:502 - 觸發Flow1取料作業
2025-07-17 00:52:05 [INFO] AutoProgram:trigger_flow1:503 - 目標座標: (-75.81, 308.98)
2025-07-17 00:52:05 [DEBUG] AutoProgram:coordination_cycle:607 - prepare_done=False，開始處理新週期
2025-07-17 00:52:05 [DEBUG] AutoProgram:coordination_cycle:660 - 座標已準備，檢查Flow1觸發狀態...
2025-07-17 00:52:05 [INFO] AutoProgram:trigger_flow1:502 - 觸發Flow1取料作業
2025-07-17 00:52:05 [INFO] AutoProgram:trigger_flow1:503 - 目標座標: (-75.81, 308.98)
2025-07-17 00:52:05 [INFO] AutoProgram:trigger_flow1:518 - Flow1已觸發 (第117次)
2025-07-17 00:52:05 [INFO] AutoProgram:trigger_flow1:519 - Flow1將從AutoProgram寄存器讀取座標
2025-07-17 00:52:05 [INFO] AutoProgram:coordination_cycle:664 - Flow1已觸發 (座標已準備)
2025-07-17 00:52:05 [INFO] AutoProgram:trigger_flow1:518 - Flow1已觸發 (第118次)
2025-07-17 00:52:05 [INFO] AutoProgram:trigger_flow1:519 - Flow1將從AutoProgram寄存器讀取座標
2025-07-17 00:52:05 [INFO] AutoProgram:coordination_cycle:664 - Flow1已觸發 (座標已準備)
2025-07-17 00:52:06 [DEBUG] AutoProgram:coordination_cycle:607 - prepare_done=False，開始處理新週期
2025-07-17 00:52:06 [DEBUG] AutoProgram:coordination_cycle:660 - 座標已準備，檢查Flow1觸發狀態...
2025-07-17 00:52:06 [INFO] AutoProgram:trigger_flow1:502 - 觸發Flow1取料作業
2025-07-17 00:52:06 [INFO] AutoProgram:trigger_flow1:503 - 目標座標: (-75.81, 308.98)
2025-07-17 00:52:06 [DEBUG] AutoProgram:coordination_cycle:607 - prepare_done=False，開始處理新週期
2025-07-17 00:52:06 [DEBUG] AutoProgram:coordination_cycle:660 - 座標已準備，檢查Flow1觸發狀態...
2025-07-17 00:52:06 [INFO] AutoProgram:trigger_flow1:502 - 觸發Flow1取料作業
2025-07-17 00:52:06 [INFO] AutoProgram:trigger_flow1:503 - 目標座標: (-75.81, 308.98)
2025-07-17 00:52:06 [INFO] AutoProgram:trigger_flow1:518 - Flow1已觸發 (第119次)
2025-07-17 00:52:06 [INFO] AutoProgram:trigger_flow1:519 - Flow1將從AutoProgram寄存器讀取座標
2025-07-17 00:52:06 [INFO] AutoProgram:coordination_cycle:664 - Flow1已觸發 (座標已準備)
2025-07-17 00:52:06 [INFO] AutoProgram:trigger_flow1:518 - Flow1已觸發 (第120次)
2025-07-17 00:52:06 [INFO] AutoProgram:trigger_flow1:519 - Flow1將從AutoProgram寄存器讀取座標
2025-07-17 00:52:06 [INFO] AutoProgram:coordination_cycle:664 - Flow1已觸發 (座標已準備)
2025-07-17 00:52:06 [DEBUG] AutoProgram:coordination_cycle:607 - prepare_done=False，開始處理新週期
2025-07-17 00:52:06 [DEBUG] AutoProgram:coordination_cycle:660 - 座標已準備，檢查Flow1觸發狀態...
2025-07-17 00:52:06 [INFO] AutoProgram:trigger_flow1:502 - 觸發Flow1取料作業
2025-07-17 00:52:06 [INFO] AutoProgram:trigger_flow1:503 - 目標座標: (-75.81, 308.98)
2025-07-17 00:52:06 [DEBUG] AutoProgram:coordination_cycle:607 - prepare_done=False，開始處理新週期
2025-07-17 00:52:06 [DEBUG] AutoProgram:coordination_cycle:660 - 座標已準備，檢查Flow1觸發狀態...
2025-07-17 00:52:06 [INFO] AutoProgram:trigger_flow1:502 - 觸發Flow1取料作業
2025-07-17 00:52:06 [INFO] AutoProgram:trigger_flow1:503 - 目標座標: (-75.81, 308.98)
2025-07-17 00:52:06 [INFO] AutoProgram:trigger_flow1:518 - Flow1已觸發 (第121次)
2025-07-17 00:52:06 [INFO] AutoProgram:trigger_flow1:519 - Flow1將從AutoProgram寄存器讀取座標
2025-07-17 00:52:06 [INFO] AutoProgram:coordination_cycle:664 - Flow1已觸發 (座標已準備)
2025-07-17 00:52:06 [INFO] AutoProgram:trigger_flow1:518 - Flow1已觸發 (第122次)
2025-07-17 00:52:06 [INFO] AutoProgram:trigger_flow1:519 - Flow1將從AutoProgram寄存器讀取座標
2025-07-17 00:52:06 [INFO] AutoProgram:coordination_cycle:664 - Flow1已觸發 (座標已準備)
2025-07-17 00:52:06 [DEBUG] AutoProgram:coordination_cycle:607 - prepare_done=False，開始處理新週期
2025-07-17 00:52:06 [DEBUG] AutoProgram:coordination_cycle:660 - 座標已準備，檢查Flow1觸發狀態...
2025-07-17 00:52:06 [INFO] AutoProgram:trigger_flow1:502 - 觸發Flow1取料作業
2025-07-17 00:52:06 [INFO] AutoProgram:trigger_flow1:503 - 目標座標: (-75.81, 308.98)
2025-07-17 00:52:06 [DEBUG] AutoProgram:coordination_cycle:607 - prepare_done=False，開始處理新週期
2025-07-17 00:52:06 [DEBUG] AutoProgram:coordination_cycle:660 - 座標已準備，檢查Flow1觸發狀態...
2025-07-17 00:52:06 [INFO] AutoProgram:trigger_flow1:502 - 觸發Flow1取料作業
2025-07-17 00:52:06 [INFO] AutoProgram:trigger_flow1:503 - 目標座標: (-75.81, 308.98)
2025-07-17 00:52:06 [INFO] AutoProgram:trigger_flow1:518 - Flow1已觸發 (第123次)
2025-07-17 00:52:06 [INFO] AutoProgram:trigger_flow1:519 - Flow1將從AutoProgram寄存器讀取座標
2025-07-17 00:52:06 [INFO] AutoProgram:coordination_cycle:664 - Flow1已觸發 (座標已準備)
2025-07-17 00:52:06 [INFO] AutoProgram:trigger_flow1:518 - Flow1已觸發 (第124次)
2025-07-17 00:52:06 [INFO] AutoProgram:trigger_flow1:519 - Flow1將從AutoProgram寄存器讀取座標
2025-07-17 00:52:06 [INFO] AutoProgram:coordination_cycle:664 - Flow1已觸發 (座標已準備)
2025-07-17 00:52:06 [DEBUG] AutoProgram:coordination_cycle:607 - prepare_done=False，開始處理新週期
2025-07-17 00:52:06 [DEBUG] AutoProgram:coordination_cycle:660 - 座標已準備，檢查Flow1觸發狀態...
2025-07-17 00:52:06 [INFO] AutoProgram:trigger_flow1:502 - 觸發Flow1取料作業
2025-07-17 00:52:06 [INFO] AutoProgram:trigger_flow1:503 - 目標座標: (-75.81, 308.98)
2025-07-17 00:52:07 [DEBUG] AutoProgram:coordination_cycle:607 - prepare_done=False，開始處理新週期
2025-07-17 00:52:07 [DEBUG] AutoProgram:coordination_cycle:660 - 座標已準備，檢查Flow1觸發狀態...
2025-07-17 00:52:07 [INFO] AutoProgram:trigger_flow1:502 - 觸發Flow1取料作業
2025-07-17 00:52:07 [INFO] AutoProgram:trigger_flow1:503 - 目標座標: (-75.81, 308.98)
2025-07-17 00:52:07 [INFO] AutoProgram:trigger_flow1:518 - Flow1已觸發 (第125次)
2025-07-17 00:52:07 [INFO] AutoProgram:trigger_flow1:519 - Flow1將從AutoProgram寄存器讀取座標
2025-07-17 00:52:07 [INFO] AutoProgram:coordination_cycle:664 - Flow1已觸發 (座標已準備)
2025-07-17 00:52:07 [INFO] AutoProgram:trigger_flow1:518 - Flow1已觸發 (第126次)
2025-07-17 00:52:07 [INFO] AutoProgram:trigger_flow1:519 - Flow1將從AutoProgram寄存器讀取座標
2025-07-17 00:52:07 [INFO] AutoProgram:coordination_cycle:664 - Flow1已觸發 (座標已準備)
2025-07-17 00:52:07 [DEBUG] AutoProgram:coordination_cycle:607 - prepare_done=False，開始處理新週期
2025-07-17 00:52:07 [DEBUG] AutoProgram:coordination_cycle:660 - 座標已準備，檢查Flow1觸發狀態...
2025-07-17 00:52:07 [INFO] AutoProgram:trigger_flow1:502 - 觸發Flow1取料作業
2025-07-17 00:52:07 [INFO] AutoProgram:trigger_flow1:503 - 目標座標: (-75.81, 308.98)
2025-07-17 00:52:07 [DEBUG] AutoProgram:coordination_cycle:607 - prepare_done=False，開始處理新週期
2025-07-17 00:52:07 [DEBUG] AutoProgram:coordination_cycle:660 - 座標已準備，檢查Flow1觸發狀態...
2025-07-17 00:52:07 [INFO] AutoProgram:trigger_flow1:502 - 觸發Flow1取料作業
2025-07-17 00:52:07 [INFO] AutoProgram:trigger_flow1:503 - 目標座標: (-75.81, 308.98)
2025-07-17 00:52:07 [INFO] AutoProgram:trigger_flow1:518 - Flow1已觸發 (第127次)
2025-07-17 00:52:07 [INFO] AutoProgram:trigger_flow1:519 - Flow1將從AutoProgram寄存器讀取座標
2025-07-17 00:52:07 [INFO] AutoProgram:coordination_cycle:664 - Flow1已觸發 (座標已準備)
2025-07-17 00:52:07 [INFO] AutoProgram:trigger_flow1:518 - Flow1已觸發 (第128次)
2025-07-17 00:52:07 [INFO] AutoProgram:trigger_flow1:519 - Flow1將從AutoProgram寄存器讀取座標
2025-07-17 00:52:07 [INFO] AutoProgram:coordination_cycle:664 - Flow1已觸發 (座標已準備)
2025-07-17 00:52:07 [DEBUG] AutoProgram:coordination_cycle:607 - prepare_done=False，開始處理新週期
2025-07-17 00:52:07 [DEBUG] AutoProgram:coordination_cycle:660 - 座標已準備，檢查Flow1觸發狀態...
2025-07-17 00:52:07 [INFO] AutoProgram:trigger_flow1:502 - 觸發Flow1取料作業
2025-07-17 00:52:07 [INFO] AutoProgram:trigger_flow1:503 - 目標座標: (-75.81, 308.98)
2025-07-17 00:52:07 [DEBUG] AutoProgram:coordination_cycle:607 - prepare_done=False，開始處理新週期
2025-07-17 00:52:07 [DEBUG] AutoProgram:coordination_cycle:660 - 座標已準備，檢查Flow1觸發狀態...
2025-07-17 00:52:07 [INFO] AutoProgram:trigger_flow1:502 - 觸發Flow1取料作業
2025-07-17 00:52:07 [INFO] AutoProgram:trigger_flow1:503 - 目標座標: (-75.81, 308.98)
2025-07-17 00:52:07 [INFO] AutoProgram:trigger_flow1:518 - Flow1已觸發 (第129次)
2025-07-17 00:52:07 [INFO] AutoProgram:trigger_flow1:519 - Flow1將從AutoProgram寄存器讀取座標
2025-07-17 00:52:07 [INFO] AutoProgram:coordination_cycle:664 - Flow1已觸發 (座標已準備)
2025-07-17 00:52:07 [INFO] AutoProgram:trigger_flow1:518 - Flow1已觸發 (第130次)
2025-07-17 00:52:07 [INFO] AutoProgram:trigger_flow1:519 - Flow1將從AutoProgram寄存器讀取座標
2025-07-17 00:52:07 [INFO] AutoProgram:coordination_cycle:664 - Flow1已觸發 (座標已準備)
2025-07-17 00:52:07 [DEBUG] AutoProgram:coordination_cycle:607 - prepare_done=False，開始處理新週期
2025-07-17 00:52:07 [DEBUG] AutoProgram:coordination_cycle:660 - 座標已準備，檢查Flow1觸發狀態...
2025-07-17 00:52:07 [INFO] AutoProgram:trigger_flow1:502 - 觸發Flow1取料作業
2025-07-17 00:52:07 [INFO] AutoProgram:trigger_flow1:503 - 目標座標: (-75.81, 308.98)
2025-07-17 00:52:07 [DEBUG] AutoProgram:coordination_cycle:607 - prepare_done=False，開始處理新週期
2025-07-17 00:52:07 [DEBUG] AutoProgram:coordination_cycle:660 - 座標已準備，檢查Flow1觸發狀態...
2025-07-17 00:52:07 [INFO] AutoProgram:trigger_flow1:502 - 觸發Flow1取料作業
2025-07-17 00:52:07 [INFO] AutoProgram:trigger_flow1:503 - 目標座標: (-75.81, 308.98)
2025-07-17 00:52:07 [INFO] AutoProgram:trigger_flow1:518 - Flow1已觸發 (第131次)
2025-07-17 00:52:07 [INFO] AutoProgram:trigger_flow1:519 - Flow1將從AutoProgram寄存器讀取座標
2025-07-17 00:52:07 [INFO] AutoProgram:coordination_cycle:664 - Flow1已觸發 (座標已準備)
2025-07-17 00:52:08 [INFO] AutoProgram:trigger_flow1:518 - Flow1已觸發 (第132次)
2025-07-17 00:52:08 [INFO] AutoProgram:trigger_flow1:519 - Flow1將從AutoProgram寄存器讀取座標
2025-07-17 00:52:08 [INFO] AutoProgram:coordination_cycle:664 - Flow1已觸發 (座標已準備)
2025-07-17 00:52:08 [DEBUG] AutoProgram:coordination_cycle:607 - prepare_done=False，開始處理新週期
2025-07-17 00:52:08 [DEBUG] AutoProgram:coordination_cycle:660 - 座標已準備，檢查Flow1觸發狀態...
2025-07-17 00:52:08 [INFO] AutoProgram:trigger_flow1:502 - 觸發Flow1取料作業
2025-07-17 00:52:08 [INFO] AutoProgram:trigger_flow1:503 - 目標座標: (-75.81, 308.98)
2025-07-17 00:52:08 [DEBUG] AutoProgram:coordination_cycle:607 - prepare_done=False，開始處理新週期
2025-07-17 00:52:08 [DEBUG] AutoProgram:coordination_cycle:660 - 座標已準備，檢查Flow1觸發狀態...
2025-07-17 00:52:08 [INFO] AutoProgram:trigger_flow1:502 - 觸發Flow1取料作業
2025-07-17 00:52:08 [INFO] AutoProgram:trigger_flow1:503 - 目標座標: (-75.81, 308.98)
2025-07-17 00:52:08 [INFO] AutoProgram:trigger_flow1:518 - Flow1已觸發 (第133次)
2025-07-17 00:52:08 [INFO] AutoProgram:trigger_flow1:519 - Flow1將從AutoProgram寄存器讀取座標
2025-07-17 00:52:08 [INFO] AutoProgram:coordination_cycle:664 - Flow1已觸發 (座標已準備)
2025-07-17 00:52:08 [INFO] AutoProgram:trigger_flow1:518 - Flow1已觸發 (第134次)
2025-07-17 00:52:08 [INFO] AutoProgram:trigger_flow1:519 - Flow1將從AutoProgram寄存器讀取座標
2025-07-17 00:52:08 [INFO] AutoProgram:coordination_cycle:664 - Flow1已觸發 (座標已準備)
2025-07-17 00:52:08 [DEBUG] AutoProgram:coordination_cycle:607 - prepare_done=False，開始處理新週期
2025-07-17 00:52:08 [DEBUG] AutoProgram:coordination_cycle:660 - 座標已準備，檢查Flow1觸發狀態...
2025-07-17 00:52:08 [INFO] AutoProgram:trigger_flow1:502 - 觸發Flow1取料作業
2025-07-17 00:52:08 [INFO] AutoProgram:trigger_flow1:503 - 目標座標: (-75.81, 308.98)
2025-07-17 00:52:08 [DEBUG] AutoProgram:coordination_cycle:607 - prepare_done=False，開始處理新週期
2025-07-17 00:52:08 [DEBUG] AutoProgram:coordination_cycle:660 - 座標已準備，檢查Flow1觸發狀態...
2025-07-17 00:52:08 [INFO] AutoProgram:trigger_flow1:502 - 觸發Flow1取料作業
2025-07-17 00:52:08 [INFO] AutoProgram:trigger_flow1:503 - 目標座標: (-75.81, 308.98)
2025-07-17 00:52:08 [INFO] AutoProgram:trigger_flow1:518 - Flow1已觸發 (第135次)
2025-07-17 00:52:08 [INFO] AutoProgram:trigger_flow1:519 - Flow1將從AutoProgram寄存器讀取座標
2025-07-17 00:52:08 [INFO] AutoProgram:coordination_cycle:664 - Flow1已觸發 (座標已準備)
2025-07-17 00:52:08 [INFO] AutoProgram:trigger_flow1:518 - Flow1已觸發 (第136次)
2025-07-17 00:52:08 [INFO] AutoProgram:trigger_flow1:519 - Flow1將從AutoProgram寄存器讀取座標
2025-07-17 00:52:08 [INFO] AutoProgram:coordination_cycle:664 - Flow1已觸發 (座標已準備)
2025-07-17 00:52:08 [DEBUG] AutoProgram:coordination_cycle:607 - prepare_done=False，開始處理新週期
2025-07-17 00:52:08 [DEBUG] AutoProgram:coordination_cycle:660 - 座標已準備，檢查Flow1觸發狀態...
2025-07-17 00:52:08 [INFO] AutoProgram:trigger_flow1:502 - 觸發Flow1取料作業
2025-07-17 00:52:08 [INFO] AutoProgram:trigger_flow1:503 - 目標座標: (-75.81, 308.98)
2025-07-17 00:52:08 [DEBUG] AutoProgram:coordination_cycle:607 - prepare_done=False，開始處理新週期
2025-07-17 00:52:08 [DEBUG] AutoProgram:coordination_cycle:660 - 座標已準備，檢查Flow1觸發狀態...
2025-07-17 00:52:08 [INFO] AutoProgram:trigger_flow1:502 - 觸發Flow1取料作業
2025-07-17 00:52:08 [INFO] AutoProgram:trigger_flow1:503 - 目標座標: (-75.81, 308.98)
2025-07-17 00:52:08 [INFO] AutoProgram:trigger_flow1:518 - Flow1已觸發 (第137次)
2025-07-17 00:52:08 [INFO] AutoProgram:trigger_flow1:519 - Flow1將從AutoProgram寄存器讀取座標
2025-07-17 00:52:08 [INFO] AutoProgram:coordination_cycle:664 - Flow1已觸發 (座標已準備)
2025-07-17 00:52:08 [INFO] AutoProgram:trigger_flow1:518 - Flow1已觸發 (第138次)
2025-07-17 00:52:08 [INFO] AutoProgram:trigger_flow1:519 - Flow1將從AutoProgram寄存器讀取座標
2025-07-17 00:52:08 [INFO] AutoProgram:coordination_cycle:664 - Flow1已觸發 (座標已準備)
2025-07-17 00:52:09 [DEBUG] AutoProgram:coordination_cycle:607 - prepare_done=False，開始處理新週期
2025-07-17 00:52:09 [DEBUG] AutoProgram:coordination_cycle:660 - 座標已準備，檢查Flow1觸發狀態...
2025-07-17 00:52:09 [INFO] AutoProgram:trigger_flow1:502 - 觸發Flow1取料作業
2025-07-17 00:52:09 [INFO] AutoProgram:trigger_flow1:503 - 目標座標: (-75.81, 308.98)
2025-07-17 00:52:09 [DEBUG] AutoProgram:coordination_cycle:607 - prepare_done=False，開始處理新週期
2025-07-17 00:52:09 [DEBUG] AutoProgram:coordination_cycle:660 - 座標已準備，檢查Flow1觸發狀態...
2025-07-17 00:52:09 [INFO] AutoProgram:trigger_flow1:502 - 觸發Flow1取料作業
2025-07-17 00:52:09 [INFO] AutoProgram:trigger_flow1:503 - 目標座標: (-75.81, 308.98)
2025-07-17 00:52:09 [INFO] AutoProgram:trigger_flow1:518 - Flow1已觸發 (第139次)
2025-07-17 00:52:09 [INFO] AutoProgram:trigger_flow1:519 - Flow1將從AutoProgram寄存器讀取座標
2025-07-17 00:52:09 [INFO] AutoProgram:coordination_cycle:664 - Flow1已觸發 (座標已準備)
2025-07-17 00:52:09 [INFO] AutoProgram:trigger_flow1:518 - Flow1已觸發 (第140次)
2025-07-17 00:52:09 [INFO] AutoProgram:trigger_flow1:519 - Flow1將從AutoProgram寄存器讀取座標
2025-07-17 00:52:09 [INFO] AutoProgram:coordination_cycle:664 - Flow1已觸發 (座標已準備)
2025-07-17 00:52:09 [DEBUG] AutoProgram:coordination_cycle:607 - prepare_done=False，開始處理新週期
2025-07-17 00:52:09 [DEBUG] AutoProgram:coordination_cycle:660 - 座標已準備，檢查Flow1觸發狀態...
2025-07-17 00:52:09 [INFO] AutoProgram:trigger_flow1:502 - 觸發Flow1取料作業
2025-07-17 00:52:09 [INFO] AutoProgram:trigger_flow1:503 - 目標座標: (-75.81, 308.98)
2025-07-17 00:52:09 [DEBUG] AutoProgram:coordination_cycle:607 - prepare_done=False，開始處理新週期
2025-07-17 00:52:09 [DEBUG] AutoProgram:coordination_cycle:660 - 座標已準備，檢查Flow1觸發狀態...
2025-07-17 00:52:09 [INFO] AutoProgram:trigger_flow1:502 - 觸發Flow1取料作業
2025-07-17 00:52:09 [INFO] AutoProgram:trigger_flow1:503 - 目標座標: (-75.81, 308.98)
2025-07-17 00:52:09 [INFO] AutoProgram:trigger_flow1:518 - Flow1已觸發 (第141次)
2025-07-17 00:52:09 [INFO] AutoProgram:trigger_flow1:519 - Flow1將從AutoProgram寄存器讀取座標
2025-07-17 00:52:09 [INFO] AutoProgram:coordination_cycle:664 - Flow1已觸發 (座標已準備)
2025-07-17 00:52:09 [INFO] AutoProgram:trigger_flow1:518 - Flow1已觸發 (第142次)
2025-07-17 00:52:09 [INFO] AutoProgram:trigger_flow1:519 - Flow1將從AutoProgram寄存器讀取座標
2025-07-17 00:52:09 [INFO] AutoProgram:coordination_cycle:664 - Flow1已觸發 (座標已準備)
2025-07-17 00:52:09 [DEBUG] AutoProgram:coordination_cycle:607 - prepare_done=False，開始處理新週期
2025-07-17 00:52:09 [DEBUG] AutoProgram:coordination_cycle:660 - 座標已準備，檢查Flow1觸發狀態...
2025-07-17 00:52:09 [INFO] AutoProgram:trigger_flow1:502 - 觸發Flow1取料作業
2025-07-17 00:52:09 [INFO] AutoProgram:trigger_flow1:503 - 目標座標: (-75.81, 308.98)
2025-07-17 00:52:09 [DEBUG] AutoProgram:coordination_cycle:607 - prepare_done=False，開始處理新週期
2025-07-17 00:52:09 [DEBUG] AutoProgram:coordination_cycle:660 - 座標已準備，檢查Flow1觸發狀態...
2025-07-17 00:52:09 [INFO] AutoProgram:trigger_flow1:502 - 觸發Flow1取料作業
2025-07-17 00:52:09 [INFO] AutoProgram:trigger_flow1:503 - 目標座標: (-75.81, 308.98)
2025-07-17 00:52:09 [INFO] AutoProgram:trigger_flow1:518 - Flow1已觸發 (第143次)
2025-07-17 00:52:09 [INFO] AutoProgram:trigger_flow1:519 - Flow1將從AutoProgram寄存器讀取座標
2025-07-17 00:52:09 [INFO] AutoProgram:coordination_cycle:664 - Flow1已觸發 (座標已準備)
2025-07-17 00:52:09 [INFO] AutoProgram:trigger_flow1:518 - Flow1已觸發 (第144次)
2025-07-17 00:52:09 [INFO] AutoProgram:trigger_flow1:519 - Flow1將從AutoProgram寄存器讀取座標
2025-07-17 00:52:09 [INFO] AutoProgram:coordination_cycle:664 - Flow1已觸發 (座標已準備)
2025-07-17 00:52:10 [DEBUG] AutoProgram:coordination_cycle:607 - prepare_done=False，開始處理新週期
2025-07-17 00:52:10 [DEBUG] AutoProgram:coordination_cycle:660 - 座標已準備，檢查Flow1觸發狀態...
2025-07-17 00:52:10 [INFO] AutoProgram:trigger_flow1:502 - 觸發Flow1取料作業
2025-07-17 00:52:10 [INFO] AutoProgram:trigger_flow1:503 - 目標座標: (-75.81, 308.98)
2025-07-17 00:52:10 [DEBUG] AutoProgram:coordination_cycle:607 - prepare_done=False，開始處理新週期
2025-07-17 00:52:10 [DEBUG] AutoProgram:coordination_cycle:660 - 座標已準備，檢查Flow1觸發狀態...
2025-07-17 00:52:10 [INFO] AutoProgram:trigger_flow1:502 - 觸發Flow1取料作業
2025-07-17 00:52:10 [INFO] AutoProgram:trigger_flow1:503 - 目標座標: (-75.81, 308.98)
2025-07-17 00:52:10 [INFO] AutoProgram:trigger_flow1:518 - Flow1已觸發 (第145次)
2025-07-17 00:52:10 [INFO] AutoProgram:trigger_flow1:519 - Flow1將從AutoProgram寄存器讀取座標
2025-07-17 00:52:10 [INFO] AutoProgram:coordination_cycle:664 - Flow1已觸發 (座標已準備)
2025-07-17 00:52:10 [INFO] AutoProgram:trigger_flow1:518 - Flow1已觸發 (第146次)
2025-07-17 00:52:10 [INFO] AutoProgram:trigger_flow1:519 - Flow1將從AutoProgram寄存器讀取座標
2025-07-17 00:52:10 [INFO] AutoProgram:coordination_cycle:664 - Flow1已觸發 (座標已準備)
2025-07-17 00:52:10 [DEBUG] AutoProgram:coordination_cycle:607 - prepare_done=False，開始處理新週期
2025-07-17 00:52:10 [DEBUG] AutoProgram:coordination_cycle:660 - 座標已準備，檢查Flow1觸發狀態...
2025-07-17 00:52:10 [INFO] AutoProgram:trigger_flow1:502 - 觸發Flow1取料作業
2025-07-17 00:52:10 [INFO] AutoProgram:trigger_flow1:503 - 目標座標: (-75.81, 308.98)
2025-07-17 00:52:10 [DEBUG] AutoProgram:coordination_cycle:607 - prepare_done=False，開始處理新週期
2025-07-17 00:52:10 [DEBUG] AutoProgram:coordination_cycle:660 - 座標已準備，檢查Flow1觸發狀態...
2025-07-17 00:52:10 [INFO] AutoProgram:trigger_flow1:502 - 觸發Flow1取料作業
2025-07-17 00:52:10 [INFO] AutoProgram:trigger_flow1:503 - 目標座標: (-75.81, 308.98)
2025-07-17 00:52:10 [INFO] AutoProgram:trigger_flow1:518 - Flow1已觸發 (第147次)
2025-07-17 00:52:10 [INFO] AutoProgram:trigger_flow1:519 - Flow1將從AutoProgram寄存器讀取座標
2025-07-17 00:52:10 [INFO] AutoProgram:coordination_cycle:664 - Flow1已觸發 (座標已準備)
2025-07-17 00:52:10 [INFO] AutoProgram:trigger_flow1:518 - Flow1已觸發 (第148次)
2025-07-17 00:52:10 [INFO] AutoProgram:trigger_flow1:519 - Flow1將從AutoProgram寄存器讀取座標
2025-07-17 00:52:10 [INFO] AutoProgram:coordination_cycle:664 - Flow1已觸發 (座標已準備)
2025-07-17 00:52:10 [DEBUG] AutoProgram:coordination_cycle:575 - 週期150: prepare_done=False, coords_ready=True, Flow1運行中=False, DR_F可用=True, 自動程序啟用=True
2025-07-17 00:52:10 [DEBUG] AutoProgram:coordination_cycle:607 - prepare_done=False，開始處理新週期
2025-07-17 00:52:10 [DEBUG] AutoProgram:coordination_cycle:660 - 座標已準備，檢查Flow1觸發狀態...
2025-07-17 00:52:10 [INFO] AutoProgram:trigger_flow1:502 - 觸發Flow1取料作業
2025-07-17 00:52:10 [INFO] AutoProgram:trigger_flow1:503 - 目標座標: (-75.81, 308.98)
2025-07-17 00:52:10 [DEBUG] AutoProgram:coordination_cycle:607 - prepare_done=False，開始處理新週期
2025-07-17 00:52:10 [DEBUG] AutoProgram:coordination_cycle:660 - 座標已準備，檢查Flow1觸發狀態...
2025-07-17 00:52:10 [INFO] AutoProgram:trigger_flow1:502 - 觸發Flow1取料作業
2025-07-17 00:52:10 [INFO] AutoProgram:trigger_flow1:503 - 目標座標: (-75.81, 308.98)
2025-07-17 00:52:10 [INFO] AutoProgram:trigger_flow1:518 - Flow1已觸發 (第149次)
2025-07-17 00:52:10 [INFO] AutoProgram:trigger_flow1:519 - Flow1將從AutoProgram寄存器讀取座標
2025-07-17 00:52:10 [INFO] AutoProgram:coordination_cycle:664 - Flow1已觸發 (座標已準備)
2025-07-17 00:52:10 [INFO] AutoProgram:trigger_flow1:518 - Flow1已觸發 (第150次)
2025-07-17 00:52:10 [INFO] AutoProgram:trigger_flow1:519 - Flow1將從AutoProgram寄存器讀取座標
2025-07-17 00:52:10 [INFO] AutoProgram:coordination_cycle:664 - Flow1已觸發 (座標已準備)
2025-07-17 00:52:10 [DEBUG] AutoProgram:coordination_cycle:607 - prepare_done=False，開始處理新週期
2025-07-17 00:52:10 [DEBUG] AutoProgram:coordination_cycle:660 - 座標已準備，檢查Flow1觸發狀態...
2025-07-17 00:52:10 [INFO] AutoProgram:trigger_flow1:502 - 觸發Flow1取料作業
2025-07-17 00:52:10 [INFO] AutoProgram:trigger_flow1:503 - 目標座標: (-75.81, 308.98)
2025-07-17 00:52:11 [DEBUG] AutoProgram:coordination_cycle:607 - prepare_done=False，開始處理新週期
2025-07-17 00:52:11 [DEBUG] AutoProgram:coordination_cycle:660 - 座標已準備，檢查Flow1觸發狀態...
2025-07-17 00:52:11 [INFO] AutoProgram:trigger_flow1:502 - 觸發Flow1取料作業
2025-07-17 00:52:11 [INFO] AutoProgram:trigger_flow1:503 - 目標座標: (-75.81, 308.98)
2025-07-17 00:52:11 [INFO] AutoProgram:trigger_flow1:518 - Flow1已觸發 (第151次)
2025-07-17 00:52:11 [INFO] AutoProgram:trigger_flow1:519 - Flow1將從AutoProgram寄存器讀取座標
2025-07-17 00:52:11 [INFO] AutoProgram:coordination_cycle:664 - Flow1已觸發 (座標已準備)
2025-07-17 00:52:11 [INFO] AutoProgram:trigger_flow1:518 - Flow1已觸發 (第152次)
2025-07-17 00:52:11 [INFO] AutoProgram:trigger_flow1:519 - Flow1將從AutoProgram寄存器讀取座標
2025-07-17 00:52:11 [INFO] AutoProgram:coordination_cycle:664 - Flow1已觸發 (座標已準備)
2025-07-17 00:52:11 [DEBUG] AutoProgram:coordination_cycle:607 - prepare_done=False，開始處理新週期
2025-07-17 00:52:11 [DEBUG] AutoProgram:coordination_cycle:660 - 座標已準備，檢查Flow1觸發狀態...
2025-07-17 00:52:11 [INFO] AutoProgram:trigger_flow1:502 - 觸發Flow1取料作業
2025-07-17 00:52:11 [INFO] AutoProgram:trigger_flow1:503 - 目標座標: (-75.81, 308.98)
2025-07-17 00:52:11 [DEBUG] AutoProgram:coordination_cycle:607 - prepare_done=False，開始處理新週期
2025-07-17 00:52:11 [DEBUG] AutoProgram:coordination_cycle:660 - 座標已準備，檢查Flow1觸發狀態...
2025-07-17 00:52:11 [INFO] AutoProgram:trigger_flow1:502 - 觸發Flow1取料作業
2025-07-17 00:52:11 [INFO] AutoProgram:trigger_flow1:503 - 目標座標: (-75.81, 308.98)
2025-07-17 00:52:11 [INFO] AutoProgram:trigger_flow1:518 - Flow1已觸發 (第153次)
2025-07-17 00:52:11 [INFO] AutoProgram:trigger_flow1:519 - Flow1將從AutoProgram寄存器讀取座標
2025-07-17 00:52:11 [INFO] AutoProgram:coordination_cycle:664 - Flow1已觸發 (座標已準備)
2025-07-17 00:52:11 [INFO] AutoProgram:trigger_flow1:518 - Flow1已觸發 (第154次)
2025-07-17 00:52:11 [INFO] AutoProgram:trigger_flow1:519 - Flow1將從AutoProgram寄存器讀取座標
2025-07-17 00:52:11 [INFO] AutoProgram:coordination_cycle:664 - Flow1已觸發 (座標已準備)
2025-07-17 00:52:11 [DEBUG] AutoProgram:coordination_cycle:607 - prepare_done=False，開始處理新週期
2025-07-17 00:52:11 [DEBUG] AutoProgram:coordination_cycle:660 - 座標已準備，檢查Flow1觸發狀態...
2025-07-17 00:52:11 [INFO] AutoProgram:trigger_flow1:502 - 觸發Flow1取料作業
2025-07-17 00:52:11 [INFO] AutoProgram:trigger_flow1:503 - 目標座標: (-75.81, 308.98)
2025-07-17 00:52:11 [DEBUG] AutoProgram:coordination_cycle:607 - prepare_done=False，開始處理新週期
2025-07-17 00:52:11 [DEBUG] AutoProgram:coordination_cycle:660 - 座標已準備，檢查Flow1觸發狀態...
2025-07-17 00:52:11 [INFO] AutoProgram:trigger_flow1:502 - 觸發Flow1取料作業
2025-07-17 00:52:11 [INFO] AutoProgram:trigger_flow1:503 - 目標座標: (-75.81, 308.98)
2025-07-17 00:52:11 [INFO] AutoProgram:trigger_flow1:518 - Flow1已觸發 (第155次)
2025-07-17 00:52:11 [INFO] AutoProgram:trigger_flow1:519 - Flow1將從AutoProgram寄存器讀取座標
2025-07-17 00:52:11 [INFO] AutoProgram:coordination_cycle:664 - Flow1已觸發 (座標已準備)
2025-07-17 00:52:11 [INFO] AutoProgram:trigger_flow1:518 - Flow1已觸發 (第156次)
2025-07-17 00:52:11 [INFO] AutoProgram:trigger_flow1:519 - Flow1將從AutoProgram寄存器讀取座標
2025-07-17 00:52:11 [INFO] AutoProgram:coordination_cycle:664 - Flow1已觸發 (座標已準備)
2025-07-17 00:52:11 [DEBUG] AutoProgram:coordination_cycle:607 - prepare_done=False，開始處理新週期
2025-07-17 00:52:11 [DEBUG] AutoProgram:coordination_cycle:660 - 座標已準備，檢查Flow1觸發狀態...
2025-07-17 00:52:11 [INFO] AutoProgram:trigger_flow1:502 - 觸發Flow1取料作業
2025-07-17 00:52:11 [INFO] AutoProgram:trigger_flow1:503 - 目標座標: (-75.81, 308.98)
2025-07-17 00:52:11 [DEBUG] AutoProgram:coordination_cycle:607 - prepare_done=False，開始處理新週期
2025-07-17 00:52:11 [DEBUG] AutoProgram:coordination_cycle:660 - 座標已準備，檢查Flow1觸發狀態...
2025-07-17 00:52:11 [INFO] AutoProgram:trigger_flow1:502 - 觸發Flow1取料作業
2025-07-17 00:52:11 [INFO] AutoProgram:trigger_flow1:503 - 目標座標: (-75.81, 308.98)
2025-07-17 00:52:11 [INFO] AutoProgram:trigger_flow1:518 - Flow1已觸發 (第157次)
2025-07-17 00:52:11 [INFO] AutoProgram:trigger_flow1:519 - Flow1將從AutoProgram寄存器讀取座標
2025-07-17 00:52:11 [INFO] AutoProgram:coordination_cycle:664 - Flow1已觸發 (座標已準備)
2025-07-17 00:52:12 [INFO] AutoProgram:trigger_flow1:518 - Flow1已觸發 (第158次)
2025-07-17 00:52:12 [INFO] AutoProgram:trigger_flow1:519 - Flow1將從AutoProgram寄存器讀取座標
2025-07-17 00:52:12 [INFO] AutoProgram:coordination_cycle:664 - Flow1已觸發 (座標已準備)
2025-07-17 00:52:12 [DEBUG] AutoProgram:coordination_cycle:607 - prepare_done=False，開始處理新週期
2025-07-17 00:52:12 [DEBUG] AutoProgram:coordination_cycle:660 - 座標已準備，檢查Flow1觸發狀態...
2025-07-17 00:52:12 [INFO] AutoProgram:trigger_flow1:502 - 觸發Flow1取料作業
2025-07-17 00:52:12 [INFO] AutoProgram:trigger_flow1:503 - 目標座標: (-75.81, 308.98)
2025-07-17 00:52:12 [DEBUG] AutoProgram:coordination_cycle:607 - prepare_done=False，開始處理新週期
2025-07-17 00:52:12 [DEBUG] AutoProgram:coordination_cycle:660 - 座標已準備，檢查Flow1觸發狀態...
2025-07-17 00:52:12 [INFO] AutoProgram:trigger_flow1:502 - 觸發Flow1取料作業
2025-07-17 00:52:12 [INFO] AutoProgram:trigger_flow1:503 - 目標座標: (-75.81, 308.98)
2025-07-17 00:52:12 [INFO] AutoProgram:trigger_flow1:518 - Flow1已觸發 (第159次)
2025-07-17 00:52:12 [INFO] AutoProgram:trigger_flow1:519 - Flow1將從AutoProgram寄存器讀取座標
2025-07-17 00:52:12 [INFO] AutoProgram:coordination_cycle:664 - Flow1已觸發 (座標已準備)
2025-07-17 00:52:12 [INFO] AutoProgram:trigger_flow1:518 - Flow1已觸發 (第160次)
2025-07-17 00:52:12 [INFO] AutoProgram:trigger_flow1:519 - Flow1將從AutoProgram寄存器讀取座標
2025-07-17 00:52:12 [INFO] AutoProgram:coordination_cycle:664 - Flow1已觸發 (座標已準備)
2025-07-17 00:52:12 [DEBUG] AutoProgram:coordination_cycle:607 - prepare_done=False，開始處理新週期
2025-07-17 00:52:12 [DEBUG] AutoProgram:coordination_cycle:660 - 座標已準備，檢查Flow1觸發狀態...
2025-07-17 00:52:12 [INFO] AutoProgram:trigger_flow1:502 - 觸發Flow1取料作業
2025-07-17 00:52:12 [INFO] AutoProgram:trigger_flow1:503 - 目標座標: (-75.81, 308.98)
2025-07-17 00:52:12 [DEBUG] AutoProgram:coordination_cycle:607 - prepare_done=False，開始處理新週期
2025-07-17 00:52:12 [DEBUG] AutoProgram:coordination_cycle:660 - 座標已準備，檢查Flow1觸發狀態...
2025-07-17 00:52:12 [INFO] AutoProgram:trigger_flow1:502 - 觸發Flow1取料作業
2025-07-17 00:52:12 [INFO] AutoProgram:trigger_flow1:503 - 目標座標: (-75.81, 308.98)
2025-07-17 00:52:12 [INFO] AutoProgram:trigger_flow1:518 - Flow1已觸發 (第161次)
2025-07-17 00:52:12 [INFO] AutoProgram:trigger_flow1:519 - Flow1將從AutoProgram寄存器讀取座標
2025-07-17 00:52:12 [INFO] AutoProgram:coordination_cycle:664 - Flow1已觸發 (座標已準備)
2025-07-17 00:52:12 [INFO] AutoProgram:trigger_flow1:518 - Flow1已觸發 (第162次)
2025-07-17 00:52:12 [INFO] AutoProgram:trigger_flow1:519 - Flow1將從AutoProgram寄存器讀取座標
2025-07-17 00:52:12 [INFO] AutoProgram:coordination_cycle:664 - Flow1已觸發 (座標已準備)
2025-07-17 00:52:12 [DEBUG] AutoProgram:coordination_cycle:607 - prepare_done=False，開始處理新週期
2025-07-17 00:52:12 [DEBUG] AutoProgram:coordination_cycle:660 - 座標已準備，檢查Flow1觸發狀態...
2025-07-17 00:52:12 [INFO] AutoProgram:trigger_flow1:502 - 觸發Flow1取料作業
2025-07-17 00:52:12 [INFO] AutoProgram:trigger_flow1:503 - 目標座標: (-75.81, 308.98)
2025-07-17 00:52:12 [DEBUG] AutoProgram:coordination_cycle:607 - prepare_done=False，開始處理新週期
2025-07-17 00:52:12 [DEBUG] AutoProgram:coordination_cycle:660 - 座標已準備，檢查Flow1觸發狀態...
2025-07-17 00:52:12 [INFO] AutoProgram:trigger_flow1:502 - 觸發Flow1取料作業
2025-07-17 00:52:12 [INFO] AutoProgram:trigger_flow1:503 - 目標座標: (-75.81, 308.98)
2025-07-17 00:52:12 [INFO] AutoProgram:trigger_flow1:518 - Flow1已觸發 (第163次)
2025-07-17 00:52:12 [INFO] AutoProgram:trigger_flow1:519 - Flow1將從AutoProgram寄存器讀取座標
2025-07-17 00:52:12 [INFO] AutoProgram:coordination_cycle:664 - Flow1已觸發 (座標已準備)
2025-07-17 00:52:12 [INFO] AutoProgram:trigger_flow1:518 - Flow1已觸發 (第164次)
2025-07-17 00:52:12 [INFO] AutoProgram:trigger_flow1:519 - Flow1將從AutoProgram寄存器讀取座標
2025-07-17 00:52:12 [INFO] AutoProgram:coordination_cycle:664 - Flow1已觸發 (座標已準備)
2025-07-17 00:52:13 [DEBUG] AutoProgram:coordination_cycle:607 - prepare_done=False，開始處理新週期
2025-07-17 00:52:13 [DEBUG] AutoProgram:coordination_cycle:660 - 座標已準備，檢查Flow1觸發狀態...
2025-07-17 00:52:13 [INFO] AutoProgram:trigger_flow1:502 - 觸發Flow1取料作業
2025-07-17 00:52:13 [INFO] AutoProgram:trigger_flow1:503 - 目標座標: (-75.81, 308.98)
2025-07-17 00:52:13 [DEBUG] AutoProgram:coordination_cycle:607 - prepare_done=False，開始處理新週期
2025-07-17 00:52:13 [DEBUG] AutoProgram:coordination_cycle:660 - 座標已準備，檢查Flow1觸發狀態...
2025-07-17 00:52:13 [INFO] AutoProgram:trigger_flow1:502 - 觸發Flow1取料作業
2025-07-17 00:52:13 [INFO] AutoProgram:trigger_flow1:503 - 目標座標: (-75.81, 308.98)
2025-07-17 00:52:13 [INFO] AutoProgram:trigger_flow1:518 - Flow1已觸發 (第165次)
2025-07-17 00:52:13 [INFO] AutoProgram:trigger_flow1:519 - Flow1將從AutoProgram寄存器讀取座標
2025-07-17 00:52:13 [INFO] AutoProgram:coordination_cycle:664 - Flow1已觸發 (座標已準備)
2025-07-17 00:52:13 [INFO] AutoProgram:trigger_flow1:518 - Flow1已觸發 (第166次)
2025-07-17 00:52:13 [INFO] AutoProgram:trigger_flow1:519 - Flow1將從AutoProgram寄存器讀取座標
2025-07-17 00:52:13 [INFO] AutoProgram:coordination_cycle:664 - Flow1已觸發 (座標已準備)
2025-07-17 00:52:13 [DEBUG] AutoProgram:coordination_cycle:607 - prepare_done=False，開始處理新週期
2025-07-17 00:52:13 [DEBUG] AutoProgram:coordination_cycle:660 - 座標已準備，檢查Flow1觸發狀態...
2025-07-17 00:52:13 [INFO] AutoProgram:trigger_flow1:502 - 觸發Flow1取料作業
2025-07-17 00:52:13 [INFO] AutoProgram:trigger_flow1:503 - 目標座標: (-75.81, 308.98)
2025-07-17 00:52:13 [DEBUG] AutoProgram:coordination_cycle:607 - prepare_done=False，開始處理新週期
2025-07-17 00:52:13 [DEBUG] AutoProgram:coordination_cycle:660 - 座標已準備，檢查Flow1觸發狀態...
2025-07-17 00:52:13 [INFO] AutoProgram:trigger_flow1:502 - 觸發Flow1取料作業
2025-07-17 00:52:13 [INFO] AutoProgram:trigger_flow1:503 - 目標座標: (-75.81, 308.98)
2025-07-17 00:52:13 [INFO] AutoProgram:trigger_flow1:518 - Flow1已觸發 (第167次)
2025-07-17 00:52:13 [INFO] AutoProgram:trigger_flow1:519 - Flow1將從AutoProgram寄存器讀取座標
2025-07-17 00:52:13 [INFO] AutoProgram:coordination_cycle:664 - Flow1已觸發 (座標已準備)
2025-07-17 00:52:13 [INFO] AutoProgram:trigger_flow1:518 - Flow1已觸發 (第168次)
2025-07-17 00:52:13 [INFO] AutoProgram:trigger_flow1:519 - Flow1將從AutoProgram寄存器讀取座標
2025-07-17 00:52:13 [INFO] AutoProgram:coordination_cycle:664 - Flow1已觸發 (座標已準備)
2025-07-17 00:52:13 [DEBUG] AutoProgram:coordination_cycle:607 - prepare_done=False，開始處理新週期
2025-07-17 00:52:13 [DEBUG] AutoProgram:coordination_cycle:660 - 座標已準備，檢查Flow1觸發狀態...
2025-07-17 00:52:13 [INFO] AutoProgram:trigger_flow1:502 - 觸發Flow1取料作業
2025-07-17 00:52:13 [INFO] AutoProgram:trigger_flow1:503 - 目標座標: (-75.81, 308.98)
2025-07-17 00:52:13 [DEBUG] AutoProgram:coordination_cycle:607 - prepare_done=False，開始處理新週期
2025-07-17 00:52:13 [DEBUG] AutoProgram:coordination_cycle:660 - 座標已準備，檢查Flow1觸發狀態...
2025-07-17 00:52:13 [INFO] AutoProgram:trigger_flow1:502 - 觸發Flow1取料作業
2025-07-17 00:52:13 [INFO] AutoProgram:trigger_flow1:503 - 目標座標: (-75.81, 308.98)
2025-07-17 00:52:13 [INFO] AutoProgram:trigger_flow1:518 - Flow1已觸發 (第169次)
2025-07-17 00:52:13 [INFO] AutoProgram:trigger_flow1:519 - Flow1將從AutoProgram寄存器讀取座標
2025-07-17 00:52:13 [INFO] AutoProgram:coordination_cycle:664 - Flow1已觸發 (座標已準備)
2025-07-17 00:52:13 [INFO] AutoProgram:trigger_flow1:518 - Flow1已觸發 (第170次)
2025-07-17 00:52:13 [INFO] AutoProgram:trigger_flow1:519 - Flow1將從AutoProgram寄存器讀取座標
2025-07-17 00:52:13 [INFO] AutoProgram:coordination_cycle:664 - Flow1已觸發 (座標已準備)
2025-07-17 00:52:13 [DEBUG] AutoProgram:coordination_cycle:607 - prepare_done=False，開始處理新週期
2025-07-17 00:52:13 [DEBUG] AutoProgram:coordination_cycle:660 - 座標已準備，檢查Flow1觸發狀態...
2025-07-17 00:52:13 [INFO] AutoProgram:trigger_flow1:502 - 觸發Flow1取料作業
2025-07-17 00:52:13 [INFO] AutoProgram:trigger_flow1:503 - 目標座標: (-75.81, 308.98)
2025-07-17 00:52:14 [DEBUG] AutoProgram:coordination_cycle:607 - prepare_done=False，開始處理新週期
2025-07-17 00:52:14 [DEBUG] AutoProgram:coordination_cycle:660 - 座標已準備，檢查Flow1觸發狀態...
2025-07-17 00:52:14 [INFO] AutoProgram:trigger_flow1:502 - 觸發Flow1取料作業
2025-07-17 00:52:14 [INFO] AutoProgram:trigger_flow1:503 - 目標座標: (-75.81, 308.98)
2025-07-17 00:52:14 [INFO] AutoProgram:trigger_flow1:518 - Flow1已觸發 (第171次)
2025-07-17 00:52:14 [INFO] AutoProgram:trigger_flow1:519 - Flow1將從AutoProgram寄存器讀取座標
2025-07-17 00:52:14 [INFO] AutoProgram:coordination_cycle:664 - Flow1已觸發 (座標已準備)
2025-07-17 00:52:14 [INFO] AutoProgram:trigger_flow1:518 - Flow1已觸發 (第172次)
2025-07-17 00:52:14 [INFO] AutoProgram:trigger_flow1:519 - Flow1將從AutoProgram寄存器讀取座標
2025-07-17 00:52:14 [INFO] AutoProgram:coordination_cycle:664 - Flow1已觸發 (座標已準備)
2025-07-17 00:52:14 [DEBUG] AutoProgram:coordination_cycle:607 - prepare_done=False，開始處理新週期
2025-07-17 00:52:14 [DEBUG] AutoProgram:coordination_cycle:660 - 座標已準備，檢查Flow1觸發狀態...
2025-07-17 00:52:14 [INFO] AutoProgram:trigger_flow1:502 - 觸發Flow1取料作業
2025-07-17 00:52:14 [INFO] AutoProgram:trigger_flow1:503 - 目標座標: (-75.81, 308.98)
2025-07-17 00:52:14 [DEBUG] AutoProgram:coordination_cycle:607 - prepare_done=False，開始處理新週期
2025-07-17 00:52:14 [DEBUG] AutoProgram:coordination_cycle:660 - 座標已準備，檢查Flow1觸發狀態...
2025-07-17 00:52:14 [INFO] AutoProgram:trigger_flow1:502 - 觸發Flow1取料作業
2025-07-17 00:52:14 [INFO] AutoProgram:trigger_flow1:503 - 目標座標: (-75.81, 308.98)
2025-07-17 00:52:14 [INFO] AutoProgram:trigger_flow1:518 - Flow1已觸發 (第173次)
2025-07-17 00:52:14 [INFO] AutoProgram:trigger_flow1:519 - Flow1將從AutoProgram寄存器讀取座標
2025-07-17 00:52:14 [INFO] AutoProgram:coordination_cycle:664 - Flow1已觸發 (座標已準備)
2025-07-17 00:52:14 [INFO] AutoProgram:trigger_flow1:518 - Flow1已觸發 (第174次)
2025-07-17 00:52:14 [INFO] AutoProgram:trigger_flow1:519 - Flow1將從AutoProgram寄存器讀取座標
2025-07-17 00:52:14 [INFO] AutoProgram:coordination_cycle:664 - Flow1已觸發 (座標已準備)
2025-07-17 00:52:14 [DEBUG] AutoProgram:coordination_cycle:607 - prepare_done=False，開始處理新週期
2025-07-17 00:52:14 [DEBUG] AutoProgram:coordination_cycle:660 - 座標已準備，檢查Flow1觸發狀態...
2025-07-17 00:52:14 [INFO] AutoProgram:trigger_flow1:502 - 觸發Flow1取料作業
2025-07-17 00:52:14 [INFO] AutoProgram:trigger_flow1:503 - 目標座標: (-75.81, 308.98)
2025-07-17 00:52:14 [DEBUG] AutoProgram:coordination_cycle:607 - prepare_done=False，開始處理新週期
2025-07-17 00:52:14 [DEBUG] AutoProgram:coordination_cycle:660 - 座標已準備，檢查Flow1觸發狀態...
2025-07-17 00:52:14 [INFO] AutoProgram:trigger_flow1:502 - 觸發Flow1取料作業
2025-07-17 00:52:14 [INFO] AutoProgram:trigger_flow1:503 - 目標座標: (-75.81, 308.98)
2025-07-17 00:52:14 [INFO] AutoProgram:trigger_flow1:518 - Flow1已觸發 (第175次)
2025-07-17 00:52:14 [INFO] AutoProgram:trigger_flow1:519 - Flow1將從AutoProgram寄存器讀取座標
2025-07-17 00:52:14 [INFO] AutoProgram:coordination_cycle:664 - Flow1已觸發 (座標已準備)
2025-07-17 00:52:14 [INFO] AutoProgram:trigger_flow1:518 - Flow1已觸發 (第176次)
2025-07-17 00:52:14 [INFO] AutoProgram:trigger_flow1:519 - Flow1將從AutoProgram寄存器讀取座標
2025-07-17 00:52:14 [INFO] AutoProgram:coordination_cycle:664 - Flow1已觸發 (座標已準備)
2025-07-17 00:52:14 [DEBUG] AutoProgram:coordination_cycle:607 - prepare_done=False，開始處理新週期
2025-07-17 00:52:14 [DEBUG] AutoProgram:coordination_cycle:660 - 座標已準備，檢查Flow1觸發狀態...
2025-07-17 00:52:14 [INFO] AutoProgram:trigger_flow1:502 - 觸發Flow1取料作業
2025-07-17 00:52:14 [INFO] AutoProgram:trigger_flow1:503 - 目標座標: (-75.81, 308.98)
2025-07-17 00:52:14 [DEBUG] AutoProgram:coordination_cycle:607 - prepare_done=False，開始處理新週期
2025-07-17 00:52:14 [DEBUG] AutoProgram:coordination_cycle:660 - 座標已準備，檢查Flow1觸發狀態...
2025-07-17 00:52:14 [INFO] AutoProgram:trigger_flow1:502 - 觸發Flow1取料作業
2025-07-17 00:52:14 [INFO] AutoProgram:trigger_flow1:503 - 目標座標: (-75.81, 308.98)
2025-07-17 00:52:15 [INFO] AutoProgram:trigger_flow1:518 - Flow1已觸發 (第177次)
2025-07-17 00:52:15 [INFO] AutoProgram:trigger_flow1:519 - Flow1將從AutoProgram寄存器讀取座標
2025-07-17 00:52:15 [INFO] AutoProgram:coordination_cycle:664 - Flow1已觸發 (座標已準備)
2025-07-17 00:52:15 [INFO] AutoProgram:trigger_flow1:518 - Flow1已觸發 (第178次)
2025-07-17 00:52:15 [INFO] AutoProgram:trigger_flow1:519 - Flow1將從AutoProgram寄存器讀取座標
2025-07-17 00:52:15 [INFO] AutoProgram:coordination_cycle:664 - Flow1已觸發 (座標已準備)
2025-07-17 00:52:15 [DEBUG] AutoProgram:coordination_cycle:607 - prepare_done=False，開始處理新週期
2025-07-17 00:52:15 [DEBUG] AutoProgram:coordination_cycle:660 - 座標已準備，檢查Flow1觸發狀態...
2025-07-17 00:52:15 [INFO] AutoProgram:trigger_flow1:502 - 觸發Flow1取料作業
2025-07-17 00:52:15 [INFO] AutoProgram:trigger_flow1:503 - 目標座標: (-75.81, 308.98)
2025-07-17 00:52:15 [DEBUG] AutoProgram:coordination_cycle:607 - prepare_done=False，開始處理新週期
2025-07-17 00:52:15 [DEBUG] AutoProgram:coordination_cycle:660 - 座標已準備，檢查Flow1觸發狀態...
2025-07-17 00:52:15 [INFO] AutoProgram:trigger_flow1:502 - 觸發Flow1取料作業
2025-07-17 00:52:15 [INFO] AutoProgram:trigger_flow1:503 - 目標座標: (-75.81, 308.98)
2025-07-17 00:52:15 [INFO] AutoProgram:trigger_flow1:518 - Flow1已觸發 (第179次)
2025-07-17 00:52:15 [INFO] AutoProgram:trigger_flow1:519 - Flow1將從AutoProgram寄存器讀取座標
2025-07-17 00:52:15 [INFO] AutoProgram:coordination_cycle:664 - Flow1已觸發 (座標已準備)
2025-07-17 00:52:15 [INFO] AutoProgram:trigger_flow1:518 - Flow1已觸發 (第180次)
2025-07-17 00:52:15 [INFO] AutoProgram:trigger_flow1:519 - Flow1將從AutoProgram寄存器讀取座標
2025-07-17 00:52:15 [INFO] AutoProgram:coordination_cycle:664 - Flow1已觸發 (座標已準備)
2025-07-17 00:52:15 [DEBUG] AutoProgram:coordination_cycle:607 - prepare_done=False，開始處理新週期
2025-07-17 00:52:15 [DEBUG] AutoProgram:coordination_cycle:660 - 座標已準備，檢查Flow1觸發狀態...
2025-07-17 00:52:15 [INFO] AutoProgram:trigger_flow1:502 - 觸發Flow1取料作業
2025-07-17 00:52:15 [INFO] AutoProgram:trigger_flow1:503 - 目標座標: (-75.81, 308.98)
2025-07-17 00:52:15 [DEBUG] AutoProgram:coordination_cycle:607 - prepare_done=False，開始處理新週期
2025-07-17 00:52:15 [DEBUG] AutoProgram:coordination_cycle:660 - 座標已準備，檢查Flow1觸發狀態...
2025-07-17 00:52:15 [INFO] AutoProgram:trigger_flow1:502 - 觸發Flow1取料作業
2025-07-17 00:52:15 [INFO] AutoProgram:trigger_flow1:503 - 目標座標: (-75.81, 308.98)
2025-07-17 00:52:15 [INFO] AutoProgram:trigger_flow1:518 - Flow1已觸發 (第181次)
2025-07-17 00:52:15 [INFO] AutoProgram:trigger_flow1:519 - Flow1將從AutoProgram寄存器讀取座標
2025-07-17 00:52:15 [INFO] AutoProgram:coordination_cycle:664 - Flow1已觸發 (座標已準備)
2025-07-17 00:52:15 [INFO] AutoProgram:trigger_flow1:518 - Flow1已觸發 (第182次)
2025-07-17 00:52:15 [INFO] AutoProgram:trigger_flow1:519 - Flow1將從AutoProgram寄存器讀取座標
2025-07-17 00:52:15 [INFO] AutoProgram:coordination_cycle:664 - Flow1已觸發 (座標已準備)
2025-07-17 00:52:15 [DEBUG] AutoProgram:coordination_cycle:607 - prepare_done=False，開始處理新週期
2025-07-17 00:52:15 [DEBUG] AutoProgram:coordination_cycle:660 - 座標已準備，檢查Flow1觸發狀態...
2025-07-17 00:52:15 [INFO] AutoProgram:trigger_flow1:502 - 觸發Flow1取料作業
2025-07-17 00:52:15 [INFO] AutoProgram:trigger_flow1:503 - 目標座標: (-75.81, 308.98)
2025-07-17 00:52:15 [DEBUG] AutoProgram:coordination_cycle:607 - prepare_done=False，開始處理新週期
2025-07-17 00:52:15 [DEBUG] AutoProgram:coordination_cycle:660 - 座標已準備，檢查Flow1觸發狀態...
2025-07-17 00:52:15 [INFO] AutoProgram:trigger_flow1:502 - 觸發Flow1取料作業
2025-07-17 00:52:15 [INFO] AutoProgram:trigger_flow1:503 - 目標座標: (-75.81, 308.98)
2025-07-17 00:52:15 [INFO] AutoProgram:trigger_flow1:518 - Flow1已觸發 (第183次)
2025-07-17 00:52:15 [INFO] AutoProgram:trigger_flow1:519 - Flow1將從AutoProgram寄存器讀取座標
2025-07-17 00:52:15 [INFO] AutoProgram:coordination_cycle:664 - Flow1已觸發 (座標已準備)
2025-07-17 00:52:15 [INFO] AutoProgram:trigger_flow1:518 - Flow1已觸發 (第184次)
2025-07-17 00:52:15 [INFO] AutoProgram:trigger_flow1:519 - Flow1將從AutoProgram寄存器讀取座標
2025-07-17 00:52:15 [INFO] AutoProgram:coordination_cycle:664 - Flow1已觸發 (座標已準備)
2025-07-17 00:52:16 [DEBUG] AutoProgram:coordination_cycle:607 - prepare_done=False，開始處理新週期
2025-07-17 00:52:16 [DEBUG] AutoProgram:coordination_cycle:660 - 座標已準備，檢查Flow1觸發狀態...
2025-07-17 00:52:16 [INFO] AutoProgram:trigger_flow1:502 - 觸發Flow1取料作業
2025-07-17 00:52:16 [INFO] AutoProgram:trigger_flow1:503 - 目標座標: (-75.81, 308.98)
2025-07-17 00:52:16 [DEBUG] AutoProgram:coordination_cycle:607 - prepare_done=False，開始處理新週期
2025-07-17 00:52:16 [DEBUG] AutoProgram:coordination_cycle:660 - 座標已準備，檢查Flow1觸發狀態...
2025-07-17 00:52:16 [INFO] AutoProgram:trigger_flow1:502 - 觸發Flow1取料作業
2025-07-17 00:52:16 [INFO] AutoProgram:trigger_flow1:503 - 目標座標: (-75.81, 308.98)
2025-07-17 00:52:16 [INFO] AutoProgram:trigger_flow1:518 - Flow1已觸發 (第185次)
2025-07-17 00:52:16 [INFO] AutoProgram:trigger_flow1:519 - Flow1將從AutoProgram寄存器讀取座標
2025-07-17 00:52:16 [INFO] AutoProgram:coordination_cycle:664 - Flow1已觸發 (座標已準備)
2025-07-17 00:52:16 [INFO] AutoProgram:trigger_flow1:518 - Flow1已觸發 (第186次)
2025-07-17 00:52:16 [INFO] AutoProgram:trigger_flow1:519 - Flow1將從AutoProgram寄存器讀取座標
2025-07-17 00:52:16 [INFO] AutoProgram:coordination_cycle:664 - Flow1已觸發 (座標已準備)
2025-07-17 00:52:16 [DEBUG] AutoProgram:coordination_cycle:607 - prepare_done=False，開始處理新週期
2025-07-17 00:52:16 [DEBUG] AutoProgram:coordination_cycle:660 - 座標已準備，檢查Flow1觸發狀態...
2025-07-17 00:52:16 [INFO] AutoProgram:trigger_flow1:502 - 觸發Flow1取料作業
2025-07-17 00:52:16 [INFO] AutoProgram:trigger_flow1:503 - 目標座標: (-75.81, 308.98)
2025-07-17 00:52:16 [DEBUG] AutoProgram:coordination_cycle:607 - prepare_done=False，開始處理新週期
2025-07-17 00:52:16 [DEBUG] AutoProgram:coordination_cycle:660 - 座標已準備，檢查Flow1觸發狀態...
2025-07-17 00:52:16 [INFO] AutoProgram:trigger_flow1:502 - 觸發Flow1取料作業
2025-07-17 00:52:16 [INFO] AutoProgram:trigger_flow1:503 - 目標座標: (-75.81, 308.98)
2025-07-17 00:52:16 [INFO] AutoProgram:trigger_flow1:518 - Flow1已觸發 (第187次)
2025-07-17 00:52:16 [INFO] AutoProgram:trigger_flow1:519 - Flow1將從AutoProgram寄存器讀取座標
2025-07-17 00:52:16 [INFO] AutoProgram:coordination_cycle:664 - Flow1已觸發 (座標已準備)
2025-07-17 00:52:16 [INFO] AutoProgram:trigger_flow1:518 - Flow1已觸發 (第188次)
2025-07-17 00:52:16 [INFO] AutoProgram:trigger_flow1:519 - Flow1將從AutoProgram寄存器讀取座標
2025-07-17 00:52:16 [INFO] AutoProgram:coordination_cycle:664 - Flow1已觸發 (座標已準備)
2025-07-17 00:52:16 [DEBUG] AutoProgram:coordination_cycle:607 - prepare_done=False，開始處理新週期
2025-07-17 00:52:16 [DEBUG] AutoProgram:coordination_cycle:660 - 座標已準備，檢查Flow1觸發狀態...
2025-07-17 00:52:16 [INFO] AutoProgram:trigger_flow1:502 - 觸發Flow1取料作業
2025-07-17 00:52:16 [INFO] AutoProgram:trigger_flow1:503 - 目標座標: (-75.81, 308.98)
2025-07-17 00:52:16 [DEBUG] AutoProgram:coordination_cycle:607 - prepare_done=False，開始處理新週期
2025-07-17 00:52:16 [DEBUG] AutoProgram:coordination_cycle:660 - 座標已準備，檢查Flow1觸發狀態...
2025-07-17 00:52:16 [INFO] AutoProgram:trigger_flow1:502 - 觸發Flow1取料作業
2025-07-17 00:52:16 [INFO] AutoProgram:trigger_flow1:503 - 目標座標: (-75.81, 308.98)
2025-07-17 00:52:16 [INFO] AutoProgram:trigger_flow1:518 - Flow1已觸發 (第189次)
2025-07-17 00:52:16 [INFO] AutoProgram:trigger_flow1:519 - Flow1將從AutoProgram寄存器讀取座標
2025-07-17 00:52:16 [INFO] AutoProgram:coordination_cycle:664 - Flow1已觸發 (座標已準備)
2025-07-17 00:52:16 [INFO] AutoProgram:trigger_flow1:518 - Flow1已觸發 (第190次)
2025-07-17 00:52:16 [INFO] AutoProgram:trigger_flow1:519 - Flow1將從AutoProgram寄存器讀取座標
2025-07-17 00:52:16 [INFO] AutoProgram:coordination_cycle:664 - Flow1已觸發 (座標已準備)
2025-07-17 00:52:17 [DEBUG] AutoProgram:coordination_cycle:607 - prepare_done=False，開始處理新週期
2025-07-17 00:52:17 [DEBUG] AutoProgram:coordination_cycle:660 - 座標已準備，檢查Flow1觸發狀態...
2025-07-17 00:52:17 [INFO] AutoProgram:trigger_flow1:502 - 觸發Flow1取料作業
2025-07-17 00:52:17 [INFO] AutoProgram:trigger_flow1:503 - 目標座標: (-75.81, 308.98)
2025-07-17 00:52:17 [DEBUG] AutoProgram:coordination_cycle:607 - prepare_done=False，開始處理新週期
2025-07-17 00:52:17 [DEBUG] AutoProgram:coordination_cycle:660 - 座標已準備，檢查Flow1觸發狀態...
2025-07-17 00:52:17 [INFO] AutoProgram:trigger_flow1:502 - 觸發Flow1取料作業
2025-07-17 00:52:17 [INFO] AutoProgram:trigger_flow1:503 - 目標座標: (-75.81, 308.98)
2025-07-17 00:52:17 [INFO] AutoProgram:trigger_flow1:518 - Flow1已觸發 (第191次)
2025-07-17 00:52:17 [INFO] AutoProgram:trigger_flow1:519 - Flow1將從AutoProgram寄存器讀取座標
2025-07-17 00:52:17 [INFO] AutoProgram:coordination_cycle:664 - Flow1已觸發 (座標已準備)
2025-07-17 00:52:17 [INFO] AutoProgram:trigger_flow1:518 - Flow1已觸發 (第192次)
2025-07-17 00:52:17 [INFO] AutoProgram:trigger_flow1:519 - Flow1將從AutoProgram寄存器讀取座標
2025-07-17 00:52:17 [INFO] AutoProgram:coordination_cycle:664 - Flow1已觸發 (座標已準備)
2025-07-17 00:52:17 [DEBUG] AutoProgram:coordination_cycle:607 - prepare_done=False，開始處理新週期
2025-07-17 00:52:17 [DEBUG] AutoProgram:coordination_cycle:660 - 座標已準備，檢查Flow1觸發狀態...
2025-07-17 00:52:17 [INFO] AutoProgram:trigger_flow1:502 - 觸發Flow1取料作業
2025-07-17 00:52:17 [INFO] AutoProgram:trigger_flow1:503 - 目標座標: (-75.81, 308.98)
2025-07-17 00:52:17 [DEBUG] AutoProgram:coordination_cycle:607 - prepare_done=False，開始處理新週期
2025-07-17 00:52:17 [DEBUG] AutoProgram:coordination_cycle:660 - 座標已準備，檢查Flow1觸發狀態...
2025-07-17 00:52:17 [INFO] AutoProgram:trigger_flow1:502 - 觸發Flow1取料作業
2025-07-17 00:52:17 [INFO] AutoProgram:trigger_flow1:503 - 目標座標: (-75.81, 308.98)
2025-07-17 00:52:17 [INFO] AutoProgram:trigger_flow1:518 - Flow1已觸發 (第193次)
2025-07-17 00:52:17 [INFO] AutoProgram:trigger_flow1:519 - Flow1將從AutoProgram寄存器讀取座標
2025-07-17 00:52:17 [INFO] AutoProgram:coordination_cycle:664 - Flow1已觸發 (座標已準備)
2025-07-17 00:52:17 [INFO] AutoProgram:trigger_flow1:518 - Flow1已觸發 (第194次)
2025-07-17 00:52:17 [INFO] AutoProgram:trigger_flow1:519 - Flow1將從AutoProgram寄存器讀取座標
2025-07-17 00:52:17 [INFO] AutoProgram:coordination_cycle:664 - Flow1已觸發 (座標已準備)
2025-07-17 00:52:17 [DEBUG] AutoProgram:coordination_cycle:607 - prepare_done=False，開始處理新週期
2025-07-17 00:52:17 [DEBUG] AutoProgram:coordination_cycle:660 - 座標已準備，檢查Flow1觸發狀態...
2025-07-17 00:52:17 [INFO] AutoProgram:trigger_flow1:502 - 觸發Flow1取料作業
2025-07-17 00:52:17 [INFO] AutoProgram:trigger_flow1:503 - 目標座標: (-75.81, 308.98)
2025-07-17 00:52:17 [DEBUG] AutoProgram:coordination_cycle:607 - prepare_done=False，開始處理新週期
2025-07-17 00:52:17 [DEBUG] AutoProgram:coordination_cycle:660 - 座標已準備，檢查Flow1觸發狀態...
2025-07-17 00:52:17 [INFO] AutoProgram:trigger_flow1:502 - 觸發Flow1取料作業
2025-07-17 00:52:17 [INFO] AutoProgram:trigger_flow1:503 - 目標座標: (-75.81, 308.98)
2025-07-17 00:52:17 [INFO] AutoProgram:trigger_flow1:518 - Flow1已觸發 (第195次)
2025-07-17 00:52:17 [INFO] AutoProgram:trigger_flow1:519 - Flow1將從AutoProgram寄存器讀取座標
2025-07-17 00:52:17 [INFO] AutoProgram:coordination_cycle:664 - Flow1已觸發 (座標已準備)
2025-07-17 00:52:17 [INFO] AutoProgram:trigger_flow1:518 - Flow1已觸發 (第196次)
2025-07-17 00:52:17 [INFO] AutoProgram:trigger_flow1:519 - Flow1將從AutoProgram寄存器讀取座標
2025-07-17 00:52:17 [INFO] AutoProgram:coordination_cycle:664 - Flow1已觸發 (座標已準備)
2025-07-17 00:52:17 [DEBUG] AutoProgram:coordination_cycle:607 - prepare_done=False，開始處理新週期
2025-07-17 00:52:17 [DEBUG] AutoProgram:coordination_cycle:660 - 座標已準備，檢查Flow1觸發狀態...
2025-07-17 00:52:17 [INFO] AutoProgram:trigger_flow1:502 - 觸發Flow1取料作業
2025-07-17 00:52:17 [INFO] AutoProgram:trigger_flow1:503 - 目標座標: (-75.81, 308.98)
2025-07-17 00:52:18 [DEBUG] AutoProgram:coordination_cycle:607 - prepare_done=False，開始處理新週期
2025-07-17 00:52:18 [DEBUG] AutoProgram:coordination_cycle:660 - 座標已準備，檢查Flow1觸發狀態...
2025-07-17 00:52:18 [INFO] AutoProgram:trigger_flow1:502 - 觸發Flow1取料作業
2025-07-17 00:52:18 [INFO] AutoProgram:trigger_flow1:503 - 目標座標: (-75.81, 308.98)
2025-07-17 00:52:18 [INFO] AutoProgram:trigger_flow1:518 - Flow1已觸發 (第197次)
2025-07-17 00:52:18 [INFO] AutoProgram:trigger_flow1:519 - Flow1將從AutoProgram寄存器讀取座標
2025-07-17 00:52:18 [INFO] AutoProgram:coordination_cycle:664 - Flow1已觸發 (座標已準備)
2025-07-17 00:52:18 [INFO] AutoProgram:trigger_flow1:518 - Flow1已觸發 (第198次)
2025-07-17 00:52:18 [INFO] AutoProgram:trigger_flow1:519 - Flow1將從AutoProgram寄存器讀取座標
2025-07-17 00:52:18 [INFO] AutoProgram:coordination_cycle:664 - Flow1已觸發 (座標已準備)
2025-07-17 00:52:18 [DEBUG] AutoProgram:_coordination_loop:800 - 控制循環心跳 - 第100次, running=True, auto_enabled=True
2025-07-17 00:52:18 [DEBUG] AutoProgram:coordination_cycle:575 - 週期200: prepare_done=False, coords_ready=True, Flow1運行中=False, DR_F可用=True, 自動程序啟用=True
2025-07-17 00:52:18 [DEBUG] AutoProgram:coordination_cycle:607 - prepare_done=False，開始處理新週期
2025-07-17 00:52:18 [DEBUG] AutoProgram:coordination_cycle:660 - 座標已準備，檢查Flow1觸發狀態...
2025-07-17 00:52:18 [INFO] AutoProgram:trigger_flow1:502 - 觸發Flow1取料作業
2025-07-17 00:52:18 [INFO] AutoProgram:trigger_flow1:503 - 目標座標: (-75.81, 308.98)
2025-07-17 00:52:18 [DEBUG] AutoProgram:coordination_cycle:607 - prepare_done=False，開始處理新週期
2025-07-17 00:52:18 [DEBUG] AutoProgram:coordination_cycle:660 - 座標已準備，檢查Flow1觸發狀態...
2025-07-17 00:52:18 [INFO] AutoProgram:trigger_flow1:502 - 觸發Flow1取料作業
2025-07-17 00:52:18 [INFO] AutoProgram:trigger_flow1:503 - 目標座標: (-75.81, 308.98)
2025-07-17 00:52:18 [INFO] AutoProgram:trigger_flow1:518 - Flow1已觸發 (第199次)
2025-07-17 00:52:18 [INFO] AutoProgram:trigger_flow1:519 - Flow1將從AutoProgram寄存器讀取座標
2025-07-17 00:52:18 [INFO] AutoProgram:coordination_cycle:664 - Flow1已觸發 (座標已準備)
2025-07-17 00:52:18 [INFO] AutoProgram:trigger_flow1:518 - Flow1已觸發 (第200次)
2025-07-17 00:52:18 [INFO] AutoProgram:trigger_flow1:519 - Flow1將從AutoProgram寄存器讀取座標
2025-07-17 00:52:18 [INFO] AutoProgram:coordination_cycle:664 - Flow1已觸發 (座標已準備)
2025-07-17 00:52:18 [DEBUG] AutoProgram:coordination_cycle:607 - prepare_done=False，開始處理新週期
2025-07-17 00:52:18 [DEBUG] AutoProgram:coordination_cycle:660 - 座標已準備，檢查Flow1觸發狀態...
2025-07-17 00:52:18 [INFO] AutoProgram:trigger_flow1:502 - 觸發Flow1取料作業
2025-07-17 00:52:18 [INFO] AutoProgram:trigger_flow1:503 - 目標座標: (-75.81, 308.98)
2025-07-17 00:52:18 [DEBUG] AutoProgram:coordination_cycle:607 - prepare_done=False，開始處理新週期
2025-07-17 00:52:18 [DEBUG] AutoProgram:coordination_cycle:660 - 座標已準備，檢查Flow1觸發狀態...
2025-07-17 00:52:18 [INFO] AutoProgram:trigger_flow1:502 - 觸發Flow1取料作業
2025-07-17 00:52:18 [INFO] AutoProgram:trigger_flow1:503 - 目標座標: (-75.81, 308.98)
2025-07-17 00:52:18 [INFO] AutoProgram:trigger_flow1:518 - Flow1已觸發 (第201次)
2025-07-17 00:52:18 [INFO] AutoProgram:trigger_flow1:519 - Flow1將從AutoProgram寄存器讀取座標
2025-07-17 00:52:18 [INFO] AutoProgram:coordination_cycle:664 - Flow1已觸發 (座標已準備)
2025-07-17 00:52:18 [INFO] AutoProgram:trigger_flow1:518 - Flow1已觸發 (第202次)
2025-07-17 00:52:18 [INFO] AutoProgram:trigger_flow1:519 - Flow1將從AutoProgram寄存器讀取座標
2025-07-17 00:52:18 [INFO] AutoProgram:coordination_cycle:664 - Flow1已觸發 (座標已準備)
2025-07-17 00:52:18 [DEBUG] AutoProgram:coordination_cycle:607 - prepare_done=False，開始處理新週期
2025-07-17 00:52:18 [DEBUG] AutoProgram:coordination_cycle:660 - 座標已準備，檢查Flow1觸發狀態...
2025-07-17 00:52:18 [INFO] AutoProgram:trigger_flow1:502 - 觸發Flow1取料作業
2025-07-17 00:52:18 [INFO] AutoProgram:trigger_flow1:503 - 目標座標: (-75.81, 308.98)
2025-07-17 00:52:18 [DEBUG] AutoProgram:coordination_cycle:607 - prepare_done=False，開始處理新週期
2025-07-17 00:52:18 [DEBUG] AutoProgram:coordination_cycle:660 - 座標已準備，檢查Flow1觸發狀態...
2025-07-17 00:52:18 [INFO] AutoProgram:trigger_flow1:502 - 觸發Flow1取料作業
2025-07-17 00:52:18 [INFO] AutoProgram:trigger_flow1:503 - 目標座標: (-75.81, 308.98)
2025-07-17 00:52:18 [INFO] AutoProgram:trigger_flow1:518 - Flow1已觸發 (第203次)
2025-07-17 00:52:18 [INFO] AutoProgram:trigger_flow1:519 - Flow1將從AutoProgram寄存器讀取座標
2025-07-17 00:52:18 [INFO] AutoProgram:coordination_cycle:664 - Flow1已觸發 (座標已準備)
2025-07-17 00:52:19 [INFO] AutoProgram:trigger_flow1:518 - Flow1已觸發 (第204次)
2025-07-17 00:52:19 [INFO] AutoProgram:trigger_flow1:519 - Flow1將從AutoProgram寄存器讀取座標
2025-07-17 00:52:19 [INFO] AutoProgram:coordination_cycle:664 - Flow1已觸發 (座標已準備)
2025-07-17 00:52:19 [DEBUG] AutoProgram:coordination_cycle:607 - prepare_done=False，開始處理新週期
2025-07-17 00:52:19 [DEBUG] AutoProgram:coordination_cycle:660 - 座標已準備，檢查Flow1觸發狀態...
2025-07-17 00:52:19 [INFO] AutoProgram:trigger_flow1:502 - 觸發Flow1取料作業
2025-07-17 00:52:19 [INFO] AutoProgram:trigger_flow1:503 - 目標座標: (-75.81, 308.98)
2025-07-17 00:52:19 [DEBUG] AutoProgram:coordination_cycle:607 - prepare_done=False，開始處理新週期
2025-07-17 00:52:19 [DEBUG] AutoProgram:coordination_cycle:660 - 座標已準備，檢查Flow1觸發狀態...
2025-07-17 00:52:19 [INFO] AutoProgram:trigger_flow1:502 - 觸發Flow1取料作業
2025-07-17 00:52:19 [INFO] AutoProgram:trigger_flow1:503 - 目標座標: (-75.81, 308.98)
2025-07-17 00:52:19 [INFO] AutoProgram:trigger_flow1:518 - Flow1已觸發 (第205次)
2025-07-17 00:52:19 [INFO] AutoProgram:trigger_flow1:519 - Flow1將從AutoProgram寄存器讀取座標
2025-07-17 00:52:19 [INFO] AutoProgram:coordination_cycle:664 - Flow1已觸發 (座標已準備)
2025-07-17 00:52:19 [INFO] AutoProgram:trigger_flow1:518 - Flow1已觸發 (第206次)
2025-07-17 00:52:19 [INFO] AutoProgram:trigger_flow1:519 - Flow1將從AutoProgram寄存器讀取座標
2025-07-17 00:52:19 [INFO] AutoProgram:coordination_cycle:664 - Flow1已觸發 (座標已準備)
2025-07-17 00:52:19 [DEBUG] AutoProgram:coordination_cycle:607 - prepare_done=False，開始處理新週期
2025-07-17 00:52:19 [DEBUG] AutoProgram:coordination_cycle:660 - 座標已準備，檢查Flow1觸發狀態...
2025-07-17 00:52:19 [INFO] AutoProgram:trigger_flow1:502 - 觸發Flow1取料作業
2025-07-17 00:52:19 [INFO] AutoProgram:trigger_flow1:503 - 目標座標: (-75.81, 308.98)
2025-07-17 00:52:19 [DEBUG] AutoProgram:coordination_cycle:607 - prepare_done=False，開始處理新週期
2025-07-17 00:52:19 [DEBUG] AutoProgram:coordination_cycle:660 - 座標已準備，檢查Flow1觸發狀態...
2025-07-17 00:52:19 [INFO] AutoProgram:trigger_flow1:502 - 觸發Flow1取料作業
2025-07-17 00:52:19 [INFO] AutoProgram:trigger_flow1:503 - 目標座標: (-75.81, 308.98)
2025-07-17 00:52:19 [INFO] AutoProgram:trigger_flow1:518 - Flow1已觸發 (第207次)
2025-07-17 00:52:19 [INFO] AutoProgram:trigger_flow1:519 - Flow1將從AutoProgram寄存器讀取座標
2025-07-17 00:52:19 [INFO] AutoProgram:coordination_cycle:664 - Flow1已觸發 (座標已準備)
2025-07-17 00:52:19 [INFO] AutoProgram:trigger_flow1:518 - Flow1已觸發 (第208次)
2025-07-17 00:52:19 [INFO] AutoProgram:trigger_flow1:519 - Flow1將從AutoProgram寄存器讀取座標
2025-07-17 00:52:19 [INFO] AutoProgram:coordination_cycle:664 - Flow1已觸發 (座標已準備)
2025-07-17 00:52:19 [DEBUG] AutoProgram:coordination_cycle:607 - prepare_done=False，開始處理新週期
2025-07-17 00:52:19 [DEBUG] AutoProgram:coordination_cycle:660 - 座標已準備，檢查Flow1觸發狀態...
2025-07-17 00:52:19 [INFO] AutoProgram:trigger_flow1:502 - 觸發Flow1取料作業
2025-07-17 00:52:19 [INFO] AutoProgram:trigger_flow1:503 - 目標座標: (-75.81, 308.98)
2025-07-17 00:52:19 [DEBUG] AutoProgram:coordination_cycle:607 - prepare_done=False，開始處理新週期
2025-07-17 00:52:19 [DEBUG] AutoProgram:coordination_cycle:660 - 座標已準備，檢查Flow1觸發狀態...
2025-07-17 00:52:19 [INFO] AutoProgram:trigger_flow1:502 - 觸發Flow1取料作業
2025-07-17 00:52:19 [INFO] AutoProgram:trigger_flow1:503 - 目標座標: (-75.81, 308.98)
2025-07-17 00:52:19 [INFO] AutoProgram:trigger_flow1:518 - Flow1已觸發 (第209次)
2025-07-17 00:52:19 [INFO] AutoProgram:trigger_flow1:519 - Flow1將從AutoProgram寄存器讀取座標
2025-07-17 00:52:19 [INFO] AutoProgram:coordination_cycle:664 - Flow1已觸發 (座標已準備)
2025-07-17 00:52:19 [INFO] AutoProgram:trigger_flow1:518 - Flow1已觸發 (第210次)
2025-07-17 00:52:19 [INFO] AutoProgram:trigger_flow1:519 - Flow1將從AutoProgram寄存器讀取座標
2025-07-17 00:52:19 [INFO] AutoProgram:coordination_cycle:664 - Flow1已觸發 (座標已準備)
2025-07-17 00:52:20 [DEBUG] AutoProgram:coordination_cycle:607 - prepare_done=False，開始處理新週期
2025-07-17 00:52:20 [DEBUG] AutoProgram:coordination_cycle:660 - 座標已準備，檢查Flow1觸發狀態...
2025-07-17 00:52:20 [INFO] AutoProgram:trigger_flow1:502 - 觸發Flow1取料作業
2025-07-17 00:52:20 [INFO] AutoProgram:trigger_flow1:503 - 目標座標: (-75.81, 308.98)
2025-07-17 00:52:20 [DEBUG] AutoProgram:coordination_cycle:607 - prepare_done=False，開始處理新週期
2025-07-17 00:52:20 [DEBUG] AutoProgram:coordination_cycle:660 - 座標已準備，檢查Flow1觸發狀態...
2025-07-17 00:52:20 [INFO] AutoProgram:trigger_flow1:502 - 觸發Flow1取料作業
2025-07-17 00:52:20 [INFO] AutoProgram:trigger_flow1:503 - 目標座標: (-75.81, 308.98)
2025-07-17 00:52:20 [INFO] AutoProgram:trigger_flow1:518 - Flow1已觸發 (第211次)
2025-07-17 00:52:20 [INFO] AutoProgram:trigger_flow1:519 - Flow1將從AutoProgram寄存器讀取座標
2025-07-17 00:52:20 [INFO] AutoProgram:coordination_cycle:664 - Flow1已觸發 (座標已準備)
2025-07-17 00:52:20 [INFO] AutoProgram:trigger_flow1:518 - Flow1已觸發 (第212次)
2025-07-17 00:52:20 [INFO] AutoProgram:trigger_flow1:519 - Flow1將從AutoProgram寄存器讀取座標
2025-07-17 00:52:20 [INFO] AutoProgram:coordination_cycle:664 - Flow1已觸發 (座標已準備)
2025-07-17 00:52:20 [DEBUG] AutoProgram:coordination_cycle:607 - prepare_done=False，開始處理新週期
2025-07-17 00:52:20 [DEBUG] AutoProgram:coordination_cycle:660 - 座標已準備，檢查Flow1觸發狀態...
2025-07-17 00:52:20 [INFO] AutoProgram:trigger_flow1:502 - 觸發Flow1取料作業
2025-07-17 00:52:20 [INFO] AutoProgram:trigger_flow1:503 - 目標座標: (-75.81, 308.98)
2025-07-17 00:52:20 [DEBUG] AutoProgram:coordination_cycle:607 - prepare_done=False，開始處理新週期
2025-07-17 00:52:20 [DEBUG] AutoProgram:coordination_cycle:660 - 座標已準備，檢查Flow1觸發狀態...
2025-07-17 00:52:20 [INFO] AutoProgram:trigger_flow1:502 - 觸發Flow1取料作業
2025-07-17 00:52:20 [INFO] AutoProgram:trigger_flow1:503 - 目標座標: (-75.81, 308.98)
2025-07-17 00:52:20 [INFO] AutoProgram:trigger_flow1:518 - Flow1已觸發 (第213次)
2025-07-17 00:52:20 [INFO] AutoProgram:trigger_flow1:519 - Flow1將從AutoProgram寄存器讀取座標
2025-07-17 00:52:20 [INFO] AutoProgram:coordination_cycle:664 - Flow1已觸發 (座標已準備)
2025-07-17 00:52:20 [INFO] AutoProgram:trigger_flow1:518 - Flow1已觸發 (第214次)
2025-07-17 00:52:20 [INFO] AutoProgram:trigger_flow1:519 - Flow1將從AutoProgram寄存器讀取座標
2025-07-17 00:52:20 [INFO] AutoProgram:coordination_cycle:664 - Flow1已觸發 (座標已準備)
2025-07-17 00:52:20 [DEBUG] AutoProgram:coordination_cycle:607 - prepare_done=False，開始處理新週期
2025-07-17 00:52:20 [DEBUG] AutoProgram:coordination_cycle:660 - 座標已準備，檢查Flow1觸發狀態...
2025-07-17 00:52:20 [INFO] AutoProgram:trigger_flow1:502 - 觸發Flow1取料作業
2025-07-17 00:52:20 [INFO] AutoProgram:trigger_flow1:503 - 目標座標: (-75.81, 308.98)
2025-07-17 00:52:20 [DEBUG] AutoProgram:coordination_cycle:607 - prepare_done=False，開始處理新週期
2025-07-17 00:52:20 [DEBUG] AutoProgram:coordination_cycle:660 - 座標已準備，檢查Flow1觸發狀態...
2025-07-17 00:52:20 [INFO] AutoProgram:trigger_flow1:502 - 觸發Flow1取料作業
2025-07-17 00:52:20 [INFO] AutoProgram:trigger_flow1:503 - 目標座標: (-75.81, 308.98)
2025-07-17 00:52:20 [INFO] AutoProgram:trigger_flow1:518 - Flow1已觸發 (第215次)
2025-07-17 00:52:20 [INFO] AutoProgram:trigger_flow1:519 - Flow1將從AutoProgram寄存器讀取座標
2025-07-17 00:52:20 [INFO] AutoProgram:coordination_cycle:664 - Flow1已觸發 (座標已準備)
2025-07-17 00:52:20 [INFO] AutoProgram:trigger_flow1:518 - Flow1已觸發 (第216次)
2025-07-17 00:52:20 [INFO] AutoProgram:trigger_flow1:519 - Flow1將從AutoProgram寄存器讀取座標
2025-07-17 00:52:20 [INFO] AutoProgram:coordination_cycle:664 - Flow1已觸發 (座標已準備)
2025-07-17 00:52:21 [DEBUG] AutoProgram:coordination_cycle:607 - prepare_done=False，開始處理新週期
2025-07-17 00:52:21 [DEBUG] AutoProgram:coordination_cycle:660 - 座標已準備，檢查Flow1觸發狀態...
2025-07-17 00:52:21 [INFO] AutoProgram:trigger_flow1:502 - 觸發Flow1取料作業
2025-07-17 00:52:21 [INFO] AutoProgram:trigger_flow1:503 - 目標座標: (-75.81, 308.98)
2025-07-17 00:52:21 [DEBUG] AutoProgram:coordination_cycle:607 - prepare_done=False，開始處理新週期
2025-07-17 00:52:21 [DEBUG] AutoProgram:coordination_cycle:660 - 座標已準備，檢查Flow1觸發狀態...
2025-07-17 00:52:21 [INFO] AutoProgram:trigger_flow1:502 - 觸發Flow1取料作業
2025-07-17 00:52:21 [INFO] AutoProgram:trigger_flow1:503 - 目標座標: (-75.81, 308.98)
2025-07-17 00:52:21 [INFO] AutoProgram:trigger_flow1:518 - Flow1已觸發 (第217次)
2025-07-17 00:52:21 [INFO] AutoProgram:trigger_flow1:519 - Flow1將從AutoProgram寄存器讀取座標
2025-07-17 00:52:21 [INFO] AutoProgram:coordination_cycle:664 - Flow1已觸發 (座標已準備)
2025-07-17 00:52:21 [INFO] AutoProgram:trigger_flow1:518 - Flow1已觸發 (第218次)
2025-07-17 00:52:21 [INFO] AutoProgram:trigger_flow1:519 - Flow1將從AutoProgram寄存器讀取座標
2025-07-17 00:52:21 [INFO] AutoProgram:coordination_cycle:664 - Flow1已觸發 (座標已準備)
2025-07-17 00:52:21 [DEBUG] AutoProgram:coordination_cycle:607 - prepare_done=False，開始處理新週期
2025-07-17 00:52:21 [DEBUG] AutoProgram:coordination_cycle:660 - 座標已準備，檢查Flow1觸發狀態...
2025-07-17 00:52:21 [INFO] AutoProgram:trigger_flow1:502 - 觸發Flow1取料作業
2025-07-17 00:52:21 [INFO] AutoProgram:trigger_flow1:503 - 目標座標: (-75.81, 308.98)
2025-07-17 00:52:21 [DEBUG] AutoProgram:coordination_cycle:607 - prepare_done=False，開始處理新週期
2025-07-17 00:52:21 [DEBUG] AutoProgram:coordination_cycle:660 - 座標已準備，檢查Flow1觸發狀態...
2025-07-17 00:52:21 [INFO] AutoProgram:trigger_flow1:502 - 觸發Flow1取料作業
2025-07-17 00:52:21 [INFO] AutoProgram:trigger_flow1:503 - 目標座標: (-75.81, 308.98)
2025-07-17 00:52:21 [INFO] AutoProgram:trigger_flow1:518 - Flow1已觸發 (第219次)
2025-07-17 00:52:21 [INFO] AutoProgram:trigger_flow1:519 - Flow1將從AutoProgram寄存器讀取座標
2025-07-17 00:52:21 [INFO] AutoProgram:coordination_cycle:664 - Flow1已觸發 (座標已準備)
2025-07-17 00:52:21 [INFO] AutoProgram:trigger_flow1:518 - Flow1已觸發 (第220次)
2025-07-17 00:52:21 [INFO] AutoProgram:trigger_flow1:519 - Flow1將從AutoProgram寄存器讀取座標
2025-07-17 00:52:21 [INFO] AutoProgram:coordination_cycle:664 - Flow1已觸發 (座標已準備)
2025-07-17 00:52:21 [DEBUG] AutoProgram:coordination_cycle:607 - prepare_done=False，開始處理新週期
2025-07-17 00:52:21 [DEBUG] AutoProgram:coordination_cycle:660 - 座標已準備，檢查Flow1觸發狀態...
2025-07-17 00:52:21 [INFO] AutoProgram:trigger_flow1:502 - 觸發Flow1取料作業
2025-07-17 00:52:21 [INFO] AutoProgram:trigger_flow1:503 - 目標座標: (-75.81, 308.98)
2025-07-17 00:52:21 [DEBUG] AutoProgram:coordination_cycle:607 - prepare_done=False，開始處理新週期
2025-07-17 00:52:21 [DEBUG] AutoProgram:coordination_cycle:660 - 座標已準備，檢查Flow1觸發狀態...
2025-07-17 00:52:21 [INFO] AutoProgram:trigger_flow1:502 - 觸發Flow1取料作業
2025-07-17 00:52:21 [INFO] AutoProgram:trigger_flow1:503 - 目標座標: (-75.81, 308.98)
2025-07-17 00:52:21 [INFO] AutoProgram:trigger_flow1:518 - Flow1已觸發 (第221次)
2025-07-17 00:52:21 [INFO] AutoProgram:trigger_flow1:519 - Flow1將從AutoProgram寄存器讀取座標
2025-07-17 00:52:21 [INFO] AutoProgram:coordination_cycle:664 - Flow1已觸發 (座標已準備)
2025-07-17 00:52:21 [INFO] AutoProgram:trigger_flow1:518 - Flow1已觸發 (第222次)
2025-07-17 00:52:21 [INFO] AutoProgram:trigger_flow1:519 - Flow1將從AutoProgram寄存器讀取座標
2025-07-17 00:52:21 [INFO] AutoProgram:coordination_cycle:664 - Flow1已觸發 (座標已準備)
2025-07-17 00:52:21 [DEBUG] AutoProgram:coordination_cycle:607 - prepare_done=False，開始處理新週期
2025-07-17 00:52:21 [DEBUG] AutoProgram:coordination_cycle:660 - 座標已準備，檢查Flow1觸發狀態...
2025-07-17 00:52:21 [INFO] AutoProgram:trigger_flow1:502 - 觸發Flow1取料作業
2025-07-17 00:52:21 [INFO] AutoProgram:trigger_flow1:503 - 目標座標: (-75.81, 308.98)
2025-07-17 00:52:21 [DEBUG] AutoProgram:coordination_cycle:607 - prepare_done=False，開始處理新週期
2025-07-17 00:52:21 [DEBUG] AutoProgram:coordination_cycle:660 - 座標已準備，檢查Flow1觸發狀態...
2025-07-17 00:52:21 [INFO] AutoProgram:trigger_flow1:502 - 觸發Flow1取料作業
2025-07-17 00:52:21 [INFO] AutoProgram:trigger_flow1:503 - 目標座標: (-75.81, 308.98)
2025-07-17 00:52:22 [INFO] AutoProgram:trigger_flow1:518 - Flow1已觸發 (第223次)
2025-07-17 00:52:22 [INFO] AutoProgram:trigger_flow1:519 - Flow1將從AutoProgram寄存器讀取座標
2025-07-17 00:52:22 [INFO] AutoProgram:coordination_cycle:664 - Flow1已觸發 (座標已準備)
2025-07-17 00:52:22 [INFO] AutoProgram:trigger_flow1:518 - Flow1已觸發 (第224次)
2025-07-17 00:52:22 [INFO] AutoProgram:trigger_flow1:519 - Flow1將從AutoProgram寄存器讀取座標
2025-07-17 00:52:22 [INFO] AutoProgram:coordination_cycle:664 - Flow1已觸發 (座標已準備)
2025-07-17 00:52:22 [DEBUG] AutoProgram:coordination_cycle:607 - prepare_done=False，開始處理新週期
2025-07-17 00:52:22 [DEBUG] AutoProgram:coordination_cycle:660 - 座標已準備，檢查Flow1觸發狀態...
2025-07-17 00:52:22 [INFO] AutoProgram:trigger_flow1:502 - 觸發Flow1取料作業
2025-07-17 00:52:22 [INFO] AutoProgram:trigger_flow1:503 - 目標座標: (-75.81, 308.98)
2025-07-17 00:52:22 [DEBUG] AutoProgram:coordination_cycle:607 - prepare_done=False，開始處理新週期
2025-07-17 00:52:22 [DEBUG] AutoProgram:coordination_cycle:660 - 座標已準備，檢查Flow1觸發狀態...
2025-07-17 00:52:22 [INFO] AutoProgram:trigger_flow1:502 - 觸發Flow1取料作業
2025-07-17 00:52:22 [INFO] AutoProgram:trigger_flow1:503 - 目標座標: (-75.81, 308.98)
2025-07-17 00:52:22 [INFO] AutoProgram:trigger_flow1:518 - Flow1已觸發 (第225次)
2025-07-17 00:52:22 [INFO] AutoProgram:trigger_flow1:519 - Flow1將從AutoProgram寄存器讀取座標
2025-07-17 00:52:22 [INFO] AutoProgram:coordination_cycle:664 - Flow1已觸發 (座標已準備)
2025-07-17 00:52:22 [INFO] AutoProgram:trigger_flow1:518 - Flow1已觸發 (第226次)
2025-07-17 00:52:22 [INFO] AutoProgram:trigger_flow1:519 - Flow1將從AutoProgram寄存器讀取座標
2025-07-17 00:52:22 [INFO] AutoProgram:coordination_cycle:664 - Flow1已觸發 (座標已準備)
2025-07-17 00:52:22 [DEBUG] AutoProgram:coordination_cycle:607 - prepare_done=False，開始處理新週期
2025-07-17 00:52:22 [DEBUG] AutoProgram:coordination_cycle:660 - 座標已準備，檢查Flow1觸發狀態...
2025-07-17 00:52:22 [INFO] AutoProgram:trigger_flow1:502 - 觸發Flow1取料作業
2025-07-17 00:52:22 [INFO] AutoProgram:trigger_flow1:503 - 目標座標: (-75.81, 308.98)
2025-07-17 00:52:22 [DEBUG] AutoProgram:coordination_cycle:607 - prepare_done=False，開始處理新週期
2025-07-17 00:52:22 [DEBUG] AutoProgram:coordination_cycle:660 - 座標已準備，檢查Flow1觸發狀態...
2025-07-17 00:52:22 [INFO] AutoProgram:trigger_flow1:502 - 觸發Flow1取料作業
2025-07-17 00:52:22 [INFO] AutoProgram:trigger_flow1:503 - 目標座標: (-75.81, 308.98)
2025-07-17 00:52:22 [INFO] AutoProgram:trigger_flow1:518 - Flow1已觸發 (第227次)
2025-07-17 00:52:22 [INFO] AutoProgram:trigger_flow1:519 - Flow1將從AutoProgram寄存器讀取座標
2025-07-17 00:52:22 [INFO] AutoProgram:coordination_cycle:664 - Flow1已觸發 (座標已準備)
2025-07-17 00:52:22 [INFO] AutoProgram:trigger_flow1:518 - Flow1已觸發 (第228次)
2025-07-17 00:52:22 [INFO] AutoProgram:trigger_flow1:519 - Flow1將從AutoProgram寄存器讀取座標
2025-07-17 00:52:22 [INFO] AutoProgram:coordination_cycle:664 - Flow1已觸發 (座標已準備)
2025-07-17 00:52:22 [DEBUG] AutoProgram:coordination_cycle:607 - prepare_done=False，開始處理新週期
2025-07-17 00:52:22 [DEBUG] AutoProgram:coordination_cycle:660 - 座標已準備，檢查Flow1觸發狀態...
2025-07-17 00:52:22 [INFO] AutoProgram:trigger_flow1:502 - 觸發Flow1取料作業
2025-07-17 00:52:22 [INFO] AutoProgram:trigger_flow1:503 - 目標座標: (-75.81, 308.98)
2025-07-17 00:52:22 [DEBUG] AutoProgram:coordination_cycle:607 - prepare_done=False，開始處理新週期
2025-07-17 00:52:22 [DEBUG] AutoProgram:coordination_cycle:660 - 座標已準備，檢查Flow1觸發狀態...
2025-07-17 00:52:22 [INFO] AutoProgram:trigger_flow1:502 - 觸發Flow1取料作業
2025-07-17 00:52:22 [INFO] AutoProgram:trigger_flow1:503 - 目標座標: (-75.81, 308.98)
2025-07-17 00:52:22 [INFO] AutoProgram:trigger_flow1:518 - Flow1已觸發 (第229次)
2025-07-17 00:52:22 [INFO] AutoProgram:trigger_flow1:519 - Flow1將從AutoProgram寄存器讀取座標
2025-07-17 00:52:22 [INFO] AutoProgram:coordination_cycle:664 - Flow1已觸發 (座標已準備)
2025-07-17 00:52:22 [INFO] AutoProgram:trigger_flow1:518 - Flow1已觸發 (第230次)
2025-07-17 00:52:22 [INFO] AutoProgram:trigger_flow1:519 - Flow1將從AutoProgram寄存器讀取座標
2025-07-17 00:52:22 [INFO] AutoProgram:coordination_cycle:664 - Flow1已觸發 (座標已準備)
2025-07-17 00:52:23 [DEBUG] AutoProgram:coordination_cycle:607 - prepare_done=False，開始處理新週期
2025-07-17 00:52:23 [DEBUG] AutoProgram:coordination_cycle:660 - 座標已準備，檢查Flow1觸發狀態...
2025-07-17 00:52:23 [INFO] AutoProgram:trigger_flow1:502 - 觸發Flow1取料作業
2025-07-17 00:52:23 [INFO] AutoProgram:trigger_flow1:503 - 目標座標: (-75.81, 308.98)
2025-07-17 00:52:23 [DEBUG] AutoProgram:coordination_cycle:607 - prepare_done=False，開始處理新週期
2025-07-17 00:52:23 [DEBUG] AutoProgram:coordination_cycle:660 - 座標已準備，檢查Flow1觸發狀態...
2025-07-17 00:52:23 [INFO] AutoProgram:trigger_flow1:502 - 觸發Flow1取料作業
2025-07-17 00:52:23 [INFO] AutoProgram:trigger_flow1:503 - 目標座標: (-75.81, 308.98)
2025-07-17 00:52:23 [INFO] AutoProgram:trigger_flow1:518 - Flow1已觸發 (第231次)
2025-07-17 00:52:23 [INFO] AutoProgram:trigger_flow1:519 - Flow1將從AutoProgram寄存器讀取座標
2025-07-17 00:52:23 [INFO] AutoProgram:coordination_cycle:664 - Flow1已觸發 (座標已準備)
2025-07-17 00:52:23 [INFO] AutoProgram:trigger_flow1:518 - Flow1已觸發 (第232次)
2025-07-17 00:52:23 [INFO] AutoProgram:trigger_flow1:519 - Flow1將從AutoProgram寄存器讀取座標
2025-07-17 00:52:23 [INFO] AutoProgram:coordination_cycle:664 - Flow1已觸發 (座標已準備)
2025-07-17 00:52:23 [DEBUG] AutoProgram:coordination_cycle:607 - prepare_done=False，開始處理新週期
2025-07-17 00:52:23 [DEBUG] AutoProgram:coordination_cycle:660 - 座標已準備，檢查Flow1觸發狀態...
2025-07-17 00:52:23 [INFO] AutoProgram:trigger_flow1:502 - 觸發Flow1取料作業
2025-07-17 00:52:23 [INFO] AutoProgram:trigger_flow1:503 - 目標座標: (-75.81, 308.98)
2025-07-17 00:52:23 [DEBUG] AutoProgram:coordination_cycle:607 - prepare_done=False，開始處理新週期
2025-07-17 00:52:23 [DEBUG] AutoProgram:coordination_cycle:660 - 座標已準備，檢查Flow1觸發狀態...
2025-07-17 00:52:23 [INFO] AutoProgram:trigger_flow1:502 - 觸發Flow1取料作業
2025-07-17 00:52:23 [INFO] AutoProgram:trigger_flow1:503 - 目標座標: (-75.81, 308.98)
2025-07-17 00:52:23 [INFO] AutoProgram:trigger_flow1:518 - Flow1已觸發 (第233次)
2025-07-17 00:52:23 [INFO] AutoProgram:trigger_flow1:519 - Flow1將從AutoProgram寄存器讀取座標
2025-07-17 00:52:23 [INFO] AutoProgram:coordination_cycle:664 - Flow1已觸發 (座標已準備)
2025-07-17 00:52:23 [INFO] AutoProgram:trigger_flow1:518 - Flow1已觸發 (第234次)
2025-07-17 00:52:23 [INFO] AutoProgram:trigger_flow1:519 - Flow1將從AutoProgram寄存器讀取座標
2025-07-17 00:52:23 [INFO] AutoProgram:coordination_cycle:664 - Flow1已觸發 (座標已準備)
2025-07-17 00:52:23 [DEBUG] AutoProgram:coordination_cycle:607 - prepare_done=False，開始處理新週期
2025-07-17 00:52:23 [DEBUG] AutoProgram:coordination_cycle:660 - 座標已準備，檢查Flow1觸發狀態...
2025-07-17 00:52:23 [INFO] AutoProgram:trigger_flow1:502 - 觸發Flow1取料作業
2025-07-17 00:52:23 [INFO] AutoProgram:trigger_flow1:503 - 目標座標: (-75.81, 308.98)
2025-07-17 00:52:23 [DEBUG] AutoProgram:coordination_cycle:607 - prepare_done=False，開始處理新週期
2025-07-17 00:52:23 [DEBUG] AutoProgram:coordination_cycle:660 - 座標已準備，檢查Flow1觸發狀態...
2025-07-17 00:52:23 [INFO] AutoProgram:trigger_flow1:502 - 觸發Flow1取料作業
2025-07-17 00:52:23 [INFO] AutoProgram:trigger_flow1:503 - 目標座標: (-75.81, 308.98)
2025-07-17 00:52:23 [INFO] AutoProgram:trigger_flow1:518 - Flow1已觸發 (第235次)
2025-07-17 00:52:23 [INFO] AutoProgram:trigger_flow1:519 - Flow1將從AutoProgram寄存器讀取座標
2025-07-17 00:52:23 [INFO] AutoProgram:coordination_cycle:664 - Flow1已觸發 (座標已準備)
2025-07-17 00:52:23 [INFO] AutoProgram:trigger_flow1:518 - Flow1已觸發 (第236次)
2025-07-17 00:52:23 [INFO] AutoProgram:trigger_flow1:519 - Flow1將從AutoProgram寄存器讀取座標
2025-07-17 00:52:23 [INFO] AutoProgram:coordination_cycle:664 - Flow1已觸發 (座標已準備)
2025-07-17 00:52:24 [DEBUG] AutoProgram:coordination_cycle:607 - prepare_done=False，開始處理新週期
2025-07-17 00:52:24 [DEBUG] AutoProgram:coordination_cycle:660 - 座標已準備，檢查Flow1觸發狀態...
2025-07-17 00:52:24 [INFO] AutoProgram:trigger_flow1:502 - 觸發Flow1取料作業
2025-07-17 00:52:24 [INFO] AutoProgram:trigger_flow1:503 - 目標座標: (-75.81, 308.98)
2025-07-17 00:52:24 [DEBUG] AutoProgram:coordination_cycle:607 - prepare_done=False，開始處理新週期
2025-07-17 00:52:24 [DEBUG] AutoProgram:coordination_cycle:660 - 座標已準備，檢查Flow1觸發狀態...
2025-07-17 00:52:24 [INFO] AutoProgram:trigger_flow1:502 - 觸發Flow1取料作業
2025-07-17 00:52:24 [INFO] AutoProgram:trigger_flow1:503 - 目標座標: (-75.81, 308.98)
2025-07-17 00:52:24 [INFO] AutoProgram:trigger_flow1:518 - Flow1已觸發 (第237次)
2025-07-17 00:52:24 [INFO] AutoProgram:trigger_flow1:519 - Flow1將從AutoProgram寄存器讀取座標
2025-07-17 00:52:24 [INFO] AutoProgram:coordination_cycle:664 - Flow1已觸發 (座標已準備)
2025-07-17 00:52:24 [INFO] AutoProgram:trigger_flow1:518 - Flow1已觸發 (第238次)
2025-07-17 00:52:24 [INFO] AutoProgram:trigger_flow1:519 - Flow1將從AutoProgram寄存器讀取座標
2025-07-17 00:52:24 [INFO] AutoProgram:coordination_cycle:664 - Flow1已觸發 (座標已準備)
2025-07-17 00:52:24 [DEBUG] AutoProgram:coordination_cycle:607 - prepare_done=False，開始處理新週期
2025-07-17 00:52:24 [DEBUG] AutoProgram:coordination_cycle:660 - 座標已準備，檢查Flow1觸發狀態...
2025-07-17 00:52:24 [INFO] AutoProgram:trigger_flow1:502 - 觸發Flow1取料作業
2025-07-17 00:52:24 [INFO] AutoProgram:trigger_flow1:503 - 目標座標: (-75.81, 308.98)
2025-07-17 00:52:24 [DEBUG] AutoProgram:coordination_cycle:607 - prepare_done=False，開始處理新週期
2025-07-17 00:52:24 [DEBUG] AutoProgram:coordination_cycle:660 - 座標已準備，檢查Flow1觸發狀態...
2025-07-17 00:52:24 [INFO] AutoProgram:trigger_flow1:502 - 觸發Flow1取料作業
2025-07-17 00:52:24 [INFO] AutoProgram:trigger_flow1:503 - 目標座標: (-75.81, 308.98)
2025-07-17 00:52:24 [INFO] AutoProgram:trigger_flow1:518 - Flow1已觸發 (第239次)
2025-07-17 00:52:24 [INFO] AutoProgram:trigger_flow1:519 - Flow1將從AutoProgram寄存器讀取座標
2025-07-17 00:52:24 [INFO] AutoProgram:coordination_cycle:664 - Flow1已觸發 (座標已準備)
2025-07-17 00:52:24 [INFO] AutoProgram:trigger_flow1:518 - Flow1已觸發 (第240次)
2025-07-17 00:52:24 [INFO] AutoProgram:trigger_flow1:519 - Flow1將從AutoProgram寄存器讀取座標
2025-07-17 00:52:24 [INFO] AutoProgram:coordination_cycle:664 - Flow1已觸發 (座標已準備)
2025-07-17 00:52:24 [DEBUG] AutoProgram:coordination_cycle:607 - prepare_done=False，開始處理新週期
2025-07-17 00:52:24 [DEBUG] AutoProgram:coordination_cycle:660 - 座標已準備，檢查Flow1觸發狀態...
2025-07-17 00:52:24 [INFO] AutoProgram:trigger_flow1:502 - 觸發Flow1取料作業
2025-07-17 00:52:24 [INFO] AutoProgram:trigger_flow1:503 - 目標座標: (-75.81, 308.98)
2025-07-17 00:52:24 [DEBUG] AutoProgram:coordination_cycle:607 - prepare_done=False，開始處理新週期
2025-07-17 00:52:24 [DEBUG] AutoProgram:coordination_cycle:660 - 座標已準備，檢查Flow1觸發狀態...
2025-07-17 00:52:24 [INFO] AutoProgram:trigger_flow1:502 - 觸發Flow1取料作業
2025-07-17 00:52:24 [INFO] AutoProgram:trigger_flow1:503 - 目標座標: (-75.81, 308.98)
2025-07-17 00:52:24 [INFO] AutoProgram:trigger_flow1:518 - Flow1已觸發 (第241次)
2025-07-17 00:52:24 [INFO] AutoProgram:trigger_flow1:519 - Flow1將從AutoProgram寄存器讀取座標
2025-07-17 00:52:24 [INFO] AutoProgram:coordination_cycle:664 - Flow1已觸發 (座標已準備)
2025-07-17 00:52:24 [INFO] AutoProgram:trigger_flow1:518 - Flow1已觸發 (第242次)
2025-07-17 00:52:24 [INFO] AutoProgram:trigger_flow1:519 - Flow1將從AutoProgram寄存器讀取座標
2025-07-17 00:52:24 [INFO] AutoProgram:coordination_cycle:664 - Flow1已觸發 (座標已準備)
2025-07-17 00:52:24 [DEBUG] AutoProgram:coordination_cycle:607 - prepare_done=False，開始處理新週期
2025-07-17 00:52:24 [DEBUG] AutoProgram:coordination_cycle:660 - 座標已準備，檢查Flow1觸發狀態...
2025-07-17 00:52:24 [INFO] AutoProgram:trigger_flow1:502 - 觸發Flow1取料作業
2025-07-17 00:52:24 [INFO] AutoProgram:trigger_flow1:503 - 目標座標: (-75.81, 308.98)
2025-07-17 00:52:25 [DEBUG] AutoProgram:coordination_cycle:607 - prepare_done=False，開始處理新週期
2025-07-17 00:52:25 [DEBUG] AutoProgram:coordination_cycle:660 - 座標已準備，檢查Flow1觸發狀態...
2025-07-17 00:52:25 [INFO] AutoProgram:trigger_flow1:502 - 觸發Flow1取料作業
2025-07-17 00:52:25 [INFO] AutoProgram:trigger_flow1:503 - 目標座標: (-75.81, 308.98)
2025-07-17 00:52:25 [INFO] AutoProgram:trigger_flow1:518 - Flow1已觸發 (第243次)
2025-07-17 00:52:25 [INFO] AutoProgram:trigger_flow1:519 - Flow1將從AutoProgram寄存器讀取座標
2025-07-17 00:52:25 [INFO] AutoProgram:coordination_cycle:664 - Flow1已觸發 (座標已準備)
2025-07-17 00:52:25 [INFO] AutoProgram:trigger_flow1:518 - Flow1已觸發 (第244次)
2025-07-17 00:52:25 [INFO] AutoProgram:trigger_flow1:519 - Flow1將從AutoProgram寄存器讀取座標
2025-07-17 00:52:25 [INFO] AutoProgram:coordination_cycle:664 - Flow1已觸發 (座標已準備)
2025-07-17 00:52:25 [DEBUG] AutoProgram:coordination_cycle:607 - prepare_done=False，開始處理新週期
2025-07-17 00:52:25 [DEBUG] AutoProgram:coordination_cycle:660 - 座標已準備，檢查Flow1觸發狀態...
2025-07-17 00:52:25 [INFO] AutoProgram:trigger_flow1:502 - 觸發Flow1取料作業
2025-07-17 00:52:25 [INFO] AutoProgram:trigger_flow1:503 - 目標座標: (-75.81, 308.98)
2025-07-17 00:52:25 [DEBUG] AutoProgram:coordination_cycle:607 - prepare_done=False，開始處理新週期
2025-07-17 00:52:25 [DEBUG] AutoProgram:coordination_cycle:660 - 座標已準備，檢查Flow1觸發狀態...
2025-07-17 00:52:25 [INFO] AutoProgram:trigger_flow1:502 - 觸發Flow1取料作業
2025-07-17 00:52:25 [INFO] AutoProgram:trigger_flow1:503 - 目標座標: (-75.81, 308.98)
2025-07-17 00:52:25 [INFO] AutoProgram:trigger_flow1:518 - Flow1已觸發 (第245次)
2025-07-17 00:52:25 [INFO] AutoProgram:trigger_flow1:519 - Flow1將從AutoProgram寄存器讀取座標
2025-07-17 00:52:25 [INFO] AutoProgram:coordination_cycle:664 - Flow1已觸發 (座標已準備)
2025-07-17 00:52:25 [INFO] AutoProgram:trigger_flow1:518 - Flow1已觸發 (第246次)
2025-07-17 00:52:25 [INFO] AutoProgram:trigger_flow1:519 - Flow1將從AutoProgram寄存器讀取座標
2025-07-17 00:52:25 [INFO] AutoProgram:coordination_cycle:664 - Flow1已觸發 (座標已準備)
2025-07-17 00:52:25 [DEBUG] AutoProgram:coordination_cycle:607 - prepare_done=False，開始處理新週期
2025-07-17 00:52:25 [DEBUG] AutoProgram:coordination_cycle:660 - 座標已準備，檢查Flow1觸發狀態...
2025-07-17 00:52:25 [INFO] AutoProgram:trigger_flow1:502 - 觸發Flow1取料作業
2025-07-17 00:52:25 [INFO] AutoProgram:trigger_flow1:503 - 目標座標: (-75.81, 308.98)
2025-07-17 00:52:25 [DEBUG] AutoProgram:coordination_cycle:607 - prepare_done=False，開始處理新週期
2025-07-17 00:52:25 [DEBUG] AutoProgram:coordination_cycle:660 - 座標已準備，檢查Flow1觸發狀態...
2025-07-17 00:52:25 [INFO] AutoProgram:trigger_flow1:502 - 觸發Flow1取料作業
2025-07-17 00:52:25 [INFO] AutoProgram:trigger_flow1:503 - 目標座標: (-75.81, 308.98)
2025-07-17 00:52:25 [INFO] AutoProgram:trigger_flow1:518 - Flow1已觸發 (第247次)
2025-07-17 00:52:25 [INFO] AutoProgram:trigger_flow1:519 - Flow1將從AutoProgram寄存器讀取座標
2025-07-17 00:52:25 [INFO] AutoProgram:coordination_cycle:664 - Flow1已觸發 (座標已準備)
2025-07-17 00:52:25 [INFO] AutoProgram:trigger_flow1:518 - Flow1已觸發 (第248次)
2025-07-17 00:52:25 [INFO] AutoProgram:trigger_flow1:519 - Flow1將從AutoProgram寄存器讀取座標
2025-07-17 00:52:25 [INFO] AutoProgram:coordination_cycle:664 - Flow1已觸發 (座標已準備)
2025-07-17 00:52:25 [DEBUG] AutoProgram:coordination_cycle:575 - 週期250: prepare_done=False, coords_ready=True, Flow1運行中=False, DR_F可用=True, 自動程序啟用=True
2025-07-17 00:52:25 [DEBUG] AutoProgram:coordination_cycle:607 - prepare_done=False，開始處理新週期
2025-07-17 00:52:25 [DEBUG] AutoProgram:coordination_cycle:660 - 座標已準備，檢查Flow1觸發狀態...
2025-07-17 00:52:25 [INFO] AutoProgram:trigger_flow1:502 - 觸發Flow1取料作業
2025-07-17 00:52:25 [INFO] AutoProgram:trigger_flow1:503 - 目標座標: (-75.81, 308.98)
2025-07-17 00:52:25 [DEBUG] AutoProgram:coordination_cycle:607 - prepare_done=False，開始處理新週期
2025-07-17 00:52:25 [DEBUG] AutoProgram:coordination_cycle:660 - 座標已準備，檢查Flow1觸發狀態...
2025-07-17 00:52:25 [INFO] AutoProgram:trigger_flow1:502 - 觸發Flow1取料作業
2025-07-17 00:52:25 [INFO] AutoProgram:trigger_flow1:503 - 目標座標: (-75.81, 308.98)
2025-07-17 00:52:26 [INFO] AutoProgram:trigger_flow1:518 - Flow1已觸發 (第249次)
2025-07-17 00:52:26 [INFO] AutoProgram:trigger_flow1:519 - Flow1將從AutoProgram寄存器讀取座標
2025-07-17 00:52:26 [INFO] AutoProgram:coordination_cycle:664 - Flow1已觸發 (座標已準備)
2025-07-17 00:52:26 [INFO] AutoProgram:trigger_flow1:518 - Flow1已觸發 (第250次)
2025-07-17 00:52:26 [INFO] AutoProgram:trigger_flow1:519 - Flow1將從AutoProgram寄存器讀取座標
2025-07-17 00:52:26 [INFO] AutoProgram:coordination_cycle:664 - Flow1已觸發 (座標已準備)
2025-07-17 00:52:26 [DEBUG] AutoProgram:coordination_cycle:607 - prepare_done=False，開始處理新週期
2025-07-17 00:52:26 [DEBUG] AutoProgram:coordination_cycle:660 - 座標已準備，檢查Flow1觸發狀態...
2025-07-17 00:52:26 [INFO] AutoProgram:trigger_flow1:502 - 觸發Flow1取料作業
2025-07-17 00:52:26 [INFO] AutoProgram:trigger_flow1:503 - 目標座標: (-75.81, 308.98)
2025-07-17 00:52:26 [DEBUG] AutoProgram:coordination_cycle:607 - prepare_done=False，開始處理新週期
2025-07-17 00:52:26 [DEBUG] AutoProgram:coordination_cycle:660 - 座標已準備，檢查Flow1觸發狀態...
2025-07-17 00:52:26 [INFO] AutoProgram:trigger_flow1:502 - 觸發Flow1取料作業
2025-07-17 00:52:26 [INFO] AutoProgram:trigger_flow1:503 - 目標座標: (-75.81, 308.98)
2025-07-17 00:52:26 [INFO] AutoProgram:trigger_flow1:518 - Flow1已觸發 (第251次)
2025-07-17 00:52:26 [INFO] AutoProgram:trigger_flow1:519 - Flow1將從AutoProgram寄存器讀取座標
2025-07-17 00:52:26 [INFO] AutoProgram:coordination_cycle:664 - Flow1已觸發 (座標已準備)
2025-07-17 00:52:26 [INFO] AutoProgram:trigger_flow1:518 - Flow1已觸發 (第252次)
2025-07-17 00:52:26 [INFO] AutoProgram:trigger_flow1:519 - Flow1將從AutoProgram寄存器讀取座標
2025-07-17 00:52:26 [INFO] AutoProgram:coordination_cycle:664 - Flow1已觸發 (座標已準備)
2025-07-17 00:52:26 [DEBUG] AutoProgram:coordination_cycle:607 - prepare_done=False，開始處理新週期
2025-07-17 00:52:26 [DEBUG] AutoProgram:coordination_cycle:660 - 座標已準備，檢查Flow1觸發狀態...
2025-07-17 00:52:26 [INFO] AutoProgram:trigger_flow1:502 - 觸發Flow1取料作業
2025-07-17 00:52:26 [INFO] AutoProgram:trigger_flow1:503 - 目標座標: (-75.81, 308.98)
2025-07-17 00:52:26 [DEBUG] AutoProgram:coordination_cycle:607 - prepare_done=False，開始處理新週期
2025-07-17 00:52:26 [DEBUG] AutoProgram:coordination_cycle:660 - 座標已準備，檢查Flow1觸發狀態...
2025-07-17 00:52:26 [INFO] AutoProgram:trigger_flow1:502 - 觸發Flow1取料作業
2025-07-17 00:52:26 [INFO] AutoProgram:trigger_flow1:503 - 目標座標: (-75.81, 308.98)
2025-07-17 00:52:26 [INFO] AutoProgram:trigger_flow1:518 - Flow1已觸發 (第253次)
2025-07-17 00:52:26 [INFO] AutoProgram:trigger_flow1:519 - Flow1將從AutoProgram寄存器讀取座標
2025-07-17 00:52:26 [INFO] AutoProgram:coordination_cycle:664 - Flow1已觸發 (座標已準備)
2025-07-17 00:52:26 [INFO] AutoProgram:trigger_flow1:518 - Flow1已觸發 (第254次)
2025-07-17 00:52:26 [INFO] AutoProgram:trigger_flow1:519 - Flow1將從AutoProgram寄存器讀取座標
2025-07-17 00:52:26 [INFO] AutoProgram:coordination_cycle:664 - Flow1已觸發 (座標已準備)
2025-07-17 00:52:26 [DEBUG] AutoProgram:coordination_cycle:607 - prepare_done=False，開始處理新週期
2025-07-17 00:52:26 [DEBUG] AutoProgram:coordination_cycle:660 - 座標已準備，檢查Flow1觸發狀態...
2025-07-17 00:52:26 [INFO] AutoProgram:trigger_flow1:502 - 觸發Flow1取料作業
2025-07-17 00:52:26 [INFO] AutoProgram:trigger_flow1:503 - 目標座標: (-75.81, 308.98)
2025-07-17 00:52:26 [DEBUG] AutoProgram:coordination_cycle:607 - prepare_done=False，開始處理新週期
2025-07-17 00:52:26 [DEBUG] AutoProgram:coordination_cycle:660 - 座標已準備，檢查Flow1觸發狀態...
2025-07-17 00:52:26 [INFO] AutoProgram:trigger_flow1:502 - 觸發Flow1取料作業
2025-07-17 00:52:26 [INFO] AutoProgram:trigger_flow1:503 - 目標座標: (-75.81, 308.98)
2025-07-17 00:52:26 [INFO] AutoProgram:trigger_flow1:518 - Flow1已觸發 (第255次)
2025-07-17 00:52:26 [INFO] AutoProgram:trigger_flow1:519 - Flow1將從AutoProgram寄存器讀取座標
2025-07-17 00:52:26 [INFO] AutoProgram:coordination_cycle:664 - Flow1已觸發 (座標已準備)
2025-07-17 00:52:26 [INFO] AutoProgram:trigger_flow1:518 - Flow1已觸發 (第256次)
2025-07-17 00:52:26 [INFO] AutoProgram:trigger_flow1:519 - Flow1將從AutoProgram寄存器讀取座標
2025-07-17 00:52:26 [INFO] AutoProgram:coordination_cycle:664 - Flow1已觸發 (座標已準備)
2025-07-17 00:52:27 [DEBUG] AutoProgram:coordination_cycle:607 - prepare_done=False，開始處理新週期
2025-07-17 00:52:27 [DEBUG] AutoProgram:coordination_cycle:660 - 座標已準備，檢查Flow1觸發狀態...
2025-07-17 00:52:27 [INFO] AutoProgram:trigger_flow1:502 - 觸發Flow1取料作業
2025-07-17 00:52:27 [INFO] AutoProgram:trigger_flow1:503 - 目標座標: (-75.81, 308.98)
2025-07-17 00:52:27 [DEBUG] AutoProgram:coordination_cycle:607 - prepare_done=False，開始處理新週期
2025-07-17 00:52:27 [DEBUG] AutoProgram:coordination_cycle:660 - 座標已準備，檢查Flow1觸發狀態...
2025-07-17 00:52:27 [INFO] AutoProgram:trigger_flow1:502 - 觸發Flow1取料作業
2025-07-17 00:52:27 [INFO] AutoProgram:trigger_flow1:503 - 目標座標: (-75.81, 308.98)
2025-07-17 00:52:27 [INFO] AutoProgram:trigger_flow1:518 - Flow1已觸發 (第257次)
2025-07-17 00:52:27 [INFO] AutoProgram:trigger_flow1:519 - Flow1將從AutoProgram寄存器讀取座標
2025-07-17 00:52:27 [INFO] AutoProgram:coordination_cycle:664 - Flow1已觸發 (座標已準備)
2025-07-17 00:52:27 [INFO] AutoProgram:trigger_flow1:518 - Flow1已觸發 (第258次)
2025-07-17 00:52:27 [INFO] AutoProgram:trigger_flow1:519 - Flow1將從AutoProgram寄存器讀取座標
2025-07-17 00:52:27 [INFO] AutoProgram:coordination_cycle:664 - Flow1已觸發 (座標已準備)
2025-07-17 00:52:27 [DEBUG] AutoProgram:coordination_cycle:607 - prepare_done=False，開始處理新週期
2025-07-17 00:52:27 [DEBUG] AutoProgram:coordination_cycle:660 - 座標已準備，檢查Flow1觸發狀態...
2025-07-17 00:52:27 [INFO] AutoProgram:trigger_flow1:502 - 觸發Flow1取料作業
2025-07-17 00:52:27 [INFO] AutoProgram:trigger_flow1:503 - 目標座標: (-75.81, 308.98)
2025-07-17 00:52:27 [DEBUG] AutoProgram:coordination_cycle:607 - prepare_done=False，開始處理新週期
2025-07-17 00:52:27 [DEBUG] AutoProgram:coordination_cycle:660 - 座標已準備，檢查Flow1觸發狀態...
2025-07-17 00:52:27 [INFO] AutoProgram:trigger_flow1:502 - 觸發Flow1取料作業
2025-07-17 00:52:27 [INFO] AutoProgram:trigger_flow1:503 - 目標座標: (-75.81, 308.98)
2025-07-17 00:52:27 [INFO] AutoProgram:trigger_flow1:518 - Flow1已觸發 (第259次)
2025-07-17 00:52:27 [INFO] AutoProgram:trigger_flow1:519 - Flow1將從AutoProgram寄存器讀取座標
2025-07-17 00:52:27 [INFO] AutoProgram:coordination_cycle:664 - Flow1已觸發 (座標已準備)
2025-07-17 00:52:27 [INFO] AutoProgram:trigger_flow1:518 - Flow1已觸發 (第260次)
2025-07-17 00:52:27 [INFO] AutoProgram:trigger_flow1:519 - Flow1將從AutoProgram寄存器讀取座標
2025-07-17 00:52:27 [INFO] AutoProgram:coordination_cycle:664 - Flow1已觸發 (座標已準備)
2025-07-17 00:52:27 [DEBUG] AutoProgram:coordination_cycle:607 - prepare_done=False，開始處理新週期
2025-07-17 00:52:27 [DEBUG] AutoProgram:coordination_cycle:660 - 座標已準備，檢查Flow1觸發狀態...
2025-07-17 00:52:27 [INFO] AutoProgram:trigger_flow1:502 - 觸發Flow1取料作業
2025-07-17 00:52:27 [INFO] AutoProgram:trigger_flow1:503 - 目標座標: (-75.81, 308.98)
2025-07-17 00:52:27 [DEBUG] AutoProgram:coordination_cycle:607 - prepare_done=False，開始處理新週期
2025-07-17 00:52:27 [DEBUG] AutoProgram:coordination_cycle:660 - 座標已準備，檢查Flow1觸發狀態...
2025-07-17 00:52:27 [INFO] AutoProgram:trigger_flow1:502 - 觸發Flow1取料作業
2025-07-17 00:52:27 [INFO] AutoProgram:trigger_flow1:503 - 目標座標: (-75.81, 308.98)
2025-07-17 00:52:27 [INFO] AutoProgram:trigger_flow1:518 - Flow1已觸發 (第261次)
2025-07-17 00:52:27 [INFO] AutoProgram:trigger_flow1:519 - Flow1將從AutoProgram寄存器讀取座標
2025-07-17 00:52:27 [INFO] AutoProgram:coordination_cycle:664 - Flow1已觸發 (座標已準備)
2025-07-17 00:52:27 [INFO] AutoProgram:trigger_flow1:518 - Flow1已觸發 (第262次)
2025-07-17 00:52:27 [INFO] AutoProgram:trigger_flow1:519 - Flow1將從AutoProgram寄存器讀取座標
2025-07-17 00:52:27 [INFO] AutoProgram:coordination_cycle:664 - Flow1已觸發 (座標已準備)
2025-07-17 00:52:28 [DEBUG] AutoProgram:coordination_cycle:607 - prepare_done=False，開始處理新週期
2025-07-17 00:52:28 [DEBUG] AutoProgram:coordination_cycle:660 - 座標已準備，檢查Flow1觸發狀態...
2025-07-17 00:52:28 [INFO] AutoProgram:trigger_flow1:502 - 觸發Flow1取料作業
2025-07-17 00:52:28 [INFO] AutoProgram:trigger_flow1:503 - 目標座標: (-75.81, 308.98)
2025-07-17 00:52:28 [DEBUG] AutoProgram:coordination_cycle:607 - prepare_done=False，開始處理新週期
2025-07-17 00:52:28 [DEBUG] AutoProgram:coordination_cycle:660 - 座標已準備，檢查Flow1觸發狀態...
2025-07-17 00:52:28 [INFO] AutoProgram:trigger_flow1:502 - 觸發Flow1取料作業
2025-07-17 00:52:28 [INFO] AutoProgram:trigger_flow1:503 - 目標座標: (-75.81, 308.98)
2025-07-17 00:52:28 [INFO] AutoProgram:trigger_flow1:518 - Flow1已觸發 (第263次)
2025-07-17 00:52:28 [INFO] AutoProgram:trigger_flow1:519 - Flow1將從AutoProgram寄存器讀取座標
2025-07-17 00:52:28 [INFO] AutoProgram:coordination_cycle:664 - Flow1已觸發 (座標已準備)
2025-07-17 00:52:28 [INFO] AutoProgram:trigger_flow1:518 - Flow1已觸發 (第264次)
2025-07-17 00:52:28 [INFO] AutoProgram:trigger_flow1:519 - Flow1將從AutoProgram寄存器讀取座標
2025-07-17 00:52:28 [INFO] AutoProgram:coordination_cycle:664 - Flow1已觸發 (座標已準備)
2025-07-17 00:52:28 [DEBUG] AutoProgram:coordination_cycle:607 - prepare_done=False，開始處理新週期
2025-07-17 00:52:28 [DEBUG] AutoProgram:coordination_cycle:660 - 座標已準備，檢查Flow1觸發狀態...
2025-07-17 00:52:28 [INFO] AutoProgram:trigger_flow1:502 - 觸發Flow1取料作業
2025-07-17 00:52:28 [INFO] AutoProgram:trigger_flow1:503 - 目標座標: (-75.81, 308.98)
2025-07-17 00:52:28 [DEBUG] AutoProgram:coordination_cycle:607 - prepare_done=False，開始處理新週期
2025-07-17 00:52:28 [DEBUG] AutoProgram:coordination_cycle:660 - 座標已準備，檢查Flow1觸發狀態...
2025-07-17 00:52:28 [INFO] AutoProgram:trigger_flow1:502 - 觸發Flow1取料作業
2025-07-17 00:52:28 [INFO] AutoProgram:trigger_flow1:503 - 目標座標: (-75.81, 308.98)
2025-07-17 00:52:28 [INFO] AutoProgram:trigger_flow1:518 - Flow1已觸發 (第265次)
2025-07-17 00:52:28 [INFO] AutoProgram:trigger_flow1:519 - Flow1將從AutoProgram寄存器讀取座標
2025-07-17 00:52:28 [INFO] AutoProgram:coordination_cycle:664 - Flow1已觸發 (座標已準備)
2025-07-17 00:52:28 [INFO] AutoProgram:trigger_flow1:518 - Flow1已觸發 (第266次)
2025-07-17 00:52:28 [INFO] AutoProgram:trigger_flow1:519 - Flow1將從AutoProgram寄存器讀取座標
2025-07-17 00:52:28 [INFO] AutoProgram:coordination_cycle:664 - Flow1已觸發 (座標已準備)
2025-07-17 00:52:28 [DEBUG] AutoProgram:coordination_cycle:607 - prepare_done=False，開始處理新週期
2025-07-17 00:52:28 [DEBUG] AutoProgram:coordination_cycle:660 - 座標已準備，檢查Flow1觸發狀態...
2025-07-17 00:52:28 [INFO] AutoProgram:trigger_flow1:502 - 觸發Flow1取料作業
2025-07-17 00:52:28 [INFO] AutoProgram:trigger_flow1:503 - 目標座標: (-75.81, 308.98)
2025-07-17 00:52:28 [DEBUG] AutoProgram:coordination_cycle:607 - prepare_done=False，開始處理新週期
2025-07-17 00:52:28 [DEBUG] AutoProgram:coordination_cycle:660 - 座標已準備，檢查Flow1觸發狀態...
2025-07-17 00:52:28 [INFO] AutoProgram:trigger_flow1:502 - 觸發Flow1取料作業
2025-07-17 00:52:28 [INFO] AutoProgram:trigger_flow1:503 - 目標座標: (-75.81, 308.98)
2025-07-17 00:52:28 [INFO] AutoProgram:trigger_flow1:518 - Flow1已觸發 (第267次)
2025-07-17 00:52:28 [INFO] AutoProgram:trigger_flow1:519 - Flow1將從AutoProgram寄存器讀取座標
2025-07-17 00:52:28 [INFO] AutoProgram:coordination_cycle:664 - Flow1已觸發 (座標已準備)
2025-07-17 00:52:28 [INFO] AutoProgram:trigger_flow1:518 - Flow1已觸發 (第268次)
2025-07-17 00:52:28 [INFO] AutoProgram:trigger_flow1:519 - Flow1將從AutoProgram寄存器讀取座標
2025-07-17 00:52:28 [INFO] AutoProgram:coordination_cycle:664 - Flow1已觸發 (座標已準備)
2025-07-17 00:52:28 [DEBUG] AutoProgram:coordination_cycle:607 - prepare_done=False，開始處理新週期
2025-07-17 00:52:28 [DEBUG] AutoProgram:coordination_cycle:660 - 座標已準備，檢查Flow1觸發狀態...
2025-07-17 00:52:28 [INFO] AutoProgram:trigger_flow1:502 - 觸發Flow1取料作業
2025-07-17 00:52:28 [INFO] AutoProgram:trigger_flow1:503 - 目標座標: (-75.81, 308.98)
2025-07-17 00:52:28 [DEBUG] AutoProgram:coordination_cycle:607 - prepare_done=False，開始處理新週期
2025-07-17 00:52:28 [DEBUG] AutoProgram:coordination_cycle:660 - 座標已準備，檢查Flow1觸發狀態...
2025-07-17 00:52:28 [INFO] AutoProgram:trigger_flow1:502 - 觸發Flow1取料作業
2025-07-17 00:52:28 [INFO] AutoProgram:trigger_flow1:503 - 目標座標: (-75.81, 308.98)
2025-07-17 00:52:29 [INFO] AutoProgram:trigger_flow1:518 - Flow1已觸發 (第269次)
2025-07-17 00:52:29 [INFO] AutoProgram:trigger_flow1:519 - Flow1將從AutoProgram寄存器讀取座標
2025-07-17 00:52:29 [INFO] AutoProgram:coordination_cycle:664 - Flow1已觸發 (座標已準備)
2025-07-17 00:52:29 [INFO] AutoProgram:trigger_flow1:518 - Flow1已觸發 (第270次)
2025-07-17 00:52:29 [INFO] AutoProgram:trigger_flow1:519 - Flow1將從AutoProgram寄存器讀取座標
2025-07-17 00:52:29 [INFO] AutoProgram:coordination_cycle:664 - Flow1已觸發 (座標已準備)
2025-07-17 00:52:29 [DEBUG] AutoProgram:coordination_cycle:607 - prepare_done=False，開始處理新週期
2025-07-17 00:52:29 [DEBUG] AutoProgram:coordination_cycle:660 - 座標已準備，檢查Flow1觸發狀態...
2025-07-17 00:52:29 [INFO] AutoProgram:trigger_flow1:502 - 觸發Flow1取料作業
2025-07-17 00:52:29 [INFO] AutoProgram:trigger_flow1:503 - 目標座標: (-75.81, 308.98)
2025-07-17 00:52:29 [DEBUG] AutoProgram:coordination_cycle:607 - prepare_done=False，開始處理新週期
2025-07-17 00:52:29 [DEBUG] AutoProgram:coordination_cycle:660 - 座標已準備，檢查Flow1觸發狀態...
2025-07-17 00:52:29 [INFO] AutoProgram:trigger_flow1:502 - 觸發Flow1取料作業
2025-07-17 00:52:29 [INFO] AutoProgram:trigger_flow1:503 - 目標座標: (-75.81, 308.98)
2025-07-17 00:52:29 [INFO] AutoProgram:trigger_flow1:518 - Flow1已觸發 (第271次)
2025-07-17 00:52:29 [INFO] AutoProgram:trigger_flow1:519 - Flow1將從AutoProgram寄存器讀取座標
2025-07-17 00:52:29 [INFO] AutoProgram:coordination_cycle:664 - Flow1已觸發 (座標已準備)
2025-07-17 00:52:29 [INFO] AutoProgram:trigger_flow1:518 - Flow1已觸發 (第272次)
2025-07-17 00:52:29 [INFO] AutoProgram:trigger_flow1:519 - Flow1將從AutoProgram寄存器讀取座標
2025-07-17 00:52:29 [INFO] AutoProgram:coordination_cycle:664 - Flow1已觸發 (座標已準備)
2025-07-17 00:52:29 [DEBUG] AutoProgram:coordination_cycle:607 - prepare_done=False，開始處理新週期
2025-07-17 00:52:29 [DEBUG] AutoProgram:coordination_cycle:660 - 座標已準備，檢查Flow1觸發狀態...
2025-07-17 00:52:29 [INFO] AutoProgram:trigger_flow1:502 - 觸發Flow1取料作業
2025-07-17 00:52:29 [INFO] AutoProgram:trigger_flow1:503 - 目標座標: (-75.81, 308.98)
2025-07-17 00:52:29 [DEBUG] AutoProgram:coordination_cycle:607 - prepare_done=False，開始處理新週期
2025-07-17 00:52:29 [DEBUG] AutoProgram:coordination_cycle:660 - 座標已準備，檢查Flow1觸發狀態...
2025-07-17 00:52:29 [INFO] AutoProgram:trigger_flow1:502 - 觸發Flow1取料作業
2025-07-17 00:52:29 [INFO] AutoProgram:trigger_flow1:503 - 目標座標: (-75.81, 308.98)
2025-07-17 00:52:29 [INFO] AutoProgram:trigger_flow1:518 - Flow1已觸發 (第273次)
2025-07-17 00:52:29 [INFO] AutoProgram:trigger_flow1:519 - Flow1將從AutoProgram寄存器讀取座標
2025-07-17 00:52:29 [INFO] AutoProgram:coordination_cycle:664 - Flow1已觸發 (座標已準備)
2025-07-17 00:52:29 [INFO] AutoProgram:trigger_flow1:518 - Flow1已觸發 (第274次)
2025-07-17 00:52:29 [INFO] AutoProgram:trigger_flow1:519 - Flow1將從AutoProgram寄存器讀取座標
2025-07-17 00:52:29 [INFO] AutoProgram:coordination_cycle:664 - Flow1已觸發 (座標已準備)
2025-07-17 00:52:29 [DEBUG] AutoProgram:coordination_cycle:607 - prepare_done=False，開始處理新週期
2025-07-17 00:52:29 [DEBUG] AutoProgram:coordination_cycle:660 - 座標已準備，檢查Flow1觸發狀態...
2025-07-17 00:52:29 [INFO] AutoProgram:trigger_flow1:502 - 觸發Flow1取料作業
2025-07-17 00:52:29 [INFO] AutoProgram:trigger_flow1:503 - 目標座標: (-75.81, 308.98)
2025-07-17 00:52:29 [DEBUG] AutoProgram:coordination_cycle:607 - prepare_done=False，開始處理新週期
2025-07-17 00:52:29 [DEBUG] AutoProgram:coordination_cycle:660 - 座標已準備，檢查Flow1觸發狀態...
2025-07-17 00:52:29 [INFO] AutoProgram:trigger_flow1:502 - 觸發Flow1取料作業
2025-07-17 00:52:29 [INFO] AutoProgram:trigger_flow1:503 - 目標座標: (-75.81, 308.98)
2025-07-17 00:52:29 [INFO] AutoProgram:trigger_flow1:518 - Flow1已觸發 (第275次)
2025-07-17 00:52:29 [INFO] AutoProgram:trigger_flow1:519 - Flow1將從AutoProgram寄存器讀取座標
2025-07-17 00:52:29 [INFO] AutoProgram:coordination_cycle:664 - Flow1已觸發 (座標已準備)
2025-07-17 00:52:30 [INFO] AutoProgram:trigger_flow1:518 - Flow1已觸發 (第276次)
2025-07-17 00:52:30 [INFO] AutoProgram:trigger_flow1:519 - Flow1將從AutoProgram寄存器讀取座標
2025-07-17 00:52:30 [INFO] AutoProgram:coordination_cycle:664 - Flow1已觸發 (座標已準備)
2025-07-17 00:52:30 [DEBUG] AutoProgram:coordination_cycle:607 - prepare_done=False，開始處理新週期
2025-07-17 00:52:30 [DEBUG] AutoProgram:coordination_cycle:660 - 座標已準備，檢查Flow1觸發狀態...
2025-07-17 00:52:30 [INFO] AutoProgram:trigger_flow1:502 - 觸發Flow1取料作業
2025-07-17 00:52:30 [INFO] AutoProgram:trigger_flow1:503 - 目標座標: (-75.81, 308.98)
2025-07-17 00:52:30 [DEBUG] AutoProgram:coordination_cycle:607 - prepare_done=False，開始處理新週期
2025-07-17 00:52:30 [DEBUG] AutoProgram:coordination_cycle:660 - 座標已準備，檢查Flow1觸發狀態...
2025-07-17 00:52:30 [INFO] AutoProgram:trigger_flow1:502 - 觸發Flow1取料作業
2025-07-17 00:52:30 [INFO] AutoProgram:trigger_flow1:503 - 目標座標: (-75.81, 308.98)
2025-07-17 00:52:30 [INFO] AutoProgram:trigger_flow1:518 - Flow1已觸發 (第277次)
2025-07-17 00:52:30 [INFO] AutoProgram:trigger_flow1:519 - Flow1將從AutoProgram寄存器讀取座標
2025-07-17 00:52:30 [INFO] AutoProgram:coordination_cycle:664 - Flow1已觸發 (座標已準備)
2025-07-17 00:52:30 [INFO] AutoProgram:trigger_flow1:518 - Flow1已觸發 (第278次)
2025-07-17 00:52:30 [INFO] AutoProgram:trigger_flow1:519 - Flow1將從AutoProgram寄存器讀取座標
2025-07-17 00:52:30 [INFO] AutoProgram:coordination_cycle:664 - Flow1已觸發 (座標已準備)
2025-07-17 00:52:30 [DEBUG] AutoProgram:coordination_cycle:607 - prepare_done=False，開始處理新週期
2025-07-17 00:52:30 [DEBUG] AutoProgram:coordination_cycle:660 - 座標已準備，檢查Flow1觸發狀態...
2025-07-17 00:52:30 [INFO] AutoProgram:trigger_flow1:502 - 觸發Flow1取料作業
2025-07-17 00:52:30 [INFO] AutoProgram:trigger_flow1:503 - 目標座標: (-75.81, 308.98)
2025-07-17 00:52:30 [DEBUG] AutoProgram:coordination_cycle:607 - prepare_done=False，開始處理新週期
2025-07-17 00:52:30 [DEBUG] AutoProgram:coordination_cycle:660 - 座標已準備，檢查Flow1觸發狀態...
2025-07-17 00:52:30 [INFO] AutoProgram:trigger_flow1:502 - 觸發Flow1取料作業
2025-07-17 00:52:30 [INFO] AutoProgram:trigger_flow1:503 - 目標座標: (-75.81, 308.98)
2025-07-17 00:52:30 [INFO] AutoProgram:trigger_flow1:518 - Flow1已觸發 (第279次)
2025-07-17 00:52:30 [INFO] AutoProgram:trigger_flow1:519 - Flow1將從AutoProgram寄存器讀取座標
2025-07-17 00:52:30 [INFO] AutoProgram:coordination_cycle:664 - Flow1已觸發 (座標已準備)
2025-07-17 00:52:30 [INFO] AutoProgram:trigger_flow1:518 - Flow1已觸發 (第280次)
2025-07-17 00:52:30 [INFO] AutoProgram:trigger_flow1:519 - Flow1將從AutoProgram寄存器讀取座標
2025-07-17 00:52:30 [INFO] AutoProgram:coordination_cycle:664 - Flow1已觸發 (座標已準備)
2025-07-17 00:52:30 [DEBUG] AutoProgram:coordination_cycle:607 - prepare_done=False，開始處理新週期
2025-07-17 00:52:30 [DEBUG] AutoProgram:coordination_cycle:660 - 座標已準備，檢查Flow1觸發狀態...
2025-07-17 00:52:30 [INFO] AutoProgram:trigger_flow1:502 - 觸發Flow1取料作業
2025-07-17 00:52:30 [INFO] AutoProgram:trigger_flow1:503 - 目標座標: (-75.81, 308.98)
2025-07-17 00:52:30 [DEBUG] AutoProgram:coordination_cycle:607 - prepare_done=False，開始處理新週期
2025-07-17 00:52:30 [DEBUG] AutoProgram:coordination_cycle:660 - 座標已準備，檢查Flow1觸發狀態...
2025-07-17 00:52:30 [INFO] AutoProgram:trigger_flow1:502 - 觸發Flow1取料作業
2025-07-17 00:52:30 [INFO] AutoProgram:trigger_flow1:503 - 目標座標: (-75.81, 308.98)
2025-07-17 00:52:30 [INFO] AutoProgram:trigger_flow1:518 - Flow1已觸發 (第281次)
2025-07-17 00:52:30 [INFO] AutoProgram:trigger_flow1:519 - Flow1將從AutoProgram寄存器讀取座標
2025-07-17 00:52:30 [INFO] AutoProgram:coordination_cycle:664 - Flow1已觸發 (座標已準備)
2025-07-17 00:52:30 [INFO] AutoProgram:trigger_flow1:518 - Flow1已觸發 (第282次)
2025-07-17 00:52:30 [INFO] AutoProgram:trigger_flow1:519 - Flow1將從AutoProgram寄存器讀取座標
2025-07-17 00:52:30 [INFO] AutoProgram:coordination_cycle:664 - Flow1已觸發 (座標已準備)
2025-07-17 00:52:31 [DEBUG] AutoProgram:coordination_cycle:607 - prepare_done=False，開始處理新週期
2025-07-17 00:52:31 [DEBUG] AutoProgram:coordination_cycle:660 - 座標已準備，檢查Flow1觸發狀態...
2025-07-17 00:52:31 [INFO] AutoProgram:trigger_flow1:502 - 觸發Flow1取料作業
2025-07-17 00:52:31 [INFO] AutoProgram:trigger_flow1:503 - 目標座標: (-75.81, 308.98)
2025-07-17 00:52:31 [DEBUG] AutoProgram:coordination_cycle:607 - prepare_done=False，開始處理新週期
2025-07-17 00:52:31 [DEBUG] AutoProgram:coordination_cycle:660 - 座標已準備，檢查Flow1觸發狀態...
2025-07-17 00:52:31 [INFO] AutoProgram:trigger_flow1:502 - 觸發Flow1取料作業
2025-07-17 00:52:31 [INFO] AutoProgram:trigger_flow1:503 - 目標座標: (-75.81, 308.98)
2025-07-17 00:52:31 [INFO] AutoProgram:trigger_flow1:518 - Flow1已觸發 (第283次)
2025-07-17 00:52:31 [INFO] AutoProgram:trigger_flow1:519 - Flow1將從AutoProgram寄存器讀取座標
2025-07-17 00:52:31 [INFO] AutoProgram:coordination_cycle:664 - Flow1已觸發 (座標已準備)
2025-07-17 00:52:31 [INFO] AutoProgram:trigger_flow1:518 - Flow1已觸發 (第284次)
2025-07-17 00:52:31 [INFO] AutoProgram:trigger_flow1:519 - Flow1將從AutoProgram寄存器讀取座標
2025-07-17 00:52:31 [INFO] AutoProgram:coordination_cycle:664 - Flow1已觸發 (座標已準備)
2025-07-17 00:52:31 [DEBUG] AutoProgram:coordination_cycle:607 - prepare_done=False，開始處理新週期
2025-07-17 00:52:31 [DEBUG] AutoProgram:coordination_cycle:660 - 座標已準備，檢查Flow1觸發狀態...
2025-07-17 00:52:31 [INFO] AutoProgram:trigger_flow1:502 - 觸發Flow1取料作業
2025-07-17 00:52:31 [INFO] AutoProgram:trigger_flow1:503 - 目標座標: (-75.81, 308.98)
2025-07-17 00:52:31 [DEBUG] AutoProgram:_coordination_loop:800 - 控制循環心跳 - 第400次, running=True, auto_enabled=True
2025-07-17 00:52:31 [DEBUG] AutoProgram:coordination_cycle:607 - prepare_done=False，開始處理新週期
2025-07-17 00:52:31 [DEBUG] AutoProgram:coordination_cycle:660 - 座標已準備，檢查Flow1觸發狀態...
2025-07-17 00:52:31 [INFO] AutoProgram:trigger_flow1:502 - 觸發Flow1取料作業
2025-07-17 00:52:31 [INFO] AutoProgram:trigger_flow1:503 - 目標座標: (-75.81, 308.98)
2025-07-17 00:52:31 [INFO] AutoProgram:trigger_flow1:518 - Flow1已觸發 (第285次)
2025-07-17 00:52:31 [INFO] AutoProgram:trigger_flow1:519 - Flow1將從AutoProgram寄存器讀取座標
2025-07-17 00:52:31 [INFO] AutoProgram:coordination_cycle:664 - Flow1已觸發 (座標已準備)
2025-07-17 00:52:31 [INFO] AutoProgram:trigger_flow1:518 - Flow1已觸發 (第286次)
2025-07-17 00:52:31 [INFO] AutoProgram:trigger_flow1:519 - Flow1將從AutoProgram寄存器讀取座標
2025-07-17 00:52:31 [INFO] AutoProgram:coordination_cycle:664 - Flow1已觸發 (座標已準備)
2025-07-17 00:52:31 [DEBUG] AutoProgram:coordination_cycle:607 - prepare_done=False，開始處理新週期
2025-07-17 00:52:31 [DEBUG] AutoProgram:coordination_cycle:660 - 座標已準備，檢查Flow1觸發狀態...
2025-07-17 00:52:31 [INFO] AutoProgram:trigger_flow1:502 - 觸發Flow1取料作業
2025-07-17 00:52:31 [INFO] AutoProgram:trigger_flow1:503 - 目標座標: (-75.81, 308.98)
2025-07-17 00:52:31 [DEBUG] AutoProgram:coordination_cycle:607 - prepare_done=False，開始處理新週期
2025-07-17 00:52:31 [DEBUG] AutoProgram:coordination_cycle:660 - 座標已準備，檢查Flow1觸發狀態...
2025-07-17 00:52:31 [INFO] AutoProgram:trigger_flow1:502 - 觸發Flow1取料作業
2025-07-17 00:52:31 [INFO] AutoProgram:trigger_flow1:503 - 目標座標: (-75.81, 308.98)
2025-07-17 00:52:31 [INFO] AutoProgram:trigger_flow1:518 - Flow1已觸發 (第287次)
2025-07-17 00:52:31 [INFO] AutoProgram:trigger_flow1:519 - Flow1將從AutoProgram寄存器讀取座標
2025-07-17 00:52:31 [INFO] AutoProgram:coordination_cycle:664 - Flow1已觸發 (座標已準備)
2025-07-17 00:52:31 [INFO] AutoProgram:trigger_flow1:518 - Flow1已觸發 (第288次)
2025-07-17 00:52:31 [INFO] AutoProgram:trigger_flow1:519 - Flow1將從AutoProgram寄存器讀取座標
2025-07-17 00:52:31 [INFO] AutoProgram:coordination_cycle:664 - Flow1已觸發 (座標已準備)
2025-07-17 00:52:31 [DEBUG] AutoProgram:coordination_cycle:607 - prepare_done=False，開始處理新週期
2025-07-17 00:52:31 [DEBUG] AutoProgram:coordination_cycle:660 - 座標已準備，檢查Flow1觸發狀態...
2025-07-17 00:52:31 [INFO] AutoProgram:trigger_flow1:502 - 觸發Flow1取料作業
2025-07-17 00:52:31 [INFO] AutoProgram:trigger_flow1:503 - 目標座標: (-75.81, 308.98)
2025-07-17 00:52:32 [DEBUG] AutoProgram:coordination_cycle:607 - prepare_done=False，開始處理新週期
2025-07-17 00:52:32 [DEBUG] AutoProgram:coordination_cycle:660 - 座標已準備，檢查Flow1觸發狀態...
2025-07-17 00:52:32 [INFO] AutoProgram:trigger_flow1:502 - 觸發Flow1取料作業
2025-07-17 00:52:32 [INFO] AutoProgram:trigger_flow1:503 - 目標座標: (-75.81, 308.98)
2025-07-17 00:52:32 [INFO] AutoProgram:trigger_flow1:518 - Flow1已觸發 (第289次)
2025-07-17 00:52:32 [INFO] AutoProgram:trigger_flow1:519 - Flow1將從AutoProgram寄存器讀取座標
2025-07-17 00:52:32 [INFO] AutoProgram:coordination_cycle:664 - Flow1已觸發 (座標已準備)
2025-07-17 00:52:32 [INFO] AutoProgram:trigger_flow1:518 - Flow1已觸發 (第290次)
2025-07-17 00:52:32 [INFO] AutoProgram:trigger_flow1:519 - Flow1將從AutoProgram寄存器讀取座標
2025-07-17 00:52:32 [INFO] AutoProgram:coordination_cycle:664 - Flow1已觸發 (座標已準備)
2025-07-17 00:52:32 [DEBUG] AutoProgram:coordination_cycle:607 - prepare_done=False，開始處理新週期
2025-07-17 00:52:32 [DEBUG] AutoProgram:coordination_cycle:660 - 座標已準備，檢查Flow1觸發狀態...
2025-07-17 00:52:32 [INFO] AutoProgram:trigger_flow1:502 - 觸發Flow1取料作業
2025-07-17 00:52:32 [INFO] AutoProgram:trigger_flow1:503 - 目標座標: (-75.81, 308.98)
2025-07-17 00:52:32 [DEBUG] AutoProgram:coordination_cycle:607 - prepare_done=False，開始處理新週期
2025-07-17 00:52:32 [DEBUG] AutoProgram:coordination_cycle:660 - 座標已準備，檢查Flow1觸發狀態...
2025-07-17 00:52:32 [INFO] AutoProgram:trigger_flow1:502 - 觸發Flow1取料作業
2025-07-17 00:52:32 [INFO] AutoProgram:trigger_flow1:503 - 目標座標: (-75.81, 308.98)
2025-07-17 00:52:32 [INFO] AutoProgram:trigger_flow1:518 - Flow1已觸發 (第291次)
2025-07-17 00:52:32 [INFO] AutoProgram:trigger_flow1:519 - Flow1將從AutoProgram寄存器讀取座標
2025-07-17 00:52:32 [INFO] AutoProgram:coordination_cycle:664 - Flow1已觸發 (座標已準備)
2025-07-17 00:52:32 [INFO] AutoProgram:trigger_flow1:518 - Flow1已觸發 (第292次)
2025-07-17 00:52:32 [INFO] AutoProgram:trigger_flow1:519 - Flow1將從AutoProgram寄存器讀取座標
2025-07-17 00:52:32 [INFO] AutoProgram:coordination_cycle:664 - Flow1已觸發 (座標已準備)
2025-07-17 00:52:32 [DEBUG] AutoProgram:coordination_cycle:607 - prepare_done=False，開始處理新週期
2025-07-17 00:52:32 [DEBUG] AutoProgram:coordination_cycle:660 - 座標已準備，檢查Flow1觸發狀態...
2025-07-17 00:52:32 [INFO] AutoProgram:trigger_flow1:502 - 觸發Flow1取料作業
2025-07-17 00:52:32 [INFO] AutoProgram:trigger_flow1:503 - 目標座標: (-75.81, 308.98)
2025-07-17 00:52:32 [DEBUG] AutoProgram:coordination_cycle:607 - prepare_done=False，開始處理新週期
2025-07-17 00:52:32 [DEBUG] AutoProgram:coordination_cycle:660 - 座標已準備，檢查Flow1觸發狀態...
2025-07-17 00:52:32 [INFO] AutoProgram:trigger_flow1:502 - 觸發Flow1取料作業
2025-07-17 00:52:32 [INFO] AutoProgram:trigger_flow1:503 - 目標座標: (-75.81, 308.98)
2025-07-17 00:52:32 [INFO] AutoProgram:trigger_flow1:518 - Flow1已觸發 (第293次)
2025-07-17 00:52:32 [INFO] AutoProgram:trigger_flow1:519 - Flow1將從AutoProgram寄存器讀取座標
2025-07-17 00:52:32 [INFO] AutoProgram:coordination_cycle:664 - Flow1已觸發 (座標已準備)
2025-07-17 00:52:32 [INFO] AutoProgram:trigger_flow1:518 - Flow1已觸發 (第294次)
2025-07-17 00:52:32 [INFO] AutoProgram:trigger_flow1:519 - Flow1將從AutoProgram寄存器讀取座標
2025-07-17 00:52:32 [INFO] AutoProgram:coordination_cycle:664 - Flow1已觸發 (座標已準備)
2025-07-17 00:52:32 [DEBUG] AutoProgram:coordination_cycle:607 - prepare_done=False，開始處理新週期
2025-07-17 00:52:32 [DEBUG] AutoProgram:coordination_cycle:660 - 座標已準備，檢查Flow1觸發狀態...
2025-07-17 00:52:32 [INFO] AutoProgram:trigger_flow1:502 - 觸發Flow1取料作業
2025-07-17 00:52:32 [INFO] AutoProgram:trigger_flow1:503 - 目標座標: (-75.81, 308.98)
2025-07-17 00:52:32 [DEBUG] AutoProgram:coordination_cycle:607 - prepare_done=False，開始處理新週期
2025-07-17 00:52:32 [DEBUG] AutoProgram:coordination_cycle:660 - 座標已準備，檢查Flow1觸發狀態...
2025-07-17 00:52:32 [INFO] AutoProgram:trigger_flow1:502 - 觸發Flow1取料作業
2025-07-17 00:52:32 [INFO] AutoProgram:trigger_flow1:503 - 目標座標: (-75.81, 308.98)
2025-07-17 00:52:33 [INFO] AutoProgram:trigger_flow1:518 - Flow1已觸發 (第295次)
2025-07-17 00:52:33 [INFO] AutoProgram:trigger_flow1:519 - Flow1將從AutoProgram寄存器讀取座標
2025-07-17 00:52:33 [INFO] AutoProgram:coordination_cycle:664 - Flow1已觸發 (座標已準備)
2025-07-17 00:52:33 [INFO] AutoProgram:trigger_flow1:518 - Flow1已觸發 (第296次)
2025-07-17 00:52:33 [INFO] AutoProgram:trigger_flow1:519 - Flow1將從AutoProgram寄存器讀取座標
2025-07-17 00:52:33 [INFO] AutoProgram:coordination_cycle:664 - Flow1已觸發 (座標已準備)
2025-07-17 00:52:33 [DEBUG] AutoProgram:coordination_cycle:607 - prepare_done=False，開始處理新週期
2025-07-17 00:52:33 [DEBUG] AutoProgram:coordination_cycle:660 - 座標已準備，檢查Flow1觸發狀態...
2025-07-17 00:52:33 [INFO] AutoProgram:trigger_flow1:502 - 觸發Flow1取料作業
2025-07-17 00:52:33 [INFO] AutoProgram:trigger_flow1:503 - 目標座標: (-75.81, 308.98)
2025-07-17 00:52:33 [DEBUG] AutoProgram:coordination_cycle:607 - prepare_done=False，開始處理新週期
2025-07-17 00:52:33 [DEBUG] AutoProgram:coordination_cycle:660 - 座標已準備，檢查Flow1觸發狀態...
2025-07-17 00:52:33 [INFO] AutoProgram:trigger_flow1:502 - 觸發Flow1取料作業
2025-07-17 00:52:33 [INFO] AutoProgram:trigger_flow1:503 - 目標座標: (-75.81, 308.98)
2025-07-17 00:52:33 [INFO] AutoProgram:trigger_flow1:518 - Flow1已觸發 (第297次)
2025-07-17 00:52:33 [INFO] AutoProgram:trigger_flow1:519 - Flow1將從AutoProgram寄存器讀取座標
2025-07-17 00:52:33 [INFO] AutoProgram:coordination_cycle:664 - Flow1已觸發 (座標已準備)
2025-07-17 00:52:33 [INFO] AutoProgram:trigger_flow1:518 - Flow1已觸發 (第298次)
2025-07-17 00:52:33 [INFO] AutoProgram:trigger_flow1:519 - Flow1將從AutoProgram寄存器讀取座標
2025-07-17 00:52:33 [INFO] AutoProgram:coordination_cycle:664 - Flow1已觸發 (座標已準備)
2025-07-17 00:52:33 [DEBUG] AutoProgram:coordination_cycle:575 - 週期300: prepare_done=False, coords_ready=True, Flow1運行中=False, DR_F可用=True, 自動程序啟用=True
2025-07-17 00:52:33 [DEBUG] AutoProgram:coordination_cycle:607 - prepare_done=False，開始處理新週期
2025-07-17 00:52:33 [DEBUG] AutoProgram:coordination_cycle:660 - 座標已準備，檢查Flow1觸發狀態...
2025-07-17 00:52:33 [INFO] AutoProgram:trigger_flow1:502 - 觸發Flow1取料作業
2025-07-17 00:52:33 [INFO] AutoProgram:trigger_flow1:503 - 目標座標: (-75.81, 308.98)
2025-07-17 00:52:33 [DEBUG] AutoProgram:coordination_cycle:607 - prepare_done=False，開始處理新週期
2025-07-17 00:52:33 [DEBUG] AutoProgram:coordination_cycle:660 - 座標已準備，檢查Flow1觸發狀態...
2025-07-17 00:52:33 [INFO] AutoProgram:trigger_flow1:502 - 觸發Flow1取料作業
2025-07-17 00:52:33 [INFO] AutoProgram:trigger_flow1:503 - 目標座標: (-75.81, 308.98)
2025-07-17 00:52:33 [INFO] AutoProgram:trigger_flow1:518 - Flow1已觸發 (第299次)
2025-07-17 00:52:33 [INFO] AutoProgram:trigger_flow1:519 - Flow1將從AutoProgram寄存器讀取座標
2025-07-17 00:52:33 [INFO] AutoProgram:coordination_cycle:664 - Flow1已觸發 (座標已準備)
2025-07-17 00:52:33 [INFO] AutoProgram:trigger_flow1:518 - Flow1已觸發 (第300次)
2025-07-17 00:52:33 [INFO] AutoProgram:trigger_flow1:519 - Flow1將從AutoProgram寄存器讀取座標
2025-07-17 00:52:33 [INFO] AutoProgram:coordination_cycle:664 - Flow1已觸發 (座標已準備)
2025-07-17 00:52:33 [DEBUG] AutoProgram:coordination_cycle:607 - prepare_done=False，開始處理新週期
2025-07-17 00:52:33 [DEBUG] AutoProgram:coordination_cycle:660 - 座標已準備，檢查Flow1觸發狀態...
2025-07-17 00:52:33 [INFO] AutoProgram:trigger_flow1:502 - 觸發Flow1取料作業
2025-07-17 00:52:33 [INFO] AutoProgram:trigger_flow1:503 - 目標座標: (-75.81, 308.98)
2025-07-17 00:52:33 [DEBUG] AutoProgram:coordination_cycle:607 - prepare_done=False，開始處理新週期
2025-07-17 00:52:33 [DEBUG] AutoProgram:coordination_cycle:660 - 座標已準備，檢查Flow1觸發狀態...
2025-07-17 00:52:33 [INFO] AutoProgram:trigger_flow1:502 - 觸發Flow1取料作業
2025-07-17 00:52:33 [INFO] AutoProgram:trigger_flow1:503 - 目標座標: (-75.81, 308.98)
2025-07-17 00:52:33 [INFO] AutoProgram:trigger_flow1:518 - Flow1已觸發 (第301次)
2025-07-17 00:52:33 [INFO] AutoProgram:trigger_flow1:519 - Flow1將從AutoProgram寄存器讀取座標
2025-07-17 00:52:33 [INFO] AutoProgram:coordination_cycle:664 - Flow1已觸發 (座標已準備)
2025-07-17 00:52:33 [INFO] AutoProgram:trigger_flow1:518 - Flow1已觸發 (第302次)
2025-07-17 00:52:33 [INFO] AutoProgram:trigger_flow1:519 - Flow1將從AutoProgram寄存器讀取座標
2025-07-17 00:52:33 [INFO] AutoProgram:coordination_cycle:664 - Flow1已觸發 (座標已準備)
2025-07-17 00:52:34 [DEBUG] AutoProgram:coordination_cycle:607 - prepare_done=False，開始處理新週期
2025-07-17 00:52:34 [DEBUG] AutoProgram:coordination_cycle:660 - 座標已準備，檢查Flow1觸發狀態...
2025-07-17 00:52:34 [INFO] AutoProgram:trigger_flow1:502 - 觸發Flow1取料作業
2025-07-17 00:52:34 [INFO] AutoProgram:trigger_flow1:503 - 目標座標: (-75.81, 308.98)
2025-07-17 00:52:34 [DEBUG] AutoProgram:coordination_cycle:607 - prepare_done=False，開始處理新週期
2025-07-17 00:52:34 [DEBUG] AutoProgram:coordination_cycle:660 - 座標已準備，檢查Flow1觸發狀態...
2025-07-17 00:52:34 [INFO] AutoProgram:trigger_flow1:502 - 觸發Flow1取料作業
2025-07-17 00:52:34 [INFO] AutoProgram:trigger_flow1:503 - 目標座標: (-75.81, 308.98)
2025-07-17 00:52:34 [INFO] AutoProgram:trigger_flow1:518 - Flow1已觸發 (第303次)
2025-07-17 00:52:34 [INFO] AutoProgram:trigger_flow1:519 - Flow1將從AutoProgram寄存器讀取座標
2025-07-17 00:52:34 [INFO] AutoProgram:coordination_cycle:664 - Flow1已觸發 (座標已準備)
2025-07-17 00:52:34 [INFO] AutoProgram:trigger_flow1:518 - Flow1已觸發 (第304次)
2025-07-17 00:52:34 [INFO] AutoProgram:trigger_flow1:519 - Flow1將從AutoProgram寄存器讀取座標
2025-07-17 00:52:34 [INFO] AutoProgram:coordination_cycle:664 - Flow1已觸發 (座標已準備)
2025-07-17 00:52:34 [DEBUG] AutoProgram:coordination_cycle:607 - prepare_done=False，開始處理新週期
2025-07-17 00:52:34 [DEBUG] AutoProgram:coordination_cycle:660 - 座標已準備，檢查Flow1觸發狀態...
2025-07-17 00:52:34 [INFO] AutoProgram:trigger_flow1:502 - 觸發Flow1取料作業
2025-07-17 00:52:34 [INFO] AutoProgram:trigger_flow1:503 - 目標座標: (-75.81, 308.98)
2025-07-17 00:52:34 [DEBUG] AutoProgram:coordination_cycle:607 - prepare_done=False，開始處理新週期
2025-07-17 00:52:34 [DEBUG] AutoProgram:coordination_cycle:660 - 座標已準備，檢查Flow1觸發狀態...
2025-07-17 00:52:34 [INFO] AutoProgram:trigger_flow1:502 - 觸發Flow1取料作業
2025-07-17 00:52:34 [INFO] AutoProgram:trigger_flow1:503 - 目標座標: (-75.81, 308.98)
2025-07-17 00:52:34 [INFO] AutoProgram:trigger_flow1:518 - Flow1已觸發 (第305次)
2025-07-17 00:52:34 [INFO] AutoProgram:trigger_flow1:519 - Flow1將從AutoProgram寄存器讀取座標
2025-07-17 00:52:34 [INFO] AutoProgram:coordination_cycle:664 - Flow1已觸發 (座標已準備)
2025-07-17 00:52:34 [INFO] AutoProgram:trigger_flow1:518 - Flow1已觸發 (第306次)
2025-07-17 00:52:34 [INFO] AutoProgram:trigger_flow1:519 - Flow1將從AutoProgram寄存器讀取座標
2025-07-17 00:52:34 [INFO] AutoProgram:coordination_cycle:664 - Flow1已觸發 (座標已準備)
2025-07-17 00:52:34 [DEBUG] AutoProgram:coordination_cycle:607 - prepare_done=False，開始處理新週期
2025-07-17 00:52:34 [DEBUG] AutoProgram:coordination_cycle:660 - 座標已準備，檢查Flow1觸發狀態...
2025-07-17 00:52:34 [INFO] AutoProgram:trigger_flow1:502 - 觸發Flow1取料作業
2025-07-17 00:52:34 [INFO] AutoProgram:trigger_flow1:503 - 目標座標: (-75.81, 308.98)
2025-07-17 00:52:34 [DEBUG] AutoProgram:coordination_cycle:607 - prepare_done=False，開始處理新週期
2025-07-17 00:52:34 [DEBUG] AutoProgram:coordination_cycle:660 - 座標已準備，檢查Flow1觸發狀態...
2025-07-17 00:52:34 [INFO] AutoProgram:trigger_flow1:502 - 觸發Flow1取料作業
2025-07-17 00:52:34 [INFO] AutoProgram:trigger_flow1:503 - 目標座標: (-75.81, 308.98)
2025-07-17 00:52:34 [INFO] AutoProgram:trigger_flow1:518 - Flow1已觸發 (第307次)
2025-07-17 00:52:34 [INFO] AutoProgram:trigger_flow1:519 - Flow1將從AutoProgram寄存器讀取座標
2025-07-17 00:52:34 [INFO] AutoProgram:coordination_cycle:664 - Flow1已觸發 (座標已準備)
2025-07-17 00:52:34 [INFO] AutoProgram:trigger_flow1:518 - Flow1已觸發 (第308次)
2025-07-17 00:52:34 [INFO] AutoProgram:trigger_flow1:519 - Flow1將從AutoProgram寄存器讀取座標
2025-07-17 00:52:34 [INFO] AutoProgram:coordination_cycle:664 - Flow1已觸發 (座標已準備)
2025-07-17 00:52:35 [DEBUG] AutoProgram:coordination_cycle:607 - prepare_done=False，開始處理新週期
2025-07-17 00:52:35 [DEBUG] AutoProgram:coordination_cycle:660 - 座標已準備，檢查Flow1觸發狀態...
2025-07-17 00:52:35 [INFO] AutoProgram:trigger_flow1:502 - 觸發Flow1取料作業
2025-07-17 00:52:35 [INFO] AutoProgram:trigger_flow1:503 - 目標座標: (-75.81, 308.98)
2025-07-17 00:52:35 [DEBUG] AutoProgram:coordination_cycle:607 - prepare_done=False，開始處理新週期
2025-07-17 00:52:35 [DEBUG] AutoProgram:coordination_cycle:660 - 座標已準備，檢查Flow1觸發狀態...
2025-07-17 00:52:35 [INFO] AutoProgram:trigger_flow1:502 - 觸發Flow1取料作業
2025-07-17 00:52:35 [INFO] AutoProgram:trigger_flow1:503 - 目標座標: (-75.81, 308.98)
2025-07-17 00:52:35 [INFO] AutoProgram:trigger_flow1:518 - Flow1已觸發 (第309次)
2025-07-17 00:52:35 [INFO] AutoProgram:trigger_flow1:519 - Flow1將從AutoProgram寄存器讀取座標
2025-07-17 00:52:35 [INFO] AutoProgram:coordination_cycle:664 - Flow1已觸發 (座標已準備)
2025-07-17 00:52:35 [INFO] AutoProgram:trigger_flow1:518 - Flow1已觸發 (第310次)
2025-07-17 00:52:35 [INFO] AutoProgram:trigger_flow1:519 - Flow1將從AutoProgram寄存器讀取座標
2025-07-17 00:52:35 [INFO] AutoProgram:coordination_cycle:664 - Flow1已觸發 (座標已準備)
2025-07-17 00:52:35 [DEBUG] AutoProgram:coordination_cycle:607 - prepare_done=False，開始處理新週期
2025-07-17 00:52:35 [DEBUG] AutoProgram:coordination_cycle:660 - 座標已準備，檢查Flow1觸發狀態...
2025-07-17 00:52:35 [INFO] AutoProgram:trigger_flow1:502 - 觸發Flow1取料作業
2025-07-17 00:52:35 [INFO] AutoProgram:trigger_flow1:503 - 目標座標: (-75.81, 308.98)
2025-07-17 00:52:35 [DEBUG] AutoProgram:coordination_cycle:607 - prepare_done=False，開始處理新週期
2025-07-17 00:52:35 [DEBUG] AutoProgram:coordination_cycle:660 - 座標已準備，檢查Flow1觸發狀態...
2025-07-17 00:52:35 [INFO] AutoProgram:trigger_flow1:502 - 觸發Flow1取料作業
2025-07-17 00:52:35 [INFO] AutoProgram:trigger_flow1:503 - 目標座標: (-75.81, 308.98)
2025-07-17 00:52:35 [INFO] AutoProgram:trigger_flow1:518 - Flow1已觸發 (第311次)
2025-07-17 00:52:35 [INFO] AutoProgram:trigger_flow1:519 - Flow1將從AutoProgram寄存器讀取座標
2025-07-17 00:52:35 [INFO] AutoProgram:coordination_cycle:664 - Flow1已觸發 (座標已準備)
2025-07-17 00:52:35 [INFO] AutoProgram:trigger_flow1:518 - Flow1已觸發 (第312次)
2025-07-17 00:52:35 [INFO] AutoProgram:trigger_flow1:519 - Flow1將從AutoProgram寄存器讀取座標
2025-07-17 00:52:35 [INFO] AutoProgram:coordination_cycle:664 - Flow1已觸發 (座標已準備)
2025-07-17 00:52:35 [DEBUG] AutoProgram:coordination_cycle:607 - prepare_done=False，開始處理新週期
2025-07-17 00:52:35 [DEBUG] AutoProgram:coordination_cycle:660 - 座標已準備，檢查Flow1觸發狀態...
2025-07-17 00:52:35 [INFO] AutoProgram:trigger_flow1:502 - 觸發Flow1取料作業
2025-07-17 00:52:35 [INFO] AutoProgram:trigger_flow1:503 - 目標座標: (-75.81, 308.98)
2025-07-17 00:52:35 [DEBUG] AutoProgram:coordination_cycle:607 - prepare_done=False，開始處理新週期
2025-07-17 00:52:35 [DEBUG] AutoProgram:coordination_cycle:660 - 座標已準備，檢查Flow1觸發狀態...
2025-07-17 00:52:35 [INFO] AutoProgram:trigger_flow1:502 - 觸發Flow1取料作業
2025-07-17 00:52:35 [INFO] AutoProgram:trigger_flow1:503 - 目標座標: (-75.81, 308.98)
2025-07-17 00:52:35 [INFO] AutoProgram:trigger_flow1:518 - Flow1已觸發 (第313次)
2025-07-17 00:52:35 [INFO] AutoProgram:trigger_flow1:519 - Flow1將從AutoProgram寄存器讀取座標
2025-07-17 00:52:35 [INFO] AutoProgram:coordination_cycle:664 - Flow1已觸發 (座標已準備)
2025-07-17 00:52:35 [INFO] AutoProgram:trigger_flow1:518 - Flow1已觸發 (第314次)
2025-07-17 00:52:35 [INFO] AutoProgram:trigger_flow1:519 - Flow1將從AutoProgram寄存器讀取座標
2025-07-17 00:52:35 [INFO] AutoProgram:coordination_cycle:664 - Flow1已觸發 (座標已準備)
2025-07-17 00:52:35 [DEBUG] AutoProgram:coordination_cycle:607 - prepare_done=False，開始處理新週期
2025-07-17 00:52:35 [DEBUG] AutoProgram:coordination_cycle:660 - 座標已準備，檢查Flow1觸發狀態...
2025-07-17 00:52:35 [INFO] AutoProgram:trigger_flow1:502 - 觸發Flow1取料作業
2025-07-17 00:52:35 [INFO] AutoProgram:trigger_flow1:503 - 目標座標: (-75.81, 308.98)
2025-07-17 00:52:35 [DEBUG] AutoProgram:coordination_cycle:607 - prepare_done=False，開始處理新週期
2025-07-17 00:52:35 [DEBUG] AutoProgram:coordination_cycle:660 - 座標已準備，檢查Flow1觸發狀態...
2025-07-17 00:52:35 [INFO] AutoProgram:trigger_flow1:502 - 觸發Flow1取料作業
2025-07-17 00:52:35 [INFO] AutoProgram:trigger_flow1:503 - 目標座標: (-75.81, 308.98)
2025-07-17 00:52:36 [INFO] AutoProgram:trigger_flow1:518 - Flow1已觸發 (第315次)
2025-07-17 00:52:36 [INFO] AutoProgram:trigger_flow1:519 - Flow1將從AutoProgram寄存器讀取座標
2025-07-17 00:52:36 [INFO] AutoProgram:coordination_cycle:664 - Flow1已觸發 (座標已準備)
2025-07-17 00:52:36 [INFO] AutoProgram:trigger_flow1:518 - Flow1已觸發 (第316次)
2025-07-17 00:52:36 [INFO] AutoProgram:trigger_flow1:519 - Flow1將從AutoProgram寄存器讀取座標
2025-07-17 00:52:36 [INFO] AutoProgram:coordination_cycle:664 - Flow1已觸發 (座標已準備)
2025-07-17 00:52:36 [DEBUG] AutoProgram:coordination_cycle:607 - prepare_done=False，開始處理新週期
2025-07-17 00:52:36 [DEBUG] AutoProgram:coordination_cycle:660 - 座標已準備，檢查Flow1觸發狀態...
2025-07-17 00:52:36 [INFO] AutoProgram:trigger_flow1:502 - 觸發Flow1取料作業
2025-07-17 00:52:36 [INFO] AutoProgram:trigger_flow1:503 - 目標座標: (-75.81, 308.98)
2025-07-17 00:52:36 [DEBUG] AutoProgram:coordination_cycle:607 - prepare_done=False，開始處理新週期
2025-07-17 00:52:36 [DEBUG] AutoProgram:coordination_cycle:660 - 座標已準備，檢查Flow1觸發狀態...
2025-07-17 00:52:36 [INFO] AutoProgram:trigger_flow1:502 - 觸發Flow1取料作業
2025-07-17 00:52:36 [INFO] AutoProgram:trigger_flow1:503 - 目標座標: (-75.81, 308.98)
2025-07-17 00:52:36 [INFO] AutoProgram:trigger_flow1:518 - Flow1已觸發 (第317次)
2025-07-17 00:52:36 [INFO] AutoProgram:trigger_flow1:519 - Flow1將從AutoProgram寄存器讀取座標
2025-07-17 00:52:36 [INFO] AutoProgram:coordination_cycle:664 - Flow1已觸發 (座標已準備)
2025-07-17 00:52:36 [INFO] AutoProgram:trigger_flow1:518 - Flow1已觸發 (第318次)
2025-07-17 00:52:36 [INFO] AutoProgram:trigger_flow1:519 - Flow1將從AutoProgram寄存器讀取座標
2025-07-17 00:52:36 [INFO] AutoProgram:coordination_cycle:664 - Flow1已觸發 (座標已準備)
2025-07-17 00:52:36 [DEBUG] AutoProgram:coordination_cycle:607 - prepare_done=False，開始處理新週期
2025-07-17 00:52:36 [DEBUG] AutoProgram:coordination_cycle:660 - 座標已準備，檢查Flow1觸發狀態...
2025-07-17 00:52:36 [INFO] AutoProgram:trigger_flow1:502 - 觸發Flow1取料作業
2025-07-17 00:52:36 [INFO] AutoProgram:trigger_flow1:503 - 目標座標: (-75.81, 308.98)
2025-07-17 00:52:36 [DEBUG] AutoProgram:coordination_cycle:607 - prepare_done=False，開始處理新週期
2025-07-17 00:52:36 [DEBUG] AutoProgram:coordination_cycle:660 - 座標已準備，檢查Flow1觸發狀態...
2025-07-17 00:52:36 [INFO] AutoProgram:trigger_flow1:502 - 觸發Flow1取料作業
2025-07-17 00:52:36 [INFO] AutoProgram:trigger_flow1:503 - 目標座標: (-75.81, 308.98)
2025-07-17 00:52:36 [INFO] AutoProgram:trigger_flow1:518 - Flow1已觸發 (第319次)
2025-07-17 00:52:36 [INFO] AutoProgram:trigger_flow1:519 - Flow1將從AutoProgram寄存器讀取座標
2025-07-17 00:52:36 [INFO] AutoProgram:coordination_cycle:664 - Flow1已觸發 (座標已準備)
2025-07-17 00:52:36 [INFO] AutoProgram:trigger_flow1:518 - Flow1已觸發 (第320次)
2025-07-17 00:52:36 [INFO] AutoProgram:trigger_flow1:519 - Flow1將從AutoProgram寄存器讀取座標
2025-07-17 00:52:36 [INFO] AutoProgram:coordination_cycle:664 - Flow1已觸發 (座標已準備)
2025-07-17 00:52:36 [DEBUG] AutoProgram:coordination_cycle:607 - prepare_done=False，開始處理新週期
2025-07-17 00:52:36 [DEBUG] AutoProgram:coordination_cycle:660 - 座標已準備，檢查Flow1觸發狀態...
2025-07-17 00:52:36 [INFO] AutoProgram:trigger_flow1:502 - 觸發Flow1取料作業
2025-07-17 00:52:36 [INFO] AutoProgram:trigger_flow1:503 - 目標座標: (-75.81, 308.98)
2025-07-17 00:52:36 [DEBUG] AutoProgram:coordination_cycle:607 - prepare_done=False，開始處理新週期
2025-07-17 00:52:36 [DEBUG] AutoProgram:coordination_cycle:660 - 座標已準備，檢查Flow1觸發狀態...
2025-07-17 00:52:36 [INFO] AutoProgram:trigger_flow1:502 - 觸發Flow1取料作業
2025-07-17 00:52:36 [INFO] AutoProgram:trigger_flow1:503 - 目標座標: (-75.81, 308.98)
2025-07-17 00:52:36 [INFO] AutoProgram:trigger_flow1:518 - Flow1已觸發 (第321次)
2025-07-17 00:52:36 [INFO] AutoProgram:trigger_flow1:519 - Flow1將從AutoProgram寄存器讀取座標
2025-07-17 00:52:36 [INFO] AutoProgram:coordination_cycle:664 - Flow1已觸發 (座標已準備)
2025-07-17 00:52:37 [INFO] AutoProgram:trigger_flow1:518 - Flow1已觸發 (第322次)
2025-07-17 00:52:37 [INFO] AutoProgram:trigger_flow1:519 - Flow1將從AutoProgram寄存器讀取座標
2025-07-17 00:52:37 [INFO] AutoProgram:coordination_cycle:664 - Flow1已觸發 (座標已準備)
2025-07-17 00:52:37 [DEBUG] AutoProgram:coordination_cycle:607 - prepare_done=False，開始處理新週期
2025-07-17 00:52:37 [DEBUG] AutoProgram:coordination_cycle:660 - 座標已準備，檢查Flow1觸發狀態...
2025-07-17 00:52:37 [INFO] AutoProgram:trigger_flow1:502 - 觸發Flow1取料作業
2025-07-17 00:52:37 [INFO] AutoProgram:trigger_flow1:503 - 目標座標: (-75.81, 308.98)
2025-07-17 00:52:37 [DEBUG] AutoProgram:coordination_cycle:607 - prepare_done=False，開始處理新週期
2025-07-17 00:52:37 [DEBUG] AutoProgram:coordination_cycle:660 - 座標已準備，檢查Flow1觸發狀態...
2025-07-17 00:52:37 [INFO] AutoProgram:trigger_flow1:502 - 觸發Flow1取料作業
2025-07-17 00:52:37 [INFO] AutoProgram:trigger_flow1:503 - 目標座標: (-75.81, 308.98)
2025-07-17 00:52:37 [INFO] AutoProgram:trigger_flow1:518 - Flow1已觸發 (第323次)
2025-07-17 00:52:37 [INFO] AutoProgram:trigger_flow1:519 - Flow1將從AutoProgram寄存器讀取座標
2025-07-17 00:52:37 [INFO] AutoProgram:coordination_cycle:664 - Flow1已觸發 (座標已準備)
2025-07-17 00:52:37 [INFO] AutoProgram:trigger_flow1:518 - Flow1已觸發 (第324次)
2025-07-17 00:52:37 [INFO] AutoProgram:trigger_flow1:519 - Flow1將從AutoProgram寄存器讀取座標
2025-07-17 00:52:37 [INFO] AutoProgram:coordination_cycle:664 - Flow1已觸發 (座標已準備)
2025-07-17 00:52:37 [DEBUG] AutoProgram:coordination_cycle:607 - prepare_done=False，開始處理新週期
2025-07-17 00:52:37 [DEBUG] AutoProgram:coordination_cycle:660 - 座標已準備，檢查Flow1觸發狀態...
2025-07-17 00:52:37 [INFO] AutoProgram:trigger_flow1:502 - 觸發Flow1取料作業
2025-07-17 00:52:37 [INFO] AutoProgram:trigger_flow1:503 - 目標座標: (-75.81, 308.98)
2025-07-17 00:52:37 [DEBUG] AutoProgram:coordination_cycle:607 - prepare_done=False，開始處理新週期
2025-07-17 00:52:37 [DEBUG] AutoProgram:coordination_cycle:660 - 座標已準備，檢查Flow1觸發狀態...
2025-07-17 00:52:37 [INFO] AutoProgram:trigger_flow1:502 - 觸發Flow1取料作業
2025-07-17 00:52:37 [INFO] AutoProgram:trigger_flow1:503 - 目標座標: (-75.81, 308.98)
2025-07-17 00:52:37 [INFO] AutoProgram:trigger_flow1:518 - Flow1已觸發 (第325次)
2025-07-17 00:52:37 [INFO] AutoProgram:trigger_flow1:519 - Flow1將從AutoProgram寄存器讀取座標
2025-07-17 00:52:37 [INFO] AutoProgram:coordination_cycle:664 - Flow1已觸發 (座標已準備)
2025-07-17 00:52:37 [INFO] AutoProgram:trigger_flow1:518 - Flow1已觸發 (第326次)
2025-07-17 00:52:37 [INFO] AutoProgram:trigger_flow1:519 - Flow1將從AutoProgram寄存器讀取座標
2025-07-17 00:52:37 [INFO] AutoProgram:coordination_cycle:664 - Flow1已觸發 (座標已準備)
2025-07-17 00:52:37 [DEBUG] AutoProgram:coordination_cycle:607 - prepare_done=False，開始處理新週期
2025-07-17 00:52:37 [DEBUG] AutoProgram:coordination_cycle:660 - 座標已準備，檢查Flow1觸發狀態...
2025-07-17 00:52:37 [INFO] AutoProgram:trigger_flow1:502 - 觸發Flow1取料作業
2025-07-17 00:52:37 [INFO] AutoProgram:trigger_flow1:503 - 目標座標: (-75.81, 308.98)
2025-07-17 00:52:37 [DEBUG] AutoProgram:coordination_cycle:607 - prepare_done=False，開始處理新週期
2025-07-17 00:52:37 [DEBUG] AutoProgram:coordination_cycle:660 - 座標已準備，檢查Flow1觸發狀態...
2025-07-17 00:52:37 [INFO] AutoProgram:trigger_flow1:502 - 觸發Flow1取料作業
2025-07-17 00:52:37 [INFO] AutoProgram:trigger_flow1:503 - 目標座標: (-75.81, 308.98)
2025-07-17 00:52:37 [INFO] AutoProgram:trigger_flow1:518 - Flow1已觸發 (第327次)
2025-07-17 00:52:37 [INFO] AutoProgram:trigger_flow1:519 - Flow1將從AutoProgram寄存器讀取座標
2025-07-17 00:52:37 [INFO] AutoProgram:coordination_cycle:664 - Flow1已觸發 (座標已準備)
2025-07-17 00:52:37 [INFO] AutoProgram:trigger_flow1:518 - Flow1已觸發 (第328次)
2025-07-17 00:52:37 [INFO] AutoProgram:trigger_flow1:519 - Flow1將從AutoProgram寄存器讀取座標
2025-07-17 00:52:37 [INFO] AutoProgram:coordination_cycle:664 - Flow1已觸發 (座標已準備)
2025-07-17 00:52:38 [DEBUG] AutoProgram:coordination_cycle:607 - prepare_done=False，開始處理新週期
2025-07-17 00:52:38 [DEBUG] AutoProgram:coordination_cycle:660 - 座標已準備，檢查Flow1觸發狀態...
2025-07-17 00:52:38 [INFO] AutoProgram:trigger_flow1:502 - 觸發Flow1取料作業
2025-07-17 00:52:38 [INFO] AutoProgram:trigger_flow1:503 - 目標座標: (-75.81, 308.98)
2025-07-17 00:52:38 [DEBUG] AutoProgram:coordination_cycle:607 - prepare_done=False，開始處理新週期
2025-07-17 00:52:38 [DEBUG] AutoProgram:coordination_cycle:660 - 座標已準備，檢查Flow1觸發狀態...
2025-07-17 00:52:38 [INFO] AutoProgram:trigger_flow1:502 - 觸發Flow1取料作業
2025-07-17 00:52:38 [INFO] AutoProgram:trigger_flow1:503 - 目標座標: (-75.81, 308.98)
2025-07-17 00:52:38 [INFO] AutoProgram:trigger_flow1:518 - Flow1已觸發 (第329次)
2025-07-17 00:52:38 [INFO] AutoProgram:trigger_flow1:519 - Flow1將從AutoProgram寄存器讀取座標
2025-07-17 00:52:38 [INFO] AutoProgram:coordination_cycle:664 - Flow1已觸發 (座標已準備)
2025-07-17 00:52:38 [INFO] AutoProgram:trigger_flow1:518 - Flow1已觸發 (第330次)
2025-07-17 00:52:38 [INFO] AutoProgram:trigger_flow1:519 - Flow1將從AutoProgram寄存器讀取座標
2025-07-17 00:52:38 [INFO] AutoProgram:coordination_cycle:664 - Flow1已觸發 (座標已準備)
2025-07-17 00:52:38 [DEBUG] AutoProgram:coordination_cycle:607 - prepare_done=False，開始處理新週期
2025-07-17 00:52:38 [DEBUG] AutoProgram:coordination_cycle:660 - 座標已準備，檢查Flow1觸發狀態...
2025-07-17 00:52:38 [INFO] AutoProgram:trigger_flow1:502 - 觸發Flow1取料作業
2025-07-17 00:52:38 [INFO] AutoProgram:trigger_flow1:503 - 目標座標: (-75.81, 308.98)
2025-07-17 00:52:38 [DEBUG] AutoProgram:coordination_cycle:607 - prepare_done=False，開始處理新週期
2025-07-17 00:52:38 [DEBUG] AutoProgram:coordination_cycle:660 - 座標已準備，檢查Flow1觸發狀態...
2025-07-17 00:52:38 [INFO] AutoProgram:trigger_flow1:502 - 觸發Flow1取料作業
2025-07-17 00:52:38 [INFO] AutoProgram:trigger_flow1:503 - 目標座標: (-75.81, 308.98)
2025-07-17 00:52:38 [INFO] AutoProgram:trigger_flow1:518 - Flow1已觸發 (第331次)
2025-07-17 00:52:38 [INFO] AutoProgram:trigger_flow1:519 - Flow1將從AutoProgram寄存器讀取座標
2025-07-17 00:52:38 [INFO] AutoProgram:coordination_cycle:664 - Flow1已觸發 (座標已準備)
2025-07-17 00:52:38 [INFO] AutoProgram:trigger_flow1:518 - Flow1已觸發 (第332次)
2025-07-17 00:52:38 [INFO] AutoProgram:trigger_flow1:519 - Flow1將從AutoProgram寄存器讀取座標
2025-07-17 00:52:38 [INFO] AutoProgram:coordination_cycle:664 - Flow1已觸發 (座標已準備)
2025-07-17 00:52:38 [DEBUG] AutoProgram:coordination_cycle:607 - prepare_done=False，開始處理新週期
2025-07-17 00:52:38 [DEBUG] AutoProgram:coordination_cycle:660 - 座標已準備，檢查Flow1觸發狀態...
2025-07-17 00:52:38 [INFO] AutoProgram:trigger_flow1:502 - 觸發Flow1取料作業
2025-07-17 00:52:38 [INFO] AutoProgram:trigger_flow1:503 - 目標座標: (-75.81, 308.98)
2025-07-17 00:52:38 [DEBUG] AutoProgram:coordination_cycle:607 - prepare_done=False，開始處理新週期
2025-07-17 00:52:38 [DEBUG] AutoProgram:coordination_cycle:660 - 座標已準備，檢查Flow1觸發狀態...
2025-07-17 00:52:38 [INFO] AutoProgram:trigger_flow1:502 - 觸發Flow1取料作業
2025-07-17 00:52:38 [INFO] AutoProgram:trigger_flow1:503 - 目標座標: (-75.81, 308.98)
2025-07-17 00:52:38 [INFO] AutoProgram:trigger_flow1:518 - Flow1已觸發 (第333次)
2025-07-17 00:52:38 [INFO] AutoProgram:trigger_flow1:519 - Flow1將從AutoProgram寄存器讀取座標
2025-07-17 00:52:38 [INFO] AutoProgram:coordination_cycle:664 - Flow1已觸發 (座標已準備)
2025-07-17 00:52:38 [INFO] AutoProgram:trigger_flow1:518 - Flow1已觸發 (第334次)
2025-07-17 00:52:38 [INFO] AutoProgram:trigger_flow1:519 - Flow1將從AutoProgram寄存器讀取座標
2025-07-17 00:52:38 [INFO] AutoProgram:coordination_cycle:664 - Flow1已觸發 (座標已準備)
2025-07-17 00:52:39 [DEBUG] AutoProgram:coordination_cycle:607 - prepare_done=False，開始處理新週期
2025-07-17 00:52:39 [DEBUG] AutoProgram:coordination_cycle:660 - 座標已準備，檢查Flow1觸發狀態...
2025-07-17 00:52:39 [INFO] AutoProgram:trigger_flow1:502 - 觸發Flow1取料作業
2025-07-17 00:52:39 [INFO] AutoProgram:trigger_flow1:503 - 目標座標: (-75.81, 308.98)
2025-07-17 00:52:39 [DEBUG] AutoProgram:coordination_cycle:607 - prepare_done=False，開始處理新週期
2025-07-17 00:52:39 [DEBUG] AutoProgram:coordination_cycle:660 - 座標已準備，檢查Flow1觸發狀態...
2025-07-17 00:52:39 [INFO] AutoProgram:trigger_flow1:502 - 觸發Flow1取料作業
2025-07-17 00:52:39 [INFO] AutoProgram:trigger_flow1:503 - 目標座標: (-75.81, 308.98)
2025-07-17 00:52:39 [INFO] AutoProgram:trigger_flow1:518 - Flow1已觸發 (第335次)
2025-07-17 00:52:39 [INFO] AutoProgram:trigger_flow1:519 - Flow1將從AutoProgram寄存器讀取座標
2025-07-17 00:52:39 [INFO] AutoProgram:coordination_cycle:664 - Flow1已觸發 (座標已準備)
2025-07-17 00:52:39 [INFO] AutoProgram:trigger_flow1:518 - Flow1已觸發 (第336次)
2025-07-17 00:52:39 [INFO] AutoProgram:trigger_flow1:519 - Flow1將從AutoProgram寄存器讀取座標
2025-07-17 00:52:39 [INFO] AutoProgram:coordination_cycle:664 - Flow1已觸發 (座標已準備)
2025-07-17 00:52:39 [DEBUG] AutoProgram:coordination_cycle:607 - prepare_done=False，開始處理新週期
2025-07-17 00:52:39 [DEBUG] AutoProgram:coordination_cycle:660 - 座標已準備，檢查Flow1觸發狀態...
2025-07-17 00:52:39 [INFO] AutoProgram:trigger_flow1:502 - 觸發Flow1取料作業
2025-07-17 00:52:39 [INFO] AutoProgram:trigger_flow1:503 - 目標座標: (-75.81, 308.98)
2025-07-17 00:52:39 [DEBUG] AutoProgram:coordination_cycle:607 - prepare_done=False，開始處理新週期
2025-07-17 00:52:39 [DEBUG] AutoProgram:coordination_cycle:660 - 座標已準備，檢查Flow1觸發狀態...
2025-07-17 00:52:39 [INFO] AutoProgram:trigger_flow1:502 - 觸發Flow1取料作業
2025-07-17 00:52:39 [INFO] AutoProgram:trigger_flow1:503 - 目標座標: (-75.81, 308.98)
2025-07-17 00:52:39 [INFO] AutoProgram:trigger_flow1:518 - Flow1已觸發 (第337次)
2025-07-17 00:52:39 [INFO] AutoProgram:trigger_flow1:519 - Flow1將從AutoProgram寄存器讀取座標
2025-07-17 00:52:39 [INFO] AutoProgram:coordination_cycle:664 - Flow1已觸發 (座標已準備)
2025-07-17 00:52:39 [INFO] AutoProgram:trigger_flow1:518 - Flow1已觸發 (第338次)
2025-07-17 00:52:39 [INFO] AutoProgram:trigger_flow1:519 - Flow1將從AutoProgram寄存器讀取座標
2025-07-17 00:52:39 [INFO] AutoProgram:coordination_cycle:664 - Flow1已觸發 (座標已準備)
2025-07-17 00:52:39 [DEBUG] AutoProgram:coordination_cycle:607 - prepare_done=False，開始處理新週期
2025-07-17 00:52:39 [DEBUG] AutoProgram:coordination_cycle:660 - 座標已準備，檢查Flow1觸發狀態...
2025-07-17 00:52:39 [INFO] AutoProgram:trigger_flow1:502 - 觸發Flow1取料作業
2025-07-17 00:52:39 [INFO] AutoProgram:trigger_flow1:503 - 目標座標: (-75.81, 308.98)
2025-07-17 00:52:39 [DEBUG] AutoProgram:coordination_cycle:607 - prepare_done=False，開始處理新週期
2025-07-17 00:52:39 [DEBUG] AutoProgram:coordination_cycle:660 - 座標已準備，檢查Flow1觸發狀態...
2025-07-17 00:52:39 [INFO] AutoProgram:trigger_flow1:502 - 觸發Flow1取料作業
2025-07-17 00:52:39 [INFO] AutoProgram:trigger_flow1:503 - 目標座標: (-75.81, 308.98)
2025-07-17 00:52:39 [INFO] AutoProgram:trigger_flow1:518 - Flow1已觸發 (第339次)
2025-07-17 00:52:39 [INFO] AutoProgram:trigger_flow1:519 - Flow1將從AutoProgram寄存器讀取座標
2025-07-17 00:52:39 [INFO] AutoProgram:coordination_cycle:664 - Flow1已觸發 (座標已準備)
2025-07-17 00:52:39 [INFO] AutoProgram:trigger_flow1:518 - Flow1已觸發 (第340次)
2025-07-17 00:52:39 [INFO] AutoProgram:trigger_flow1:519 - Flow1將從AutoProgram寄存器讀取座標
2025-07-17 00:52:39 [INFO] AutoProgram:coordination_cycle:664 - Flow1已觸發 (座標已準備)
2025-07-17 00:52:39 [DEBUG] AutoProgram:coordination_cycle:607 - prepare_done=False，開始處理新週期
2025-07-17 00:52:39 [DEBUG] AutoProgram:coordination_cycle:660 - 座標已準備，檢查Flow1觸發狀態...
2025-07-17 00:52:39 [INFO] AutoProgram:trigger_flow1:502 - 觸發Flow1取料作業
2025-07-17 00:52:39 [INFO] AutoProgram:trigger_flow1:503 - 目標座標: (-75.81, 308.98)
2025-07-17 00:52:39 [DEBUG] AutoProgram:coordination_cycle:607 - prepare_done=False，開始處理新週期
2025-07-17 00:52:39 [DEBUG] AutoProgram:coordination_cycle:660 - 座標已準備，檢查Flow1觸發狀態...
2025-07-17 00:52:39 [INFO] AutoProgram:trigger_flow1:502 - 觸發Flow1取料作業
2025-07-17 00:52:39 [INFO] AutoProgram:trigger_flow1:503 - 目標座標: (-75.81, 308.98)
2025-07-17 00:52:40 [INFO] AutoProgram:trigger_flow1:518 - Flow1已觸發 (第341次)
2025-07-17 00:52:40 [INFO] AutoProgram:trigger_flow1:519 - Flow1將從AutoProgram寄存器讀取座標
2025-07-17 00:52:40 [INFO] AutoProgram:coordination_cycle:664 - Flow1已觸發 (座標已準備)
2025-07-17 00:52:40 [INFO] AutoProgram:trigger_flow1:518 - Flow1已觸發 (第342次)
2025-07-17 00:52:40 [INFO] AutoProgram:trigger_flow1:519 - Flow1將從AutoProgram寄存器讀取座標
2025-07-17 00:52:40 [INFO] AutoProgram:coordination_cycle:664 - Flow1已觸發 (座標已準備)
2025-07-17 00:52:40 [DEBUG] AutoProgram:coordination_cycle:607 - prepare_done=False，開始處理新週期
2025-07-17 00:52:40 [DEBUG] AutoProgram:coordination_cycle:660 - 座標已準備，檢查Flow1觸發狀態...
2025-07-17 00:52:40 [INFO] AutoProgram:trigger_flow1:502 - 觸發Flow1取料作業
2025-07-17 00:52:40 [INFO] AutoProgram:trigger_flow1:503 - 目標座標: (-75.81, 308.98)
2025-07-17 00:52:40 [DEBUG] AutoProgram:coordination_cycle:607 - prepare_done=False，開始處理新週期
2025-07-17 00:52:40 [DEBUG] AutoProgram:coordination_cycle:660 - 座標已準備，檢查Flow1觸發狀態...
2025-07-17 00:52:40 [INFO] AutoProgram:trigger_flow1:502 - 觸發Flow1取料作業
2025-07-17 00:52:40 [INFO] AutoProgram:trigger_flow1:503 - 目標座標: (-75.81, 308.98)
2025-07-17 00:52:40 [INFO] AutoProgram:trigger_flow1:518 - Flow1已觸發 (第343次)
2025-07-17 00:52:40 [INFO] AutoProgram:trigger_flow1:519 - Flow1將從AutoProgram寄存器讀取座標
2025-07-17 00:52:40 [INFO] AutoProgram:coordination_cycle:664 - Flow1已觸發 (座標已準備)
2025-07-17 00:52:40 [INFO] AutoProgram:trigger_flow1:518 - Flow1已觸發 (第344次)
2025-07-17 00:52:40 [INFO] AutoProgram:trigger_flow1:519 - Flow1將從AutoProgram寄存器讀取座標
2025-07-17 00:52:40 [INFO] AutoProgram:coordination_cycle:664 - Flow1已觸發 (座標已準備)
2025-07-17 00:52:40 [DEBUG] AutoProgram:coordination_cycle:607 - prepare_done=False，開始處理新週期
2025-07-17 00:52:40 [DEBUG] AutoProgram:coordination_cycle:660 - 座標已準備，檢查Flow1觸發狀態...
2025-07-17 00:52:40 [INFO] AutoProgram:trigger_flow1:502 - 觸發Flow1取料作業
2025-07-17 00:52:40 [INFO] AutoProgram:trigger_flow1:503 - 目標座標: (-75.81, 308.98)
2025-07-17 00:52:40 [DEBUG] AutoProgram:coordination_cycle:607 - prepare_done=False，開始處理新週期
2025-07-17 00:52:40 [DEBUG] AutoProgram:coordination_cycle:660 - 座標已準備，檢查Flow1觸發狀態...
2025-07-17 00:52:40 [INFO] AutoProgram:trigger_flow1:502 - 觸發Flow1取料作業
2025-07-17 00:52:40 [INFO] AutoProgram:trigger_flow1:503 - 目標座標: (-75.81, 308.98)
2025-07-17 00:52:40 [INFO] AutoProgram:trigger_flow1:518 - Flow1已觸發 (第345次)
2025-07-17 00:52:40 [INFO] AutoProgram:trigger_flow1:519 - Flow1將從AutoProgram寄存器讀取座標
2025-07-17 00:52:40 [INFO] AutoProgram:coordination_cycle:664 - Flow1已觸發 (座標已準備)
2025-07-17 00:52:40 [INFO] AutoProgram:trigger_flow1:518 - Flow1已觸發 (第346次)
2025-07-17 00:52:40 [INFO] AutoProgram:trigger_flow1:519 - Flow1將從AutoProgram寄存器讀取座標
2025-07-17 00:52:40 [INFO] AutoProgram:coordination_cycle:664 - Flow1已觸發 (座標已準備)
2025-07-17 00:52:40 [DEBUG] AutoProgram:coordination_cycle:607 - prepare_done=False，開始處理新週期
2025-07-17 00:52:40 [DEBUG] AutoProgram:coordination_cycle:607 - prepare_done=False，開始處理新週期
2025-07-17 00:52:40 [DEBUG] AutoProgram:coordination_cycle:660 - 座標已準備，檢查Flow1觸發狀態...
2025-07-17 00:52:40 [INFO] AutoProgram:trigger_flow1:502 - 觸發Flow1取料作業
2025-07-17 00:52:40 [DEBUG] AutoProgram:coordination_cycle:660 - 座標已準備，檢查Flow1觸發狀態...
2025-07-17 00:52:40 [INFO] AutoProgram:trigger_flow1:503 - 目標座標: (-75.81, 308.98)
2025-07-17 00:52:40 [INFO] AutoProgram:trigger_flow1:502 - 觸發Flow1取料作業
2025-07-17 00:52:40 [INFO] AutoProgram:trigger_flow1:503 - 目標座標: (-75.81, 308.98)
2025-07-17 00:52:40 [INFO] AutoProgram:trigger_flow1:518 - Flow1已觸發 (第347次)
2025-07-17 00:52:40 [INFO] AutoProgram:trigger_flow1:519 - Flow1將從AutoProgram寄存器讀取座標
2025-07-17 00:52:40 [INFO] AutoProgram:trigger_flow1:518 - Flow1已觸發 (第348次)
2025-07-17 00:52:40 [INFO] AutoProgram:coordination_cycle:664 - Flow1已觸發 (座標已準備)
2025-07-17 00:52:40 [INFO] AutoProgram:trigger_flow1:519 - Flow1將從AutoProgram寄存器讀取座標
2025-07-17 00:52:40 [INFO] AutoProgram:coordination_cycle:664 - Flow1已觸發 (座標已準備)
2025-07-17 00:52:41 [DEBUG] AutoProgram:coordination_cycle:607 - prepare_done=False，開始處理新週期
2025-07-17 00:52:41 [DEBUG] AutoProgram:coordination_cycle:660 - 座標已準備，檢查Flow1觸發狀態...
2025-07-17 00:52:41 [INFO] AutoProgram:trigger_flow1:502 - 觸發Flow1取料作業
2025-07-17 00:52:41 [INFO] AutoProgram:trigger_flow1:503 - 目標座標: (-75.81, 308.98)
2025-07-17 00:52:41 [DEBUG] AutoProgram:coordination_cycle:575 - 週期351: prepare_done=False, coords_ready=True, Flow1運行中=False, DR_F可用=True, 自動程序啟用=True
2025-07-17 00:52:41 [DEBUG] AutoProgram:coordination_cycle:607 - prepare_done=False，開始處理新週期
2025-07-17 00:52:41 [DEBUG] AutoProgram:coordination_cycle:660 - 座標已準備，檢查Flow1觸發狀態...
2025-07-17 00:52:41 [INFO] AutoProgram:trigger_flow1:502 - 觸發Flow1取料作業
2025-07-17 00:52:41 [INFO] AutoProgram:trigger_flow1:503 - 目標座標: (-75.81, 308.98)
2025-07-17 00:52:41 [INFO] AutoProgram:trigger_flow1:518 - Flow1已觸發 (第349次)
2025-07-17 00:52:41 [INFO] AutoProgram:trigger_flow1:519 - Flow1將從AutoProgram寄存器讀取座標
2025-07-17 00:52:41 [INFO] AutoProgram:coordination_cycle:664 - Flow1已觸發 (座標已準備)
2025-07-17 00:52:41 [INFO] AutoProgram:trigger_flow1:518 - Flow1已觸發 (第350次)
2025-07-17 00:52:41 [INFO] AutoProgram:trigger_flow1:519 - Flow1將從AutoProgram寄存器讀取座標
2025-07-17 00:52:41 [INFO] AutoProgram:coordination_cycle:664 - Flow1已觸發 (座標已準備)
2025-07-17 00:52:41 [DEBUG] AutoProgram:coordination_cycle:607 - prepare_done=False，開始處理新週期
2025-07-17 00:52:41 [DEBUG] AutoProgram:coordination_cycle:660 - 座標已準備，檢查Flow1觸發狀態...
2025-07-17 00:52:41 [INFO] AutoProgram:trigger_flow1:502 - 觸發Flow1取料作業
2025-07-17 00:52:41 [INFO] AutoProgram:trigger_flow1:503 - 目標座標: (-75.81, 308.98)
2025-07-17 00:52:41 [DEBUG] AutoProgram:coordination_cycle:607 - prepare_done=False，開始處理新週期
2025-07-17 00:52:41 [DEBUG] AutoProgram:coordination_cycle:660 - 座標已準備，檢查Flow1觸發狀態...
2025-07-17 00:52:41 [INFO] AutoProgram:trigger_flow1:502 - 觸發Flow1取料作業
2025-07-17 00:52:41 [INFO] AutoProgram:trigger_flow1:503 - 目標座標: (-75.81, 308.98)
2025-07-17 00:52:41 [INFO] AutoProgram:trigger_flow1:518 - Flow1已觸發 (第351次)
2025-07-17 00:52:41 [INFO] AutoProgram:trigger_flow1:519 - Flow1將從AutoProgram寄存器讀取座標
2025-07-17 00:52:41 [INFO] AutoProgram:coordination_cycle:664 - Flow1已觸發 (座標已準備)
2025-07-17 00:52:41 [INFO] AutoProgram:trigger_flow1:518 - Flow1已觸發 (第352次)
2025-07-17 00:52:41 [INFO] AutoProgram:trigger_flow1:519 - Flow1將從AutoProgram寄存器讀取座標
2025-07-17 00:52:41 [INFO] AutoProgram:coordination_cycle:664 - Flow1已觸發 (座標已準備)
2025-07-17 00:52:41 [DEBUG] AutoProgram:coordination_cycle:607 - prepare_done=False，開始處理新週期
2025-07-17 00:52:41 [DEBUG] AutoProgram:coordination_cycle:660 - 座標已準備，檢查Flow1觸發狀態...
2025-07-17 00:52:41 [INFO] AutoProgram:trigger_flow1:502 - 觸發Flow1取料作業
2025-07-17 00:52:41 [INFO] AutoProgram:trigger_flow1:503 - 目標座標: (-75.81, 308.98)
2025-07-17 00:52:41 [DEBUG] AutoProgram:coordination_cycle:607 - prepare_done=False，開始處理新週期
2025-07-17 00:52:41 [DEBUG] AutoProgram:coordination_cycle:660 - 座標已準備，檢查Flow1觸發狀態...
2025-07-17 00:52:41 [INFO] AutoProgram:trigger_flow1:502 - 觸發Flow1取料作業
2025-07-17 00:52:41 [INFO] AutoProgram:trigger_flow1:503 - 目標座標: (-75.81, 308.98)
2025-07-17 00:52:41 [INFO] AutoProgram:trigger_flow1:518 - Flow1已觸發 (第353次)
2025-07-17 00:52:41 [INFO] AutoProgram:trigger_flow1:519 - Flow1將從AutoProgram寄存器讀取座標
2025-07-17 00:52:41 [INFO] AutoProgram:coordination_cycle:664 - Flow1已觸發 (座標已準備)
2025-07-17 00:52:41 [INFO] AutoProgram:trigger_flow1:518 - Flow1已觸發 (第354次)
2025-07-17 00:52:41 [INFO] AutoProgram:trigger_flow1:519 - Flow1將從AutoProgram寄存器讀取座標
2025-07-17 00:52:41 [INFO] AutoProgram:coordination_cycle:664 - Flow1已觸發 (座標已準備)
2025-07-17 00:52:42 [DEBUG] AutoProgram:coordination_cycle:607 - prepare_done=False，開始處理新週期
2025-07-17 00:52:42 [DEBUG] AutoProgram:coordination_cycle:660 - 座標已準備，檢查Flow1觸發狀態...
2025-07-17 00:52:42 [INFO] AutoProgram:trigger_flow1:502 - 觸發Flow1取料作業
2025-07-17 00:52:42 [INFO] AutoProgram:trigger_flow1:503 - 目標座標: (-75.81, 308.98)
2025-07-17 00:52:42 [DEBUG] AutoProgram:coordination_cycle:607 - prepare_done=False，開始處理新週期
2025-07-17 00:52:42 [DEBUG] AutoProgram:coordination_cycle:660 - 座標已準備，檢查Flow1觸發狀態...
2025-07-17 00:52:42 [INFO] AutoProgram:trigger_flow1:502 - 觸發Flow1取料作業
2025-07-17 00:52:42 [INFO] AutoProgram:trigger_flow1:503 - 目標座標: (-75.81, 308.98)
2025-07-17 00:52:42 [INFO] AutoProgram:trigger_flow1:518 - Flow1已觸發 (第355次)
2025-07-17 00:52:42 [INFO] AutoProgram:trigger_flow1:519 - Flow1將從AutoProgram寄存器讀取座標
2025-07-17 00:52:42 [INFO] AutoProgram:coordination_cycle:664 - Flow1已觸發 (座標已準備)
2025-07-17 00:52:42 [INFO] AutoProgram:trigger_flow1:518 - Flow1已觸發 (第356次)
2025-07-17 00:52:42 [INFO] AutoProgram:trigger_flow1:519 - Flow1將從AutoProgram寄存器讀取座標
2025-07-17 00:52:42 [INFO] AutoProgram:coordination_cycle:664 - Flow1已觸發 (座標已準備)
2025-07-17 00:52:42 [DEBUG] AutoProgram:coordination_cycle:607 - prepare_done=False，開始處理新週期
2025-07-17 00:52:42 [DEBUG] AutoProgram:coordination_cycle:660 - 座標已準備，檢查Flow1觸發狀態...
2025-07-17 00:52:42 [INFO] AutoProgram:trigger_flow1:502 - 觸發Flow1取料作業
2025-07-17 00:52:42 [INFO] AutoProgram:trigger_flow1:503 - 目標座標: (-75.81, 308.98)
2025-07-17 00:52:42 [DEBUG] AutoProgram:coordination_cycle:607 - prepare_done=False，開始處理新週期
2025-07-17 00:52:42 [DEBUG] AutoProgram:coordination_cycle:660 - 座標已準備，檢查Flow1觸發狀態...
2025-07-17 00:52:42 [INFO] AutoProgram:trigger_flow1:502 - 觸發Flow1取料作業
2025-07-17 00:52:42 [INFO] AutoProgram:trigger_flow1:503 - 目標座標: (-75.81, 308.98)
2025-07-17 00:52:42 [INFO] AutoProgram:trigger_flow1:518 - Flow1已觸發 (第357次)
2025-07-17 00:52:42 [INFO] AutoProgram:trigger_flow1:519 - Flow1將從AutoProgram寄存器讀取座標
2025-07-17 00:52:42 [INFO] AutoProgram:coordination_cycle:664 - Flow1已觸發 (座標已準備)
2025-07-17 00:52:42 [INFO] AutoProgram:trigger_flow1:518 - Flow1已觸發 (第358次)
2025-07-17 00:52:42 [INFO] AutoProgram:trigger_flow1:519 - Flow1將從AutoProgram寄存器讀取座標
2025-07-17 00:52:42 [INFO] AutoProgram:coordination_cycle:664 - Flow1已觸發 (座標已準備)
2025-07-17 00:52:42 [DEBUG] AutoProgram:coordination_cycle:607 - prepare_done=False，開始處理新週期
2025-07-17 00:52:42 [DEBUG] AutoProgram:coordination_cycle:660 - 座標已準備，檢查Flow1觸發狀態...
2025-07-17 00:52:42 [INFO] AutoProgram:trigger_flow1:502 - 觸發Flow1取料作業
2025-07-17 00:52:42 [INFO] AutoProgram:trigger_flow1:503 - 目標座標: (-75.81, 308.98)
2025-07-17 00:52:42 [DEBUG] AutoProgram:coordination_cycle:607 - prepare_done=False，開始處理新週期
2025-07-17 00:52:42 [DEBUG] AutoProgram:coordination_cycle:660 - 座標已準備，檢查Flow1觸發狀態...
2025-07-17 00:52:42 [INFO] AutoProgram:trigger_flow1:502 - 觸發Flow1取料作業
2025-07-17 00:52:42 [INFO] AutoProgram:trigger_flow1:503 - 目標座標: (-75.81, 308.98)
2025-07-17 00:52:42 [INFO] AutoProgram:trigger_flow1:518 - Flow1已觸發 (第359次)
2025-07-17 00:52:42 [INFO] AutoProgram:trigger_flow1:519 - Flow1將從AutoProgram寄存器讀取座標
2025-07-17 00:52:42 [INFO] AutoProgram:coordination_cycle:664 - Flow1已觸發 (座標已準備)
2025-07-17 00:52:42 [INFO] AutoProgram:trigger_flow1:518 - Flow1已觸發 (第360次)
2025-07-17 00:52:42 [INFO] AutoProgram:trigger_flow1:519 - Flow1將從AutoProgram寄存器讀取座標
2025-07-17 00:52:42 [INFO] AutoProgram:coordination_cycle:664 - Flow1已觸發 (座標已準備)
2025-07-17 00:52:43 [DEBUG] AutoProgram:coordination_cycle:607 - prepare_done=False，開始處理新週期
2025-07-17 00:52:43 [DEBUG] AutoProgram:coordination_cycle:660 - 座標已準備，檢查Flow1觸發狀態...
2025-07-17 00:52:43 [INFO] AutoProgram:trigger_flow1:502 - 觸發Flow1取料作業
2025-07-17 00:52:43 [INFO] AutoProgram:trigger_flow1:503 - 目標座標: (-75.81, 308.98)
2025-07-17 00:52:43 [DEBUG] AutoProgram:coordination_cycle:607 - prepare_done=False，開始處理新週期
2025-07-17 00:52:43 [DEBUG] AutoProgram:coordination_cycle:660 - 座標已準備，檢查Flow1觸發狀態...
2025-07-17 00:52:43 [INFO] AutoProgram:trigger_flow1:502 - 觸發Flow1取料作業
2025-07-17 00:52:43 [INFO] AutoProgram:trigger_flow1:503 - 目標座標: (-75.81, 308.98)
2025-07-17 00:52:43 [INFO] AutoProgram:trigger_flow1:518 - Flow1已觸發 (第361次)
2025-07-17 00:52:43 [INFO] AutoProgram:trigger_flow1:519 - Flow1將從AutoProgram寄存器讀取座標
2025-07-17 00:52:43 [INFO] AutoProgram:coordination_cycle:664 - Flow1已觸發 (座標已準備)
2025-07-17 00:52:43 [INFO] AutoProgram:trigger_flow1:518 - Flow1已觸發 (第362次)
2025-07-17 00:52:43 [INFO] AutoProgram:trigger_flow1:519 - Flow1將從AutoProgram寄存器讀取座標
2025-07-17 00:52:43 [INFO] AutoProgram:coordination_cycle:664 - Flow1已觸發 (座標已準備)
2025-07-17 00:52:43 [DEBUG] AutoProgram:coordination_cycle:607 - prepare_done=False，開始處理新週期
2025-07-17 00:52:43 [DEBUG] AutoProgram:coordination_cycle:660 - 座標已準備，檢查Flow1觸發狀態...
2025-07-17 00:52:43 [INFO] AutoProgram:trigger_flow1:502 - 觸發Flow1取料作業
2025-07-17 00:52:43 [INFO] AutoProgram:trigger_flow1:503 - 目標座標: (-75.81, 308.98)
2025-07-17 00:52:43 [DEBUG] AutoProgram:coordination_cycle:607 - prepare_done=False，開始處理新週期
2025-07-17 00:52:43 [DEBUG] AutoProgram:coordination_cycle:660 - 座標已準備，檢查Flow1觸發狀態...
2025-07-17 00:52:43 [INFO] AutoProgram:trigger_flow1:502 - 觸發Flow1取料作業
2025-07-17 00:52:43 [INFO] AutoProgram:trigger_flow1:503 - 目標座標: (-75.81, 308.98)
2025-07-17 00:52:43 [INFO] AutoProgram:trigger_flow1:518 - Flow1已觸發 (第363次)
2025-07-17 00:52:43 [INFO] AutoProgram:trigger_flow1:519 - Flow1將從AutoProgram寄存器讀取座標
2025-07-17 00:52:43 [INFO] AutoProgram:coordination_cycle:664 - Flow1已觸發 (座標已準備)
2025-07-17 00:52:43 [INFO] AutoProgram:trigger_flow1:518 - Flow1已觸發 (第364次)
2025-07-17 00:52:43 [INFO] AutoProgram:trigger_flow1:519 - Flow1將從AutoProgram寄存器讀取座標
2025-07-17 00:52:43 [INFO] AutoProgram:coordination_cycle:664 - Flow1已觸發 (座標已準備)
2025-07-17 00:52:43 [DEBUG] AutoProgram:coordination_cycle:607 - prepare_done=False，開始處理新週期
2025-07-17 00:52:43 [DEBUG] AutoProgram:coordination_cycle:660 - 座標已準備，檢查Flow1觸發狀態...
2025-07-17 00:52:43 [INFO] AutoProgram:trigger_flow1:502 - 觸發Flow1取料作業
2025-07-17 00:52:43 [INFO] AutoProgram:trigger_flow1:503 - 目標座標: (-75.81, 308.98)
2025-07-17 00:52:43 [DEBUG] AutoProgram:coordination_cycle:607 - prepare_done=False，開始處理新週期
2025-07-17 00:52:43 [DEBUG] AutoProgram:coordination_cycle:660 - 座標已準備，檢查Flow1觸發狀態...
2025-07-17 00:52:43 [INFO] AutoProgram:trigger_flow1:502 - 觸發Flow1取料作業
2025-07-17 00:52:43 [INFO] AutoProgram:trigger_flow1:503 - 目標座標: (-75.81, 308.98)
2025-07-17 00:52:43 [INFO] AutoProgram:trigger_flow1:518 - Flow1已觸發 (第365次)
2025-07-17 00:52:43 [INFO] AutoProgram:trigger_flow1:519 - Flow1將從AutoProgram寄存器讀取座標
2025-07-17 00:52:43 [INFO] AutoProgram:coordination_cycle:664 - Flow1已觸發 (座標已準備)
2025-07-17 00:52:43 [INFO] AutoProgram:trigger_flow1:518 - Flow1已觸發 (第366次)
2025-07-17 00:52:43 [INFO] AutoProgram:trigger_flow1:519 - Flow1將從AutoProgram寄存器讀取座標
2025-07-17 00:52:43 [INFO] AutoProgram:coordination_cycle:664 - Flow1已觸發 (座標已準備)
2025-07-17 00:52:43 [DEBUG] AutoProgram:coordination_cycle:607 - prepare_done=False，開始處理新週期
2025-07-17 00:52:43 [DEBUG] AutoProgram:coordination_cycle:660 - 座標已準備，檢查Flow1觸發狀態...
2025-07-17 00:52:43 [INFO] AutoProgram:trigger_flow1:502 - 觸發Flow1取料作業
2025-07-17 00:52:43 [INFO] AutoProgram:trigger_flow1:503 - 目標座標: (-75.81, 308.98)
2025-07-17 00:52:43 [DEBUG] AutoProgram:coordination_cycle:607 - prepare_done=False，開始處理新週期
2025-07-17 00:52:43 [DEBUG] AutoProgram:coordination_cycle:660 - 座標已準備，檢查Flow1觸發狀態...
2025-07-17 00:52:43 [INFO] AutoProgram:trigger_flow1:502 - 觸發Flow1取料作業
2025-07-17 00:52:43 [INFO] AutoProgram:trigger_flow1:503 - 目標座標: (-75.81, 308.98)
2025-07-17 00:52:44 [INFO] AutoProgram:trigger_flow1:518 - Flow1已觸發 (第367次)
2025-07-17 00:52:44 [INFO] AutoProgram:trigger_flow1:519 - Flow1將從AutoProgram寄存器讀取座標
2025-07-17 00:52:44 [INFO] AutoProgram:coordination_cycle:664 - Flow1已觸發 (座標已準備)
2025-07-17 00:52:44 [INFO] AutoProgram:trigger_flow1:518 - Flow1已觸發 (第368次)
2025-07-17 00:52:44 [INFO] AutoProgram:trigger_flow1:519 - Flow1將從AutoProgram寄存器讀取座標
2025-07-17 00:52:44 [INFO] AutoProgram:coordination_cycle:664 - Flow1已觸發 (座標已準備)
2025-07-17 00:52:44 [DEBUG] AutoProgram:coordination_cycle:607 - prepare_done=False，開始處理新週期
2025-07-17 00:52:44 [DEBUG] AutoProgram:coordination_cycle:660 - 座標已準備，檢查Flow1觸發狀態...
2025-07-17 00:52:44 [INFO] AutoProgram:trigger_flow1:502 - 觸發Flow1取料作業
2025-07-17 00:52:44 [INFO] AutoProgram:trigger_flow1:503 - 目標座標: (-75.81, 308.98)
2025-07-17 00:52:44 [DEBUG] AutoProgram:coordination_cycle:607 - prepare_done=False，開始處理新週期
2025-07-17 00:52:44 [DEBUG] AutoProgram:coordination_cycle:660 - 座標已準備，檢查Flow1觸發狀態...
2025-07-17 00:52:44 [INFO] AutoProgram:trigger_flow1:502 - 觸發Flow1取料作業
2025-07-17 00:52:44 [INFO] AutoProgram:trigger_flow1:503 - 目標座標: (-75.81, 308.98)
2025-07-17 00:52:44 [INFO] AutoProgram:trigger_flow1:518 - Flow1已觸發 (第369次)
2025-07-17 00:52:44 [INFO] AutoProgram:trigger_flow1:519 - Flow1將從AutoProgram寄存器讀取座標
2025-07-17 00:52:44 [INFO] AutoProgram:coordination_cycle:664 - Flow1已觸發 (座標已準備)
2025-07-17 00:52:44 [INFO] AutoProgram:trigger_flow1:518 - Flow1已觸發 (第370次)
2025-07-17 00:52:44 [INFO] AutoProgram:trigger_flow1:519 - Flow1將從AutoProgram寄存器讀取座標
2025-07-17 00:52:44 [INFO] AutoProgram:coordination_cycle:664 - Flow1已觸發 (座標已準備)
2025-07-17 00:52:44 [DEBUG] AutoProgram:coordination_cycle:607 - prepare_done=False，開始處理新週期
2025-07-17 00:52:44 [DEBUG] AutoProgram:coordination_cycle:660 - 座標已準備，檢查Flow1觸發狀態...
2025-07-17 00:52:44 [INFO] AutoProgram:trigger_flow1:502 - 觸發Flow1取料作業
2025-07-17 00:52:44 [INFO] AutoProgram:trigger_flow1:503 - 目標座標: (-75.81, 308.98)
2025-07-17 00:52:44 [DEBUG] AutoProgram:coordination_cycle:607 - prepare_done=False，開始處理新週期
2025-07-17 00:52:44 [DEBUG] AutoProgram:coordination_cycle:660 - 座標已準備，檢查Flow1觸發狀態...
2025-07-17 00:52:44 [INFO] AutoProgram:trigger_flow1:502 - 觸發Flow1取料作業
2025-07-17 00:52:44 [INFO] AutoProgram:trigger_flow1:503 - 目標座標: (-75.81, 308.98)
2025-07-17 00:52:44 [INFO] AutoProgram:trigger_flow1:518 - Flow1已觸發 (第371次)
2025-07-17 00:52:44 [INFO] AutoProgram:trigger_flow1:519 - Flow1將從AutoProgram寄存器讀取座標
2025-07-17 00:52:44 [INFO] AutoProgram:coordination_cycle:664 - Flow1已觸發 (座標已準備)
2025-07-17 00:52:44 [INFO] AutoProgram:trigger_flow1:518 - Flow1已觸發 (第372次)
2025-07-17 00:52:44 [INFO] AutoProgram:trigger_flow1:519 - Flow1將從AutoProgram寄存器讀取座標
2025-07-17 00:52:44 [INFO] AutoProgram:coordination_cycle:664 - Flow1已觸發 (座標已準備)
2025-07-17 00:52:44 [DEBUG] AutoProgram:coordination_cycle:607 - prepare_done=False，開始處理新週期
2025-07-17 00:52:44 [DEBUG] AutoProgram:coordination_cycle:660 - 座標已準備，檢查Flow1觸發狀態...
2025-07-17 00:52:44 [INFO] AutoProgram:trigger_flow1:502 - 觸發Flow1取料作業
2025-07-17 00:52:44 [INFO] AutoProgram:trigger_flow1:503 - 目標座標: (-75.81, 308.98)
2025-07-17 00:52:44 [DEBUG] AutoProgram:coordination_cycle:607 - prepare_done=False，開始處理新週期
2025-07-17 00:52:44 [DEBUG] AutoProgram:coordination_cycle:660 - 座標已準備，檢查Flow1觸發狀態...
2025-07-17 00:52:44 [INFO] AutoProgram:trigger_flow1:502 - 觸發Flow1取料作業
2025-07-17 00:52:44 [INFO] AutoProgram:trigger_flow1:503 - 目標座標: (-75.81, 308.98)
2025-07-17 00:52:44 [INFO] AutoProgram:trigger_flow1:518 - Flow1已觸發 (第373次)
2025-07-17 00:52:44 [INFO] AutoProgram:trigger_flow1:519 - Flow1將從AutoProgram寄存器讀取座標
2025-07-17 00:52:44 [INFO] AutoProgram:coordination_cycle:664 - Flow1已觸發 (座標已準備)
2025-07-17 00:52:44 [INFO] AutoProgram:trigger_flow1:518 - Flow1已觸發 (第374次)
2025-07-17 00:52:44 [INFO] AutoProgram:trigger_flow1:519 - Flow1將從AutoProgram寄存器讀取座標
2025-07-17 00:52:44 [INFO] AutoProgram:coordination_cycle:664 - Flow1已觸發 (座標已準備)
2025-07-17 00:52:45 [DEBUG] AutoProgram:coordination_cycle:607 - prepare_done=False，開始處理新週期
2025-07-17 00:52:45 [DEBUG] AutoProgram:coordination_cycle:660 - 座標已準備，檢查Flow1觸發狀態...
2025-07-17 00:52:45 [INFO] AutoProgram:trigger_flow1:502 - 觸發Flow1取料作業
2025-07-17 00:52:45 [INFO] AutoProgram:trigger_flow1:503 - 目標座標: (-75.81, 308.98)
2025-07-17 00:52:45 [DEBUG] AutoProgram:coordination_cycle:607 - prepare_done=False，開始處理新週期
2025-07-17 00:52:45 [DEBUG] AutoProgram:coordination_cycle:660 - 座標已準備，檢查Flow1觸發狀態...
2025-07-17 00:52:45 [INFO] AutoProgram:trigger_flow1:502 - 觸發Flow1取料作業
2025-07-17 00:52:45 [INFO] AutoProgram:trigger_flow1:503 - 目標座標: (-75.81, 308.98)
2025-07-17 00:52:45 [INFO] AutoProgram:trigger_flow1:518 - Flow1已觸發 (第375次)
2025-07-17 00:52:45 [INFO] AutoProgram:trigger_flow1:519 - Flow1將從AutoProgram寄存器讀取座標
2025-07-17 00:52:45 [INFO] AutoProgram:coordination_cycle:664 - Flow1已觸發 (座標已準備)
2025-07-17 00:52:45 [INFO] AutoProgram:trigger_flow1:518 - Flow1已觸發 (第376次)
2025-07-17 00:52:45 [INFO] AutoProgram:trigger_flow1:519 - Flow1將從AutoProgram寄存器讀取座標
2025-07-17 00:52:45 [INFO] AutoProgram:coordination_cycle:664 - Flow1已觸發 (座標已準備)
2025-07-17 00:52:45 [DEBUG] AutoProgram:coordination_cycle:607 - prepare_done=False，開始處理新週期
2025-07-17 00:52:45 [DEBUG] AutoProgram:coordination_cycle:660 - 座標已準備，檢查Flow1觸發狀態...
2025-07-17 00:52:45 [INFO] AutoProgram:trigger_flow1:502 - 觸發Flow1取料作業
2025-07-17 00:52:45 [INFO] AutoProgram:trigger_flow1:503 - 目標座標: (-75.81, 308.98)
2025-07-17 00:52:45 [DEBUG] AutoProgram:coordination_cycle:607 - prepare_done=False，開始處理新週期
2025-07-17 00:52:45 [DEBUG] AutoProgram:coordination_cycle:660 - 座標已準備，檢查Flow1觸發狀態...
2025-07-17 00:52:45 [INFO] AutoProgram:trigger_flow1:502 - 觸發Flow1取料作業
2025-07-17 00:52:45 [INFO] AutoProgram:trigger_flow1:503 - 目標座標: (-75.81, 308.98)
2025-07-17 00:52:45 [INFO] AutoProgram:trigger_flow1:518 - Flow1已觸發 (第377次)
2025-07-17 00:52:45 [INFO] AutoProgram:trigger_flow1:519 - Flow1將從AutoProgram寄存器讀取座標
2025-07-17 00:52:45 [INFO] AutoProgram:coordination_cycle:664 - Flow1已觸發 (座標已準備)
2025-07-17 00:52:45 [INFO] AutoProgram:trigger_flow1:518 - Flow1已觸發 (第378次)
2025-07-17 00:52:45 [INFO] AutoProgram:trigger_flow1:519 - Flow1將從AutoProgram寄存器讀取座標
2025-07-17 00:52:45 [INFO] AutoProgram:coordination_cycle:664 - Flow1已觸發 (座標已準備)
2025-07-17 00:52:45 [DEBUG] AutoProgram:coordination_cycle:607 - prepare_done=False，開始處理新週期
2025-07-17 00:52:45 [DEBUG] AutoProgram:coordination_cycle:660 - 座標已準備，檢查Flow1觸發狀態...
2025-07-17 00:52:45 [INFO] AutoProgram:trigger_flow1:502 - 觸發Flow1取料作業
2025-07-17 00:52:45 [INFO] AutoProgram:trigger_flow1:503 - 目標座標: (-75.81, 308.98)
2025-07-17 00:52:45 [DEBUG] AutoProgram:coordination_cycle:607 - prepare_done=False，開始處理新週期
2025-07-17 00:52:45 [DEBUG] AutoProgram:coordination_cycle:660 - 座標已準備，檢查Flow1觸發狀態...
2025-07-17 00:52:45 [INFO] AutoProgram:trigger_flow1:502 - 觸發Flow1取料作業
2025-07-17 00:52:45 [INFO] AutoProgram:trigger_flow1:503 - 目標座標: (-75.81, 308.98)
2025-07-17 00:52:45 [INFO] AutoProgram:trigger_flow1:518 - Flow1已觸發 (第379次)
2025-07-17 00:52:45 [INFO] AutoProgram:trigger_flow1:519 - Flow1將從AutoProgram寄存器讀取座標
2025-07-17 00:52:45 [INFO] AutoProgram:coordination_cycle:664 - Flow1已觸發 (座標已準備)
2025-07-17 00:52:45 [INFO] AutoProgram:trigger_flow1:518 - Flow1已觸發 (第380次)
2025-07-17 00:52:45 [INFO] AutoProgram:trigger_flow1:519 - Flow1將從AutoProgram寄存器讀取座標
2025-07-17 00:52:45 [INFO] AutoProgram:coordination_cycle:664 - Flow1已觸發 (座標已準備)
2025-07-17 00:52:46 [DEBUG] AutoProgram:coordination_cycle:607 - prepare_done=False，開始處理新週期
2025-07-17 00:52:46 [DEBUG] AutoProgram:coordination_cycle:660 - 座標已準備，檢查Flow1觸發狀態...
2025-07-17 00:52:46 [INFO] AutoProgram:trigger_flow1:502 - 觸發Flow1取料作業
2025-07-17 00:52:46 [INFO] AutoProgram:trigger_flow1:503 - 目標座標: (-75.81, 308.98)
2025-07-17 00:52:46 [DEBUG] AutoProgram:coordination_cycle:607 - prepare_done=False，開始處理新週期
2025-07-17 00:52:46 [DEBUG] AutoProgram:coordination_cycle:660 - 座標已準備，檢查Flow1觸發狀態...
2025-07-17 00:52:46 [INFO] AutoProgram:trigger_flow1:502 - 觸發Flow1取料作業
2025-07-17 00:52:46 [INFO] AutoProgram:trigger_flow1:503 - 目標座標: (-75.81, 308.98)
2025-07-17 00:52:46 [INFO] AutoProgram:trigger_flow1:518 - Flow1已觸發 (第381次)
2025-07-17 00:52:46 [INFO] AutoProgram:trigger_flow1:519 - Flow1將從AutoProgram寄存器讀取座標
2025-07-17 00:52:46 [INFO] AutoProgram:coordination_cycle:664 - Flow1已觸發 (座標已準備)
2025-07-17 00:52:46 [INFO] AutoProgram:trigger_flow1:518 - Flow1已觸發 (第382次)
2025-07-17 00:52:46 [INFO] AutoProgram:trigger_flow1:519 - Flow1將從AutoProgram寄存器讀取座標
2025-07-17 00:52:46 [INFO] AutoProgram:coordination_cycle:664 - Flow1已觸發 (座標已準備)
2025-07-17 00:52:46 [DEBUG] AutoProgram:coordination_cycle:607 - prepare_done=False，開始處理新週期
2025-07-17 00:52:46 [DEBUG] AutoProgram:coordination_cycle:660 - 座標已準備，檢查Flow1觸發狀態...
2025-07-17 00:52:46 [INFO] AutoProgram:trigger_flow1:502 - 觸發Flow1取料作業
2025-07-17 00:52:46 [INFO] AutoProgram:trigger_flow1:503 - 目標座標: (-75.81, 308.98)
2025-07-17 00:52:46 [DEBUG] AutoProgram:coordination_cycle:607 - prepare_done=False，開始處理新週期
2025-07-17 00:52:46 [DEBUG] AutoProgram:coordination_cycle:660 - 座標已準備，檢查Flow1觸發狀態...
2025-07-17 00:52:46 [INFO] AutoProgram:trigger_flow1:502 - 觸發Flow1取料作業
2025-07-17 00:52:46 [INFO] AutoProgram:trigger_flow1:503 - 目標座標: (-75.81, 308.98)
2025-07-17 00:52:46 [INFO] AutoProgram:trigger_flow1:518 - Flow1已觸發 (第383次)
2025-07-17 00:52:46 [INFO] AutoProgram:trigger_flow1:519 - Flow1將從AutoProgram寄存器讀取座標
2025-07-17 00:52:46 [INFO] AutoProgram:coordination_cycle:664 - Flow1已觸發 (座標已準備)
2025-07-17 00:52:46 [INFO] AutoProgram:trigger_flow1:518 - Flow1已觸發 (第384次)
2025-07-17 00:52:46 [INFO] AutoProgram:trigger_flow1:519 - Flow1將從AutoProgram寄存器讀取座標
2025-07-17 00:52:46 [INFO] AutoProgram:coordination_cycle:664 - Flow1已觸發 (座標已準備)
2025-07-17 00:52:46 [DEBUG] AutoProgram:coordination_cycle:607 - prepare_done=False，開始處理新週期
2025-07-17 00:52:46 [DEBUG] AutoProgram:coordination_cycle:660 - 座標已準備，檢查Flow1觸發狀態...
2025-07-17 00:52:46 [INFO] AutoProgram:trigger_flow1:502 - 觸發Flow1取料作業
2025-07-17 00:52:46 [INFO] AutoProgram:trigger_flow1:503 - 目標座標: (-75.81, 308.98)
2025-07-17 00:52:46 [DEBUG] AutoProgram:coordination_cycle:607 - prepare_done=False，開始處理新週期
2025-07-17 00:52:46 [DEBUG] AutoProgram:coordination_cycle:660 - 座標已準備，檢查Flow1觸發狀態...
2025-07-17 00:52:46 [INFO] AutoProgram:trigger_flow1:502 - 觸發Flow1取料作業
2025-07-17 00:52:46 [INFO] AutoProgram:trigger_flow1:503 - 目標座標: (-75.81, 308.98)
2025-07-17 00:52:46 [INFO] AutoProgram:trigger_flow1:518 - Flow1已觸發 (第385次)
2025-07-17 00:52:46 [INFO] AutoProgram:trigger_flow1:519 - Flow1將從AutoProgram寄存器讀取座標
2025-07-17 00:52:46 [INFO] AutoProgram:coordination_cycle:664 - Flow1已觸發 (座標已準備)
2025-07-17 00:52:46 [INFO] AutoProgram:trigger_flow1:518 - Flow1已觸發 (第386次)
2025-07-17 00:52:46 [INFO] AutoProgram:trigger_flow1:519 - Flow1將從AutoProgram寄存器讀取座標
2025-07-17 00:52:46 [INFO] AutoProgram:coordination_cycle:664 - Flow1已觸發 (座標已準備)
2025-07-17 00:52:46 [DEBUG] AutoProgram:coordination_cycle:607 - prepare_done=False，開始處理新週期
2025-07-17 00:52:46 [DEBUG] AutoProgram:coordination_cycle:660 - 座標已準備，檢查Flow1觸發狀態...
2025-07-17 00:52:46 [INFO] AutoProgram:trigger_flow1:502 - 觸發Flow1取料作業
2025-07-17 00:52:46 [INFO] AutoProgram:trigger_flow1:503 - 目標座標: (-75.81, 308.98)
2025-07-17 00:52:46 [DEBUG] AutoProgram:coordination_cycle:607 - prepare_done=False，開始處理新週期
2025-07-17 00:52:46 [DEBUG] AutoProgram:coordination_cycle:660 - 座標已準備，檢查Flow1觸發狀態...
2025-07-17 00:52:46 [INFO] AutoProgram:trigger_flow1:502 - 觸發Flow1取料作業
2025-07-17 00:52:46 [INFO] AutoProgram:trigger_flow1:503 - 目標座標: (-75.81, 308.98)
2025-07-17 00:52:47 [INFO] AutoProgram:trigger_flow1:518 - Flow1已觸發 (第387次)
2025-07-17 00:52:47 [INFO] AutoProgram:trigger_flow1:519 - Flow1將從AutoProgram寄存器讀取座標
2025-07-17 00:52:47 [INFO] AutoProgram:coordination_cycle:664 - Flow1已觸發 (座標已準備)
2025-07-17 00:52:47 [INFO] AutoProgram:trigger_flow1:518 - Flow1已觸發 (第388次)
2025-07-17 00:52:47 [INFO] AutoProgram:trigger_flow1:519 - Flow1將從AutoProgram寄存器讀取座標
2025-07-17 00:52:47 [INFO] AutoProgram:coordination_cycle:664 - Flow1已觸發 (座標已準備)
2025-07-17 00:52:47 [DEBUG] AutoProgram:coordination_cycle:607 - prepare_done=False，開始處理新週期
2025-07-17 00:52:47 [DEBUG] AutoProgram:coordination_cycle:660 - 座標已準備，檢查Flow1觸發狀態...
2025-07-17 00:52:47 [INFO] AutoProgram:trigger_flow1:502 - 觸發Flow1取料作業
2025-07-17 00:52:47 [INFO] AutoProgram:trigger_flow1:503 - 目標座標: (-75.81, 308.98)
2025-07-17 00:52:47 [DEBUG] AutoProgram:coordination_cycle:607 - prepare_done=False，開始處理新週期
2025-07-17 00:52:47 [DEBUG] AutoProgram:coordination_cycle:660 - 座標已準備，檢查Flow1觸發狀態...
2025-07-17 00:52:47 [INFO] AutoProgram:trigger_flow1:502 - 觸發Flow1取料作業
2025-07-17 00:52:47 [INFO] AutoProgram:trigger_flow1:503 - 目標座標: (-75.81, 308.98)
2025-07-17 00:52:47 [INFO] AutoProgram:trigger_flow1:518 - Flow1已觸發 (第389次)
2025-07-17 00:52:47 [INFO] AutoProgram:trigger_flow1:519 - Flow1將從AutoProgram寄存器讀取座標
2025-07-17 00:52:47 [INFO] AutoProgram:coordination_cycle:664 - Flow1已觸發 (座標已準備)
2025-07-17 00:52:47 [INFO] AutoProgram:trigger_flow1:518 - Flow1已觸發 (第390次)
2025-07-17 00:52:47 [INFO] AutoProgram:trigger_flow1:519 - Flow1將從AutoProgram寄存器讀取座標
2025-07-17 00:52:47 [INFO] AutoProgram:coordination_cycle:664 - Flow1已觸發 (座標已準備)
2025-07-17 00:52:47 [DEBUG] AutoProgram:coordination_cycle:607 - prepare_done=False，開始處理新週期
2025-07-17 00:52:47 [DEBUG] AutoProgram:coordination_cycle:660 - 座標已準備，檢查Flow1觸發狀態...
2025-07-17 00:52:47 [INFO] AutoProgram:trigger_flow1:502 - 觸發Flow1取料作業
2025-07-17 00:52:47 [INFO] AutoProgram:trigger_flow1:503 - 目標座標: (-75.81, 308.98)
2025-07-17 00:52:47 [DEBUG] AutoProgram:coordination_cycle:607 - prepare_done=False，開始處理新週期
2025-07-17 00:52:47 [DEBUG] AutoProgram:coordination_cycle:660 - 座標已準備，檢查Flow1觸發狀態...
2025-07-17 00:52:47 [INFO] AutoProgram:trigger_flow1:502 - 觸發Flow1取料作業
2025-07-17 00:52:47 [INFO] AutoProgram:trigger_flow1:503 - 目標座標: (-75.81, 308.98)
2025-07-17 00:52:47 [INFO] AutoProgram:trigger_flow1:518 - Flow1已觸發 (第391次)
2025-07-17 00:52:47 [INFO] AutoProgram:trigger_flow1:519 - Flow1將從AutoProgram寄存器讀取座標
2025-07-17 00:52:47 [INFO] AutoProgram:coordination_cycle:664 - Flow1已觸發 (座標已準備)
2025-07-17 00:52:47 [INFO] AutoProgram:trigger_flow1:518 - Flow1已觸發 (第392次)
2025-07-17 00:52:47 [INFO] AutoProgram:trigger_flow1:519 - Flow1將從AutoProgram寄存器讀取座標
2025-07-17 00:52:47 [INFO] AutoProgram:coordination_cycle:664 - Flow1已觸發 (座標已準備)
2025-07-17 00:52:47 [DEBUG] AutoProgram:coordination_cycle:607 - prepare_done=False，開始處理新週期
2025-07-17 00:52:47 [DEBUG] AutoProgram:coordination_cycle:660 - 座標已準備，檢查Flow1觸發狀態...
2025-07-17 00:52:47 [INFO] AutoProgram:trigger_flow1:502 - 觸發Flow1取料作業
2025-07-17 00:52:47 [INFO] AutoProgram:trigger_flow1:503 - 目標座標: (-75.81, 308.98)
2025-07-17 00:52:47 [DEBUG] AutoProgram:coordination_cycle:607 - prepare_done=False，開始處理新週期
2025-07-17 00:52:47 [DEBUG] AutoProgram:coordination_cycle:660 - 座標已準備，檢查Flow1觸發狀態...
2025-07-17 00:52:47 [INFO] AutoProgram:trigger_flow1:502 - 觸發Flow1取料作業
2025-07-17 00:52:47 [INFO] AutoProgram:trigger_flow1:503 - 目標座標: (-75.81, 308.98)
2025-07-17 00:52:47 [INFO] AutoProgram:trigger_flow1:518 - Flow1已觸發 (第393次)
2025-07-17 00:52:47 [INFO] AutoProgram:trigger_flow1:519 - Flow1將從AutoProgram寄存器讀取座標
2025-07-17 00:52:47 [INFO] AutoProgram:coordination_cycle:664 - Flow1已觸發 (座標已準備)
2025-07-17 00:52:47 [INFO] AutoProgram:trigger_flow1:518 - Flow1已觸發 (第394次)
2025-07-17 00:52:47 [INFO] AutoProgram:trigger_flow1:519 - Flow1將從AutoProgram寄存器讀取座標
2025-07-17 00:52:47 [INFO] AutoProgram:coordination_cycle:664 - Flow1已觸發 (座標已準備)
2025-07-17 00:52:48 [DEBUG] AutoProgram:coordination_cycle:607 - prepare_done=False，開始處理新週期
2025-07-17 00:52:48 [DEBUG] AutoProgram:coordination_cycle:660 - 座標已準備，檢查Flow1觸發狀態...
2025-07-17 00:52:48 [INFO] AutoProgram:trigger_flow1:502 - 觸發Flow1取料作業
2025-07-17 00:52:48 [INFO] AutoProgram:trigger_flow1:503 - 目標座標: (-75.81, 308.98)
2025-07-17 00:52:48 [DEBUG] AutoProgram:coordination_cycle:607 - prepare_done=False，開始處理新週期
2025-07-17 00:52:48 [DEBUG] AutoProgram:coordination_cycle:660 - 座標已準備，檢查Flow1觸發狀態...
2025-07-17 00:52:48 [INFO] AutoProgram:trigger_flow1:502 - 觸發Flow1取料作業
2025-07-17 00:52:48 [INFO] AutoProgram:trigger_flow1:503 - 目標座標: (-75.81, 308.98)
2025-07-17 00:52:48 [INFO] AutoProgram:trigger_flow1:518 - Flow1已觸發 (第395次)
2025-07-17 00:52:48 [INFO] AutoProgram:trigger_flow1:519 - Flow1將從AutoProgram寄存器讀取座標
2025-07-17 00:52:48 [INFO] AutoProgram:coordination_cycle:664 - Flow1已觸發 (座標已準備)
2025-07-17 00:52:48 [INFO] AutoProgram:trigger_flow1:518 - Flow1已觸發 (第396次)
2025-07-17 00:52:48 [INFO] AutoProgram:trigger_flow1:519 - Flow1將從AutoProgram寄存器讀取座標
2025-07-17 00:52:48 [INFO] AutoProgram:coordination_cycle:664 - Flow1已觸發 (座標已準備)
2025-07-17 00:52:48 [DEBUG] AutoProgram:coordination_cycle:607 - prepare_done=False，開始處理新週期
2025-07-17 00:52:48 [DEBUG] AutoProgram:coordination_cycle:660 - 座標已準備，檢查Flow1觸發狀態...
2025-07-17 00:52:48 [INFO] AutoProgram:trigger_flow1:502 - 觸發Flow1取料作業
2025-07-17 00:52:48 [INFO] AutoProgram:trigger_flow1:503 - 目標座標: (-75.81, 308.98)
2025-07-17 00:52:48 [DEBUG] AutoProgram:coordination_cycle:607 - prepare_done=False，開始處理新週期
2025-07-17 00:52:48 [DEBUG] AutoProgram:coordination_cycle:660 - 座標已準備，檢查Flow1觸發狀態...
2025-07-17 00:52:48 [INFO] AutoProgram:trigger_flow1:502 - 觸發Flow1取料作業
2025-07-17 00:52:48 [INFO] AutoProgram:trigger_flow1:503 - 目標座標: (-75.81, 308.98)
2025-07-17 00:52:48 [INFO] AutoProgram:trigger_flow1:518 - Flow1已觸發 (第397次)
2025-07-17 00:52:48 [INFO] AutoProgram:trigger_flow1:519 - Flow1將從AutoProgram寄存器讀取座標
2025-07-17 00:52:48 [INFO] AutoProgram:coordination_cycle:664 - Flow1已觸發 (座標已準備)
2025-07-17 00:52:48 [INFO] AutoProgram:trigger_flow1:518 - Flow1已觸發 (第398次)
2025-07-17 00:52:48 [INFO] AutoProgram:trigger_flow1:519 - Flow1將從AutoProgram寄存器讀取座標
2025-07-17 00:52:48 [INFO] AutoProgram:coordination_cycle:664 - Flow1已觸發 (座標已準備)
2025-07-17 00:52:48 [DEBUG] AutoProgram:coordination_cycle:575 - 週期400: prepare_done=False, coords_ready=True, Flow1運行中=False, DR_F可用=True, 自動程序啟用=True
2025-07-17 00:52:48 [DEBUG] AutoProgram:coordination_cycle:607 - prepare_done=False，開始處理新週期
2025-07-17 00:52:48 [DEBUG] AutoProgram:coordination_cycle:660 - 座標已準備，檢查Flow1觸發狀態...
2025-07-17 00:52:48 [INFO] AutoProgram:trigger_flow1:502 - 觸發Flow1取料作業
2025-07-17 00:52:48 [INFO] AutoProgram:trigger_flow1:503 - 目標座標: (-75.81, 308.98)
2025-07-17 00:52:48 [DEBUG] AutoProgram:_coordination_loop:800 - 控制循環心跳 - 第200次, running=True, auto_enabled=True
2025-07-17 00:52:48 [DEBUG] AutoProgram:coordination_cycle:607 - prepare_done=False，開始處理新週期
2025-07-17 00:52:48 [DEBUG] AutoProgram:coordination_cycle:660 - 座標已準備，檢查Flow1觸發狀態...
2025-07-17 00:52:48 [INFO] AutoProgram:trigger_flow1:502 - 觸發Flow1取料作業
2025-07-17 00:52:48 [INFO] AutoProgram:trigger_flow1:503 - 目標座標: (-75.81, 308.98)
2025-07-17 00:52:48 [INFO] AutoProgram:trigger_flow1:518 - Flow1已觸發 (第399次)
2025-07-17 00:52:48 [INFO] AutoProgram:trigger_flow1:519 - Flow1將從AutoProgram寄存器讀取座標
2025-07-17 00:52:48 [INFO] AutoProgram:coordination_cycle:664 - Flow1已觸發 (座標已準備)
2025-07-17 00:52:48 [INFO] AutoProgram:trigger_flow1:518 - Flow1已觸發 (第400次)
2025-07-17 00:52:48 [INFO] AutoProgram:trigger_flow1:519 - Flow1將從AutoProgram寄存器讀取座標
2025-07-17 00:52:48 [INFO] AutoProgram:coordination_cycle:664 - Flow1已觸發 (座標已準備)
2025-07-17 00:52:49 [DEBUG] AutoProgram:coordination_cycle:607 - prepare_done=False，開始處理新週期
2025-07-17 00:52:49 [DEBUG] AutoProgram:coordination_cycle:660 - 座標已準備，檢查Flow1觸發狀態...
2025-07-17 00:52:49 [INFO] AutoProgram:trigger_flow1:502 - 觸發Flow1取料作業
2025-07-17 00:52:49 [INFO] AutoProgram:trigger_flow1:503 - 目標座標: (-75.81, 308.98)
2025-07-17 00:52:49 [DEBUG] AutoProgram:coordination_cycle:607 - prepare_done=False，開始處理新週期
2025-07-17 00:52:49 [DEBUG] AutoProgram:coordination_cycle:660 - 座標已準備，檢查Flow1觸發狀態...
2025-07-17 00:52:49 [INFO] AutoProgram:trigger_flow1:502 - 觸發Flow1取料作業
2025-07-17 00:52:49 [INFO] AutoProgram:trigger_flow1:503 - 目標座標: (-75.81, 308.98)
2025-07-17 00:52:49 [INFO] AutoProgram:trigger_flow1:518 - Flow1已觸發 (第401次)
2025-07-17 00:52:49 [INFO] AutoProgram:trigger_flow1:519 - Flow1將從AutoProgram寄存器讀取座標
2025-07-17 00:52:49 [INFO] AutoProgram:coordination_cycle:664 - Flow1已觸發 (座標已準備)
2025-07-17 00:52:49 [INFO] AutoProgram:trigger_flow1:518 - Flow1已觸發 (第402次)
2025-07-17 00:52:49 [INFO] AutoProgram:trigger_flow1:519 - Flow1將從AutoProgram寄存器讀取座標
2025-07-17 00:52:49 [INFO] AutoProgram:coordination_cycle:664 - Flow1已觸發 (座標已準備)
2025-07-17 00:52:49 [DEBUG] AutoProgram:coordination_cycle:607 - prepare_done=False，開始處理新週期
2025-07-17 00:52:49 [DEBUG] AutoProgram:coordination_cycle:660 - 座標已準備，檢查Flow1觸發狀態...
2025-07-17 00:52:49 [INFO] AutoProgram:trigger_flow1:502 - 觸發Flow1取料作業
2025-07-17 00:52:49 [INFO] AutoProgram:trigger_flow1:503 - 目標座標: (-75.81, 308.98)
2025-07-17 00:52:49 [DEBUG] AutoProgram:coordination_cycle:607 - prepare_done=False，開始處理新週期
2025-07-17 00:52:49 [DEBUG] AutoProgram:coordination_cycle:660 - 座標已準備，檢查Flow1觸發狀態...
2025-07-17 00:52:49 [INFO] AutoProgram:trigger_flow1:502 - 觸發Flow1取料作業
2025-07-17 00:52:49 [INFO] AutoProgram:trigger_flow1:503 - 目標座標: (-75.81, 308.98)
2025-07-17 00:52:49 [INFO] AutoProgram:trigger_flow1:518 - Flow1已觸發 (第403次)
2025-07-17 00:52:49 [INFO] AutoProgram:trigger_flow1:519 - Flow1將從AutoProgram寄存器讀取座標
2025-07-17 00:52:49 [INFO] AutoProgram:coordination_cycle:664 - Flow1已觸發 (座標已準備)
2025-07-17 00:52:49 [INFO] AutoProgram:trigger_flow1:518 - Flow1已觸發 (第404次)
2025-07-17 00:52:49 [INFO] AutoProgram:trigger_flow1:519 - Flow1將從AutoProgram寄存器讀取座標
2025-07-17 00:52:49 [INFO] AutoProgram:coordination_cycle:664 - Flow1已觸發 (座標已準備)
2025-07-17 00:52:49 [DEBUG] AutoProgram:coordination_cycle:607 - prepare_done=False，開始處理新週期
2025-07-17 00:52:49 [DEBUG] AutoProgram:coordination_cycle:660 - 座標已準備，檢查Flow1觸發狀態...
2025-07-17 00:52:49 [INFO] AutoProgram:trigger_flow1:502 - 觸發Flow1取料作業
2025-07-17 00:52:49 [INFO] AutoProgram:trigger_flow1:503 - 目標座標: (-75.81, 308.98)
2025-07-17 00:52:49 [DEBUG] AutoProgram:coordination_cycle:607 - prepare_done=False，開始處理新週期
2025-07-17 00:52:49 [DEBUG] AutoProgram:coordination_cycle:660 - 座標已準備，檢查Flow1觸發狀態...
2025-07-17 00:52:49 [INFO] AutoProgram:trigger_flow1:502 - 觸發Flow1取料作業
2025-07-17 00:52:49 [INFO] AutoProgram:trigger_flow1:503 - 目標座標: (-75.81, 308.98)
2025-07-17 00:52:49 [INFO] AutoProgram:trigger_flow1:518 - Flow1已觸發 (第405次)
2025-07-17 00:52:49 [INFO] AutoProgram:trigger_flow1:519 - Flow1將從AutoProgram寄存器讀取座標
2025-07-17 00:52:49 [INFO] AutoProgram:coordination_cycle:664 - Flow1已觸發 (座標已準備)
2025-07-17 00:52:49 [INFO] AutoProgram:trigger_flow1:518 - Flow1已觸發 (第406次)
2025-07-17 00:52:49 [INFO] AutoProgram:trigger_flow1:519 - Flow1將從AutoProgram寄存器讀取座標
2025-07-17 00:52:49 [INFO] AutoProgram:coordination_cycle:664 - Flow1已觸發 (座標已準備)
2025-07-17 00:52:49 [DEBUG] AutoProgram:coordination_cycle:607 - prepare_done=False，開始處理新週期
2025-07-17 00:52:49 [DEBUG] AutoProgram:coordination_cycle:660 - 座標已準備，檢查Flow1觸發狀態...
2025-07-17 00:52:49 [INFO] AutoProgram:trigger_flow1:502 - 觸發Flow1取料作業
2025-07-17 00:52:49 [INFO] AutoProgram:trigger_flow1:503 - 目標座標: (-75.81, 308.98)
2025-07-17 00:52:50 [DEBUG] AutoProgram:coordination_cycle:607 - prepare_done=False，開始處理新週期
2025-07-17 00:52:50 [DEBUG] AutoProgram:coordination_cycle:660 - 座標已準備，檢查Flow1觸發狀態...
2025-07-17 00:52:50 [INFO] AutoProgram:trigger_flow1:502 - 觸發Flow1取料作業
2025-07-17 00:52:50 [INFO] AutoProgram:trigger_flow1:503 - 目標座標: (-75.81, 308.98)
2025-07-17 00:52:50 [INFO] AutoProgram:trigger_flow1:518 - Flow1已觸發 (第407次)
2025-07-17 00:52:50 [INFO] AutoProgram:trigger_flow1:519 - Flow1將從AutoProgram寄存器讀取座標
2025-07-17 00:52:50 [INFO] AutoProgram:coordination_cycle:664 - Flow1已觸發 (座標已準備)
2025-07-17 00:52:50 [INFO] AutoProgram:trigger_flow1:518 - Flow1已觸發 (第408次)
2025-07-17 00:52:50 [INFO] AutoProgram:trigger_flow1:519 - Flow1將從AutoProgram寄存器讀取座標
2025-07-17 00:52:50 [INFO] AutoProgram:coordination_cycle:664 - Flow1已觸發 (座標已準備)
2025-07-17 00:52:50 [DEBUG] AutoProgram:coordination_cycle:607 - prepare_done=False，開始處理新週期
2025-07-17 00:52:50 [DEBUG] AutoProgram:coordination_cycle:660 - 座標已準備，檢查Flow1觸發狀態...
2025-07-17 00:52:50 [INFO] AutoProgram:trigger_flow1:502 - 觸發Flow1取料作業
2025-07-17 00:52:50 [INFO] AutoProgram:trigger_flow1:503 - 目標座標: (-75.81, 308.98)
2025-07-17 00:52:50 [DEBUG] AutoProgram:coordination_cycle:607 - prepare_done=False，開始處理新週期
2025-07-17 00:52:50 [DEBUG] AutoProgram:coordination_cycle:660 - 座標已準備，檢查Flow1觸發狀態...
2025-07-17 00:52:50 [INFO] AutoProgram:trigger_flow1:502 - 觸發Flow1取料作業
2025-07-17 00:52:50 [INFO] AutoProgram:trigger_flow1:503 - 目標座標: (-75.81, 308.98)
2025-07-17 00:52:50 [INFO] AutoProgram:trigger_flow1:518 - Flow1已觸發 (第409次)
2025-07-17 00:52:50 [INFO] AutoProgram:trigger_flow1:519 - Flow1將從AutoProgram寄存器讀取座標
2025-07-17 00:52:50 [INFO] AutoProgram:coordination_cycle:664 - Flow1已觸發 (座標已準備)
2025-07-17 00:52:50 [INFO] AutoProgram:trigger_flow1:518 - Flow1已觸發 (第410次)
2025-07-17 00:52:50 [INFO] AutoProgram:trigger_flow1:519 - Flow1將從AutoProgram寄存器讀取座標
2025-07-17 00:52:50 [INFO] AutoProgram:coordination_cycle:664 - Flow1已觸發 (座標已準備)
2025-07-17 00:52:50 [DEBUG] AutoProgram:coordination_cycle:607 - prepare_done=False，開始處理新週期
2025-07-17 00:52:50 [DEBUG] AutoProgram:coordination_cycle:660 - 座標已準備，檢查Flow1觸發狀態...
2025-07-17 00:52:50 [INFO] AutoProgram:trigger_flow1:502 - 觸發Flow1取料作業
2025-07-17 00:52:50 [INFO] AutoProgram:trigger_flow1:503 - 目標座標: (-75.81, 308.98)
2025-07-17 00:52:50 [DEBUG] AutoProgram:coordination_cycle:607 - prepare_done=False，開始處理新週期
2025-07-17 00:52:50 [DEBUG] AutoProgram:coordination_cycle:660 - 座標已準備，檢查Flow1觸發狀態...
2025-07-17 00:52:50 [INFO] AutoProgram:trigger_flow1:502 - 觸發Flow1取料作業
2025-07-17 00:52:50 [INFO] AutoProgram:trigger_flow1:503 - 目標座標: (-75.81, 308.98)
2025-07-17 00:52:50 [INFO] AutoProgram:trigger_flow1:518 - Flow1已觸發 (第411次)
2025-07-17 00:52:50 [INFO] AutoProgram:trigger_flow1:519 - Flow1將從AutoProgram寄存器讀取座標
2025-07-17 00:52:50 [INFO] AutoProgram:coordination_cycle:664 - Flow1已觸發 (座標已準備)
2025-07-17 00:52:50 [INFO] AutoProgram:trigger_flow1:518 - Flow1已觸發 (第412次)
2025-07-17 00:52:50 [INFO] AutoProgram:trigger_flow1:519 - Flow1將從AutoProgram寄存器讀取座標
2025-07-17 00:52:50 [INFO] AutoProgram:coordination_cycle:664 - Flow1已觸發 (座標已準備)
2025-07-17 00:52:50 [DEBUG] AutoProgram:coordination_cycle:607 - prepare_done=False，開始處理新週期
2025-07-17 00:52:50 [DEBUG] AutoProgram:coordination_cycle:660 - 座標已準備，檢查Flow1觸發狀態...
2025-07-17 00:52:50 [INFO] AutoProgram:trigger_flow1:502 - 觸發Flow1取料作業
2025-07-17 00:52:50 [INFO] AutoProgram:trigger_flow1:503 - 目標座標: (-75.81, 308.98)
2025-07-17 00:52:50 [DEBUG] AutoProgram:coordination_cycle:607 - prepare_done=False，開始處理新週期
2025-07-17 00:52:50 [DEBUG] AutoProgram:coordination_cycle:660 - 座標已準備，檢查Flow1觸發狀態...
2025-07-17 00:52:50 [INFO] AutoProgram:trigger_flow1:502 - 觸發Flow1取料作業
2025-07-17 00:52:50 [INFO] AutoProgram:trigger_flow1:503 - 目標座標: (-75.81, 308.98)
2025-07-17 00:52:51 [INFO] AutoProgram:trigger_flow1:518 - Flow1已觸發 (第413次)
2025-07-17 00:52:51 [INFO] AutoProgram:trigger_flow1:519 - Flow1將從AutoProgram寄存器讀取座標
2025-07-17 00:52:51 [INFO] AutoProgram:coordination_cycle:664 - Flow1已觸發 (座標已準備)
2025-07-17 00:52:51 [INFO] AutoProgram:trigger_flow1:518 - Flow1已觸發 (第414次)
2025-07-17 00:52:51 [INFO] AutoProgram:trigger_flow1:519 - Flow1將從AutoProgram寄存器讀取座標
2025-07-17 00:52:51 [INFO] AutoProgram:coordination_cycle:664 - Flow1已觸發 (座標已準備)
2025-07-17 00:52:51 [DEBUG] AutoProgram:coordination_cycle:607 - prepare_done=False，開始處理新週期
2025-07-17 00:52:51 [DEBUG] AutoProgram:coordination_cycle:660 - 座標已準備，檢查Flow1觸發狀態...
2025-07-17 00:52:51 [INFO] AutoProgram:trigger_flow1:502 - 觸發Flow1取料作業
2025-07-17 00:52:51 [INFO] AutoProgram:trigger_flow1:503 - 目標座標: (-75.81, 308.98)
2025-07-17 00:52:51 [DEBUG] AutoProgram:coordination_cycle:607 - prepare_done=False，開始處理新週期
2025-07-17 00:52:51 [DEBUG] AutoProgram:coordination_cycle:660 - 座標已準備，檢查Flow1觸發狀態...
2025-07-17 00:52:51 [INFO] AutoProgram:trigger_flow1:502 - 觸發Flow1取料作業
2025-07-17 00:52:51 [INFO] AutoProgram:trigger_flow1:503 - 目標座標: (-75.81, 308.98)
2025-07-17 00:52:51 [INFO] AutoProgram:trigger_flow1:518 - Flow1已觸發 (第415次)
2025-07-17 00:52:51 [INFO] AutoProgram:trigger_flow1:519 - Flow1將從AutoProgram寄存器讀取座標
2025-07-17 00:52:51 [INFO] AutoProgram:coordination_cycle:664 - Flow1已觸發 (座標已準備)
2025-07-17 00:52:51 [INFO] AutoProgram:trigger_flow1:518 - Flow1已觸發 (第416次)
2025-07-17 00:52:51 [INFO] AutoProgram:trigger_flow1:519 - Flow1將從AutoProgram寄存器讀取座標
2025-07-17 00:52:51 [INFO] AutoProgram:coordination_cycle:664 - Flow1已觸發 (座標已準備)
2025-07-17 00:52:51 [DEBUG] AutoProgram:coordination_cycle:607 - prepare_done=False，開始處理新週期
2025-07-17 00:52:51 [DEBUG] AutoProgram:coordination_cycle:660 - 座標已準備，檢查Flow1觸發狀態...
2025-07-17 00:52:51 [INFO] AutoProgram:trigger_flow1:502 - 觸發Flow1取料作業
2025-07-17 00:52:51 [INFO] AutoProgram:trigger_flow1:503 - 目標座標: (-75.81, 308.98)
2025-07-17 00:52:51 [DEBUG] AutoProgram:coordination_cycle:607 - prepare_done=False，開始處理新週期
2025-07-17 00:52:51 [DEBUG] AutoProgram:coordination_cycle:660 - 座標已準備，檢查Flow1觸發狀態...
2025-07-17 00:52:51 [INFO] AutoProgram:trigger_flow1:502 - 觸發Flow1取料作業
2025-07-17 00:52:51 [INFO] AutoProgram:trigger_flow1:503 - 目標座標: (-75.81, 308.98)
2025-07-17 00:52:51 [INFO] AutoProgram:trigger_flow1:518 - Flow1已觸發 (第417次)
2025-07-17 00:52:51 [INFO] AutoProgram:trigger_flow1:519 - Flow1將從AutoProgram寄存器讀取座標
2025-07-17 00:52:51 [INFO] AutoProgram:coordination_cycle:664 - Flow1已觸發 (座標已準備)
2025-07-17 00:52:51 [INFO] AutoProgram:trigger_flow1:518 - Flow1已觸發 (第418次)
2025-07-17 00:52:51 [INFO] AutoProgram:trigger_flow1:519 - Flow1將從AutoProgram寄存器讀取座標
2025-07-17 00:52:51 [INFO] AutoProgram:coordination_cycle:664 - Flow1已觸發 (座標已準備)
2025-07-17 00:52:51 [DEBUG] AutoProgram:coordination_cycle:607 - prepare_done=False，開始處理新週期
2025-07-17 00:52:51 [DEBUG] AutoProgram:coordination_cycle:660 - 座標已準備，檢查Flow1觸發狀態...
2025-07-17 00:52:51 [INFO] AutoProgram:trigger_flow1:502 - 觸發Flow1取料作業
2025-07-17 00:52:51 [INFO] AutoProgram:trigger_flow1:503 - 目標座標: (-75.81, 308.98)
2025-07-17 00:52:51 [DEBUG] AutoProgram:coordination_cycle:607 - prepare_done=False，開始處理新週期
2025-07-17 00:52:51 [DEBUG] AutoProgram:coordination_cycle:660 - 座標已準備，檢查Flow1觸發狀態...
2025-07-17 00:52:51 [INFO] AutoProgram:trigger_flow1:502 - 觸發Flow1取料作業
2025-07-17 00:52:51 [INFO] AutoProgram:trigger_flow1:503 - 目標座標: (-75.81, 308.98)
2025-07-17 00:52:51 [INFO] AutoProgram:trigger_flow1:518 - Flow1已觸發 (第419次)
2025-07-17 00:52:51 [INFO] AutoProgram:trigger_flow1:519 - Flow1將從AutoProgram寄存器讀取座標
2025-07-17 00:52:51 [INFO] AutoProgram:coordination_cycle:664 - Flow1已觸發 (座標已準備)
2025-07-17 00:52:51 [INFO] AutoProgram:trigger_flow1:518 - Flow1已觸發 (第420次)
2025-07-17 00:52:51 [INFO] AutoProgram:trigger_flow1:519 - Flow1將從AutoProgram寄存器讀取座標
2025-07-17 00:52:51 [INFO] AutoProgram:coordination_cycle:664 - Flow1已觸發 (座標已準備)
2025-07-17 00:52:52 [DEBUG] AutoProgram:coordination_cycle:607 - prepare_done=False，開始處理新週期
2025-07-17 00:52:52 [DEBUG] AutoProgram:coordination_cycle:660 - 座標已準備，檢查Flow1觸發狀態...
2025-07-17 00:52:52 [INFO] AutoProgram:trigger_flow1:502 - 觸發Flow1取料作業
2025-07-17 00:52:52 [INFO] AutoProgram:trigger_flow1:503 - 目標座標: (-75.81, 308.98)
2025-07-17 00:52:52 [DEBUG] AutoProgram:coordination_cycle:607 - prepare_done=False，開始處理新週期
2025-07-17 00:52:52 [DEBUG] AutoProgram:coordination_cycle:660 - 座標已準備，檢查Flow1觸發狀態...
2025-07-17 00:52:52 [INFO] AutoProgram:trigger_flow1:502 - 觸發Flow1取料作業
2025-07-17 00:52:52 [INFO] AutoProgram:trigger_flow1:503 - 目標座標: (-75.81, 308.98)
2025-07-17 00:52:52 [INFO] AutoProgram:trigger_flow1:518 - Flow1已觸發 (第421次)
2025-07-17 00:52:52 [INFO] AutoProgram:trigger_flow1:519 - Flow1將從AutoProgram寄存器讀取座標
2025-07-17 00:52:52 [INFO] AutoProgram:coordination_cycle:664 - Flow1已觸發 (座標已準備)
2025-07-17 00:52:52 [INFO] AutoProgram:trigger_flow1:518 - Flow1已觸發 (第422次)
2025-07-17 00:52:52 [INFO] AutoProgram:trigger_flow1:519 - Flow1將從AutoProgram寄存器讀取座標
2025-07-17 00:52:52 [INFO] AutoProgram:coordination_cycle:664 - Flow1已觸發 (座標已準備)
2025-07-17 00:52:52 [DEBUG] AutoProgram:coordination_cycle:607 - prepare_done=False，開始處理新週期
2025-07-17 00:52:52 [DEBUG] AutoProgram:coordination_cycle:660 - 座標已準備，檢查Flow1觸發狀態...
2025-07-17 00:52:52 [INFO] AutoProgram:trigger_flow1:502 - 觸發Flow1取料作業
2025-07-17 00:52:52 [INFO] AutoProgram:trigger_flow1:503 - 目標座標: (-75.81, 308.98)
2025-07-17 00:52:52 [DEBUG] AutoProgram:coordination_cycle:607 - prepare_done=False，開始處理新週期
2025-07-17 00:52:52 [DEBUG] AutoProgram:coordination_cycle:660 - 座標已準備，檢查Flow1觸發狀態...
2025-07-17 00:52:52 [INFO] AutoProgram:trigger_flow1:502 - 觸發Flow1取料作業
2025-07-17 00:52:52 [INFO] AutoProgram:trigger_flow1:503 - 目標座標: (-75.81, 308.98)
2025-07-17 00:52:52 [INFO] AutoProgram:trigger_flow1:518 - Flow1已觸發 (第423次)
2025-07-17 00:52:52 [INFO] AutoProgram:trigger_flow1:519 - Flow1將從AutoProgram寄存器讀取座標
2025-07-17 00:52:52 [INFO] AutoProgram:coordination_cycle:664 - Flow1已觸發 (座標已準備)
2025-07-17 00:52:52 [INFO] AutoProgram:trigger_flow1:518 - Flow1已觸發 (第424次)
2025-07-17 00:52:52 [INFO] AutoProgram:trigger_flow1:519 - Flow1將從AutoProgram寄存器讀取座標
2025-07-17 00:52:52 [INFO] AutoProgram:coordination_cycle:664 - Flow1已觸發 (座標已準備)
2025-07-17 00:52:52 [DEBUG] AutoProgram:coordination_cycle:607 - prepare_done=False，開始處理新週期
2025-07-17 00:52:52 [DEBUG] AutoProgram:coordination_cycle:660 - 座標已準備，檢查Flow1觸發狀態...
2025-07-17 00:52:52 [INFO] AutoProgram:trigger_flow1:502 - 觸發Flow1取料作業
2025-07-17 00:52:52 [INFO] AutoProgram:trigger_flow1:503 - 目標座標: (-75.81, 308.98)
2025-07-17 00:52:52 [DEBUG] AutoProgram:coordination_cycle:607 - prepare_done=False，開始處理新週期
2025-07-17 00:52:52 [DEBUG] AutoProgram:coordination_cycle:660 - 座標已準備，檢查Flow1觸發狀態...
2025-07-17 00:52:52 [INFO] AutoProgram:trigger_flow1:502 - 觸發Flow1取料作業
2025-07-17 00:52:52 [INFO] AutoProgram:trigger_flow1:503 - 目標座標: (-75.81, 308.98)
2025-07-17 00:52:52 [INFO] AutoProgram:trigger_flow1:518 - Flow1已觸發 (第425次)
2025-07-17 00:52:52 [INFO] AutoProgram:trigger_flow1:519 - Flow1將從AutoProgram寄存器讀取座標
2025-07-17 00:52:52 [INFO] AutoProgram:coordination_cycle:664 - Flow1已觸發 (座標已準備)
2025-07-17 00:52:52 [INFO] AutoProgram:trigger_flow1:518 - Flow1已觸發 (第426次)
2025-07-17 00:52:52 [INFO] AutoProgram:trigger_flow1:519 - Flow1將從AutoProgram寄存器讀取座標
2025-07-17 00:52:52 [INFO] AutoProgram:coordination_cycle:664 - Flow1已觸發 (座標已準備)
2025-07-17 00:52:53 [DEBUG] AutoProgram:coordination_cycle:607 - prepare_done=False，開始處理新週期
2025-07-17 00:52:53 [DEBUG] AutoProgram:coordination_cycle:660 - 座標已準備，檢查Flow1觸發狀態...
2025-07-17 00:52:53 [INFO] AutoProgram:trigger_flow1:502 - 觸發Flow1取料作業
2025-07-17 00:52:53 [INFO] AutoProgram:trigger_flow1:503 - 目標座標: (-75.81, 308.98)
2025-07-17 00:52:53 [DEBUG] AutoProgram:coordination_cycle:607 - prepare_done=False，開始處理新週期
2025-07-17 00:52:53 [DEBUG] AutoProgram:coordination_cycle:660 - 座標已準備，檢查Flow1觸發狀態...
2025-07-17 00:52:53 [INFO] AutoProgram:trigger_flow1:502 - 觸發Flow1取料作業
2025-07-17 00:52:53 [INFO] AutoProgram:trigger_flow1:503 - 目標座標: (-75.81, 308.98)
2025-07-17 00:52:53 [INFO] AutoProgram:trigger_flow1:518 - Flow1已觸發 (第427次)
2025-07-17 00:52:53 [INFO] AutoProgram:trigger_flow1:519 - Flow1將從AutoProgram寄存器讀取座標
2025-07-17 00:52:53 [INFO] AutoProgram:coordination_cycle:664 - Flow1已觸發 (座標已準備)
2025-07-17 00:52:53 [INFO] AutoProgram:trigger_flow1:518 - Flow1已觸發 (第428次)
2025-07-17 00:52:53 [INFO] AutoProgram:trigger_flow1:519 - Flow1將從AutoProgram寄存器讀取座標
2025-07-17 00:52:53 [INFO] AutoProgram:coordination_cycle:664 - Flow1已觸發 (座標已準備)
2025-07-17 00:52:53 [DEBUG] AutoProgram:coordination_cycle:607 - prepare_done=False，開始處理新週期
2025-07-17 00:52:53 [DEBUG] AutoProgram:coordination_cycle:660 - 座標已準備，檢查Flow1觸發狀態...
2025-07-17 00:52:53 [INFO] AutoProgram:trigger_flow1:502 - 觸發Flow1取料作業
2025-07-17 00:52:53 [INFO] AutoProgram:trigger_flow1:503 - 目標座標: (-75.81, 308.98)
2025-07-17 00:52:53 [DEBUG] AutoProgram:coordination_cycle:607 - prepare_done=False，開始處理新週期
2025-07-17 00:52:53 [DEBUG] AutoProgram:coordination_cycle:660 - 座標已準備，檢查Flow1觸發狀態...
2025-07-17 00:52:53 [INFO] AutoProgram:trigger_flow1:502 - 觸發Flow1取料作業
2025-07-17 00:52:53 [INFO] AutoProgram:trigger_flow1:503 - 目標座標: (-75.81, 308.98)
2025-07-17 00:52:53 [INFO] AutoProgram:trigger_flow1:518 - Flow1已觸發 (第429次)
2025-07-17 00:52:53 [INFO] AutoProgram:trigger_flow1:519 - Flow1將從AutoProgram寄存器讀取座標
2025-07-17 00:52:53 [INFO] AutoProgram:coordination_cycle:664 - Flow1已觸發 (座標已準備)
2025-07-17 00:52:53 [INFO] AutoProgram:trigger_flow1:518 - Flow1已觸發 (第430次)
2025-07-17 00:52:53 [INFO] AutoProgram:trigger_flow1:519 - Flow1將從AutoProgram寄存器讀取座標
2025-07-17 00:52:53 [INFO] AutoProgram:coordination_cycle:664 - Flow1已觸發 (座標已準備)
2025-07-17 00:52:53 [DEBUG] AutoProgram:coordination_cycle:607 - prepare_done=False，開始處理新週期
2025-07-17 00:52:53 [DEBUG] AutoProgram:coordination_cycle:660 - 座標已準備，檢查Flow1觸發狀態...
2025-07-17 00:52:53 [INFO] AutoProgram:trigger_flow1:502 - 觸發Flow1取料作業
2025-07-17 00:52:53 [INFO] AutoProgram:trigger_flow1:503 - 目標座標: (-75.81, 308.98)
2025-07-17 00:52:53 [DEBUG] AutoProgram:coordination_cycle:607 - prepare_done=False，開始處理新週期
2025-07-17 00:52:53 [DEBUG] AutoProgram:coordination_cycle:660 - 座標已準備，檢查Flow1觸發狀態...
2025-07-17 00:52:53 [INFO] AutoProgram:trigger_flow1:502 - 觸發Flow1取料作業
2025-07-17 00:52:53 [INFO] AutoProgram:trigger_flow1:503 - 目標座標: (-75.81, 308.98)
2025-07-17 00:52:53 [INFO] AutoProgram:trigger_flow1:518 - Flow1已觸發 (第431次)
2025-07-17 00:52:53 [INFO] AutoProgram:trigger_flow1:519 - Flow1將從AutoProgram寄存器讀取座標
2025-07-17 00:52:53 [INFO] AutoProgram:coordination_cycle:664 - Flow1已觸發 (座標已準備)
2025-07-17 00:52:53 [INFO] AutoProgram:trigger_flow1:518 - Flow1已觸發 (第432次)
2025-07-17 00:52:53 [INFO] AutoProgram:trigger_flow1:519 - Flow1將從AutoProgram寄存器讀取座標
2025-07-17 00:52:53 [INFO] AutoProgram:coordination_cycle:664 - Flow1已觸發 (座標已準備)
2025-07-17 00:52:53 [DEBUG] AutoProgram:coordination_cycle:607 - prepare_done=False，開始處理新週期
2025-07-17 00:52:53 [DEBUG] AutoProgram:coordination_cycle:660 - 座標已準備，檢查Flow1觸發狀態...
2025-07-17 00:52:53 [INFO] AutoProgram:trigger_flow1:502 - 觸發Flow1取料作業
2025-07-17 00:52:53 [INFO] AutoProgram:trigger_flow1:503 - 目標座標: (-75.81, 308.98)
2025-07-17 00:52:53 [DEBUG] AutoProgram:coordination_cycle:607 - prepare_done=False，開始處理新週期
2025-07-17 00:52:53 [DEBUG] AutoProgram:coordination_cycle:660 - 座標已準備，檢查Flow1觸發狀態...
2025-07-17 00:52:53 [INFO] AutoProgram:trigger_flow1:502 - 觸發Flow1取料作業
2025-07-17 00:52:53 [INFO] AutoProgram:trigger_flow1:503 - 目標座標: (-75.81, 308.98)
2025-07-17 00:52:54 [INFO] AutoProgram:trigger_flow1:518 - Flow1已觸發 (第433次)
2025-07-17 00:52:54 [INFO] AutoProgram:trigger_flow1:519 - Flow1將從AutoProgram寄存器讀取座標
2025-07-17 00:52:54 [INFO] AutoProgram:coordination_cycle:664 - Flow1已觸發 (座標已準備)
2025-07-17 00:52:54 [INFO] AutoProgram:trigger_flow1:518 - Flow1已觸發 (第434次)
2025-07-17 00:52:54 [INFO] AutoProgram:trigger_flow1:519 - Flow1將從AutoProgram寄存器讀取座標
2025-07-17 00:52:54 [INFO] AutoProgram:coordination_cycle:664 - Flow1已觸發 (座標已準備)
2025-07-17 00:52:54 [DEBUG] AutoProgram:coordination_cycle:607 - prepare_done=False，開始處理新週期
2025-07-17 00:52:54 [DEBUG] AutoProgram:coordination_cycle:660 - 座標已準備，檢查Flow1觸發狀態...
2025-07-17 00:52:54 [INFO] AutoProgram:trigger_flow1:502 - 觸發Flow1取料作業
2025-07-17 00:52:54 [INFO] AutoProgram:trigger_flow1:503 - 目標座標: (-75.81, 308.98)
2025-07-17 00:52:54 [DEBUG] AutoProgram:coordination_cycle:607 - prepare_done=False，開始處理新週期
2025-07-17 00:52:54 [DEBUG] AutoProgram:coordination_cycle:660 - 座標已準備，檢查Flow1觸發狀態...
2025-07-17 00:52:54 [INFO] AutoProgram:trigger_flow1:502 - 觸發Flow1取料作業
2025-07-17 00:52:54 [INFO] AutoProgram:trigger_flow1:503 - 目標座標: (-75.81, 308.98)
2025-07-17 00:52:54 [INFO] AutoProgram:trigger_flow1:518 - Flow1已觸發 (第435次)
2025-07-17 00:52:54 [INFO] AutoProgram:trigger_flow1:519 - Flow1將從AutoProgram寄存器讀取座標
2025-07-17 00:52:54 [INFO] AutoProgram:coordination_cycle:664 - Flow1已觸發 (座標已準備)
2025-07-17 00:52:54 [INFO] AutoProgram:trigger_flow1:518 - Flow1已觸發 (第436次)
2025-07-17 00:52:54 [INFO] AutoProgram:trigger_flow1:519 - Flow1將從AutoProgram寄存器讀取座標
2025-07-17 00:52:54 [INFO] AutoProgram:coordination_cycle:664 - Flow1已觸發 (座標已準備)
2025-07-17 00:52:54 [DEBUG] AutoProgram:coordination_cycle:607 - prepare_done=False，開始處理新週期
2025-07-17 00:52:54 [DEBUG] AutoProgram:coordination_cycle:660 - 座標已準備，檢查Flow1觸發狀態...
2025-07-17 00:52:54 [INFO] AutoProgram:trigger_flow1:502 - 觸發Flow1取料作業
2025-07-17 00:52:54 [INFO] AutoProgram:trigger_flow1:503 - 目標座標: (-75.81, 308.98)
2025-07-17 00:52:54 [DEBUG] AutoProgram:coordination_cycle:607 - prepare_done=False，開始處理新週期
2025-07-17 00:52:54 [DEBUG] AutoProgram:coordination_cycle:660 - 座標已準備，檢查Flow1觸發狀態...
2025-07-17 00:52:54 [INFO] AutoProgram:trigger_flow1:502 - 觸發Flow1取料作業
2025-07-17 00:52:54 [INFO] AutoProgram:trigger_flow1:503 - 目標座標: (-75.81, 308.98)
2025-07-17 00:52:54 [INFO] AutoProgram:trigger_flow1:518 - Flow1已觸發 (第437次)
2025-07-17 00:52:54 [INFO] AutoProgram:trigger_flow1:519 - Flow1將從AutoProgram寄存器讀取座標
2025-07-17 00:52:54 [INFO] AutoProgram:coordination_cycle:664 - Flow1已觸發 (座標已準備)
2025-07-17 00:52:54 [INFO] AutoProgram:trigger_flow1:518 - Flow1已觸發 (第438次)
2025-07-17 00:52:54 [INFO] AutoProgram:trigger_flow1:519 - Flow1將從AutoProgram寄存器讀取座標
2025-07-17 00:52:54 [INFO] AutoProgram:coordination_cycle:664 - Flow1已觸發 (座標已準備)
2025-07-17 00:52:54 [DEBUG] AutoProgram:coordination_cycle:607 - prepare_done=False，開始處理新週期
2025-07-17 00:52:54 [DEBUG] AutoProgram:coordination_cycle:660 - 座標已準備，檢查Flow1觸發狀態...
2025-07-17 00:52:54 [INFO] AutoProgram:trigger_flow1:502 - 觸發Flow1取料作業
2025-07-17 00:52:54 [INFO] AutoProgram:trigger_flow1:503 - 目標座標: (-75.81, 308.98)
2025-07-17 00:52:54 [DEBUG] AutoProgram:coordination_cycle:607 - prepare_done=False，開始處理新週期
2025-07-17 00:52:54 [DEBUG] AutoProgram:coordination_cycle:660 - 座標已準備，檢查Flow1觸發狀態...
2025-07-17 00:52:54 [INFO] AutoProgram:trigger_flow1:502 - 觸發Flow1取料作業
2025-07-17 00:52:54 [INFO] AutoProgram:trigger_flow1:503 - 目標座標: (-75.81, 308.98)
2025-07-17 00:52:54 [INFO] AutoProgram:trigger_flow1:518 - Flow1已觸發 (第439次)
2025-07-17 00:52:54 [INFO] AutoProgram:trigger_flow1:519 - Flow1將從AutoProgram寄存器讀取座標
2025-07-17 00:52:54 [INFO] AutoProgram:coordination_cycle:664 - Flow1已觸發 (座標已準備)
2025-07-17 00:52:54 [INFO] AutoProgram:trigger_flow1:518 - Flow1已觸發 (第440次)
2025-07-17 00:52:54 [INFO] AutoProgram:trigger_flow1:519 - Flow1將從AutoProgram寄存器讀取座標
2025-07-17 00:52:54 [INFO] AutoProgram:coordination_cycle:664 - Flow1已觸發 (座標已準備)
2025-07-17 00:52:55 [DEBUG] AutoProgram:coordination_cycle:607 - prepare_done=False，開始處理新週期
2025-07-17 00:52:55 [DEBUG] AutoProgram:coordination_cycle:660 - 座標已準備，檢查Flow1觸發狀態...
2025-07-17 00:52:55 [INFO] AutoProgram:trigger_flow1:502 - 觸發Flow1取料作業
2025-07-17 00:52:55 [INFO] AutoProgram:trigger_flow1:503 - 目標座標: (-75.81, 308.98)
2025-07-17 00:52:55 [DEBUG] AutoProgram:coordination_cycle:607 - prepare_done=False，開始處理新週期
2025-07-17 00:52:55 [DEBUG] AutoProgram:coordination_cycle:660 - 座標已準備，檢查Flow1觸發狀態...
2025-07-17 00:52:55 [INFO] AutoProgram:trigger_flow1:502 - 觸發Flow1取料作業
2025-07-17 00:52:55 [INFO] AutoProgram:trigger_flow1:503 - 目標座標: (-75.81, 308.98)
2025-07-17 00:52:55 [INFO] AutoProgram:trigger_flow1:518 - Flow1已觸發 (第441次)
2025-07-17 00:52:55 [INFO] AutoProgram:trigger_flow1:519 - Flow1將從AutoProgram寄存器讀取座標
2025-07-17 00:52:55 [INFO] AutoProgram:coordination_cycle:664 - Flow1已觸發 (座標已準備)
2025-07-17 00:52:55 [INFO] AutoProgram:trigger_flow1:518 - Flow1已觸發 (第442次)
2025-07-17 00:52:55 [INFO] AutoProgram:trigger_flow1:519 - Flow1將從AutoProgram寄存器讀取座標
2025-07-17 00:52:55 [INFO] AutoProgram:coordination_cycle:664 - Flow1已觸發 (座標已準備)
2025-07-17 00:52:55 [DEBUG] AutoProgram:coordination_cycle:607 - prepare_done=False，開始處理新週期
2025-07-17 00:52:55 [DEBUG] AutoProgram:coordination_cycle:660 - 座標已準備，檢查Flow1觸發狀態...
2025-07-17 00:52:55 [INFO] AutoProgram:trigger_flow1:502 - 觸發Flow1取料作業
2025-07-17 00:52:55 [INFO] AutoProgram:trigger_flow1:503 - 目標座標: (-75.81, 308.98)
2025-07-17 00:52:55 [DEBUG] AutoProgram:coordination_cycle:607 - prepare_done=False，開始處理新週期
2025-07-17 00:52:55 [DEBUG] AutoProgram:coordination_cycle:660 - 座標已準備，檢查Flow1觸發狀態...
2025-07-17 00:52:55 [INFO] AutoProgram:trigger_flow1:502 - 觸發Flow1取料作業
2025-07-17 00:52:55 [INFO] AutoProgram:trigger_flow1:503 - 目標座標: (-75.81, 308.98)
2025-07-17 00:52:55 [INFO] AutoProgram:trigger_flow1:518 - Flow1已觸發 (第443次)
2025-07-17 00:52:55 [INFO] AutoProgram:trigger_flow1:519 - Flow1將從AutoProgram寄存器讀取座標
2025-07-17 00:52:55 [INFO] AutoProgram:coordination_cycle:664 - Flow1已觸發 (座標已準備)
2025-07-17 00:52:55 [INFO] AutoProgram:trigger_flow1:518 - Flow1已觸發 (第444次)
2025-07-17 00:52:55 [INFO] AutoProgram:trigger_flow1:519 - Flow1將從AutoProgram寄存器讀取座標
2025-07-17 00:52:55 [INFO] AutoProgram:coordination_cycle:664 - Flow1已觸發 (座標已準備)
2025-07-17 00:52:55 [DEBUG] AutoProgram:coordination_cycle:607 - prepare_done=False，開始處理新週期
2025-07-17 00:52:55 [DEBUG] AutoProgram:coordination_cycle:660 - 座標已準備，檢查Flow1觸發狀態...
2025-07-17 00:52:55 [INFO] AutoProgram:trigger_flow1:502 - 觸發Flow1取料作業
2025-07-17 00:52:55 [INFO] AutoProgram:trigger_flow1:503 - 目標座標: (-75.81, 308.98)
2025-07-17 00:52:55 [DEBUG] AutoProgram:coordination_cycle:607 - prepare_done=False，開始處理新週期
2025-07-17 00:52:55 [DEBUG] AutoProgram:coordination_cycle:660 - 座標已準備，檢查Flow1觸發狀態...
2025-07-17 00:52:55 [INFO] AutoProgram:trigger_flow1:502 - 觸發Flow1取料作業
2025-07-17 00:52:55 [INFO] AutoProgram:trigger_flow1:503 - 目標座標: (-75.81, 308.98)
2025-07-17 00:52:55 [INFO] AutoProgram:trigger_flow1:518 - Flow1已觸發 (第445次)
2025-07-17 00:52:55 [INFO] AutoProgram:trigger_flow1:519 - Flow1將從AutoProgram寄存器讀取座標
2025-07-17 00:52:55 [INFO] AutoProgram:coordination_cycle:664 - Flow1已觸發 (座標已準備)
2025-07-17 00:52:55 [INFO] AutoProgram:trigger_flow1:518 - Flow1已觸發 (第446次)
2025-07-17 00:52:55 [INFO] AutoProgram:trigger_flow1:519 - Flow1將從AutoProgram寄存器讀取座標
2025-07-17 00:52:55 [INFO] AutoProgram:coordination_cycle:664 - Flow1已觸發 (座標已準備)
2025-07-17 00:52:56 [DEBUG] AutoProgram:coordination_cycle:607 - prepare_done=False，開始處理新週期
2025-07-17 00:52:56 [DEBUG] AutoProgram:coordination_cycle:660 - 座標已準備，檢查Flow1觸發狀態...
2025-07-17 00:52:56 [INFO] AutoProgram:trigger_flow1:502 - 觸發Flow1取料作業
2025-07-17 00:52:56 [INFO] AutoProgram:trigger_flow1:503 - 目標座標: (-75.81, 308.98)
2025-07-17 00:52:56 [DEBUG] AutoProgram:coordination_cycle:607 - prepare_done=False，開始處理新週期
2025-07-17 00:52:56 [DEBUG] AutoProgram:coordination_cycle:660 - 座標已準備，檢查Flow1觸發狀態...
2025-07-17 00:52:56 [INFO] AutoProgram:trigger_flow1:502 - 觸發Flow1取料作業
2025-07-17 00:52:56 [INFO] AutoProgram:trigger_flow1:503 - 目標座標: (-75.81, 308.98)
2025-07-17 00:52:56 [INFO] AutoProgram:trigger_flow1:518 - Flow1已觸發 (第447次)
2025-07-17 00:52:56 [INFO] AutoProgram:trigger_flow1:519 - Flow1將從AutoProgram寄存器讀取座標
2025-07-17 00:52:56 [INFO] AutoProgram:coordination_cycle:664 - Flow1已觸發 (座標已準備)
2025-07-17 00:52:56 [INFO] AutoProgram:trigger_flow1:518 - Flow1已觸發 (第448次)
2025-07-17 00:52:56 [INFO] AutoProgram:trigger_flow1:519 - Flow1將從AutoProgram寄存器讀取座標
2025-07-17 00:52:56 [INFO] AutoProgram:coordination_cycle:664 - Flow1已觸發 (座標已準備)
2025-07-17 00:52:56 [DEBUG] AutoProgram:coordination_cycle:575 - 週期450: prepare_done=False, coords_ready=True, Flow1運行中=False, DR_F可用=True, 自動程序啟用=True
2025-07-17 00:52:56 [DEBUG] AutoProgram:coordination_cycle:607 - prepare_done=False，開始處理新週期
2025-07-17 00:52:56 [DEBUG] AutoProgram:coordination_cycle:660 - 座標已準備，檢查Flow1觸發狀態...
2025-07-17 00:52:56 [INFO] AutoProgram:trigger_flow1:502 - 觸發Flow1取料作業
2025-07-17 00:52:56 [INFO] AutoProgram:trigger_flow1:503 - 目標座標: (-75.81, 308.98)
2025-07-17 00:52:56 [DEBUG] AutoProgram:coordination_cycle:607 - prepare_done=False，開始處理新週期
2025-07-17 00:52:56 [DEBUG] AutoProgram:coordination_cycle:660 - 座標已準備，檢查Flow1觸發狀態...
2025-07-17 00:52:56 [INFO] AutoProgram:trigger_flow1:502 - 觸發Flow1取料作業
2025-07-17 00:52:56 [INFO] AutoProgram:trigger_flow1:503 - 目標座標: (-75.81, 308.98)
2025-07-17 00:52:56 [INFO] AutoProgram:trigger_flow1:518 - Flow1已觸發 (第449次)
2025-07-17 00:52:56 [INFO] AutoProgram:trigger_flow1:519 - Flow1將從AutoProgram寄存器讀取座標
2025-07-17 00:52:56 [INFO] AutoProgram:coordination_cycle:664 - Flow1已觸發 (座標已準備)
2025-07-17 00:52:56 [INFO] AutoProgram:trigger_flow1:518 - Flow1已觸發 (第450次)
2025-07-17 00:52:56 [INFO] AutoProgram:trigger_flow1:519 - Flow1將從AutoProgram寄存器讀取座標
2025-07-17 00:52:56 [INFO] AutoProgram:coordination_cycle:664 - Flow1已觸發 (座標已準備)
2025-07-17 00:52:56 [DEBUG] AutoProgram:coordination_cycle:607 - prepare_done=False，開始處理新週期
2025-07-17 00:52:56 [DEBUG] AutoProgram:coordination_cycle:660 - 座標已準備，檢查Flow1觸發狀態...
2025-07-17 00:52:56 [INFO] AutoProgram:trigger_flow1:502 - 觸發Flow1取料作業
2025-07-17 00:52:56 [INFO] AutoProgram:trigger_flow1:503 - 目標座標: (-75.81, 308.98)
2025-07-17 00:52:56 [DEBUG] AutoProgram:coordination_cycle:607 - prepare_done=False，開始處理新週期
2025-07-17 00:52:56 [DEBUG] AutoProgram:coordination_cycle:660 - 座標已準備，檢查Flow1觸發狀態...
2025-07-17 00:52:56 [INFO] AutoProgram:trigger_flow1:502 - 觸發Flow1取料作業
2025-07-17 00:52:56 [INFO] AutoProgram:trigger_flow1:503 - 目標座標: (-75.81, 308.98)
2025-07-17 00:52:56 [INFO] AutoProgram:trigger_flow1:518 - Flow1已觸發 (第451次)
2025-07-17 00:52:56 [INFO] AutoProgram:trigger_flow1:519 - Flow1將從AutoProgram寄存器讀取座標
2025-07-17 00:52:56 [INFO] AutoProgram:coordination_cycle:664 - Flow1已觸發 (座標已準備)
2025-07-17 00:52:56 [INFO] AutoProgram:trigger_flow1:518 - Flow1已觸發 (第452次)
2025-07-17 00:52:56 [INFO] AutoProgram:trigger_flow1:519 - Flow1將從AutoProgram寄存器讀取座標
2025-07-17 00:52:56 [INFO] AutoProgram:coordination_cycle:664 - Flow1已觸發 (座標已準備)
2025-07-17 00:52:56 [DEBUG] AutoProgram:coordination_cycle:607 - prepare_done=False，開始處理新週期
2025-07-17 00:52:56 [DEBUG] AutoProgram:coordination_cycle:660 - 座標已準備，檢查Flow1觸發狀態...
2025-07-17 00:52:56 [INFO] AutoProgram:trigger_flow1:502 - 觸發Flow1取料作業
2025-07-17 00:52:56 [INFO] AutoProgram:trigger_flow1:503 - 目標座標: (-75.81, 308.98)
2025-07-17 00:52:57 [DEBUG] AutoProgram:coordination_cycle:607 - prepare_done=False，開始處理新週期
2025-07-17 00:52:57 [DEBUG] AutoProgram:coordination_cycle:660 - 座標已準備，檢查Flow1觸發狀態...
2025-07-17 00:52:57 [INFO] AutoProgram:trigger_flow1:502 - 觸發Flow1取料作業
2025-07-17 00:52:57 [INFO] AutoProgram:trigger_flow1:503 - 目標座標: (-75.81, 308.98)
2025-07-17 00:52:57 [INFO] AutoProgram:trigger_flow1:518 - Flow1已觸發 (第453次)
2025-07-17 00:52:57 [INFO] AutoProgram:trigger_flow1:519 - Flow1將從AutoProgram寄存器讀取座標
2025-07-17 00:52:57 [INFO] AutoProgram:coordination_cycle:664 - Flow1已觸發 (座標已準備)
2025-07-17 00:52:57 [INFO] AutoProgram:trigger_flow1:518 - Flow1已觸發 (第454次)
2025-07-17 00:52:57 [INFO] AutoProgram:trigger_flow1:519 - Flow1將從AutoProgram寄存器讀取座標
2025-07-17 00:52:57 [INFO] AutoProgram:coordination_cycle:664 - Flow1已觸發 (座標已準備)
2025-07-17 00:52:57 [DEBUG] AutoProgram:coordination_cycle:607 - prepare_done=False，開始處理新週期
2025-07-17 00:52:57 [DEBUG] AutoProgram:coordination_cycle:660 - 座標已準備，檢查Flow1觸發狀態...
2025-07-17 00:52:57 [INFO] AutoProgram:trigger_flow1:502 - 觸發Flow1取料作業
2025-07-17 00:52:57 [INFO] AutoProgram:trigger_flow1:503 - 目標座標: (-75.81, 308.98)
2025-07-17 00:52:57 [DEBUG] AutoProgram:coordination_cycle:607 - prepare_done=False，開始處理新週期
2025-07-17 00:52:57 [DEBUG] AutoProgram:coordination_cycle:660 - 座標已準備，檢查Flow1觸發狀態...
2025-07-17 00:52:57 [INFO] AutoProgram:trigger_flow1:502 - 觸發Flow1取料作業
2025-07-17 00:52:57 [INFO] AutoProgram:trigger_flow1:503 - 目標座標: (-75.81, 308.98)
2025-07-17 00:52:57 [INFO] AutoProgram:trigger_flow1:518 - Flow1已觸發 (第455次)
2025-07-17 00:52:57 [INFO] AutoProgram:trigger_flow1:519 - Flow1將從AutoProgram寄存器讀取座標
2025-07-17 00:52:57 [INFO] AutoProgram:coordination_cycle:664 - Flow1已觸發 (座標已準備)
2025-07-17 00:52:57 [INFO] AutoProgram:trigger_flow1:518 - Flow1已觸發 (第456次)
2025-07-17 00:52:57 [INFO] AutoProgram:trigger_flow1:519 - Flow1將從AutoProgram寄存器讀取座標
2025-07-17 00:52:57 [INFO] AutoProgram:coordination_cycle:664 - Flow1已觸發 (座標已準備)
2025-07-17 00:52:57 [DEBUG] AutoProgram:coordination_cycle:607 - prepare_done=False，開始處理新週期
2025-07-17 00:52:57 [DEBUG] AutoProgram:coordination_cycle:660 - 座標已準備，檢查Flow1觸發狀態...
2025-07-17 00:52:57 [INFO] AutoProgram:trigger_flow1:502 - 觸發Flow1取料作業
2025-07-17 00:52:57 [INFO] AutoProgram:trigger_flow1:503 - 目標座標: (-75.81, 308.98)
2025-07-17 00:52:57 [DEBUG] AutoProgram:coordination_cycle:607 - prepare_done=False，開始處理新週期
2025-07-17 00:52:57 [DEBUG] AutoProgram:coordination_cycle:660 - 座標已準備，檢查Flow1觸發狀態...
2025-07-17 00:52:57 [INFO] AutoProgram:trigger_flow1:502 - 觸發Flow1取料作業
2025-07-17 00:52:57 [INFO] AutoProgram:trigger_flow1:503 - 目標座標: (-75.81, 308.98)
2025-07-17 00:52:57 [INFO] AutoProgram:trigger_flow1:518 - Flow1已觸發 (第457次)
2025-07-17 00:52:57 [INFO] AutoProgram:trigger_flow1:519 - Flow1將從AutoProgram寄存器讀取座標
2025-07-17 00:52:57 [INFO] AutoProgram:coordination_cycle:664 - Flow1已觸發 (座標已準備)
2025-07-17 00:52:57 [INFO] AutoProgram:trigger_flow1:518 - Flow1已觸發 (第458次)
2025-07-17 00:52:57 [INFO] AutoProgram:trigger_flow1:519 - Flow1將從AutoProgram寄存器讀取座標
2025-07-17 00:52:57 [INFO] AutoProgram:coordination_cycle:664 - Flow1已觸發 (座標已準備)
2025-07-17 00:52:57 [DEBUG] AutoProgram:coordination_cycle:607 - prepare_done=False，開始處理新週期
2025-07-17 00:52:57 [DEBUG] AutoProgram:coordination_cycle:660 - 座標已準備，檢查Flow1觸發狀態...
2025-07-17 00:52:57 [INFO] AutoProgram:trigger_flow1:502 - 觸發Flow1取料作業
2025-07-17 00:52:57 [INFO] AutoProgram:trigger_flow1:503 - 目標座標: (-75.81, 308.98)
2025-07-17 00:52:57 [DEBUG] AutoProgram:coordination_cycle:607 - prepare_done=False，開始處理新週期
2025-07-17 00:52:57 [DEBUG] AutoProgram:coordination_cycle:660 - 座標已準備，檢查Flow1觸發狀態...
2025-07-17 00:52:57 [INFO] AutoProgram:trigger_flow1:502 - 觸發Flow1取料作業
2025-07-17 00:52:57 [INFO] AutoProgram:trigger_flow1:503 - 目標座標: (-75.81, 308.98)
2025-07-17 00:52:57 [INFO] AutoProgram:trigger_flow1:518 - Flow1已觸發 (第459次)
2025-07-17 00:52:57 [INFO] AutoProgram:trigger_flow1:519 - Flow1將從AutoProgram寄存器讀取座標
2025-07-17 00:52:57 [INFO] AutoProgram:coordination_cycle:664 - Flow1已觸發 (座標已準備)
2025-07-17 00:52:58 [INFO] AutoProgram:trigger_flow1:518 - Flow1已觸發 (第460次)
2025-07-17 00:52:58 [INFO] AutoProgram:trigger_flow1:519 - Flow1將從AutoProgram寄存器讀取座標
2025-07-17 00:52:58 [INFO] AutoProgram:coordination_cycle:664 - Flow1已觸發 (座標已準備)
2025-07-17 00:52:58 [DEBUG] AutoProgram:coordination_cycle:607 - prepare_done=False，開始處理新週期
2025-07-17 00:52:58 [DEBUG] AutoProgram:coordination_cycle:660 - 座標已準備，檢查Flow1觸發狀態...
2025-07-17 00:52:58 [INFO] AutoProgram:trigger_flow1:502 - 觸發Flow1取料作業
2025-07-17 00:52:58 [INFO] AutoProgram:trigger_flow1:503 - 目標座標: (-75.81, 308.98)
2025-07-17 00:52:58 [DEBUG] AutoProgram:coordination_cycle:607 - prepare_done=False，開始處理新週期
2025-07-17 00:52:58 [DEBUG] AutoProgram:coordination_cycle:660 - 座標已準備，檢查Flow1觸發狀態...
2025-07-17 00:52:58 [INFO] AutoProgram:trigger_flow1:502 - 觸發Flow1取料作業
2025-07-17 00:52:58 [INFO] AutoProgram:trigger_flow1:503 - 目標座標: (-75.81, 308.98)
2025-07-17 00:52:58 [INFO] AutoProgram:trigger_flow1:518 - Flow1已觸發 (第461次)
2025-07-17 00:52:58 [INFO] AutoProgram:trigger_flow1:519 - Flow1將從AutoProgram寄存器讀取座標
2025-07-17 00:52:58 [INFO] AutoProgram:coordination_cycle:664 - Flow1已觸發 (座標已準備)
2025-07-17 00:52:58 [INFO] AutoProgram:trigger_flow1:518 - Flow1已觸發 (第462次)
2025-07-17 00:52:58 [INFO] AutoProgram:trigger_flow1:519 - Flow1將從AutoProgram寄存器讀取座標
2025-07-17 00:52:58 [INFO] AutoProgram:coordination_cycle:664 - Flow1已觸發 (座標已準備)
2025-07-17 00:52:58 [DEBUG] AutoProgram:coordination_cycle:607 - prepare_done=False，開始處理新週期
2025-07-17 00:52:58 [DEBUG] AutoProgram:coordination_cycle:660 - 座標已準備，檢查Flow1觸發狀態...
2025-07-17 00:52:58 [INFO] AutoProgram:trigger_flow1:502 - 觸發Flow1取料作業
2025-07-17 00:52:58 [INFO] AutoProgram:trigger_flow1:503 - 目標座標: (-75.81, 308.98)
2025-07-17 00:52:58 [DEBUG] AutoProgram:coordination_cycle:607 - prepare_done=False，開始處理新週期
2025-07-17 00:52:58 [DEBUG] AutoProgram:coordination_cycle:660 - 座標已準備，檢查Flow1觸發狀態...
2025-07-17 00:52:58 [INFO] AutoProgram:trigger_flow1:502 - 觸發Flow1取料作業
2025-07-17 00:52:58 [INFO] AutoProgram:trigger_flow1:503 - 目標座標: (-75.81, 308.98)
2025-07-17 00:52:58 [INFO] AutoProgram:trigger_flow1:518 - Flow1已觸發 (第463次)
2025-07-17 00:52:58 [INFO] AutoProgram:trigger_flow1:519 - Flow1將從AutoProgram寄存器讀取座標
2025-07-17 00:52:58 [INFO] AutoProgram:coordination_cycle:664 - Flow1已觸發 (座標已準備)
2025-07-17 00:52:58 [INFO] AutoProgram:trigger_flow1:518 - Flow1已觸發 (第464次)
2025-07-17 00:52:58 [INFO] AutoProgram:trigger_flow1:519 - Flow1將從AutoProgram寄存器讀取座標
2025-07-17 00:52:58 [INFO] AutoProgram:coordination_cycle:664 - Flow1已觸發 (座標已準備)
2025-07-17 00:52:58 [DEBUG] AutoProgram:coordination_cycle:607 - prepare_done=False，開始處理新週期
2025-07-17 00:52:58 [DEBUG] AutoProgram:coordination_cycle:660 - 座標已準備，檢查Flow1觸發狀態...
2025-07-17 00:52:58 [INFO] AutoProgram:trigger_flow1:502 - 觸發Flow1取料作業
2025-07-17 00:52:58 [INFO] AutoProgram:trigger_flow1:503 - 目標座標: (-75.81, 308.98)
2025-07-17 00:52:58 [DEBUG] AutoProgram:coordination_cycle:607 - prepare_done=False，開始處理新週期
2025-07-17 00:52:58 [DEBUG] AutoProgram:coordination_cycle:660 - 座標已準備，檢查Flow1觸發狀態...
2025-07-17 00:52:58 [INFO] AutoProgram:trigger_flow1:502 - 觸發Flow1取料作業
2025-07-17 00:52:58 [INFO] AutoProgram:trigger_flow1:503 - 目標座標: (-75.81, 308.98)
2025-07-17 00:52:58 [INFO] AutoProgram:trigger_flow1:518 - Flow1已觸發 (第465次)
2025-07-17 00:52:58 [INFO] AutoProgram:trigger_flow1:519 - Flow1將從AutoProgram寄存器讀取座標
2025-07-17 00:52:58 [INFO] AutoProgram:coordination_cycle:664 - Flow1已觸發 (座標已準備)
2025-07-17 00:52:58 [INFO] AutoProgram:trigger_flow1:518 - Flow1已觸發 (第466次)
2025-07-17 00:52:58 [INFO] AutoProgram:trigger_flow1:519 - Flow1將從AutoProgram寄存器讀取座標
2025-07-17 00:52:58 [INFO] AutoProgram:coordination_cycle:664 - Flow1已觸發 (座標已準備)
2025-07-17 00:52:59 [DEBUG] AutoProgram:coordination_cycle:607 - prepare_done=False，開始處理新週期
2025-07-17 00:52:59 [DEBUG] AutoProgram:coordination_cycle:660 - 座標已準備，檢查Flow1觸發狀態...
2025-07-17 00:52:59 [INFO] AutoProgram:trigger_flow1:502 - 觸發Flow1取料作業
2025-07-17 00:52:59 [INFO] AutoProgram:trigger_flow1:503 - 目標座標: (-75.81, 308.98)
2025-07-17 00:52:59 [DEBUG] AutoProgram:coordination_cycle:607 - prepare_done=False，開始處理新週期
2025-07-17 00:52:59 [DEBUG] AutoProgram:coordination_cycle:660 - 座標已準備，檢查Flow1觸發狀態...
2025-07-17 00:52:59 [INFO] AutoProgram:trigger_flow1:502 - 觸發Flow1取料作業
2025-07-17 00:52:59 [INFO] AutoProgram:trigger_flow1:503 - 目標座標: (-75.81, 308.98)
2025-07-17 00:52:59 [INFO] AutoProgram:trigger_flow1:518 - Flow1已觸發 (第467次)
2025-07-17 00:52:59 [INFO] AutoProgram:trigger_flow1:519 - Flow1將從AutoProgram寄存器讀取座標
2025-07-17 00:52:59 [INFO] AutoProgram:coordination_cycle:664 - Flow1已觸發 (座標已準備)
2025-07-17 00:52:59 [INFO] AutoProgram:trigger_flow1:518 - Flow1已觸發 (第468次)
2025-07-17 00:52:59 [INFO] AutoProgram:trigger_flow1:519 - Flow1將從AutoProgram寄存器讀取座標
2025-07-17 00:52:59 [INFO] AutoProgram:coordination_cycle:664 - Flow1已觸發 (座標已準備)
2025-07-17 00:52:59 [DEBUG] AutoProgram:coordination_cycle:607 - prepare_done=False，開始處理新週期
2025-07-17 00:52:59 [DEBUG] AutoProgram:coordination_cycle:660 - 座標已準備，檢查Flow1觸發狀態...
2025-07-17 00:52:59 [INFO] AutoProgram:trigger_flow1:502 - 觸發Flow1取料作業
2025-07-17 00:52:59 [INFO] AutoProgram:trigger_flow1:503 - 目標座標: (-75.81, 308.98)
2025-07-17 00:52:59 [DEBUG] AutoProgram:coordination_cycle:607 - prepare_done=False，開始處理新週期
2025-07-17 00:52:59 [DEBUG] AutoProgram:coordination_cycle:660 - 座標已準備，檢查Flow1觸發狀態...
2025-07-17 00:52:59 [INFO] AutoProgram:trigger_flow1:502 - 觸發Flow1取料作業
2025-07-17 00:52:59 [INFO] AutoProgram:trigger_flow1:503 - 目標座標: (-75.81, 308.98)
2025-07-17 00:52:59 [INFO] AutoProgram:trigger_flow1:518 - Flow1已觸發 (第469次)
2025-07-17 00:52:59 [INFO] AutoProgram:trigger_flow1:519 - Flow1將從AutoProgram寄存器讀取座標
2025-07-17 00:52:59 [INFO] AutoProgram:coordination_cycle:664 - Flow1已觸發 (座標已準備)
2025-07-17 00:52:59 [INFO] AutoProgram:trigger_flow1:518 - Flow1已觸發 (第470次)
2025-07-17 00:52:59 [INFO] AutoProgram:trigger_flow1:519 - Flow1將從AutoProgram寄存器讀取座標
2025-07-17 00:52:59 [INFO] AutoProgram:coordination_cycle:664 - Flow1已觸發 (座標已準備)
2025-07-17 00:52:59 [DEBUG] AutoProgram:coordination_cycle:607 - prepare_done=False，開始處理新週期
2025-07-17 00:52:59 [DEBUG] AutoProgram:coordination_cycle:660 - 座標已準備，檢查Flow1觸發狀態...
2025-07-17 00:52:59 [INFO] AutoProgram:trigger_flow1:502 - 觸發Flow1取料作業
2025-07-17 00:52:59 [INFO] AutoProgram:trigger_flow1:503 - 目標座標: (-75.81, 308.98)
2025-07-17 00:52:59 [DEBUG] AutoProgram:coordination_cycle:607 - prepare_done=False，開始處理新週期
2025-07-17 00:52:59 [DEBUG] AutoProgram:coordination_cycle:660 - 座標已準備，檢查Flow1觸發狀態...
2025-07-17 00:52:59 [INFO] AutoProgram:trigger_flow1:502 - 觸發Flow1取料作業
2025-07-17 00:52:59 [INFO] AutoProgram:trigger_flow1:503 - 目標座標: (-75.81, 308.98)
2025-07-17 00:52:59 [INFO] AutoProgram:trigger_flow1:518 - Flow1已觸發 (第471次)
2025-07-17 00:52:59 [INFO] AutoProgram:trigger_flow1:519 - Flow1將從AutoProgram寄存器讀取座標
2025-07-17 00:52:59 [INFO] AutoProgram:coordination_cycle:664 - Flow1已觸發 (座標已準備)
2025-07-17 00:52:59 [INFO] AutoProgram:trigger_flow1:518 - Flow1已觸發 (第472次)
2025-07-17 00:52:59 [INFO] AutoProgram:trigger_flow1:519 - Flow1將從AutoProgram寄存器讀取座標
2025-07-17 00:52:59 [INFO] AutoProgram:coordination_cycle:664 - Flow1已觸發 (座標已準備)
2025-07-17 00:53:00 [DEBUG] AutoProgram:coordination_cycle:607 - prepare_done=False，開始處理新週期
2025-07-17 00:53:00 [DEBUG] AutoProgram:coordination_cycle:660 - 座標已準備，檢查Flow1觸發狀態...
2025-07-17 00:53:00 [INFO] AutoProgram:trigger_flow1:502 - 觸發Flow1取料作業
2025-07-17 00:53:00 [INFO] AutoProgram:trigger_flow1:503 - 目標座標: (-75.81, 308.98)
2025-07-17 00:53:00 [DEBUG] AutoProgram:coordination_cycle:607 - prepare_done=False，開始處理新週期
2025-07-17 00:53:00 [DEBUG] AutoProgram:coordination_cycle:660 - 座標已準備，檢查Flow1觸發狀態...
2025-07-17 00:53:00 [INFO] AutoProgram:trigger_flow1:502 - 觸發Flow1取料作業
2025-07-17 00:53:00 [INFO] AutoProgram:trigger_flow1:503 - 目標座標: (-75.81, 308.98)
2025-07-17 00:53:00 [INFO] AutoProgram:trigger_flow1:518 - Flow1已觸發 (第473次)
2025-07-17 00:53:00 [INFO] AutoProgram:trigger_flow1:519 - Flow1將從AutoProgram寄存器讀取座標
2025-07-17 00:53:00 [INFO] AutoProgram:coordination_cycle:664 - Flow1已觸發 (座標已準備)
2025-07-17 00:53:00 [INFO] AutoProgram:trigger_flow1:518 - Flow1已觸發 (第474次)
2025-07-17 00:53:00 [INFO] AutoProgram:trigger_flow1:519 - Flow1將從AutoProgram寄存器讀取座標
2025-07-17 00:53:00 [INFO] AutoProgram:coordination_cycle:664 - Flow1已觸發 (座標已準備)
2025-07-17 00:53:00 [DEBUG] AutoProgram:coordination_cycle:607 - prepare_done=False，開始處理新週期
2025-07-17 00:53:00 [DEBUG] AutoProgram:coordination_cycle:660 - 座標已準備，檢查Flow1觸發狀態...
2025-07-17 00:53:00 [INFO] AutoProgram:trigger_flow1:502 - 觸發Flow1取料作業
2025-07-17 00:53:00 [INFO] AutoProgram:trigger_flow1:503 - 目標座標: (-75.81, 308.98)
2025-07-17 00:53:00 [DEBUG] AutoProgram:coordination_cycle:607 - prepare_done=False，開始處理新週期
2025-07-17 00:53:00 [DEBUG] AutoProgram:coordination_cycle:660 - 座標已準備，檢查Flow1觸發狀態...
2025-07-17 00:53:00 [INFO] AutoProgram:trigger_flow1:502 - 觸發Flow1取料作業
2025-07-17 00:53:00 [INFO] AutoProgram:trigger_flow1:503 - 目標座標: (-75.81, 308.98)
2025-07-17 00:53:00 [INFO] AutoProgram:trigger_flow1:518 - Flow1已觸發 (第475次)
2025-07-17 00:53:00 [INFO] AutoProgram:trigger_flow1:519 - Flow1將從AutoProgram寄存器讀取座標
2025-07-17 00:53:00 [INFO] AutoProgram:coordination_cycle:664 - Flow1已觸發 (座標已準備)
2025-07-17 00:53:00 [INFO] AutoProgram:trigger_flow1:518 - Flow1已觸發 (第476次)
2025-07-17 00:53:00 [INFO] AutoProgram:trigger_flow1:519 - Flow1將從AutoProgram寄存器讀取座標
2025-07-17 00:53:00 [INFO] AutoProgram:coordination_cycle:664 - Flow1已觸發 (座標已準備)
2025-07-17 00:53:00 [DEBUG] AutoProgram:coordination_cycle:607 - prepare_done=False，開始處理新週期
2025-07-17 00:53:00 [DEBUG] AutoProgram:coordination_cycle:660 - 座標已準備，檢查Flow1觸發狀態...
2025-07-17 00:53:00 [INFO] AutoProgram:trigger_flow1:502 - 觸發Flow1取料作業
2025-07-17 00:53:00 [INFO] AutoProgram:trigger_flow1:503 - 目標座標: (-75.81, 308.98)
2025-07-17 00:53:00 [DEBUG] AutoProgram:coordination_cycle:607 - prepare_done=False，開始處理新週期
2025-07-17 00:53:00 [DEBUG] AutoProgram:coordination_cycle:660 - 座標已準備，檢查Flow1觸發狀態...
2025-07-17 00:53:00 [INFO] AutoProgram:trigger_flow1:502 - 觸發Flow1取料作業
2025-07-17 00:53:00 [INFO] AutoProgram:trigger_flow1:503 - 目標座標: (-75.81, 308.98)
2025-07-17 00:53:00 [INFO] AutoProgram:trigger_flow1:518 - Flow1已觸發 (第477次)
2025-07-17 00:53:00 [INFO] AutoProgram:trigger_flow1:519 - Flow1將從AutoProgram寄存器讀取座標
2025-07-17 00:53:00 [INFO] AutoProgram:coordination_cycle:664 - Flow1已觸發 (座標已準備)
2025-07-17 00:53:00 [INFO] AutoProgram:trigger_flow1:518 - Flow1已觸發 (第478次)
2025-07-17 00:53:00 [INFO] AutoProgram:trigger_flow1:519 - Flow1將從AutoProgram寄存器讀取座標
2025-07-17 00:53:00 [INFO] AutoProgram:coordination_cycle:664 - Flow1已觸發 (座標已準備)
2025-07-17 00:53:00 [DEBUG] AutoProgram:coordination_cycle:607 - prepare_done=False，開始處理新週期
2025-07-17 00:53:00 [DEBUG] AutoProgram:coordination_cycle:660 - 座標已準備，檢查Flow1觸發狀態...
2025-07-17 00:53:00 [INFO] AutoProgram:trigger_flow1:502 - 觸發Flow1取料作業
2025-07-17 00:53:00 [INFO] AutoProgram:trigger_flow1:503 - 目標座標: (-75.81, 308.98)
2025-07-17 00:53:00 [DEBUG] AutoProgram:coordination_cycle:607 - prepare_done=False，開始處理新週期
2025-07-17 00:53:00 [DEBUG] AutoProgram:coordination_cycle:660 - 座標已準備，檢查Flow1觸發狀態...
2025-07-17 00:53:00 [INFO] AutoProgram:trigger_flow1:502 - 觸發Flow1取料作業
2025-07-17 00:53:00 [INFO] AutoProgram:trigger_flow1:503 - 目標座標: (-75.81, 308.98)
2025-07-17 00:53:01 [INFO] AutoProgram:trigger_flow1:518 - Flow1已觸發 (第479次)
2025-07-17 00:53:01 [INFO] AutoProgram:trigger_flow1:519 - Flow1將從AutoProgram寄存器讀取座標
2025-07-17 00:53:01 [INFO] AutoProgram:coordination_cycle:664 - Flow1已觸發 (座標已準備)
2025-07-17 00:53:01 [INFO] AutoProgram:trigger_flow1:518 - Flow1已觸發 (第480次)
2025-07-17 00:53:01 [INFO] AutoProgram:trigger_flow1:519 - Flow1將從AutoProgram寄存器讀取座標
2025-07-17 00:53:01 [INFO] AutoProgram:coordination_cycle:664 - Flow1已觸發 (座標已準備)
2025-07-17 00:53:01 [DEBUG] AutoProgram:coordination_cycle:607 - prepare_done=False，開始處理新週期
2025-07-17 00:53:01 [DEBUG] AutoProgram:coordination_cycle:660 - 座標已準備，檢查Flow1觸發狀態...
2025-07-17 00:53:01 [INFO] AutoProgram:trigger_flow1:502 - 觸發Flow1取料作業
2025-07-17 00:53:01 [INFO] AutoProgram:trigger_flow1:503 - 目標座標: (-75.81, 308.98)
2025-07-17 00:53:01 [DEBUG] AutoProgram:coordination_cycle:607 - prepare_done=False，開始處理新週期
2025-07-17 00:53:01 [DEBUG] AutoProgram:coordination_cycle:660 - 座標已準備，檢查Flow1觸發狀態...
2025-07-17 00:53:01 [INFO] AutoProgram:trigger_flow1:502 - 觸發Flow1取料作業
2025-07-17 00:53:01 [INFO] AutoProgram:trigger_flow1:503 - 目標座標: (-75.81, 308.98)
2025-07-17 00:53:01 [INFO] AutoProgram:trigger_flow1:518 - Flow1已觸發 (第481次)
2025-07-17 00:53:01 [INFO] AutoProgram:trigger_flow1:519 - Flow1將從AutoProgram寄存器讀取座標
2025-07-17 00:53:01 [INFO] AutoProgram:coordination_cycle:664 - Flow1已觸發 (座標已準備)
2025-07-17 00:53:01 [INFO] AutoProgram:trigger_flow1:518 - Flow1已觸發 (第482次)
2025-07-17 00:53:01 [INFO] AutoProgram:trigger_flow1:519 - Flow1將從AutoProgram寄存器讀取座標
2025-07-17 00:53:01 [INFO] AutoProgram:coordination_cycle:664 - Flow1已觸發 (座標已準備)
2025-07-17 00:53:01 [DEBUG] AutoProgram:coordination_cycle:607 - prepare_done=False，開始處理新週期
2025-07-17 00:53:01 [DEBUG] AutoProgram:coordination_cycle:660 - 座標已準備，檢查Flow1觸發狀態...
2025-07-17 00:53:01 [INFO] AutoProgram:trigger_flow1:502 - 觸發Flow1取料作業
2025-07-17 00:53:01 [INFO] AutoProgram:trigger_flow1:503 - 目標座標: (-75.81, 308.98)
2025-07-17 00:53:01 [DEBUG] AutoProgram:coordination_cycle:607 - prepare_done=False，開始處理新週期
2025-07-17 00:53:01 [DEBUG] AutoProgram:coordination_cycle:660 - 座標已準備，檢查Flow1觸發狀態...
2025-07-17 00:53:01 [INFO] AutoProgram:trigger_flow1:502 - 觸發Flow1取料作業
2025-07-17 00:53:01 [INFO] AutoProgram:trigger_flow1:503 - 目標座標: (-75.81, 308.98)
2025-07-17 00:53:01 [INFO] AutoProgram:trigger_flow1:518 - Flow1已觸發 (第483次)
2025-07-17 00:53:01 [INFO] AutoProgram:trigger_flow1:519 - Flow1將從AutoProgram寄存器讀取座標
2025-07-17 00:53:01 [INFO] AutoProgram:coordination_cycle:664 - Flow1已觸發 (座標已準備)
2025-07-17 00:53:01 [INFO] AutoProgram:trigger_flow1:518 - Flow1已觸發 (第484次)
2025-07-17 00:53:01 [INFO] AutoProgram:trigger_flow1:519 - Flow1將從AutoProgram寄存器讀取座標
2025-07-17 00:53:01 [INFO] AutoProgram:coordination_cycle:664 - Flow1已觸發 (座標已準備)
2025-07-17 00:53:01 [DEBUG] AutoProgram:_coordination_loop:800 - 控制循環心跳 - 第500次, running=True, auto_enabled=True
2025-07-17 00:53:01 [DEBUG] AutoProgram:coordination_cycle:607 - prepare_done=False，開始處理新週期
2025-07-17 00:53:01 [DEBUG] AutoProgram:coordination_cycle:660 - 座標已準備，檢查Flow1觸發狀態...
2025-07-17 00:53:01 [INFO] AutoProgram:trigger_flow1:502 - 觸發Flow1取料作業
2025-07-17 00:53:01 [INFO] AutoProgram:trigger_flow1:503 - 目標座標: (-75.81, 308.98)
2025-07-17 00:53:01 [DEBUG] AutoProgram:coordination_cycle:607 - prepare_done=False，開始處理新週期
2025-07-17 00:53:01 [DEBUG] AutoProgram:coordination_cycle:660 - 座標已準備，檢查Flow1觸發狀態...
2025-07-17 00:53:01 [INFO] AutoProgram:trigger_flow1:502 - 觸發Flow1取料作業
2025-07-17 00:53:01 [INFO] AutoProgram:trigger_flow1:503 - 目標座標: (-75.81, 308.98)
2025-07-17 00:53:01 [INFO] AutoProgram:trigger_flow1:518 - Flow1已觸發 (第485次)
2025-07-17 00:53:01 [INFO] AutoProgram:trigger_flow1:519 - Flow1將從AutoProgram寄存器讀取座標
2025-07-17 00:53:01 [INFO] AutoProgram:coordination_cycle:664 - Flow1已觸發 (座標已準備)
2025-07-17 00:53:01 [INFO] AutoProgram:trigger_flow1:518 - Flow1已觸發 (第486次)
2025-07-17 00:53:01 [INFO] AutoProgram:trigger_flow1:519 - Flow1將從AutoProgram寄存器讀取座標
2025-07-17 00:53:01 [INFO] AutoProgram:coordination_cycle:664 - Flow1已觸發 (座標已準備)
2025-07-17 00:53:02 [DEBUG] AutoProgram:coordination_cycle:607 - prepare_done=False，開始處理新週期
2025-07-17 00:53:02 [DEBUG] AutoProgram:coordination_cycle:660 - 座標已準備，檢查Flow1觸發狀態...
2025-07-17 00:53:02 [INFO] AutoProgram:trigger_flow1:502 - 觸發Flow1取料作業
2025-07-17 00:53:02 [INFO] AutoProgram:trigger_flow1:503 - 目標座標: (-75.81, 308.98)
2025-07-17 00:53:02 [DEBUG] AutoProgram:coordination_cycle:607 - prepare_done=False，開始處理新週期
2025-07-17 00:53:02 [DEBUG] AutoProgram:coordination_cycle:660 - 座標已準備，檢查Flow1觸發狀態...
2025-07-17 00:53:02 [INFO] AutoProgram:trigger_flow1:502 - 觸發Flow1取料作業
2025-07-17 00:53:02 [INFO] AutoProgram:trigger_flow1:503 - 目標座標: (-75.81, 308.98)
2025-07-17 00:53:02 [INFO] AutoProgram:trigger_flow1:518 - Flow1已觸發 (第487次)
2025-07-17 00:53:02 [INFO] AutoProgram:trigger_flow1:519 - Flow1將從AutoProgram寄存器讀取座標
2025-07-17 00:53:02 [INFO] AutoProgram:coordination_cycle:664 - Flow1已觸發 (座標已準備)
2025-07-17 00:53:02 [INFO] AutoProgram:trigger_flow1:518 - Flow1已觸發 (第488次)
2025-07-17 00:53:02 [INFO] AutoProgram:trigger_flow1:519 - Flow1將從AutoProgram寄存器讀取座標
2025-07-17 00:53:02 [INFO] AutoProgram:coordination_cycle:664 - Flow1已觸發 (座標已準備)
2025-07-17 00:53:02 [DEBUG] AutoProgram:coordination_cycle:607 - prepare_done=False，開始處理新週期
2025-07-17 00:53:02 [DEBUG] AutoProgram:coordination_cycle:660 - 座標已準備，檢查Flow1觸發狀態...
2025-07-17 00:53:02 [INFO] AutoProgram:trigger_flow1:502 - 觸發Flow1取料作業
2025-07-17 00:53:02 [INFO] AutoProgram:trigger_flow1:503 - 目標座標: (-75.81, 308.98)
2025-07-17 00:53:02 [DEBUG] AutoProgram:coordination_cycle:607 - prepare_done=False，開始處理新週期
2025-07-17 00:53:02 [DEBUG] AutoProgram:coordination_cycle:660 - 座標已準備，檢查Flow1觸發狀態...
2025-07-17 00:53:02 [INFO] AutoProgram:trigger_flow1:502 - 觸發Flow1取料作業
2025-07-17 00:53:02 [INFO] AutoProgram:trigger_flow1:503 - 目標座標: (-75.81, 308.98)
2025-07-17 00:53:02 [INFO] AutoProgram:trigger_flow1:518 - Flow1已觸發 (第489次)
2025-07-17 00:53:02 [INFO] AutoProgram:trigger_flow1:519 - Flow1將從AutoProgram寄存器讀取座標
2025-07-17 00:53:02 [INFO] AutoProgram:coordination_cycle:664 - Flow1已觸發 (座標已準備)
2025-07-17 00:53:02 [INFO] AutoProgram:trigger_flow1:518 - Flow1已觸發 (第490次)
2025-07-17 00:53:02 [INFO] AutoProgram:trigger_flow1:519 - Flow1將從AutoProgram寄存器讀取座標
2025-07-17 00:53:02 [INFO] AutoProgram:coordination_cycle:664 - Flow1已觸發 (座標已準備)
2025-07-17 00:53:02 [DEBUG] AutoProgram:coordination_cycle:607 - prepare_done=False，開始處理新週期
2025-07-17 00:53:02 [DEBUG] AutoProgram:coordination_cycle:660 - 座標已準備，檢查Flow1觸發狀態...
2025-07-17 00:53:02 [INFO] AutoProgram:trigger_flow1:502 - 觸發Flow1取料作業
2025-07-17 00:53:02 [INFO] AutoProgram:trigger_flow1:503 - 目標座標: (-75.81, 308.98)
2025-07-17 00:53:02 [DEBUG] AutoProgram:coordination_cycle:607 - prepare_done=False，開始處理新週期
2025-07-17 00:53:02 [DEBUG] AutoProgram:coordination_cycle:660 - 座標已準備，檢查Flow1觸發狀態...
2025-07-17 00:53:02 [INFO] AutoProgram:trigger_flow1:502 - 觸發Flow1取料作業
2025-07-17 00:53:02 [INFO] AutoProgram:trigger_flow1:503 - 目標座標: (-75.81, 308.98)
2025-07-17 00:53:02 [INFO] AutoProgram:trigger_flow1:518 - Flow1已觸發 (第491次)
2025-07-17 00:53:02 [INFO] AutoProgram:trigger_flow1:519 - Flow1將從AutoProgram寄存器讀取座標
2025-07-17 00:53:02 [INFO] AutoProgram:coordination_cycle:664 - Flow1已觸發 (座標已準備)
2025-07-17 00:53:02 [INFO] AutoProgram:trigger_flow1:518 - Flow1已觸發 (第492次)
2025-07-17 00:53:02 [INFO] AutoProgram:trigger_flow1:519 - Flow1將從AutoProgram寄存器讀取座標
2025-07-17 00:53:02 [INFO] AutoProgram:coordination_cycle:664 - Flow1已觸發 (座標已準備)
2025-07-17 00:53:03 [DEBUG] AutoProgram:coordination_cycle:607 - prepare_done=False，開始處理新週期
2025-07-17 00:53:03 [DEBUG] AutoProgram:coordination_cycle:660 - 座標已準備，檢查Flow1觸發狀態...
2025-07-17 00:53:03 [INFO] AutoProgram:trigger_flow1:502 - 觸發Flow1取料作業
2025-07-17 00:53:03 [INFO] AutoProgram:trigger_flow1:503 - 目標座標: (-75.81, 308.98)
2025-07-17 00:53:03 [DEBUG] AutoProgram:coordination_cycle:607 - prepare_done=False，開始處理新週期
2025-07-17 00:53:03 [DEBUG] AutoProgram:coordination_cycle:660 - 座標已準備，檢查Flow1觸發狀態...
2025-07-17 00:53:03 [INFO] AutoProgram:trigger_flow1:502 - 觸發Flow1取料作業
2025-07-17 00:53:03 [INFO] AutoProgram:trigger_flow1:503 - 目標座標: (-75.81, 308.98)
2025-07-17 00:53:03 [INFO] AutoProgram:trigger_flow1:518 - Flow1已觸發 (第493次)
2025-07-17 00:53:03 [INFO] AutoProgram:trigger_flow1:519 - Flow1將從AutoProgram寄存器讀取座標
2025-07-17 00:53:03 [INFO] AutoProgram:coordination_cycle:664 - Flow1已觸發 (座標已準備)
2025-07-17 00:53:03 [INFO] AutoProgram:trigger_flow1:518 - Flow1已觸發 (第494次)
2025-07-17 00:53:03 [INFO] AutoProgram:trigger_flow1:519 - Flow1將從AutoProgram寄存器讀取座標
2025-07-17 00:53:03 [INFO] AutoProgram:coordination_cycle:664 - Flow1已觸發 (座標已準備)
2025-07-17 00:53:03 [DEBUG] AutoProgram:coordination_cycle:607 - prepare_done=False，開始處理新週期
2025-07-17 00:53:03 [DEBUG] AutoProgram:coordination_cycle:660 - 座標已準備，檢查Flow1觸發狀態...
2025-07-17 00:53:03 [INFO] AutoProgram:trigger_flow1:502 - 觸發Flow1取料作業
2025-07-17 00:53:03 [INFO] AutoProgram:trigger_flow1:503 - 目標座標: (-75.81, 308.98)
2025-07-17 00:53:03 [DEBUG] AutoProgram:coordination_cycle:607 - prepare_done=False，開始處理新週期
2025-07-17 00:53:03 [DEBUG] AutoProgram:coordination_cycle:660 - 座標已準備，檢查Flow1觸發狀態...
2025-07-17 00:53:03 [INFO] AutoProgram:trigger_flow1:502 - 觸發Flow1取料作業
2025-07-17 00:53:03 [INFO] AutoProgram:trigger_flow1:503 - 目標座標: (-75.81, 308.98)
2025-07-17 00:53:03 [INFO] AutoProgram:trigger_flow1:518 - Flow1已觸發 (第495次)
2025-07-17 00:53:03 [INFO] AutoProgram:trigger_flow1:519 - Flow1將從AutoProgram寄存器讀取座標
2025-07-17 00:53:03 [INFO] AutoProgram:coordination_cycle:664 - Flow1已觸發 (座標已準備)
2025-07-17 00:53:03 [INFO] AutoProgram:trigger_flow1:518 - Flow1已觸發 (第496次)
2025-07-17 00:53:03 [INFO] AutoProgram:trigger_flow1:519 - Flow1將從AutoProgram寄存器讀取座標
2025-07-17 00:53:03 [INFO] AutoProgram:coordination_cycle:664 - Flow1已觸發 (座標已準備)
2025-07-17 00:53:03 [DEBUG] AutoProgram:coordination_cycle:607 - prepare_done=False，開始處理新週期
2025-07-17 00:53:03 [DEBUG] AutoProgram:coordination_cycle:660 - 座標已準備，檢查Flow1觸發狀態...
2025-07-17 00:53:03 [INFO] AutoProgram:trigger_flow1:502 - 觸發Flow1取料作業
2025-07-17 00:53:03 [INFO] AutoProgram:trigger_flow1:503 - 目標座標: (-75.81, 308.98)
2025-07-17 00:53:03 [DEBUG] AutoProgram:coordination_cycle:607 - prepare_done=False，開始處理新週期
2025-07-17 00:53:03 [DEBUG] AutoProgram:coordination_cycle:660 - 座標已準備，檢查Flow1觸發狀態...
2025-07-17 00:53:03 [INFO] AutoProgram:trigger_flow1:502 - 觸發Flow1取料作業
2025-07-17 00:53:03 [INFO] AutoProgram:trigger_flow1:503 - 目標座標: (-75.81, 308.98)
2025-07-17 00:53:03 [INFO] AutoProgram:trigger_flow1:518 - Flow1已觸發 (第497次)
2025-07-17 00:53:03 [INFO] AutoProgram:trigger_flow1:519 - Flow1將從AutoProgram寄存器讀取座標
2025-07-17 00:53:03 [INFO] AutoProgram:coordination_cycle:664 - Flow1已觸發 (座標已準備)
2025-07-17 00:53:03 [INFO] AutoProgram:trigger_flow1:518 - Flow1已觸發 (第498次)
2025-07-17 00:53:03 [INFO] AutoProgram:trigger_flow1:519 - Flow1將從AutoProgram寄存器讀取座標
2025-07-17 00:53:03 [INFO] AutoProgram:coordination_cycle:664 - Flow1已觸發 (座標已準備)
2025-07-17 00:53:03 [DEBUG] AutoProgram:coordination_cycle:575 - 週期500: prepare_done=False, coords_ready=True, Flow1運行中=False, DR_F可用=True, 自動程序啟用=True
2025-07-17 00:53:03 [DEBUG] AutoProgram:coordination_cycle:607 - prepare_done=False，開始處理新週期
2025-07-17 00:53:03 [DEBUG] AutoProgram:coordination_cycle:660 - 座標已準備，檢查Flow1觸發狀態...
2025-07-17 00:53:03 [INFO] AutoProgram:trigger_flow1:502 - 觸發Flow1取料作業
2025-07-17 00:53:03 [INFO] AutoProgram:trigger_flow1:503 - 目標座標: (-75.81, 308.98)
2025-07-17 00:53:03 [DEBUG] AutoProgram:coordination_cycle:607 - prepare_done=False，開始處理新週期
2025-07-17 00:53:03 [DEBUG] AutoProgram:coordination_cycle:660 - 座標已準備，檢查Flow1觸發狀態...
2025-07-17 00:53:03 [INFO] AutoProgram:trigger_flow1:502 - 觸發Flow1取料作業
2025-07-17 00:53:03 [INFO] AutoProgram:trigger_flow1:503 - 目標座標: (-75.81, 308.98)
2025-07-17 00:53:04 [INFO] AutoProgram:trigger_flow1:518 - Flow1已觸發 (第499次)
2025-07-17 00:53:04 [INFO] AutoProgram:trigger_flow1:519 - Flow1將從AutoProgram寄存器讀取座標
2025-07-17 00:53:04 [INFO] AutoProgram:coordination_cycle:664 - Flow1已觸發 (座標已準備)
2025-07-17 00:53:04 [INFO] AutoProgram:trigger_flow1:518 - Flow1已觸發 (第500次)
2025-07-17 00:53:04 [INFO] AutoProgram:trigger_flow1:519 - Flow1將從AutoProgram寄存器讀取座標
2025-07-17 00:53:04 [INFO] AutoProgram:coordination_cycle:664 - Flow1已觸發 (座標已準備)
2025-07-17 00:53:04 [DEBUG] AutoProgram:coordination_cycle:607 - prepare_done=False，開始處理新週期
2025-07-17 00:53:04 [DEBUG] AutoProgram:coordination_cycle:660 - 座標已準備，檢查Flow1觸發狀態...
2025-07-17 00:53:04 [INFO] AutoProgram:trigger_flow1:502 - 觸發Flow1取料作業
2025-07-17 00:53:04 [INFO] AutoProgram:trigger_flow1:503 - 目標座標: (-75.81, 308.98)
2025-07-17 00:53:04 [DEBUG] AutoProgram:coordination_cycle:607 - prepare_done=False，開始處理新週期
2025-07-17 00:53:04 [DEBUG] AutoProgram:coordination_cycle:660 - 座標已準備，檢查Flow1觸發狀態...
2025-07-17 00:53:04 [INFO] AutoProgram:trigger_flow1:502 - 觸發Flow1取料作業
2025-07-17 00:53:04 [INFO] AutoProgram:trigger_flow1:503 - 目標座標: (-75.81, 308.98)
2025-07-17 00:53:04 [INFO] AutoProgram:trigger_flow1:518 - Flow1已觸發 (第501次)
2025-07-17 00:53:04 [INFO] AutoProgram:trigger_flow1:519 - Flow1將從AutoProgram寄存器讀取座標
2025-07-17 00:53:04 [INFO] AutoProgram:trigger_flow1:518 - Flow1已觸發 (第502次)
2025-07-17 00:53:04 [INFO] AutoProgram:coordination_cycle:664 - Flow1已觸發 (座標已準備)
2025-07-17 00:53:04 [INFO] AutoProgram:trigger_flow1:519 - Flow1將從AutoProgram寄存器讀取座標
2025-07-17 00:53:04 [INFO] AutoProgram:coordination_cycle:664 - Flow1已觸發 (座標已準備)
2025-07-17 00:53:04 [DEBUG] AutoProgram:coordination_cycle:607 - prepare_done=False，開始處理新週期
2025-07-17 00:53:04 [DEBUG] AutoProgram:coordination_cycle:660 - 座標已準備，檢查Flow1觸發狀態...
2025-07-17 00:53:04 [INFO] AutoProgram:trigger_flow1:502 - 觸發Flow1取料作業
2025-07-17 00:53:04 [INFO] AutoProgram:trigger_flow1:503 - 目標座標: (-75.81, 308.98)
2025-07-17 00:53:04 [DEBUG] AutoProgram:coordination_cycle:607 - prepare_done=False，開始處理新週期
2025-07-17 00:53:04 [DEBUG] AutoProgram:coordination_cycle:660 - 座標已準備，檢查Flow1觸發狀態...
2025-07-17 00:53:04 [INFO] AutoProgram:trigger_flow1:502 - 觸發Flow1取料作業
2025-07-17 00:53:04 [INFO] AutoProgram:trigger_flow1:503 - 目標座標: (-75.81, 308.98)
2025-07-17 00:53:04 [INFO] AutoProgram:trigger_flow1:518 - Flow1已觸發 (第503次)
2025-07-17 00:53:04 [INFO] AutoProgram:trigger_flow1:519 - Flow1將從AutoProgram寄存器讀取座標
2025-07-17 00:53:04 [INFO] AutoProgram:coordination_cycle:664 - Flow1已觸發 (座標已準備)
2025-07-17 00:53:04 [INFO] AutoProgram:trigger_flow1:518 - Flow1已觸發 (第504次)
2025-07-17 00:53:04 [INFO] AutoProgram:trigger_flow1:519 - Flow1將從AutoProgram寄存器讀取座標
2025-07-17 00:53:04 [INFO] AutoProgram:coordination_cycle:664 - Flow1已觸發 (座標已準備)
2025-07-17 00:53:04 [DEBUG] AutoProgram:coordination_cycle:607 - prepare_done=False，開始處理新週期
2025-07-17 00:53:04 [DEBUG] AutoProgram:coordination_cycle:607 - prepare_done=False，開始處理新週期
2025-07-17 00:53:04 [DEBUG] AutoProgram:coordination_cycle:660 - 座標已準備，檢查Flow1觸發狀態...
2025-07-17 00:53:04 [INFO] AutoProgram:trigger_flow1:502 - 觸發Flow1取料作業
2025-07-17 00:53:04 [DEBUG] AutoProgram:coordination_cycle:660 - 座標已準備，檢查Flow1觸發狀態...
2025-07-17 00:53:04 [INFO] AutoProgram:trigger_flow1:503 - 目標座標: (-75.81, 308.98)
2025-07-17 00:53:04 [INFO] AutoProgram:trigger_flow1:502 - 觸發Flow1取料作業
2025-07-17 00:53:04 [INFO] AutoProgram:trigger_flow1:503 - 目標座標: (-75.81, 308.98)
2025-07-17 00:53:05 [INFO] AutoProgram:trigger_flow1:518 - Flow1已觸發 (第505次)
2025-07-17 00:53:05 [INFO] AutoProgram:trigger_flow1:519 - Flow1將從AutoProgram寄存器讀取座標
2025-07-17 00:53:05 [INFO] AutoProgram:trigger_flow1:518 - Flow1已觸發 (第506次)
2025-07-17 00:53:05 [INFO] AutoProgram:coordination_cycle:664 - Flow1已觸發 (座標已準備)
2025-07-17 00:53:05 [INFO] AutoProgram:trigger_flow1:519 - Flow1將從AutoProgram寄存器讀取座標
2025-07-17 00:53:05 [INFO] AutoProgram:coordination_cycle:664 - Flow1已觸發 (座標已準備)
2025-07-17 00:53:05 [DEBUG] AutoProgram:coordination_cycle:607 - prepare_done=False，開始處理新週期
2025-07-17 00:53:05 [DEBUG] AutoProgram:coordination_cycle:660 - 座標已準備，檢查Flow1觸發狀態...
2025-07-17 00:53:05 [INFO] AutoProgram:trigger_flow1:502 - 觸發Flow1取料作業
2025-07-17 00:53:05 [DEBUG] AutoProgram:coordination_cycle:607 - prepare_done=False，開始處理新週期
2025-07-17 00:53:05 [INFO] AutoProgram:trigger_flow1:503 - 目標座標: (-75.81, 308.98)
2025-07-17 00:53:05 [DEBUG] AutoProgram:coordination_cycle:660 - 座標已準備，檢查Flow1觸發狀態...
2025-07-17 00:53:05 [INFO] AutoProgram:trigger_flow1:502 - 觸發Flow1取料作業
2025-07-17 00:53:05 [INFO] AutoProgram:trigger_flow1:503 - 目標座標: (-75.81, 308.98)
2025-07-17 00:53:05 [INFO] AutoProgram:trigger_flow1:518 - Flow1已觸發 (第507次)
2025-07-17 00:53:05 [INFO] AutoProgram:trigger_flow1:519 - Flow1將從AutoProgram寄存器讀取座標
2025-07-17 00:53:05 [INFO] AutoProgram:trigger_flow1:518 - Flow1已觸發 (第508次)
2025-07-17 00:53:05 [INFO] AutoProgram:coordination_cycle:664 - Flow1已觸發 (座標已準備)
2025-07-17 00:53:05 [INFO] AutoProgram:trigger_flow1:519 - Flow1將從AutoProgram寄存器讀取座標
2025-07-17 00:53:05 [INFO] AutoProgram:coordination_cycle:664 - Flow1已觸發 (座標已準備)
2025-07-17 00:53:05 [DEBUG] AutoProgram:coordination_cycle:607 - prepare_done=False，開始處理新週期
2025-07-17 00:53:05 [DEBUG] AutoProgram:coordination_cycle:660 - 座標已準備，檢查Flow1觸發狀態...
2025-07-17 00:53:05 [INFO] AutoProgram:trigger_flow1:502 - 觸發Flow1取料作業
2025-07-17 00:53:05 [INFO] AutoProgram:trigger_flow1:503 - 目標座標: (-75.81, 308.98)
2025-07-17 00:53:05 [DEBUG] AutoProgram:coordination_cycle:607 - prepare_done=False，開始處理新週期
2025-07-17 00:53:05 [DEBUG] AutoProgram:coordination_cycle:660 - 座標已準備，檢查Flow1觸發狀態...
2025-07-17 00:53:05 [INFO] AutoProgram:trigger_flow1:502 - 觸發Flow1取料作業
2025-07-17 00:53:05 [INFO] AutoProgram:trigger_flow1:503 - 目標座標: (-75.81, 308.98)
2025-07-17 00:53:05 [INFO] AutoProgram:trigger_flow1:518 - Flow1已觸發 (第509次)
2025-07-17 00:53:05 [INFO] AutoProgram:trigger_flow1:519 - Flow1將從AutoProgram寄存器讀取座標
2025-07-17 00:53:05 [INFO] AutoProgram:coordination_cycle:664 - Flow1已觸發 (座標已準備)
2025-07-17 00:53:05 [INFO] AutoProgram:trigger_flow1:518 - Flow1已觸發 (第510次)
2025-07-17 00:53:05 [INFO] AutoProgram:trigger_flow1:519 - Flow1將從AutoProgram寄存器讀取座標
2025-07-17 00:53:05 [INFO] AutoProgram:coordination_cycle:664 - Flow1已觸發 (座標已準備)
2025-07-17 00:53:05 [DEBUG] AutoProgram:coordination_cycle:607 - prepare_done=False，開始處理新週期
2025-07-17 00:53:05 [DEBUG] AutoProgram:coordination_cycle:607 - prepare_done=False，開始處理新週期
2025-07-17 00:53:05 [DEBUG] AutoProgram:coordination_cycle:660 - 座標已準備，檢查Flow1觸發狀態...
2025-07-17 00:53:05 [INFO] AutoProgram:trigger_flow1:502 - 觸發Flow1取料作業
2025-07-17 00:53:05 [DEBUG] AutoProgram:coordination_cycle:660 - 座標已準備，檢查Flow1觸發狀態...
2025-07-17 00:53:05 [INFO] AutoProgram:trigger_flow1:503 - 目標座標: (-75.81, 308.98)
2025-07-17 00:53:05 [INFO] AutoProgram:trigger_flow1:502 - 觸發Flow1取料作業
2025-07-17 00:53:05 [INFO] AutoProgram:trigger_flow1:503 - 目標座標: (-75.81, 308.98)
2025-07-17 00:53:05 [INFO] AutoProgram:trigger_flow1:518 - Flow1已觸發 (第511次)
2025-07-17 00:53:05 [INFO] AutoProgram:trigger_flow1:518 - Flow1已觸發 (第512次)
2025-07-17 00:53:05 [INFO] AutoProgram:trigger_flow1:519 - Flow1將從AutoProgram寄存器讀取座標
2025-07-17 00:53:05 [INFO] AutoProgram:trigger_flow1:519 - Flow1將從AutoProgram寄存器讀取座標
2025-07-17 00:53:05 [INFO] AutoProgram:coordination_cycle:664 - Flow1已觸發 (座標已準備)
2025-07-17 00:53:05 [INFO] AutoProgram:coordination_cycle:664 - Flow1已觸發 (座標已準備)
2025-07-17 00:53:06 [DEBUG] AutoProgram:coordination_cycle:607 - prepare_done=False，開始處理新週期
2025-07-17 00:53:06 [DEBUG] AutoProgram:coordination_cycle:660 - 座標已準備，檢查Flow1觸發狀態...
2025-07-17 00:53:06 [INFO] AutoProgram:trigger_flow1:502 - 觸發Flow1取料作業
2025-07-17 00:53:06 [DEBUG] AutoProgram:coordination_cycle:607 - prepare_done=False，開始處理新週期
2025-07-17 00:53:06 [INFO] AutoProgram:trigger_flow1:503 - 目標座標: (-75.81, 308.98)
2025-07-17 00:53:06 [DEBUG] AutoProgram:coordination_cycle:660 - 座標已準備，檢查Flow1觸發狀態...
2025-07-17 00:53:06 [INFO] AutoProgram:trigger_flow1:502 - 觸發Flow1取料作業
2025-07-17 00:53:06 [INFO] AutoProgram:trigger_flow1:503 - 目標座標: (-75.81, 308.98)
2025-07-17 00:53:06 [INFO] AutoProgram:trigger_flow1:518 - Flow1已觸發 (第513次)
2025-07-17 00:53:06 [INFO] AutoProgram:trigger_flow1:519 - Flow1將從AutoProgram寄存器讀取座標
2025-07-17 00:53:06 [INFO] AutoProgram:coordination_cycle:664 - Flow1已觸發 (座標已準備)
2025-07-17 00:53:06 [INFO] AutoProgram:trigger_flow1:518 - Flow1已觸發 (第514次)
2025-07-17 00:53:06 [INFO] AutoProgram:trigger_flow1:519 - Flow1將從AutoProgram寄存器讀取座標
2025-07-17 00:53:06 [INFO] AutoProgram:coordination_cycle:664 - Flow1已觸發 (座標已準備)
2025-07-17 00:53:06 [DEBUG] AutoProgram:coordination_cycle:607 - prepare_done=False，開始處理新週期
2025-07-17 00:53:06 [DEBUG] AutoProgram:coordination_cycle:607 - prepare_done=False，開始處理新週期
2025-07-17 00:53:06 [DEBUG] AutoProgram:coordination_cycle:660 - 座標已準備，檢查Flow1觸發狀態...
2025-07-17 00:53:06 [INFO] AutoProgram:trigger_flow1:502 - 觸發Flow1取料作業
2025-07-17 00:53:06 [DEBUG] AutoProgram:coordination_cycle:660 - 座標已準備，檢查Flow1觸發狀態...
2025-07-17 00:53:06 [INFO] AutoProgram:trigger_flow1:503 - 目標座標: (-75.81, 308.98)
2025-07-17 00:53:06 [INFO] AutoProgram:trigger_flow1:502 - 觸發Flow1取料作業
2025-07-17 00:53:06 [INFO] AutoProgram:trigger_flow1:503 - 目標座標: (-75.81, 308.98)
2025-07-17 00:53:06 [INFO] AutoProgram:trigger_flow1:518 - Flow1已觸發 (第515次)
2025-07-17 00:53:06 [INFO] AutoProgram:trigger_flow1:518 - Flow1已觸發 (第516次)
2025-07-17 00:53:06 [INFO] AutoProgram:trigger_flow1:519 - Flow1將從AutoProgram寄存器讀取座標
2025-07-17 00:53:06 [INFO] AutoProgram:trigger_flow1:519 - Flow1將從AutoProgram寄存器讀取座標
2025-07-17 00:53:06 [INFO] AutoProgram:coordination_cycle:664 - Flow1已觸發 (座標已準備)
2025-07-17 00:53:06 [INFO] AutoProgram:coordination_cycle:664 - Flow1已觸發 (座標已準備)
2025-07-17 00:53:06 [DEBUG] AutoProgram:coordination_cycle:607 - prepare_done=False，開始處理新週期
2025-07-17 00:53:06 [DEBUG] AutoProgram:coordination_cycle:607 - prepare_done=False，開始處理新週期
2025-07-17 00:53:06 [DEBUG] AutoProgram:coordination_cycle:660 - 座標已準備，檢查Flow1觸發狀態...
2025-07-17 00:53:06 [INFO] AutoProgram:trigger_flow1:502 - 觸發Flow1取料作業
2025-07-17 00:53:06 [DEBUG] AutoProgram:coordination_cycle:660 - 座標已準備，檢查Flow1觸發狀態...
2025-07-17 00:53:06 [INFO] AutoProgram:trigger_flow1:503 - 目標座標: (-75.81, 308.98)
2025-07-17 00:53:06 [INFO] AutoProgram:trigger_flow1:502 - 觸發Flow1取料作業
2025-07-17 00:53:06 [INFO] AutoProgram:trigger_flow1:503 - 目標座標: (-75.81, 308.98)
2025-07-17 00:53:06 [INFO] AutoProgram:trigger_flow1:518 - Flow1已觸發 (第517次)
2025-07-17 00:53:06 [INFO] AutoProgram:trigger_flow1:519 - Flow1將從AutoProgram寄存器讀取座標
2025-07-17 00:53:06 [INFO] AutoProgram:trigger_flow1:518 - Flow1已觸發 (第518次)
2025-07-17 00:53:06 [INFO] AutoProgram:coordination_cycle:664 - Flow1已觸發 (座標已準備)
2025-07-17 00:53:06 [INFO] AutoProgram:trigger_flow1:519 - Flow1將從AutoProgram寄存器讀取座標
2025-07-17 00:53:06 [INFO] AutoProgram:coordination_cycle:664 - Flow1已觸發 (座標已準備)
2025-07-17 00:53:07 [DEBUG] AutoProgram:coordination_cycle:607 - prepare_done=False，開始處理新週期
2025-07-17 00:53:07 [DEBUG] AutoProgram:coordination_cycle:607 - prepare_done=False，開始處理新週期
2025-07-17 00:53:07 [DEBUG] AutoProgram:coordination_cycle:660 - 座標已準備，檢查Flow1觸發狀態...
2025-07-17 00:53:07 [INFO] AutoProgram:trigger_flow1:502 - 觸發Flow1取料作業
2025-07-17 00:53:07 [DEBUG] AutoProgram:coordination_cycle:660 - 座標已準備，檢查Flow1觸發狀態...
2025-07-17 00:53:07 [INFO] AutoProgram:trigger_flow1:503 - 目標座標: (-75.81, 308.98)
2025-07-17 00:53:07 [INFO] AutoProgram:trigger_flow1:502 - 觸發Flow1取料作業
2025-07-17 00:53:07 [INFO] AutoProgram:trigger_flow1:503 - 目標座標: (-75.81, 308.98)
2025-07-17 00:53:07 [INFO] AutoProgram:trigger_flow1:518 - Flow1已觸發 (第519次)
2025-07-17 00:53:07 [INFO] AutoProgram:trigger_flow1:519 - Flow1將從AutoProgram寄存器讀取座標
2025-07-17 00:53:07 [INFO] AutoProgram:trigger_flow1:518 - Flow1已觸發 (第520次)
2025-07-17 00:53:07 [INFO] AutoProgram:coordination_cycle:664 - Flow1已觸發 (座標已準備)
2025-07-17 00:53:07 [INFO] AutoProgram:trigger_flow1:519 - Flow1將從AutoProgram寄存器讀取座標
2025-07-17 00:53:07 [INFO] AutoProgram:coordination_cycle:664 - Flow1已觸發 (座標已準備)
2025-07-17 00:53:07 [DEBUG] AutoProgram:coordination_cycle:607 - prepare_done=False，開始處理新週期
2025-07-17 00:53:07 [DEBUG] AutoProgram:coordination_cycle:607 - prepare_done=False，開始處理新週期
2025-07-17 00:53:07 [DEBUG] AutoProgram:coordination_cycle:660 - 座標已準備，檢查Flow1觸發狀態...
2025-07-17 00:53:07 [INFO] AutoProgram:trigger_flow1:502 - 觸發Flow1取料作業
2025-07-17 00:53:07 [DEBUG] AutoProgram:coordination_cycle:660 - 座標已準備，檢查Flow1觸發狀態...
2025-07-17 00:53:07 [INFO] AutoProgram:trigger_flow1:503 - 目標座標: (-75.81, 308.98)
2025-07-17 00:53:07 [INFO] AutoProgram:trigger_flow1:502 - 觸發Flow1取料作業
2025-07-17 00:53:07 [INFO] AutoProgram:trigger_flow1:503 - 目標座標: (-75.81, 308.98)
2025-07-17 00:53:07 [INFO] AutoProgram:trigger_flow1:518 - Flow1已觸發 (第521次)
2025-07-17 00:53:07 [INFO] AutoProgram:trigger_flow1:519 - Flow1將從AutoProgram寄存器讀取座標
2025-07-17 00:53:07 [INFO] AutoProgram:trigger_flow1:518 - Flow1已觸發 (第522次)
2025-07-17 00:53:07 [INFO] AutoProgram:coordination_cycle:664 - Flow1已觸發 (座標已準備)
2025-07-17 00:53:07 [INFO] AutoProgram:trigger_flow1:519 - Flow1將從AutoProgram寄存器讀取座標
2025-07-17 00:53:07 [INFO] AutoProgram:coordination_cycle:664 - Flow1已觸發 (座標已準備)
2025-07-17 00:53:07 [DEBUG] AutoProgram:coordination_cycle:607 - prepare_done=False，開始處理新週期
2025-07-17 00:53:07 [DEBUG] AutoProgram:coordination_cycle:607 - prepare_done=False，開始處理新週期
2025-07-17 00:53:07 [DEBUG] AutoProgram:coordination_cycle:660 - 座標已準備，檢查Flow1觸發狀態...
2025-07-17 00:53:07 [INFO] AutoProgram:trigger_flow1:502 - 觸發Flow1取料作業
2025-07-17 00:53:07 [DEBUG] AutoProgram:coordination_cycle:660 - 座標已準備，檢查Flow1觸發狀態...
2025-07-17 00:53:07 [INFO] AutoProgram:trigger_flow1:503 - 目標座標: (-75.81, 308.98)
2025-07-17 00:53:07 [INFO] AutoProgram:trigger_flow1:502 - 觸發Flow1取料作業
2025-07-17 00:53:07 [INFO] AutoProgram:trigger_flow1:503 - 目標座標: (-75.81, 308.98)
2025-07-17 00:53:07 [INFO] AutoProgram:trigger_flow1:518 - Flow1已觸發 (第523次)
2025-07-17 00:53:07 [INFO] AutoProgram:trigger_flow1:519 - Flow1將從AutoProgram寄存器讀取座標
2025-07-17 00:53:07 [INFO] AutoProgram:trigger_flow1:518 - Flow1已觸發 (第524次)
2025-07-17 00:53:07 [INFO] AutoProgram:coordination_cycle:664 - Flow1已觸發 (座標已準備)
2025-07-17 00:53:07 [INFO] AutoProgram:trigger_flow1:519 - Flow1將從AutoProgram寄存器讀取座標
2025-07-17 00:53:07 [INFO] AutoProgram:coordination_cycle:664 - Flow1已觸發 (座標已準備)
2025-07-17 00:53:07 [DEBUG] AutoProgram:coordination_cycle:607 - prepare_done=False，開始處理新週期
2025-07-17 00:53:07 [DEBUG] AutoProgram:coordination_cycle:607 - prepare_done=False，開始處理新週期
2025-07-17 00:53:07 [DEBUG] AutoProgram:coordination_cycle:660 - 座標已準備，檢查Flow1觸發狀態...
2025-07-17 00:53:07 [INFO] AutoProgram:trigger_flow1:502 - 觸發Flow1取料作業
2025-07-17 00:53:07 [DEBUG] AutoProgram:coordination_cycle:660 - 座標已準備，檢查Flow1觸發狀態...
2025-07-17 00:53:07 [INFO] AutoProgram:trigger_flow1:503 - 目標座標: (-75.81, 308.98)
2025-07-17 00:53:07 [INFO] AutoProgram:trigger_flow1:502 - 觸發Flow1取料作業
2025-07-17 00:53:07 [INFO] AutoProgram:trigger_flow1:503 - 目標座標: (-75.81, 308.98)
2025-07-17 00:53:08 [INFO] AutoProgram:trigger_flow1:518 - Flow1已觸發 (第525次)
2025-07-17 00:53:08 [INFO] AutoProgram:trigger_flow1:518 - Flow1已觸發 (第526次)
2025-07-17 00:53:08 [INFO] AutoProgram:trigger_flow1:519 - Flow1將從AutoProgram寄存器讀取座標
2025-07-17 00:53:08 [INFO] AutoProgram:trigger_flow1:519 - Flow1將從AutoProgram寄存器讀取座標
2025-07-17 00:53:08 [INFO] AutoProgram:coordination_cycle:664 - Flow1已觸發 (座標已準備)
2025-07-17 00:53:08 [INFO] AutoProgram:coordination_cycle:664 - Flow1已觸發 (座標已準備)
2025-07-17 00:53:08 [DEBUG] AutoProgram:coordination_cycle:607 - prepare_done=False，開始處理新週期
2025-07-17 00:53:08 [DEBUG] AutoProgram:coordination_cycle:607 - prepare_done=False，開始處理新週期
2025-07-17 00:53:08 [DEBUG] AutoProgram:coordination_cycle:660 - 座標已準備，檢查Flow1觸發狀態...
2025-07-17 00:53:08 [INFO] AutoProgram:trigger_flow1:502 - 觸發Flow1取料作業
2025-07-17 00:53:08 [DEBUG] AutoProgram:coordination_cycle:660 - 座標已準備，檢查Flow1觸發狀態...
2025-07-17 00:53:08 [INFO] AutoProgram:trigger_flow1:503 - 目標座標: (-75.81, 308.98)
2025-07-17 00:53:08 [INFO] AutoProgram:trigger_flow1:502 - 觸發Flow1取料作業
2025-07-17 00:53:08 [INFO] AutoProgram:trigger_flow1:503 - 目標座標: (-75.81, 308.98)
2025-07-17 00:53:08 [INFO] AutoProgram:trigger_flow1:518 - Flow1已觸發 (第527次)
2025-07-17 00:53:08 [INFO] AutoProgram:trigger_flow1:519 - Flow1將從AutoProgram寄存器讀取座標
2025-07-17 00:53:08 [INFO] AutoProgram:coordination_cycle:664 - Flow1已觸發 (座標已準備)
2025-07-17 00:53:08 [INFO] AutoProgram:trigger_flow1:518 - Flow1已觸發 (第528次)
2025-07-17 00:53:08 [INFO] AutoProgram:trigger_flow1:519 - Flow1將從AutoProgram寄存器讀取座標
2025-07-17 00:53:08 [INFO] AutoProgram:coordination_cycle:664 - Flow1已觸發 (座標已準備)
2025-07-17 00:53:08 [DEBUG] AutoProgram:coordination_cycle:607 - prepare_done=False，開始處理新週期
2025-07-17 00:53:08 [DEBUG] AutoProgram:coordination_cycle:607 - prepare_done=False，開始處理新週期
2025-07-17 00:53:08 [DEBUG] AutoProgram:coordination_cycle:660 - 座標已準備，檢查Flow1觸發狀態...
2025-07-17 00:53:08 [INFO] AutoProgram:trigger_flow1:502 - 觸發Flow1取料作業
2025-07-17 00:53:08 [DEBUG] AutoProgram:coordination_cycle:660 - 座標已準備，檢查Flow1觸發狀態...
2025-07-17 00:53:08 [INFO] AutoProgram:trigger_flow1:503 - 目標座標: (-75.81, 308.98)
2025-07-17 00:53:08 [INFO] AutoProgram:trigger_flow1:502 - 觸發Flow1取料作業
2025-07-17 00:53:08 [INFO] AutoProgram:trigger_flow1:503 - 目標座標: (-75.81, 308.98)
2025-07-17 00:53:08 [INFO] AutoProgram:trigger_flow1:518 - Flow1已觸發 (第529次)
2025-07-17 00:53:08 [INFO] AutoProgram:trigger_flow1:518 - Flow1已觸發 (第530次)
2025-07-17 00:53:08 [INFO] AutoProgram:trigger_flow1:519 - Flow1將從AutoProgram寄存器讀取座標
2025-07-17 00:53:08 [INFO] AutoProgram:trigger_flow1:519 - Flow1將從AutoProgram寄存器讀取座標
2025-07-17 00:53:08 [INFO] AutoProgram:coordination_cycle:664 - Flow1已觸發 (座標已準備)
2025-07-17 00:53:08 [INFO] AutoProgram:coordination_cycle:664 - Flow1已觸發 (座標已準備)
2025-07-17 00:53:08 [DEBUG] AutoProgram:coordination_cycle:607 - prepare_done=False，開始處理新週期
2025-07-17 00:53:08 [DEBUG] AutoProgram:coordination_cycle:607 - prepare_done=False，開始處理新週期
2025-07-17 00:53:08 [DEBUG] AutoProgram:coordination_cycle:660 - 座標已準備，檢查Flow1觸發狀態...
2025-07-17 00:53:08 [INFO] AutoProgram:trigger_flow1:502 - 觸發Flow1取料作業
2025-07-17 00:53:08 [DEBUG] AutoProgram:coordination_cycle:660 - 座標已準備，檢查Flow1觸發狀態...
2025-07-17 00:53:08 [INFO] AutoProgram:trigger_flow1:503 - 目標座標: (-75.81, 308.98)
2025-07-17 00:53:08 [INFO] AutoProgram:trigger_flow1:502 - 觸發Flow1取料作業
2025-07-17 00:53:08 [INFO] AutoProgram:trigger_flow1:503 - 目標座標: (-75.81, 308.98)
