2025-07-17 00:26:14 [INFO] VibrationPlate:main:660 - 震動盤Modbus TCP Client啟動中...
2025-07-17 00:26:14 [INFO] VibrationPlate:main:661 - 執行目錄: c:\Users\user\Documents\GitHub\DobotDR\LOG\Automation\VP
2025-07-17 00:26:14 [INFO] VibrationPlate:load_config:135 - 已載入配置檔案: c:\Users\user\Documents\GitHub\DobotDR\LOG\Automation\VP\vp_config.json
2025-07-17 00:26:14 [INFO] VibrationPlate:init_register_mapping:182 - 寄存器映射初始化完成 - 基地址: 300
2025-07-17 00:26:14 [DEBUG] VibrationPlate:init_register_mapping:183 - 狀態寄存器範圍: 300 ~ 314
2025-07-17 00:26:14 [DEBUG] VibrationPlate:init_register_mapping:184 - 指令寄存器範圍: 320 ~ 325
2025-07-17 00:26:14 [DEBUG] VibrationPlate:init_register_mapping:185 - 預設背光亮度: 28
2025-07-17 00:26:14 [DEBUG] VibrationPlate:init_register_mapping:186 - 預設背光狀態: 關閉
2025-07-17 00:26:14 [INFO] VibrationPlate:__init__:93 - VibrationPlateModbusClient初始化完成
2025-07-17 00:26:14 [INFO] VibrationPlate:start:562 - 開始啟動震動盤模組
2025-07-17 00:26:14 [INFO] VibrationPlate:start:565 - 正在自動連接主服務器...
2025-07-17 00:26:14 [INFO] VibrationPlate:connect_main_server:195 - 正在連接主服務器: 127.0.0.1:502
2025-07-17 00:26:14 [INFO] VibrationPlate:connect_main_server:206 - 連接到主服務器成功
2025-07-17 00:26:14 [DEBUG] VibrationPlate:write_register:309 - 寫入寄存器 module_status(300): 1
2025-07-17 00:26:14 [DEBUG] VibrationPlate:write_register:309 - 寫入寄存器 error_code(303): 0
2025-07-17 00:26:14 [DEBUG] VibrationPlate:write_register:309 - 寫入寄存器 command_status(308): 0
2025-07-17 00:26:14 [DEBUG] VibrationPlate:write_register:309 - 寫入寄存器 comm_error_count(309): 0
2025-07-17 00:26:14 [DEBUG] VibrationPlate:write_register:309 - 寫入寄存器 brightness_status(310): 28
2025-07-17 00:26:14 [DEBUG] VibrationPlate:write_register:309 - 寫入寄存器 backlight_status(311): 0
2025-07-17 00:26:14 [DEBUG] VibrationPlate:write_register:309 - 寫入寄存器 frequency_status(313): 100
2025-07-17 00:26:14 [INFO] VibrationPlate:init_status_registers:269 - 狀態寄存器初始化完成
2025-07-17 00:26:14 [INFO] VibrationPlate:start:570 - 正在自動連接震動盤設備...
2025-07-17 00:26:14 [INFO] VibrationPlate:connect_device:227 - 正在連接震動盤設備: 192.168.1.7:1000
2025-07-17 00:26:14 [INFO] VibrationPlate:connect_device:238 - 連接到震動盤設備成功
2025-07-17 00:26:14 [INFO] VibrationPlate:connect_device:245 - 設備初始化完成 - 亮度: 28, 背光: 關閉
2025-07-17 00:26:14 [INFO] VibrationPlate:main_loop:520 - 主循環執行緒已啟動
2025-07-17 00:26:14 [INFO] VibrationPlate:start:579 - 震動盤模組啟動成功
2025-07-17 00:26:14 [INFO] VibrationPlate:main:678 - 震動盤模組運行中 - 基地址: 300
2025-07-17 00:26:14 [INFO] VibrationPlate:main:679 - 狀態寄存器範圍: 300 ~ 314
2025-07-17 00:26:14 [DEBUG] VibrationPlate:read_register:286 - 讀取寄存器 command_id(324): 0
2025-07-17 00:26:14 [INFO] VibrationPlate:main:680 - 指令寄存器範圍: 320 ~ 325
2025-07-17 00:26:14 [INFO] VibrationPlate:main:681 - 按 Ctrl+C 停止程序
2025-07-17 00:26:14 [DEBUG] VibrationPlate:write_register:309 - 寫入寄存器 device_connection(301): 1
2025-07-17 00:26:14 [DEBUG] VibrationPlate:write_register:309 - 寫入寄存器 device_status(302): 1
2025-07-17 00:26:14 [DEBUG] VibrationPlate:write_register:309 - 寫入寄存器 vibration_status(312): 0
2025-07-17 00:26:14 [DEBUG] VibrationPlate:write_register:309 - 寫入寄存器 brightness_status(310): 28
2025-07-17 00:26:14 [DEBUG] VibrationPlate:write_register:309 - 寫入寄存器 backlight_status(311): 0
2025-07-17 00:26:14 [DEBUG] VibrationPlate:write_register:309 - 寫入寄存器 module_status(300): 1
2025-07-17 00:26:14 [DEBUG] VibrationPlate:write_register:309 - 寫入寄存器 comm_error_count(309): 0
2025-07-17 00:26:14 [DEBUG] VibrationPlate:write_register:309 - 寫入寄存器 timestamp(314): 53926
2025-07-17 00:26:15 [DEBUG] VibrationPlate:read_register:286 - 讀取寄存器 command_id(324): 0
2025-07-17 00:26:15 [DEBUG] VibrationPlate:write_register:309 - 寫入寄存器 device_connection(301): 1
2025-07-17 00:26:15 [DEBUG] VibrationPlate:write_register:309 - 寫入寄存器 device_status(302): 1
2025-07-17 00:26:15 [DEBUG] VibrationPlate:write_register:309 - 寫入寄存器 vibration_status(312): 0
2025-07-17 00:26:15 [DEBUG] VibrationPlate:write_register:309 - 寫入寄存器 brightness_status(310): 28
2025-07-17 00:26:15 [DEBUG] VibrationPlate:write_register:309 - 寫入寄存器 backlight_status(311): 0
2025-07-17 00:26:15 [DEBUG] VibrationPlate:write_register:309 - 寫入寄存器 module_status(300): 1
2025-07-17 00:26:15 [DEBUG] VibrationPlate:write_register:309 - 寫入寄存器 comm_error_count(309): 0
2025-07-17 00:26:15 [DEBUG] VibrationPlate:write_register:309 - 寫入寄存器 timestamp(314): 53927
2025-07-17 00:26:15 [DEBUG] VibrationPlate:read_register:286 - 讀取寄存器 command_id(324): 0
2025-07-17 00:26:15 [DEBUG] VibrationPlate:write_register:309 - 寫入寄存器 device_connection(301): 1
2025-07-17 00:26:15 [DEBUG] VibrationPlate:write_register:309 - 寫入寄存器 device_status(302): 1
2025-07-17 00:26:15 [DEBUG] VibrationPlate:write_register:309 - 寫入寄存器 vibration_status(312): 0
2025-07-17 00:26:15 [DEBUG] VibrationPlate:write_register:309 - 寫入寄存器 brightness_status(310): 28
2025-07-17 00:26:15 [DEBUG] VibrationPlate:write_register:309 - 寫入寄存器 backlight_status(311): 0
2025-07-17 00:26:15 [DEBUG] VibrationPlate:write_register:309 - 寫入寄存器 module_status(300): 1
2025-07-17 00:26:15 [DEBUG] VibrationPlate:write_register:309 - 寫入寄存器 comm_error_count(309): 0
2025-07-17 00:26:15 [DEBUG] VibrationPlate:write_register:309 - 寫入寄存器 timestamp(314): 53927
2025-07-17 00:26:15 [DEBUG] VibrationPlate:read_register:286 - 讀取寄存器 command_id(324): 0
2025-07-17 00:26:15 [DEBUG] VibrationPlate:write_register:309 - 寫入寄存器 device_connection(301): 1
2025-07-17 00:26:15 [DEBUG] VibrationPlate:write_register:309 - 寫入寄存器 device_status(302): 1
2025-07-17 00:26:15 [DEBUG] VibrationPlate:write_register:309 - 寫入寄存器 vibration_status(312): 0
2025-07-17 00:26:15 [DEBUG] VibrationPlate:write_register:309 - 寫入寄存器 brightness_status(310): 28
2025-07-17 00:26:15 [DEBUG] VibrationPlate:write_register:309 - 寫入寄存器 backlight_status(311): 0
2025-07-17 00:26:15 [DEBUG] VibrationPlate:write_register:309 - 寫入寄存器 module_status(300): 1
2025-07-17 00:26:15 [DEBUG] VibrationPlate:write_register:309 - 寫入寄存器 comm_error_count(309): 0
2025-07-17 00:26:15 [DEBUG] VibrationPlate:write_register:309 - 寫入寄存器 timestamp(314): 53927
2025-07-17 00:26:15 [DEBUG] VibrationPlate:read_register:286 - 讀取寄存器 command_id(324): 0
2025-07-17 00:26:15 [DEBUG] VibrationPlate:write_register:309 - 寫入寄存器 device_connection(301): 1
2025-07-17 00:26:15 [DEBUG] VibrationPlate:write_register:309 - 寫入寄存器 device_status(302): 1
2025-07-17 00:26:15 [DEBUG] VibrationPlate:write_register:309 - 寫入寄存器 vibration_status(312): 0
2025-07-17 00:26:15 [DEBUG] VibrationPlate:write_register:309 - 寫入寄存器 brightness_status(310): 28
2025-07-17 00:26:15 [DEBUG] VibrationPlate:write_register:309 - 寫入寄存器 backlight_status(311): 0
2025-07-17 00:26:15 [DEBUG] VibrationPlate:write_register:309 - 寫入寄存器 module_status(300): 1
2025-07-17 00:26:15 [DEBUG] VibrationPlate:write_register:309 - 寫入寄存器 comm_error_count(309): 0
2025-07-17 00:26:15 [DEBUG] VibrationPlate:write_register:309 - 寫入寄存器 timestamp(314): 53927
2025-07-17 00:26:15 [DEBUG] VibrationPlate:read_register:286 - 讀取寄存器 command_id(324): 0
2025-07-17 00:26:15 [DEBUG] VibrationPlate:write_register:309 - 寫入寄存器 device_connection(301): 1
2025-07-17 00:26:15 [DEBUG] VibrationPlate:write_register:309 - 寫入寄存器 device_status(302): 1
2025-07-17 00:26:15 [DEBUG] VibrationPlate:write_register:309 - 寫入寄存器 vibration_status(312): 0
2025-07-17 00:26:15 [DEBUG] VibrationPlate:write_register:309 - 寫入寄存器 brightness_status(310): 28
2025-07-17 00:26:15 [DEBUG] VibrationPlate:write_register:309 - 寫入寄存器 backlight_status(311): 0
2025-07-17 00:26:15 [DEBUG] VibrationPlate:write_register:309 - 寫入寄存器 module_status(300): 1
2025-07-17 00:26:15 [DEBUG] VibrationPlate:write_register:309 - 寫入寄存器 comm_error_count(309): 0
2025-07-17 00:26:15 [DEBUG] VibrationPlate:write_register:309 - 寫入寄存器 timestamp(314): 53927
2025-07-17 00:26:15 [DEBUG] VibrationPlate:read_register:286 - 讀取寄存器 command_id(324): 0
2025-07-17 00:26:15 [DEBUG] VibrationPlate:write_register:309 - 寫入寄存器 device_connection(301): 1
2025-07-17 00:26:15 [DEBUG] VibrationPlate:write_register:309 - 寫入寄存器 device_status(302): 1
2025-07-17 00:26:15 [DEBUG] VibrationPlate:write_register:309 - 寫入寄存器 vibration_status(312): 0
2025-07-17 00:26:15 [DEBUG] VibrationPlate:write_register:309 - 寫入寄存器 brightness_status(310): 28
2025-07-17 00:26:15 [DEBUG] VibrationPlate:write_register:309 - 寫入寄存器 backlight_status(311): 0
2025-07-17 00:26:15 [DEBUG] VibrationPlate:write_register:309 - 寫入寄存器 module_status(300): 1
2025-07-17 00:26:15 [DEBUG] VibrationPlate:write_register:309 - 寫入寄存器 comm_error_count(309): 0
2025-07-17 00:26:15 [DEBUG] VibrationPlate:write_register:309 - 寫入寄存器 timestamp(314): 53927
2025-07-17 00:26:15 [DEBUG] VibrationPlate:read_register:286 - 讀取寄存器 command_id(324): 0
2025-07-17 00:26:15 [DEBUG] VibrationPlate:write_register:309 - 寫入寄存器 device_connection(301): 1
2025-07-17 00:26:15 [DEBUG] VibrationPlate:write_register:309 - 寫入寄存器 device_status(302): 1
2025-07-17 00:26:15 [DEBUG] VibrationPlate:write_register:309 - 寫入寄存器 vibration_status(312): 0
2025-07-17 00:26:15 [DEBUG] VibrationPlate:write_register:309 - 寫入寄存器 brightness_status(310): 28
2025-07-17 00:26:15 [DEBUG] VibrationPlate:write_register:309 - 寫入寄存器 backlight_status(311): 0
2025-07-17 00:26:15 [DEBUG] VibrationPlate:write_register:309 - 寫入寄存器 module_status(300): 1
2025-07-17 00:26:15 [DEBUG] VibrationPlate:write_register:309 - 寫入寄存器 comm_error_count(309): 0
2025-07-17 00:26:15 [DEBUG] VibrationPlate:write_register:309 - 寫入寄存器 timestamp(314): 53927
2025-07-17 00:26:15 [DEBUG] VibrationPlate:read_register:286 - 讀取寄存器 command_id(324): 0
2025-07-17 00:26:15 [DEBUG] VibrationPlate:write_register:309 - 寫入寄存器 device_connection(301): 1
2025-07-17 00:26:15 [DEBUG] VibrationPlate:write_register:309 - 寫入寄存器 device_status(302): 1
2025-07-17 00:26:15 [DEBUG] VibrationPlate:write_register:309 - 寫入寄存器 vibration_status(312): 0
2025-07-17 00:26:15 [DEBUG] VibrationPlate:write_register:309 - 寫入寄存器 brightness_status(310): 28
2025-07-17 00:26:15 [DEBUG] VibrationPlate:write_register:309 - 寫入寄存器 backlight_status(311): 0
2025-07-17 00:26:15 [DEBUG] VibrationPlate:write_register:309 - 寫入寄存器 module_status(300): 1
2025-07-17 00:26:15 [DEBUG] VibrationPlate:write_register:309 - 寫入寄存器 comm_error_count(309): 0
2025-07-17 00:26:15 [DEBUG] VibrationPlate:write_register:309 - 寫入寄存器 timestamp(314): 53927
2025-07-17 00:26:15 [DEBUG] VibrationPlate:read_register:286 - 讀取寄存器 command_id(324): 0
2025-07-17 00:26:15 [DEBUG] VibrationPlate:write_register:309 - 寫入寄存器 device_connection(301): 1
2025-07-17 00:26:15 [DEBUG] VibrationPlate:write_register:309 - 寫入寄存器 device_status(302): 1
2025-07-17 00:26:15 [DEBUG] VibrationPlate:write_register:309 - 寫入寄存器 vibration_status(312): 0
2025-07-17 00:26:15 [DEBUG] VibrationPlate:write_register:309 - 寫入寄存器 brightness_status(310): 28
2025-07-17 00:26:15 [DEBUG] VibrationPlate:write_register:309 - 寫入寄存器 backlight_status(311): 0
2025-07-17 00:26:15 [DEBUG] VibrationPlate:write_register:309 - 寫入寄存器 module_status(300): 1
2025-07-17 00:26:15 [DEBUG] VibrationPlate:write_register:309 - 寫入寄存器 comm_error_count(309): 0
2025-07-17 00:26:15 [DEBUG] VibrationPlate:write_register:309 - 寫入寄存器 timestamp(314): 53927
2025-07-17 00:26:15 [DEBUG] VibrationPlate:read_register:286 - 讀取寄存器 command_id(324): 0
2025-07-17 00:26:15 [DEBUG] VibrationPlate:write_register:309 - 寫入寄存器 device_connection(301): 1
2025-07-17 00:26:15 [DEBUG] VibrationPlate:write_register:309 - 寫入寄存器 device_status(302): 1
2025-07-17 00:26:15 [DEBUG] VibrationPlate:write_register:309 - 寫入寄存器 vibration_status(312): 0
2025-07-17 00:26:15 [DEBUG] VibrationPlate:write_register:309 - 寫入寄存器 brightness_status(310): 28
2025-07-17 00:26:15 [DEBUG] VibrationPlate:write_register:309 - 寫入寄存器 backlight_status(311): 0
2025-07-17 00:26:15 [DEBUG] VibrationPlate:write_register:309 - 寫入寄存器 module_status(300): 1
2025-07-17 00:26:15 [DEBUG] VibrationPlate:write_register:309 - 寫入寄存器 comm_error_count(309): 0
2025-07-17 00:26:15 [DEBUG] VibrationPlate:write_register:309 - 寫入寄存器 timestamp(314): 53927
2025-07-17 00:26:15 [DEBUG] VibrationPlate:read_register:286 - 讀取寄存器 command_id(324): 0
2025-07-17 00:26:15 [DEBUG] VibrationPlate:write_register:309 - 寫入寄存器 device_connection(301): 1
2025-07-17 00:26:15 [DEBUG] VibrationPlate:write_register:309 - 寫入寄存器 device_status(302): 1
2025-07-17 00:26:15 [DEBUG] VibrationPlate:write_register:309 - 寫入寄存器 vibration_status(312): 0
2025-07-17 00:26:15 [DEBUG] VibrationPlate:write_register:309 - 寫入寄存器 brightness_status(310): 28
2025-07-17 00:26:15 [DEBUG] VibrationPlate:write_register:309 - 寫入寄存器 backlight_status(311): 0
2025-07-17 00:26:15 [DEBUG] VibrationPlate:write_register:309 - 寫入寄存器 module_status(300): 1
2025-07-17 00:26:15 [DEBUG] VibrationPlate:write_register:309 - 寫入寄存器 comm_error_count(309): 0
2025-07-17 00:26:15 [DEBUG] VibrationPlate:write_register:309 - 寫入寄存器 timestamp(314): 53927
2025-07-17 00:26:15 [DEBUG] VibrationPlate:read_register:286 - 讀取寄存器 command_id(324): 0
2025-07-17 00:26:15 [DEBUG] VibrationPlate:write_register:309 - 寫入寄存器 device_connection(301): 1
2025-07-17 00:26:15 [DEBUG] VibrationPlate:write_register:309 - 寫入寄存器 device_status(302): 1
2025-07-17 00:26:15 [DEBUG] VibrationPlate:write_register:309 - 寫入寄存器 vibration_status(312): 0
2025-07-17 00:26:15 [DEBUG] VibrationPlate:write_register:309 - 寫入寄存器 brightness_status(310): 28
2025-07-17 00:26:15 [DEBUG] VibrationPlate:write_register:309 - 寫入寄存器 backlight_status(311): 0
2025-07-17 00:26:15 [DEBUG] VibrationPlate:write_register:309 - 寫入寄存器 module_status(300): 1
2025-07-17 00:26:15 [DEBUG] VibrationPlate:write_register:309 - 寫入寄存器 comm_error_count(309): 0
2025-07-17 00:26:15 [DEBUG] VibrationPlate:write_register:309 - 寫入寄存器 timestamp(314): 53927
2025-07-17 00:26:15 [DEBUG] VibrationPlate:read_register:286 - 讀取寄存器 command_id(324): 0
2025-07-17 00:26:15 [DEBUG] VibrationPlate:write_register:309 - 寫入寄存器 device_connection(301): 1
2025-07-17 00:26:15 [DEBUG] VibrationPlate:write_register:309 - 寫入寄存器 device_status(302): 1
2025-07-17 00:26:15 [DEBUG] VibrationPlate:write_register:309 - 寫入寄存器 vibration_status(312): 0
2025-07-17 00:26:15 [DEBUG] VibrationPlate:write_register:309 - 寫入寄存器 brightness_status(310): 28
2025-07-17 00:26:15 [DEBUG] VibrationPlate:write_register:309 - 寫入寄存器 backlight_status(311): 0
2025-07-17 00:26:15 [DEBUG] VibrationPlate:write_register:309 - 寫入寄存器 module_status(300): 1
2025-07-17 00:26:15 [DEBUG] VibrationPlate:write_register:309 - 寫入寄存器 comm_error_count(309): 0
2025-07-17 00:26:15 [DEBUG] VibrationPlate:write_register:309 - 寫入寄存器 timestamp(314): 53927
2025-07-17 00:26:15 [DEBUG] VibrationPlate:read_register:286 - 讀取寄存器 command_id(324): 0
2025-07-17 00:26:15 [DEBUG] VibrationPlate:write_register:309 - 寫入寄存器 device_connection(301): 1
2025-07-17 00:26:15 [DEBUG] VibrationPlate:write_register:309 - 寫入寄存器 device_status(302): 1
2025-07-17 00:26:15 [DEBUG] VibrationPlate:write_register:309 - 寫入寄存器 vibration_status(312): 0
2025-07-17 00:26:15 [DEBUG] VibrationPlate:write_register:309 - 寫入寄存器 brightness_status(310): 28
2025-07-17 00:26:15 [DEBUG] VibrationPlate:write_register:309 - 寫入寄存器 backlight_status(311): 0
2025-07-17 00:26:15 [DEBUG] VibrationPlate:write_register:309 - 寫入寄存器 module_status(300): 1
2025-07-17 00:26:15 [DEBUG] VibrationPlate:write_register:309 - 寫入寄存器 comm_error_count(309): 0
2025-07-17 00:26:15 [DEBUG] VibrationPlate:write_register:309 - 寫入寄存器 timestamp(314): 53927
2025-07-17 00:26:15 [DEBUG] VibrationPlate:read_register:286 - 讀取寄存器 command_id(324): 0
2025-07-17 00:26:15 [DEBUG] VibrationPlate:write_register:309 - 寫入寄存器 device_connection(301): 1
2025-07-17 00:26:15 [DEBUG] VibrationPlate:write_register:309 - 寫入寄存器 device_status(302): 1
2025-07-17 00:26:15 [DEBUG] VibrationPlate:write_register:309 - 寫入寄存器 vibration_status(312): 0
2025-07-17 00:26:15 [DEBUG] VibrationPlate:write_register:309 - 寫入寄存器 brightness_status(310): 28
2025-07-17 00:26:15 [DEBUG] VibrationPlate:write_register:309 - 寫入寄存器 backlight_status(311): 0
2025-07-17 00:26:15 [DEBUG] VibrationPlate:write_register:309 - 寫入寄存器 module_status(300): 1
2025-07-17 00:26:15 [DEBUG] VibrationPlate:write_register:309 - 寫入寄存器 comm_error_count(309): 0
2025-07-17 00:26:15 [DEBUG] VibrationPlate:write_register:309 - 寫入寄存器 timestamp(314): 53927
2025-07-17 00:26:15 [DEBUG] VibrationPlate:read_register:286 - 讀取寄存器 command_id(324): 0
2025-07-17 00:26:15 [DEBUG] VibrationPlate:write_register:309 - 寫入寄存器 device_connection(301): 1
2025-07-17 00:26:15 [DEBUG] VibrationPlate:write_register:309 - 寫入寄存器 device_status(302): 1
2025-07-17 00:26:15 [DEBUG] VibrationPlate:write_register:309 - 寫入寄存器 vibration_status(312): 0
2025-07-17 00:26:15 [DEBUG] VibrationPlate:write_register:309 - 寫入寄存器 brightness_status(310): 28
2025-07-17 00:26:15 [DEBUG] VibrationPlate:write_register:309 - 寫入寄存器 backlight_status(311): 0
2025-07-17 00:26:15 [DEBUG] VibrationPlate:write_register:309 - 寫入寄存器 module_status(300): 1
2025-07-17 00:26:15 [DEBUG] VibrationPlate:write_register:309 - 寫入寄存器 comm_error_count(309): 0
2025-07-17 00:26:15 [DEBUG] VibrationPlate:write_register:309 - 寫入寄存器 timestamp(314): 53927
2025-07-17 00:26:15 [DEBUG] VibrationPlate:read_register:286 - 讀取寄存器 command_id(324): 0
2025-07-17 00:26:15 [DEBUG] VibrationPlate:write_register:309 - 寫入寄存器 device_connection(301): 1
2025-07-17 00:26:15 [DEBUG] VibrationPlate:write_register:309 - 寫入寄存器 device_status(302): 1
2025-07-17 00:26:15 [DEBUG] VibrationPlate:write_register:309 - 寫入寄存器 vibration_status(312): 0
2025-07-17 00:26:15 [DEBUG] VibrationPlate:write_register:309 - 寫入寄存器 brightness_status(310): 28
2025-07-17 00:26:15 [DEBUG] VibrationPlate:write_register:309 - 寫入寄存器 backlight_status(311): 0
2025-07-17 00:26:15 [DEBUG] VibrationPlate:write_register:309 - 寫入寄存器 module_status(300): 1
2025-07-17 00:26:15 [DEBUG] VibrationPlate:write_register:309 - 寫入寄存器 comm_error_count(309): 0
2025-07-17 00:26:15 [DEBUG] VibrationPlate:write_register:309 - 寫入寄存器 timestamp(314): 53927
2025-07-17 00:26:15 [DEBUG] VibrationPlate:read_register:286 - 讀取寄存器 command_id(324): 0
2025-07-17 00:26:15 [DEBUG] VibrationPlate:write_register:309 - 寫入寄存器 device_connection(301): 1
2025-07-17 00:26:15 [DEBUG] VibrationPlate:write_register:309 - 寫入寄存器 device_status(302): 1
2025-07-17 00:26:15 [DEBUG] VibrationPlate:write_register:309 - 寫入寄存器 vibration_status(312): 0
2025-07-17 00:26:15 [DEBUG] VibrationPlate:write_register:309 - 寫入寄存器 brightness_status(310): 28
2025-07-17 00:26:15 [DEBUG] VibrationPlate:write_register:309 - 寫入寄存器 backlight_status(311): 0
2025-07-17 00:26:15 [DEBUG] VibrationPlate:write_register:309 - 寫入寄存器 module_status(300): 1
2025-07-17 00:26:15 [DEBUG] VibrationPlate:write_register:309 - 寫入寄存器 comm_error_count(309): 0
2025-07-17 00:26:15 [DEBUG] VibrationPlate:write_register:309 - 寫入寄存器 timestamp(314): 53927
2025-07-17 00:26:15 [DEBUG] VibrationPlate:read_register:286 - 讀取寄存器 command_id(324): 0
2025-07-17 00:26:15 [DEBUG] VibrationPlate:write_register:309 - 寫入寄存器 device_connection(301): 1
2025-07-17 00:26:15 [DEBUG] VibrationPlate:write_register:309 - 寫入寄存器 device_status(302): 1
2025-07-17 00:26:15 [DEBUG] VibrationPlate:write_register:309 - 寫入寄存器 vibration_status(312): 0
2025-07-17 00:26:15 [DEBUG] VibrationPlate:write_register:309 - 寫入寄存器 brightness_status(310): 28
2025-07-17 00:26:15 [DEBUG] VibrationPlate:write_register:309 - 寫入寄存器 backlight_status(311): 0
2025-07-17 00:26:15 [DEBUG] VibrationPlate:write_register:309 - 寫入寄存器 module_status(300): 1
2025-07-17 00:26:15 [DEBUG] VibrationPlate:write_register:309 - 寫入寄存器 comm_error_count(309): 0
2025-07-17 00:26:15 [DEBUG] VibrationPlate:write_register:309 - 寫入寄存器 timestamp(314): 53927
2025-07-17 00:26:15 [DEBUG] VibrationPlate:read_register:286 - 讀取寄存器 command_id(324): 0
2025-07-17 00:26:15 [DEBUG] VibrationPlate:write_register:309 - 寫入寄存器 device_connection(301): 1
2025-07-17 00:26:15 [DEBUG] VibrationPlate:write_register:309 - 寫入寄存器 device_status(302): 1
2025-07-17 00:26:15 [DEBUG] VibrationPlate:write_register:309 - 寫入寄存器 vibration_status(312): 0
2025-07-17 00:26:15 [DEBUG] VibrationPlate:write_register:309 - 寫入寄存器 brightness_status(310): 28
2025-07-17 00:26:15 [DEBUG] VibrationPlate:write_register:309 - 寫入寄存器 backlight_status(311): 0
2025-07-17 00:26:15 [DEBUG] VibrationPlate:write_register:309 - 寫入寄存器 module_status(300): 1
2025-07-17 00:26:15 [DEBUG] VibrationPlate:write_register:309 - 寫入寄存器 comm_error_count(309): 0
2025-07-17 00:26:15 [DEBUG] VibrationPlate:write_register:309 - 寫入寄存器 timestamp(314): 53927
2025-07-17 00:26:15 [DEBUG] VibrationPlate:read_register:286 - 讀取寄存器 command_id(324): 0
2025-07-17 00:26:15 [DEBUG] VibrationPlate:write_register:309 - 寫入寄存器 device_connection(301): 1
2025-07-17 00:26:15 [DEBUG] VibrationPlate:write_register:309 - 寫入寄存器 device_status(302): 1
2025-07-17 00:26:15 [DEBUG] VibrationPlate:write_register:309 - 寫入寄存器 vibration_status(312): 0
2025-07-17 00:26:15 [DEBUG] VibrationPlate:write_register:309 - 寫入寄存器 brightness_status(310): 28
2025-07-17 00:26:15 [DEBUG] VibrationPlate:write_register:309 - 寫入寄存器 backlight_status(311): 0
2025-07-17 00:26:15 [DEBUG] VibrationPlate:write_register:309 - 寫入寄存器 module_status(300): 1
2025-07-17 00:26:15 [DEBUG] VibrationPlate:write_register:309 - 寫入寄存器 comm_error_count(309): 0
2025-07-17 00:26:15 [DEBUG] VibrationPlate:write_register:309 - 寫入寄存器 timestamp(314): 53927
2025-07-17 00:26:15 [DEBUG] VibrationPlate:read_register:286 - 讀取寄存器 command_id(324): 0
2025-07-17 00:26:15 [DEBUG] VibrationPlate:write_register:309 - 寫入寄存器 device_connection(301): 1
2025-07-17 00:26:15 [DEBUG] VibrationPlate:write_register:309 - 寫入寄存器 device_status(302): 1
2025-07-17 00:26:15 [DEBUG] VibrationPlate:write_register:309 - 寫入寄存器 vibration_status(312): 0
2025-07-17 00:26:15 [DEBUG] VibrationPlate:write_register:309 - 寫入寄存器 brightness_status(310): 28
2025-07-17 00:26:15 [DEBUG] VibrationPlate:write_register:309 - 寫入寄存器 backlight_status(311): 0
2025-07-17 00:26:15 [DEBUG] VibrationPlate:write_register:309 - 寫入寄存器 module_status(300): 1
2025-07-17 00:26:15 [DEBUG] VibrationPlate:write_register:309 - 寫入寄存器 comm_error_count(309): 0
2025-07-17 00:26:15 [DEBUG] VibrationPlate:write_register:309 - 寫入寄存器 timestamp(314): 53927
2025-07-17 00:26:15 [DEBUG] VibrationPlate:read_register:286 - 讀取寄存器 command_id(324): 0
2025-07-17 00:26:15 [DEBUG] VibrationPlate:write_register:309 - 寫入寄存器 device_connection(301): 1
2025-07-17 00:26:15 [DEBUG] VibrationPlate:write_register:309 - 寫入寄存器 device_status(302): 1
2025-07-17 00:26:15 [DEBUG] VibrationPlate:write_register:309 - 寫入寄存器 vibration_status(312): 0
2025-07-17 00:26:15 [DEBUG] VibrationPlate:write_register:309 - 寫入寄存器 brightness_status(310): 28
2025-07-17 00:26:15 [DEBUG] VibrationPlate:write_register:309 - 寫入寄存器 backlight_status(311): 0
2025-07-17 00:26:15 [DEBUG] VibrationPlate:write_register:309 - 寫入寄存器 module_status(300): 1
2025-07-17 00:26:15 [DEBUG] VibrationPlate:write_register:309 - 寫入寄存器 comm_error_count(309): 0
2025-07-17 00:26:15 [DEBUG] VibrationPlate:write_register:309 - 寫入寄存器 timestamp(314): 53927
2025-07-17 00:26:15 [DEBUG] VibrationPlate:read_register:286 - 讀取寄存器 command_id(324): 0
2025-07-17 00:26:15 [DEBUG] VibrationPlate:write_register:309 - 寫入寄存器 device_connection(301): 1
2025-07-17 00:26:15 [DEBUG] VibrationPlate:write_register:309 - 寫入寄存器 device_status(302): 1
2025-07-17 00:26:15 [DEBUG] VibrationPlate:write_register:309 - 寫入寄存器 vibration_status(312): 0
2025-07-17 00:26:15 [DEBUG] VibrationPlate:write_register:309 - 寫入寄存器 brightness_status(310): 28
2025-07-17 00:26:15 [DEBUG] VibrationPlate:write_register:309 - 寫入寄存器 backlight_status(311): 0
2025-07-17 00:26:15 [DEBUG] VibrationPlate:write_register:309 - 寫入寄存器 module_status(300): 1
2025-07-17 00:26:15 [DEBUG] VibrationPlate:write_register:309 - 寫入寄存器 comm_error_count(309): 0
2025-07-17 00:26:15 [DEBUG] VibrationPlate:write_register:309 - 寫入寄存器 timestamp(314): 53927
2025-07-17 00:26:15 [DEBUG] VibrationPlate:read_register:286 - 讀取寄存器 command_id(324): 0
2025-07-17 00:26:15 [DEBUG] VibrationPlate:write_register:309 - 寫入寄存器 device_connection(301): 1
2025-07-17 00:26:15 [DEBUG] VibrationPlate:write_register:309 - 寫入寄存器 device_status(302): 1
2025-07-17 00:26:15 [DEBUG] VibrationPlate:write_register:309 - 寫入寄存器 vibration_status(312): 0
2025-07-17 00:26:15 [DEBUG] VibrationPlate:write_register:309 - 寫入寄存器 brightness_status(310): 28
2025-07-17 00:26:15 [DEBUG] VibrationPlate:write_register:309 - 寫入寄存器 backlight_status(311): 0
2025-07-17 00:26:15 [DEBUG] VibrationPlate:write_register:309 - 寫入寄存器 module_status(300): 1
2025-07-17 00:26:15 [DEBUG] VibrationPlate:write_register:309 - 寫入寄存器 comm_error_count(309): 0
2025-07-17 00:26:15 [DEBUG] VibrationPlate:write_register:309 - 寫入寄存器 timestamp(314): 53927
2025-07-17 00:26:15 [DEBUG] VibrationPlate:read_register:286 - 讀取寄存器 command_id(324): 0
2025-07-17 00:26:15 [DEBUG] VibrationPlate:write_register:309 - 寫入寄存器 device_connection(301): 1
2025-07-17 00:26:15 [DEBUG] VibrationPlate:write_register:309 - 寫入寄存器 device_status(302): 1
2025-07-17 00:26:15 [DEBUG] VibrationPlate:write_register:309 - 寫入寄存器 vibration_status(312): 0
2025-07-17 00:26:15 [DEBUG] VibrationPlate:write_register:309 - 寫入寄存器 brightness_status(310): 28
2025-07-17 00:26:15 [DEBUG] VibrationPlate:write_register:309 - 寫入寄存器 backlight_status(311): 0
2025-07-17 00:26:15 [DEBUG] VibrationPlate:write_register:309 - 寫入寄存器 module_status(300): 1
2025-07-17 00:26:15 [DEBUG] VibrationPlate:write_register:309 - 寫入寄存器 comm_error_count(309): 0
2025-07-17 00:26:15 [DEBUG] VibrationPlate:write_register:309 - 寫入寄存器 timestamp(314): 53927
2025-07-17 00:26:15 [DEBUG] VibrationPlate:read_register:286 - 讀取寄存器 command_id(324): 0
2025-07-17 00:26:15 [DEBUG] VibrationPlate:write_register:309 - 寫入寄存器 device_connection(301): 1
2025-07-17 00:26:15 [DEBUG] VibrationPlate:write_register:309 - 寫入寄存器 device_status(302): 1
2025-07-17 00:26:15 [DEBUG] VibrationPlate:write_register:309 - 寫入寄存器 vibration_status(312): 0
2025-07-17 00:26:15 [DEBUG] VibrationPlate:write_register:309 - 寫入寄存器 brightness_status(310): 28
2025-07-17 00:26:15 [DEBUG] VibrationPlate:write_register:309 - 寫入寄存器 backlight_status(311): 0
2025-07-17 00:26:15 [DEBUG] VibrationPlate:write_register:309 - 寫入寄存器 module_status(300): 1
2025-07-17 00:26:15 [DEBUG] VibrationPlate:write_register:309 - 寫入寄存器 comm_error_count(309): 0
2025-07-17 00:26:15 [DEBUG] VibrationPlate:write_register:309 - 寫入寄存器 timestamp(314): 53927
2025-07-17 00:26:15 [DEBUG] VibrationPlate:read_register:286 - 讀取寄存器 command_id(324): 0
2025-07-17 00:26:15 [DEBUG] VibrationPlate:write_register:309 - 寫入寄存器 device_connection(301): 1
2025-07-17 00:26:15 [DEBUG] VibrationPlate:write_register:309 - 寫入寄存器 device_status(302): 1
2025-07-17 00:26:15 [DEBUG] VibrationPlate:write_register:309 - 寫入寄存器 vibration_status(312): 0
2025-07-17 00:26:15 [DEBUG] VibrationPlate:write_register:309 - 寫入寄存器 brightness_status(310): 28
2025-07-17 00:26:15 [DEBUG] VibrationPlate:write_register:309 - 寫入寄存器 backlight_status(311): 0
2025-07-17 00:26:15 [DEBUG] VibrationPlate:write_register:309 - 寫入寄存器 module_status(300): 1
2025-07-17 00:26:15 [DEBUG] VibrationPlate:write_register:309 - 寫入寄存器 comm_error_count(309): 0
2025-07-17 00:26:15 [DEBUG] VibrationPlate:write_register:309 - 寫入寄存器 timestamp(314): 53927
2025-07-17 00:26:15 [DEBUG] VibrationPlate:read_register:286 - 讀取寄存器 command_id(324): 0
2025-07-17 00:26:15 [DEBUG] VibrationPlate:write_register:309 - 寫入寄存器 device_connection(301): 1
2025-07-17 00:26:15 [DEBUG] VibrationPlate:write_register:309 - 寫入寄存器 device_status(302): 1
2025-07-17 00:26:15 [DEBUG] VibrationPlate:write_register:309 - 寫入寄存器 vibration_status(312): 0
2025-07-17 00:26:15 [DEBUG] VibrationPlate:write_register:309 - 寫入寄存器 brightness_status(310): 28
2025-07-17 00:26:15 [DEBUG] VibrationPlate:write_register:309 - 寫入寄存器 backlight_status(311): 0
2025-07-17 00:26:15 [DEBUG] VibrationPlate:write_register:309 - 寫入寄存器 module_status(300): 1
2025-07-17 00:26:15 [DEBUG] VibrationPlate:write_register:309 - 寫入寄存器 comm_error_count(309): 0
2025-07-17 00:26:15 [DEBUG] VibrationPlate:write_register:309 - 寫入寄存器 timestamp(314): 53927
2025-07-17 00:26:15 [DEBUG] VibrationPlate:read_register:286 - 讀取寄存器 command_id(324): 0
2025-07-17 00:26:15 [DEBUG] VibrationPlate:write_register:309 - 寫入寄存器 device_connection(301): 1
2025-07-17 00:26:15 [DEBUG] VibrationPlate:write_register:309 - 寫入寄存器 device_status(302): 1
2025-07-17 00:26:15 [DEBUG] VibrationPlate:write_register:309 - 寫入寄存器 vibration_status(312): 0
2025-07-17 00:26:15 [DEBUG] VibrationPlate:write_register:309 - 寫入寄存器 brightness_status(310): 28
2025-07-17 00:26:15 [DEBUG] VibrationPlate:write_register:309 - 寫入寄存器 backlight_status(311): 0
2025-07-17 00:26:15 [DEBUG] VibrationPlate:write_register:309 - 寫入寄存器 module_status(300): 1
2025-07-17 00:26:15 [DEBUG] VibrationPlate:write_register:309 - 寫入寄存器 comm_error_count(309): 0
2025-07-17 00:26:15 [DEBUG] VibrationPlate:write_register:309 - 寫入寄存器 timestamp(314): 53927
2025-07-17 00:26:15 [DEBUG] VibrationPlate:read_register:286 - 讀取寄存器 command_id(324): 0
2025-07-17 00:26:15 [DEBUG] VibrationPlate:write_register:309 - 寫入寄存器 device_connection(301): 1
2025-07-17 00:26:15 [DEBUG] VibrationPlate:write_register:309 - 寫入寄存器 device_status(302): 1
2025-07-17 00:26:15 [DEBUG] VibrationPlate:write_register:309 - 寫入寄存器 vibration_status(312): 0
2025-07-17 00:26:15 [DEBUG] VibrationPlate:write_register:309 - 寫入寄存器 brightness_status(310): 28
2025-07-17 00:26:15 [DEBUG] VibrationPlate:write_register:309 - 寫入寄存器 backlight_status(311): 0
2025-07-17 00:26:15 [DEBUG] VibrationPlate:write_register:309 - 寫入寄存器 module_status(300): 1
2025-07-17 00:26:15 [DEBUG] VibrationPlate:write_register:309 - 寫入寄存器 comm_error_count(309): 0
2025-07-17 00:26:15 [DEBUG] VibrationPlate:write_register:309 - 寫入寄存器 timestamp(314): 53927
2025-07-17 00:26:15 [DEBUG] VibrationPlate:read_register:286 - 讀取寄存器 command_id(324): 0
2025-07-17 00:26:15 [DEBUG] VibrationPlate:write_register:309 - 寫入寄存器 device_connection(301): 1
2025-07-17 00:26:16 [DEBUG] VibrationPlate:write_register:309 - 寫入寄存器 device_status(302): 1
2025-07-17 00:26:16 [DEBUG] VibrationPlate:write_register:309 - 寫入寄存器 vibration_status(312): 0
2025-07-17 00:26:16 [DEBUG] VibrationPlate:write_register:309 - 寫入寄存器 brightness_status(310): 28
2025-07-17 00:26:16 [DEBUG] VibrationPlate:write_register:309 - 寫入寄存器 backlight_status(311): 0
2025-07-17 00:26:16 [DEBUG] VibrationPlate:write_register:309 - 寫入寄存器 module_status(300): 1
2025-07-17 00:26:16 [DEBUG] VibrationPlate:write_register:309 - 寫入寄存器 comm_error_count(309): 0
2025-07-17 00:26:16 [DEBUG] VibrationPlate:write_register:309 - 寫入寄存器 timestamp(314): 53928
2025-07-17 00:26:16 [DEBUG] VibrationPlate:read_register:286 - 讀取寄存器 command_id(324): 0
2025-07-17 00:26:16 [DEBUG] VibrationPlate:write_register:309 - 寫入寄存器 device_connection(301): 1
2025-07-17 00:26:16 [DEBUG] VibrationPlate:write_register:309 - 寫入寄存器 device_status(302): 1
2025-07-17 00:26:16 [DEBUG] VibrationPlate:write_register:309 - 寫入寄存器 vibration_status(312): 0
2025-07-17 00:26:16 [DEBUG] VibrationPlate:write_register:309 - 寫入寄存器 brightness_status(310): 28
2025-07-17 00:26:16 [DEBUG] VibrationPlate:write_register:309 - 寫入寄存器 backlight_status(311): 0
2025-07-17 00:26:16 [DEBUG] VibrationPlate:write_register:309 - 寫入寄存器 module_status(300): 1
2025-07-17 00:26:16 [DEBUG] VibrationPlate:write_register:309 - 寫入寄存器 comm_error_count(309): 0
2025-07-17 00:26:16 [DEBUG] VibrationPlate:write_register:309 - 寫入寄存器 timestamp(314): 53928
2025-07-17 00:26:16 [DEBUG] VibrationPlate:read_register:286 - 讀取寄存器 command_id(324): 0
2025-07-17 00:26:16 [DEBUG] VibrationPlate:write_register:309 - 寫入寄存器 device_connection(301): 1
2025-07-17 00:26:16 [DEBUG] VibrationPlate:write_register:309 - 寫入寄存器 device_status(302): 1
2025-07-17 00:26:16 [DEBUG] VibrationPlate:write_register:309 - 寫入寄存器 vibration_status(312): 0
2025-07-17 00:26:16 [DEBUG] VibrationPlate:write_register:309 - 寫入寄存器 brightness_status(310): 28
2025-07-17 00:26:16 [DEBUG] VibrationPlate:write_register:309 - 寫入寄存器 backlight_status(311): 0
2025-07-17 00:26:16 [DEBUG] VibrationPlate:write_register:309 - 寫入寄存器 module_status(300): 1
2025-07-17 00:26:16 [DEBUG] VibrationPlate:write_register:309 - 寫入寄存器 comm_error_count(309): 0
2025-07-17 00:26:16 [DEBUG] VibrationPlate:write_register:309 - 寫入寄存器 timestamp(314): 53928
2025-07-17 00:26:16 [DEBUG] VibrationPlate:read_register:286 - 讀取寄存器 command_id(324): 0
2025-07-17 00:26:16 [DEBUG] VibrationPlate:write_register:309 - 寫入寄存器 device_connection(301): 1
2025-07-17 00:26:16 [DEBUG] VibrationPlate:write_register:309 - 寫入寄存器 device_status(302): 1
2025-07-17 00:26:16 [DEBUG] VibrationPlate:write_register:309 - 寫入寄存器 vibration_status(312): 0
2025-07-17 00:26:16 [DEBUG] VibrationPlate:write_register:309 - 寫入寄存器 brightness_status(310): 28
2025-07-17 00:26:16 [DEBUG] VibrationPlate:write_register:309 - 寫入寄存器 backlight_status(311): 0
2025-07-17 00:26:16 [DEBUG] VibrationPlate:write_register:309 - 寫入寄存器 module_status(300): 1
2025-07-17 00:26:16 [DEBUG] VibrationPlate:write_register:309 - 寫入寄存器 comm_error_count(309): 0
2025-07-17 00:26:16 [DEBUG] VibrationPlate:write_register:309 - 寫入寄存器 timestamp(314): 53928
2025-07-17 00:26:16 [DEBUG] VibrationPlate:read_register:286 - 讀取寄存器 command_id(324): 0
2025-07-17 00:26:16 [DEBUG] VibrationPlate:write_register:309 - 寫入寄存器 device_connection(301): 1
2025-07-17 00:26:16 [DEBUG] VibrationPlate:write_register:309 - 寫入寄存器 device_status(302): 1
2025-07-17 00:26:16 [DEBUG] VibrationPlate:write_register:309 - 寫入寄存器 vibration_status(312): 0
2025-07-17 00:26:16 [DEBUG] VibrationPlate:write_register:309 - 寫入寄存器 brightness_status(310): 28
2025-07-17 00:26:16 [DEBUG] VibrationPlate:write_register:309 - 寫入寄存器 backlight_status(311): 0
2025-07-17 00:26:16 [DEBUG] VibrationPlate:write_register:309 - 寫入寄存器 module_status(300): 1
2025-07-17 00:26:16 [DEBUG] VibrationPlate:write_register:309 - 寫入寄存器 comm_error_count(309): 0
2025-07-17 00:26:16 [DEBUG] VibrationPlate:write_register:309 - 寫入寄存器 timestamp(314): 53928
2025-07-17 00:26:16 [DEBUG] VibrationPlate:read_register:286 - 讀取寄存器 command_id(324): 0
2025-07-17 00:26:16 [DEBUG] VibrationPlate:write_register:309 - 寫入寄存器 device_connection(301): 1
2025-07-17 00:26:16 [DEBUG] VibrationPlate:write_register:309 - 寫入寄存器 device_status(302): 1
2025-07-17 00:26:16 [DEBUG] VibrationPlate:write_register:309 - 寫入寄存器 vibration_status(312): 0
2025-07-17 00:26:16 [DEBUG] VibrationPlate:write_register:309 - 寫入寄存器 brightness_status(310): 28
2025-07-17 00:26:16 [DEBUG] VibrationPlate:write_register:309 - 寫入寄存器 backlight_status(311): 0
2025-07-17 00:26:16 [DEBUG] VibrationPlate:write_register:309 - 寫入寄存器 module_status(300): 1
2025-07-17 00:26:16 [DEBUG] VibrationPlate:write_register:309 - 寫入寄存器 comm_error_count(309): 0
2025-07-17 00:26:16 [DEBUG] VibrationPlate:write_register:309 - 寫入寄存器 timestamp(314): 53928
2025-07-17 00:26:16 [DEBUG] VibrationPlate:read_register:286 - 讀取寄存器 command_id(324): 0
2025-07-17 00:26:16 [DEBUG] VibrationPlate:write_register:309 - 寫入寄存器 device_connection(301): 1
2025-07-17 00:26:16 [DEBUG] VibrationPlate:write_register:309 - 寫入寄存器 device_status(302): 1
2025-07-17 00:26:16 [DEBUG] VibrationPlate:write_register:309 - 寫入寄存器 vibration_status(312): 0
2025-07-17 00:26:16 [DEBUG] VibrationPlate:write_register:309 - 寫入寄存器 brightness_status(310): 28
2025-07-17 00:26:16 [DEBUG] VibrationPlate:write_register:309 - 寫入寄存器 backlight_status(311): 0
2025-07-17 00:26:16 [DEBUG] VibrationPlate:write_register:309 - 寫入寄存器 module_status(300): 1
2025-07-17 00:26:16 [DEBUG] VibrationPlate:write_register:309 - 寫入寄存器 comm_error_count(309): 0
2025-07-17 00:26:16 [DEBUG] VibrationPlate:write_register:309 - 寫入寄存器 timestamp(314): 53928
2025-07-17 00:26:16 [DEBUG] VibrationPlate:read_register:286 - 讀取寄存器 command_id(324): 0
2025-07-17 00:26:16 [DEBUG] VibrationPlate:write_register:309 - 寫入寄存器 device_connection(301): 1
2025-07-17 00:26:16 [DEBUG] VibrationPlate:write_register:309 - 寫入寄存器 device_status(302): 1
2025-07-17 00:26:16 [DEBUG] VibrationPlate:write_register:309 - 寫入寄存器 vibration_status(312): 0
2025-07-17 00:26:16 [DEBUG] VibrationPlate:write_register:309 - 寫入寄存器 brightness_status(310): 28
2025-07-17 00:26:16 [DEBUG] VibrationPlate:write_register:309 - 寫入寄存器 backlight_status(311): 0
2025-07-17 00:26:16 [DEBUG] VibrationPlate:write_register:309 - 寫入寄存器 module_status(300): 1
2025-07-17 00:26:16 [DEBUG] VibrationPlate:write_register:309 - 寫入寄存器 comm_error_count(309): 0
2025-07-17 00:26:16 [DEBUG] VibrationPlate:write_register:309 - 寫入寄存器 timestamp(314): 53928
2025-07-17 00:26:16 [DEBUG] VibrationPlate:read_register:286 - 讀取寄存器 command_id(324): 0
2025-07-17 00:26:16 [DEBUG] VibrationPlate:write_register:309 - 寫入寄存器 device_connection(301): 1
2025-07-17 00:26:16 [DEBUG] VibrationPlate:write_register:309 - 寫入寄存器 device_status(302): 1
2025-07-17 00:26:16 [DEBUG] VibrationPlate:write_register:309 - 寫入寄存器 vibration_status(312): 0
2025-07-17 00:26:16 [DEBUG] VibrationPlate:write_register:309 - 寫入寄存器 brightness_status(310): 28
2025-07-17 00:26:16 [DEBUG] VibrationPlate:write_register:309 - 寫入寄存器 backlight_status(311): 0
2025-07-17 00:26:16 [DEBUG] VibrationPlate:write_register:309 - 寫入寄存器 module_status(300): 1
2025-07-17 00:26:16 [DEBUG] VibrationPlate:write_register:309 - 寫入寄存器 comm_error_count(309): 0
2025-07-17 00:26:16 [DEBUG] VibrationPlate:write_register:309 - 寫入寄存器 timestamp(314): 53928
2025-07-17 00:26:16 [DEBUG] VibrationPlate:read_register:286 - 讀取寄存器 command_id(324): 0
2025-07-17 00:26:16 [DEBUG] VibrationPlate:write_register:309 - 寫入寄存器 device_connection(301): 1
2025-07-17 00:26:16 [DEBUG] VibrationPlate:write_register:309 - 寫入寄存器 device_status(302): 1
2025-07-17 00:26:16 [DEBUG] VibrationPlate:write_register:309 - 寫入寄存器 vibration_status(312): 0
2025-07-17 00:26:16 [DEBUG] VibrationPlate:write_register:309 - 寫入寄存器 brightness_status(310): 28
2025-07-17 00:26:16 [DEBUG] VibrationPlate:write_register:309 - 寫入寄存器 backlight_status(311): 0
2025-07-17 00:26:16 [DEBUG] VibrationPlate:write_register:309 - 寫入寄存器 module_status(300): 1
2025-07-17 00:26:16 [DEBUG] VibrationPlate:write_register:309 - 寫入寄存器 comm_error_count(309): 0
2025-07-17 00:26:16 [DEBUG] VibrationPlate:write_register:309 - 寫入寄存器 timestamp(314): 53928
2025-07-17 00:26:16 [DEBUG] VibrationPlate:read_register:286 - 讀取寄存器 command_id(324): 0
2025-07-17 00:26:16 [DEBUG] VibrationPlate:write_register:309 - 寫入寄存器 device_connection(301): 1
2025-07-17 00:26:16 [DEBUG] VibrationPlate:write_register:309 - 寫入寄存器 device_status(302): 1
2025-07-17 00:26:16 [DEBUG] VibrationPlate:write_register:309 - 寫入寄存器 vibration_status(312): 0
2025-07-17 00:26:16 [DEBUG] VibrationPlate:write_register:309 - 寫入寄存器 brightness_status(310): 28
2025-07-17 00:26:16 [DEBUG] VibrationPlate:write_register:309 - 寫入寄存器 backlight_status(311): 0
2025-07-17 00:26:16 [DEBUG] VibrationPlate:write_register:309 - 寫入寄存器 module_status(300): 1
2025-07-17 00:26:16 [DEBUG] VibrationPlate:write_register:309 - 寫入寄存器 comm_error_count(309): 0
2025-07-17 00:26:16 [DEBUG] VibrationPlate:write_register:309 - 寫入寄存器 timestamp(314): 53928
2025-07-17 00:26:16 [DEBUG] VibrationPlate:read_register:286 - 讀取寄存器 command_id(324): 0
2025-07-17 00:26:16 [DEBUG] VibrationPlate:write_register:309 - 寫入寄存器 device_connection(301): 1
2025-07-17 00:26:16 [DEBUG] VibrationPlate:write_register:309 - 寫入寄存器 device_status(302): 1
2025-07-17 00:26:16 [DEBUG] VibrationPlate:write_register:309 - 寫入寄存器 vibration_status(312): 0
2025-07-17 00:26:16 [DEBUG] VibrationPlate:write_register:309 - 寫入寄存器 brightness_status(310): 28
2025-07-17 00:26:16 [DEBUG] VibrationPlate:write_register:309 - 寫入寄存器 backlight_status(311): 0
2025-07-17 00:26:16 [DEBUG] VibrationPlate:write_register:309 - 寫入寄存器 module_status(300): 1
2025-07-17 00:26:16 [DEBUG] VibrationPlate:write_register:309 - 寫入寄存器 comm_error_count(309): 0
2025-07-17 00:26:16 [DEBUG] VibrationPlate:write_register:309 - 寫入寄存器 timestamp(314): 53928
2025-07-17 00:26:16 [DEBUG] VibrationPlate:read_register:286 - 讀取寄存器 command_id(324): 0
2025-07-17 00:26:16 [DEBUG] VibrationPlate:write_register:309 - 寫入寄存器 device_connection(301): 1
2025-07-17 00:26:16 [DEBUG] VibrationPlate:write_register:309 - 寫入寄存器 device_status(302): 1
2025-07-17 00:26:16 [DEBUG] VibrationPlate:write_register:309 - 寫入寄存器 vibration_status(312): 0
2025-07-17 00:26:16 [DEBUG] VibrationPlate:write_register:309 - 寫入寄存器 brightness_status(310): 28
2025-07-17 00:26:16 [DEBUG] VibrationPlate:write_register:309 - 寫入寄存器 backlight_status(311): 0
2025-07-17 00:26:16 [DEBUG] VibrationPlate:write_register:309 - 寫入寄存器 module_status(300): 1
2025-07-17 00:26:16 [DEBUG] VibrationPlate:write_register:309 - 寫入寄存器 comm_error_count(309): 0
2025-07-17 00:26:16 [DEBUG] VibrationPlate:write_register:309 - 寫入寄存器 timestamp(314): 53928
2025-07-17 00:26:16 [DEBUG] VibrationPlate:read_register:286 - 讀取寄存器 command_id(324): 0
2025-07-17 00:26:16 [DEBUG] VibrationPlate:write_register:309 - 寫入寄存器 device_connection(301): 1
2025-07-17 00:26:16 [DEBUG] VibrationPlate:write_register:309 - 寫入寄存器 device_status(302): 1
2025-07-17 00:26:16 [DEBUG] VibrationPlate:write_register:309 - 寫入寄存器 vibration_status(312): 0
2025-07-17 00:26:16 [DEBUG] VibrationPlate:write_register:309 - 寫入寄存器 brightness_status(310): 28
2025-07-17 00:26:16 [DEBUG] VibrationPlate:write_register:309 - 寫入寄存器 backlight_status(311): 0
2025-07-17 00:26:16 [DEBUG] VibrationPlate:write_register:309 - 寫入寄存器 module_status(300): 1
2025-07-17 00:26:16 [DEBUG] VibrationPlate:write_register:309 - 寫入寄存器 comm_error_count(309): 0
2025-07-17 00:26:16 [DEBUG] VibrationPlate:write_register:309 - 寫入寄存器 timestamp(314): 53928
2025-07-17 00:26:16 [DEBUG] VibrationPlate:read_register:286 - 讀取寄存器 command_id(324): 0
2025-07-17 00:26:16 [DEBUG] VibrationPlate:write_register:309 - 寫入寄存器 device_connection(301): 1
2025-07-17 00:26:16 [DEBUG] VibrationPlate:write_register:309 - 寫入寄存器 device_status(302): 1
2025-07-17 00:26:16 [DEBUG] VibrationPlate:write_register:309 - 寫入寄存器 vibration_status(312): 0
2025-07-17 00:26:16 [DEBUG] VibrationPlate:write_register:309 - 寫入寄存器 brightness_status(310): 28
2025-07-17 00:26:16 [DEBUG] VibrationPlate:write_register:309 - 寫入寄存器 backlight_status(311): 0
2025-07-17 00:26:16 [DEBUG] VibrationPlate:write_register:309 - 寫入寄存器 module_status(300): 1
2025-07-17 00:26:16 [DEBUG] VibrationPlate:write_register:309 - 寫入寄存器 comm_error_count(309): 0
2025-07-17 00:26:16 [DEBUG] VibrationPlate:write_register:309 - 寫入寄存器 timestamp(314): 53928
2025-07-17 00:26:16 [DEBUG] VibrationPlate:read_register:286 - 讀取寄存器 command_id(324): 0
2025-07-17 00:26:16 [DEBUG] VibrationPlate:write_register:309 - 寫入寄存器 device_connection(301): 1
2025-07-17 00:26:16 [DEBUG] VibrationPlate:write_register:309 - 寫入寄存器 device_status(302): 1
2025-07-17 00:26:16 [DEBUG] VibrationPlate:write_register:309 - 寫入寄存器 vibration_status(312): 0
2025-07-17 00:26:16 [DEBUG] VibrationPlate:write_register:309 - 寫入寄存器 brightness_status(310): 28
2025-07-17 00:26:16 [DEBUG] VibrationPlate:write_register:309 - 寫入寄存器 backlight_status(311): 0
2025-07-17 00:26:16 [DEBUG] VibrationPlate:write_register:309 - 寫入寄存器 module_status(300): 1
2025-07-17 00:26:16 [DEBUG] VibrationPlate:write_register:309 - 寫入寄存器 comm_error_count(309): 0
2025-07-17 00:26:16 [DEBUG] VibrationPlate:write_register:309 - 寫入寄存器 timestamp(314): 53928
2025-07-17 00:26:16 [DEBUG] VibrationPlate:read_register:286 - 讀取寄存器 command_id(324): 0
2025-07-17 00:26:16 [DEBUG] VibrationPlate:write_register:309 - 寫入寄存器 device_connection(301): 1
2025-07-17 00:26:16 [DEBUG] VibrationPlate:write_register:309 - 寫入寄存器 device_status(302): 1
2025-07-17 00:26:16 [DEBUG] VibrationPlate:write_register:309 - 寫入寄存器 vibration_status(312): 0
2025-07-17 00:26:16 [DEBUG] VibrationPlate:write_register:309 - 寫入寄存器 brightness_status(310): 28
2025-07-17 00:26:16 [DEBUG] VibrationPlate:write_register:309 - 寫入寄存器 backlight_status(311): 0
2025-07-17 00:26:16 [DEBUG] VibrationPlate:write_register:309 - 寫入寄存器 module_status(300): 1
2025-07-17 00:26:16 [DEBUG] VibrationPlate:write_register:309 - 寫入寄存器 comm_error_count(309): 0
2025-07-17 00:26:16 [DEBUG] VibrationPlate:write_register:309 - 寫入寄存器 timestamp(314): 53928
2025-07-17 00:26:16 [DEBUG] VibrationPlate:read_register:286 - 讀取寄存器 command_id(324): 0
2025-07-17 00:26:16 [DEBUG] VibrationPlate:write_register:309 - 寫入寄存器 device_connection(301): 1
2025-07-17 00:26:16 [DEBUG] VibrationPlate:write_register:309 - 寫入寄存器 device_status(302): 1
2025-07-17 00:26:16 [DEBUG] VibrationPlate:write_register:309 - 寫入寄存器 vibration_status(312): 0
2025-07-17 00:26:16 [DEBUG] VibrationPlate:write_register:309 - 寫入寄存器 brightness_status(310): 28
2025-07-17 00:26:16 [DEBUG] VibrationPlate:write_register:309 - 寫入寄存器 backlight_status(311): 0
2025-07-17 00:26:16 [DEBUG] VibrationPlate:write_register:309 - 寫入寄存器 module_status(300): 1
2025-07-17 00:26:16 [DEBUG] VibrationPlate:write_register:309 - 寫入寄存器 comm_error_count(309): 0
2025-07-17 00:26:16 [DEBUG] VibrationPlate:write_register:309 - 寫入寄存器 timestamp(314): 53928
2025-07-17 00:26:16 [DEBUG] VibrationPlate:read_register:286 - 讀取寄存器 command_id(324): 0
2025-07-17 00:26:16 [DEBUG] VibrationPlate:write_register:309 - 寫入寄存器 device_connection(301): 1
2025-07-17 00:26:16 [DEBUG] VibrationPlate:write_register:309 - 寫入寄存器 device_status(302): 1
2025-07-17 00:26:16 [DEBUG] VibrationPlate:write_register:309 - 寫入寄存器 vibration_status(312): 0
2025-07-17 00:26:16 [DEBUG] VibrationPlate:write_register:309 - 寫入寄存器 brightness_status(310): 28
2025-07-17 00:26:16 [DEBUG] VibrationPlate:write_register:309 - 寫入寄存器 backlight_status(311): 0
2025-07-17 00:26:16 [DEBUG] VibrationPlate:write_register:309 - 寫入寄存器 module_status(300): 1
2025-07-17 00:26:16 [DEBUG] VibrationPlate:write_register:309 - 寫入寄存器 comm_error_count(309): 0
2025-07-17 00:26:16 [DEBUG] VibrationPlate:write_register:309 - 寫入寄存器 timestamp(314): 53928
2025-07-17 00:26:16 [DEBUG] VibrationPlate:read_register:286 - 讀取寄存器 command_id(324): 0
2025-07-17 00:26:16 [DEBUG] VibrationPlate:write_register:309 - 寫入寄存器 device_connection(301): 1
2025-07-17 00:26:16 [DEBUG] VibrationPlate:write_register:309 - 寫入寄存器 device_status(302): 1
2025-07-17 00:26:16 [DEBUG] VibrationPlate:write_register:309 - 寫入寄存器 vibration_status(312): 0
2025-07-17 00:26:16 [DEBUG] VibrationPlate:write_register:309 - 寫入寄存器 brightness_status(310): 28
2025-07-17 00:26:16 [DEBUG] VibrationPlate:write_register:309 - 寫入寄存器 backlight_status(311): 0
2025-07-17 00:26:16 [DEBUG] VibrationPlate:write_register:309 - 寫入寄存器 module_status(300): 1
2025-07-17 00:26:16 [DEBUG] VibrationPlate:write_register:309 - 寫入寄存器 comm_error_count(309): 0
2025-07-17 00:26:16 [DEBUG] VibrationPlate:write_register:309 - 寫入寄存器 timestamp(314): 53928
2025-07-17 00:26:16 [DEBUG] VibrationPlate:read_register:286 - 讀取寄存器 command_id(324): 0
2025-07-17 00:26:16 [DEBUG] VibrationPlate:write_register:309 - 寫入寄存器 device_connection(301): 1
2025-07-17 00:26:16 [DEBUG] VibrationPlate:write_register:309 - 寫入寄存器 device_status(302): 1
2025-07-17 00:26:16 [DEBUG] VibrationPlate:write_register:309 - 寫入寄存器 vibration_status(312): 0
2025-07-17 00:26:16 [DEBUG] VibrationPlate:write_register:309 - 寫入寄存器 brightness_status(310): 28
2025-07-17 00:26:16 [DEBUG] VibrationPlate:write_register:309 - 寫入寄存器 backlight_status(311): 0
2025-07-17 00:26:16 [DEBUG] VibrationPlate:write_register:309 - 寫入寄存器 module_status(300): 1
2025-07-17 00:26:16 [DEBUG] VibrationPlate:write_register:309 - 寫入寄存器 comm_error_count(309): 0
2025-07-17 00:26:16 [DEBUG] VibrationPlate:write_register:309 - 寫入寄存器 timestamp(314): 53928
2025-07-17 00:26:16 [DEBUG] VibrationPlate:read_register:286 - 讀取寄存器 command_id(324): 0
2025-07-17 00:26:16 [DEBUG] VibrationPlate:write_register:309 - 寫入寄存器 device_connection(301): 1
2025-07-17 00:26:16 [DEBUG] VibrationPlate:write_register:309 - 寫入寄存器 device_status(302): 1
2025-07-17 00:26:16 [DEBUG] VibrationPlate:write_register:309 - 寫入寄存器 vibration_status(312): 0
2025-07-17 00:26:16 [DEBUG] VibrationPlate:write_register:309 - 寫入寄存器 brightness_status(310): 28
2025-07-17 00:26:16 [DEBUG] VibrationPlate:write_register:309 - 寫入寄存器 backlight_status(311): 0
2025-07-17 00:26:16 [DEBUG] VibrationPlate:write_register:309 - 寫入寄存器 module_status(300): 1
2025-07-17 00:26:16 [DEBUG] VibrationPlate:write_register:309 - 寫入寄存器 comm_error_count(309): 0
2025-07-17 00:26:16 [DEBUG] VibrationPlate:write_register:309 - 寫入寄存器 timestamp(314): 53928
2025-07-17 00:26:16 [DEBUG] VibrationPlate:read_register:286 - 讀取寄存器 command_id(324): 0
2025-07-17 00:26:16 [DEBUG] VibrationPlate:write_register:309 - 寫入寄存器 device_connection(301): 1
2025-07-17 00:26:16 [DEBUG] VibrationPlate:write_register:309 - 寫入寄存器 device_status(302): 1
2025-07-17 00:26:16 [DEBUG] VibrationPlate:write_register:309 - 寫入寄存器 vibration_status(312): 0
2025-07-17 00:26:16 [DEBUG] VibrationPlate:write_register:309 - 寫入寄存器 brightness_status(310): 28
2025-07-17 00:26:16 [DEBUG] VibrationPlate:write_register:309 - 寫入寄存器 backlight_status(311): 0
2025-07-17 00:26:16 [DEBUG] VibrationPlate:write_register:309 - 寫入寄存器 module_status(300): 1
2025-07-17 00:26:16 [DEBUG] VibrationPlate:write_register:309 - 寫入寄存器 comm_error_count(309): 0
2025-07-17 00:26:16 [DEBUG] VibrationPlate:write_register:309 - 寫入寄存器 timestamp(314): 53928
2025-07-17 00:26:16 [DEBUG] VibrationPlate:read_register:286 - 讀取寄存器 command_id(324): 0
2025-07-17 00:26:16 [DEBUG] VibrationPlate:write_register:309 - 寫入寄存器 device_connection(301): 1
2025-07-17 00:26:16 [DEBUG] VibrationPlate:write_register:309 - 寫入寄存器 device_status(302): 1
2025-07-17 00:26:16 [DEBUG] VibrationPlate:write_register:309 - 寫入寄存器 vibration_status(312): 0
2025-07-17 00:26:16 [DEBUG] VibrationPlate:write_register:309 - 寫入寄存器 brightness_status(310): 28
2025-07-17 00:26:16 [DEBUG] VibrationPlate:write_register:309 - 寫入寄存器 backlight_status(311): 0
2025-07-17 00:26:16 [DEBUG] VibrationPlate:write_register:309 - 寫入寄存器 module_status(300): 1
2025-07-17 00:26:16 [DEBUG] VibrationPlate:write_register:309 - 寫入寄存器 comm_error_count(309): 0
2025-07-17 00:26:16 [DEBUG] VibrationPlate:write_register:309 - 寫入寄存器 timestamp(314): 53928
2025-07-17 00:26:16 [DEBUG] VibrationPlate:read_register:286 - 讀取寄存器 command_id(324): 0
2025-07-17 00:26:16 [DEBUG] VibrationPlate:write_register:309 - 寫入寄存器 device_connection(301): 1
2025-07-17 00:26:16 [DEBUG] VibrationPlate:write_register:309 - 寫入寄存器 device_status(302): 1
2025-07-17 00:26:16 [DEBUG] VibrationPlate:write_register:309 - 寫入寄存器 vibration_status(312): 0
2025-07-17 00:26:16 [DEBUG] VibrationPlate:write_register:309 - 寫入寄存器 brightness_status(310): 28
2025-07-17 00:26:16 [DEBUG] VibrationPlate:write_register:309 - 寫入寄存器 backlight_status(311): 0
2025-07-17 00:26:16 [DEBUG] VibrationPlate:write_register:309 - 寫入寄存器 module_status(300): 1
2025-07-17 00:26:16 [DEBUG] VibrationPlate:write_register:309 - 寫入寄存器 comm_error_count(309): 0
2025-07-17 00:26:16 [DEBUG] VibrationPlate:write_register:309 - 寫入寄存器 timestamp(314): 53928
2025-07-17 00:26:16 [DEBUG] VibrationPlate:read_register:286 - 讀取寄存器 command_id(324): 0
2025-07-17 00:26:16 [DEBUG] VibrationPlate:write_register:309 - 寫入寄存器 device_connection(301): 1
2025-07-17 00:26:16 [DEBUG] VibrationPlate:write_register:309 - 寫入寄存器 device_status(302): 1
2025-07-17 00:26:16 [DEBUG] VibrationPlate:write_register:309 - 寫入寄存器 vibration_status(312): 0
2025-07-17 00:26:16 [DEBUG] VibrationPlate:write_register:309 - 寫入寄存器 brightness_status(310): 28
2025-07-17 00:26:16 [DEBUG] VibrationPlate:write_register:309 - 寫入寄存器 backlight_status(311): 0
2025-07-17 00:26:16 [DEBUG] VibrationPlate:write_register:309 - 寫入寄存器 module_status(300): 1
2025-07-17 00:26:16 [DEBUG] VibrationPlate:write_register:309 - 寫入寄存器 comm_error_count(309): 0
2025-07-17 00:26:16 [DEBUG] VibrationPlate:write_register:309 - 寫入寄存器 timestamp(314): 53928
2025-07-17 00:26:16 [DEBUG] VibrationPlate:read_register:286 - 讀取寄存器 command_id(324): 0
2025-07-17 00:26:16 [DEBUG] VibrationPlate:write_register:309 - 寫入寄存器 device_connection(301): 1
2025-07-17 00:26:16 [DEBUG] VibrationPlate:write_register:309 - 寫入寄存器 device_status(302): 1
2025-07-17 00:26:16 [DEBUG] VibrationPlate:write_register:309 - 寫入寄存器 vibration_status(312): 0
2025-07-17 00:26:16 [DEBUG] VibrationPlate:write_register:309 - 寫入寄存器 brightness_status(310): 28
2025-07-17 00:26:16 [DEBUG] VibrationPlate:write_register:309 - 寫入寄存器 backlight_status(311): 0
2025-07-17 00:26:16 [DEBUG] VibrationPlate:write_register:309 - 寫入寄存器 module_status(300): 1
2025-07-17 00:26:16 [DEBUG] VibrationPlate:write_register:309 - 寫入寄存器 comm_error_count(309): 0
2025-07-17 00:26:16 [DEBUG] VibrationPlate:write_register:309 - 寫入寄存器 timestamp(314): 53928
2025-07-17 00:26:16 [DEBUG] VibrationPlate:read_register:286 - 讀取寄存器 command_id(324): 0
2025-07-17 00:26:16 [DEBUG] VibrationPlate:write_register:309 - 寫入寄存器 device_connection(301): 1
2025-07-17 00:26:16 [DEBUG] VibrationPlate:write_register:309 - 寫入寄存器 device_status(302): 1
2025-07-17 00:26:16 [DEBUG] VibrationPlate:write_register:309 - 寫入寄存器 vibration_status(312): 0
2025-07-17 00:26:16 [DEBUG] VibrationPlate:write_register:309 - 寫入寄存器 brightness_status(310): 28
2025-07-17 00:26:16 [DEBUG] VibrationPlate:write_register:309 - 寫入寄存器 backlight_status(311): 0
2025-07-17 00:26:16 [DEBUG] VibrationPlate:write_register:309 - 寫入寄存器 module_status(300): 1
2025-07-17 00:26:16 [DEBUG] VibrationPlate:write_register:309 - 寫入寄存器 comm_error_count(309): 0
2025-07-17 00:26:16 [DEBUG] VibrationPlate:write_register:309 - 寫入寄存器 timestamp(314): 53928
2025-07-17 00:26:16 [DEBUG] VibrationPlate:read_register:286 - 讀取寄存器 command_id(324): 0
2025-07-17 00:26:16 [DEBUG] VibrationPlate:write_register:309 - 寫入寄存器 device_connection(301): 1
2025-07-17 00:26:16 [DEBUG] VibrationPlate:write_register:309 - 寫入寄存器 device_status(302): 1
2025-07-17 00:26:16 [DEBUG] VibrationPlate:write_register:309 - 寫入寄存器 vibration_status(312): 0
2025-07-17 00:26:16 [DEBUG] VibrationPlate:write_register:309 - 寫入寄存器 brightness_status(310): 28
2025-07-17 00:26:16 [DEBUG] VibrationPlate:write_register:309 - 寫入寄存器 backlight_status(311): 0
2025-07-17 00:26:16 [DEBUG] VibrationPlate:write_register:309 - 寫入寄存器 module_status(300): 1
2025-07-17 00:26:16 [DEBUG] VibrationPlate:write_register:309 - 寫入寄存器 comm_error_count(309): 0
2025-07-17 00:26:16 [DEBUG] VibrationPlate:write_register:309 - 寫入寄存器 timestamp(314): 53928
2025-07-17 00:26:16 [DEBUG] VibrationPlate:read_register:286 - 讀取寄存器 command_id(324): 0
2025-07-17 00:26:16 [DEBUG] VibrationPlate:write_register:309 - 寫入寄存器 device_connection(301): 1
2025-07-17 00:26:16 [DEBUG] VibrationPlate:write_register:309 - 寫入寄存器 device_status(302): 1
2025-07-17 00:26:16 [DEBUG] VibrationPlate:write_register:309 - 寫入寄存器 vibration_status(312): 0
2025-07-17 00:26:16 [DEBUG] VibrationPlate:write_register:309 - 寫入寄存器 brightness_status(310): 28
2025-07-17 00:26:16 [DEBUG] VibrationPlate:write_register:309 - 寫入寄存器 backlight_status(311): 0
2025-07-17 00:26:16 [DEBUG] VibrationPlate:write_register:309 - 寫入寄存器 module_status(300): 1
2025-07-17 00:26:16 [DEBUG] VibrationPlate:write_register:309 - 寫入寄存器 comm_error_count(309): 0
2025-07-17 00:26:16 [DEBUG] VibrationPlate:write_register:309 - 寫入寄存器 timestamp(314): 53928
2025-07-17 00:26:16 [DEBUG] VibrationPlate:read_register:286 - 讀取寄存器 command_id(324): 0
2025-07-17 00:26:16 [DEBUG] VibrationPlate:write_register:309 - 寫入寄存器 device_connection(301): 1
2025-07-17 00:26:17 [INFO] VibrationPlate:signal_handler:668 - 收到停止信號
2025-07-17 00:26:17 [INFO] VibrationPlate:stop:588 - 正在停止震動盤模組...
2025-07-17 00:26:17 [DEBUG] VibrationPlate:write_register:309 - 寫入寄存器 device_status(302): 1
2025-07-17 00:26:17 [DEBUG] VibrationPlate:write_register:309 - 寫入寄存器 vibration_status(312): 0
2025-07-17 00:26:17 [DEBUG] VibrationPlate:write_register:309 - 寫入寄存器 brightness_status(310): 28
2025-07-17 00:26:17 [DEBUG] VibrationPlate:write_register:309 - 寫入寄存器 backlight_status(311): 0
2025-07-17 00:26:17 [DEBUG] VibrationPlate:write_register:309 - 寫入寄存器 module_status(300): 1
2025-07-17 00:26:17 [DEBUG] VibrationPlate:write_register:309 - 寫入寄存器 comm_error_count(309): 0
2025-07-17 00:26:17 [DEBUG] VibrationPlate:write_register:309 - 寫入寄存器 timestamp(314): 53929
2025-07-17 00:26:17 [INFO] VibrationPlate:main_loop:553 - 主循環執行緒已停止
2025-07-17 00:26:17 [INFO] VibrationPlate:stop:597 - 震動盤設備已停止並斷開連接
2025-07-17 00:26:17 [DEBUG] VibrationPlate:write_register:309 - 寫入寄存器 module_status(300): 0
2025-07-17 00:26:17 [DEBUG] VibrationPlate:write_register:309 - 寫入寄存器 device_connection(301): 0
2025-07-17 00:26:17 [DEBUG] VibrationPlate:write_register:309 - 寫入寄存器 command_status(308): 0
2025-07-17 00:26:17 [DEBUG] VibrationPlate:stop:607 - 狀態寄存器已更新為離線
2025-07-17 00:26:17 [INFO] VibrationPlate:stop:615 - Modbus TCP連接已關閉
2025-07-17 00:26:17 [INFO] VibrationPlate:stop:627 - 震動盤模組已停止
2025-07-17 00:26:17 [INFO] VibrationPlate:stop:588 - 正在停止震動盤模組...
2025-07-17 00:26:17 [INFO] VibrationPlate:stop:597 - 震動盤設備已停止並斷開連接
2025-07-17 00:26:17 [DEBUG] VibrationPlate:write_register:309 - 寫入寄存器 module_status(300): 0
2025-07-17 00:26:17 [DEBUG] VibrationPlate:write_register:309 - 寫入寄存器 device_connection(301): 0
2025-07-17 00:26:17 [DEBUG] VibrationPlate:write_register:309 - 寫入寄存器 command_status(308): 0
2025-07-17 00:26:17 [DEBUG] VibrationPlate:stop:607 - 狀態寄存器已更新為離線
2025-07-17 00:26:17 [INFO] VibrationPlate:stop:615 - Modbus TCP連接已關閉
2025-07-17 00:26:17 [INFO] VibrationPlate:stop:627 - 震動盤模組已停止
2025-07-17 00:27:20 [INFO] VibrationPlate:main:662 - 震動盤Modbus TCP Client啟動中...
2025-07-17 00:27:20 [INFO] VibrationPlate:main:663 - 執行目錄: c:\Users\user\Documents\GitHub\DobotDR\LOG\Automation\VP
2025-07-17 00:27:20 [INFO] VibrationPlate:load_config:135 - 已載入配置檔案: c:\Users\user\Documents\GitHub\DobotDR\LOG\Automation\VP\vp_config.json
2025-07-17 00:27:20 [INFO] VibrationPlate:init_register_mapping:182 - 寄存器映射初始化完成 - 基地址: 300
2025-07-17 00:27:20 [DEBUG] VibrationPlate:init_register_mapping:183 - 狀態寄存器範圍: 300 ~ 314
2025-07-17 00:27:20 [DEBUG] VibrationPlate:init_register_mapping:184 - 指令寄存器範圍: 320 ~ 325
2025-07-17 00:27:20 [DEBUG] VibrationPlate:init_register_mapping:185 - 預設背光亮度: 28
2025-07-17 00:27:20 [DEBUG] VibrationPlate:init_register_mapping:186 - 預設背光狀態: 關閉
2025-07-17 00:27:20 [INFO] VibrationPlate:__init__:93 - VibrationPlateModbusClient初始化完成
2025-07-17 00:27:20 [INFO] VibrationPlate:start:564 - 開始啟動震動盤模組
2025-07-17 00:27:20 [INFO] VibrationPlate:start:567 - 正在自動連接主服務器...
2025-07-17 00:27:20 [INFO] VibrationPlate:connect_main_server:195 - 正在連接主服務器: 127.0.0.1:502
2025-07-17 00:27:20 [INFO] VibrationPlate:connect_main_server:206 - 連接到主服務器成功
2025-07-17 00:27:20 [INFO] VibrationPlate:init_status_registers:269 - 狀態寄存器初始化完成
2025-07-17 00:27:20 [INFO] VibrationPlate:start:572 - 正在自動連接震動盤設備...
2025-07-17 00:27:20 [INFO] VibrationPlate:connect_device:227 - 正在連接震動盤設備: 192.168.1.7:1000
2025-07-17 00:27:20 [INFO] VibrationPlate:connect_device:238 - 連接到震動盤設備成功
2025-07-17 00:27:20 [INFO] VibrationPlate:connect_device:245 - 設備初始化完成 - 亮度: 28, 背光: 關閉
2025-07-17 00:27:20 [INFO] VibrationPlate:main_loop:522 - 主循環執行緒已啟動
2025-07-17 00:27:20 [INFO] VibrationPlate:start:581 - 震動盤模組啟動成功
2025-07-17 00:27:20 [INFO] VibrationPlate:main:680 - 震動盤模組運行中 - 基地址: 300
2025-07-17 00:27:20 [INFO] VibrationPlate:main:681 - 狀態寄存器範圍: 300 ~ 314
2025-07-17 00:27:20 [INFO] VibrationPlate:main:682 - 指令寄存器範圍: 320 ~ 325
2025-07-17 00:27:20 [INFO] VibrationPlate:main:683 - 按 Ctrl+C 停止程序
2025-07-17 00:27:50 [DEBUG] VibrationPlate:update_status_registers:460 - 狀態統計 - 操作次數: 0, 錯誤次數: 0, 連接次數: 1
2025-07-17 00:28:21 [DEBUG] VibrationPlate:update_status_registers:460 - 狀態統計 - 操作次數: 0, 錯誤次數: 0, 連接次數: 1
2025-07-17 00:28:52 [DEBUG] VibrationPlate:update_status_registers:460 - 狀態統計 - 操作次數: 0, 錯誤次數: 0, 連接次數: 1
2025-07-17 00:29:22 [DEBUG] VibrationPlate:update_status_registers:460 - 狀態統計 - 操作次數: 0, 錯誤次數: 0, 連接次數: 1
2025-07-17 00:29:52 [DEBUG] VibrationPlate:update_status_registers:460 - 狀態統計 - 操作次數: 0, 錯誤次數: 0, 連接次數: 1
2025-07-17 00:30:23 [DEBUG] VibrationPlate:update_status_registers:460 - 狀態統計 - 操作次數: 0, 錯誤次數: 0, 連接次數: 1
2025-07-17 00:30:53 [DEBUG] VibrationPlate:update_status_registers:460 - 狀態統計 - 操作次數: 0, 錯誤次數: 0, 連接次數: 1
2025-07-17 00:31:23 [DEBUG] VibrationPlate:update_status_registers:460 - 狀態統計 - 操作次數: 0, 錯誤次數: 0, 連接次數: 1
2025-07-17 00:31:55 [DEBUG] VibrationPlate:update_status_registers:460 - 狀態統計 - 操作次數: 0, 錯誤次數: 0, 連接次數: 1
2025-07-17 00:32:26 [DEBUG] VibrationPlate:update_status_registers:460 - 狀態統計 - 操作次數: 0, 錯誤次數: 0, 連接次數: 1
2025-07-17 00:32:57 [DEBUG] VibrationPlate:update_status_registers:460 - 狀態統計 - 操作次數: 0, 錯誤次數: 0, 連接次數: 1
2025-07-17 00:33:28 [DEBUG] VibrationPlate:update_status_registers:460 - 狀態統計 - 操作次數: 0, 錯誤次數: 0, 連接次數: 1
2025-07-17 00:33:59 [DEBUG] VibrationPlate:update_status_registers:460 - 狀態統計 - 操作次數: 0, 錯誤次數: 0, 連接次數: 1
2025-07-17 00:34:30 [DEBUG] VibrationPlate:update_status_registers:460 - 狀態統計 - 操作次數: 0, 錯誤次數: 0, 連接次數: 1
2025-07-17 00:35:01 [DEBUG] VibrationPlate:update_status_registers:460 - 狀態統計 - 操作次數: 0, 錯誤次數: 0, 連接次數: 1
2025-07-17 00:35:32 [DEBUG] VibrationPlate:update_status_registers:460 - 狀態統計 - 操作次數: 0, 錯誤次數: 0, 連接次數: 1
2025-07-17 00:36:02 [DEBUG] VibrationPlate:update_status_registers:460 - 狀態統計 - 操作次數: 0, 錯誤次數: 0, 連接次數: 1
2025-07-17 00:36:34 [DEBUG] VibrationPlate:update_status_registers:460 - 狀態統計 - 操作次數: 0, 錯誤次數: 0, 連接次數: 1
2025-07-17 00:37:05 [DEBUG] VibrationPlate:update_status_registers:460 - 狀態統計 - 操作次數: 0, 錯誤次數: 0, 連接次數: 1
2025-07-17 00:37:35 [DEBUG] VibrationPlate:update_status_registers:460 - 狀態統計 - 操作次數: 0, 錯誤次數: 0, 連接次數: 1
2025-07-17 00:38:06 [DEBUG] VibrationPlate:update_status_registers:460 - 狀態統計 - 操作次數: 0, 錯誤次數: 0, 連接次數: 1
2025-07-17 00:38:36 [DEBUG] VibrationPlate:update_status_registers:460 - 狀態統計 - 操作次數: 0, 錯誤次數: 0, 連接次數: 1
2025-07-17 00:39:06 [DEBUG] VibrationPlate:update_status_registers:460 - 狀態統計 - 操作次數: 0, 錯誤次數: 0, 連接次數: 1
2025-07-17 00:39:22 [INFO] VibrationPlate:process_commands:482 - 收到新指令: ID=2, CMD=1, P1=0, P2=0, P3=0
2025-07-17 00:39:22 [INFO] VibrationPlate:execute_command:329 - 開始執行指令: cmd=1, p1=0, p2=0, p3=0
2025-07-17 00:39:22 [INFO] VibrationPlate:execute_command:374 - 指令執行成功: cmd=1
2025-07-17 00:39:22 [DEBUG] VibrationPlate:process_commands:494 - 指令執行完成，狀態正常
2025-07-17 00:39:22 [INFO] VibrationPlate:process_commands:482 - 收到新指令: ID=0, CMD=0, P1=0, P2=0, P3=0
2025-07-17 00:39:22 [INFO] VibrationPlate:execute_command:329 - 開始執行指令: cmd=0, p1=0, p2=0, p3=0
2025-07-17 00:39:22 [INFO] VibrationPlate:execute_command:374 - 指令執行成功: cmd=0
2025-07-17 00:39:22 [DEBUG] VibrationPlate:process_commands:494 - 指令執行完成，狀態正常
2025-07-17 00:39:37 [DEBUG] VibrationPlate:update_status_registers:460 - 狀態統計 - 操作次數: 2, 錯誤次數: 0, 連接次數: 1
2025-07-17 00:40:07 [DEBUG] VibrationPlate:update_status_registers:460 - 狀態統計 - 操作次數: 2, 錯誤次數: 0, 連接次數: 1
2025-07-17 00:40:38 [DEBUG] VibrationPlate:update_status_registers:460 - 狀態統計 - 操作次數: 2, 錯誤次數: 0, 連接次數: 1
2025-07-17 00:41:08 [DEBUG] VibrationPlate:update_status_registers:460 - 狀態統計 - 操作次數: 2, 錯誤次數: 0, 連接次數: 1
2025-07-17 00:41:09 [INFO] VibrationPlate:process_commands:482 - 收到新指令: ID=99, CMD=3, P1=0, P2=0, P3=0
2025-07-17 00:41:09 [INFO] VibrationPlate:execute_command:329 - 開始執行指令: cmd=3, p1=0, p2=0, p3=0
2025-07-17 00:41:09 [INFO] VibrationPlate:execute_command:374 - 指令執行成功: cmd=3
2025-07-17 00:41:09 [DEBUG] VibrationPlate:process_commands:494 - 指令執行完成，狀態正常
2025-07-17 00:41:09 [INFO] VibrationPlate:process_commands:482 - 收到新指令: ID=0, CMD=0, P1=0, P2=0, P3=0
2025-07-17 00:41:09 [INFO] VibrationPlate:execute_command:329 - 開始執行指令: cmd=0, p1=0, p2=0, p3=0
2025-07-17 00:41:09 [INFO] VibrationPlate:execute_command:374 - 指令執行成功: cmd=0
2025-07-17 00:41:09 [DEBUG] VibrationPlate:process_commands:494 - 指令執行完成，狀態正常
2025-07-17 00:41:39 [DEBUG] VibrationPlate:update_status_registers:460 - 狀態統計 - 操作次數: 4, 錯誤次數: 0, 連接次數: 1
2025-07-17 00:42:03 [INFO] VibrationPlate:process_commands:482 - 收到新指令: ID=99, CMD=3, P1=0, P2=0, P3=0
2025-07-17 00:42:03 [INFO] VibrationPlate:execute_command:329 - 開始執行指令: cmd=3, p1=0, p2=0, p3=0
2025-07-17 00:42:03 [INFO] VibrationPlate:execute_command:374 - 指令執行成功: cmd=3
2025-07-17 00:42:03 [DEBUG] VibrationPlate:process_commands:494 - 指令執行完成，狀態正常
2025-07-17 00:42:03 [INFO] VibrationPlate:process_commands:482 - 收到新指令: ID=0, CMD=0, P1=0, P2=0, P3=0
2025-07-17 00:42:03 [INFO] VibrationPlate:execute_command:329 - 開始執行指令: cmd=0, p1=0, p2=0, p3=0
2025-07-17 00:42:03 [INFO] VibrationPlate:execute_command:374 - 指令執行成功: cmd=0
2025-07-17 00:42:03 [DEBUG] VibrationPlate:process_commands:494 - 指令執行完成，狀態正常
2025-07-17 00:42:10 [DEBUG] VibrationPlate:update_status_registers:460 - 狀態統計 - 操作次數: 6, 錯誤次數: 0, 連接次數: 1
2025-07-17 00:42:40 [DEBUG] VibrationPlate:update_status_registers:460 - 狀態統計 - 操作次數: 6, 錯誤次數: 0, 連接次數: 1
2025-07-17 00:43:11 [DEBUG] VibrationPlate:update_status_registers:460 - 狀態統計 - 操作次數: 6, 錯誤次數: 0, 連接次數: 1
2025-07-17 00:43:41 [DEBUG] VibrationPlate:update_status_registers:460 - 狀態統計 - 操作次數: 6, 錯誤次數: 0, 連接次數: 1
2025-07-17 00:44:12 [DEBUG] VibrationPlate:update_status_registers:460 - 狀態統計 - 操作次數: 6, 錯誤次數: 0, 連接次數: 1
2025-07-17 00:44:42 [DEBUG] VibrationPlate:update_status_registers:460 - 狀態統計 - 操作次數: 6, 錯誤次數: 0, 連接次數: 1
2025-07-17 00:45:13 [DEBUG] VibrationPlate:update_status_registers:460 - 狀態統計 - 操作次數: 6, 錯誤次數: 0, 連接次數: 1
2025-07-17 00:45:31 [INFO] VibrationPlate:process_commands:482 - 收到新指令: ID=99, CMD=3, P1=0, P2=0, P3=0
2025-07-17 00:45:31 [INFO] VibrationPlate:execute_command:329 - 開始執行指令: cmd=3, p1=0, p2=0, p3=0
2025-07-17 00:45:31 [INFO] VibrationPlate:execute_command:374 - 指令執行成功: cmd=3
2025-07-17 00:45:31 [DEBUG] VibrationPlate:process_commands:494 - 指令執行完成，狀態正常
2025-07-17 00:45:31 [INFO] VibrationPlate:process_commands:482 - 收到新指令: ID=0, CMD=0, P1=0, P2=0, P3=0
2025-07-17 00:45:31 [INFO] VibrationPlate:execute_command:329 - 開始執行指令: cmd=0, p1=0, p2=0, p3=0
2025-07-17 00:45:31 [INFO] VibrationPlate:execute_command:374 - 指令執行成功: cmd=0
2025-07-17 00:45:31 [DEBUG] VibrationPlate:process_commands:494 - 指令執行完成，狀態正常
2025-07-17 00:45:43 [DEBUG] VibrationPlate:update_status_registers:460 - 狀態統計 - 操作次數: 8, 錯誤次數: 0, 連接次數: 1
2025-07-17 00:46:14 [DEBUG] VibrationPlate:update_status_registers:460 - 狀態統計 - 操作次數: 8, 錯誤次數: 0, 連接次數: 1
2025-07-17 00:46:44 [DEBUG] VibrationPlate:update_status_registers:460 - 狀態統計 - 操作次數: 8, 錯誤次數: 0, 連接次數: 1
2025-07-17 00:47:14 [DEBUG] VibrationPlate:update_status_registers:460 - 狀態統計 - 操作次數: 8, 錯誤次數: 0, 連接次數: 1
2025-07-17 00:47:45 [DEBUG] VibrationPlate:update_status_registers:460 - 狀態統計 - 操作次數: 8, 錯誤次數: 0, 連接次數: 1
2025-07-17 00:48:15 [DEBUG] VibrationPlate:update_status_registers:460 - 狀態統計 - 操作次數: 8, 錯誤次數: 0, 連接次數: 1
2025-07-17 00:48:45 [DEBUG] VibrationPlate:update_status_registers:460 - 狀態統計 - 操作次數: 8, 錯誤次數: 0, 連接次數: 1
2025-07-17 00:49:16 [DEBUG] VibrationPlate:update_status_registers:460 - 狀態統計 - 操作次數: 8, 錯誤次數: 0, 連接次數: 1
2025-07-17 00:49:46 [DEBUG] VibrationPlate:update_status_registers:460 - 狀態統計 - 操作次數: 8, 錯誤次數: 0, 連接次數: 1
2025-07-17 00:50:16 [DEBUG] VibrationPlate:update_status_registers:460 - 狀態統計 - 操作次數: 8, 錯誤次數: 0, 連接次數: 1
2025-07-17 00:50:47 [DEBUG] VibrationPlate:update_status_registers:460 - 狀態統計 - 操作次數: 8, 錯誤次數: 0, 連接次數: 1
2025-07-17 00:51:17 [DEBUG] VibrationPlate:update_status_registers:460 - 狀態統計 - 操作次數: 8, 錯誤次數: 0, 連接次數: 1
2025-07-17 00:51:48 [DEBUG] VibrationPlate:update_status_registers:460 - 狀態統計 - 操作次數: 8, 錯誤次數: 0, 連接次數: 1
2025-07-17 00:52:18 [DEBUG] VibrationPlate:update_status_registers:460 - 狀態統計 - 操作次數: 8, 錯誤次數: 0, 連接次數: 1
2025-07-17 00:52:48 [DEBUG] VibrationPlate:update_status_registers:460 - 狀態統計 - 操作次數: 8, 錯誤次數: 0, 連接次數: 1
2025-07-17 00:53:18 [DEBUG] VibrationPlate:update_status_registers:460 - 狀態統計 - 操作次數: 8, 錯誤次數: 0, 連接次數: 1
2025-07-17 00:53:26 [INFO] VibrationPlate:process_commands:482 - 收到新指令: ID=99, CMD=0, P1=0, P2=0, P3=0
2025-07-17 00:53:26 [INFO] VibrationPlate:execute_command:329 - 開始執行指令: cmd=0, p1=0, p2=0, p3=0
2025-07-17 00:53:26 [INFO] VibrationPlate:execute_command:374 - 指令執行成功: cmd=0
2025-07-17 00:53:26 [DEBUG] VibrationPlate:process_commands:494 - 指令執行完成，狀態正常
2025-07-17 00:53:26 [INFO] VibrationPlate:process_commands:482 - 收到新指令: ID=0, CMD=0, P1=0, P2=0, P3=0
2025-07-17 00:53:26 [INFO] VibrationPlate:execute_command:329 - 開始執行指令: cmd=0, p1=0, p2=0, p3=0
2025-07-17 00:53:26 [INFO] VibrationPlate:execute_command:374 - 指令執行成功: cmd=0
2025-07-17 00:53:26 [DEBUG] VibrationPlate:process_commands:494 - 指令執行完成，狀態正常
2025-07-17 00:53:48 [DEBUG] VibrationPlate:update_status_registers:460 - 狀態統計 - 操作次數: 10, 錯誤次數: 0, 連接次數: 1
2025-07-17 00:54:18 [DEBUG] VibrationPlate:update_status_registers:460 - 狀態統計 - 操作次數: 10, 錯誤次數: 0, 連接次數: 1
2025-07-17 00:54:49 [DEBUG] VibrationPlate:update_status_registers:460 - 狀態統計 - 操作次數: 10, 錯誤次數: 0, 連接次數: 1
2025-07-17 00:55:19 [DEBUG] VibrationPlate:update_status_registers:460 - 狀態統計 - 操作次數: 10, 錯誤次數: 0, 連接次數: 1
2025-07-17 00:55:50 [DEBUG] VibrationPlate:update_status_registers:460 - 狀態統計 - 操作次數: 10, 錯誤次數: 0, 連接次數: 1
2025-07-17 00:56:21 [DEBUG] VibrationPlate:update_status_registers:460 - 狀態統計 - 操作次數: 10, 錯誤次數: 0, 連接次數: 1
2025-07-17 00:56:52 [DEBUG] VibrationPlate:update_status_registers:460 - 狀態統計 - 操作次數: 10, 錯誤次數: 0, 連接次數: 1
2025-07-17 00:57:23 [DEBUG] VibrationPlate:update_status_registers:460 - 狀態統計 - 操作次數: 10, 錯誤次數: 0, 連接次數: 1
2025-07-17 00:57:54 [DEBUG] VibrationPlate:update_status_registers:460 - 狀態統計 - 操作次數: 10, 錯誤次數: 0, 連接次數: 1
2025-07-17 00:58:24 [DEBUG] VibrationPlate:update_status_registers:460 - 狀態統計 - 操作次數: 10, 錯誤次數: 0, 連接次數: 1
2025-07-17 00:58:55 [DEBUG] VibrationPlate:update_status_registers:460 - 狀態統計 - 操作次數: 10, 錯誤次數: 0, 連接次數: 1
2025-07-17 00:59:26 [DEBUG] VibrationPlate:update_status_registers:460 - 狀態統計 - 操作次數: 10, 錯誤次數: 0, 連接次數: 1
2025-07-17 00:59:57 [DEBUG] VibrationPlate:update_status_registers:460 - 狀態統計 - 操作次數: 10, 錯誤次數: 0, 連接次數: 1
2025-07-17 01:00:28 [DEBUG] VibrationPlate:update_status_registers:460 - 狀態統計 - 操作次數: 10, 錯誤次數: 0, 連接次數: 1
2025-07-17 01:00:59 [DEBUG] VibrationPlate:update_status_registers:460 - 狀態統計 - 操作次數: 10, 錯誤次數: 0, 連接次數: 1
2025-07-17 01:01:30 [DEBUG] VibrationPlate:update_status_registers:460 - 狀態統計 - 操作次數: 10, 錯誤次數: 0, 連接次數: 1
2025-07-17 01:02:01 [DEBUG] VibrationPlate:update_status_registers:460 - 狀態統計 - 操作次數: 10, 錯誤次數: 0, 連接次數: 1
2025-07-17 01:02:32 [DEBUG] VibrationPlate:update_status_registers:460 - 狀態統計 - 操作次數: 10, 錯誤次數: 0, 連接次數: 1
2025-07-17 01:03:03 [DEBUG] VibrationPlate:update_status_registers:460 - 狀態統計 - 操作次數: 10, 錯誤次數: 0, 連接次數: 1
2025-07-17 01:03:34 [DEBUG] VibrationPlate:update_status_registers:460 - 狀態統計 - 操作次數: 10, 錯誤次數: 0, 連接次數: 1
2025-07-17 01:04:05 [DEBUG] VibrationPlate:update_status_registers:460 - 狀態統計 - 操作次數: 10, 錯誤次數: 0, 連接次數: 1
2025-07-17 01:04:35 [DEBUG] VibrationPlate:update_status_registers:460 - 狀態統計 - 操作次數: 10, 錯誤次數: 0, 連接次數: 1
2025-07-17 01:05:05 [DEBUG] VibrationPlate:update_status_registers:460 - 狀態統計 - 操作次數: 10, 錯誤次數: 0, 連接次數: 1
2025-07-17 01:05:35 [DEBUG] VibrationPlate:update_status_registers:460 - 狀態統計 - 操作次數: 10, 錯誤次數: 0, 連接次數: 1
2025-07-17 01:06:05 [DEBUG] VibrationPlate:update_status_registers:460 - 狀態統計 - 操作次數: 10, 錯誤次數: 0, 連接次數: 1
2025-07-17 01:06:35 [DEBUG] VibrationPlate:update_status_registers:460 - 狀態統計 - 操作次數: 10, 錯誤次數: 0, 連接次數: 1
2025-07-17 01:07:05 [DEBUG] VibrationPlate:update_status_registers:460 - 狀態統計 - 操作次數: 10, 錯誤次數: 0, 連接次數: 1
2025-07-17 01:07:36 [DEBUG] VibrationPlate:update_status_registers:460 - 狀態統計 - 操作次數: 10, 錯誤次數: 0, 連接次數: 1
2025-07-17 01:08:06 [DEBUG] VibrationPlate:update_status_registers:460 - 狀態統計 - 操作次數: 10, 錯誤次數: 0, 連接次數: 1
2025-07-17 01:08:36 [DEBUG] VibrationPlate:update_status_registers:460 - 狀態統計 - 操作次數: 10, 錯誤次數: 0, 連接次數: 1
2025-07-17 01:09:07 [DEBUG] VibrationPlate:update_status_registers:460 - 狀態統計 - 操作次數: 10, 錯誤次數: 0, 連接次數: 1
2025-07-17 01:09:37 [DEBUG] VibrationPlate:update_status_registers:460 - 狀態統計 - 操作次數: 10, 錯誤次數: 0, 連接次數: 1
2025-07-17 01:10:07 [DEBUG] VibrationPlate:update_status_registers:460 - 狀態統計 - 操作次數: 10, 錯誤次數: 0, 連接次數: 1
2025-07-17 01:10:38 [DEBUG] VibrationPlate:update_status_registers:460 - 狀態統計 - 操作次數: 10, 錯誤次數: 0, 連接次數: 1
2025-07-17 01:11:08 [DEBUG] VibrationPlate:update_status_registers:460 - 狀態統計 - 操作次數: 10, 錯誤次數: 0, 連接次數: 1
2025-07-17 01:11:38 [DEBUG] VibrationPlate:update_status_registers:460 - 狀態統計 - 操作次數: 10, 錯誤次數: 0, 連接次數: 1
2025-07-17 01:12:08 [DEBUG] VibrationPlate:update_status_registers:460 - 狀態統計 - 操作次數: 10, 錯誤次數: 0, 連接次數: 1
2025-07-17 01:12:39 [DEBUG] VibrationPlate:update_status_registers:460 - 狀態統計 - 操作次數: 10, 錯誤次數: 0, 連接次數: 1
2025-07-17 01:13:09 [DEBUG] VibrationPlate:update_status_registers:460 - 狀態統計 - 操作次數: 10, 錯誤次數: 0, 連接次數: 1
2025-07-17 01:13:39 [DEBUG] VibrationPlate:update_status_registers:460 - 狀態統計 - 操作次數: 10, 錯誤次數: 0, 連接次數: 1
2025-07-17 01:14:10 [DEBUG] VibrationPlate:update_status_registers:460 - 狀態統計 - 操作次數: 10, 錯誤次數: 0, 連接次數: 1
2025-07-17 01:14:40 [DEBUG] VibrationPlate:update_status_registers:460 - 狀態統計 - 操作次數: 10, 錯誤次數: 0, 連接次數: 1
2025-07-17 01:15:10 [DEBUG] VibrationPlate:update_status_registers:460 - 狀態統計 - 操作次數: 10, 錯誤次數: 0, 連接次數: 1
2025-07-17 01:15:41 [DEBUG] VibrationPlate:update_status_registers:460 - 狀態統計 - 操作次數: 10, 錯誤次數: 0, 連接次數: 1
2025-07-17 01:16:11 [DEBUG] VibrationPlate:update_status_registers:460 - 狀態統計 - 操作次數: 10, 錯誤次數: 0, 連接次數: 1
2025-07-17 01:16:41 [DEBUG] VibrationPlate:update_status_registers:460 - 狀態統計 - 操作次數: 10, 錯誤次數: 0, 連接次數: 1
2025-07-17 01:17:11 [DEBUG] VibrationPlate:update_status_registers:460 - 狀態統計 - 操作次數: 10, 錯誤次數: 0, 連接次數: 1
2025-07-17 01:17:42 [DEBUG] VibrationPlate:update_status_registers:460 - 狀態統計 - 操作次數: 10, 錯誤次數: 0, 連接次數: 1
2025-07-17 01:18:12 [DEBUG] VibrationPlate:update_status_registers:460 - 狀態統計 - 操作次數: 10, 錯誤次數: 0, 連接次數: 1
2025-07-17 01:18:42 [DEBUG] VibrationPlate:update_status_registers:460 - 狀態統計 - 操作次數: 10, 錯誤次數: 0, 連接次數: 1
2025-07-17 01:19:13 [DEBUG] VibrationPlate:update_status_registers:460 - 狀態統計 - 操作次數: 10, 錯誤次數: 0, 連接次數: 1
2025-07-17 01:19:43 [DEBUG] VibrationPlate:update_status_registers:460 - 狀態統計 - 操作次數: 10, 錯誤次數: 0, 連接次數: 1
2025-07-17 01:20:13 [DEBUG] VibrationPlate:update_status_registers:460 - 狀態統計 - 操作次數: 10, 錯誤次數: 0, 連接次數: 1
2025-07-17 01:20:44 [DEBUG] VibrationPlate:update_status_registers:460 - 狀態統計 - 操作次數: 10, 錯誤次數: 0, 連接次數: 1
2025-07-17 01:21:14 [DEBUG] VibrationPlate:update_status_registers:460 - 狀態統計 - 操作次數: 10, 錯誤次數: 0, 連接次數: 1
2025-07-17 01:21:44 [DEBUG] VibrationPlate:update_status_registers:460 - 狀態統計 - 操作次數: 10, 錯誤次數: 0, 連接次數: 1
2025-07-17 01:22:15 [DEBUG] VibrationPlate:update_status_registers:460 - 狀態統計 - 操作次數: 10, 錯誤次數: 0, 連接次數: 1
2025-07-17 01:22:45 [DEBUG] VibrationPlate:update_status_registers:460 - 狀態統計 - 操作次數: 10, 錯誤次數: 0, 連接次數: 1
2025-07-17 01:23:15 [DEBUG] VibrationPlate:update_status_registers:460 - 狀態統計 - 操作次數: 10, 錯誤次數: 0, 連接次數: 1
2025-07-17 01:23:46 [DEBUG] VibrationPlate:update_status_registers:460 - 狀態統計 - 操作次數: 10, 錯誤次數: 0, 連接次數: 1
2025-07-17 01:24:16 [DEBUG] VibrationPlate:update_status_registers:460 - 狀態統計 - 操作次數: 10, 錯誤次數: 0, 連接次數: 1
2025-07-17 01:24:46 [DEBUG] VibrationPlate:update_status_registers:460 - 狀態統計 - 操作次數: 10, 錯誤次數: 0, 連接次數: 1
2025-07-17 01:25:17 [DEBUG] VibrationPlate:update_status_registers:460 - 狀態統計 - 操作次數: 10, 錯誤次數: 0, 連接次數: 1
2025-07-17 01:25:47 [DEBUG] VibrationPlate:update_status_registers:460 - 狀態統計 - 操作次數: 10, 錯誤次數: 0, 連接次數: 1
2025-07-17 01:26:17 [DEBUG] VibrationPlate:update_status_registers:460 - 狀態統計 - 操作次數: 10, 錯誤次數: 0, 連接次數: 1
2025-07-17 01:26:48 [DEBUG] VibrationPlate:update_status_registers:460 - 狀態統計 - 操作次數: 10, 錯誤次數: 0, 連接次數: 1
2025-07-17 01:27:18 [DEBUG] VibrationPlate:update_status_registers:460 - 狀態統計 - 操作次數: 10, 錯誤次數: 0, 連接次數: 1
2025-07-17 01:27:48 [DEBUG] VibrationPlate:update_status_registers:460 - 狀態統計 - 操作次數: 10, 錯誤次數: 0, 連接次數: 1
2025-07-17 01:28:19 [DEBUG] VibrationPlate:update_status_registers:460 - 狀態統計 - 操作次數: 10, 錯誤次數: 0, 連接次數: 1
2025-07-17 01:28:49 [DEBUG] VibrationPlate:update_status_registers:460 - 狀態統計 - 操作次數: 10, 錯誤次數: 0, 連接次數: 1
2025-07-17 01:29:19 [DEBUG] VibrationPlate:update_status_registers:460 - 狀態統計 - 操作次數: 10, 錯誤次數: 0, 連接次數: 1
2025-07-17 01:29:50 [DEBUG] VibrationPlate:update_status_registers:460 - 狀態統計 - 操作次數: 10, 錯誤次數: 0, 連接次數: 1
2025-07-17 01:30:20 [DEBUG] VibrationPlate:update_status_registers:460 - 狀態統計 - 操作次數: 10, 錯誤次數: 0, 連接次數: 1
2025-07-17 01:30:50 [DEBUG] VibrationPlate:update_status_registers:460 - 狀態統計 - 操作次數: 10, 錯誤次數: 0, 連接次數: 1
2025-07-17 01:31:20 [DEBUG] VibrationPlate:update_status_registers:460 - 狀態統計 - 操作次數: 10, 錯誤次數: 0, 連接次數: 1
2025-07-17 01:31:51 [DEBUG] VibrationPlate:update_status_registers:460 - 狀態統計 - 操作次數: 10, 錯誤次數: 0, 連接次數: 1
2025-07-17 01:32:21 [DEBUG] VibrationPlate:update_status_registers:460 - 狀態統計 - 操作次數: 10, 錯誤次數: 0, 連接次數: 1
2025-07-17 01:32:51 [DEBUG] VibrationPlate:update_status_registers:460 - 狀態統計 - 操作次數: 10, 錯誤次數: 0, 連接次數: 1
2025-07-17 01:33:22 [DEBUG] VibrationPlate:update_status_registers:460 - 狀態統計 - 操作次數: 10, 錯誤次數: 0, 連接次數: 1
2025-07-17 01:33:52 [DEBUG] VibrationPlate:update_status_registers:460 - 狀態統計 - 操作次數: 10, 錯誤次數: 0, 連接次數: 1
2025-07-17 01:34:22 [DEBUG] VibrationPlate:update_status_registers:460 - 狀態統計 - 操作次數: 10, 錯誤次數: 0, 連接次數: 1
2025-07-17 01:34:52 [DEBUG] VibrationPlate:update_status_registers:460 - 狀態統計 - 操作次數: 10, 錯誤次數: 0, 連接次數: 1
2025-07-17 01:35:23 [DEBUG] VibrationPlate:update_status_registers:460 - 狀態統計 - 操作次數: 10, 錯誤次數: 0, 連接次數: 1
2025-07-17 01:35:53 [DEBUG] VibrationPlate:update_status_registers:460 - 狀態統計 - 操作次數: 10, 錯誤次數: 0, 連接次數: 1
2025-07-17 01:36:23 [DEBUG] VibrationPlate:update_status_registers:460 - 狀態統計 - 操作次數: 10, 錯誤次數: 0, 連接次數: 1
2025-07-17 01:36:54 [DEBUG] VibrationPlate:update_status_registers:460 - 狀態統計 - 操作次數: 10, 錯誤次數: 0, 連接次數: 1
2025-07-17 01:37:24 [DEBUG] VibrationPlate:update_status_registers:460 - 狀態統計 - 操作次數: 10, 錯誤次數: 0, 連接次數: 1
2025-07-17 01:37:54 [DEBUG] VibrationPlate:update_status_registers:460 - 狀態統計 - 操作次數: 10, 錯誤次數: 0, 連接次數: 1
2025-07-17 01:38:25 [DEBUG] VibrationPlate:update_status_registers:460 - 狀態統計 - 操作次數: 10, 錯誤次數: 0, 連接次數: 1
2025-07-17 01:38:55 [DEBUG] VibrationPlate:update_status_registers:460 - 狀態統計 - 操作次數: 10, 錯誤次數: 0, 連接次數: 1
2025-07-17 01:39:25 [DEBUG] VibrationPlate:update_status_registers:460 - 狀態統計 - 操作次數: 10, 錯誤次數: 0, 連接次數: 1
2025-07-17 01:39:55 [DEBUG] VibrationPlate:update_status_registers:460 - 狀態統計 - 操作次數: 10, 錯誤次數: 0, 連接次數: 1
2025-07-17 01:40:26 [DEBUG] VibrationPlate:update_status_registers:460 - 狀態統計 - 操作次數: 10, 錯誤次數: 0, 連接次數: 1
2025-07-17 01:40:56 [DEBUG] VibrationPlate:update_status_registers:460 - 狀態統計 - 操作次數: 10, 錯誤次數: 0, 連接次數: 1
2025-07-17 01:41:26 [DEBUG] VibrationPlate:update_status_registers:460 - 狀態統計 - 操作次數: 10, 錯誤次數: 0, 連接次數: 1
2025-07-17 01:41:57 [DEBUG] VibrationPlate:update_status_registers:460 - 狀態統計 - 操作次數: 10, 錯誤次數: 0, 連接次數: 1
2025-07-17 01:42:27 [DEBUG] VibrationPlate:update_status_registers:460 - 狀態統計 - 操作次數: 10, 錯誤次數: 0, 連接次數: 1
2025-07-17 01:42:57 [DEBUG] VibrationPlate:update_status_registers:460 - 狀態統計 - 操作次數: 10, 錯誤次數: 0, 連接次數: 1
2025-07-17 01:43:27 [DEBUG] VibrationPlate:update_status_registers:460 - 狀態統計 - 操作次數: 10, 錯誤次數: 0, 連接次數: 1
2025-07-17 01:43:58 [DEBUG] VibrationPlate:update_status_registers:460 - 狀態統計 - 操作次數: 10, 錯誤次數: 0, 連接次數: 1
2025-07-17 01:44:28 [DEBUG] VibrationPlate:update_status_registers:460 - 狀態統計 - 操作次數: 10, 錯誤次數: 0, 連接次數: 1
2025-07-17 01:44:58 [DEBUG] VibrationPlate:update_status_registers:460 - 狀態統計 - 操作次數: 10, 錯誤次數: 0, 連接次數: 1
2025-07-17 01:45:29 [DEBUG] VibrationPlate:update_status_registers:460 - 狀態統計 - 操作次數: 10, 錯誤次數: 0, 連接次數: 1
2025-07-17 01:45:59 [DEBUG] VibrationPlate:update_status_registers:460 - 狀態統計 - 操作次數: 10, 錯誤次數: 0, 連接次數: 1
2025-07-17 01:46:29 [DEBUG] VibrationPlate:update_status_registers:460 - 狀態統計 - 操作次數: 10, 錯誤次數: 0, 連接次數: 1
2025-07-17 01:47:00 [DEBUG] VibrationPlate:update_status_registers:460 - 狀態統計 - 操作次數: 10, 錯誤次數: 0, 連接次數: 1
2025-07-17 01:47:30 [DEBUG] VibrationPlate:update_status_registers:460 - 狀態統計 - 操作次數: 10, 錯誤次數: 0, 連接次數: 1
2025-07-17 01:48:00 [DEBUG] VibrationPlate:update_status_registers:460 - 狀態統計 - 操作次數: 10, 錯誤次數: 0, 連接次數: 1
2025-07-17 01:48:30 [DEBUG] VibrationPlate:update_status_registers:460 - 狀態統計 - 操作次數: 10, 錯誤次數: 0, 連接次數: 1
2025-07-17 01:49:01 [DEBUG] VibrationPlate:update_status_registers:460 - 狀態統計 - 操作次數: 10, 錯誤次數: 0, 連接次數: 1
2025-07-17 01:49:31 [DEBUG] VibrationPlate:update_status_registers:460 - 狀態統計 - 操作次數: 10, 錯誤次數: 0, 連接次數: 1
2025-07-17 01:50:01 [DEBUG] VibrationPlate:update_status_registers:460 - 狀態統計 - 操作次數: 10, 錯誤次數: 0, 連接次數: 1
2025-07-17 01:50:32 [DEBUG] VibrationPlate:update_status_registers:460 - 狀態統計 - 操作次數: 10, 錯誤次數: 0, 連接次數: 1
2025-07-17 01:51:02 [DEBUG] VibrationPlate:update_status_registers:460 - 狀態統計 - 操作次數: 10, 錯誤次數: 0, 連接次數: 1
2025-07-17 01:51:32 [DEBUG] VibrationPlate:update_status_registers:460 - 狀態統計 - 操作次數: 10, 錯誤次數: 0, 連接次數: 1
2025-07-17 01:52:02 [DEBUG] VibrationPlate:update_status_registers:460 - 狀態統計 - 操作次數: 10, 錯誤次數: 0, 連接次數: 1
2025-07-17 01:52:32 [DEBUG] VibrationPlate:update_status_registers:460 - 狀態統計 - 操作次數: 10, 錯誤次數: 0, 連接次數: 1
2025-07-17 01:53:03 [DEBUG] VibrationPlate:update_status_registers:460 - 狀態統計 - 操作次數: 10, 錯誤次數: 0, 連接次數: 1
2025-07-17 01:53:33 [DEBUG] VibrationPlate:update_status_registers:460 - 狀態統計 - 操作次數: 10, 錯誤次數: 0, 連接次數: 1
2025-07-17 01:54:03 [DEBUG] VibrationPlate:update_status_registers:460 - 狀態統計 - 操作次數: 10, 錯誤次數: 0, 連接次數: 1
2025-07-17 01:54:34 [DEBUG] VibrationPlate:update_status_registers:460 - 狀態統計 - 操作次數: 10, 錯誤次數: 0, 連接次數: 1
2025-07-17 01:55:04 [DEBUG] VibrationPlate:update_status_registers:460 - 狀態統計 - 操作次數: 10, 錯誤次數: 0, 連接次數: 1
2025-07-17 01:55:34 [DEBUG] VibrationPlate:update_status_registers:460 - 狀態統計 - 操作次數: 10, 錯誤次數: 0, 連接次數: 1
2025-07-17 01:56:04 [DEBUG] VibrationPlate:update_status_registers:460 - 狀態統計 - 操作次數: 10, 錯誤次數: 0, 連接次數: 1
2025-07-17 01:56:35 [DEBUG] VibrationPlate:update_status_registers:460 - 狀態統計 - 操作次數: 10, 錯誤次數: 0, 連接次數: 1
2025-07-17 01:57:05 [DEBUG] VibrationPlate:update_status_registers:460 - 狀態統計 - 操作次數: 10, 錯誤次數: 0, 連接次數: 1
2025-07-17 01:57:36 [DEBUG] VibrationPlate:update_status_registers:460 - 狀態統計 - 操作次數: 10, 錯誤次數: 0, 連接次數: 1
2025-07-17 01:58:06 [DEBUG] VibrationPlate:update_status_registers:460 - 狀態統計 - 操作次數: 10, 錯誤次數: 0, 連接次數: 1
2025-07-17 01:58:36 [DEBUG] VibrationPlate:update_status_registers:460 - 狀態統計 - 操作次數: 10, 錯誤次數: 0, 連接次數: 1
2025-07-17 01:59:06 [DEBUG] VibrationPlate:update_status_registers:460 - 狀態統計 - 操作次數: 10, 錯誤次數: 0, 連接次數: 1
2025-07-17 01:59:37 [DEBUG] VibrationPlate:update_status_registers:460 - 狀態統計 - 操作次數: 10, 錯誤次數: 0, 連接次數: 1
2025-07-17 02:00:07 [DEBUG] VibrationPlate:update_status_registers:460 - 狀態統計 - 操作次數: 10, 錯誤次數: 0, 連接次數: 1
2025-07-17 02:00:37 [DEBUG] VibrationPlate:update_status_registers:460 - 狀態統計 - 操作次數: 10, 錯誤次數: 0, 連接次數: 1
2025-07-17 02:01:08 [DEBUG] VibrationPlate:update_status_registers:460 - 狀態統計 - 操作次數: 10, 錯誤次數: 0, 連接次數: 1
2025-07-17 02:01:38 [DEBUG] VibrationPlate:update_status_registers:460 - 狀態統計 - 操作次數: 10, 錯誤次數: 0, 連接次數: 1
2025-07-17 02:02:08 [DEBUG] VibrationPlate:update_status_registers:460 - 狀態統計 - 操作次數: 10, 錯誤次數: 0, 連接次數: 1
2025-07-17 02:02:39 [DEBUG] VibrationPlate:update_status_registers:460 - 狀態統計 - 操作次數: 10, 錯誤次數: 0, 連接次數: 1
2025-07-17 02:03:09 [DEBUG] VibrationPlate:update_status_registers:460 - 狀態統計 - 操作次數: 10, 錯誤次數: 0, 連接次數: 1
2025-07-17 02:03:39 [DEBUG] VibrationPlate:update_status_registers:460 - 狀態統計 - 操作次數: 10, 錯誤次數: 0, 連接次數: 1
2025-07-17 02:04:09 [DEBUG] VibrationPlate:update_status_registers:460 - 狀態統計 - 操作次數: 10, 錯誤次數: 0, 連接次數: 1
2025-07-17 02:04:40 [DEBUG] VibrationPlate:update_status_registers:460 - 狀態統計 - 操作次數: 10, 錯誤次數: 0, 連接次數: 1
2025-07-17 02:05:10 [DEBUG] VibrationPlate:update_status_registers:460 - 狀態統計 - 操作次數: 10, 錯誤次數: 0, 連接次數: 1
2025-07-17 02:05:40 [DEBUG] VibrationPlate:update_status_registers:460 - 狀態統計 - 操作次數: 10, 錯誤次數: 0, 連接次數: 1
2025-07-17 02:06:11 [DEBUG] VibrationPlate:update_status_registers:460 - 狀態統計 - 操作次數: 10, 錯誤次數: 0, 連接次數: 1
2025-07-17 02:06:41 [DEBUG] VibrationPlate:update_status_registers:460 - 狀態統計 - 操作次數: 10, 錯誤次數: 0, 連接次數: 1
2025-07-17 02:07:11 [DEBUG] VibrationPlate:update_status_registers:460 - 狀態統計 - 操作次數: 10, 錯誤次數: 0, 連接次數: 1
2025-07-17 02:07:42 [DEBUG] VibrationPlate:update_status_registers:460 - 狀態統計 - 操作次數: 10, 錯誤次數: 0, 連接次數: 1
2025-07-17 02:08:12 [DEBUG] VibrationPlate:update_status_registers:460 - 狀態統計 - 操作次數: 10, 錯誤次數: 0, 連接次數: 1
2025-07-17 02:08:42 [DEBUG] VibrationPlate:update_status_registers:460 - 狀態統計 - 操作次數: 10, 錯誤次數: 0, 連接次數: 1
2025-07-17 02:09:12 [DEBUG] VibrationPlate:update_status_registers:460 - 狀態統計 - 操作次數: 10, 錯誤次數: 0, 連接次數: 1
2025-07-17 02:09:43 [DEBUG] VibrationPlate:update_status_registers:460 - 狀態統計 - 操作次數: 10, 錯誤次數: 0, 連接次數: 1
2025-07-17 02:10:13 [DEBUG] VibrationPlate:update_status_registers:460 - 狀態統計 - 操作次數: 10, 錯誤次數: 0, 連接次數: 1
2025-07-17 02:10:43 [DEBUG] VibrationPlate:update_status_registers:460 - 狀態統計 - 操作次數: 10, 錯誤次數: 0, 連接次數: 1
2025-07-17 02:11:13 [DEBUG] VibrationPlate:update_status_registers:460 - 狀態統計 - 操作次數: 10, 錯誤次數: 0, 連接次數: 1
2025-07-17 02:11:44 [DEBUG] VibrationPlate:update_status_registers:460 - 狀態統計 - 操作次數: 10, 錯誤次數: 0, 連接次數: 1
2025-07-17 02:12:14 [DEBUG] VibrationPlate:update_status_registers:460 - 狀態統計 - 操作次數: 10, 錯誤次數: 0, 連接次數: 1
2025-07-17 02:12:44 [DEBUG] VibrationPlate:update_status_registers:460 - 狀態統計 - 操作次數: 10, 錯誤次數: 0, 連接次數: 1
2025-07-17 02:13:15 [DEBUG] VibrationPlate:update_status_registers:460 - 狀態統計 - 操作次數: 10, 錯誤次數: 0, 連接次數: 1
2025-07-17 02:13:45 [DEBUG] VibrationPlate:update_status_registers:460 - 狀態統計 - 操作次數: 10, 錯誤次數: 0, 連接次數: 1
2025-07-17 02:14:15 [DEBUG] VibrationPlate:update_status_registers:460 - 狀態統計 - 操作次數: 10, 錯誤次數: 0, 連接次數: 1
2025-07-17 02:14:45 [DEBUG] VibrationPlate:update_status_registers:460 - 狀態統計 - 操作次數: 10, 錯誤次數: 0, 連接次數: 1
2025-07-17 02:15:15 [DEBUG] VibrationPlate:update_status_registers:460 - 狀態統計 - 操作次數: 10, 錯誤次數: 0, 連接次數: 1
2025-07-17 02:15:46 [DEBUG] VibrationPlate:update_status_registers:460 - 狀態統計 - 操作次數: 10, 錯誤次數: 0, 連接次數: 1
2025-07-17 02:16:16 [DEBUG] VibrationPlate:update_status_registers:460 - 狀態統計 - 操作次數: 10, 錯誤次數: 0, 連接次數: 1
2025-07-17 02:16:46 [DEBUG] VibrationPlate:update_status_registers:460 - 狀態統計 - 操作次數: 10, 錯誤次數: 0, 連接次數: 1
2025-07-17 02:17:17 [DEBUG] VibrationPlate:update_status_registers:460 - 狀態統計 - 操作次數: 10, 錯誤次數: 0, 連接次數: 1
2025-07-17 02:17:47 [DEBUG] VibrationPlate:update_status_registers:460 - 狀態統計 - 操作次數: 10, 錯誤次數: 0, 連接次數: 1
2025-07-17 02:18:17 [DEBUG] VibrationPlate:update_status_registers:460 - 狀態統計 - 操作次數: 10, 錯誤次數: 0, 連接次數: 1
2025-07-17 02:18:47 [DEBUG] VibrationPlate:update_status_registers:460 - 狀態統計 - 操作次數: 10, 錯誤次數: 0, 連接次數: 1
2025-07-17 02:19:18 [DEBUG] VibrationPlate:update_status_registers:460 - 狀態統計 - 操作次數: 10, 錯誤次數: 0, 連接次數: 1
2025-07-17 02:19:48 [DEBUG] VibrationPlate:update_status_registers:460 - 狀態統計 - 操作次數: 10, 錯誤次數: 0, 連接次數: 1
2025-07-17 02:20:18 [DEBUG] VibrationPlate:update_status_registers:460 - 狀態統計 - 操作次數: 10, 錯誤次數: 0, 連接次數: 1
2025-07-17 02:20:48 [DEBUG] VibrationPlate:update_status_registers:460 - 狀態統計 - 操作次數: 10, 錯誤次數: 0, 連接次數: 1
2025-07-17 02:21:19 [DEBUG] VibrationPlate:update_status_registers:460 - 狀態統計 - 操作次數: 10, 錯誤次數: 0, 連接次數: 1
2025-07-17 02:21:49 [DEBUG] VibrationPlate:update_status_registers:460 - 狀態統計 - 操作次數: 10, 錯誤次數: 0, 連接次數: 1
2025-07-17 02:22:19 [DEBUG] VibrationPlate:update_status_registers:460 - 狀態統計 - 操作次數: 10, 錯誤次數: 0, 連接次數: 1
2025-07-17 02:22:49 [DEBUG] VibrationPlate:update_status_registers:460 - 狀態統計 - 操作次數: 10, 錯誤次數: 0, 連接次數: 1
2025-07-17 02:23:20 [DEBUG] VibrationPlate:update_status_registers:460 - 狀態統計 - 操作次數: 10, 錯誤次數: 0, 連接次數: 1
2025-07-17 02:23:50 [DEBUG] VibrationPlate:update_status_registers:460 - 狀態統計 - 操作次數: 10, 錯誤次數: 0, 連接次數: 1
2025-07-17 02:24:20 [DEBUG] VibrationPlate:update_status_registers:460 - 狀態統計 - 操作次數: 10, 錯誤次數: 0, 連接次數: 1
2025-07-17 02:24:51 [DEBUG] VibrationPlate:update_status_registers:460 - 狀態統計 - 操作次數: 10, 錯誤次數: 0, 連接次數: 1
2025-07-17 02:25:21 [DEBUG] VibrationPlate:update_status_registers:460 - 狀態統計 - 操作次數: 10, 錯誤次數: 0, 連接次數: 1
2025-07-17 02:25:51 [DEBUG] VibrationPlate:update_status_registers:460 - 狀態統計 - 操作次數: 10, 錯誤次數: 0, 連接次數: 1
2025-07-17 02:26:21 [DEBUG] VibrationPlate:update_status_registers:460 - 狀態統計 - 操作次數: 10, 錯誤次數: 0, 連接次數: 1
2025-07-17 02:26:51 [DEBUG] VibrationPlate:update_status_registers:460 - 狀態統計 - 操作次數: 10, 錯誤次數: 0, 連接次數: 1
2025-07-17 02:27:22 [DEBUG] VibrationPlate:update_status_registers:460 - 狀態統計 - 操作次數: 10, 錯誤次數: 0, 連接次數: 1
2025-07-17 02:27:52 [DEBUG] VibrationPlate:update_status_registers:460 - 狀態統計 - 操作次數: 10, 錯誤次數: 0, 連接次數: 1
2025-07-17 02:28:22 [DEBUG] VibrationPlate:update_status_registers:460 - 狀態統計 - 操作次數: 10, 錯誤次數: 0, 連接次數: 1
2025-07-17 02:28:52 [DEBUG] VibrationPlate:update_status_registers:460 - 狀態統計 - 操作次數: 10, 錯誤次數: 0, 連接次數: 1
2025-07-17 02:29:23 [DEBUG] VibrationPlate:update_status_registers:460 - 狀態統計 - 操作次數: 10, 錯誤次數: 0, 連接次數: 1
2025-07-17 02:29:53 [DEBUG] VibrationPlate:update_status_registers:460 - 狀態統計 - 操作次數: 10, 錯誤次數: 0, 連接次數: 1
2025-07-17 02:30:24 [DEBUG] VibrationPlate:update_status_registers:460 - 狀態統計 - 操作次數: 10, 錯誤次數: 0, 連接次數: 1
2025-07-17 02:30:54 [DEBUG] VibrationPlate:update_status_registers:460 - 狀態統計 - 操作次數: 10, 錯誤次數: 0, 連接次數: 1
2025-07-17 02:31:24 [DEBUG] VibrationPlate:update_status_registers:460 - 狀態統計 - 操作次數: 10, 錯誤次數: 0, 連接次數: 1
2025-07-17 02:31:54 [DEBUG] VibrationPlate:update_status_registers:460 - 狀態統計 - 操作次數: 10, 錯誤次數: 0, 連接次數: 1
2025-07-17 02:32:25 [DEBUG] VibrationPlate:update_status_registers:460 - 狀態統計 - 操作次數: 10, 錯誤次數: 0, 連接次數: 1
2025-07-17 02:32:55 [DEBUG] VibrationPlate:update_status_registers:460 - 狀態統計 - 操作次數: 10, 錯誤次數: 0, 連接次數: 1
2025-07-17 02:33:25 [DEBUG] VibrationPlate:update_status_registers:460 - 狀態統計 - 操作次數: 10, 錯誤次數: 0, 連接次數: 1
2025-07-17 02:33:56 [DEBUG] VibrationPlate:update_status_registers:460 - 狀態統計 - 操作次數: 10, 錯誤次數: 0, 連接次數: 1
2025-07-17 02:34:26 [DEBUG] VibrationPlate:update_status_registers:460 - 狀態統計 - 操作次數: 10, 錯誤次數: 0, 連接次數: 1
2025-07-17 02:34:56 [DEBUG] VibrationPlate:update_status_registers:460 - 狀態統計 - 操作次數: 10, 錯誤次數: 0, 連接次數: 1
2025-07-17 02:35:27 [DEBUG] VibrationPlate:update_status_registers:460 - 狀態統計 - 操作次數: 10, 錯誤次數: 0, 連接次數: 1
2025-07-17 02:35:57 [DEBUG] VibrationPlate:update_status_registers:460 - 狀態統計 - 操作次數: 10, 錯誤次數: 0, 連接次數: 1
2025-07-17 02:36:27 [DEBUG] VibrationPlate:update_status_registers:460 - 狀態統計 - 操作次數: 10, 錯誤次數: 0, 連接次數: 1
2025-07-17 02:36:57 [DEBUG] VibrationPlate:update_status_registers:460 - 狀態統計 - 操作次數: 10, 錯誤次數: 0, 連接次數: 1
2025-07-17 02:37:28 [DEBUG] VibrationPlate:update_status_registers:460 - 狀態統計 - 操作次數: 10, 錯誤次數: 0, 連接次數: 1
2025-07-17 02:37:58 [DEBUG] VibrationPlate:update_status_registers:460 - 狀態統計 - 操作次數: 10, 錯誤次數: 0, 連接次數: 1
2025-07-17 02:38:28 [DEBUG] VibrationPlate:update_status_registers:460 - 狀態統計 - 操作次數: 10, 錯誤次數: 0, 連接次數: 1
2025-07-17 02:38:59 [DEBUG] VibrationPlate:update_status_registers:460 - 狀態統計 - 操作次數: 10, 錯誤次數: 0, 連接次數: 1
2025-07-17 02:39:29 [DEBUG] VibrationPlate:update_status_registers:460 - 狀態統計 - 操作次數: 10, 錯誤次數: 0, 連接次數: 1
2025-07-17 02:39:59 [DEBUG] VibrationPlate:update_status_registers:460 - 狀態統計 - 操作次數: 10, 錯誤次數: 0, 連接次數: 1
2025-07-17 02:40:29 [DEBUG] VibrationPlate:update_status_registers:460 - 狀態統計 - 操作次數: 10, 錯誤次數: 0, 連接次數: 1
2025-07-17 02:41:00 [DEBUG] VibrationPlate:update_status_registers:460 - 狀態統計 - 操作次數: 10, 錯誤次數: 0, 連接次數: 1
2025-07-17 02:41:30 [DEBUG] VibrationPlate:update_status_registers:460 - 狀態統計 - 操作次數: 10, 錯誤次數: 0, 連接次數: 1
2025-07-17 02:42:00 [DEBUG] VibrationPlate:update_status_registers:460 - 狀態統計 - 操作次數: 10, 錯誤次數: 0, 連接次數: 1
2025-07-17 02:42:30 [DEBUG] VibrationPlate:update_status_registers:460 - 狀態統計 - 操作次數: 10, 錯誤次數: 0, 連接次數: 1
2025-07-17 02:43:00 [DEBUG] VibrationPlate:update_status_registers:460 - 狀態統計 - 操作次數: 10, 錯誤次數: 0, 連接次數: 1
2025-07-17 02:43:31 [DEBUG] VibrationPlate:update_status_registers:460 - 狀態統計 - 操作次數: 10, 錯誤次數: 0, 連接次數: 1
2025-07-17 02:44:01 [DEBUG] VibrationPlate:update_status_registers:460 - 狀態統計 - 操作次數: 10, 錯誤次數: 0, 連接次數: 1
2025-07-17 02:44:31 [DEBUG] VibrationPlate:update_status_registers:460 - 狀態統計 - 操作次數: 10, 錯誤次數: 0, 連接次數: 1
2025-07-17 02:45:02 [DEBUG] VibrationPlate:update_status_registers:460 - 狀態統計 - 操作次數: 10, 錯誤次數: 0, 連接次數: 1
2025-07-17 02:45:32 [DEBUG] VibrationPlate:update_status_registers:460 - 狀態統計 - 操作次數: 10, 錯誤次數: 0, 連接次數: 1
2025-07-17 02:46:02 [DEBUG] VibrationPlate:update_status_registers:460 - 狀態統計 - 操作次數: 10, 錯誤次數: 0, 連接次數: 1
2025-07-17 02:46:32 [DEBUG] VibrationPlate:update_status_registers:460 - 狀態統計 - 操作次數: 10, 錯誤次數: 0, 連接次數: 1
2025-07-17 02:47:03 [DEBUG] VibrationPlate:update_status_registers:460 - 狀態統計 - 操作次數: 10, 錯誤次數: 0, 連接次數: 1
2025-07-17 02:47:33 [DEBUG] VibrationPlate:update_status_registers:460 - 狀態統計 - 操作次數: 10, 錯誤次數: 0, 連接次數: 1
2025-07-17 02:48:03 [DEBUG] VibrationPlate:update_status_registers:460 - 狀態統計 - 操作次數: 10, 錯誤次數: 0, 連接次數: 1
2025-07-17 02:48:34 [DEBUG] VibrationPlate:update_status_registers:460 - 狀態統計 - 操作次數: 10, 錯誤次數: 0, 連接次數: 1
2025-07-17 02:49:04 [DEBUG] VibrationPlate:update_status_registers:460 - 狀態統計 - 操作次數: 10, 錯誤次數: 0, 連接次數: 1
2025-07-17 02:49:34 [DEBUG] VibrationPlate:update_status_registers:460 - 狀態統計 - 操作次數: 10, 錯誤次數: 0, 連接次數: 1
2025-07-17 02:50:04 [DEBUG] VibrationPlate:update_status_registers:460 - 狀態統計 - 操作次數: 10, 錯誤次數: 0, 連接次數: 1
2025-07-17 02:50:35 [DEBUG] VibrationPlate:update_status_registers:460 - 狀態統計 - 操作次數: 10, 錯誤次數: 0, 連接次數: 1
2025-07-17 02:51:05 [DEBUG] VibrationPlate:update_status_registers:460 - 狀態統計 - 操作次數: 10, 錯誤次數: 0, 連接次數: 1
2025-07-17 02:51:35 [DEBUG] VibrationPlate:update_status_registers:460 - 狀態統計 - 操作次數: 10, 錯誤次數: 0, 連接次數: 1
2025-07-17 02:52:05 [DEBUG] VibrationPlate:update_status_registers:460 - 狀態統計 - 操作次數: 10, 錯誤次數: 0, 連接次數: 1
2025-07-17 02:52:36 [DEBUG] VibrationPlate:update_status_registers:460 - 狀態統計 - 操作次數: 10, 錯誤次數: 0, 連接次數: 1
2025-07-17 02:53:06 [DEBUG] VibrationPlate:update_status_registers:460 - 狀態統計 - 操作次數: 10, 錯誤次數: 0, 連接次數: 1
2025-07-17 02:53:36 [DEBUG] VibrationPlate:update_status_registers:460 - 狀態統計 - 操作次數: 10, 錯誤次數: 0, 連接次數: 1
2025-07-17 02:54:06 [DEBUG] VibrationPlate:update_status_registers:460 - 狀態統計 - 操作次數: 10, 錯誤次數: 0, 連接次數: 1
2025-07-17 02:54:37 [DEBUG] VibrationPlate:update_status_registers:460 - 狀態統計 - 操作次數: 10, 錯誤次數: 0, 連接次數: 1
2025-07-17 02:55:07 [DEBUG] VibrationPlate:update_status_registers:460 - 狀態統計 - 操作次數: 10, 錯誤次數: 0, 連接次數: 1
2025-07-17 02:55:37 [DEBUG] VibrationPlate:update_status_registers:460 - 狀態統計 - 操作次數: 10, 錯誤次數: 0, 連接次數: 1
2025-07-17 02:56:07 [DEBUG] VibrationPlate:update_status_registers:460 - 狀態統計 - 操作次數: 10, 錯誤次數: 0, 連接次數: 1
2025-07-17 02:56:38 [DEBUG] VibrationPlate:update_status_registers:460 - 狀態統計 - 操作次數: 10, 錯誤次數: 0, 連接次數: 1
2025-07-17 02:57:08 [DEBUG] VibrationPlate:update_status_registers:460 - 狀態統計 - 操作次數: 10, 錯誤次數: 0, 連接次數: 1
2025-07-17 02:57:38 [DEBUG] VibrationPlate:update_status_registers:460 - 狀態統計 - 操作次數: 10, 錯誤次數: 0, 連接次數: 1
2025-07-17 02:58:08 [DEBUG] VibrationPlate:update_status_registers:460 - 狀態統計 - 操作次數: 10, 錯誤次數: 0, 連接次數: 1
2025-07-17 02:58:39 [DEBUG] VibrationPlate:update_status_registers:460 - 狀態統計 - 操作次數: 10, 錯誤次數: 0, 連接次數: 1
2025-07-17 02:59:09 [DEBUG] VibrationPlate:update_status_registers:460 - 狀態統計 - 操作次數: 10, 錯誤次數: 0, 連接次數: 1
2025-07-17 02:59:39 [DEBUG] VibrationPlate:update_status_registers:460 - 狀態統計 - 操作次數: 10, 錯誤次數: 0, 連接次數: 1
2025-07-17 03:00:09 [DEBUG] VibrationPlate:update_status_registers:460 - 狀態統計 - 操作次數: 10, 錯誤次數: 0, 連接次數: 1
2025-07-17 03:00:40 [DEBUG] VibrationPlate:update_status_registers:460 - 狀態統計 - 操作次數: 10, 錯誤次數: 0, 連接次數: 1
2025-07-17 03:01:10 [DEBUG] VibrationPlate:update_status_registers:460 - 狀態統計 - 操作次數: 10, 錯誤次數: 0, 連接次數: 1
2025-07-17 03:01:40 [DEBUG] VibrationPlate:update_status_registers:460 - 狀態統計 - 操作次數: 10, 錯誤次數: 0, 連接次數: 1
2025-07-17 03:02:11 [DEBUG] VibrationPlate:update_status_registers:460 - 狀態統計 - 操作次數: 10, 錯誤次數: 0, 連接次數: 1
2025-07-17 03:02:41 [DEBUG] VibrationPlate:update_status_registers:460 - 狀態統計 - 操作次數: 10, 錯誤次數: 0, 連接次數: 1
2025-07-17 03:03:11 [DEBUG] VibrationPlate:update_status_registers:460 - 狀態統計 - 操作次數: 10, 錯誤次數: 0, 連接次數: 1
2025-07-17 03:03:41 [DEBUG] VibrationPlate:update_status_registers:460 - 狀態統計 - 操作次數: 10, 錯誤次數: 0, 連接次數: 1
2025-07-17 03:04:12 [DEBUG] VibrationPlate:update_status_registers:460 - 狀態統計 - 操作次數: 10, 錯誤次數: 0, 連接次數: 1
2025-07-17 03:04:42 [DEBUG] VibrationPlate:update_status_registers:460 - 狀態統計 - 操作次數: 10, 錯誤次數: 0, 連接次數: 1
2025-07-17 03:05:12 [DEBUG] VibrationPlate:update_status_registers:460 - 狀態統計 - 操作次數: 10, 錯誤次數: 0, 連接次數: 1
2025-07-17 03:05:42 [DEBUG] VibrationPlate:update_status_registers:460 - 狀態統計 - 操作次數: 10, 錯誤次數: 0, 連接次數: 1
2025-07-17 03:06:13 [DEBUG] VibrationPlate:update_status_registers:460 - 狀態統計 - 操作次數: 10, 錯誤次數: 0, 連接次數: 1
2025-07-17 03:06:43 [DEBUG] VibrationPlate:update_status_registers:460 - 狀態統計 - 操作次數: 10, 錯誤次數: 0, 連接次數: 1
2025-07-17 03:07:13 [DEBUG] VibrationPlate:update_status_registers:460 - 狀態統計 - 操作次數: 10, 錯誤次數: 0, 連接次數: 1
2025-07-17 03:07:43 [DEBUG] VibrationPlate:update_status_registers:460 - 狀態統計 - 操作次數: 10, 錯誤次數: 0, 連接次數: 1
2025-07-17 03:08:14 [DEBUG] VibrationPlate:update_status_registers:460 - 狀態統計 - 操作次數: 10, 錯誤次數: 0, 連接次數: 1
2025-07-17 03:08:44 [DEBUG] VibrationPlate:update_status_registers:460 - 狀態統計 - 操作次數: 10, 錯誤次數: 0, 連接次數: 1
2025-07-17 03:09:14 [DEBUG] VibrationPlate:update_status_registers:460 - 狀態統計 - 操作次數: 10, 錯誤次數: 0, 連接次數: 1
2025-07-17 03:09:45 [DEBUG] VibrationPlate:update_status_registers:460 - 狀態統計 - 操作次數: 10, 錯誤次數: 0, 連接次數: 1
2025-07-17 03:10:15 [DEBUG] VibrationPlate:update_status_registers:460 - 狀態統計 - 操作次數: 10, 錯誤次數: 0, 連接次數: 1
2025-07-17 03:10:45 [DEBUG] VibrationPlate:update_status_registers:460 - 狀態統計 - 操作次數: 10, 錯誤次數: 0, 連接次數: 1
2025-07-17 03:11:15 [DEBUG] VibrationPlate:update_status_registers:460 - 狀態統計 - 操作次數: 10, 錯誤次數: 0, 連接次數: 1
2025-07-17 03:11:46 [DEBUG] VibrationPlate:update_status_registers:460 - 狀態統計 - 操作次數: 10, 錯誤次數: 0, 連接次數: 1
2025-07-17 03:12:16 [DEBUG] VibrationPlate:update_status_registers:460 - 狀態統計 - 操作次數: 10, 錯誤次數: 0, 連接次數: 1
2025-07-17 03:12:46 [DEBUG] VibrationPlate:update_status_registers:460 - 狀態統計 - 操作次數: 10, 錯誤次數: 0, 連接次數: 1
2025-07-17 03:13:17 [DEBUG] VibrationPlate:update_status_registers:460 - 狀態統計 - 操作次數: 10, 錯誤次數: 0, 連接次數: 1
2025-07-17 03:13:47 [DEBUG] VibrationPlate:update_status_registers:460 - 狀態統計 - 操作次數: 10, 錯誤次數: 0, 連接次數: 1
2025-07-17 03:14:17 [DEBUG] VibrationPlate:update_status_registers:460 - 狀態統計 - 操作次數: 10, 錯誤次數: 0, 連接次數: 1
2025-07-17 03:14:48 [DEBUG] VibrationPlate:update_status_registers:460 - 狀態統計 - 操作次數: 10, 錯誤次數: 0, 連接次數: 1
2025-07-17 03:15:18 [DEBUG] VibrationPlate:update_status_registers:460 - 狀態統計 - 操作次數: 10, 錯誤次數: 0, 連接次數: 1
2025-07-17 03:15:48 [DEBUG] VibrationPlate:update_status_registers:460 - 狀態統計 - 操作次數: 10, 錯誤次數: 0, 連接次數: 1
2025-07-17 03:16:19 [DEBUG] VibrationPlate:update_status_registers:460 - 狀態統計 - 操作次數: 10, 錯誤次數: 0, 連接次數: 1
2025-07-17 03:16:49 [DEBUG] VibrationPlate:update_status_registers:460 - 狀態統計 - 操作次數: 10, 錯誤次數: 0, 連接次數: 1
2025-07-17 03:17:19 [DEBUG] VibrationPlate:update_status_registers:460 - 狀態統計 - 操作次數: 10, 錯誤次數: 0, 連接次數: 1
2025-07-17 03:17:50 [DEBUG] VibrationPlate:update_status_registers:460 - 狀態統計 - 操作次數: 10, 錯誤次數: 0, 連接次數: 1
2025-07-17 03:18:20 [DEBUG] VibrationPlate:update_status_registers:460 - 狀態統計 - 操作次數: 10, 錯誤次數: 0, 連接次數: 1
2025-07-17 03:18:50 [DEBUG] VibrationPlate:update_status_registers:460 - 狀態統計 - 操作次數: 10, 錯誤次數: 0, 連接次數: 1
2025-07-17 03:19:20 [DEBUG] VibrationPlate:update_status_registers:460 - 狀態統計 - 操作次數: 10, 錯誤次數: 0, 連接次數: 1
2025-07-17 03:19:51 [DEBUG] VibrationPlate:update_status_registers:460 - 狀態統計 - 操作次數: 10, 錯誤次數: 0, 連接次數: 1
2025-07-17 03:20:21 [DEBUG] VibrationPlate:update_status_registers:460 - 狀態統計 - 操作次數: 10, 錯誤次數: 0, 連接次數: 1
2025-07-17 03:20:51 [DEBUG] VibrationPlate:update_status_registers:460 - 狀態統計 - 操作次數: 10, 錯誤次數: 0, 連接次數: 1
2025-07-17 03:21:21 [DEBUG] VibrationPlate:update_status_registers:460 - 狀態統計 - 操作次數: 10, 錯誤次數: 0, 連接次數: 1
2025-07-17 03:21:52 [DEBUG] VibrationPlate:update_status_registers:460 - 狀態統計 - 操作次數: 10, 錯誤次數: 0, 連接次數: 1
2025-07-17 03:22:22 [DEBUG] VibrationPlate:update_status_registers:460 - 狀態統計 - 操作次數: 10, 錯誤次數: 0, 連接次數: 1
2025-07-17 03:22:52 [DEBUG] VibrationPlate:update_status_registers:460 - 狀態統計 - 操作次數: 10, 錯誤次數: 0, 連接次數: 1
2025-07-17 03:23:23 [DEBUG] VibrationPlate:update_status_registers:460 - 狀態統計 - 操作次數: 10, 錯誤次數: 0, 連接次數: 1
2025-07-17 03:23:53 [DEBUG] VibrationPlate:update_status_registers:460 - 狀態統計 - 操作次數: 10, 錯誤次數: 0, 連接次數: 1
2025-07-17 03:24:23 [DEBUG] VibrationPlate:update_status_registers:460 - 狀態統計 - 操作次數: 10, 錯誤次數: 0, 連接次數: 1
2025-07-17 03:24:53 [DEBUG] VibrationPlate:update_status_registers:460 - 狀態統計 - 操作次數: 10, 錯誤次數: 0, 連接次數: 1
2025-07-17 03:25:24 [DEBUG] VibrationPlate:update_status_registers:460 - 狀態統計 - 操作次數: 10, 錯誤次數: 0, 連接次數: 1
2025-07-17 03:25:54 [DEBUG] VibrationPlate:update_status_registers:460 - 狀態統計 - 操作次數: 10, 錯誤次數: 0, 連接次數: 1
2025-07-17 03:26:24 [DEBUG] VibrationPlate:update_status_registers:460 - 狀態統計 - 操作次數: 10, 錯誤次數: 0, 連接次數: 1
2025-07-17 03:26:54 [DEBUG] VibrationPlate:update_status_registers:460 - 狀態統計 - 操作次數: 10, 錯誤次數: 0, 連接次數: 1
2025-07-17 03:27:25 [DEBUG] VibrationPlate:update_status_registers:460 - 狀態統計 - 操作次數: 10, 錯誤次數: 0, 連接次數: 1
2025-07-17 03:27:55 [DEBUG] VibrationPlate:update_status_registers:460 - 狀態統計 - 操作次數: 10, 錯誤次數: 0, 連接次數: 1
2025-07-17 03:28:25 [DEBUG] VibrationPlate:update_status_registers:460 - 狀態統計 - 操作次數: 10, 錯誤次數: 0, 連接次數: 1
2025-07-17 03:28:56 [DEBUG] VibrationPlate:update_status_registers:460 - 狀態統計 - 操作次數: 10, 錯誤次數: 0, 連接次數: 1
2025-07-17 03:29:26 [DEBUG] VibrationPlate:update_status_registers:460 - 狀態統計 - 操作次數: 10, 錯誤次數: 0, 連接次數: 1
2025-07-17 03:29:56 [DEBUG] VibrationPlate:update_status_registers:460 - 狀態統計 - 操作次數: 10, 錯誤次數: 0, 連接次數: 1
2025-07-17 03:30:27 [DEBUG] VibrationPlate:update_status_registers:460 - 狀態統計 - 操作次數: 10, 錯誤次數: 0, 連接次數: 1
2025-07-17 03:30:57 [DEBUG] VibrationPlate:update_status_registers:460 - 狀態統計 - 操作次數: 10, 錯誤次數: 0, 連接次數: 1
2025-07-17 03:31:27 [DEBUG] VibrationPlate:update_status_registers:460 - 狀態統計 - 操作次數: 10, 錯誤次數: 0, 連接次數: 1
2025-07-17 03:31:57 [DEBUG] VibrationPlate:update_status_registers:460 - 狀態統計 - 操作次數: 10, 錯誤次數: 0, 連接次數: 1
2025-07-17 03:32:28 [DEBUG] VibrationPlate:update_status_registers:460 - 狀態統計 - 操作次數: 10, 錯誤次數: 0, 連接次數: 1
2025-07-17 03:32:58 [DEBUG] VibrationPlate:update_status_registers:460 - 狀態統計 - 操作次數: 10, 錯誤次數: 0, 連接次數: 1
2025-07-17 03:33:28 [DEBUG] VibrationPlate:update_status_registers:460 - 狀態統計 - 操作次數: 10, 錯誤次數: 0, 連接次數: 1
2025-07-17 03:33:59 [DEBUG] VibrationPlate:update_status_registers:460 - 狀態統計 - 操作次數: 10, 錯誤次數: 0, 連接次數: 1
2025-07-17 03:34:29 [DEBUG] VibrationPlate:update_status_registers:460 - 狀態統計 - 操作次數: 10, 錯誤次數: 0, 連接次數: 1
2025-07-17 03:34:59 [DEBUG] VibrationPlate:update_status_registers:460 - 狀態統計 - 操作次數: 10, 錯誤次數: 0, 連接次數: 1
2025-07-17 03:35:29 [DEBUG] VibrationPlate:update_status_registers:460 - 狀態統計 - 操作次數: 10, 錯誤次數: 0, 連接次數: 1
2025-07-17 03:36:00 [DEBUG] VibrationPlate:update_status_registers:460 - 狀態統計 - 操作次數: 10, 錯誤次數: 0, 連接次數: 1
2025-07-17 03:36:30 [DEBUG] VibrationPlate:update_status_registers:460 - 狀態統計 - 操作次數: 10, 錯誤次數: 0, 連接次數: 1
2025-07-17 03:37:00 [DEBUG] VibrationPlate:update_status_registers:460 - 狀態統計 - 操作次數: 10, 錯誤次數: 0, 連接次數: 1
2025-07-17 03:37:31 [DEBUG] VibrationPlate:update_status_registers:460 - 狀態統計 - 操作次數: 10, 錯誤次數: 0, 連接次數: 1
2025-07-17 03:38:01 [DEBUG] VibrationPlate:update_status_registers:460 - 狀態統計 - 操作次數: 10, 錯誤次數: 0, 連接次數: 1
2025-07-17 03:38:31 [DEBUG] VibrationPlate:update_status_registers:460 - 狀態統計 - 操作次數: 10, 錯誤次數: 0, 連接次數: 1
2025-07-17 03:39:02 [DEBUG] VibrationPlate:update_status_registers:460 - 狀態統計 - 操作次數: 10, 錯誤次數: 0, 連接次數: 1
2025-07-17 03:39:32 [DEBUG] VibrationPlate:update_status_registers:460 - 狀態統計 - 操作次數: 10, 錯誤次數: 0, 連接次數: 1
2025-07-17 03:40:02 [DEBUG] VibrationPlate:update_status_registers:460 - 狀態統計 - 操作次數: 10, 錯誤次數: 0, 連接次數: 1
2025-07-17 03:40:32 [DEBUG] VibrationPlate:update_status_registers:460 - 狀態統計 - 操作次數: 10, 錯誤次數: 0, 連接次數: 1
2025-07-17 03:41:02 [DEBUG] VibrationPlate:update_status_registers:460 - 狀態統計 - 操作次數: 10, 錯誤次數: 0, 連接次數: 1
2025-07-17 03:41:33 [DEBUG] VibrationPlate:update_status_registers:460 - 狀態統計 - 操作次數: 10, 錯誤次數: 0, 連接次數: 1
2025-07-17 03:42:03 [DEBUG] VibrationPlate:update_status_registers:460 - 狀態統計 - 操作次數: 10, 錯誤次數: 0, 連接次數: 1
2025-07-17 03:42:33 [DEBUG] VibrationPlate:update_status_registers:460 - 狀態統計 - 操作次數: 10, 錯誤次數: 0, 連接次數: 1
2025-07-17 03:43:03 [DEBUG] VibrationPlate:update_status_registers:460 - 狀態統計 - 操作次數: 10, 錯誤次數: 0, 連接次數: 1
2025-07-17 03:43:34 [DEBUG] VibrationPlate:update_status_registers:460 - 狀態統計 - 操作次數: 10, 錯誤次數: 0, 連接次數: 1
2025-07-17 03:44:04 [DEBUG] VibrationPlate:update_status_registers:460 - 狀態統計 - 操作次數: 10, 錯誤次數: 0, 連接次數: 1
2025-07-17 03:44:35 [DEBUG] VibrationPlate:update_status_registers:460 - 狀態統計 - 操作次數: 10, 錯誤次數: 0, 連接次數: 1
2025-07-17 03:45:05 [DEBUG] VibrationPlate:update_status_registers:460 - 狀態統計 - 操作次數: 10, 錯誤次數: 0, 連接次數: 1
2025-07-17 03:45:35 [DEBUG] VibrationPlate:update_status_registers:460 - 狀態統計 - 操作次數: 10, 錯誤次數: 0, 連接次數: 1
2025-07-17 03:46:05 [DEBUG] VibrationPlate:update_status_registers:460 - 狀態統計 - 操作次數: 10, 錯誤次數: 0, 連接次數: 1
2025-07-17 03:46:36 [DEBUG] VibrationPlate:update_status_registers:460 - 狀態統計 - 操作次數: 10, 錯誤次數: 0, 連接次數: 1
2025-07-17 03:47:06 [DEBUG] VibrationPlate:update_status_registers:460 - 狀態統計 - 操作次數: 10, 錯誤次數: 0, 連接次數: 1
2025-07-17 03:47:36 [DEBUG] VibrationPlate:update_status_registers:460 - 狀態統計 - 操作次數: 10, 錯誤次數: 0, 連接次數: 1
2025-07-17 03:48:07 [DEBUG] VibrationPlate:update_status_registers:460 - 狀態統計 - 操作次數: 10, 錯誤次數: 0, 連接次數: 1
2025-07-17 03:48:37 [DEBUG] VibrationPlate:update_status_registers:460 - 狀態統計 - 操作次數: 10, 錯誤次數: 0, 連接次數: 1
2025-07-17 03:49:07 [DEBUG] VibrationPlate:update_status_registers:460 - 狀態統計 - 操作次數: 10, 錯誤次數: 0, 連接次數: 1
2025-07-17 03:49:37 [DEBUG] VibrationPlate:update_status_registers:460 - 狀態統計 - 操作次數: 10, 錯誤次數: 0, 連接次數: 1
2025-07-17 03:50:08 [DEBUG] VibrationPlate:update_status_registers:460 - 狀態統計 - 操作次數: 10, 錯誤次數: 0, 連接次數: 1
2025-07-17 03:50:38 [DEBUG] VibrationPlate:update_status_registers:460 - 狀態統計 - 操作次數: 10, 錯誤次數: 0, 連接次數: 1
2025-07-17 03:51:08 [DEBUG] VibrationPlate:update_status_registers:460 - 狀態統計 - 操作次數: 10, 錯誤次數: 0, 連接次數: 1
2025-07-17 03:51:38 [DEBUG] VibrationPlate:update_status_registers:460 - 狀態統計 - 操作次數: 10, 錯誤次數: 0, 連接次數: 1
2025-07-17 03:52:09 [DEBUG] VibrationPlate:update_status_registers:460 - 狀態統計 - 操作次數: 10, 錯誤次數: 0, 連接次數: 1
2025-07-17 03:52:39 [DEBUG] VibrationPlate:update_status_registers:460 - 狀態統計 - 操作次數: 10, 錯誤次數: 0, 連接次數: 1
2025-07-17 03:53:09 [DEBUG] VibrationPlate:update_status_registers:460 - 狀態統計 - 操作次數: 10, 錯誤次數: 0, 連接次數: 1
2025-07-17 03:53:39 [DEBUG] VibrationPlate:update_status_registers:460 - 狀態統計 - 操作次數: 10, 錯誤次數: 0, 連接次數: 1
2025-07-17 03:54:09 [DEBUG] VibrationPlate:update_status_registers:460 - 狀態統計 - 操作次數: 10, 錯誤次數: 0, 連接次數: 1
2025-07-17 03:54:39 [DEBUG] VibrationPlate:update_status_registers:460 - 狀態統計 - 操作次數: 10, 錯誤次數: 0, 連接次數: 1
2025-07-17 03:55:09 [DEBUG] VibrationPlate:update_status_registers:460 - 狀態統計 - 操作次數: 10, 錯誤次數: 0, 連接次數: 1
2025-07-17 03:55:39 [DEBUG] VibrationPlate:update_status_registers:460 - 狀態統計 - 操作次數: 10, 錯誤次數: 0, 連接次數: 1
2025-07-17 03:56:09 [DEBUG] VibrationPlate:update_status_registers:460 - 狀態統計 - 操作次數: 10, 錯誤次數: 0, 連接次數: 1
2025-07-17 03:56:39 [DEBUG] VibrationPlate:update_status_registers:460 - 狀態統計 - 操作次數: 10, 錯誤次數: 0, 連接次數: 1
2025-07-17 03:57:10 [DEBUG] VibrationPlate:update_status_registers:460 - 狀態統計 - 操作次數: 10, 錯誤次數: 0, 連接次數: 1
2025-07-17 03:57:40 [DEBUG] VibrationPlate:update_status_registers:460 - 狀態統計 - 操作次數: 10, 錯誤次數: 0, 連接次數: 1
2025-07-17 03:58:10 [DEBUG] VibrationPlate:update_status_registers:460 - 狀態統計 - 操作次數: 10, 錯誤次數: 0, 連接次數: 1
2025-07-17 03:58:40 [DEBUG] VibrationPlate:update_status_registers:460 - 狀態統計 - 操作次數: 10, 錯誤次數: 0, 連接次數: 1
2025-07-17 03:59:11 [DEBUG] VibrationPlate:update_status_registers:460 - 狀態統計 - 操作次數: 10, 錯誤次數: 0, 連接次數: 1
2025-07-17 03:59:41 [DEBUG] VibrationPlate:update_status_registers:460 - 狀態統計 - 操作次數: 10, 錯誤次數: 0, 連接次數: 1
2025-07-17 04:00:11 [DEBUG] VibrationPlate:update_status_registers:460 - 狀態統計 - 操作次數: 10, 錯誤次數: 0, 連接次數: 1
2025-07-17 04:00:41 [DEBUG] VibrationPlate:update_status_registers:460 - 狀態統計 - 操作次數: 10, 錯誤次數: 0, 連接次數: 1
2025-07-17 04:01:12 [DEBUG] VibrationPlate:update_status_registers:460 - 狀態統計 - 操作次數: 10, 錯誤次數: 0, 連接次數: 1
2025-07-17 04:01:42 [DEBUG] VibrationPlate:update_status_registers:460 - 狀態統計 - 操作次數: 10, 錯誤次數: 0, 連接次數: 1
2025-07-17 04:02:12 [DEBUG] VibrationPlate:update_status_registers:460 - 狀態統計 - 操作次數: 10, 錯誤次數: 0, 連接次數: 1
2025-07-17 04:02:42 [DEBUG] VibrationPlate:update_status_registers:460 - 狀態統計 - 操作次數: 10, 錯誤次數: 0, 連接次數: 1
2025-07-17 04:03:13 [DEBUG] VibrationPlate:update_status_registers:460 - 狀態統計 - 操作次數: 10, 錯誤次數: 0, 連接次數: 1
2025-07-17 04:03:43 [DEBUG] VibrationPlate:update_status_registers:460 - 狀態統計 - 操作次數: 10, 錯誤次數: 0, 連接次數: 1
2025-07-17 04:04:13 [DEBUG] VibrationPlate:update_status_registers:460 - 狀態統計 - 操作次數: 10, 錯誤次數: 0, 連接次數: 1
2025-07-17 04:04:43 [DEBUG] VibrationPlate:update_status_registers:460 - 狀態統計 - 操作次數: 10, 錯誤次數: 0, 連接次數: 1
2025-07-17 04:05:14 [DEBUG] VibrationPlate:update_status_registers:460 - 狀態統計 - 操作次數: 10, 錯誤次數: 0, 連接次數: 1
2025-07-17 04:05:44 [DEBUG] VibrationPlate:update_status_registers:460 - 狀態統計 - 操作次數: 10, 錯誤次數: 0, 連接次數: 1
2025-07-17 04:06:14 [DEBUG] VibrationPlate:update_status_registers:460 - 狀態統計 - 操作次數: 10, 錯誤次數: 0, 連接次數: 1
2025-07-17 04:06:44 [DEBUG] VibrationPlate:update_status_registers:460 - 狀態統計 - 操作次數: 10, 錯誤次數: 0, 連接次數: 1
2025-07-17 04:07:15 [DEBUG] VibrationPlate:update_status_registers:460 - 狀態統計 - 操作次數: 10, 錯誤次數: 0, 連接次數: 1
2025-07-17 04:07:45 [DEBUG] VibrationPlate:update_status_registers:460 - 狀態統計 - 操作次數: 10, 錯誤次數: 0, 連接次數: 1
2025-07-17 04:08:15 [DEBUG] VibrationPlate:update_status_registers:460 - 狀態統計 - 操作次數: 10, 錯誤次數: 0, 連接次數: 1
2025-07-17 04:08:45 [DEBUG] VibrationPlate:update_status_registers:460 - 狀態統計 - 操作次數: 10, 錯誤次數: 0, 連接次數: 1
2025-07-17 04:09:15 [DEBUG] VibrationPlate:update_status_registers:460 - 狀態統計 - 操作次數: 10, 錯誤次數: 0, 連接次數: 1
2025-07-17 04:09:46 [DEBUG] VibrationPlate:update_status_registers:460 - 狀態統計 - 操作次數: 10, 錯誤次數: 0, 連接次數: 1
2025-07-17 04:10:16 [DEBUG] VibrationPlate:update_status_registers:460 - 狀態統計 - 操作次數: 10, 錯誤次數: 0, 連接次數: 1
2025-07-17 04:10:46 [DEBUG] VibrationPlate:update_status_registers:460 - 狀態統計 - 操作次數: 10, 錯誤次數: 0, 連接次數: 1
2025-07-17 04:11:17 [DEBUG] VibrationPlate:update_status_registers:460 - 狀態統計 - 操作次數: 10, 錯誤次數: 0, 連接次數: 1
2025-07-17 04:11:47 [DEBUG] VibrationPlate:update_status_registers:460 - 狀態統計 - 操作次數: 10, 錯誤次數: 0, 連接次數: 1
2025-07-17 04:12:17 [DEBUG] VibrationPlate:update_status_registers:460 - 狀態統計 - 操作次數: 10, 錯誤次數: 0, 連接次數: 1
2025-07-17 04:12:47 [DEBUG] VibrationPlate:update_status_registers:460 - 狀態統計 - 操作次數: 10, 錯誤次數: 0, 連接次數: 1
2025-07-17 04:13:18 [DEBUG] VibrationPlate:update_status_registers:460 - 狀態統計 - 操作次數: 10, 錯誤次數: 0, 連接次數: 1
2025-07-17 04:13:48 [DEBUG] VibrationPlate:update_status_registers:460 - 狀態統計 - 操作次數: 10, 錯誤次數: 0, 連接次數: 1
2025-07-17 04:14:18 [DEBUG] VibrationPlate:update_status_registers:460 - 狀態統計 - 操作次數: 10, 錯誤次數: 0, 連接次數: 1
2025-07-17 04:14:48 [DEBUG] VibrationPlate:update_status_registers:460 - 狀態統計 - 操作次數: 10, 錯誤次數: 0, 連接次數: 1
2025-07-17 04:15:18 [DEBUG] VibrationPlate:update_status_registers:460 - 狀態統計 - 操作次數: 10, 錯誤次數: 0, 連接次數: 1
2025-07-17 04:15:49 [DEBUG] VibrationPlate:update_status_registers:460 - 狀態統計 - 操作次數: 10, 錯誤次數: 0, 連接次數: 1
2025-07-17 04:16:19 [DEBUG] VibrationPlate:update_status_registers:460 - 狀態統計 - 操作次數: 10, 錯誤次數: 0, 連接次數: 1
2025-07-17 04:16:49 [DEBUG] VibrationPlate:update_status_registers:460 - 狀態統計 - 操作次數: 10, 錯誤次數: 0, 連接次數: 1
2025-07-17 04:17:20 [DEBUG] VibrationPlate:update_status_registers:460 - 狀態統計 - 操作次數: 10, 錯誤次數: 0, 連接次數: 1
2025-07-17 04:17:50 [DEBUG] VibrationPlate:update_status_registers:460 - 狀態統計 - 操作次數: 10, 錯誤次數: 0, 連接次數: 1
2025-07-17 04:18:20 [DEBUG] VibrationPlate:update_status_registers:460 - 狀態統計 - 操作次數: 10, 錯誤次數: 0, 連接次數: 1
2025-07-17 04:18:51 [DEBUG] VibrationPlate:update_status_registers:460 - 狀態統計 - 操作次數: 10, 錯誤次數: 0, 連接次數: 1
2025-07-17 04:19:21 [DEBUG] VibrationPlate:update_status_registers:460 - 狀態統計 - 操作次數: 10, 錯誤次數: 0, 連接次數: 1
2025-07-17 04:19:51 [DEBUG] VibrationPlate:update_status_registers:460 - 狀態統計 - 操作次數: 10, 錯誤次數: 0, 連接次數: 1
2025-07-17 04:20:21 [DEBUG] VibrationPlate:update_status_registers:460 - 狀態統計 - 操作次數: 10, 錯誤次數: 0, 連接次數: 1
2025-07-17 04:20:52 [DEBUG] VibrationPlate:update_status_registers:460 - 狀態統計 - 操作次數: 10, 錯誤次數: 0, 連接次數: 1
2025-07-17 04:21:22 [DEBUG] VibrationPlate:update_status_registers:460 - 狀態統計 - 操作次數: 10, 錯誤次數: 0, 連接次數: 1
2025-07-17 04:21:52 [DEBUG] VibrationPlate:update_status_registers:460 - 狀態統計 - 操作次數: 10, 錯誤次數: 0, 連接次數: 1
2025-07-17 04:22:22 [DEBUG] VibrationPlate:update_status_registers:460 - 狀態統計 - 操作次數: 10, 錯誤次數: 0, 連接次數: 1
2025-07-17 04:22:53 [DEBUG] VibrationPlate:update_status_registers:460 - 狀態統計 - 操作次數: 10, 錯誤次數: 0, 連接次數: 1
2025-07-17 04:23:23 [DEBUG] VibrationPlate:update_status_registers:460 - 狀態統計 - 操作次數: 10, 錯誤次數: 0, 連接次數: 1
2025-07-17 04:23:53 [DEBUG] VibrationPlate:update_status_registers:460 - 狀態統計 - 操作次數: 10, 錯誤次數: 0, 連接次數: 1
2025-07-17 04:24:23 [DEBUG] VibrationPlate:update_status_registers:460 - 狀態統計 - 操作次數: 10, 錯誤次數: 0, 連接次數: 1
2025-07-17 04:24:54 [DEBUG] VibrationPlate:update_status_registers:460 - 狀態統計 - 操作次數: 10, 錯誤次數: 0, 連接次數: 1
2025-07-17 04:25:24 [DEBUG] VibrationPlate:update_status_registers:460 - 狀態統計 - 操作次數: 10, 錯誤次數: 0, 連接次數: 1
2025-07-17 04:25:54 [DEBUG] VibrationPlate:update_status_registers:460 - 狀態統計 - 操作次數: 10, 錯誤次數: 0, 連接次數: 1
2025-07-17 04:26:24 [DEBUG] VibrationPlate:update_status_registers:460 - 狀態統計 - 操作次數: 10, 錯誤次數: 0, 連接次數: 1
2025-07-17 04:26:55 [DEBUG] VibrationPlate:update_status_registers:460 - 狀態統計 - 操作次數: 10, 錯誤次數: 0, 連接次數: 1
2025-07-17 04:27:25 [DEBUG] VibrationPlate:update_status_registers:460 - 狀態統計 - 操作次數: 10, 錯誤次數: 0, 連接次數: 1
2025-07-17 04:27:55 [DEBUG] VibrationPlate:update_status_registers:460 - 狀態統計 - 操作次數: 10, 錯誤次數: 0, 連接次數: 1
2025-07-17 04:28:25 [DEBUG] VibrationPlate:update_status_registers:460 - 狀態統計 - 操作次數: 10, 錯誤次數: 0, 連接次數: 1
2025-07-17 04:28:56 [DEBUG] VibrationPlate:update_status_registers:460 - 狀態統計 - 操作次數: 10, 錯誤次數: 0, 連接次數: 1
2025-07-17 04:29:26 [DEBUG] VibrationPlate:update_status_registers:460 - 狀態統計 - 操作次數: 10, 錯誤次數: 0, 連接次數: 1
2025-07-17 04:29:56 [DEBUG] VibrationPlate:update_status_registers:460 - 狀態統計 - 操作次數: 10, 錯誤次數: 0, 連接次數: 1
2025-07-17 04:30:26 [DEBUG] VibrationPlate:update_status_registers:460 - 狀態統計 - 操作次數: 10, 錯誤次數: 0, 連接次數: 1
2025-07-17 04:30:57 [DEBUG] VibrationPlate:update_status_registers:460 - 狀態統計 - 操作次數: 10, 錯誤次數: 0, 連接次數: 1
2025-07-17 04:31:27 [DEBUG] VibrationPlate:update_status_registers:460 - 狀態統計 - 操作次數: 10, 錯誤次數: 0, 連接次數: 1
2025-07-17 04:31:57 [DEBUG] VibrationPlate:update_status_registers:460 - 狀態統計 - 操作次數: 10, 錯誤次數: 0, 連接次數: 1
2025-07-17 04:32:27 [DEBUG] VibrationPlate:update_status_registers:460 - 狀態統計 - 操作次數: 10, 錯誤次數: 0, 連接次數: 1
2025-07-17 04:32:58 [DEBUG] VibrationPlate:update_status_registers:460 - 狀態統計 - 操作次數: 10, 錯誤次數: 0, 連接次數: 1
2025-07-17 04:33:28 [DEBUG] VibrationPlate:update_status_registers:460 - 狀態統計 - 操作次數: 10, 錯誤次數: 0, 連接次數: 1
2025-07-17 04:33:58 [DEBUG] VibrationPlate:update_status_registers:460 - 狀態統計 - 操作次數: 10, 錯誤次數: 0, 連接次數: 1
2025-07-17 04:34:28 [DEBUG] VibrationPlate:update_status_registers:460 - 狀態統計 - 操作次數: 10, 錯誤次數: 0, 連接次數: 1
2025-07-17 04:34:59 [DEBUG] VibrationPlate:update_status_registers:460 - 狀態統計 - 操作次數: 10, 錯誤次數: 0, 連接次數: 1
2025-07-17 04:35:29 [DEBUG] VibrationPlate:update_status_registers:460 - 狀態統計 - 操作次數: 10, 錯誤次數: 0, 連接次數: 1
2025-07-17 04:35:59 [DEBUG] VibrationPlate:update_status_registers:460 - 狀態統計 - 操作次數: 10, 錯誤次數: 0, 連接次數: 1
2025-07-17 04:36:29 [DEBUG] VibrationPlate:update_status_registers:460 - 狀態統計 - 操作次數: 10, 錯誤次數: 0, 連接次數: 1
2025-07-17 04:37:00 [DEBUG] VibrationPlate:update_status_registers:460 - 狀態統計 - 操作次數: 10, 錯誤次數: 0, 連接次數: 1
2025-07-17 04:37:30 [DEBUG] VibrationPlate:update_status_registers:460 - 狀態統計 - 操作次數: 10, 錯誤次數: 0, 連接次數: 1
2025-07-17 04:38:00 [DEBUG] VibrationPlate:update_status_registers:460 - 狀態統計 - 操作次數: 10, 錯誤次數: 0, 連接次數: 1
2025-07-17 04:38:31 [DEBUG] VibrationPlate:update_status_registers:460 - 狀態統計 - 操作次數: 10, 錯誤次數: 0, 連接次數: 1
2025-07-17 04:39:01 [DEBUG] VibrationPlate:update_status_registers:460 - 狀態統計 - 操作次數: 10, 錯誤次數: 0, 連接次數: 1
2025-07-17 04:39:31 [DEBUG] VibrationPlate:update_status_registers:460 - 狀態統計 - 操作次數: 10, 錯誤次數: 0, 連接次數: 1
2025-07-17 04:40:02 [DEBUG] VibrationPlate:update_status_registers:460 - 狀態統計 - 操作次數: 10, 錯誤次數: 0, 連接次數: 1
2025-07-17 04:40:32 [DEBUG] VibrationPlate:update_status_registers:460 - 狀態統計 - 操作次數: 10, 錯誤次數: 0, 連接次數: 1
2025-07-17 04:41:02 [DEBUG] VibrationPlate:update_status_registers:460 - 狀態統計 - 操作次數: 10, 錯誤次數: 0, 連接次數: 1
2025-07-17 04:41:32 [DEBUG] VibrationPlate:update_status_registers:460 - 狀態統計 - 操作次數: 10, 錯誤次數: 0, 連接次數: 1
2025-07-17 04:42:03 [DEBUG] VibrationPlate:update_status_registers:460 - 狀態統計 - 操作次數: 10, 錯誤次數: 0, 連接次數: 1
2025-07-17 04:42:33 [DEBUG] VibrationPlate:update_status_registers:460 - 狀態統計 - 操作次數: 10, 錯誤次數: 0, 連接次數: 1
2025-07-17 04:43:03 [DEBUG] VibrationPlate:update_status_registers:460 - 狀態統計 - 操作次數: 10, 錯誤次數: 0, 連接次數: 1
2025-07-17 04:43:33 [DEBUG] VibrationPlate:update_status_registers:460 - 狀態統計 - 操作次數: 10, 錯誤次數: 0, 連接次數: 1
2025-07-17 04:44:03 [DEBUG] VibrationPlate:update_status_registers:460 - 狀態統計 - 操作次數: 10, 錯誤次數: 0, 連接次數: 1
2025-07-17 04:44:34 [DEBUG] VibrationPlate:update_status_registers:460 - 狀態統計 - 操作次數: 10, 錯誤次數: 0, 連接次數: 1
2025-07-17 04:45:04 [DEBUG] VibrationPlate:update_status_registers:460 - 狀態統計 - 操作次數: 10, 錯誤次數: 0, 連接次數: 1
2025-07-17 04:45:34 [DEBUG] VibrationPlate:update_status_registers:460 - 狀態統計 - 操作次數: 10, 錯誤次數: 0, 連接次數: 1
2025-07-17 04:46:04 [DEBUG] VibrationPlate:update_status_registers:460 - 狀態統計 - 操作次數: 10, 錯誤次數: 0, 連接次數: 1
2025-07-17 04:46:35 [DEBUG] VibrationPlate:update_status_registers:460 - 狀態統計 - 操作次數: 10, 錯誤次數: 0, 連接次數: 1
2025-07-17 04:47:05 [DEBUG] VibrationPlate:update_status_registers:460 - 狀態統計 - 操作次數: 10, 錯誤次數: 0, 連接次數: 1
2025-07-17 04:47:35 [DEBUG] VibrationPlate:update_status_registers:460 - 狀態統計 - 操作次數: 10, 錯誤次數: 0, 連接次數: 1
2025-07-17 04:48:05 [DEBUG] VibrationPlate:update_status_registers:460 - 狀態統計 - 操作次數: 10, 錯誤次數: 0, 連接次數: 1
2025-07-17 04:48:36 [DEBUG] VibrationPlate:update_status_registers:460 - 狀態統計 - 操作次數: 10, 錯誤次數: 0, 連接次數: 1
2025-07-17 04:49:06 [DEBUG] VibrationPlate:update_status_registers:460 - 狀態統計 - 操作次數: 10, 錯誤次數: 0, 連接次數: 1
2025-07-17 04:49:36 [DEBUG] VibrationPlate:update_status_registers:460 - 狀態統計 - 操作次數: 10, 錯誤次數: 0, 連接次數: 1
2025-07-17 04:50:06 [DEBUG] VibrationPlate:update_status_registers:460 - 狀態統計 - 操作次數: 10, 錯誤次數: 0, 連接次數: 1
2025-07-17 04:50:37 [DEBUG] VibrationPlate:update_status_registers:460 - 狀態統計 - 操作次數: 10, 錯誤次數: 0, 連接次數: 1
2025-07-17 04:51:07 [DEBUG] VibrationPlate:update_status_registers:460 - 狀態統計 - 操作次數: 10, 錯誤次數: 0, 連接次數: 1
2025-07-17 04:51:37 [DEBUG] VibrationPlate:update_status_registers:460 - 狀態統計 - 操作次數: 10, 錯誤次數: 0, 連接次數: 1
2025-07-17 04:52:08 [DEBUG] VibrationPlate:update_status_registers:460 - 狀態統計 - 操作次數: 10, 錯誤次數: 0, 連接次數: 1
2025-07-17 04:52:38 [DEBUG] VibrationPlate:update_status_registers:460 - 狀態統計 - 操作次數: 10, 錯誤次數: 0, 連接次數: 1
2025-07-17 04:53:08 [DEBUG] VibrationPlate:update_status_registers:460 - 狀態統計 - 操作次數: 10, 錯誤次數: 0, 連接次數: 1
2025-07-17 04:53:39 [DEBUG] VibrationPlate:update_status_registers:460 - 狀態統計 - 操作次數: 10, 錯誤次數: 0, 連接次數: 1
2025-07-17 04:54:09 [DEBUG] VibrationPlate:update_status_registers:460 - 狀態統計 - 操作次數: 10, 錯誤次數: 0, 連接次數: 1
2025-07-17 04:54:39 [DEBUG] VibrationPlate:update_status_registers:460 - 狀態統計 - 操作次數: 10, 錯誤次數: 0, 連接次數: 1
2025-07-17 04:55:10 [DEBUG] VibrationPlate:update_status_registers:460 - 狀態統計 - 操作次數: 10, 錯誤次數: 0, 連接次數: 1
2025-07-17 04:55:40 [DEBUG] VibrationPlate:update_status_registers:460 - 狀態統計 - 操作次數: 10, 錯誤次數: 0, 連接次數: 1
2025-07-17 04:56:10 [DEBUG] VibrationPlate:update_status_registers:460 - 狀態統計 - 操作次數: 10, 錯誤次數: 0, 連接次數: 1
2025-07-17 04:56:41 [DEBUG] VibrationPlate:update_status_registers:460 - 狀態統計 - 操作次數: 10, 錯誤次數: 0, 連接次數: 1
2025-07-17 04:57:11 [DEBUG] VibrationPlate:update_status_registers:460 - 狀態統計 - 操作次數: 10, 錯誤次數: 0, 連接次數: 1
2025-07-17 04:57:41 [DEBUG] VibrationPlate:update_status_registers:460 - 狀態統計 - 操作次數: 10, 錯誤次數: 0, 連接次數: 1
2025-07-17 04:58:11 [DEBUG] VibrationPlate:update_status_registers:460 - 狀態統計 - 操作次數: 10, 錯誤次數: 0, 連接次數: 1
2025-07-17 04:58:42 [DEBUG] VibrationPlate:update_status_registers:460 - 狀態統計 - 操作次數: 10, 錯誤次數: 0, 連接次數: 1
2025-07-17 04:59:12 [DEBUG] VibrationPlate:update_status_registers:460 - 狀態統計 - 操作次數: 10, 錯誤次數: 0, 連接次數: 1
2025-07-17 04:59:42 [DEBUG] VibrationPlate:update_status_registers:460 - 狀態統計 - 操作次數: 10, 錯誤次數: 0, 連接次數: 1
2025-07-17 05:00:12 [DEBUG] VibrationPlate:update_status_registers:460 - 狀態統計 - 操作次數: 10, 錯誤次數: 0, 連接次數: 1
2025-07-17 05:00:43 [DEBUG] VibrationPlate:update_status_registers:460 - 狀態統計 - 操作次數: 10, 錯誤次數: 0, 連接次數: 1
2025-07-17 05:01:13 [DEBUG] VibrationPlate:update_status_registers:460 - 狀態統計 - 操作次數: 10, 錯誤次數: 0, 連接次數: 1
2025-07-17 05:01:43 [DEBUG] VibrationPlate:update_status_registers:460 - 狀態統計 - 操作次數: 10, 錯誤次數: 0, 連接次數: 1
2025-07-17 05:02:13 [DEBUG] VibrationPlate:update_status_registers:460 - 狀態統計 - 操作次數: 10, 錯誤次數: 0, 連接次數: 1
2025-07-17 05:02:44 [DEBUG] VibrationPlate:update_status_registers:460 - 狀態統計 - 操作次數: 10, 錯誤次數: 0, 連接次數: 1
2025-07-17 05:03:14 [DEBUG] VibrationPlate:update_status_registers:460 - 狀態統計 - 操作次數: 10, 錯誤次數: 0, 連接次數: 1
2025-07-17 05:03:44 [DEBUG] VibrationPlate:update_status_registers:460 - 狀態統計 - 操作次數: 10, 錯誤次數: 0, 連接次數: 1
2025-07-17 05:04:14 [DEBUG] VibrationPlate:update_status_registers:460 - 狀態統計 - 操作次數: 10, 錯誤次數: 0, 連接次數: 1
2025-07-17 05:04:45 [DEBUG] VibrationPlate:update_status_registers:460 - 狀態統計 - 操作次數: 10, 錯誤次數: 0, 連接次數: 1
2025-07-17 05:05:15 [DEBUG] VibrationPlate:update_status_registers:460 - 狀態統計 - 操作次數: 10, 錯誤次數: 0, 連接次數: 1
2025-07-17 05:05:45 [DEBUG] VibrationPlate:update_status_registers:460 - 狀態統計 - 操作次數: 10, 錯誤次數: 0, 連接次數: 1
2025-07-17 05:06:15 [DEBUG] VibrationPlate:update_status_registers:460 - 狀態統計 - 操作次數: 10, 錯誤次數: 0, 連接次數: 1
2025-07-17 05:06:46 [DEBUG] VibrationPlate:update_status_registers:460 - 狀態統計 - 操作次數: 10, 錯誤次數: 0, 連接次數: 1
2025-07-17 05:07:16 [DEBUG] VibrationPlate:update_status_registers:460 - 狀態統計 - 操作次數: 10, 錯誤次數: 0, 連接次數: 1
2025-07-17 05:07:46 [DEBUG] VibrationPlate:update_status_registers:460 - 狀態統計 - 操作次數: 10, 錯誤次數: 0, 連接次數: 1
2025-07-17 05:08:17 [DEBUG] VibrationPlate:update_status_registers:460 - 狀態統計 - 操作次數: 10, 錯誤次數: 0, 連接次數: 1
2025-07-17 05:08:47 [DEBUG] VibrationPlate:update_status_registers:460 - 狀態統計 - 操作次數: 10, 錯誤次數: 0, 連接次數: 1
2025-07-17 05:09:17 [DEBUG] VibrationPlate:update_status_registers:460 - 狀態統計 - 操作次數: 10, 錯誤次數: 0, 連接次數: 1
2025-07-17 05:09:48 [DEBUG] VibrationPlate:update_status_registers:460 - 狀態統計 - 操作次數: 10, 錯誤次數: 0, 連接次數: 1
2025-07-17 05:10:18 [DEBUG] VibrationPlate:update_status_registers:460 - 狀態統計 - 操作次數: 10, 錯誤次數: 0, 連接次數: 1
2025-07-17 05:10:48 [DEBUG] VibrationPlate:update_status_registers:460 - 狀態統計 - 操作次數: 10, 錯誤次數: 0, 連接次數: 1
2025-07-17 05:11:18 [DEBUG] VibrationPlate:update_status_registers:460 - 狀態統計 - 操作次數: 10, 錯誤次數: 0, 連接次數: 1
2025-07-17 05:11:49 [DEBUG] VibrationPlate:update_status_registers:460 - 狀態統計 - 操作次數: 10, 錯誤次數: 0, 連接次數: 1
2025-07-17 05:12:19 [DEBUG] VibrationPlate:update_status_registers:460 - 狀態統計 - 操作次數: 10, 錯誤次數: 0, 連接次數: 1
2025-07-17 05:12:49 [DEBUG] VibrationPlate:update_status_registers:460 - 狀態統計 - 操作次數: 10, 錯誤次數: 0, 連接次數: 1
2025-07-17 05:13:19 [DEBUG] VibrationPlate:update_status_registers:460 - 狀態統計 - 操作次數: 10, 錯誤次數: 0, 連接次數: 1
2025-07-17 05:13:49 [DEBUG] VibrationPlate:update_status_registers:460 - 狀態統計 - 操作次數: 10, 錯誤次數: 0, 連接次數: 1
2025-07-17 05:14:20 [DEBUG] VibrationPlate:update_status_registers:460 - 狀態統計 - 操作次數: 10, 錯誤次數: 0, 連接次數: 1
2025-07-17 05:14:50 [DEBUG] VibrationPlate:update_status_registers:460 - 狀態統計 - 操作次數: 10, 錯誤次數: 0, 連接次數: 1
2025-07-17 05:15:20 [DEBUG] VibrationPlate:update_status_registers:460 - 狀態統計 - 操作次數: 10, 錯誤次數: 0, 連接次數: 1
2025-07-17 05:15:51 [DEBUG] VibrationPlate:update_status_registers:460 - 狀態統計 - 操作次數: 10, 錯誤次數: 0, 連接次數: 1
2025-07-17 05:16:21 [DEBUG] VibrationPlate:update_status_registers:460 - 狀態統計 - 操作次數: 10, 錯誤次數: 0, 連接次數: 1
2025-07-17 05:16:51 [DEBUG] VibrationPlate:update_status_registers:460 - 狀態統計 - 操作次數: 10, 錯誤次數: 0, 連接次數: 1
2025-07-17 05:17:21 [DEBUG] VibrationPlate:update_status_registers:460 - 狀態統計 - 操作次數: 10, 錯誤次數: 0, 連接次數: 1
2025-07-17 05:17:52 [DEBUG] VibrationPlate:update_status_registers:460 - 狀態統計 - 操作次數: 10, 錯誤次數: 0, 連接次數: 1
2025-07-17 05:18:22 [DEBUG] VibrationPlate:update_status_registers:460 - 狀態統計 - 操作次數: 10, 錯誤次數: 0, 連接次數: 1
2025-07-17 05:18:52 [DEBUG] VibrationPlate:update_status_registers:460 - 狀態統計 - 操作次數: 10, 錯誤次數: 0, 連接次數: 1
2025-07-17 05:19:22 [DEBUG] VibrationPlate:update_status_registers:460 - 狀態統計 - 操作次數: 10, 錯誤次數: 0, 連接次數: 1
2025-07-17 05:19:53 [DEBUG] VibrationPlate:update_status_registers:460 - 狀態統計 - 操作次數: 10, 錯誤次數: 0, 連接次數: 1
2025-07-17 05:20:23 [DEBUG] VibrationPlate:update_status_registers:460 - 狀態統計 - 操作次數: 10, 錯誤次數: 0, 連接次數: 1
2025-07-17 05:20:53 [DEBUG] VibrationPlate:update_status_registers:460 - 狀態統計 - 操作次數: 10, 錯誤次數: 0, 連接次數: 1
2025-07-17 05:21:24 [DEBUG] VibrationPlate:update_status_registers:460 - 狀態統計 - 操作次數: 10, 錯誤次數: 0, 連接次數: 1
2025-07-17 05:21:54 [DEBUG] VibrationPlate:update_status_registers:460 - 狀態統計 - 操作次數: 10, 錯誤次數: 0, 連接次數: 1
2025-07-17 05:22:24 [DEBUG] VibrationPlate:update_status_registers:460 - 狀態統計 - 操作次數: 10, 錯誤次數: 0, 連接次數: 1
2025-07-17 05:22:54 [DEBUG] VibrationPlate:update_status_registers:460 - 狀態統計 - 操作次數: 10, 錯誤次數: 0, 連接次數: 1
2025-07-17 05:23:25 [DEBUG] VibrationPlate:update_status_registers:460 - 狀態統計 - 操作次數: 10, 錯誤次數: 0, 連接次數: 1
2025-07-17 05:23:55 [DEBUG] VibrationPlate:update_status_registers:460 - 狀態統計 - 操作次數: 10, 錯誤次數: 0, 連接次數: 1
2025-07-17 05:24:25 [DEBUG] VibrationPlate:update_status_registers:460 - 狀態統計 - 操作次數: 10, 錯誤次數: 0, 連接次數: 1
2025-07-17 05:24:56 [DEBUG] VibrationPlate:update_status_registers:460 - 狀態統計 - 操作次數: 10, 錯誤次數: 0, 連接次數: 1
2025-07-17 05:25:26 [DEBUG] VibrationPlate:update_status_registers:460 - 狀態統計 - 操作次數: 10, 錯誤次數: 0, 連接次數: 1
2025-07-17 05:25:56 [DEBUG] VibrationPlate:update_status_registers:460 - 狀態統計 - 操作次數: 10, 錯誤次數: 0, 連接次數: 1
2025-07-17 05:26:27 [DEBUG] VibrationPlate:update_status_registers:460 - 狀態統計 - 操作次數: 10, 錯誤次數: 0, 連接次數: 1
2025-07-17 05:26:57 [DEBUG] VibrationPlate:update_status_registers:460 - 狀態統計 - 操作次數: 10, 錯誤次數: 0, 連接次數: 1
2025-07-17 05:27:27 [DEBUG] VibrationPlate:update_status_registers:460 - 狀態統計 - 操作次數: 10, 錯誤次數: 0, 連接次數: 1
2025-07-17 05:27:57 [DEBUG] VibrationPlate:update_status_registers:460 - 狀態統計 - 操作次數: 10, 錯誤次數: 0, 連接次數: 1
2025-07-17 05:28:28 [DEBUG] VibrationPlate:update_status_registers:460 - 狀態統計 - 操作次數: 10, 錯誤次數: 0, 連接次數: 1
2025-07-17 05:28:58 [DEBUG] VibrationPlate:update_status_registers:460 - 狀態統計 - 操作次數: 10, 錯誤次數: 0, 連接次數: 1
2025-07-17 05:29:28 [DEBUG] VibrationPlate:update_status_registers:460 - 狀態統計 - 操作次數: 10, 錯誤次數: 0, 連接次數: 1
2025-07-17 05:29:58 [DEBUG] VibrationPlate:update_status_registers:460 - 狀態統計 - 操作次數: 10, 錯誤次數: 0, 連接次數: 1
2025-07-17 05:30:28 [DEBUG] VibrationPlate:update_status_registers:460 - 狀態統計 - 操作次數: 10, 錯誤次數: 0, 連接次數: 1
2025-07-17 05:30:59 [DEBUG] VibrationPlate:update_status_registers:460 - 狀態統計 - 操作次數: 10, 錯誤次數: 0, 連接次數: 1
2025-07-17 05:31:29 [DEBUG] VibrationPlate:update_status_registers:460 - 狀態統計 - 操作次數: 10, 錯誤次數: 0, 連接次數: 1
2025-07-17 05:31:59 [DEBUG] VibrationPlate:update_status_registers:460 - 狀態統計 - 操作次數: 10, 錯誤次數: 0, 連接次數: 1
2025-07-17 05:32:30 [DEBUG] VibrationPlate:update_status_registers:460 - 狀態統計 - 操作次數: 10, 錯誤次數: 0, 連接次數: 1
2025-07-17 05:33:00 [DEBUG] VibrationPlate:update_status_registers:460 - 狀態統計 - 操作次數: 10, 錯誤次數: 0, 連接次數: 1
2025-07-17 05:33:30 [DEBUG] VibrationPlate:update_status_registers:460 - 狀態統計 - 操作次數: 10, 錯誤次數: 0, 連接次數: 1
2025-07-17 05:34:00 [DEBUG] VibrationPlate:update_status_registers:460 - 狀態統計 - 操作次數: 10, 錯誤次數: 0, 連接次數: 1
2025-07-17 05:34:30 [DEBUG] VibrationPlate:update_status_registers:460 - 狀態統計 - 操作次數: 10, 錯誤次數: 0, 連接次數: 1
2025-07-17 05:35:01 [DEBUG] VibrationPlate:update_status_registers:460 - 狀態統計 - 操作次數: 10, 錯誤次數: 0, 連接次數: 1
2025-07-17 05:35:31 [DEBUG] VibrationPlate:update_status_registers:460 - 狀態統計 - 操作次數: 10, 錯誤次數: 0, 連接次數: 1
2025-07-17 05:36:01 [DEBUG] VibrationPlate:update_status_registers:460 - 狀態統計 - 操作次數: 10, 錯誤次數: 0, 連接次數: 1
2025-07-17 05:36:31 [DEBUG] VibrationPlate:update_status_registers:460 - 狀態統計 - 操作次數: 10, 錯誤次數: 0, 連接次數: 1
2025-07-17 05:37:02 [DEBUG] VibrationPlate:update_status_registers:460 - 狀態統計 - 操作次數: 10, 錯誤次數: 0, 連接次數: 1
2025-07-17 05:37:32 [DEBUG] VibrationPlate:update_status_registers:460 - 狀態統計 - 操作次數: 10, 錯誤次數: 0, 連接次數: 1
2025-07-17 05:38:03 [DEBUG] VibrationPlate:update_status_registers:460 - 狀態統計 - 操作次數: 10, 錯誤次數: 0, 連接次數: 1
2025-07-17 05:38:33 [DEBUG] VibrationPlate:update_status_registers:460 - 狀態統計 - 操作次數: 10, 錯誤次數: 0, 連接次數: 1
2025-07-17 05:39:03 [DEBUG] VibrationPlate:update_status_registers:460 - 狀態統計 - 操作次數: 10, 錯誤次數: 0, 連接次數: 1
2025-07-17 05:39:34 [DEBUG] VibrationPlate:update_status_registers:460 - 狀態統計 - 操作次數: 10, 錯誤次數: 0, 連接次數: 1
2025-07-17 05:40:04 [DEBUG] VibrationPlate:update_status_registers:460 - 狀態統計 - 操作次數: 10, 錯誤次數: 0, 連接次數: 1
2025-07-17 05:40:34 [DEBUG] VibrationPlate:update_status_registers:460 - 狀態統計 - 操作次數: 10, 錯誤次數: 0, 連接次數: 1
2025-07-17 05:41:04 [DEBUG] VibrationPlate:update_status_registers:460 - 狀態統計 - 操作次數: 10, 錯誤次數: 0, 連接次數: 1
2025-07-17 05:41:35 [DEBUG] VibrationPlate:update_status_registers:460 - 狀態統計 - 操作次數: 10, 錯誤次數: 0, 連接次數: 1
2025-07-17 05:42:05 [DEBUG] VibrationPlate:update_status_registers:460 - 狀態統計 - 操作次數: 10, 錯誤次數: 0, 連接次數: 1
2025-07-17 05:42:35 [DEBUG] VibrationPlate:update_status_registers:460 - 狀態統計 - 操作次數: 10, 錯誤次數: 0, 連接次數: 1
2025-07-17 05:43:05 [DEBUG] VibrationPlate:update_status_registers:460 - 狀態統計 - 操作次數: 10, 錯誤次數: 0, 連接次數: 1
2025-07-17 05:43:36 [DEBUG] VibrationPlate:update_status_registers:460 - 狀態統計 - 操作次數: 10, 錯誤次數: 0, 連接次數: 1
2025-07-17 05:44:06 [DEBUG] VibrationPlate:update_status_registers:460 - 狀態統計 - 操作次數: 10, 錯誤次數: 0, 連接次數: 1
2025-07-17 05:44:36 [DEBUG] VibrationPlate:update_status_registers:460 - 狀態統計 - 操作次數: 10, 錯誤次數: 0, 連接次數: 1
2025-07-17 05:45:07 [DEBUG] VibrationPlate:update_status_registers:460 - 狀態統計 - 操作次數: 10, 錯誤次數: 0, 連接次數: 1
2025-07-17 05:45:37 [DEBUG] VibrationPlate:update_status_registers:460 - 狀態統計 - 操作次數: 10, 錯誤次數: 0, 連接次數: 1
2025-07-17 05:46:07 [DEBUG] VibrationPlate:update_status_registers:460 - 狀態統計 - 操作次數: 10, 錯誤次數: 0, 連接次數: 1
2025-07-17 05:46:38 [DEBUG] VibrationPlate:update_status_registers:460 - 狀態統計 - 操作次數: 10, 錯誤次數: 0, 連接次數: 1
2025-07-17 05:47:08 [DEBUG] VibrationPlate:update_status_registers:460 - 狀態統計 - 操作次數: 10, 錯誤次數: 0, 連接次數: 1
2025-07-17 05:47:38 [DEBUG] VibrationPlate:update_status_registers:460 - 狀態統計 - 操作次數: 10, 錯誤次數: 0, 連接次數: 1
2025-07-17 05:48:08 [DEBUG] VibrationPlate:update_status_registers:460 - 狀態統計 - 操作次數: 10, 錯誤次數: 0, 連接次數: 1
2025-07-17 05:48:39 [DEBUG] VibrationPlate:update_status_registers:460 - 狀態統計 - 操作次數: 10, 錯誤次數: 0, 連接次數: 1
2025-07-17 05:49:09 [DEBUG] VibrationPlate:update_status_registers:460 - 狀態統計 - 操作次數: 10, 錯誤次數: 0, 連接次數: 1
2025-07-17 05:49:39 [DEBUG] VibrationPlate:update_status_registers:460 - 狀態統計 - 操作次數: 10, 錯誤次數: 0, 連接次數: 1
2025-07-17 05:50:10 [DEBUG] VibrationPlate:update_status_registers:460 - 狀態統計 - 操作次數: 10, 錯誤次數: 0, 連接次數: 1
2025-07-17 05:50:40 [DEBUG] VibrationPlate:update_status_registers:460 - 狀態統計 - 操作次數: 10, 錯誤次數: 0, 連接次數: 1
2025-07-17 05:51:10 [DEBUG] VibrationPlate:update_status_registers:460 - 狀態統計 - 操作次數: 10, 錯誤次數: 0, 連接次數: 1
2025-07-17 05:51:41 [DEBUG] VibrationPlate:update_status_registers:460 - 狀態統計 - 操作次數: 10, 錯誤次數: 0, 連接次數: 1
2025-07-17 05:52:11 [DEBUG] VibrationPlate:update_status_registers:460 - 狀態統計 - 操作次數: 10, 錯誤次數: 0, 連接次數: 1
2025-07-17 05:52:41 [DEBUG] VibrationPlate:update_status_registers:460 - 狀態統計 - 操作次數: 10, 錯誤次數: 0, 連接次數: 1
2025-07-17 05:53:12 [DEBUG] VibrationPlate:update_status_registers:460 - 狀態統計 - 操作次數: 10, 錯誤次數: 0, 連接次數: 1
2025-07-17 05:53:42 [DEBUG] VibrationPlate:update_status_registers:460 - 狀態統計 - 操作次數: 10, 錯誤次數: 0, 連接次數: 1
2025-07-17 05:54:12 [DEBUG] VibrationPlate:update_status_registers:460 - 狀態統計 - 操作次數: 10, 錯誤次數: 0, 連接次數: 1
2025-07-17 05:54:43 [DEBUG] VibrationPlate:update_status_registers:460 - 狀態統計 - 操作次數: 10, 錯誤次數: 0, 連接次數: 1
2025-07-17 05:55:13 [DEBUG] VibrationPlate:update_status_registers:460 - 狀態統計 - 操作次數: 10, 錯誤次數: 0, 連接次數: 1
2025-07-17 05:55:43 [DEBUG] VibrationPlate:update_status_registers:460 - 狀態統計 - 操作次數: 10, 錯誤次數: 0, 連接次數: 1
2025-07-17 05:56:14 [DEBUG] VibrationPlate:update_status_registers:460 - 狀態統計 - 操作次數: 10, 錯誤次數: 0, 連接次數: 1
2025-07-17 05:56:44 [DEBUG] VibrationPlate:update_status_registers:460 - 狀態統計 - 操作次數: 10, 錯誤次數: 0, 連接次數: 1
2025-07-17 05:57:14 [DEBUG] VibrationPlate:update_status_registers:460 - 狀態統計 - 操作次數: 10, 錯誤次數: 0, 連接次數: 1
2025-07-17 05:57:45 [DEBUG] VibrationPlate:update_status_registers:460 - 狀態統計 - 操作次數: 10, 錯誤次數: 0, 連接次數: 1
2025-07-17 05:58:15 [DEBUG] VibrationPlate:update_status_registers:460 - 狀態統計 - 操作次數: 10, 錯誤次數: 0, 連接次數: 1
2025-07-17 05:58:45 [DEBUG] VibrationPlate:update_status_registers:460 - 狀態統計 - 操作次數: 10, 錯誤次數: 0, 連接次數: 1
2025-07-17 05:59:15 [DEBUG] VibrationPlate:update_status_registers:460 - 狀態統計 - 操作次數: 10, 錯誤次數: 0, 連接次數: 1
2025-07-17 05:59:46 [DEBUG] VibrationPlate:update_status_registers:460 - 狀態統計 - 操作次數: 10, 錯誤次數: 0, 連接次數: 1
2025-07-17 06:00:16 [DEBUG] VibrationPlate:update_status_registers:460 - 狀態統計 - 操作次數: 10, 錯誤次數: 0, 連接次數: 1
2025-07-17 06:00:46 [DEBUG] VibrationPlate:update_status_registers:460 - 狀態統計 - 操作次數: 10, 錯誤次數: 0, 連接次數: 1
2025-07-17 06:01:17 [DEBUG] VibrationPlate:update_status_registers:460 - 狀態統計 - 操作次數: 10, 錯誤次數: 0, 連接次數: 1
2025-07-17 06:01:47 [DEBUG] VibrationPlate:update_status_registers:460 - 狀態統計 - 操作次數: 10, 錯誤次數: 0, 連接次數: 1
2025-07-17 06:02:17 [DEBUG] VibrationPlate:update_status_registers:460 - 狀態統計 - 操作次數: 10, 錯誤次數: 0, 連接次數: 1
2025-07-17 06:02:47 [DEBUG] VibrationPlate:update_status_registers:460 - 狀態統計 - 操作次數: 10, 錯誤次數: 0, 連接次數: 1
2025-07-17 06:03:18 [DEBUG] VibrationPlate:update_status_registers:460 - 狀態統計 - 操作次數: 10, 錯誤次數: 0, 連接次數: 1
2025-07-17 06:03:48 [DEBUG] VibrationPlate:update_status_registers:460 - 狀態統計 - 操作次數: 10, 錯誤次數: 0, 連接次數: 1
2025-07-17 06:04:18 [DEBUG] VibrationPlate:update_status_registers:460 - 狀態統計 - 操作次數: 10, 錯誤次數: 0, 連接次數: 1
2025-07-17 06:04:48 [DEBUG] VibrationPlate:update_status_registers:460 - 狀態統計 - 操作次數: 10, 錯誤次數: 0, 連接次數: 1
2025-07-17 06:05:19 [DEBUG] VibrationPlate:update_status_registers:460 - 狀態統計 - 操作次數: 10, 錯誤次數: 0, 連接次數: 1
2025-07-17 06:05:49 [DEBUG] VibrationPlate:update_status_registers:460 - 狀態統計 - 操作次數: 10, 錯誤次數: 0, 連接次數: 1
2025-07-17 06:06:19 [DEBUG] VibrationPlate:update_status_registers:460 - 狀態統計 - 操作次數: 10, 錯誤次數: 0, 連接次數: 1
2025-07-17 06:06:50 [DEBUG] VibrationPlate:update_status_registers:460 - 狀態統計 - 操作次數: 10, 錯誤次數: 0, 連接次數: 1
2025-07-17 06:07:20 [DEBUG] VibrationPlate:update_status_registers:460 - 狀態統計 - 操作次數: 10, 錯誤次數: 0, 連接次數: 1
2025-07-17 06:07:50 [DEBUG] VibrationPlate:update_status_registers:460 - 狀態統計 - 操作次數: 10, 錯誤次數: 0, 連接次數: 1
2025-07-17 06:08:21 [DEBUG] VibrationPlate:update_status_registers:460 - 狀態統計 - 操作次數: 10, 錯誤次數: 0, 連接次數: 1
2025-07-17 06:08:51 [DEBUG] VibrationPlate:update_status_registers:460 - 狀態統計 - 操作次數: 10, 錯誤次數: 0, 連接次數: 1
2025-07-17 06:09:21 [DEBUG] VibrationPlate:update_status_registers:460 - 狀態統計 - 操作次數: 10, 錯誤次數: 0, 連接次數: 1
2025-07-17 06:09:51 [DEBUG] VibrationPlate:update_status_registers:460 - 狀態統計 - 操作次數: 10, 錯誤次數: 0, 連接次數: 1
2025-07-17 06:10:22 [DEBUG] VibrationPlate:update_status_registers:460 - 狀態統計 - 操作次數: 10, 錯誤次數: 0, 連接次數: 1
2025-07-17 06:10:52 [DEBUG] VibrationPlate:update_status_registers:460 - 狀態統計 - 操作次數: 10, 錯誤次數: 0, 連接次數: 1
2025-07-17 06:11:22 [DEBUG] VibrationPlate:update_status_registers:460 - 狀態統計 - 操作次數: 10, 錯誤次數: 0, 連接次數: 1
2025-07-17 06:11:53 [DEBUG] VibrationPlate:update_status_registers:460 - 狀態統計 - 操作次數: 10, 錯誤次數: 0, 連接次數: 1
2025-07-17 06:12:23 [DEBUG] VibrationPlate:update_status_registers:460 - 狀態統計 - 操作次數: 10, 錯誤次數: 0, 連接次數: 1
2025-07-17 06:12:53 [DEBUG] VibrationPlate:update_status_registers:460 - 狀態統計 - 操作次數: 10, 錯誤次數: 0, 連接次數: 1
2025-07-17 06:13:23 [DEBUG] VibrationPlate:update_status_registers:460 - 狀態統計 - 操作次數: 10, 錯誤次數: 0, 連接次數: 1
2025-07-17 06:13:54 [DEBUG] VibrationPlate:update_status_registers:460 - 狀態統計 - 操作次數: 10, 錯誤次數: 0, 連接次數: 1
2025-07-17 06:14:24 [DEBUG] VibrationPlate:update_status_registers:460 - 狀態統計 - 操作次數: 10, 錯誤次數: 0, 連接次數: 1
2025-07-17 06:14:54 [DEBUG] VibrationPlate:update_status_registers:460 - 狀態統計 - 操作次數: 10, 錯誤次數: 0, 連接次數: 1
2025-07-17 06:15:24 [DEBUG] VibrationPlate:update_status_registers:460 - 狀態統計 - 操作次數: 10, 錯誤次數: 0, 連接次數: 1
2025-07-17 06:15:54 [DEBUG] VibrationPlate:update_status_registers:460 - 狀態統計 - 操作次數: 10, 錯誤次數: 0, 連接次數: 1
2025-07-17 06:16:25 [DEBUG] VibrationPlate:update_status_registers:460 - 狀態統計 - 操作次數: 10, 錯誤次數: 0, 連接次數: 1
2025-07-17 06:16:55 [DEBUG] VibrationPlate:update_status_registers:460 - 狀態統計 - 操作次數: 10, 錯誤次數: 0, 連接次數: 1
2025-07-17 06:17:25 [DEBUG] VibrationPlate:update_status_registers:460 - 狀態統計 - 操作次數: 10, 錯誤次數: 0, 連接次數: 1
2025-07-17 06:17:55 [DEBUG] VibrationPlate:update_status_registers:460 - 狀態統計 - 操作次數: 10, 錯誤次數: 0, 連接次數: 1
2025-07-17 06:18:26 [DEBUG] VibrationPlate:update_status_registers:460 - 狀態統計 - 操作次數: 10, 錯誤次數: 0, 連接次數: 1
2025-07-17 06:18:56 [DEBUG] VibrationPlate:update_status_registers:460 - 狀態統計 - 操作次數: 10, 錯誤次數: 0, 連接次數: 1
2025-07-17 06:19:26 [DEBUG] VibrationPlate:update_status_registers:460 - 狀態統計 - 操作次數: 10, 錯誤次數: 0, 連接次數: 1
2025-07-17 06:19:56 [DEBUG] VibrationPlate:update_status_registers:460 - 狀態統計 - 操作次數: 10, 錯誤次數: 0, 連接次數: 1
2025-07-17 06:20:27 [DEBUG] VibrationPlate:update_status_registers:460 - 狀態統計 - 操作次數: 10, 錯誤次數: 0, 連接次數: 1
2025-07-17 06:20:57 [DEBUG] VibrationPlate:update_status_registers:460 - 狀態統計 - 操作次數: 10, 錯誤次數: 0, 連接次數: 1
2025-07-17 06:21:27 [DEBUG] VibrationPlate:update_status_registers:460 - 狀態統計 - 操作次數: 10, 錯誤次數: 0, 連接次數: 1
2025-07-17 06:21:58 [DEBUG] VibrationPlate:update_status_registers:460 - 狀態統計 - 操作次數: 10, 錯誤次數: 0, 連接次數: 1
2025-07-17 06:22:28 [DEBUG] VibrationPlate:update_status_registers:460 - 狀態統計 - 操作次數: 10, 錯誤次數: 0, 連接次數: 1
2025-07-17 06:22:59 [DEBUG] VibrationPlate:update_status_registers:460 - 狀態統計 - 操作次數: 10, 錯誤次數: 0, 連接次數: 1
2025-07-17 06:23:29 [DEBUG] VibrationPlate:update_status_registers:460 - 狀態統計 - 操作次數: 10, 錯誤次數: 0, 連接次數: 1
2025-07-17 06:23:59 [DEBUG] VibrationPlate:update_status_registers:460 - 狀態統計 - 操作次數: 10, 錯誤次數: 0, 連接次數: 1
2025-07-17 06:24:29 [DEBUG] VibrationPlate:update_status_registers:460 - 狀態統計 - 操作次數: 10, 錯誤次數: 0, 連接次數: 1
2025-07-17 06:25:00 [DEBUG] VibrationPlate:update_status_registers:460 - 狀態統計 - 操作次數: 10, 錯誤次數: 0, 連接次數: 1
2025-07-17 06:25:30 [DEBUG] VibrationPlate:update_status_registers:460 - 狀態統計 - 操作次數: 10, 錯誤次數: 0, 連接次數: 1
2025-07-17 06:26:00 [DEBUG] VibrationPlate:update_status_registers:460 - 狀態統計 - 操作次數: 10, 錯誤次數: 0, 連接次數: 1
2025-07-17 06:26:30 [DEBUG] VibrationPlate:update_status_registers:460 - 狀態統計 - 操作次數: 10, 錯誤次數: 0, 連接次數: 1
2025-07-17 06:27:01 [DEBUG] VibrationPlate:update_status_registers:460 - 狀態統計 - 操作次數: 10, 錯誤次數: 0, 連接次數: 1
2025-07-17 06:27:31 [DEBUG] VibrationPlate:update_status_registers:460 - 狀態統計 - 操作次數: 10, 錯誤次數: 0, 連接次數: 1
2025-07-17 06:28:01 [DEBUG] VibrationPlate:update_status_registers:460 - 狀態統計 - 操作次數: 10, 錯誤次數: 0, 連接次數: 1
2025-07-17 06:28:31 [DEBUG] VibrationPlate:update_status_registers:460 - 狀態統計 - 操作次數: 10, 錯誤次數: 0, 連接次數: 1
2025-07-17 06:29:02 [DEBUG] VibrationPlate:update_status_registers:460 - 狀態統計 - 操作次數: 10, 錯誤次數: 0, 連接次數: 1
2025-07-17 06:29:32 [DEBUG] VibrationPlate:update_status_registers:460 - 狀態統計 - 操作次數: 10, 錯誤次數: 0, 連接次數: 1
2025-07-17 06:30:02 [DEBUG] VibrationPlate:update_status_registers:460 - 狀態統計 - 操作次數: 10, 錯誤次數: 0, 連接次數: 1
2025-07-17 06:30:32 [DEBUG] VibrationPlate:update_status_registers:460 - 狀態統計 - 操作次數: 10, 錯誤次數: 0, 連接次數: 1
2025-07-17 06:31:03 [DEBUG] VibrationPlate:update_status_registers:460 - 狀態統計 - 操作次數: 10, 錯誤次數: 0, 連接次數: 1
2025-07-17 06:31:33 [DEBUG] VibrationPlate:update_status_registers:460 - 狀態統計 - 操作次數: 10, 錯誤次數: 0, 連接次數: 1
2025-07-17 06:32:03 [DEBUG] VibrationPlate:update_status_registers:460 - 狀態統計 - 操作次數: 10, 錯誤次數: 0, 連接次數: 1
2025-07-17 06:32:33 [DEBUG] VibrationPlate:update_status_registers:460 - 狀態統計 - 操作次數: 10, 錯誤次數: 0, 連接次數: 1
2025-07-17 06:33:03 [DEBUG] VibrationPlate:update_status_registers:460 - 狀態統計 - 操作次數: 10, 錯誤次數: 0, 連接次數: 1
2025-07-17 06:33:34 [DEBUG] VibrationPlate:update_status_registers:460 - 狀態統計 - 操作次數: 10, 錯誤次數: 0, 連接次數: 1
2025-07-17 06:34:04 [DEBUG] VibrationPlate:update_status_registers:460 - 狀態統計 - 操作次數: 10, 錯誤次數: 0, 連接次數: 1
2025-07-17 06:34:34 [DEBUG] VibrationPlate:update_status_registers:460 - 狀態統計 - 操作次數: 10, 錯誤次數: 0, 連接次數: 1
2025-07-17 06:35:05 [DEBUG] VibrationPlate:update_status_registers:460 - 狀態統計 - 操作次數: 10, 錯誤次數: 0, 連接次數: 1
2025-07-17 06:35:35 [DEBUG] VibrationPlate:update_status_registers:460 - 狀態統計 - 操作次數: 10, 錯誤次數: 0, 連接次數: 1
2025-07-17 06:36:05 [DEBUG] VibrationPlate:update_status_registers:460 - 狀態統計 - 操作次數: 10, 錯誤次數: 0, 連接次數: 1
2025-07-17 06:36:36 [DEBUG] VibrationPlate:update_status_registers:460 - 狀態統計 - 操作次數: 10, 錯誤次數: 0, 連接次數: 1
2025-07-17 06:37:06 [DEBUG] VibrationPlate:update_status_registers:460 - 狀態統計 - 操作次數: 10, 錯誤次數: 0, 連接次數: 1
2025-07-17 06:37:36 [DEBUG] VibrationPlate:update_status_registers:460 - 狀態統計 - 操作次數: 10, 錯誤次數: 0, 連接次數: 1
2025-07-17 06:38:06 [DEBUG] VibrationPlate:update_status_registers:460 - 狀態統計 - 操作次數: 10, 錯誤次數: 0, 連接次數: 1
2025-07-17 06:38:36 [DEBUG] VibrationPlate:update_status_registers:460 - 狀態統計 - 操作次數: 10, 錯誤次數: 0, 連接次數: 1
2025-07-17 06:39:07 [DEBUG] VibrationPlate:update_status_registers:460 - 狀態統計 - 操作次數: 10, 錯誤次數: 0, 連接次數: 1
2025-07-17 06:39:37 [DEBUG] VibrationPlate:update_status_registers:460 - 狀態統計 - 操作次數: 10, 錯誤次數: 0, 連接次數: 1
2025-07-17 06:40:07 [DEBUG] VibrationPlate:update_status_registers:460 - 狀態統計 - 操作次數: 10, 錯誤次數: 0, 連接次數: 1
2025-07-17 06:40:38 [DEBUG] VibrationPlate:update_status_registers:460 - 狀態統計 - 操作次數: 10, 錯誤次數: 0, 連接次數: 1
2025-07-17 06:41:08 [DEBUG] VibrationPlate:update_status_registers:460 - 狀態統計 - 操作次數: 10, 錯誤次數: 0, 連接次數: 1
2025-07-17 06:41:38 [DEBUG] VibrationPlate:update_status_registers:460 - 狀態統計 - 操作次數: 10, 錯誤次數: 0, 連接次數: 1
2025-07-17 06:42:08 [DEBUG] VibrationPlate:update_status_registers:460 - 狀態統計 - 操作次數: 10, 錯誤次數: 0, 連接次數: 1
2025-07-17 06:42:39 [DEBUG] VibrationPlate:update_status_registers:460 - 狀態統計 - 操作次數: 10, 錯誤次數: 0, 連接次數: 1
2025-07-17 06:43:09 [DEBUG] VibrationPlate:update_status_registers:460 - 狀態統計 - 操作次數: 10, 錯誤次數: 0, 連接次數: 1
2025-07-17 06:43:39 [DEBUG] VibrationPlate:update_status_registers:460 - 狀態統計 - 操作次數: 10, 錯誤次數: 0, 連接次數: 1
2025-07-17 06:44:10 [DEBUG] VibrationPlate:update_status_registers:460 - 狀態統計 - 操作次數: 10, 錯誤次數: 0, 連接次數: 1
2025-07-17 06:44:40 [DEBUG] VibrationPlate:update_status_registers:460 - 狀態統計 - 操作次數: 10, 錯誤次數: 0, 連接次數: 1
2025-07-17 06:45:10 [DEBUG] VibrationPlate:update_status_registers:460 - 狀態統計 - 操作次數: 10, 錯誤次數: 0, 連接次數: 1
2025-07-17 06:45:40 [DEBUG] VibrationPlate:update_status_registers:460 - 狀態統計 - 操作次數: 10, 錯誤次數: 0, 連接次數: 1
2025-07-17 06:46:11 [DEBUG] VibrationPlate:update_status_registers:460 - 狀態統計 - 操作次數: 10, 錯誤次數: 0, 連接次數: 1
2025-07-17 06:46:41 [DEBUG] VibrationPlate:update_status_registers:460 - 狀態統計 - 操作次數: 10, 錯誤次數: 0, 連接次數: 1
2025-07-17 06:47:11 [DEBUG] VibrationPlate:update_status_registers:460 - 狀態統計 - 操作次數: 10, 錯誤次數: 0, 連接次數: 1
2025-07-17 06:47:41 [DEBUG] VibrationPlate:update_status_registers:460 - 狀態統計 - 操作次數: 10, 錯誤次數: 0, 連接次數: 1
2025-07-17 06:48:12 [DEBUG] VibrationPlate:update_status_registers:460 - 狀態統計 - 操作次數: 10, 錯誤次數: 0, 連接次數: 1
2025-07-17 06:48:42 [DEBUG] VibrationPlate:update_status_registers:460 - 狀態統計 - 操作次數: 10, 錯誤次數: 0, 連接次數: 1
2025-07-17 06:49:12 [DEBUG] VibrationPlate:update_status_registers:460 - 狀態統計 - 操作次數: 10, 錯誤次數: 0, 連接次數: 1
2025-07-17 06:49:42 [DEBUG] VibrationPlate:update_status_registers:460 - 狀態統計 - 操作次數: 10, 錯誤次數: 0, 連接次數: 1
2025-07-17 06:50:13 [DEBUG] VibrationPlate:update_status_registers:460 - 狀態統計 - 操作次數: 10, 錯誤次數: 0, 連接次數: 1
2025-07-17 06:50:43 [DEBUG] VibrationPlate:update_status_registers:460 - 狀態統計 - 操作次數: 10, 錯誤次數: 0, 連接次數: 1
2025-07-17 06:51:13 [DEBUG] VibrationPlate:update_status_registers:460 - 狀態統計 - 操作次數: 10, 錯誤次數: 0, 連接次數: 1
2025-07-17 06:51:43 [DEBUG] VibrationPlate:update_status_registers:460 - 狀態統計 - 操作次數: 10, 錯誤次數: 0, 連接次數: 1
2025-07-17 06:52:14 [DEBUG] VibrationPlate:update_status_registers:460 - 狀態統計 - 操作次數: 10, 錯誤次數: 0, 連接次數: 1
2025-07-17 06:52:44 [DEBUG] VibrationPlate:update_status_registers:460 - 狀態統計 - 操作次數: 10, 錯誤次數: 0, 連接次數: 1
2025-07-17 06:53:15 [DEBUG] VibrationPlate:update_status_registers:460 - 狀態統計 - 操作次數: 10, 錯誤次數: 0, 連接次數: 1
2025-07-17 06:53:45 [DEBUG] VibrationPlate:update_status_registers:460 - 狀態統計 - 操作次數: 10, 錯誤次數: 0, 連接次數: 1
2025-07-17 06:54:15 [DEBUG] VibrationPlate:update_status_registers:460 - 狀態統計 - 操作次數: 10, 錯誤次數: 0, 連接次數: 1
2025-07-17 06:54:45 [DEBUG] VibrationPlate:update_status_registers:460 - 狀態統計 - 操作次數: 10, 錯誤次數: 0, 連接次數: 1
2025-07-17 06:55:16 [DEBUG] VibrationPlate:update_status_registers:460 - 狀態統計 - 操作次數: 10, 錯誤次數: 0, 連接次數: 1
2025-07-17 06:55:46 [DEBUG] VibrationPlate:update_status_registers:460 - 狀態統計 - 操作次數: 10, 錯誤次數: 0, 連接次數: 1
2025-07-17 06:56:16 [DEBUG] VibrationPlate:update_status_registers:460 - 狀態統計 - 操作次數: 10, 錯誤次數: 0, 連接次數: 1
2025-07-17 06:56:46 [DEBUG] VibrationPlate:update_status_registers:460 - 狀態統計 - 操作次數: 10, 錯誤次數: 0, 連接次數: 1
2025-07-17 06:57:17 [DEBUG] VibrationPlate:update_status_registers:460 - 狀態統計 - 操作次數: 10, 錯誤次數: 0, 連接次數: 1
2025-07-17 06:57:47 [DEBUG] VibrationPlate:update_status_registers:460 - 狀態統計 - 操作次數: 10, 錯誤次數: 0, 連接次數: 1
2025-07-17 06:58:17 [DEBUG] VibrationPlate:update_status_registers:460 - 狀態統計 - 操作次數: 10, 錯誤次數: 0, 連接次數: 1
2025-07-17 06:58:47 [DEBUG] VibrationPlate:update_status_registers:460 - 狀態統計 - 操作次數: 10, 錯誤次數: 0, 連接次數: 1
2025-07-17 06:59:17 [DEBUG] VibrationPlate:update_status_registers:460 - 狀態統計 - 操作次數: 10, 錯誤次數: 0, 連接次數: 1
2025-07-17 06:59:48 [DEBUG] VibrationPlate:update_status_registers:460 - 狀態統計 - 操作次數: 10, 錯誤次數: 0, 連接次數: 1
2025-07-17 07:00:18 [DEBUG] VibrationPlate:update_status_registers:460 - 狀態統計 - 操作次數: 10, 錯誤次數: 0, 連接次數: 1
2025-07-17 07:00:48 [DEBUG] VibrationPlate:update_status_registers:460 - 狀態統計 - 操作次數: 10, 錯誤次數: 0, 連接次數: 1
2025-07-17 07:01:19 [DEBUG] VibrationPlate:update_status_registers:460 - 狀態統計 - 操作次數: 10, 錯誤次數: 0, 連接次數: 1
2025-07-17 07:01:49 [DEBUG] VibrationPlate:update_status_registers:460 - 狀態統計 - 操作次數: 10, 錯誤次數: 0, 連接次數: 1
2025-07-17 07:02:19 [DEBUG] VibrationPlate:update_status_registers:460 - 狀態統計 - 操作次數: 10, 錯誤次數: 0, 連接次數: 1
2025-07-17 07:02:49 [DEBUG] VibrationPlate:update_status_registers:460 - 狀態統計 - 操作次數: 10, 錯誤次數: 0, 連接次數: 1
2025-07-17 07:03:20 [DEBUG] VibrationPlate:update_status_registers:460 - 狀態統計 - 操作次數: 10, 錯誤次數: 0, 連接次數: 1
2025-07-17 07:03:50 [DEBUG] VibrationPlate:update_status_registers:460 - 狀態統計 - 操作次數: 10, 錯誤次數: 0, 連接次數: 1
2025-07-17 07:04:20 [DEBUG] VibrationPlate:update_status_registers:460 - 狀態統計 - 操作次數: 10, 錯誤次數: 0, 連接次數: 1
2025-07-17 07:04:51 [DEBUG] VibrationPlate:update_status_registers:460 - 狀態統計 - 操作次數: 10, 錯誤次數: 0, 連接次數: 1
2025-07-17 07:05:21 [DEBUG] VibrationPlate:update_status_registers:460 - 狀態統計 - 操作次數: 10, 錯誤次數: 0, 連接次數: 1
2025-07-17 07:05:51 [DEBUG] VibrationPlate:update_status_registers:460 - 狀態統計 - 操作次數: 10, 錯誤次數: 0, 連接次數: 1
2025-07-17 07:06:21 [DEBUG] VibrationPlate:update_status_registers:460 - 狀態統計 - 操作次數: 10, 錯誤次數: 0, 連接次數: 1
2025-07-17 07:06:52 [DEBUG] VibrationPlate:update_status_registers:460 - 狀態統計 - 操作次數: 10, 錯誤次數: 0, 連接次數: 1
2025-07-17 07:07:22 [DEBUG] VibrationPlate:update_status_registers:460 - 狀態統計 - 操作次數: 10, 錯誤次數: 0, 連接次數: 1
2025-07-17 07:07:52 [DEBUG] VibrationPlate:update_status_registers:460 - 狀態統計 - 操作次數: 10, 錯誤次數: 0, 連接次數: 1
2025-07-17 07:08:23 [DEBUG] VibrationPlate:update_status_registers:460 - 狀態統計 - 操作次數: 10, 錯誤次數: 0, 連接次數: 1
2025-07-17 07:08:53 [DEBUG] VibrationPlate:update_status_registers:460 - 狀態統計 - 操作次數: 10, 錯誤次數: 0, 連接次數: 1
2025-07-17 07:09:23 [DEBUG] VibrationPlate:update_status_registers:460 - 狀態統計 - 操作次數: 10, 錯誤次數: 0, 連接次數: 1
2025-07-17 07:09:53 [DEBUG] VibrationPlate:update_status_registers:460 - 狀態統計 - 操作次數: 10, 錯誤次數: 0, 連接次數: 1
2025-07-17 07:10:23 [DEBUG] VibrationPlate:update_status_registers:460 - 狀態統計 - 操作次數: 10, 錯誤次數: 0, 連接次數: 1
2025-07-17 07:10:54 [DEBUG] VibrationPlate:update_status_registers:460 - 狀態統計 - 操作次數: 10, 錯誤次數: 0, 連接次數: 1
2025-07-17 07:11:24 [DEBUG] VibrationPlate:update_status_registers:460 - 狀態統計 - 操作次數: 10, 錯誤次數: 0, 連接次數: 1
2025-07-17 07:11:54 [DEBUG] VibrationPlate:update_status_registers:460 - 狀態統計 - 操作次數: 10, 錯誤次數: 0, 連接次數: 1
2025-07-17 07:12:25 [DEBUG] VibrationPlate:update_status_registers:460 - 狀態統計 - 操作次數: 10, 錯誤次數: 0, 連接次數: 1
2025-07-17 07:12:55 [DEBUG] VibrationPlate:update_status_registers:460 - 狀態統計 - 操作次數: 10, 錯誤次數: 0, 連接次數: 1
2025-07-17 07:13:25 [DEBUG] VibrationPlate:update_status_registers:460 - 狀態統計 - 操作次數: 10, 錯誤次數: 0, 連接次數: 1
2025-07-17 07:13:55 [DEBUG] VibrationPlate:update_status_registers:460 - 狀態統計 - 操作次數: 10, 錯誤次數: 0, 連接次數: 1
2025-07-17 07:14:26 [DEBUG] VibrationPlate:update_status_registers:460 - 狀態統計 - 操作次數: 10, 錯誤次數: 0, 連接次數: 1
2025-07-17 07:14:56 [DEBUG] VibrationPlate:update_status_registers:460 - 狀態統計 - 操作次數: 10, 錯誤次數: 0, 連接次數: 1
2025-07-17 07:15:26 [DEBUG] VibrationPlate:update_status_registers:460 - 狀態統計 - 操作次數: 10, 錯誤次數: 0, 連接次數: 1
2025-07-17 07:15:56 [DEBUG] VibrationPlate:update_status_registers:460 - 狀態統計 - 操作次數: 10, 錯誤次數: 0, 連接次數: 1
2025-07-17 07:16:27 [DEBUG] VibrationPlate:update_status_registers:460 - 狀態統計 - 操作次數: 10, 錯誤次數: 0, 連接次數: 1
2025-07-17 07:16:57 [DEBUG] VibrationPlate:update_status_registers:460 - 狀態統計 - 操作次數: 10, 錯誤次數: 0, 連接次數: 1
2025-07-17 07:17:27 [DEBUG] VibrationPlate:update_status_registers:460 - 狀態統計 - 操作次數: 10, 錯誤次數: 0, 連接次數: 1
2025-07-17 07:17:58 [DEBUG] VibrationPlate:update_status_registers:460 - 狀態統計 - 操作次數: 10, 錯誤次數: 0, 連接次數: 1
2025-07-17 07:18:28 [DEBUG] VibrationPlate:update_status_registers:460 - 狀態統計 - 操作次數: 10, 錯誤次數: 0, 連接次數: 1
2025-07-17 07:18:58 [DEBUG] VibrationPlate:update_status_registers:460 - 狀態統計 - 操作次數: 10, 錯誤次數: 0, 連接次數: 1
2025-07-17 07:19:28 [DEBUG] VibrationPlate:update_status_registers:460 - 狀態統計 - 操作次數: 10, 錯誤次數: 0, 連接次數: 1
2025-07-17 07:19:59 [DEBUG] VibrationPlate:update_status_registers:460 - 狀態統計 - 操作次數: 10, 錯誤次數: 0, 連接次數: 1
2025-07-17 07:20:29 [DEBUG] VibrationPlate:update_status_registers:460 - 狀態統計 - 操作次數: 10, 錯誤次數: 0, 連接次數: 1
2025-07-17 07:20:59 [DEBUG] VibrationPlate:update_status_registers:460 - 狀態統計 - 操作次數: 10, 錯誤次數: 0, 連接次數: 1
2025-07-17 07:21:30 [DEBUG] VibrationPlate:update_status_registers:460 - 狀態統計 - 操作次數: 10, 錯誤次數: 0, 連接次數: 1
2025-07-17 07:22:00 [DEBUG] VibrationPlate:update_status_registers:460 - 狀態統計 - 操作次數: 10, 錯誤次數: 0, 連接次數: 1
2025-07-17 07:22:30 [DEBUG] VibrationPlate:update_status_registers:460 - 狀態統計 - 操作次數: 10, 錯誤次數: 0, 連接次數: 1
2025-07-17 07:23:01 [DEBUG] VibrationPlate:update_status_registers:460 - 狀態統計 - 操作次數: 10, 錯誤次數: 0, 連接次數: 1
2025-07-17 07:23:31 [DEBUG] VibrationPlate:update_status_registers:460 - 狀態統計 - 操作次數: 10, 錯誤次數: 0, 連接次數: 1
2025-07-17 07:24:01 [DEBUG] VibrationPlate:update_status_registers:460 - 狀態統計 - 操作次數: 10, 錯誤次數: 0, 連接次數: 1
2025-07-17 07:24:32 [DEBUG] VibrationPlate:update_status_registers:460 - 狀態統計 - 操作次數: 10, 錯誤次數: 0, 連接次數: 1
2025-07-17 07:25:02 [DEBUG] VibrationPlate:update_status_registers:460 - 狀態統計 - 操作次數: 10, 錯誤次數: 0, 連接次數: 1
2025-07-17 07:25:32 [DEBUG] VibrationPlate:update_status_registers:460 - 狀態統計 - 操作次數: 10, 錯誤次數: 0, 連接次數: 1
2025-07-17 07:26:02 [DEBUG] VibrationPlate:update_status_registers:460 - 狀態統計 - 操作次數: 10, 錯誤次數: 0, 連接次數: 1
2025-07-17 07:26:33 [DEBUG] VibrationPlate:update_status_registers:460 - 狀態統計 - 操作次數: 10, 錯誤次數: 0, 連接次數: 1
2025-07-17 07:27:03 [DEBUG] VibrationPlate:update_status_registers:460 - 狀態統計 - 操作次數: 10, 錯誤次數: 0, 連接次數: 1
2025-07-17 07:27:33 [DEBUG] VibrationPlate:update_status_registers:460 - 狀態統計 - 操作次數: 10, 錯誤次數: 0, 連接次數: 1
2025-07-17 07:28:03 [DEBUG] VibrationPlate:update_status_registers:460 - 狀態統計 - 操作次數: 10, 錯誤次數: 0, 連接次數: 1
2025-07-17 07:28:34 [DEBUG] VibrationPlate:update_status_registers:460 - 狀態統計 - 操作次數: 10, 錯誤次數: 0, 連接次數: 1
2025-07-17 07:29:04 [DEBUG] VibrationPlate:update_status_registers:460 - 狀態統計 - 操作次數: 10, 錯誤次數: 0, 連接次數: 1
2025-07-17 07:29:34 [DEBUG] VibrationPlate:update_status_registers:460 - 狀態統計 - 操作次數: 10, 錯誤次數: 0, 連接次數: 1
2025-07-17 07:30:04 [DEBUG] VibrationPlate:update_status_registers:460 - 狀態統計 - 操作次數: 10, 錯誤次數: 0, 連接次數: 1
2025-07-17 07:30:35 [DEBUG] VibrationPlate:update_status_registers:460 - 狀態統計 - 操作次數: 10, 錯誤次數: 0, 連接次數: 1
2025-07-17 07:31:05 [DEBUG] VibrationPlate:update_status_registers:460 - 狀態統計 - 操作次數: 10, 錯誤次數: 0, 連接次數: 1
2025-07-17 07:31:35 [DEBUG] VibrationPlate:update_status_registers:460 - 狀態統計 - 操作次數: 10, 錯誤次數: 0, 連接次數: 1
2025-07-17 07:32:06 [DEBUG] VibrationPlate:update_status_registers:460 - 狀態統計 - 操作次數: 10, 錯誤次數: 0, 連接次數: 1
2025-07-17 07:32:36 [DEBUG] VibrationPlate:update_status_registers:460 - 狀態統計 - 操作次數: 10, 錯誤次數: 0, 連接次數: 1
2025-07-17 07:33:06 [DEBUG] VibrationPlate:update_status_registers:460 - 狀態統計 - 操作次數: 10, 錯誤次數: 0, 連接次數: 1
2025-07-17 07:33:36 [DEBUG] VibrationPlate:update_status_registers:460 - 狀態統計 - 操作次數: 10, 錯誤次數: 0, 連接次數: 1
2025-07-17 07:34:07 [DEBUG] VibrationPlate:update_status_registers:460 - 狀態統計 - 操作次數: 10, 錯誤次數: 0, 連接次數: 1
2025-07-17 07:34:37 [DEBUG] VibrationPlate:update_status_registers:460 - 狀態統計 - 操作次數: 10, 錯誤次數: 0, 連接次數: 1
2025-07-17 07:35:07 [DEBUG] VibrationPlate:update_status_registers:460 - 狀態統計 - 操作次數: 10, 錯誤次數: 0, 連接次數: 1
2025-07-17 07:35:38 [DEBUG] VibrationPlate:update_status_registers:460 - 狀態統計 - 操作次數: 10, 錯誤次數: 0, 連接次數: 1
2025-07-17 07:36:08 [DEBUG] VibrationPlate:update_status_registers:460 - 狀態統計 - 操作次數: 10, 錯誤次數: 0, 連接次數: 1
2025-07-17 07:36:38 [DEBUG] VibrationPlate:update_status_registers:460 - 狀態統計 - 操作次數: 10, 錯誤次數: 0, 連接次數: 1
2025-07-17 07:37:09 [DEBUG] VibrationPlate:update_status_registers:460 - 狀態統計 - 操作次數: 10, 錯誤次數: 0, 連接次數: 1
2025-07-17 07:37:39 [DEBUG] VibrationPlate:update_status_registers:460 - 狀態統計 - 操作次數: 10, 錯誤次數: 0, 連接次數: 1
2025-07-17 07:38:09 [DEBUG] VibrationPlate:update_status_registers:460 - 狀態統計 - 操作次數: 10, 錯誤次數: 0, 連接次數: 1
2025-07-17 07:38:39 [DEBUG] VibrationPlate:update_status_registers:460 - 狀態統計 - 操作次數: 10, 錯誤次數: 0, 連接次數: 1
2025-07-17 07:39:10 [DEBUG] VibrationPlate:update_status_registers:460 - 狀態統計 - 操作次數: 10, 錯誤次數: 0, 連接次數: 1
2025-07-17 07:39:40 [DEBUG] VibrationPlate:update_status_registers:460 - 狀態統計 - 操作次數: 10, 錯誤次數: 0, 連接次數: 1
2025-07-17 07:40:10 [DEBUG] VibrationPlate:update_status_registers:460 - 狀態統計 - 操作次數: 10, 錯誤次數: 0, 連接次數: 1
2025-07-17 07:40:41 [DEBUG] VibrationPlate:update_status_registers:460 - 狀態統計 - 操作次數: 10, 錯誤次數: 0, 連接次數: 1
2025-07-17 07:41:11 [DEBUG] VibrationPlate:update_status_registers:460 - 狀態統計 - 操作次數: 10, 錯誤次數: 0, 連接次數: 1
2025-07-17 07:41:41 [DEBUG] VibrationPlate:update_status_registers:460 - 狀態統計 - 操作次數: 10, 錯誤次數: 0, 連接次數: 1
2025-07-17 07:42:11 [DEBUG] VibrationPlate:update_status_registers:460 - 狀態統計 - 操作次數: 10, 錯誤次數: 0, 連接次數: 1
2025-07-17 07:42:42 [DEBUG] VibrationPlate:update_status_registers:460 - 狀態統計 - 操作次數: 10, 錯誤次數: 0, 連接次數: 1
2025-07-17 07:43:12 [DEBUG] VibrationPlate:update_status_registers:460 - 狀態統計 - 操作次數: 10, 錯誤次數: 0, 連接次數: 1
2025-07-17 07:43:42 [DEBUG] VibrationPlate:update_status_registers:460 - 狀態統計 - 操作次數: 10, 錯誤次數: 0, 連接次數: 1
2025-07-17 07:44:13 [DEBUG] VibrationPlate:update_status_registers:460 - 狀態統計 - 操作次數: 10, 錯誤次數: 0, 連接次數: 1
2025-07-17 07:44:43 [DEBUG] VibrationPlate:update_status_registers:460 - 狀態統計 - 操作次數: 10, 錯誤次數: 0, 連接次數: 1
2025-07-17 07:45:13 [DEBUG] VibrationPlate:update_status_registers:460 - 狀態統計 - 操作次數: 10, 錯誤次數: 0, 連接次數: 1
2025-07-17 07:45:43 [DEBUG] VibrationPlate:update_status_registers:460 - 狀態統計 - 操作次數: 10, 錯誤次數: 0, 連接次數: 1
2025-07-17 07:46:14 [DEBUG] VibrationPlate:update_status_registers:460 - 狀態統計 - 操作次數: 10, 錯誤次數: 0, 連接次數: 1
2025-07-17 07:46:44 [DEBUG] VibrationPlate:update_status_registers:460 - 狀態統計 - 操作次數: 10, 錯誤次數: 0, 連接次數: 1
2025-07-17 07:47:14 [DEBUG] VibrationPlate:update_status_registers:460 - 狀態統計 - 操作次數: 10, 錯誤次數: 0, 連接次數: 1
2025-07-17 07:47:45 [DEBUG] VibrationPlate:update_status_registers:460 - 狀態統計 - 操作次數: 10, 錯誤次數: 0, 連接次數: 1
2025-07-17 07:48:15 [DEBUG] VibrationPlate:update_status_registers:460 - 狀態統計 - 操作次數: 10, 錯誤次數: 0, 連接次數: 1
2025-07-17 07:48:45 [DEBUG] VibrationPlate:update_status_registers:460 - 狀態統計 - 操作次數: 10, 錯誤次數: 0, 連接次數: 1
2025-07-17 07:49:15 [DEBUG] VibrationPlate:update_status_registers:460 - 狀態統計 - 操作次數: 10, 錯誤次數: 0, 連接次數: 1
2025-07-17 07:49:45 [DEBUG] VibrationPlate:update_status_registers:460 - 狀態統計 - 操作次數: 10, 錯誤次數: 0, 連接次數: 1
2025-07-17 07:50:16 [DEBUG] VibrationPlate:update_status_registers:460 - 狀態統計 - 操作次數: 10, 錯誤次數: 0, 連接次數: 1
2025-07-17 07:50:46 [DEBUG] VibrationPlate:update_status_registers:460 - 狀態統計 - 操作次數: 10, 錯誤次數: 0, 連接次數: 1
2025-07-17 07:51:16 [DEBUG] VibrationPlate:update_status_registers:460 - 狀態統計 - 操作次數: 10, 錯誤次數: 0, 連接次數: 1
2025-07-17 07:51:46 [DEBUG] VibrationPlate:update_status_registers:460 - 狀態統計 - 操作次數: 10, 錯誤次數: 0, 連接次數: 1
2025-07-17 07:52:17 [DEBUG] VibrationPlate:update_status_registers:460 - 狀態統計 - 操作次數: 10, 錯誤次數: 0, 連接次數: 1
2025-07-17 07:52:47 [DEBUG] VibrationPlate:update_status_registers:460 - 狀態統計 - 操作次數: 10, 錯誤次數: 0, 連接次數: 1
2025-07-17 07:53:17 [DEBUG] VibrationPlate:update_status_registers:460 - 狀態統計 - 操作次數: 10, 錯誤次數: 0, 連接次數: 1
2025-07-17 07:53:48 [DEBUG] VibrationPlate:update_status_registers:460 - 狀態統計 - 操作次數: 10, 錯誤次數: 0, 連接次數: 1
2025-07-17 07:54:18 [DEBUG] VibrationPlate:update_status_registers:460 - 狀態統計 - 操作次數: 10, 錯誤次數: 0, 連接次數: 1
2025-07-17 07:54:48 [DEBUG] VibrationPlate:update_status_registers:460 - 狀態統計 - 操作次數: 10, 錯誤次數: 0, 連接次數: 1
2025-07-17 07:55:18 [DEBUG] VibrationPlate:update_status_registers:460 - 狀態統計 - 操作次數: 10, 錯誤次數: 0, 連接次數: 1
2025-07-17 07:55:49 [DEBUG] VibrationPlate:update_status_registers:460 - 狀態統計 - 操作次數: 10, 錯誤次數: 0, 連接次數: 1
2025-07-17 07:56:19 [DEBUG] VibrationPlate:update_status_registers:460 - 狀態統計 - 操作次數: 10, 錯誤次數: 0, 連接次數: 1
2025-07-17 07:56:49 [DEBUG] VibrationPlate:update_status_registers:460 - 狀態統計 - 操作次數: 10, 錯誤次數: 0, 連接次數: 1
2025-07-17 07:57:19 [DEBUG] VibrationPlate:update_status_registers:460 - 狀態統計 - 操作次數: 10, 錯誤次數: 0, 連接次數: 1
2025-07-17 07:57:50 [DEBUG] VibrationPlate:update_status_registers:460 - 狀態統計 - 操作次數: 10, 錯誤次數: 0, 連接次數: 1
2025-07-17 07:58:20 [DEBUG] VibrationPlate:update_status_registers:460 - 狀態統計 - 操作次數: 10, 錯誤次數: 0, 連接次數: 1
2025-07-17 07:58:50 [DEBUG] VibrationPlate:update_status_registers:460 - 狀態統計 - 操作次數: 10, 錯誤次數: 0, 連接次數: 1
2025-07-17 07:59:20 [DEBUG] VibrationPlate:update_status_registers:460 - 狀態統計 - 操作次數: 10, 錯誤次數: 0, 連接次數: 1
2025-07-17 07:59:51 [DEBUG] VibrationPlate:update_status_registers:460 - 狀態統計 - 操作次數: 10, 錯誤次數: 0, 連接次數: 1
2025-07-17 08:00:21 [DEBUG] VibrationPlate:update_status_registers:460 - 狀態統計 - 操作次數: 10, 錯誤次數: 0, 連接次數: 1
2025-07-17 08:00:51 [DEBUG] VibrationPlate:update_status_registers:460 - 狀態統計 - 操作次數: 10, 錯誤次數: 0, 連接次數: 1
2025-07-17 08:01:22 [DEBUG] VibrationPlate:update_status_registers:460 - 狀態統計 - 操作次數: 10, 錯誤次數: 0, 連接次數: 1
2025-07-17 08:01:52 [DEBUG] VibrationPlate:update_status_registers:460 - 狀態統計 - 操作次數: 10, 錯誤次數: 0, 連接次數: 1
2025-07-17 08:02:22 [DEBUG] VibrationPlate:update_status_registers:460 - 狀態統計 - 操作次數: 10, 錯誤次數: 0, 連接次數: 1
2025-07-17 08:02:52 [DEBUG] VibrationPlate:update_status_registers:460 - 狀態統計 - 操作次數: 10, 錯誤次數: 0, 連接次數: 1
2025-07-17 08:03:23 [DEBUG] VibrationPlate:update_status_registers:460 - 狀態統計 - 操作次數: 10, 錯誤次數: 0, 連接次數: 1
2025-07-17 08:03:53 [DEBUG] VibrationPlate:update_status_registers:460 - 狀態統計 - 操作次數: 10, 錯誤次數: 0, 連接次數: 1
2025-07-17 08:04:23 [DEBUG] VibrationPlate:update_status_registers:460 - 狀態統計 - 操作次數: 10, 錯誤次數: 0, 連接次數: 1
2025-07-17 08:04:53 [DEBUG] VibrationPlate:update_status_registers:460 - 狀態統計 - 操作次數: 10, 錯誤次數: 0, 連接次數: 1
2025-07-17 08:05:24 [DEBUG] VibrationPlate:update_status_registers:460 - 狀態統計 - 操作次數: 10, 錯誤次數: 0, 連接次數: 1
2025-07-17 08:05:54 [DEBUG] VibrationPlate:update_status_registers:460 - 狀態統計 - 操作次數: 10, 錯誤次數: 0, 連接次數: 1
2025-07-17 08:06:24 [DEBUG] VibrationPlate:update_status_registers:460 - 狀態統計 - 操作次數: 10, 錯誤次數: 0, 連接次數: 1
2025-07-17 08:06:54 [DEBUG] VibrationPlate:update_status_registers:460 - 狀態統計 - 操作次數: 10, 錯誤次數: 0, 連接次數: 1
2025-07-17 08:07:25 [DEBUG] VibrationPlate:update_status_registers:460 - 狀態統計 - 操作次數: 10, 錯誤次數: 0, 連接次數: 1
2025-07-17 08:07:55 [DEBUG] VibrationPlate:update_status_registers:460 - 狀態統計 - 操作次數: 10, 錯誤次數: 0, 連接次數: 1
2025-07-17 08:08:25 [DEBUG] VibrationPlate:update_status_registers:460 - 狀態統計 - 操作次數: 10, 錯誤次數: 0, 連接次數: 1
2025-07-17 08:08:56 [DEBUG] VibrationPlate:update_status_registers:460 - 狀態統計 - 操作次數: 10, 錯誤次數: 0, 連接次數: 1
2025-07-17 08:09:26 [DEBUG] VibrationPlate:update_status_registers:460 - 狀態統計 - 操作次數: 10, 錯誤次數: 0, 連接次數: 1
2025-07-17 08:09:56 [DEBUG] VibrationPlate:update_status_registers:460 - 狀態統計 - 操作次數: 10, 錯誤次數: 0, 連接次數: 1
2025-07-17 08:10:26 [DEBUG] VibrationPlate:update_status_registers:460 - 狀態統計 - 操作次數: 10, 錯誤次數: 0, 連接次數: 1
2025-07-17 08:10:57 [DEBUG] VibrationPlate:update_status_registers:460 - 狀態統計 - 操作次數: 10, 錯誤次數: 0, 連接次數: 1
2025-07-17 08:11:27 [DEBUG] VibrationPlate:update_status_registers:460 - 狀態統計 - 操作次數: 10, 錯誤次數: 0, 連接次數: 1
2025-07-17 08:11:57 [DEBUG] VibrationPlate:update_status_registers:460 - 狀態統計 - 操作次數: 10, 錯誤次數: 0, 連接次數: 1
2025-07-17 08:12:27 [DEBUG] VibrationPlate:update_status_registers:460 - 狀態統計 - 操作次數: 10, 錯誤次數: 0, 連接次數: 1
2025-07-17 08:12:58 [DEBUG] VibrationPlate:update_status_registers:460 - 狀態統計 - 操作次數: 10, 錯誤次數: 0, 連接次數: 1
2025-07-17 08:13:28 [DEBUG] VibrationPlate:update_status_registers:460 - 狀態統計 - 操作次數: 10, 錯誤次數: 0, 連接次數: 1
2025-07-17 08:13:58 [DEBUG] VibrationPlate:update_status_registers:460 - 狀態統計 - 操作次數: 10, 錯誤次數: 0, 連接次數: 1
2025-07-17 08:14:29 [DEBUG] VibrationPlate:update_status_registers:460 - 狀態統計 - 操作次數: 10, 錯誤次數: 0, 連接次數: 1
2025-07-17 08:14:59 [DEBUG] VibrationPlate:update_status_registers:460 - 狀態統計 - 操作次數: 10, 錯誤次數: 0, 連接次數: 1
2025-07-17 08:15:29 [DEBUG] VibrationPlate:update_status_registers:460 - 狀態統計 - 操作次數: 10, 錯誤次數: 0, 連接次數: 1
2025-07-17 08:15:59 [DEBUG] VibrationPlate:update_status_registers:460 - 狀態統計 - 操作次數: 10, 錯誤次數: 0, 連接次數: 1
2025-07-17 08:16:30 [DEBUG] VibrationPlate:update_status_registers:460 - 狀態統計 - 操作次數: 10, 錯誤次數: 0, 連接次數: 1
2025-07-17 08:17:00 [DEBUG] VibrationPlate:update_status_registers:460 - 狀態統計 - 操作次數: 10, 錯誤次數: 0, 連接次數: 1
2025-07-17 08:17:30 [DEBUG] VibrationPlate:update_status_registers:460 - 狀態統計 - 操作次數: 10, 錯誤次數: 0, 連接次數: 1
2025-07-17 08:18:01 [DEBUG] VibrationPlate:update_status_registers:460 - 狀態統計 - 操作次數: 10, 錯誤次數: 0, 連接次數: 1
2025-07-17 08:18:31 [DEBUG] VibrationPlate:update_status_registers:460 - 狀態統計 - 操作次數: 10, 錯誤次數: 0, 連接次數: 1
2025-07-17 08:19:01 [DEBUG] VibrationPlate:update_status_registers:460 - 狀態統計 - 操作次數: 10, 錯誤次數: 0, 連接次數: 1
2025-07-17 08:19:31 [DEBUG] VibrationPlate:update_status_registers:460 - 狀態統計 - 操作次數: 10, 錯誤次數: 0, 連接次數: 1
2025-07-17 08:20:02 [DEBUG] VibrationPlate:update_status_registers:460 - 狀態統計 - 操作次數: 10, 錯誤次數: 0, 連接次數: 1
2025-07-17 08:20:32 [DEBUG] VibrationPlate:update_status_registers:460 - 狀態統計 - 操作次數: 10, 錯誤次數: 0, 連接次數: 1
2025-07-17 08:21:02 [DEBUG] VibrationPlate:update_status_registers:460 - 狀態統計 - 操作次數: 10, 錯誤次數: 0, 連接次數: 1
2025-07-17 08:21:32 [DEBUG] VibrationPlate:update_status_registers:460 - 狀態統計 - 操作次數: 10, 錯誤次數: 0, 連接次數: 1
2025-07-17 08:22:02 [DEBUG] VibrationPlate:update_status_registers:460 - 狀態統計 - 操作次數: 10, 錯誤次數: 0, 連接次數: 1
2025-07-17 08:22:33 [DEBUG] VibrationPlate:update_status_registers:460 - 狀態統計 - 操作次數: 10, 錯誤次數: 0, 連接次數: 1
2025-07-17 08:23:03 [DEBUG] VibrationPlate:update_status_registers:460 - 狀態統計 - 操作次數: 10, 錯誤次數: 0, 連接次數: 1
2025-07-17 08:23:33 [DEBUG] VibrationPlate:update_status_registers:460 - 狀態統計 - 操作次數: 10, 錯誤次數: 0, 連接次數: 1
2025-07-17 08:24:04 [DEBUG] VibrationPlate:update_status_registers:460 - 狀態統計 - 操作次數: 10, 錯誤次數: 0, 連接次數: 1
2025-07-17 08:24:34 [DEBUG] VibrationPlate:update_status_registers:460 - 狀態統計 - 操作次數: 10, 錯誤次數: 0, 連接次數: 1
2025-07-17 08:25:04 [DEBUG] VibrationPlate:update_status_registers:460 - 狀態統計 - 操作次數: 10, 錯誤次數: 0, 連接次數: 1
2025-07-17 08:25:34 [DEBUG] VibrationPlate:update_status_registers:460 - 狀態統計 - 操作次數: 10, 錯誤次數: 0, 連接次數: 1
2025-07-17 08:26:05 [DEBUG] VibrationPlate:update_status_registers:460 - 狀態統計 - 操作次數: 10, 錯誤次數: 0, 連接次數: 1
2025-07-17 08:26:35 [DEBUG] VibrationPlate:update_status_registers:460 - 狀態統計 - 操作次數: 10, 錯誤次數: 0, 連接次數: 1
2025-07-17 08:27:05 [DEBUG] VibrationPlate:update_status_registers:460 - 狀態統計 - 操作次數: 10, 錯誤次數: 0, 連接次數: 1
2025-07-17 08:27:35 [DEBUG] VibrationPlate:update_status_registers:460 - 狀態統計 - 操作次數: 10, 錯誤次數: 0, 連接次數: 1
2025-07-17 08:28:05 [DEBUG] VibrationPlate:update_status_registers:460 - 狀態統計 - 操作次數: 10, 錯誤次數: 0, 連接次數: 1
2025-07-17 08:28:36 [DEBUG] VibrationPlate:update_status_registers:460 - 狀態統計 - 操作次數: 10, 錯誤次數: 0, 連接次數: 1
2025-07-17 08:29:06 [DEBUG] VibrationPlate:update_status_registers:460 - 狀態統計 - 操作次數: 10, 錯誤次數: 0, 連接次數: 1
2025-07-17 08:29:36 [DEBUG] VibrationPlate:update_status_registers:460 - 狀態統計 - 操作次數: 10, 錯誤次數: 0, 連接次數: 1
2025-07-17 08:30:07 [DEBUG] VibrationPlate:update_status_registers:460 - 狀態統計 - 操作次數: 10, 錯誤次數: 0, 連接次數: 1
2025-07-17 08:30:37 [DEBUG] VibrationPlate:update_status_registers:460 - 狀態統計 - 操作次數: 10, 錯誤次數: 0, 連接次數: 1
2025-07-17 08:31:07 [DEBUG] VibrationPlate:update_status_registers:460 - 狀態統計 - 操作次數: 10, 錯誤次數: 0, 連接次數: 1
2025-07-17 08:31:37 [DEBUG] VibrationPlate:update_status_registers:460 - 狀態統計 - 操作次數: 10, 錯誤次數: 0, 連接次數: 1
2025-07-17 08:32:08 [DEBUG] VibrationPlate:update_status_registers:460 - 狀態統計 - 操作次數: 10, 錯誤次數: 0, 連接次數: 1
2025-07-17 08:32:38 [DEBUG] VibrationPlate:update_status_registers:460 - 狀態統計 - 操作次數: 10, 錯誤次數: 0, 連接次數: 1
2025-07-17 08:33:08 [DEBUG] VibrationPlate:update_status_registers:460 - 狀態統計 - 操作次數: 10, 錯誤次數: 0, 連接次數: 1
2025-07-17 08:33:38 [DEBUG] VibrationPlate:update_status_registers:460 - 狀態統計 - 操作次數: 10, 錯誤次數: 0, 連接次數: 1
2025-07-17 08:34:09 [DEBUG] VibrationPlate:update_status_registers:460 - 狀態統計 - 操作次數: 10, 錯誤次數: 0, 連接次數: 1
2025-07-17 08:34:39 [DEBUG] VibrationPlate:update_status_registers:460 - 狀態統計 - 操作次數: 10, 錯誤次數: 0, 連接次數: 1
2025-07-17 08:35:09 [DEBUG] VibrationPlate:update_status_registers:460 - 狀態統計 - 操作次數: 10, 錯誤次數: 0, 連接次數: 1
2025-07-17 08:35:39 [DEBUG] VibrationPlate:update_status_registers:460 - 狀態統計 - 操作次數: 10, 錯誤次數: 0, 連接次數: 1
2025-07-17 08:36:10 [DEBUG] VibrationPlate:update_status_registers:460 - 狀態統計 - 操作次數: 10, 錯誤次數: 0, 連接次數: 1
2025-07-17 08:36:40 [DEBUG] VibrationPlate:update_status_registers:460 - 狀態統計 - 操作次數: 10, 錯誤次數: 0, 連接次數: 1
2025-07-17 08:37:10 [DEBUG] VibrationPlate:update_status_registers:460 - 狀態統計 - 操作次數: 10, 錯誤次數: 0, 連接次數: 1
2025-07-17 08:37:40 [DEBUG] VibrationPlate:update_status_registers:460 - 狀態統計 - 操作次數: 10, 錯誤次數: 0, 連接次數: 1
2025-07-17 08:38:11 [DEBUG] VibrationPlate:update_status_registers:460 - 狀態統計 - 操作次數: 10, 錯誤次數: 0, 連接次數: 1
2025-07-17 08:38:41 [DEBUG] VibrationPlate:update_status_registers:460 - 狀態統計 - 操作次數: 10, 錯誤次數: 0, 連接次數: 1
2025-07-17 08:39:11 [DEBUG] VibrationPlate:update_status_registers:460 - 狀態統計 - 操作次數: 10, 錯誤次數: 0, 連接次數: 1
2025-07-17 08:39:41 [DEBUG] VibrationPlate:update_status_registers:460 - 狀態統計 - 操作次數: 10, 錯誤次數: 0, 連接次數: 1
2025-07-17 08:40:12 [DEBUG] VibrationPlate:update_status_registers:460 - 狀態統計 - 操作次數: 10, 錯誤次數: 0, 連接次數: 1
2025-07-17 08:40:42 [DEBUG] VibrationPlate:update_status_registers:460 - 狀態統計 - 操作次數: 10, 錯誤次數: 0, 連接次數: 1
2025-07-17 08:41:12 [DEBUG] VibrationPlate:update_status_registers:460 - 狀態統計 - 操作次數: 10, 錯誤次數: 0, 連接次數: 1
2025-07-17 08:41:42 [DEBUG] VibrationPlate:update_status_registers:460 - 狀態統計 - 操作次數: 10, 錯誤次數: 0, 連接次數: 1
2025-07-17 08:42:13 [DEBUG] VibrationPlate:update_status_registers:460 - 狀態統計 - 操作次數: 10, 錯誤次數: 0, 連接次數: 1
2025-07-17 08:42:43 [DEBUG] VibrationPlate:update_status_registers:460 - 狀態統計 - 操作次數: 10, 錯誤次數: 0, 連接次數: 1
2025-07-17 08:43:13 [DEBUG] VibrationPlate:update_status_registers:460 - 狀態統計 - 操作次數: 10, 錯誤次數: 0, 連接次數: 1
2025-07-17 08:43:43 [DEBUG] VibrationPlate:update_status_registers:460 - 狀態統計 - 操作次數: 10, 錯誤次數: 0, 連接次數: 1
2025-07-17 08:44:14 [DEBUG] VibrationPlate:update_status_registers:460 - 狀態統計 - 操作次數: 10, 錯誤次數: 0, 連接次數: 1
2025-07-17 08:44:44 [DEBUG] VibrationPlate:update_status_registers:460 - 狀態統計 - 操作次數: 10, 錯誤次數: 0, 連接次數: 1
2025-07-17 08:45:14 [DEBUG] VibrationPlate:update_status_registers:460 - 狀態統計 - 操作次數: 10, 錯誤次數: 0, 連接次數: 1
2025-07-17 08:45:44 [DEBUG] VibrationPlate:update_status_registers:460 - 狀態統計 - 操作次數: 10, 錯誤次數: 0, 連接次數: 1
2025-07-17 08:46:15 [DEBUG] VibrationPlate:update_status_registers:460 - 狀態統計 - 操作次數: 10, 錯誤次數: 0, 連接次數: 1
2025-07-17 08:46:45 [DEBUG] VibrationPlate:update_status_registers:460 - 狀態統計 - 操作次數: 10, 錯誤次數: 0, 連接次數: 1
2025-07-17 08:47:15 [DEBUG] VibrationPlate:update_status_registers:460 - 狀態統計 - 操作次數: 10, 錯誤次數: 0, 連接次數: 1
2025-07-17 08:47:45 [DEBUG] VibrationPlate:update_status_registers:460 - 狀態統計 - 操作次數: 10, 錯誤次數: 0, 連接次數: 1
2025-07-17 08:48:16 [DEBUG] VibrationPlate:update_status_registers:460 - 狀態統計 - 操作次數: 10, 錯誤次數: 0, 連接次數: 1
2025-07-17 08:48:46 [DEBUG] VibrationPlate:update_status_registers:460 - 狀態統計 - 操作次數: 10, 錯誤次數: 0, 連接次數: 1
2025-07-17 08:49:16 [DEBUG] VibrationPlate:update_status_registers:460 - 狀態統計 - 操作次數: 10, 錯誤次數: 0, 連接次數: 1
2025-07-17 08:49:46 [DEBUG] VibrationPlate:update_status_registers:460 - 狀態統計 - 操作次數: 10, 錯誤次數: 0, 連接次數: 1
2025-07-17 08:50:17 [DEBUG] VibrationPlate:update_status_registers:460 - 狀態統計 - 操作次數: 10, 錯誤次數: 0, 連接次數: 1
2025-07-17 08:50:47 [DEBUG] VibrationPlate:update_status_registers:460 - 狀態統計 - 操作次數: 10, 錯誤次數: 0, 連接次數: 1
2025-07-17 08:51:17 [DEBUG] VibrationPlate:update_status_registers:460 - 狀態統計 - 操作次數: 10, 錯誤次數: 0, 連接次數: 1
2025-07-17 08:51:47 [DEBUG] VibrationPlate:update_status_registers:460 - 狀態統計 - 操作次數: 10, 錯誤次數: 0, 連接次數: 1
2025-07-17 08:52:17 [DEBUG] VibrationPlate:update_status_registers:460 - 狀態統計 - 操作次數: 10, 錯誤次數: 0, 連接次數: 1
2025-07-17 08:52:48 [DEBUG] VibrationPlate:update_status_registers:460 - 狀態統計 - 操作次數: 10, 錯誤次數: 0, 連接次數: 1
2025-07-17 08:53:18 [DEBUG] VibrationPlate:update_status_registers:460 - 狀態統計 - 操作次數: 10, 錯誤次數: 0, 連接次數: 1
2025-07-17 08:53:48 [DEBUG] VibrationPlate:update_status_registers:460 - 狀態統計 - 操作次數: 10, 錯誤次數: 0, 連接次數: 1
2025-07-17 08:54:18 [DEBUG] VibrationPlate:update_status_registers:460 - 狀態統計 - 操作次數: 10, 錯誤次數: 0, 連接次數: 1
2025-07-17 08:54:49 [DEBUG] VibrationPlate:update_status_registers:460 - 狀態統計 - 操作次數: 10, 錯誤次數: 0, 連接次數: 1
2025-07-17 08:55:19 [DEBUG] VibrationPlate:update_status_registers:460 - 狀態統計 - 操作次數: 10, 錯誤次數: 0, 連接次數: 1
2025-07-17 08:55:49 [DEBUG] VibrationPlate:update_status_registers:460 - 狀態統計 - 操作次數: 10, 錯誤次數: 0, 連接次數: 1
2025-07-17 08:56:20 [DEBUG] VibrationPlate:update_status_registers:460 - 狀態統計 - 操作次數: 10, 錯誤次數: 0, 連接次數: 1
2025-07-17 08:56:50 [DEBUG] VibrationPlate:update_status_registers:460 - 狀態統計 - 操作次數: 10, 錯誤次數: 0, 連接次數: 1
2025-07-17 08:57:20 [DEBUG] VibrationPlate:update_status_registers:460 - 狀態統計 - 操作次數: 10, 錯誤次數: 0, 連接次數: 1
2025-07-17 08:57:50 [DEBUG] VibrationPlate:update_status_registers:460 - 狀態統計 - 操作次數: 10, 錯誤次數: 0, 連接次數: 1
2025-07-17 08:58:21 [DEBUG] VibrationPlate:update_status_registers:460 - 狀態統計 - 操作次數: 10, 錯誤次數: 0, 連接次數: 1
2025-07-17 08:58:51 [DEBUG] VibrationPlate:update_status_registers:460 - 狀態統計 - 操作次數: 10, 錯誤次數: 0, 連接次數: 1
2025-07-17 08:59:21 [DEBUG] VibrationPlate:update_status_registers:460 - 狀態統計 - 操作次數: 10, 錯誤次數: 0, 連接次數: 1
2025-07-17 08:59:51 [DEBUG] VibrationPlate:update_status_registers:460 - 狀態統計 - 操作次數: 10, 錯誤次數: 0, 連接次數: 1
2025-07-17 09:00:22 [DEBUG] VibrationPlate:update_status_registers:460 - 狀態統計 - 操作次數: 10, 錯誤次數: 0, 連接次數: 1
2025-07-17 09:00:52 [DEBUG] VibrationPlate:update_status_registers:460 - 狀態統計 - 操作次數: 10, 錯誤次數: 0, 連接次數: 1
2025-07-17 09:01:22 [DEBUG] VibrationPlate:update_status_registers:460 - 狀態統計 - 操作次數: 10, 錯誤次數: 0, 連接次數: 1
2025-07-17 09:01:53 [DEBUG] VibrationPlate:update_status_registers:460 - 狀態統計 - 操作次數: 10, 錯誤次數: 0, 連接次數: 1
2025-07-17 09:02:23 [DEBUG] VibrationPlate:update_status_registers:460 - 狀態統計 - 操作次數: 10, 錯誤次數: 0, 連接次數: 1
2025-07-17 09:02:53 [DEBUG] VibrationPlate:update_status_registers:460 - 狀態統計 - 操作次數: 10, 錯誤次數: 0, 連接次數: 1
2025-07-17 09:03:23 [DEBUG] VibrationPlate:update_status_registers:460 - 狀態統計 - 操作次數: 10, 錯誤次數: 0, 連接次數: 1
2025-07-17 09:03:54 [DEBUG] VibrationPlate:update_status_registers:460 - 狀態統計 - 操作次數: 10, 錯誤次數: 0, 連接次數: 1
2025-07-17 09:04:24 [DEBUG] VibrationPlate:update_status_registers:460 - 狀態統計 - 操作次數: 10, 錯誤次數: 0, 連接次數: 1
2025-07-17 09:04:54 [DEBUG] VibrationPlate:update_status_registers:460 - 狀態統計 - 操作次數: 10, 錯誤次數: 0, 連接次數: 1
2025-07-17 09:05:24 [DEBUG] VibrationPlate:update_status_registers:460 - 狀態統計 - 操作次數: 10, 錯誤次數: 0, 連接次數: 1
2025-07-17 09:05:55 [DEBUG] VibrationPlate:update_status_registers:460 - 狀態統計 - 操作次數: 10, 錯誤次數: 0, 連接次數: 1
2025-07-17 09:06:25 [DEBUG] VibrationPlate:update_status_registers:460 - 狀態統計 - 操作次數: 10, 錯誤次數: 0, 連接次數: 1
2025-07-17 09:06:55 [DEBUG] VibrationPlate:update_status_registers:460 - 狀態統計 - 操作次數: 10, 錯誤次數: 0, 連接次數: 1
2025-07-17 09:07:25 [DEBUG] VibrationPlate:update_status_registers:460 - 狀態統計 - 操作次數: 10, 錯誤次數: 0, 連接次數: 1
2025-07-17 09:07:56 [DEBUG] VibrationPlate:update_status_registers:460 - 狀態統計 - 操作次數: 10, 錯誤次數: 0, 連接次數: 1
2025-07-17 09:08:26 [DEBUG] VibrationPlate:update_status_registers:460 - 狀態統計 - 操作次數: 10, 錯誤次數: 0, 連接次數: 1
2025-07-17 09:08:56 [DEBUG] VibrationPlate:update_status_registers:460 - 狀態統計 - 操作次數: 10, 錯誤次數: 0, 連接次數: 1
2025-07-17 09:09:26 [DEBUG] VibrationPlate:update_status_registers:460 - 狀態統計 - 操作次數: 10, 錯誤次數: 0, 連接次數: 1
2025-07-17 09:09:57 [DEBUG] VibrationPlate:update_status_registers:460 - 狀態統計 - 操作次數: 10, 錯誤次數: 0, 連接次數: 1
2025-07-17 09:10:27 [DEBUG] VibrationPlate:update_status_registers:460 - 狀態統計 - 操作次數: 10, 錯誤次數: 0, 連接次數: 1
2025-07-17 09:10:57 [DEBUG] VibrationPlate:update_status_registers:460 - 狀態統計 - 操作次數: 10, 錯誤次數: 0, 連接次數: 1
2025-07-17 09:11:27 [DEBUG] VibrationPlate:update_status_registers:460 - 狀態統計 - 操作次數: 10, 錯誤次數: 0, 連接次數: 1
2025-07-17 09:11:58 [DEBUG] VibrationPlate:update_status_registers:460 - 狀態統計 - 操作次數: 10, 錯誤次數: 0, 連接次數: 1
2025-07-17 09:12:28 [DEBUG] VibrationPlate:update_status_registers:460 - 狀態統計 - 操作次數: 10, 錯誤次數: 0, 連接次數: 1
2025-07-17 09:12:58 [DEBUG] VibrationPlate:update_status_registers:460 - 狀態統計 - 操作次數: 10, 錯誤次數: 0, 連接次數: 1
2025-07-17 09:13:28 [DEBUG] VibrationPlate:update_status_registers:460 - 狀態統計 - 操作次數: 10, 錯誤次數: 0, 連接次數: 1
2025-07-17 09:13:59 [DEBUG] VibrationPlate:update_status_registers:460 - 狀態統計 - 操作次數: 10, 錯誤次數: 0, 連接次數: 1
2025-07-17 09:14:29 [DEBUG] VibrationPlate:update_status_registers:460 - 狀態統計 - 操作次數: 10, 錯誤次數: 0, 連接次數: 1
2025-07-17 09:14:59 [DEBUG] VibrationPlate:update_status_registers:460 - 狀態統計 - 操作次數: 10, 錯誤次數: 0, 連接次數: 1
2025-07-17 09:15:29 [DEBUG] VibrationPlate:update_status_registers:460 - 狀態統計 - 操作次數: 10, 錯誤次數: 0, 連接次數: 1
2025-07-17 09:16:00 [DEBUG] VibrationPlate:update_status_registers:460 - 狀態統計 - 操作次數: 10, 錯誤次數: 0, 連接次數: 1
2025-07-17 09:16:30 [DEBUG] VibrationPlate:update_status_registers:460 - 狀態統計 - 操作次數: 10, 錯誤次數: 0, 連接次數: 1
2025-07-17 09:17:00 [DEBUG] VibrationPlate:update_status_registers:460 - 狀態統計 - 操作次數: 10, 錯誤次數: 0, 連接次數: 1
2025-07-17 09:17:30 [DEBUG] VibrationPlate:update_status_registers:460 - 狀態統計 - 操作次數: 10, 錯誤次數: 0, 連接次數: 1
2025-07-17 09:18:01 [DEBUG] VibrationPlate:update_status_registers:460 - 狀態統計 - 操作次數: 10, 錯誤次數: 0, 連接次數: 1
2025-07-17 09:18:31 [DEBUG] VibrationPlate:update_status_registers:460 - 狀態統計 - 操作次數: 10, 錯誤次數: 0, 連接次數: 1
2025-07-17 09:19:01 [DEBUG] VibrationPlate:update_status_registers:460 - 狀態統計 - 操作次數: 10, 錯誤次數: 0, 連接次數: 1
2025-07-17 09:19:31 [DEBUG] VibrationPlate:update_status_registers:460 - 狀態統計 - 操作次數: 10, 錯誤次數: 0, 連接次數: 1
2025-07-17 09:20:02 [DEBUG] VibrationPlate:update_status_registers:460 - 狀態統計 - 操作次數: 10, 錯誤次數: 0, 連接次數: 1
2025-07-17 09:20:32 [DEBUG] VibrationPlate:update_status_registers:460 - 狀態統計 - 操作次數: 10, 錯誤次數: 0, 連接次數: 1
2025-07-17 09:21:02 [DEBUG] VibrationPlate:update_status_registers:460 - 狀態統計 - 操作次數: 10, 錯誤次數: 0, 連接次數: 1
2025-07-17 09:21:32 [DEBUG] VibrationPlate:update_status_registers:460 - 狀態統計 - 操作次數: 10, 錯誤次數: 0, 連接次數: 1
2025-07-17 09:22:03 [DEBUG] VibrationPlate:update_status_registers:460 - 狀態統計 - 操作次數: 10, 錯誤次數: 0, 連接次數: 1
2025-07-17 09:22:33 [DEBUG] VibrationPlate:update_status_registers:460 - 狀態統計 - 操作次數: 10, 錯誤次數: 0, 連接次數: 1
2025-07-17 09:23:03 [DEBUG] VibrationPlate:update_status_registers:460 - 狀態統計 - 操作次數: 10, 錯誤次數: 0, 連接次數: 1
2025-07-17 09:23:33 [DEBUG] VibrationPlate:update_status_registers:460 - 狀態統計 - 操作次數: 10, 錯誤次數: 0, 連接次數: 1
2025-07-17 09:24:04 [DEBUG] VibrationPlate:update_status_registers:460 - 狀態統計 - 操作次數: 10, 錯誤次數: 0, 連接次數: 1
2025-07-17 09:24:34 [DEBUG] VibrationPlate:update_status_registers:460 - 狀態統計 - 操作次數: 10, 錯誤次數: 0, 連接次數: 1
2025-07-17 09:25:04 [DEBUG] VibrationPlate:update_status_registers:460 - 狀態統計 - 操作次數: 10, 錯誤次數: 0, 連接次數: 1
2025-07-17 09:25:34 [DEBUG] VibrationPlate:update_status_registers:460 - 狀態統計 - 操作次數: 10, 錯誤次數: 0, 連接次數: 1
2025-07-17 09:26:04 [DEBUG] VibrationPlate:update_status_registers:460 - 狀態統計 - 操作次數: 10, 錯誤次數: 0, 連接次數: 1
2025-07-17 09:26:35 [DEBUG] VibrationPlate:update_status_registers:460 - 狀態統計 - 操作次數: 10, 錯誤次數: 0, 連接次數: 1
2025-07-17 09:27:05 [DEBUG] VibrationPlate:update_status_registers:460 - 狀態統計 - 操作次數: 10, 錯誤次數: 0, 連接次數: 1
2025-07-17 09:27:34 [DEBUG] VibrationPlate:update_status_registers:460 - 狀態統計 - 操作次數: 10, 錯誤次數: 0, 連接次數: 1
2025-07-17 09:28:04 [DEBUG] VibrationPlate:update_status_registers:460 - 狀態統計 - 操作次數: 10, 錯誤次數: 0, 連接次數: 1
2025-07-17 09:28:34 [DEBUG] VibrationPlate:update_status_registers:460 - 狀態統計 - 操作次數: 10, 錯誤次數: 0, 連接次數: 1
2025-07-17 09:29:04 [DEBUG] VibrationPlate:update_status_registers:460 - 狀態統計 - 操作次數: 10, 錯誤次數: 0, 連接次數: 1
2025-07-17 09:29:34 [DEBUG] VibrationPlate:update_status_registers:460 - 狀態統計 - 操作次數: 10, 錯誤次數: 0, 連接次數: 1
2025-07-17 09:30:05 [DEBUG] VibrationPlate:update_status_registers:460 - 狀態統計 - 操作次數: 10, 錯誤次數: 0, 連接次數: 1
2025-07-17 09:30:35 [DEBUG] VibrationPlate:update_status_registers:460 - 狀態統計 - 操作次數: 10, 錯誤次數: 0, 連接次數: 1
2025-07-17 09:31:05 [DEBUG] VibrationPlate:update_status_registers:460 - 狀態統計 - 操作次數: 10, 錯誤次數: 0, 連接次數: 1
2025-07-17 09:31:35 [DEBUG] VibrationPlate:update_status_registers:460 - 狀態統計 - 操作次數: 10, 錯誤次數: 0, 連接次數: 1
2025-07-17 09:32:06 [DEBUG] VibrationPlate:update_status_registers:460 - 狀態統計 - 操作次數: 10, 錯誤次數: 0, 連接次數: 1
2025-07-17 09:32:36 [DEBUG] VibrationPlate:update_status_registers:460 - 狀態統計 - 操作次數: 10, 錯誤次數: 0, 連接次數: 1
2025-07-17 09:33:06 [DEBUG] VibrationPlate:update_status_registers:460 - 狀態統計 - 操作次數: 10, 錯誤次數: 0, 連接次數: 1
2025-07-17 09:33:36 [DEBUG] VibrationPlate:update_status_registers:460 - 狀態統計 - 操作次數: 10, 錯誤次數: 0, 連接次數: 1
2025-07-17 09:34:07 [DEBUG] VibrationPlate:update_status_registers:460 - 狀態統計 - 操作次數: 10, 錯誤次數: 0, 連接次數: 1
2025-07-17 09:34:37 [DEBUG] VibrationPlate:update_status_registers:460 - 狀態統計 - 操作次數: 10, 錯誤次數: 0, 連接次數: 1
2025-07-17 09:35:07 [DEBUG] VibrationPlate:update_status_registers:460 - 狀態統計 - 操作次數: 10, 錯誤次數: 0, 連接次數: 1
2025-07-17 09:35:37 [DEBUG] VibrationPlate:update_status_registers:460 - 狀態統計 - 操作次數: 10, 錯誤次數: 0, 連接次數: 1
2025-07-17 09:36:08 [DEBUG] VibrationPlate:update_status_registers:460 - 狀態統計 - 操作次數: 10, 錯誤次數: 0, 連接次數: 1
2025-07-17 09:36:38 [DEBUG] VibrationPlate:update_status_registers:460 - 狀態統計 - 操作次數: 10, 錯誤次數: 0, 連接次數: 1
2025-07-17 09:37:08 [DEBUG] VibrationPlate:update_status_registers:460 - 狀態統計 - 操作次數: 10, 錯誤次數: 0, 連接次數: 1
2025-07-17 09:37:39 [DEBUG] VibrationPlate:update_status_registers:460 - 狀態統計 - 操作次數: 10, 錯誤次數: 0, 連接次數: 1
2025-07-17 09:38:09 [DEBUG] VibrationPlate:update_status_registers:460 - 狀態統計 - 操作次數: 10, 錯誤次數: 0, 連接次數: 1
2025-07-17 09:38:39 [DEBUG] VibrationPlate:update_status_registers:460 - 狀態統計 - 操作次數: 10, 錯誤次數: 0, 連接次數: 1
2025-07-17 09:39:09 [DEBUG] VibrationPlate:update_status_registers:460 - 狀態統計 - 操作次數: 10, 錯誤次數: 0, 連接次數: 1
2025-07-17 09:39:40 [DEBUG] VibrationPlate:update_status_registers:460 - 狀態統計 - 操作次數: 10, 錯誤次數: 0, 連接次數: 1
2025-07-17 09:40:10 [DEBUG] VibrationPlate:update_status_registers:460 - 狀態統計 - 操作次數: 10, 錯誤次數: 0, 連接次數: 1
2025-07-17 09:40:40 [DEBUG] VibrationPlate:update_status_registers:460 - 狀態統計 - 操作次數: 10, 錯誤次數: 0, 連接次數: 1
2025-07-17 09:41:10 [DEBUG] VibrationPlate:update_status_registers:460 - 狀態統計 - 操作次數: 10, 錯誤次數: 0, 連接次數: 1
2025-07-17 09:41:41 [DEBUG] VibrationPlate:update_status_registers:460 - 狀態統計 - 操作次數: 10, 錯誤次數: 0, 連接次數: 1
2025-07-17 09:42:11 [DEBUG] VibrationPlate:update_status_registers:460 - 狀態統計 - 操作次數: 10, 錯誤次數: 0, 連接次數: 1
2025-07-17 09:42:41 [DEBUG] VibrationPlate:update_status_registers:460 - 狀態統計 - 操作次數: 10, 錯誤次數: 0, 連接次數: 1
2025-07-17 09:43:12 [DEBUG] VibrationPlate:update_status_registers:460 - 狀態統計 - 操作次數: 10, 錯誤次數: 0, 連接次數: 1
2025-07-17 09:43:42 [DEBUG] VibrationPlate:update_status_registers:460 - 狀態統計 - 操作次數: 10, 錯誤次數: 0, 連接次數: 1
2025-07-17 09:44:12 [DEBUG] VibrationPlate:update_status_registers:460 - 狀態統計 - 操作次數: 10, 錯誤次數: 0, 連接次數: 1
2025-07-17 09:44:42 [DEBUG] VibrationPlate:update_status_registers:460 - 狀態統計 - 操作次數: 10, 錯誤次數: 0, 連接次數: 1
2025-07-17 09:45:13 [DEBUG] VibrationPlate:update_status_registers:460 - 狀態統計 - 操作次數: 10, 錯誤次數: 0, 連接次數: 1
2025-07-17 09:45:43 [DEBUG] VibrationPlate:update_status_registers:460 - 狀態統計 - 操作次數: 10, 錯誤次數: 0, 連接次數: 1
2025-07-17 09:46:13 [DEBUG] VibrationPlate:update_status_registers:460 - 狀態統計 - 操作次數: 10, 錯誤次數: 0, 連接次數: 1
2025-07-17 09:46:43 [DEBUG] VibrationPlate:update_status_registers:460 - 狀態統計 - 操作次數: 10, 錯誤次數: 0, 連接次數: 1
2025-07-17 09:47:14 [DEBUG] VibrationPlate:update_status_registers:460 - 狀態統計 - 操作次數: 10, 錯誤次數: 0, 連接次數: 1
2025-07-17 09:47:44 [DEBUG] VibrationPlate:update_status_registers:460 - 狀態統計 - 操作次數: 10, 錯誤次數: 0, 連接次數: 1
2025-07-17 09:48:14 [DEBUG] VibrationPlate:update_status_registers:460 - 狀態統計 - 操作次數: 10, 錯誤次數: 0, 連接次數: 1
2025-07-17 09:48:45 [DEBUG] VibrationPlate:update_status_registers:460 - 狀態統計 - 操作次數: 10, 錯誤次數: 0, 連接次數: 1
2025-07-17 09:49:15 [DEBUG] VibrationPlate:update_status_registers:460 - 狀態統計 - 操作次數: 10, 錯誤次數: 0, 連接次數: 1
2025-07-17 09:49:45 [DEBUG] VibrationPlate:update_status_registers:460 - 狀態統計 - 操作次數: 10, 錯誤次數: 0, 連接次數: 1
2025-07-17 09:50:15 [DEBUG] VibrationPlate:update_status_registers:460 - 狀態統計 - 操作次數: 10, 錯誤次數: 0, 連接次數: 1
2025-07-17 09:50:45 [DEBUG] VibrationPlate:update_status_registers:460 - 狀態統計 - 操作次數: 10, 錯誤次數: 0, 連接次數: 1
2025-07-17 09:51:16 [DEBUG] VibrationPlate:update_status_registers:460 - 狀態統計 - 操作次數: 10, 錯誤次數: 0, 連接次數: 1
2025-07-17 09:51:46 [DEBUG] VibrationPlate:update_status_registers:460 - 狀態統計 - 操作次數: 10, 錯誤次數: 0, 連接次數: 1
2025-07-17 09:52:16 [DEBUG] VibrationPlate:update_status_registers:460 - 狀態統計 - 操作次數: 10, 錯誤次數: 0, 連接次數: 1
2025-07-17 09:52:47 [DEBUG] VibrationPlate:update_status_registers:460 - 狀態統計 - 操作次數: 10, 錯誤次數: 0, 連接次數: 1
2025-07-17 09:53:17 [DEBUG] VibrationPlate:update_status_registers:460 - 狀態統計 - 操作次數: 10, 錯誤次數: 0, 連接次數: 1
2025-07-17 09:53:47 [DEBUG] VibrationPlate:update_status_registers:460 - 狀態統計 - 操作次數: 10, 錯誤次數: 0, 連接次數: 1
2025-07-17 09:54:17 [DEBUG] VibrationPlate:update_status_registers:460 - 狀態統計 - 操作次數: 10, 錯誤次數: 0, 連接次數: 1
2025-07-17 09:54:48 [DEBUG] VibrationPlate:update_status_registers:460 - 狀態統計 - 操作次數: 10, 錯誤次數: 0, 連接次數: 1
2025-07-17 09:55:18 [DEBUG] VibrationPlate:update_status_registers:460 - 狀態統計 - 操作次數: 10, 錯誤次數: 0, 連接次數: 1
2025-07-17 09:55:48 [DEBUG] VibrationPlate:update_status_registers:460 - 狀態統計 - 操作次數: 10, 錯誤次數: 0, 連接次數: 1
2025-07-17 09:56:18 [DEBUG] VibrationPlate:update_status_registers:460 - 狀態統計 - 操作次數: 10, 錯誤次數: 0, 連接次數: 1
2025-07-17 09:56:49 [DEBUG] VibrationPlate:update_status_registers:460 - 狀態統計 - 操作次數: 10, 錯誤次數: 0, 連接次數: 1
2025-07-17 09:57:19 [DEBUG] VibrationPlate:update_status_registers:460 - 狀態統計 - 操作次數: 10, 錯誤次數: 0, 連接次數: 1
2025-07-17 09:57:49 [DEBUG] VibrationPlate:update_status_registers:460 - 狀態統計 - 操作次數: 10, 錯誤次數: 0, 連接次數: 1
2025-07-17 09:58:19 [DEBUG] VibrationPlate:update_status_registers:460 - 狀態統計 - 操作次數: 10, 錯誤次數: 0, 連接次數: 1
2025-07-17 09:58:50 [DEBUG] VibrationPlate:update_status_registers:460 - 狀態統計 - 操作次數: 10, 錯誤次數: 0, 連接次數: 1
2025-07-17 09:59:20 [DEBUG] VibrationPlate:update_status_registers:460 - 狀態統計 - 操作次數: 10, 錯誤次數: 0, 連接次數: 1
2025-07-17 09:59:50 [DEBUG] VibrationPlate:update_status_registers:460 - 狀態統計 - 操作次數: 10, 錯誤次數: 0, 連接次數: 1
2025-07-17 10:00:20 [DEBUG] VibrationPlate:update_status_registers:460 - 狀態統計 - 操作次數: 10, 錯誤次數: 0, 連接次數: 1
2025-07-17 10:00:51 [DEBUG] VibrationPlate:update_status_registers:460 - 狀態統計 - 操作次數: 10, 錯誤次數: 0, 連接次數: 1
2025-07-17 10:01:21 [DEBUG] VibrationPlate:update_status_registers:460 - 狀態統計 - 操作次數: 10, 錯誤次數: 0, 連接次數: 1
2025-07-17 10:01:51 [DEBUG] VibrationPlate:update_status_registers:460 - 狀態統計 - 操作次數: 10, 錯誤次數: 0, 連接次數: 1
2025-07-17 10:02:21 [DEBUG] VibrationPlate:update_status_registers:460 - 狀態統計 - 操作次數: 10, 錯誤次數: 0, 連接次數: 1
2025-07-17 10:02:52 [DEBUG] VibrationPlate:update_status_registers:460 - 狀態統計 - 操作次數: 10, 錯誤次數: 0, 連接次數: 1
2025-07-17 10:03:22 [DEBUG] VibrationPlate:update_status_registers:460 - 狀態統計 - 操作次數: 10, 錯誤次數: 0, 連接次數: 1
2025-07-17 10:03:52 [DEBUG] VibrationPlate:update_status_registers:460 - 狀態統計 - 操作次數: 10, 錯誤次數: 0, 連接次數: 1
2025-07-17 10:04:22 [DEBUG] VibrationPlate:update_status_registers:460 - 狀態統計 - 操作次數: 10, 錯誤次數: 0, 連接次數: 1
2025-07-17 10:04:33 [INFO] VibrationPlate:signal_handler:670 - 收到停止信號
2025-07-17 10:04:33 [INFO] VibrationPlate:stop:590 - 正在停止震動盤模組...
2025-07-17 10:04:33 [INFO] VibrationPlate:main_loop:555 - 主循環執行緒已停止
2025-07-17 10:04:33 [INFO] VibrationPlate:stop:599 - 震動盤設備已停止並斷開連接
2025-07-17 10:04:33 [DEBUG] VibrationPlate:stop:609 - 狀態寄存器已更新為離線
2025-07-17 10:04:33 [INFO] VibrationPlate:stop:617 - Modbus TCP連接已關閉
2025-07-17 10:04:33 [INFO] VibrationPlate:stop:629 - 震動盤模組已停止
2025-07-17 10:04:33 [INFO] VibrationPlate:stop:590 - 正在停止震動盤模組...
2025-07-17 10:04:34 [INFO] VibrationPlate:signal_handler:670 - 收到停止信號
2025-07-17 10:04:34 [INFO] VibrationPlate:stop:590 - 正在停止震動盤模組...
2025-07-17 10:04:42 [INFO] VibrationPlate:stop:599 - 震動盤設備已停止並斷開連接
2025-07-17 10:04:42 [DEBUG] VibrationPlate:stop:609 - 狀態寄存器已更新為離線
2025-07-17 10:04:42 [INFO] VibrationPlate:stop:617 - Modbus TCP連接已關閉
2025-07-17 10:04:42 [INFO] VibrationPlate:stop:629 - 震動盤模組已停止
2025-07-17 10:04:42 [INFO] VibrationPlate:stop:599 - 震動盤設備已停止並斷開連接
2025-07-17 10:04:42 [DEBUG] VibrationPlate:stop:609 - 狀態寄存器已更新為離線
2025-07-17 10:04:42 [INFO] VibrationPlate:stop:617 - Modbus TCP連接已關閉
2025-07-17 10:04:42 [INFO] VibrationPlate:stop:629 - 震動盤模組已停止
