2025-07-23 17:08:13,336 [INFO] 自動化系統啟動
2025-07-23 17:08:13,337 [INFO] 物件管理器啟動 - 開始初始化子系統
2025-07-23 17:08:13,344 [INFO] Robot類別初始化開始
2025-07-23 17:08:13,345 [INFO] 開始初始化所有子系統
2025-07-23 17:08:13,345 [INFO] 正在初始化CCD1視覺系統...
2025-07-23 17:08:13,917 [INFO] 相機管理器初始化完成 - 頻寬控制版
2025-07-23 17:08:13,917 [INFO] 添加相機 ccd1_camera - IP: 192.168.1.8, 頻寬: 200Mbps
2025-07-23 17:08:14,549 [INFO] 開始配置頻寬控制: 200Mbps
2025-07-23 17:08:14,560 [INFO] ✓ 設置包大小: 1500 bytes
2025-07-23 17:08:14,572 [INFO] ✓ 設置包間延遲: 5000 ticks
2025-07-23 17:08:14,572 [INFO] 頻寬計算: 最大FPS=4.13, 實際FPS=4.13
2025-07-23 17:08:14,574 [INFO] ✓ 重傳參數設置成功
2025-07-23 17:08:14,575 [INFO] ✓ GVSP超時設置: 5000ms
2025-07-23 17:08:14,576 [INFO] ○ 設備不支援直接頻寬限制，使用其他方法控制
2025-07-23 17:08:14,577 [INFO] 頻寬控制配置完成
2025-07-23 17:08:14,599 [WARNING] 設置像素格式失敗: 0x80000106
2025-07-23 17:08:14,609 [INFO] ✓ 曝光時間設置: 20000.0μs
2025-07-23 17:08:14,624 [INFO] ✓ 幀率設置: 5.0 FPS
2025-07-23 17:08:14,630 [INFO] ✓ 觸發模式
2025-07-23 17:08:14,630 [INFO] ✓ 緩存節點: 1 (最新幀模式)
2025-07-23 17:08:14,631 [INFO] ✓ 抓取策略: 僅最新幀
2025-07-23 17:08:14,631 [INFO] 相機 ccd1_camera 參數配置完成
2025-07-23 17:08:14,631 [INFO] 相機 ccd1_camera 連接成功 - 頻寬限制: 200Mbps
2025-07-23 17:08:14,691 [INFO] 相機 ccd1_camera 開始串流 - 5.0FPS
2025-07-23 17:08:15,693 [INFO] CCD1視覺系統初始化成功
2025-07-23 17:08:15,693 [INFO] 正在初始化CCD3角度檢測系統...
2025-07-23 17:08:16,312 [INFO] 開始配置頻寬控制: 200Mbps
2025-07-23 17:08:16,322 [INFO] ✓ 設置包大小: 1500 bytes
2025-07-23 17:08:16,330 [INFO] ✓ 設置包間延遲: 5000 ticks
2025-07-23 17:08:16,330 [INFO] 頻寬計算: 最大FPS=4.13, 實際FPS=4.13
2025-07-23 17:08:16,331 [INFO] ✓ 重傳參數設置成功
2025-07-23 17:08:16,334 [INFO] ✓ GVSP超時設置: 5000ms
2025-07-23 17:08:16,335 [INFO] ○ 設備不支援直接頻寬限制，使用其他方法控制
2025-07-23 17:08:16,335 [INFO] 頻寬控制配置完成
2025-07-23 17:08:16,359 [WARNING] 設置像素格式失敗: 0x80000106
2025-07-23 17:08:16,386 [INFO] ✓ 曝光時間設置: 20000.0μs
2025-07-23 17:08:16,396 [INFO] ✓ 幀率設置: 5.0 FPS
2025-07-23 17:08:16,401 [INFO] ✓ 觸發模式
2025-07-23 17:08:16,401 [INFO] ✓ 緩存節點: 1 (最新幀模式)
2025-07-23 17:08:16,401 [INFO] ✓ 抓取策略: 僅最新幀
2025-07-23 17:08:16,401 [INFO] 相機 ccd3_headless_camera 參數配置完成
2025-07-23 17:08:16,402 [INFO] 相機 ccd3_headless_camera 連接成功 - 頻寬限制: 200Mbps
2025-07-23 17:08:16,430 [INFO] 相機 ccd3_headless_camera 開始串流 - 5.0FPS
2025-07-23 17:08:16,635 [INFO] CCD3角度檢測系統初始化成功
2025-07-23 17:08:16,635 [INFO] 正在初始化震動盤系統...
2025-07-23 17:08:16,794 [INFO] 震動盤系統初始化成功
2025-07-23 17:08:16,795 [INFO] 正在初始化夾爪系統...
2025-07-23 17:08:16,801 [INFO] PGC夾爪API初始化 - 直接串口通信模式
2025-07-23 17:08:16,801 [INFO] 正在連接PGC夾爪串口: COM3
2025-07-23 17:08:16,831 [INFO] PGC夾爪串口連接成功: COM3
2025-07-23 17:08:16,831 [INFO] PGC夾爪連接成功
2025-07-23 17:08:16,831 [INFO] 開始自動初始化PGC夾爪
2025-07-23 17:08:16,832 [INFO] 開始初始化PGC夾爪
2025-07-23 17:08:19,885 [INFO] PGC夾爪初始化成功，耗時: 3.053秒
2025-07-23 17:08:19,885 [INFO] PGC夾爪初始化成功
2025-07-23 17:08:19,885 [INFO] 夾爪系統初始化成功
2025-07-23 17:08:19,886 [INFO] 正在初始化Dobot機械臂...
2025-07-23 17:08:19,962 [INFO] Dobot連接成功: 192.168.1.6
2025-07-23 17:08:21,170 [INFO] 機械臂使能成功
2025-07-23 17:08:21,170 [INFO] 機械臂自動使能成功
2025-07-23 17:08:21,171 [INFO] Dobot機械臂初始化成功
2025-07-23 17:08:21,178 [INFO] 碰撞檢測等級設定為: 3
2025-07-23 17:08:21,178 [INFO] 碰撞檢測等級設置為: 3
2025-07-23 17:08:21,178 [INFO] 系統初始化完成: 5/5 個子系統成功
2025-07-23 17:08:21,179 [INFO] 開始初始化所有子系統
2025-07-23 17:08:21,179 [WARNING] CCD1已經初始化
2025-07-23 17:08:21,179 [WARNING] CCD3已經初始化
2025-07-23 17:08:21,179 [WARNING] VP已經初始化
2025-07-23 17:08:21,180 [WARNING] Gripper已經初始化
2025-07-23 17:08:21,180 [WARNING] Dobot已經初始化
2025-07-23 17:08:21,180 [INFO] 系統初始化完成: 5/5 個子系統成功
2025-07-23 17:08:22,390 [INFO] 機械臂使能成功
2025-07-23 17:08:22,390 [INFO] 機械臂連接並使能成功
2025-07-23 17:08:22,390 [INFO] PGC夾爪快速關閉
2025-07-23 17:08:23,211 [INFO] PGC快速關閉成功，耗時: 0.822秒
2025-07-23 17:08:23,211 [INFO] 夾爪連接並關閉成功
2025-07-23 17:08:23,317 [INFO] CCD1連接並設定模型1成功
2025-07-23 17:08:23,317 [INFO] CCD3連接並初始化成功
2025-07-23 17:08:23,318 [INFO] 載入機械臂點位成功，共9個點位
2025-07-23 17:08:23,318 [INFO] 物件管理器初始化完成
2025-07-23 17:08:23,319 [INFO] 參數設定事件啟動
2025-07-23 17:08:23,423 [INFO] CCD1模型切換到: 1
2025-07-23 17:08:23,423 [INFO] PGC智能釋放到位置: 360
2025-07-23 17:08:23,788 [INFO] PGC智能釋放成功，耗時: 0.363秒
2025-07-23 17:08:23,788 [INFO] 夾爪開度設定為: 360
2025-07-23 17:08:23,789 [INFO] 震動盤參數設定 - 強度:60, 頻率:100
2025-07-23 17:08:23,789 [INFO] 參數設定完成
2025-07-23 17:08:23,790 [INFO] 自動進料事件啟動
2025-07-23 17:08:29,212 [INFO] 使用上次CCD1檢測結果獲取座標
2025-07-23 17:08:29,213 [INFO] CCD1座標獲取成功: 像素座標2類
2025-07-23 17:08:29,213 [INFO] 檢測結果 - 標籤0:0, 標籤1:0, 標籤2:0
2025-07-23 17:08:29,213 [INFO] 執行震動進料控制
2025-07-23 17:08:29,213 [INFO] 開始震動進料控制
2025-07-23 17:08:29,213 [INFO] 震動進料參數:
2025-07-23 17:08:29,213 [INFO]   DO4持續時間: 2.0秒
2025-07-23 17:08:29,213 [INFO]   DO1延遲百分比: 30%
2025-07-23 17:08:29,214 [INFO]   DO1實際延遲: 0.60秒
2025-07-23 17:08:29,214 [INFO]   DO1脈衝次數: 1次
2025-07-23 17:08:29,214 [INFO]   DO1脈衝週期: HIGH=0.3s, LOW=0.3s
2025-07-23 17:08:29,214 [INFO] 啟動DO4投料使能
2025-07-23 17:08:29,221 [INFO] DO4啟動結果: 0,{},DOExecute(4,1);
2025-07-23 17:08:29,221 [INFO] DO4將持續2.0秒
2025-07-23 17:08:29,222 [INFO] DO1等待延遲0.60秒
2025-07-23 17:08:29,222 [INFO] 等待震動進料完成 (預計2.5秒)
2025-07-23 17:08:29,823 [INFO] DO1開始執行1次脈衝
2025-07-23 17:08:29,830 [INFO] DO1脈衝1 HIGH: 0,{},DOExecute(1,1);
2025-07-23 17:08:30,137 [INFO] DO1脈衝1 LOW: 0,{},DOExecute(1,0);
2025-07-23 17:08:30,439 [INFO] DO1脈衝控制完成
2025-07-23 17:08:31,229 [INFO] DO4自動關閉結果: 0,{},DOExecute(4,0);
2025-07-23 17:08:31,746 [INFO] 確保所有DO輸出關閉
2025-07-23 17:08:31,757 [INFO] 震動進料完成，實際耗時: 2.53秒
2025-07-23 17:08:31,757 [INFO] 重試第1次
2025-07-23 17:08:32,535 [INFO] 使用上次CCD1檢測結果獲取座標
2025-07-23 17:08:32,535 [INFO] CCD1座標獲取成功: 像素座標2類
2025-07-23 17:08:32,536 [INFO] 檢測結果 - 標籤0:0, 標籤1:0, 標籤2:0
2025-07-23 17:08:32,536 [INFO] 執行震動進料控制
2025-07-23 17:08:32,536 [INFO] 開始震動進料控制
2025-07-23 17:08:32,536 [INFO] 震動進料參數:
2025-07-23 17:08:32,536 [INFO]   DO4持續時間: 2.0秒
2025-07-23 17:08:32,536 [INFO]   DO1延遲百分比: 30%
2025-07-23 17:08:32,536 [INFO]   DO1實際延遲: 0.60秒
2025-07-23 17:08:32,536 [INFO]   DO1脈衝次數: 1次
2025-07-23 17:08:32,537 [INFO]   DO1脈衝週期: HIGH=0.3s, LOW=0.3s
2025-07-23 17:08:32,537 [INFO] 啟動DO4投料使能
2025-07-23 17:08:32,545 [INFO] DO4啟動結果: 0,{},DOExecute(4,1);
2025-07-23 17:08:32,545 [INFO] DO4將持續2.0秒
2025-07-23 17:08:32,546 [INFO] DO1等待延遲0.60秒
2025-07-23 17:08:32,546 [INFO] 等待震動進料完成 (預計2.5秒)
2025-07-23 17:08:33,147 [INFO] DO1開始執行1次脈衝
2025-07-23 17:08:33,153 [INFO] DO1脈衝1 HIGH: 0,{},DOExecute(1,1);
2025-07-23 17:08:33,461 [INFO] DO1脈衝1 LOW: 0,{},DOExecute(1,0);
2025-07-23 17:08:33,763 [INFO] DO1脈衝控制完成
2025-07-23 17:08:34,553 [INFO] DO4自動關閉結果: 0,{},DOExecute(4,0);
2025-07-23 17:08:35,069 [INFO] 確保所有DO輸出關閉
2025-07-23 17:08:35,081 [INFO] 震動進料完成，實際耗時: 2.53秒
2025-07-23 17:08:35,081 [INFO] 重試第2次
2025-07-23 17:08:35,849 [INFO] 使用上次CCD1檢測結果獲取座標
2025-07-23 17:08:35,849 [INFO] CCD1座標獲取成功: 像素座標2類
2025-07-23 17:08:35,849 [INFO] 檢測結果 - 標籤0:0, 標籤1:0, 標籤2:0
2025-07-23 17:08:35,849 [INFO] 執行震動進料控制
2025-07-23 17:08:35,849 [INFO] 開始震動進料控制
2025-07-23 17:08:35,849 [INFO] 震動進料參數:
2025-07-23 17:08:35,850 [INFO]   DO4持續時間: 2.0秒
2025-07-23 17:08:35,850 [INFO]   DO1延遲百分比: 30%
2025-07-23 17:08:35,850 [INFO]   DO1實際延遲: 0.60秒
2025-07-23 17:08:35,850 [INFO]   DO1脈衝次數: 1次
2025-07-23 17:08:35,850 [INFO]   DO1脈衝週期: HIGH=0.3s, LOW=0.3s
2025-07-23 17:08:35,850 [INFO] 啟動DO4投料使能
2025-07-23 17:08:35,857 [INFO] DO4啟動結果: 0,{},DOExecute(4,1);
2025-07-23 17:08:35,858 [INFO] DO4將持續2.0秒
2025-07-23 17:08:35,858 [INFO] DO1等待延遲0.60秒
2025-07-23 17:08:35,858 [INFO] 等待震動進料完成 (預計2.5秒)
2025-07-23 17:08:36,460 [INFO] DO1開始執行1次脈衝
2025-07-23 17:08:36,465 [INFO] DO1脈衝1 HIGH: 0,{},DOExecute(1,1);
2025-07-23 17:08:36,774 [INFO] DO1脈衝1 LOW: 0,{},DOExecute(1,0);
2025-07-23 17:08:37,076 [INFO] DO1脈衝控制完成
2025-07-23 17:08:37,865 [INFO] DO4自動關閉結果: 0,{},DOExecute(4,0);
2025-07-23 17:08:38,382 [INFO] 確保所有DO輸出關閉
2025-07-23 17:08:38,398 [INFO] 震動進料完成，實際耗時: 2.54秒
2025-07-23 17:08:38,398 [INFO] 重試第3次
2025-07-23 17:08:39,179 [INFO] 使用上次CCD1檢測結果獲取座標
2025-07-23 17:08:39,179 [INFO] CCD1座標獲取成功: 像素座標2類
2025-07-23 17:08:39,179 [INFO] 檢測結果 - 標籤0:0, 標籤1:0, 標籤2:0
2025-07-23 17:08:39,180 [INFO] 執行震動進料控制
2025-07-23 17:08:39,180 [INFO] 開始震動進料控制
2025-07-23 17:08:39,180 [INFO] 震動進料參數:
2025-07-23 17:08:39,180 [INFO]   DO4持續時間: 2.0秒
2025-07-23 17:08:39,180 [INFO]   DO1延遲百分比: 30%
2025-07-23 17:08:39,180 [INFO]   DO1實際延遲: 0.60秒
2025-07-23 17:08:39,180 [INFO]   DO1脈衝次數: 1次
2025-07-23 17:08:39,181 [INFO]   DO1脈衝週期: HIGH=0.3s, LOW=0.3s
2025-07-23 17:08:39,181 [INFO] 啟動DO4投料使能
2025-07-23 17:08:39,189 [INFO] DO4啟動結果: 0,{},DOExecute(4,1);
2025-07-23 17:08:39,189 [INFO] DO4將持續2.0秒
2025-07-23 17:08:39,189 [INFO] DO1等待延遲0.60秒
2025-07-23 17:08:39,189 [INFO] 等待震動進料完成 (預計2.5秒)
2025-07-23 17:08:39,791 [INFO] DO1開始執行1次脈衝
2025-07-23 17:08:39,796 [INFO] DO1脈衝1 HIGH: 0,{},DOExecute(1,1);
2025-07-23 17:08:40,104 [INFO] DO1脈衝1 LOW: 0,{},DOExecute(1,0);
2025-07-23 17:08:40,406 [INFO] DO1脈衝控制完成
2025-07-23 17:08:41,197 [INFO] DO4自動關閉結果: 0,{},DOExecute(4,0);
2025-07-23 17:08:41,714 [INFO] 確保所有DO輸出關閉
2025-07-23 17:08:41,725 [INFO] 震動進料完成，實際耗時: 2.53秒
2025-07-23 17:08:41,725 [INFO] 重試第4次
2025-07-23 17:08:42,492 [INFO] 使用上次CCD1檢測結果獲取座標
2025-07-23 17:08:42,493 [INFO] CCD1座標獲取成功: 像素座標2類
2025-07-23 17:08:42,493 [INFO] 檢測結果 - 標籤0:0, 標籤1:0, 標籤2:0
2025-07-23 17:08:42,493 [INFO] 執行震動進料控制
2025-07-23 17:08:42,493 [INFO] 開始震動進料控制
2025-07-23 17:08:42,493 [INFO] 震動進料參數:
2025-07-23 17:08:42,493 [INFO]   DO4持續時間: 2.0秒
2025-07-23 17:08:42,494 [INFO]   DO1延遲百分比: 30%
2025-07-23 17:08:42,494 [INFO]   DO1實際延遲: 0.60秒
2025-07-23 17:08:42,494 [INFO]   DO1脈衝次數: 1次
2025-07-23 17:08:42,494 [INFO]   DO1脈衝週期: HIGH=0.3s, LOW=0.3s
2025-07-23 17:08:42,494 [INFO] 啟動DO4投料使能
2025-07-23 17:08:42,501 [INFO] DO4啟動結果: 0,{},DOExecute(4,1);
2025-07-23 17:08:42,502 [INFO] DO4將持續2.0秒
2025-07-23 17:08:42,502 [INFO] DO1等待延遲0.60秒
2025-07-23 17:08:42,502 [INFO] 等待震動進料完成 (預計2.5秒)
2025-07-23 17:08:43,103 [INFO] DO1開始執行1次脈衝
2025-07-23 17:08:43,108 [INFO] DO1脈衝1 HIGH: 0,{},DOExecute(1,1);
2025-07-23 17:08:43,417 [INFO] DO1脈衝1 LOW: 0,{},DOExecute(1,0);
2025-07-23 17:08:43,718 [INFO] DO1脈衝控制完成
2025-07-23 17:08:44,509 [INFO] DO4自動關閉結果: 0,{},DOExecute(4,0);
2025-07-23 17:08:45,026 [INFO] 確保所有DO輸出關閉
2025-07-23 17:08:45,038 [INFO] 震動進料完成，實際耗時: 2.54秒
2025-07-23 17:08:45,038 [INFO] 重試第5次
2025-07-23 17:08:45,805 [INFO] 使用上次CCD1檢測結果獲取座標
2025-07-23 17:08:45,806 [INFO] CCD1座標獲取成功: 像素座標2類
2025-07-23 17:08:45,806 [INFO] 檢測結果 - 標籤0:0, 標籤1:0, 標籤2:0
2025-07-23 17:08:45,806 [INFO] 執行震動進料控制
2025-07-23 17:08:45,806 [INFO] 開始震動進料控制
2025-07-23 17:08:45,807 [INFO] 震動進料參數:
2025-07-23 17:08:45,807 [INFO]   DO4持續時間: 2.0秒
2025-07-23 17:08:45,807 [INFO]   DO1延遲百分比: 30%
2025-07-23 17:08:45,807 [INFO]   DO1實際延遲: 0.60秒
2025-07-23 17:08:45,807 [INFO]   DO1脈衝次數: 1次
2025-07-23 17:08:45,808 [INFO]   DO1脈衝週期: HIGH=0.3s, LOW=0.3s
2025-07-23 17:08:45,808 [INFO] 啟動DO4投料使能
2025-07-23 17:08:45,813 [INFO] DO4啟動結果: 0,{},DOExecute(4,1);
2025-07-23 17:08:45,814 [INFO] DO4將持續2.0秒
2025-07-23 17:08:45,814 [INFO] DO1等待延遲0.60秒
2025-07-23 17:08:45,814 [INFO] 等待震動進料完成 (預計2.5秒)
2025-07-23 17:08:46,415 [INFO] DO1開始執行1次脈衝
2025-07-23 17:08:46,421 [INFO] DO1脈衝1 HIGH: 0,{},DOExecute(1,1);
2025-07-23 17:08:46,729 [INFO] DO1脈衝1 LOW: 0,{},DOExecute(1,0);
2025-07-23 17:08:47,030 [INFO] DO1脈衝控制完成
2025-07-23 17:08:47,821 [INFO] DO4自動關閉結果: 0,{},DOExecute(4,0);
2025-07-23 17:08:48,339 [INFO] 確保所有DO輸出關閉
2025-07-23 17:08:48,349 [INFO] 震動進料完成，實際耗時: 2.53秒
2025-07-23 17:08:48,350 [INFO] 重試第6次
2025-07-23 17:08:49,118 [INFO] 使用上次CCD1檢測結果獲取座標
2025-07-23 17:08:49,118 [INFO] CCD1座標獲取成功: 像素座標2類
2025-07-23 17:08:49,118 [INFO] 檢測結果 - 標籤0:0, 標籤1:0, 標籤2:0
2025-07-23 17:08:49,119 [INFO] 執行震動進料控制
2025-07-23 17:08:49,119 [INFO] 開始震動進料控制
2025-07-23 17:08:49,119 [INFO] 震動進料參數:
2025-07-23 17:08:49,119 [INFO]   DO4持續時間: 2.0秒
2025-07-23 17:08:49,119 [INFO]   DO1延遲百分比: 30%
2025-07-23 17:08:49,120 [INFO]   DO1實際延遲: 0.60秒
2025-07-23 17:08:49,120 [INFO]   DO1脈衝次數: 1次
2025-07-23 17:08:49,120 [INFO]   DO1脈衝週期: HIGH=0.3s, LOW=0.3s
2025-07-23 17:08:49,120 [INFO] 啟動DO4投料使能
2025-07-23 17:08:49,124 [INFO] DO4啟動結果: 0,{},DOExecute(4,1);
2025-07-23 17:08:49,125 [INFO] DO4將持續2.0秒
2025-07-23 17:08:49,125 [INFO] DO1等待延遲0.60秒
2025-07-23 17:08:49,125 [INFO] 等待震動進料完成 (預計2.5秒)
2025-07-23 17:08:49,727 [INFO] DO1開始執行1次脈衝
2025-07-23 17:08:49,732 [INFO] DO1脈衝1 HIGH: 0,{},DOExecute(1,1);
2025-07-23 17:08:50,040 [INFO] DO1脈衝1 LOW: 0,{},DOExecute(1,0);
2025-07-23 17:08:50,342 [INFO] DO1脈衝控制完成
2025-07-23 17:08:51,132 [INFO] DO4自動關閉結果: 0,{},DOExecute(4,0);
2025-07-23 17:08:51,650 [INFO] 確保所有DO輸出關閉
2025-07-23 17:08:51,665 [INFO] 震動進料完成，實際耗時: 2.54秒
2025-07-23 17:08:51,665 [INFO] 重試第7次
2025-07-23 17:08:52,435 [INFO] 使用上次CCD1檢測結果獲取座標
2025-07-23 17:08:52,436 [INFO] CCD1座標獲取成功: 像素座標2類
2025-07-23 17:08:52,436 [INFO] 檢測結果 - 標籤0:0, 標籤1:0, 標籤2:0
2025-07-23 17:08:52,436 [INFO] 執行震動進料控制
2025-07-23 17:08:52,436 [INFO] 開始震動進料控制
2025-07-23 17:08:52,437 [INFO] 震動進料參數:
2025-07-23 17:08:52,437 [INFO]   DO4持續時間: 2.0秒
2025-07-23 17:08:52,437 [INFO]   DO1延遲百分比: 30%
2025-07-23 17:08:52,437 [INFO]   DO1實際延遲: 0.60秒
2025-07-23 17:08:52,437 [INFO]   DO1脈衝次數: 1次
2025-07-23 17:08:52,437 [INFO]   DO1脈衝週期: HIGH=0.3s, LOW=0.3s
2025-07-23 17:08:52,438 [INFO] 啟動DO4投料使能
2025-07-23 17:08:52,445 [INFO] DO4啟動結果: 0,{},DOExecute(4,1);
2025-07-23 17:08:52,446 [INFO] DO4將持續2.0秒
2025-07-23 17:08:52,446 [INFO] DO1等待延遲0.60秒
2025-07-23 17:08:52,446 [INFO] 等待震動進料完成 (預計2.5秒)
2025-07-23 17:08:53,047 [INFO] DO1開始執行1次脈衝
2025-07-23 17:08:53,053 [INFO] DO1脈衝1 HIGH: 0,{},DOExecute(1,1);
2025-07-23 17:08:53,360 [INFO] DO1脈衝1 LOW: 0,{},DOExecute(1,0);
2025-07-23 17:08:53,661 [INFO] DO1脈衝控制完成
2025-07-23 17:08:54,452 [INFO] DO4自動關閉結果: 0,{},DOExecute(4,0);
2025-07-23 17:08:54,970 [INFO] 確保所有DO輸出關閉
2025-07-23 17:08:54,984 [INFO] 震動進料完成，實際耗時: 2.54秒
2025-07-23 17:08:54,984 [INFO] 重試第8次
2025-07-23 17:08:55,753 [INFO] 使用上次CCD1檢測結果獲取座標
2025-07-23 17:08:55,753 [INFO] CCD1座標獲取成功: 像素座標2類
2025-07-23 17:08:55,753 [INFO] 檢測結果 - 標籤0:0, 標籤1:0, 標籤2:0
2025-07-23 17:08:55,754 [INFO] 執行震動進料控制
2025-07-23 17:08:55,754 [INFO] 開始震動進料控制
2025-07-23 17:08:55,754 [INFO] 震動進料參數:
2025-07-23 17:08:55,754 [INFO]   DO4持續時間: 2.0秒
2025-07-23 17:08:55,754 [INFO]   DO1延遲百分比: 30%
2025-07-23 17:08:55,754 [INFO]   DO1實際延遲: 0.60秒
2025-07-23 17:08:55,754 [INFO]   DO1脈衝次數: 1次
2025-07-23 17:08:55,754 [INFO]   DO1脈衝週期: HIGH=0.3s, LOW=0.3s
2025-07-23 17:08:55,754 [INFO] 啟動DO4投料使能
2025-07-23 17:08:55,761 [INFO] DO4啟動結果: 0,{},DOExecute(4,1);
2025-07-23 17:08:55,762 [INFO] DO4將持續2.0秒
2025-07-23 17:08:55,762 [INFO] DO1等待延遲0.60秒
2025-07-23 17:08:55,762 [INFO] 等待震動進料完成 (預計2.5秒)
2025-07-23 17:08:56,363 [INFO] DO1開始執行1次脈衝
2025-07-23 17:08:56,368 [INFO] DO1脈衝1 HIGH: 0,{},DOExecute(1,1);
2025-07-23 17:08:56,676 [INFO] DO1脈衝1 LOW: 0,{},DOExecute(1,0);
2025-07-23 17:08:56,978 [INFO] DO1脈衝控制完成
2025-07-23 17:08:57,768 [INFO] DO4自動關閉結果: 0,{},DOExecute(4,0);
2025-07-23 17:08:58,285 [INFO] 確保所有DO輸出關閉
2025-07-23 17:08:58,297 [INFO] 震動進料完成，實際耗時: 2.54秒
2025-07-23 17:08:58,298 [INFO] 重試第9次
2025-07-23 17:08:59,072 [INFO] 使用上次CCD1檢測結果獲取座標
2025-07-23 17:08:59,072 [INFO] CCD1座標獲取成功: 像素座標2類
2025-07-23 17:08:59,072 [INFO] 檢測結果 - 標籤0:0, 標籤1:0, 標籤2:0
2025-07-23 17:08:59,072 [INFO] 執行震動進料控制
2025-07-23 17:08:59,072 [INFO] 開始震動進料控制
2025-07-23 17:08:59,073 [INFO] 震動進料參數:
2025-07-23 17:08:59,073 [INFO]   DO4持續時間: 2.0秒
2025-07-23 17:08:59,073 [INFO]   DO1延遲百分比: 30%
2025-07-23 17:08:59,073 [INFO]   DO1實際延遲: 0.60秒
2025-07-23 17:08:59,073 [INFO]   DO1脈衝次數: 1次
2025-07-23 17:08:59,074 [INFO]   DO1脈衝週期: HIGH=0.3s, LOW=0.3s
2025-07-23 17:08:59,074 [INFO] 啟動DO4投料使能
2025-07-23 17:08:59,080 [INFO] DO4啟動結果: 0,{},DOExecute(4,1);
2025-07-23 17:08:59,081 [INFO] DO4將持續2.0秒
2025-07-23 17:08:59,081 [INFO] DO1等待延遲0.60秒
2025-07-23 17:08:59,081 [INFO] 等待震動進料完成 (預計2.5秒)
2025-07-23 17:08:59,683 [INFO] DO1開始執行1次脈衝
2025-07-23 17:08:59,689 [INFO] DO1脈衝1 HIGH: 0,{},DOExecute(1,1);
2025-07-23 17:08:59,997 [INFO] DO1脈衝1 LOW: 0,{},DOExecute(1,0);
2025-07-23 17:09:00,298 [INFO] DO1脈衝控制完成
2025-07-23 17:09:01,088 [INFO] DO4自動關閉結果: 0,{},DOExecute(4,0);
2025-07-23 17:09:01,605 [INFO] 確保所有DO輸出關閉
2025-07-23 17:09:01,621 [INFO] 震動進料完成，實際耗時: 2.54秒
2025-07-23 17:09:01,621 [INFO] 重試第10次
2025-07-23 17:09:02,122 [ERROR] 連續10次檢測無標籤0物件，設定原物料狀態為沒料
2025-07-23 17:09:02,122 [INFO] 收到中斷信號，正在關閉系統
2025-07-23 17:09:02,122 [WARNING] 執行緊急停止
2025-07-23 17:09:02,283 [INFO] 開始斷開所有系統連接
2025-07-23 17:09:02,284 [INFO] 開始關閉相機管理器...
2025-07-23 17:09:02,309 [INFO] 相機 ccd1_camera 停止串流
2025-07-23 17:09:02,387 [INFO] 相機 ccd1_camera 已斷開
2025-07-23 17:14:37,630 [INFO] 自動化系統啟動
2025-07-23 17:14:37,630 [INFO] 物件管理器啟動 - 開始初始化子系統
2025-07-23 17:14:37,631 [INFO] Robot類別初始化開始
2025-07-23 17:14:37,631 [INFO] 開始初始化所有子系統
2025-07-23 17:14:37,631 [INFO] 正在初始化CCD1視覺系統...
2025-07-23 17:14:37,955 [INFO] 相機管理器初始化完成 - 頻寬控制版
2025-07-23 17:14:37,955 [INFO] 添加相機 ccd1_camera - IP: 192.168.1.8, 頻寬: 200Mbps
2025-07-23 17:14:38,579 [INFO] 開始配置頻寬控制: 200Mbps
2025-07-23 17:14:38,589 [INFO] ✓ 設置包大小: 1500 bytes
2025-07-23 17:14:38,596 [INFO] ✓ 設置包間延遲: 5000 ticks
2025-07-23 17:14:38,597 [INFO] 頻寬計算: 最大FPS=4.13, 實際FPS=4.13
2025-07-23 17:14:38,597 [INFO] ✓ 重傳參數設置成功
2025-07-23 17:14:38,598 [INFO] ✓ GVSP超時設置: 5000ms
2025-07-23 17:14:38,601 [INFO] ○ 設備不支援直接頻寬限制，使用其他方法控制
2025-07-23 17:14:38,601 [INFO] 頻寬控制配置完成
2025-07-23 17:14:38,634 [WARNING] 設置像素格式失敗: 0x80000106
2025-07-23 17:14:38,645 [INFO] ✓ 曝光時間設置: 20000.0μs
2025-07-23 17:14:38,654 [INFO] ✓ 幀率設置: 5.0 FPS
2025-07-23 17:14:38,659 [INFO] ✓ 觸發模式
2025-07-23 17:14:38,660 [INFO] ✓ 緩存節點: 1 (最新幀模式)
2025-07-23 17:14:38,660 [INFO] ✓ 抓取策略: 僅最新幀
2025-07-23 17:14:38,660 [INFO] 相機 ccd1_camera 參數配置完成
2025-07-23 17:14:38,660 [INFO] 相機 ccd1_camera 連接成功 - 頻寬限制: 200Mbps
2025-07-23 17:14:38,690 [INFO] 相機 ccd1_camera 開始串流 - 5.0FPS
2025-07-23 17:14:39,692 [INFO] CCD1視覺系統初始化成功
2025-07-23 17:14:39,693 [INFO] 正在初始化CCD3角度檢測系統...
2025-07-23 17:14:40,335 [INFO] 開始配置頻寬控制: 200Mbps
2025-07-23 17:14:40,349 [INFO] ✓ 設置包大小: 1500 bytes
2025-07-23 17:14:40,357 [INFO] ✓ 設置包間延遲: 5000 ticks
2025-07-23 17:14:40,357 [INFO] 頻寬計算: 最大FPS=4.13, 實際FPS=4.13
2025-07-23 17:14:40,358 [INFO] ✓ 重傳參數設置成功
2025-07-23 17:14:40,359 [INFO] ✓ GVSP超時設置: 5000ms
2025-07-23 17:14:40,360 [INFO] ○ 設備不支援直接頻寬限制，使用其他方法控制
2025-07-23 17:14:40,360 [INFO] 頻寬控制配置完成
2025-07-23 17:14:40,380 [WARNING] 設置像素格式失敗: 0x80000106
2025-07-23 17:14:40,392 [INFO] ✓ 曝光時間設置: 20000.0μs
2025-07-23 17:14:40,404 [INFO] ✓ 幀率設置: 5.0 FPS
2025-07-23 17:14:40,409 [INFO] ✓ 觸發模式
2025-07-23 17:14:40,409 [INFO] ✓ 緩存節點: 1 (最新幀模式)
2025-07-23 17:14:40,409 [INFO] ✓ 抓取策略: 僅最新幀
2025-07-23 17:14:40,409 [INFO] 相機 ccd3_headless_camera 參數配置完成
2025-07-23 17:14:40,410 [INFO] 相機 ccd3_headless_camera 連接成功 - 頻寬限制: 200Mbps
2025-07-23 17:14:40,436 [INFO] 相機 ccd3_headless_camera 開始串流 - 5.0FPS
2025-07-23 17:14:40,641 [INFO] CCD3角度檢測系統初始化成功
2025-07-23 17:14:40,642 [INFO] 正在初始化震動盤系統...
2025-07-23 17:14:40,841 [INFO] 震動盤系統初始化成功
2025-07-23 17:14:40,841 [INFO] 正在初始化夾爪系統...
2025-07-23 17:14:40,842 [INFO] PGC夾爪API初始化 - 直接串口通信模式
2025-07-23 17:14:40,842 [INFO] 正在連接PGC夾爪串口: COM3
2025-07-23 17:14:40,871 [INFO] PGC夾爪串口連接成功: COM3
2025-07-23 17:14:40,871 [INFO] PGC夾爪連接成功
2025-07-23 17:14:40,871 [INFO] 開始自動初始化PGC夾爪
2025-07-23 17:14:40,872 [INFO] 開始初始化PGC夾爪
2025-07-23 17:14:42,853 [INFO] PGC夾爪初始化成功，耗時: 1.981秒
2025-07-23 17:14:42,853 [INFO] PGC夾爪初始化成功
2025-07-23 17:14:42,854 [INFO] 夾爪系統初始化成功
2025-07-23 17:14:42,854 [INFO] 正在初始化Dobot機械臂...
2025-07-23 17:14:42,861 [INFO] Dobot連接成功: 192.168.1.6
2025-07-23 17:14:44,085 [INFO] 機械臂使能成功
2025-07-23 17:14:44,086 [INFO] 機械臂自動使能成功
2025-07-23 17:14:44,086 [INFO] Dobot機械臂初始化成功
2025-07-23 17:14:44,093 [INFO] 碰撞檢測等級設定為: 3
2025-07-23 17:14:44,093 [INFO] 碰撞檢測等級設置為: 3
2025-07-23 17:14:44,094 [INFO] 系統初始化完成: 5/5 個子系統成功
2025-07-23 17:14:44,094 [INFO] 開始初始化所有子系統
2025-07-23 17:14:44,094 [WARNING] CCD1已經初始化
2025-07-23 17:14:44,094 [WARNING] CCD3已經初始化
2025-07-23 17:14:44,095 [WARNING] VP已經初始化
2025-07-23 17:14:44,095 [WARNING] Gripper已經初始化
2025-07-23 17:14:44,095 [WARNING] Dobot已經初始化
2025-07-23 17:14:44,095 [INFO] 系統初始化完成: 5/5 個子系統成功
2025-07-23 17:14:45,301 [INFO] 機械臂使能成功
2025-07-23 17:14:45,301 [INFO] 機械臂連接並使能成功
2025-07-23 17:14:45,301 [INFO] PGC夾爪快速關閉
2025-07-23 17:14:46,133 [INFO] PGC快速關閉成功，耗時: 0.831秒
2025-07-23 17:14:46,133 [INFO] 夾爪連接並關閉成功
2025-07-23 17:14:46,242 [INFO] CCD1連接並設定模型1成功
2025-07-23 17:14:46,242 [INFO] CCD3連接並初始化成功
2025-07-23 17:14:46,243 [INFO] 載入機械臂點位成功，共9個點位
2025-07-23 17:14:46,243 [INFO] 物件管理器初始化完成
2025-07-23 17:14:46,244 [INFO] 參數設定事件啟動
2025-07-23 17:14:46,348 [INFO] CCD1模型切換到: 1
2025-07-23 17:14:46,349 [INFO] PGC智能釋放到位置: 360
2025-07-23 17:14:46,709 [INFO] PGC智能釋放成功，耗時: 0.360秒
2025-07-23 17:14:46,709 [INFO] 夾爪開度設定為: 360
2025-07-23 17:14:46,710 [INFO] 震動盤參數設定 - 強度:60, 頻率:100
2025-07-23 17:14:46,710 [INFO] 參數設定完成
2025-07-23 17:14:46,710 [INFO] 自動進料事件啟動
2025-07-23 17:14:52,977 [INFO] CCD1檢測成功: {1: 50, 0: 11}
2025-07-23 17:14:52,977 [INFO] 使用上次CCD1檢測結果獲取座標
2025-07-23 17:14:52,978 [INFO] CCD1座標獲取成功: 像素座標2類
2025-07-23 17:14:52,978 [INFO] 檢測結果 - DR_F(標籤0):11, STACK(標籤1):50
2025-07-23 17:14:52,978 [INFO] 物料準備完成 - DR_F數量:11, 實際座標:11個
2025-07-23 17:14:52,979 [INFO] 機械臂上料事件啟動(Flow1流程)
2025-07-23 17:14:52,979 [INFO] 處理第1個物件，座標:(-1.24, 249.90)
2025-07-23 17:14:53,069 [INFO] 關節運動到座標: (223.14, 189.28, 238.86, 83.37)
2025-07-23 17:14:53,384 [INFO] 運動同步完成
2025-07-23 17:14:53,384 [INFO] 移動到standby完成
2025-07-23 17:14:53,393 [INFO] 關節運動到座標: (-25.23, 291.51, 238.86, 137.11)
2025-07-23 17:14:54,075 [INFO] 運動同步完成
2025-07-23 17:14:54,076 [INFO] 移動到VP_TOPSIDE完成
2025-07-23 17:14:54,076 [ERROR] Flow1流程執行異常: 'Robot' object has no attribute 'dobot_movl_coord'
2025-07-23 17:14:54,076 [INFO] 機械臂組裝事件啟動(Flow2流程)
2025-07-23 17:14:59,077 [INFO] 開始組裝流程，使用角度: 45.00°
2025-07-23 17:14:59,077 [ERROR] Flow2流程執行異常: DobotController.joint_movj() takes 2 positional arguments but 5 were given
2025-07-23 17:14:59,077 [INFO] 一輪生產循環完成
2025-07-23 17:14:59,077 [INFO] 機械臂上料事件啟動(Flow1流程)
2025-07-23 17:14:59,078 [INFO] 處理第1個物件，座標:(-1.24, 249.90)
2025-07-23 17:14:59,181 [INFO] 關節運動到座標: (223.14, 189.28, 238.86, 83.37)
2025-07-23 17:14:59,877 [INFO] 運動同步完成
2025-07-23 17:14:59,877 [INFO] 移動到standby完成
2025-07-23 17:14:59,885 [INFO] 關節運動到座標: (-25.23, 291.51, 238.86, 137.11)
2025-07-23 17:15:00,575 [INFO] 運動同步完成
2025-07-23 17:15:00,575 [INFO] 移動到VP_TOPSIDE完成
2025-07-23 17:15:00,575 [ERROR] Flow1流程執行異常: 'Robot' object has no attribute 'dobot_movl_coord'
2025-07-23 17:15:00,576 [INFO] 機械臂組裝事件啟動(Flow2流程)
2025-07-23 17:15:05,576 [INFO] 開始組裝流程，使用角度: 45.00°
2025-07-23 17:15:05,576 [ERROR] Flow2流程執行異常: DobotController.joint_movj() takes 2 positional arguments but 5 were given
2025-07-23 17:15:05,576 [INFO] 收到中斷信號，正在關閉系統
2025-07-23 17:15:05,576 [WARNING] 執行緊急停止
2025-07-23 17:15:05,577 [WARNING] 機械臂緊急停止
2025-07-23 17:15:05,752 [INFO] 停止PGC夾爪動作
2025-07-23 17:15:05,772 [WARNING] 緊急停止完成: 3 個系統成功停止
2025-07-23 17:15:05,772 [INFO] 開始斷開所有系統連接
2025-07-23 17:15:05,773 [INFO] 開始關閉相機管理器...
2025-07-23 17:15:05,803 [INFO] 相機 ccd1_camera 停止串流
2025-07-23 17:15:05,912 [INFO] 相機 ccd1_camera 已斷開
2025-07-23 17:15:06,219 [INFO] 相機管理器已關閉
2025-07-23 17:15:06,713 [INFO] CCD1視覺系統已關閉
2025-07-23 17:15:06,713 [WARNING] 停止串流警告: 0x80000000
2025-07-23 17:15:06,714 [INFO] 相機 ccd3_headless_camera 停止串流
2025-07-23 17:15:06,714 [INFO] 相機 ccd3_headless_camera 已斷開
2025-07-23 17:15:06,777 [INFO] CCD3角度檢測系統已關閉
2025-07-23 17:15:06,778 [INFO] 震動盤系統已關閉
2025-07-23 17:15:06,905 [INFO] PGC夾爪串口連接已斷開
2025-07-23 17:15:06,905 [INFO] 夾爪系統已關閉
2025-07-23 17:15:06,906 [INFO] 機械臂下使能成功
2025-07-23 17:15:06,906 [INFO] Dobot連接已斷開
2025-07-23 17:15:06,907 [INFO] Dobot機械臂已關閉
2025-07-23 17:15:06,907 [INFO] 所有系統連接已斷開
2025-07-23 17:15:06,907 [INFO] 系統已安全關閉
2025-07-23 17:21:40,907 [INFO] 自動化系統啟動
2025-07-23 17:21:40,907 [INFO] 物件管理器啟動 - 開始初始化子系統
2025-07-23 17:21:40,908 [INFO] Robot類別初始化開始
2025-07-23 17:21:40,908 [INFO] 開始初始化所有子系統
2025-07-23 17:21:40,908 [INFO] 正在初始化CCD1視覺系統...
2025-07-23 17:21:41,233 [INFO] 相機管理器初始化完成 - 頻寬控制版
2025-07-23 17:21:41,234 [INFO] 添加相機 ccd1_camera - IP: 192.168.1.8, 頻寬: 200Mbps
2025-07-23 17:21:41,872 [INFO] 開始配置頻寬控制: 200Mbps
2025-07-23 17:21:41,882 [INFO] ✓ 設置包大小: 1500 bytes
2025-07-23 17:21:41,890 [INFO] ✓ 設置包間延遲: 5000 ticks
2025-07-23 17:21:41,890 [INFO] 頻寬計算: 最大FPS=4.13, 實際FPS=4.13
2025-07-23 17:21:41,891 [INFO] ✓ 重傳參數設置成功
2025-07-23 17:21:41,892 [INFO] ✓ GVSP超時設置: 5000ms
2025-07-23 17:21:41,895 [INFO] ○ 設備不支援直接頻寬限制，使用其他方法控制
2025-07-23 17:21:41,895 [INFO] 頻寬控制配置完成
2025-07-23 17:21:41,917 [WARNING] 設置像素格式失敗: 0x80000106
2025-07-23 17:21:41,932 [INFO] ✓ 曝光時間設置: 20000.0μs
2025-07-23 17:21:41,941 [INFO] ✓ 幀率設置: 5.0 FPS
2025-07-23 17:21:41,946 [INFO] ✓ 觸發模式
2025-07-23 17:21:41,946 [INFO] ✓ 緩存節點: 1 (最新幀模式)
2025-07-23 17:21:41,947 [INFO] ✓ 抓取策略: 僅最新幀
2025-07-23 17:21:41,947 [INFO] 相機 ccd1_camera 參數配置完成
2025-07-23 17:21:41,947 [INFO] 相機 ccd1_camera 連接成功 - 頻寬限制: 200Mbps
2025-07-23 17:21:41,973 [INFO] 相機 ccd1_camera 開始串流 - 5.0FPS
2025-07-23 17:21:42,973 [INFO] CCD1視覺系統初始化成功
2025-07-23 17:21:42,974 [INFO] 正在初始化CCD3角度檢測系統...
2025-07-23 17:21:43,604 [INFO] 開始配置頻寬控制: 200Mbps
2025-07-23 17:21:43,614 [INFO] ✓ 設置包大小: 1500 bytes
2025-07-23 17:21:43,622 [INFO] ✓ 設置包間延遲: 5000 ticks
2025-07-23 17:21:43,622 [INFO] 頻寬計算: 最大FPS=4.13, 實際FPS=4.13
2025-07-23 17:21:43,622 [INFO] ✓ 重傳參數設置成功
2025-07-23 17:21:43,623 [INFO] ✓ GVSP超時設置: 5000ms
2025-07-23 17:21:43,627 [INFO] ○ 設備不支援直接頻寬限制，使用其他方法控制
2025-07-23 17:21:43,627 [INFO] 頻寬控制配置完成
2025-07-23 17:21:43,647 [WARNING] 設置像素格式失敗: 0x80000106
2025-07-23 17:21:43,660 [INFO] ✓ 曝光時間設置: 20000.0μs
2025-07-23 17:21:43,671 [INFO] ✓ 幀率設置: 5.0 FPS
2025-07-23 17:21:43,677 [INFO] ✓ 觸發模式
2025-07-23 17:21:43,677 [INFO] ✓ 緩存節點: 1 (最新幀模式)
2025-07-23 17:21:43,678 [INFO] ✓ 抓取策略: 僅最新幀
2025-07-23 17:21:43,678 [INFO] 相機 ccd3_headless_camera 參數配置完成
2025-07-23 17:21:43,678 [INFO] 相機 ccd3_headless_camera 連接成功 - 頻寬限制: 200Mbps
2025-07-23 17:21:43,703 [INFO] 相機 ccd3_headless_camera 開始串流 - 5.0FPS
2025-07-23 17:21:43,908 [INFO] CCD3角度檢測系統初始化成功
2025-07-23 17:21:43,908 [INFO] 正在初始化震動盤系統...
2025-07-23 17:21:44,057 [INFO] 震動盤系統初始化成功
2025-07-23 17:21:44,057 [INFO] 正在初始化夾爪系統...
2025-07-23 17:21:44,058 [INFO] PGC夾爪API初始化 - 直接串口通信模式
2025-07-23 17:21:44,058 [INFO] 正在連接PGC夾爪串口: COM3
2025-07-23 17:21:44,089 [INFO] PGC夾爪串口連接成功: COM3
2025-07-23 17:21:44,089 [INFO] PGC夾爪連接成功
2025-07-23 17:21:44,089 [INFO] 開始自動初始化PGC夾爪
2025-07-23 17:21:44,090 [INFO] 開始初始化PGC夾爪
2025-07-23 17:21:46,070 [INFO] PGC夾爪初始化成功，耗時: 1.981秒
2025-07-23 17:21:46,070 [INFO] PGC夾爪初始化成功
2025-07-23 17:21:46,070 [INFO] 夾爪系統初始化成功
2025-07-23 17:21:46,070 [INFO] 正在初始化Dobot機械臂...
2025-07-23 17:21:46,075 [INFO] Dobot連接成功: 192.168.1.6
2025-07-23 17:21:47,278 [INFO] 機械臂使能成功
2025-07-23 17:21:47,279 [INFO] 機械臂自動使能成功
2025-07-23 17:21:47,279 [INFO] Dobot機械臂初始化成功
2025-07-23 17:21:47,283 [INFO] 碰撞檢測等級設定為: 3
2025-07-23 17:21:47,283 [INFO] 碰撞檢測等級設置為: 3
2025-07-23 17:21:47,283 [INFO] 系統初始化完成: 5/5 個子系統成功
2025-07-23 17:21:47,284 [INFO] 開始初始化所有子系統
2025-07-23 17:21:47,284 [WARNING] CCD1已經初始化
2025-07-23 17:21:47,284 [WARNING] CCD3已經初始化
2025-07-23 17:21:47,285 [WARNING] VP已經初始化
2025-07-23 17:21:47,285 [WARNING] Gripper已經初始化
2025-07-23 17:21:47,285 [WARNING] Dobot已經初始化
2025-07-23 17:21:47,285 [INFO] 系統初始化完成: 5/5 個子系統成功
2025-07-23 17:21:48,495 [INFO] 機械臂使能成功
2025-07-23 17:21:48,495 [INFO] 機械臂連接並使能成功
2025-07-23 17:21:48,495 [INFO] PGC夾爪快速關閉
2025-07-23 17:21:49,302 [INFO] PGC快速關閉成功，耗時: 0.807秒
2025-07-23 17:21:49,302 [INFO] 夾爪連接並關閉成功
2025-07-23 17:21:49,409 [INFO] CCD1連接並設定模型1成功
2025-07-23 17:21:49,409 [INFO] CCD3連接並初始化成功
2025-07-23 17:21:49,410 [INFO] 載入機械臂點位成功，共9個點位
2025-07-23 17:21:49,410 [INFO] 物件管理器初始化完成
2025-07-23 17:21:49,410 [INFO] 參數設定事件啟動
2025-07-23 17:21:49,516 [INFO] CCD1模型切換到: 1
2025-07-23 17:21:49,516 [INFO] PGC智能釋放到位置: 360
2025-07-23 17:21:49,876 [INFO] PGC智能釋放成功，耗時: 0.359秒
2025-07-23 17:21:49,876 [INFO] 夾爪開度設定為: 360
2025-07-23 17:21:49,877 [INFO] 震動盤參數設定 - 強度:60, 頻率:100
2025-07-23 17:21:49,877 [INFO] 參數設定完成
2025-07-23 17:21:49,877 [INFO] 自動進料事件啟動
2025-07-23 17:21:54,008 [INFO] CCD1檢測成功: {1: 26}
2025-07-23 17:21:54,008 [INFO] 使用上次CCD1檢測結果獲取座標
2025-07-23 17:21:54,008 [INFO] CCD1座標獲取成功: 像素座標1類
2025-07-23 17:21:54,008 [INFO] 檢測結果 - DR_F(標籤0):0, STACK(標籤1):26
2025-07-23 17:21:54,009 [INFO] DR_F不足，其他物件總數: 26
2025-07-23 17:21:54,009 [INFO] 其他物件數量≥5，開始震動盤震動
2025-07-23 17:21:55,523 [ERROR] CCD1檢測失敗: YOLO檢測器未載入
2025-07-23 17:21:56,790 [ERROR] CCD1檢測失敗: YOLO檢測器未載入
2025-07-23 17:21:58,057 [ERROR] CCD1檢測失敗: YOLO檢測器未載入
2025-07-23 17:21:59,326 [ERROR] CCD1檢測失敗: YOLO檢測器未載入
2025-07-23 17:22:00,595 [ERROR] CCD1檢測失敗: YOLO檢測器未載入
2025-07-23 17:22:01,861 [ERROR] CCD1檢測失敗: YOLO檢測器未載入
2025-07-23 17:22:03,128 [ERROR] CCD1檢測失敗: YOLO檢測器未載入
2025-07-23 17:22:04,401 [ERROR] CCD1檢測失敗: YOLO檢測器未載入
2025-07-23 17:22:05,669 [ERROR] CCD1檢測失敗: YOLO檢測器未載入
2025-07-23 17:22:06,937 [ERROR] CCD1檢測失敗: YOLO檢測器未載入
2025-07-23 17:22:06,943 [WARNING] 震動10次後仍無DR_F物件
2025-07-23 17:22:07,444 [INFO] 震動進料完成，重新檢測 - 第1次嘗試
2025-07-23 17:22:08,212 [ERROR] CCD1檢測失敗: YOLO檢測器未載入
2025-07-23 17:22:08,212 [ERROR] CCD1檢測失敗
2025-07-23 17:22:08,980 [ERROR] CCD1檢測失敗: YOLO檢測器未載入
2025-07-23 17:22:08,981 [ERROR] CCD1檢測失敗
2025-07-23 17:22:09,751 [ERROR] CCD1檢測失敗: YOLO檢測器未載入
2025-07-23 17:22:09,752 [ERROR] CCD1檢測失敗
2025-07-23 17:22:10,519 [ERROR] CCD1檢測失敗: YOLO檢測器未載入
2025-07-23 17:22:10,519 [ERROR] CCD1檢測失敗
2025-07-23 17:22:11,288 [ERROR] CCD1檢測失敗: YOLO檢測器未載入
2025-07-23 17:22:11,289 [ERROR] CCD1檢測失敗
2025-07-23 17:22:12,056 [ERROR] CCD1檢測失敗: YOLO檢測器未載入
2025-07-23 17:22:12,057 [ERROR] CCD1檢測失敗
2025-07-23 17:22:12,831 [ERROR] CCD1檢測失敗: YOLO檢測器未載入
2025-07-23 17:22:12,832 [ERROR] CCD1檢測失敗
2025-07-23 17:22:13,601 [ERROR] CCD1檢測失敗: YOLO檢測器未載入
2025-07-23 17:22:13,601 [ERROR] CCD1檢測失敗
2025-07-23 17:22:14,371 [ERROR] CCD1檢測失敗: YOLO檢測器未載入
2025-07-23 17:22:14,372 [ERROR] CCD1檢測失敗
2025-07-23 17:22:15,138 [ERROR] CCD1檢測失敗: YOLO檢測器未載入
2025-07-23 17:22:15,139 [ERROR] CCD1檢測失敗
2025-07-23 17:22:15,910 [ERROR] CCD1檢測失敗: YOLO檢測器未載入
2025-07-23 17:22:15,911 [ERROR] CCD1檢測失敗
2025-07-23 17:22:16,680 [ERROR] CCD1檢測失敗: YOLO檢測器未載入
2025-07-23 17:22:16,681 [ERROR] CCD1檢測失敗
2025-07-23 17:22:17,454 [ERROR] CCD1檢測失敗: YOLO檢測器未載入
2025-07-23 17:22:17,454 [ERROR] CCD1檢測失敗
2025-07-23 17:22:18,224 [ERROR] CCD1檢測失敗: YOLO檢測器未載入
2025-07-23 17:22:18,224 [ERROR] CCD1檢測失敗
2025-07-23 17:22:18,995 [ERROR] CCD1檢測失敗: YOLO檢測器未載入
2025-07-23 17:22:18,995 [ERROR] CCD1檢測失敗
2025-07-23 17:22:19,766 [ERROR] CCD1檢測失敗: YOLO檢測器未載入
2025-07-23 17:22:19,766 [ERROR] CCD1檢測失敗
2025-07-23 17:22:20,535 [ERROR] CCD1檢測失敗: YOLO檢測器未載入
2025-07-23 17:22:20,536 [ERROR] CCD1檢測失敗
2025-07-23 17:22:21,302 [ERROR] CCD1檢測失敗: YOLO檢測器未載入
2025-07-23 17:22:21,303 [ERROR] CCD1檢測失敗
2025-07-23 17:22:22,072 [ERROR] CCD1檢測失敗: YOLO檢測器未載入
2025-07-23 17:22:22,073 [ERROR] CCD1檢測失敗
2025-07-23 17:22:22,842 [ERROR] CCD1檢測失敗: YOLO檢測器未載入
2025-07-23 17:22:22,843 [ERROR] CCD1檢測失敗
2025-07-23 17:22:23,610 [ERROR] CCD1檢測失敗: YOLO檢測器未載入
2025-07-23 17:22:23,611 [ERROR] CCD1檢測失敗
2025-07-23 17:22:24,388 [ERROR] CCD1檢測失敗: YOLO檢測器未載入
2025-07-23 17:22:24,388 [ERROR] CCD1檢測失敗
2025-07-23 17:22:25,156 [ERROR] CCD1檢測失敗: YOLO檢測器未載入
2025-07-23 17:22:25,156 [ERROR] CCD1檢測失敗
2025-07-23 17:22:25,928 [ERROR] CCD1檢測失敗: YOLO檢測器未載入
2025-07-23 17:22:25,929 [ERROR] CCD1檢測失敗
2025-07-23 17:22:26,699 [ERROR] CCD1檢測失敗: YOLO檢測器未載入
2025-07-23 17:22:26,700 [ERROR] CCD1檢測失敗
2025-07-23 17:22:27,467 [ERROR] CCD1檢測失敗: YOLO檢測器未載入
2025-07-23 17:22:27,467 [ERROR] CCD1檢測失敗
2025-07-23 17:22:28,236 [ERROR] CCD1檢測失敗: YOLO檢測器未載入
2025-07-23 17:22:28,237 [ERROR] CCD1檢測失敗
2025-07-23 17:22:29,006 [ERROR] CCD1檢測失敗: YOLO檢測器未載入
2025-07-23 17:22:29,006 [ERROR] CCD1檢測失敗
2025-07-23 17:22:29,797 [ERROR] CCD1檢測失敗: YOLO檢測器未載入
2025-07-23 17:22:29,798 [ERROR] CCD1檢測失敗
2025-07-23 17:22:30,572 [ERROR] CCD1檢測失敗: YOLO檢測器未載入
2025-07-23 17:22:30,573 [ERROR] CCD1檢測失敗
2025-07-23 17:22:31,340 [ERROR] CCD1檢測失敗: YOLO檢測器未載入
2025-07-23 17:22:31,341 [ERROR] CCD1檢測失敗
2025-07-23 17:22:32,109 [ERROR] CCD1檢測失敗: YOLO檢測器未載入
2025-07-23 17:22:32,110 [ERROR] CCD1檢測失敗
2025-07-23 17:22:32,880 [ERROR] CCD1檢測失敗: YOLO檢測器未載入
2025-07-23 17:22:32,881 [ERROR] CCD1檢測失敗
2025-07-23 17:22:33,651 [ERROR] CCD1檢測失敗: YOLO檢測器未載入
2025-07-23 17:22:33,652 [ERROR] CCD1檢測失敗
2025-07-23 17:22:34,421 [ERROR] CCD1檢測失敗: YOLO檢測器未載入
2025-07-23 17:22:34,421 [ERROR] CCD1檢測失敗
2025-07-23 17:22:35,191 [ERROR] CCD1檢測失敗: YOLO檢測器未載入
2025-07-23 17:22:35,192 [ERROR] CCD1檢測失敗
2025-07-23 17:22:35,957 [ERROR] CCD1檢測失敗: YOLO檢測器未載入
2025-07-23 17:22:35,958 [ERROR] CCD1檢測失敗
2025-07-23 17:22:36,743 [ERROR] CCD1檢測失敗: YOLO檢測器未載入
2025-07-23 17:22:36,744 [ERROR] CCD1檢測失敗
2025-07-23 17:22:37,528 [ERROR] CCD1檢測失敗: YOLO檢測器未載入
2025-07-23 17:22:37,528 [ERROR] CCD1檢測失敗
2025-07-23 17:22:38,299 [ERROR] CCD1檢測失敗: YOLO檢測器未載入
2025-07-23 17:22:38,300 [ERROR] CCD1檢測失敗
2025-07-23 17:22:39,066 [ERROR] CCD1檢測失敗: YOLO檢測器未載入
2025-07-23 17:22:39,067 [ERROR] CCD1檢測失敗
2025-07-23 17:22:39,837 [ERROR] CCD1檢測失敗: YOLO檢測器未載入
2025-07-23 17:22:39,837 [ERROR] CCD1檢測失敗
2025-07-23 17:22:40,607 [ERROR] CCD1檢測失敗: YOLO檢測器未載入
2025-07-23 17:22:40,608 [ERROR] CCD1檢測失敗
2025-07-23 17:22:41,380 [ERROR] CCD1檢測失敗: YOLO檢測器未載入
2025-07-23 17:22:41,380 [ERROR] CCD1檢測失敗
2025-07-23 17:22:42,152 [ERROR] CCD1檢測失敗: YOLO檢測器未載入
2025-07-23 17:22:42,152 [ERROR] CCD1檢測失敗
2025-07-23 17:22:42,922 [ERROR] CCD1檢測失敗: YOLO檢測器未載入
2025-07-23 17:22:42,922 [ERROR] CCD1檢測失敗
2025-07-23 17:22:43,691 [ERROR] CCD1檢測失敗: YOLO檢測器未載入
2025-07-23 17:22:43,692 [ERROR] CCD1檢測失敗
2025-07-23 17:22:44,459 [ERROR] CCD1檢測失敗: YOLO檢測器未載入
2025-07-23 17:22:44,459 [ERROR] CCD1檢測失敗
2025-07-23 17:22:45,239 [ERROR] CCD1檢測失敗: YOLO檢測器未載入
2025-07-23 17:22:45,240 [ERROR] CCD1檢測失敗
2025-07-23 17:22:46,009 [ERROR] CCD1檢測失敗: YOLO檢測器未載入
2025-07-23 17:22:46,009 [ERROR] CCD1檢測失敗
2025-07-23 17:22:46,778 [ERROR] CCD1檢測失敗: YOLO檢測器未載入
2025-07-23 17:22:46,779 [ERROR] CCD1檢測失敗
2025-07-23 17:22:47,549 [ERROR] CCD1檢測失敗: YOLO檢測器未載入
2025-07-23 17:22:47,550 [ERROR] CCD1檢測失敗
2025-07-23 17:22:48,318 [ERROR] CCD1檢測失敗: YOLO檢測器未載入
2025-07-23 17:22:48,318 [ERROR] CCD1檢測失敗
2025-07-23 17:22:49,090 [ERROR] CCD1檢測失敗: YOLO檢測器未載入
2025-07-23 17:22:49,090 [ERROR] CCD1檢測失敗
2025-07-23 17:22:49,862 [ERROR] CCD1檢測失敗: YOLO檢測器未載入
2025-07-23 17:22:49,863 [ERROR] CCD1檢測失敗
2025-07-23 17:22:50,642 [ERROR] CCD1檢測失敗: YOLO檢測器未載入
2025-07-23 17:22:50,642 [ERROR] CCD1檢測失敗
2025-07-23 17:22:51,411 [ERROR] CCD1檢測失敗: YOLO檢測器未載入
2025-07-23 17:22:51,412 [ERROR] CCD1檢測失敗
2025-07-23 17:22:52,180 [ERROR] CCD1檢測失敗: YOLO檢測器未載入
2025-07-23 17:22:52,181 [ERROR] CCD1檢測失敗
2025-07-23 17:22:52,951 [ERROR] CCD1檢測失敗: YOLO檢測器未載入
2025-07-23 17:22:52,951 [ERROR] CCD1檢測失敗
2025-07-23 17:22:53,720 [ERROR] CCD1檢測失敗: YOLO檢測器未載入
2025-07-23 17:22:53,720 [ERROR] CCD1檢測失敗
2025-07-23 17:22:54,488 [ERROR] CCD1檢測失敗: YOLO檢測器未載入
2025-07-23 17:22:54,489 [ERROR] CCD1檢測失敗
2025-07-23 17:22:55,272 [ERROR] CCD1檢測失敗: YOLO檢測器未載入
2025-07-23 17:22:55,272 [ERROR] CCD1檢測失敗
2025-07-23 17:22:56,044 [ERROR] CCD1檢測失敗: YOLO檢測器未載入
2025-07-23 17:22:56,044 [ERROR] CCD1檢測失敗
2025-07-23 17:22:56,816 [ERROR] CCD1檢測失敗: YOLO檢測器未載入
2025-07-23 17:22:56,817 [ERROR] CCD1檢測失敗
2025-07-23 17:22:57,587 [ERROR] CCD1檢測失敗: YOLO檢測器未載入
2025-07-23 17:22:57,588 [ERROR] CCD1檢測失敗
2025-07-23 17:22:58,362 [ERROR] CCD1檢測失敗: YOLO檢測器未載入
2025-07-23 17:22:58,363 [ERROR] CCD1檢測失敗
2025-07-23 17:22:59,139 [ERROR] CCD1檢測失敗: YOLO檢測器未載入
2025-07-23 17:22:59,140 [ERROR] CCD1檢測失敗
2025-07-23 17:22:59,913 [ERROR] CCD1檢測失敗: YOLO檢測器未載入
2025-07-23 17:22:59,913 [ERROR] CCD1檢測失敗
2025-07-23 17:23:00,686 [ERROR] CCD1檢測失敗: YOLO檢測器未載入
2025-07-23 17:23:00,687 [ERROR] CCD1檢測失敗
2025-07-23 17:23:01,462 [ERROR] CCD1檢測失敗: YOLO檢測器未載入
2025-07-23 17:23:01,462 [ERROR] CCD1檢測失敗
2025-07-23 17:23:02,237 [ERROR] CCD1檢測失敗: YOLO檢測器未載入
2025-07-23 17:23:02,238 [ERROR] CCD1檢測失敗
2025-07-23 17:23:03,012 [ERROR] CCD1檢測失敗: YOLO檢測器未載入
2025-07-23 17:23:03,013 [ERROR] CCD1檢測失敗
2025-07-23 17:23:03,788 [ERROR] CCD1檢測失敗: YOLO檢測器未載入
2025-07-23 17:23:03,788 [ERROR] CCD1檢測失敗
2025-07-23 17:23:04,569 [ERROR] CCD1檢測失敗: YOLO檢測器未載入
2025-07-23 17:23:04,570 [ERROR] CCD1檢測失敗
2025-07-23 17:23:05,344 [ERROR] CCD1檢測失敗: YOLO檢測器未載入
2025-07-23 17:23:05,345 [ERROR] CCD1檢測失敗
2025-07-23 17:23:06,113 [ERROR] CCD1檢測失敗: YOLO檢測器未載入
2025-07-23 17:23:06,113 [ERROR] CCD1檢測失敗
2025-07-23 17:23:06,905 [ERROR] CCD1檢測失敗: YOLO檢測器未載入
2025-07-23 17:23:06,906 [ERROR] CCD1檢測失敗
2025-07-23 17:23:07,683 [ERROR] CCD1檢測失敗: YOLO檢測器未載入
2025-07-23 17:23:07,683 [ERROR] CCD1檢測失敗
2025-07-23 17:23:08,452 [ERROR] CCD1檢測失敗: YOLO檢測器未載入
2025-07-23 17:23:08,453 [ERROR] CCD1檢測失敗
2025-07-23 17:23:09,235 [ERROR] CCD1檢測失敗: YOLO檢測器未載入
2025-07-23 17:23:09,235 [ERROR] CCD1檢測失敗
2025-07-23 17:23:10,003 [ERROR] CCD1檢測失敗: YOLO檢測器未載入
2025-07-23 17:23:10,004 [ERROR] CCD1檢測失敗
2025-07-23 17:23:10,792 [ERROR] CCD1檢測失敗: YOLO檢測器未載入
2025-07-23 17:23:10,793 [ERROR] CCD1檢測失敗
2025-07-23 17:23:11,569 [ERROR] CCD1檢測失敗: YOLO檢測器未載入
2025-07-23 17:23:11,569 [ERROR] CCD1檢測失敗
2025-07-23 17:23:12,338 [ERROR] CCD1檢測失敗: YOLO檢測器未載入
2025-07-23 17:23:12,338 [ERROR] CCD1檢測失敗
2025-07-23 17:23:13,106 [ERROR] CCD1檢測失敗: YOLO檢測器未載入
2025-07-23 17:23:13,106 [ERROR] CCD1檢測失敗
2025-07-23 17:23:13,876 [ERROR] CCD1檢測失敗: YOLO檢測器未載入
2025-07-23 17:23:13,877 [ERROR] CCD1檢測失敗
2025-07-23 17:23:14,647 [ERROR] CCD1檢測失敗: YOLO檢測器未載入
2025-07-23 17:23:14,647 [ERROR] CCD1檢測失敗
2025-07-23 17:23:15,424 [ERROR] CCD1檢測失敗: YOLO檢測器未載入
2025-07-23 17:23:15,424 [ERROR] CCD1檢測失敗
2025-07-23 17:23:16,195 [ERROR] CCD1檢測失敗: YOLO檢測器未載入
2025-07-23 17:23:16,195 [ERROR] CCD1檢測失敗
2025-07-23 17:23:16,965 [ERROR] CCD1檢測失敗: YOLO檢測器未載入
2025-07-23 17:23:16,966 [ERROR] CCD1檢測失敗
2025-07-23 17:23:17,742 [ERROR] CCD1檢測失敗: YOLO檢測器未載入
2025-07-23 17:23:17,742 [ERROR] CCD1檢測失敗
2025-07-23 17:23:18,532 [ERROR] CCD1檢測失敗: YOLO檢測器未載入
2025-07-23 17:23:18,533 [ERROR] CCD1檢測失敗
2025-07-23 17:23:19,304 [ERROR] CCD1檢測失敗: YOLO檢測器未載入
2025-07-23 17:23:19,304 [ERROR] CCD1檢測失敗
2025-07-23 17:23:20,086 [ERROR] CCD1檢測失敗: YOLO檢測器未載入
2025-07-23 17:23:20,087 [ERROR] CCD1檢測失敗
2025-07-23 17:23:20,867 [ERROR] CCD1檢測失敗: YOLO檢測器未載入
2025-07-23 17:23:20,867 [ERROR] CCD1檢測失敗
2025-07-23 17:23:21,642 [ERROR] CCD1檢測失敗: YOLO檢測器未載入
2025-07-23 17:23:21,643 [ERROR] CCD1檢測失敗
2025-07-23 17:23:22,412 [ERROR] CCD1檢測失敗: YOLO檢測器未載入
2025-07-23 17:23:22,413 [ERROR] CCD1檢測失敗
2025-07-23 17:23:23,183 [ERROR] CCD1檢測失敗: YOLO檢測器未載入
2025-07-23 17:23:23,183 [ERROR] CCD1檢測失敗
2025-07-23 17:23:23,964 [ERROR] CCD1檢測失敗: YOLO檢測器未載入
2025-07-23 17:23:23,964 [ERROR] CCD1檢測失敗
2025-07-23 17:23:24,743 [ERROR] CCD1檢測失敗: YOLO檢測器未載入
2025-07-23 17:23:24,744 [ERROR] CCD1檢測失敗
2025-07-23 17:23:25,528 [ERROR] CCD1檢測失敗: YOLO檢測器未載入
2025-07-23 17:23:25,528 [ERROR] CCD1檢測失敗
2025-07-23 17:23:26,307 [ERROR] CCD1檢測失敗: YOLO檢測器未載入
2025-07-23 17:23:26,307 [ERROR] CCD1檢測失敗
2025-07-23 17:23:27,081 [ERROR] CCD1檢測失敗: YOLO檢測器未載入
2025-07-23 17:23:27,081 [ERROR] CCD1檢測失敗
2025-07-23 17:23:27,859 [ERROR] CCD1檢測失敗: YOLO檢測器未載入
2025-07-23 17:23:27,860 [ERROR] CCD1檢測失敗
2025-07-23 17:23:28,636 [ERROR] CCD1檢測失敗: YOLO檢測器未載入
2025-07-23 17:23:28,637 [ERROR] CCD1檢測失敗
2025-07-23 17:23:29,416 [ERROR] CCD1檢測失敗: YOLO檢測器未載入
2025-07-23 17:23:29,416 [ERROR] CCD1檢測失敗
2025-07-23 17:23:30,188 [ERROR] CCD1檢測失敗: YOLO檢測器未載入
2025-07-23 17:23:30,188 [ERROR] CCD1檢測失敗
2025-07-23 17:23:30,967 [ERROR] CCD1檢測失敗: YOLO檢測器未載入
2025-07-23 17:23:30,968 [ERROR] CCD1檢測失敗
2025-07-23 17:23:31,739 [ERROR] CCD1檢測失敗: YOLO檢測器未載入
2025-07-23 17:23:31,739 [ERROR] CCD1檢測失敗
2025-07-23 17:23:32,512 [ERROR] CCD1檢測失敗: YOLO檢測器未載入
2025-07-23 17:23:32,512 [ERROR] CCD1檢測失敗
2025-07-23 17:23:33,281 [ERROR] CCD1檢測失敗: YOLO檢測器未載入
2025-07-23 17:23:33,281 [ERROR] CCD1檢測失敗
2025-07-23 17:23:34,057 [ERROR] CCD1檢測失敗: YOLO檢測器未載入
2025-07-23 17:23:34,057 [ERROR] CCD1檢測失敗
2025-07-23 17:23:34,856 [ERROR] CCD1檢測失敗: YOLO檢測器未載入
2025-07-23 17:23:34,856 [ERROR] CCD1檢測失敗
2025-07-23 17:23:35,631 [ERROR] CCD1檢測失敗: YOLO檢測器未載入
2025-07-23 17:23:35,631 [ERROR] CCD1檢測失敗
2025-07-23 17:23:36,408 [ERROR] CCD1檢測失敗: YOLO檢測器未載入
2025-07-23 17:23:36,408 [ERROR] CCD1檢測失敗
2025-07-23 17:23:37,178 [ERROR] CCD1檢測失敗: YOLO檢測器未載入
2025-07-23 17:23:37,178 [ERROR] CCD1檢測失敗
2025-07-23 17:23:37,951 [ERROR] CCD1檢測失敗: YOLO檢測器未載入
2025-07-23 17:23:37,951 [ERROR] CCD1檢測失敗
2025-07-23 17:23:38,720 [ERROR] CCD1檢測失敗: YOLO檢測器未載入
2025-07-23 17:23:38,720 [ERROR] CCD1檢測失敗
2025-07-23 17:23:39,496 [ERROR] CCD1檢測失敗: YOLO檢測器未載入
2025-07-23 17:23:39,497 [ERROR] CCD1檢測失敗
2025-07-23 17:23:40,276 [ERROR] CCD1檢測失敗: YOLO檢測器未載入
2025-07-23 17:23:40,276 [ERROR] CCD1檢測失敗
2025-07-23 17:23:41,091 [ERROR] CCD1檢測失敗: YOLO檢測器未載入
2025-07-23 17:23:41,091 [ERROR] CCD1檢測失敗
2025-07-23 17:23:41,871 [ERROR] CCD1檢測失敗: YOLO檢測器未載入
2025-07-23 17:23:41,872 [ERROR] CCD1檢測失敗
2025-07-23 17:23:42,648 [ERROR] CCD1檢測失敗: YOLO檢測器未載入
2025-07-23 17:23:42,649 [ERROR] CCD1檢測失敗
2025-07-23 17:23:43,419 [ERROR] CCD1檢測失敗: YOLO檢測器未載入
2025-07-23 17:23:43,420 [ERROR] CCD1檢測失敗
2025-07-23 17:23:44,206 [ERROR] CCD1檢測失敗: YOLO檢測器未載入
2025-07-23 17:23:44,206 [ERROR] CCD1檢測失敗
2025-07-23 17:23:44,977 [ERROR] CCD1檢測失敗: YOLO檢測器未載入
2025-07-23 17:23:44,977 [ERROR] CCD1檢測失敗
2025-07-23 17:23:45,747 [ERROR] CCD1檢測失敗: YOLO檢測器未載入
2025-07-23 17:23:45,747 [ERROR] CCD1檢測失敗
2025-07-23 17:23:46,524 [ERROR] CCD1檢測失敗: YOLO檢測器未載入
2025-07-23 17:23:46,524 [ERROR] CCD1檢測失敗
2025-07-23 17:23:47,295 [ERROR] CCD1檢測失敗: YOLO檢測器未載入
2025-07-23 17:23:47,295 [ERROR] CCD1檢測失敗
2025-07-23 17:23:48,076 [ERROR] CCD1檢測失敗: YOLO檢測器未載入
2025-07-23 17:23:48,076 [ERROR] CCD1檢測失敗
2025-07-23 17:23:48,857 [ERROR] CCD1檢測失敗: YOLO檢測器未載入
2025-07-23 17:23:48,857 [ERROR] CCD1檢測失敗
2025-07-23 17:23:49,631 [ERROR] CCD1檢測失敗: YOLO檢測器未載入
2025-07-23 17:23:49,632 [ERROR] CCD1檢測失敗
2025-07-23 17:23:50,405 [ERROR] CCD1檢測失敗: YOLO檢測器未載入
2025-07-23 17:23:50,406 [ERROR] CCD1檢測失敗
2025-07-23 17:23:51,189 [ERROR] CCD1檢測失敗: YOLO檢測器未載入
2025-07-23 17:23:51,189 [ERROR] CCD1檢測失敗
2025-07-23 17:23:51,955 [ERROR] CCD1檢測失敗: YOLO檢測器未載入
2025-07-23 17:23:51,956 [ERROR] CCD1檢測失敗
2025-07-23 17:23:52,724 [ERROR] CCD1檢測失敗: YOLO檢測器未載入
2025-07-23 17:23:52,724 [ERROR] CCD1檢測失敗
2025-07-23 17:23:53,497 [ERROR] CCD1檢測失敗: YOLO檢測器未載入
2025-07-23 17:23:53,498 [ERROR] CCD1檢測失敗
2025-07-23 17:23:54,267 [ERROR] CCD1檢測失敗: YOLO檢測器未載入
2025-07-23 17:23:54,267 [ERROR] CCD1檢測失敗
2025-07-23 17:23:55,036 [ERROR] CCD1檢測失敗: YOLO檢測器未載入
2025-07-23 17:23:55,036 [ERROR] CCD1檢測失敗
2025-07-23 17:23:55,807 [ERROR] CCD1檢測失敗: YOLO檢測器未載入
2025-07-23 17:23:55,807 [ERROR] CCD1檢測失敗
2025-07-23 17:23:56,575 [ERROR] CCD1檢測失敗: YOLO檢測器未載入
2025-07-23 17:23:56,575 [ERROR] CCD1檢測失敗
2025-07-23 17:23:57,347 [ERROR] CCD1檢測失敗: YOLO檢測器未載入
2025-07-23 17:23:57,347 [ERROR] CCD1檢測失敗
2025-07-23 17:23:58,116 [ERROR] CCD1檢測失敗: YOLO檢測器未載入
2025-07-23 17:23:58,116 [ERROR] CCD1檢測失敗
2025-07-23 17:23:58,886 [ERROR] CCD1檢測失敗: YOLO檢測器未載入
2025-07-23 17:23:58,886 [ERROR] CCD1檢測失敗
2025-07-23 17:23:59,653 [ERROR] CCD1檢測失敗: YOLO檢測器未載入
2025-07-23 17:23:59,653 [ERROR] CCD1檢測失敗
2025-07-23 17:24:00,428 [ERROR] CCD1檢測失敗: YOLO檢測器未載入
2025-07-23 17:24:00,428 [ERROR] CCD1檢測失敗
2025-07-23 17:24:01,196 [ERROR] CCD1檢測失敗: YOLO檢測器未載入
2025-07-23 17:24:01,197 [ERROR] CCD1檢測失敗
2025-07-23 17:24:01,966 [ERROR] CCD1檢測失敗: YOLO檢測器未載入
2025-07-23 17:24:01,966 [ERROR] CCD1檢測失敗
2025-07-23 17:24:02,735 [ERROR] CCD1檢測失敗: YOLO檢測器未載入
2025-07-23 17:24:02,736 [ERROR] CCD1檢測失敗
2025-07-23 17:24:03,517 [ERROR] CCD1檢測失敗: YOLO檢測器未載入
2025-07-23 17:24:03,517 [ERROR] CCD1檢測失敗
2025-07-23 17:24:04,283 [ERROR] CCD1檢測失敗: YOLO檢測器未載入
2025-07-23 17:24:04,284 [ERROR] CCD1檢測失敗
2025-07-23 17:24:05,056 [ERROR] CCD1檢測失敗: YOLO檢測器未載入
2025-07-23 17:24:05,057 [ERROR] CCD1檢測失敗
2025-07-23 17:24:05,827 [ERROR] CCD1檢測失敗: YOLO檢測器未載入
2025-07-23 17:24:05,828 [ERROR] CCD1檢測失敗
2025-07-23 17:24:06,599 [ERROR] CCD1檢測失敗: YOLO檢測器未載入
2025-07-23 17:24:06,600 [ERROR] CCD1檢測失敗
2025-07-23 17:24:07,372 [ERROR] CCD1檢測失敗: YOLO檢測器未載入
2025-07-23 17:24:07,373 [ERROR] CCD1檢測失敗
2025-07-23 17:24:08,140 [ERROR] CCD1檢測失敗: YOLO檢測器未載入
2025-07-23 17:24:08,140 [ERROR] CCD1檢測失敗
2025-07-23 17:24:08,909 [ERROR] CCD1檢測失敗: YOLO檢測器未載入
2025-07-23 17:24:08,909 [ERROR] CCD1檢測失敗
2025-07-23 17:24:09,676 [ERROR] CCD1檢測失敗: YOLO檢測器未載入
2025-07-23 17:24:09,677 [ERROR] CCD1檢測失敗
2025-07-23 17:24:10,447 [ERROR] CCD1檢測失敗: YOLO檢測器未載入
2025-07-23 17:24:10,447 [ERROR] CCD1檢測失敗
2025-07-23 17:24:11,219 [ERROR] CCD1檢測失敗: YOLO檢測器未載入
2025-07-23 17:24:11,219 [ERROR] CCD1檢測失敗
2025-07-23 17:24:11,991 [ERROR] CCD1檢測失敗: YOLO檢測器未載入
2025-07-23 17:24:11,991 [ERROR] CCD1檢測失敗
2025-07-23 17:24:12,763 [ERROR] CCD1檢測失敗: YOLO檢測器未載入
2025-07-23 17:24:12,763 [ERROR] CCD1檢測失敗
2025-07-23 17:24:13,532 [ERROR] CCD1檢測失敗: YOLO檢測器未載入
2025-07-23 17:24:13,533 [ERROR] CCD1檢測失敗
2025-07-23 17:24:14,302 [ERROR] CCD1檢測失敗: YOLO檢測器未載入
2025-07-23 17:24:14,303 [ERROR] CCD1檢測失敗
2025-07-23 17:24:15,069 [ERROR] CCD1檢測失敗: YOLO檢測器未載入
2025-07-23 17:24:15,070 [ERROR] CCD1檢測失敗
2025-07-23 17:24:15,843 [ERROR] CCD1檢測失敗: YOLO檢測器未載入
2025-07-23 17:24:15,843 [ERROR] CCD1檢測失敗
2025-07-23 17:24:16,612 [ERROR] CCD1檢測失敗: YOLO檢測器未載入
2025-07-23 17:24:16,613 [ERROR] CCD1檢測失敗
2025-07-23 17:24:17,390 [ERROR] CCD1檢測失敗: YOLO檢測器未載入
2025-07-23 17:24:17,390 [ERROR] CCD1檢測失敗
2025-07-23 17:24:18,165 [ERROR] CCD1檢測失敗: YOLO檢測器未載入
2025-07-23 17:24:18,166 [ERROR] CCD1檢測失敗
2025-07-23 17:24:18,939 [ERROR] CCD1檢測失敗: YOLO檢測器未載入
2025-07-23 17:24:18,940 [ERROR] CCD1檢測失敗
2025-07-23 17:24:19,707 [ERROR] CCD1檢測失敗: YOLO檢測器未載入
2025-07-23 17:24:19,708 [ERROR] CCD1檢測失敗
2025-07-23 17:24:20,477 [ERROR] CCD1檢測失敗: YOLO檢測器未載入
2025-07-23 17:24:20,478 [ERROR] CCD1檢測失敗
2025-07-23 17:24:21,245 [ERROR] CCD1檢測失敗: YOLO檢測器未載入
2025-07-23 17:24:21,246 [ERROR] CCD1檢測失敗
2025-07-23 17:24:22,019 [ERROR] CCD1檢測失敗: YOLO檢測器未載入
2025-07-23 17:24:22,020 [ERROR] CCD1檢測失敗
2025-07-23 17:24:22,791 [ERROR] CCD1檢測失敗: YOLO檢測器未載入
2025-07-23 17:24:22,791 [ERROR] CCD1檢測失敗
2025-07-23 17:24:23,568 [ERROR] CCD1檢測失敗: YOLO檢測器未載入
2025-07-23 17:24:23,569 [ERROR] CCD1檢測失敗
2025-07-23 17:24:24,342 [ERROR] CCD1檢測失敗: YOLO檢測器未載入
2025-07-23 17:24:24,343 [ERROR] CCD1檢測失敗
2025-07-23 17:24:25,119 [ERROR] CCD1檢測失敗: YOLO檢測器未載入
2025-07-23 17:24:25,119 [ERROR] CCD1檢測失敗
2025-07-23 17:24:25,938 [ERROR] CCD1檢測失敗: YOLO檢測器未載入
2025-07-23 17:24:25,938 [ERROR] CCD1檢測失敗
2025-07-23 17:24:26,712 [ERROR] CCD1檢測失敗: YOLO檢測器未載入
2025-07-23 17:24:26,712 [ERROR] CCD1檢測失敗
2025-07-23 17:24:27,511 [ERROR] CCD1檢測失敗: YOLO檢測器未載入
2025-07-23 17:24:27,511 [ERROR] CCD1檢測失敗
2025-07-23 17:24:28,278 [ERROR] CCD1檢測失敗: YOLO檢測器未載入
2025-07-23 17:24:28,279 [ERROR] CCD1檢測失敗
2025-07-23 17:24:29,047 [ERROR] CCD1檢測失敗: YOLO檢測器未載入
2025-07-23 17:24:29,047 [ERROR] CCD1檢測失敗
2025-07-23 17:24:29,813 [ERROR] CCD1檢測失敗: YOLO檢測器未載入
2025-07-23 17:24:29,814 [ERROR] CCD1檢測失敗
2025-07-23 17:24:30,582 [ERROR] CCD1檢測失敗: YOLO檢測器未載入
2025-07-23 17:24:30,582 [ERROR] CCD1檢測失敗
2025-07-23 17:24:31,353 [ERROR] CCD1檢測失敗: YOLO檢測器未載入
2025-07-23 17:24:31,353 [ERROR] CCD1檢測失敗
2025-07-23 17:24:32,122 [ERROR] CCD1檢測失敗: YOLO檢測器未載入
2025-07-23 17:24:32,122 [ERROR] CCD1檢測失敗
2025-07-23 17:24:32,890 [ERROR] CCD1檢測失敗: YOLO檢測器未載入
2025-07-23 17:24:32,890 [ERROR] CCD1檢測失敗
2025-07-23 17:24:33,666 [ERROR] CCD1檢測失敗: YOLO檢測器未載入
2025-07-23 17:24:33,666 [ERROR] CCD1檢測失敗
2025-07-23 17:24:34,453 [ERROR] CCD1檢測失敗: YOLO檢測器未載入
2025-07-23 17:24:34,454 [ERROR] CCD1檢測失敗
2025-07-23 17:24:35,237 [ERROR] CCD1檢測失敗: YOLO檢測器未載入
2025-07-23 17:24:35,238 [ERROR] CCD1檢測失敗
2025-07-23 17:24:36,006 [ERROR] CCD1檢測失敗: YOLO檢測器未載入
2025-07-23 17:24:36,006 [ERROR] CCD1檢測失敗
2025-07-23 17:24:36,785 [ERROR] CCD1檢測失敗: YOLO檢測器未載入
2025-07-23 17:24:36,786 [ERROR] CCD1檢測失敗
2025-07-23 17:24:37,556 [ERROR] CCD1檢測失敗: YOLO檢測器未載入
2025-07-23 17:24:37,556 [ERROR] CCD1檢測失敗
2025-07-23 17:24:38,330 [ERROR] CCD1檢測失敗: YOLO檢測器未載入
2025-07-23 17:24:38,330 [ERROR] CCD1檢測失敗
2025-07-23 17:24:39,103 [ERROR] CCD1檢測失敗: YOLO檢測器未載入
2025-07-23 17:24:39,104 [ERROR] CCD1檢測失敗
2025-07-23 17:24:39,886 [ERROR] CCD1檢測失敗: YOLO檢測器未載入
2025-07-23 17:24:39,886 [ERROR] CCD1檢測失敗
2025-07-23 17:24:40,662 [ERROR] CCD1檢測失敗: YOLO檢測器未載入
2025-07-23 17:24:40,662 [ERROR] CCD1檢測失敗
2025-07-23 17:24:41,435 [ERROR] CCD1檢測失敗: YOLO檢測器未載入
2025-07-23 17:24:41,435 [ERROR] CCD1檢測失敗
2025-07-23 17:24:42,211 [ERROR] CCD1檢測失敗: YOLO檢測器未載入
2025-07-23 17:24:42,211 [ERROR] CCD1檢測失敗
2025-07-23 17:24:42,991 [ERROR] CCD1檢測失敗: YOLO檢測器未載入
2025-07-23 17:24:42,991 [ERROR] CCD1檢測失敗
2025-07-23 17:24:43,768 [ERROR] CCD1檢測失敗: YOLO檢測器未載入
2025-07-23 17:24:43,769 [ERROR] CCD1檢測失敗
2025-07-23 17:24:44,545 [ERROR] CCD1檢測失敗: YOLO檢測器未載入
2025-07-23 17:24:44,545 [ERROR] CCD1檢測失敗
2025-07-23 17:24:45,314 [ERROR] CCD1檢測失敗: YOLO檢測器未載入
2025-07-23 17:24:45,315 [ERROR] CCD1檢測失敗
2025-07-23 17:24:46,089 [ERROR] CCD1檢測失敗: YOLO檢測器未載入
2025-07-23 17:24:46,090 [ERROR] CCD1檢測失敗
2025-07-23 17:24:46,874 [ERROR] CCD1檢測失敗: YOLO檢測器未載入
2025-07-23 17:24:46,874 [ERROR] CCD1檢測失敗
2025-07-23 17:24:47,649 [ERROR] CCD1檢測失敗: YOLO檢測器未載入
2025-07-23 17:24:47,649 [ERROR] CCD1檢測失敗
2025-07-23 17:24:48,424 [ERROR] CCD1檢測失敗: YOLO檢測器未載入
2025-07-23 17:24:48,425 [ERROR] CCD1檢測失敗
2025-07-23 17:24:49,196 [ERROR] CCD1檢測失敗: YOLO檢測器未載入
2025-07-23 17:24:49,197 [ERROR] CCD1檢測失敗
2025-07-23 17:24:49,973 [ERROR] CCD1檢測失敗: YOLO檢測器未載入
2025-07-23 17:24:49,974 [ERROR] CCD1檢測失敗
2025-07-23 17:24:50,746 [ERROR] CCD1檢測失敗: YOLO檢測器未載入
2025-07-23 17:24:50,747 [ERROR] CCD1檢測失敗
2025-07-23 17:24:51,522 [ERROR] CCD1檢測失敗: YOLO檢測器未載入
2025-07-23 17:24:51,523 [ERROR] CCD1檢測失敗
2025-07-23 17:24:52,299 [ERROR] CCD1檢測失敗: YOLO檢測器未載入
2025-07-23 17:24:52,299 [ERROR] CCD1檢測失敗
2025-07-23 17:24:53,079 [ERROR] CCD1檢測失敗: YOLO檢測器未載入
2025-07-23 17:24:53,079 [ERROR] CCD1檢測失敗
2025-07-23 17:24:53,849 [ERROR] CCD1檢測失敗: YOLO檢測器未載入
2025-07-23 17:24:53,850 [ERROR] CCD1檢測失敗
2025-07-23 17:24:54,618 [ERROR] CCD1檢測失敗: YOLO檢測器未載入
2025-07-23 17:24:54,619 [ERROR] CCD1檢測失敗
2025-07-23 17:24:55,391 [ERROR] CCD1檢測失敗: YOLO檢測器未載入
2025-07-23 17:24:55,392 [ERROR] CCD1檢測失敗
2025-07-23 17:24:56,164 [ERROR] CCD1檢測失敗: YOLO檢測器未載入
2025-07-23 17:24:56,165 [ERROR] CCD1檢測失敗
2025-07-23 17:24:56,936 [ERROR] CCD1檢測失敗: YOLO檢測器未載入
2025-07-23 17:24:56,936 [ERROR] CCD1檢測失敗
2025-07-23 17:24:57,708 [ERROR] CCD1檢測失敗: YOLO檢測器未載入
2025-07-23 17:24:57,708 [ERROR] CCD1檢測失敗
2025-07-23 17:24:58,475 [ERROR] CCD1檢測失敗: YOLO檢測器未載入
2025-07-23 17:24:58,476 [ERROR] CCD1檢測失敗
2025-07-23 17:24:59,245 [ERROR] CCD1檢測失敗: YOLO檢測器未載入
2025-07-23 17:24:59,246 [ERROR] CCD1檢測失敗
2025-07-23 17:25:00,030 [ERROR] CCD1檢測失敗: YOLO檢測器未載入
2025-07-23 17:25:00,030 [ERROR] CCD1檢測失敗
2025-07-23 17:25:00,799 [ERROR] CCD1檢測失敗: YOLO檢測器未載入
2025-07-23 17:25:00,800 [ERROR] CCD1檢測失敗
2025-07-23 17:25:11,431 [INFO] 自動化系統啟動
2025-07-23 17:25:11,431 [INFO] 物件管理器啟動 - 開始初始化子系統
2025-07-23 17:25:11,432 [INFO] Robot類別初始化開始
2025-07-23 17:25:11,432 [INFO] 開始初始化所有子系統
2025-07-23 17:25:11,432 [INFO] 正在初始化CCD1視覺系統...
2025-07-23 17:25:11,771 [INFO] 相機管理器初始化完成 - 頻寬控制版
2025-07-23 17:25:11,771 [INFO] 添加相機 ccd1_camera - IP: 192.168.1.8, 頻寬: 200Mbps
2025-07-23 17:25:12,402 [INFO] 開始配置頻寬控制: 200Mbps
2025-07-23 17:25:12,422 [INFO] ✓ 設置包大小: 1500 bytes
2025-07-23 17:25:12,429 [INFO] ✓ 設置包間延遲: 5000 ticks
2025-07-23 17:25:12,430 [INFO] 頻寬計算: 最大FPS=4.13, 實際FPS=4.13
2025-07-23 17:25:12,430 [INFO] ✓ 重傳參數設置成功
2025-07-23 17:25:12,431 [INFO] ✓ GVSP超時設置: 5000ms
2025-07-23 17:25:12,432 [INFO] ○ 設備不支援直接頻寬限制，使用其他方法控制
2025-07-23 17:25:12,432 [INFO] 頻寬控制配置完成
2025-07-23 17:25:12,450 [WARNING] 設置像素格式失敗: 0x80000106
2025-07-23 17:25:12,465 [INFO] ✓ 曝光時間設置: 20000.0μs
2025-07-23 17:25:12,476 [INFO] ✓ 幀率設置: 5.0 FPS
2025-07-23 17:25:12,484 [INFO] ✓ 觸發模式
2025-07-23 17:25:12,484 [INFO] ✓ 緩存節點: 1 (最新幀模式)
2025-07-23 17:25:12,485 [INFO] ✓ 抓取策略: 僅最新幀
2025-07-23 17:25:12,485 [INFO] 相機 ccd1_camera 參數配置完成
2025-07-23 17:25:12,485 [INFO] 相機 ccd1_camera 連接成功 - 頻寬限制: 200Mbps
2025-07-23 17:25:12,511 [INFO] 相機 ccd1_camera 開始串流 - 5.0FPS
2025-07-23 17:25:13,512 [INFO] CCD1視覺系統初始化成功
2025-07-23 17:25:13,512 [INFO] 正在初始化CCD3角度檢測系統...
2025-07-23 17:25:14,135 [INFO] 開始配置頻寬控制: 200Mbps
2025-07-23 17:25:14,145 [INFO] ✓ 設置包大小: 1500 bytes
2025-07-23 17:25:14,155 [INFO] ✓ 設置包間延遲: 5000 ticks
2025-07-23 17:25:14,155 [INFO] 頻寬計算: 最大FPS=4.13, 實際FPS=4.13
2025-07-23 17:25:14,156 [INFO] ✓ 重傳參數設置成功
2025-07-23 17:25:14,157 [INFO] ✓ GVSP超時設置: 5000ms
2025-07-23 17:25:14,170 [INFO] ○ 設備不支援直接頻寬限制，使用其他方法控制
2025-07-23 17:25:14,170 [INFO] 頻寬控制配置完成
2025-07-23 17:25:14,194 [WARNING] 設置像素格式失敗: 0x80000106
2025-07-23 17:25:14,203 [INFO] ✓ 曝光時間設置: 20000.0μs
2025-07-23 17:25:14,214 [INFO] ✓ 幀率設置: 5.0 FPS
2025-07-23 17:25:14,219 [INFO] ✓ 觸發模式
2025-07-23 17:25:14,220 [INFO] ✓ 緩存節點: 1 (最新幀模式)
2025-07-23 17:25:14,220 [INFO] ✓ 抓取策略: 僅最新幀
2025-07-23 17:25:14,220 [INFO] 相機 ccd3_headless_camera 參數配置完成
2025-07-23 17:25:14,220 [INFO] 相機 ccd3_headless_camera 連接成功 - 頻寬限制: 200Mbps
2025-07-23 17:25:14,245 [INFO] 相機 ccd3_headless_camera 開始串流 - 5.0FPS
2025-07-23 17:25:14,454 [INFO] CCD3角度檢測系統初始化成功
2025-07-23 17:25:14,454 [INFO] 正在初始化震動盤系統...
2025-07-23 17:25:14,603 [INFO] 震動盤系統初始化成功
2025-07-23 17:25:14,603 [INFO] 正在初始化夾爪系統...
2025-07-23 17:25:14,604 [INFO] PGC夾爪API初始化 - 直接串口通信模式
2025-07-23 17:25:14,604 [INFO] 正在連接PGC夾爪串口: COM3
2025-07-23 17:25:14,633 [INFO] PGC夾爪串口連接成功: COM3
2025-07-23 17:25:14,633 [INFO] PGC夾爪連接成功
2025-07-23 17:25:14,633 [INFO] 開始自動初始化PGC夾爪
2025-07-23 17:25:14,633 [INFO] 開始初始化PGC夾爪
2025-07-23 17:25:16,601 [INFO] PGC夾爪初始化成功，耗時: 1.967秒
2025-07-23 17:25:16,601 [INFO] PGC夾爪初始化成功
2025-07-23 17:25:16,601 [INFO] 夾爪系統初始化成功
2025-07-23 17:25:16,601 [INFO] 正在初始化Dobot機械臂...
2025-07-23 17:25:16,642 [INFO] Dobot連接成功: 192.168.1.6
2025-07-23 17:25:17,865 [INFO] 機械臂使能成功
2025-07-23 17:25:17,865 [INFO] 機械臂自動使能成功
2025-07-23 17:25:17,865 [INFO] Dobot機械臂初始化成功
2025-07-23 17:25:17,873 [INFO] 碰撞檢測等級設定為: 3
2025-07-23 17:25:17,873 [INFO] 碰撞檢測等級設置為: 3
2025-07-23 17:25:17,873 [INFO] 系統初始化完成: 5/5 個子系統成功
2025-07-23 17:25:17,874 [INFO] 開始初始化所有子系統
2025-07-23 17:25:17,874 [WARNING] CCD1已經初始化
2025-07-23 17:25:17,874 [WARNING] CCD3已經初始化
2025-07-23 17:25:17,874 [WARNING] VP已經初始化
2025-07-23 17:25:17,874 [WARNING] Gripper已經初始化
2025-07-23 17:25:17,874 [WARNING] Dobot已經初始化
2025-07-23 17:25:17,875 [INFO] 系統初始化完成: 5/5 個子系統成功
2025-07-23 17:25:19,077 [INFO] 機械臂使能成功
2025-07-23 17:25:19,078 [INFO] 機械臂連接並使能成功
2025-07-23 17:25:19,078 [INFO] PGC夾爪快速關閉
2025-07-23 17:25:19,896 [INFO] PGC快速關閉成功，耗時: 0.818秒
2025-07-23 17:25:19,896 [INFO] 夾爪連接並關閉成功
2025-07-23 17:25:19,896 [INFO] CCD1連接成功（已自動載入模型1）
2025-07-23 17:25:19,896 [INFO] CCD3連接並初始化成功
2025-07-23 17:25:19,897 [INFO] 載入機械臂點位成功，共9個點位
2025-07-23 17:25:19,897 [INFO] 物件管理器初始化完成
2025-07-23 17:25:19,897 [INFO] 參數設定事件啟動
2025-07-23 17:25:19,897 [INFO] CCD1使用預設模型: 1
2025-07-23 17:25:19,897 [INFO] PGC智能釋放到位置: 360
2025-07-23 17:25:19,923 [INFO] PGC智能釋放成功，耗時: 0.025秒
2025-07-23 17:25:19,923 [INFO] 夾爪開度設定為: 360
2025-07-23 17:25:19,924 [INFO] 震動盤參數設定 - 強度:60, 頻率:100
2025-07-23 17:25:19,924 [INFO] 參數設定完成
2025-07-23 17:25:19,925 [INFO] 自動進料事件啟動
2025-07-23 17:25:26,227 [INFO] CCD1檢測成功: {0: 10, 1: 51}
2025-07-23 17:25:26,227 [INFO] 使用上次CCD1檢測結果獲取座標
2025-07-23 17:25:26,227 [INFO] CCD1座標獲取成功: 像素座標2類
2025-07-23 17:25:26,227 [INFO] 檢測結果 - DR_F(標籤0):10, STACK(標籤1):51
2025-07-23 17:25:26,228 [INFO] 物料準備完成 - DR_F數量:10, 實際座標:10個
2025-07-23 17:25:26,228 [INFO] 機械臂上料事件啟動(Flow1流程)
2025-07-23 17:25:26,228 [INFO] 處理第1個物件，座標:(-2.05, 301.37)
2025-07-23 17:25:26,232 [INFO] 切換到左手手勢
2025-07-23 17:25:26,241 [INFO] 關節運動到座標: (223.14, 189.28, 238.86, 83.37)
2025-07-23 17:25:26,559 [INFO] 運動同步完成
2025-07-23 17:25:26,559 [INFO] 移動到standby完成
2025-07-23 17:25:26,566 [INFO] 關節運動到座標: (-25.23, 291.51, 238.86, 137.11)
2025-07-23 17:25:27,251 [INFO] 運動同步完成
2025-07-23 17:25:27,251 [INFO] 移動到VP_TOPSIDE完成
2025-07-23 17:25:27,623 [INFO] 運動同步完成
2025-07-23 17:25:27,623 [INFO] 移動到檢測位置上方完成
2025-07-23 17:25:28,327 [INFO] 運動同步完成
2025-07-23 17:25:28,328 [INFO] 移動到夾取位置完成
2025-07-23 17:25:28,328 [INFO] PGC智能釋放到位置: 360
2025-07-23 17:25:28,373 [INFO] PGC智能釋放成功，耗時: 0.046秒
2025-07-23 17:25:28,674 [INFO] 夾爪撐開完成
2025-07-23 17:25:29,396 [INFO] 運動同步完成
2025-07-23 17:25:29,396 [INFO] 返回VP_TOPSIDE完成
2025-07-23 17:25:29,411 [INFO] 關節運動到座標: (223.14, 189.28, 238.86, 83.37)
2025-07-23 17:25:30,087 [INFO] 運動同步完成
2025-07-23 17:25:30,088 [INFO] 返回standby完成
2025-07-23 17:25:30,098 [INFO] 關節運動到座標: (260.89, -17.57, 241.39, 44.86)
2025-07-23 17:25:30,747 [INFO] 運動同步完成
2025-07-23 17:25:30,748 [INFO] 移動到Rotate_top完成
2025-07-23 17:25:30,757 [INFO] 關節運動到座標: (260.89, -17.37, 212.0, 44.89)
2025-07-23 17:25:31,035 [INFO] 運動同步完成
2025-07-23 17:25:31,035 [INFO] 移動到Rotate_down完成
2025-07-23 17:25:31,035 [INFO] PGC夾爪快速關閉
2025-07-23 17:25:31,394 [INFO] PGC快速關閉成功，耗時: 0.359秒
2025-07-23 17:25:31,695 [INFO] 夾爪關閉完成
2025-07-23 17:25:31,700 [INFO] 關節運動到座標: (260.89, -17.57, 241.39, 44.86)
2025-07-23 17:25:31,982 [INFO] 運動同步完成
2025-07-23 17:25:31,983 [INFO] 返回Rotate_top完成
2025-07-23 17:25:31,989 [INFO] 關節運動到座標: (223.14, 189.28, 238.86, 83.37)
2025-07-23 17:25:32,638 [INFO] 運動同步完成
2025-07-23 17:25:32,639 [INFO] 返回standby完成
2025-07-23 17:25:32,856 [INFO] CCD3角度檢測成功 - 檢測角度:-0.00°, 指令角度:45.00°
2025-07-23 17:25:32,865 [INFO] 關節運動到座標: (260.89, -17.57, 241.39, 44.86)
2025-07-23 17:25:33,511 [INFO] 運動同步完成
2025-07-23 17:25:33,521 [INFO] 關節運動到座標: (260.89, -17.37, 212.0, 44.89)
2025-07-23 17:25:33,799 [INFO] 運動同步完成
2025-07-23 17:25:33,799 [INFO] PGC智能釋放到位置: 360
2025-07-23 17:25:34,162 [INFO] PGC智能釋放成功，耗時: 0.362秒
2025-07-23 17:25:34,470 [INFO] 關節運動到座標: (260.89, -17.57, 241.39, 44.86)
2025-07-23 17:25:34,747 [INFO] 運動同步完成
2025-07-23 17:25:34,753 [INFO] 關節運動到座標: (-60.62, -381.97, 177.35, 43.06)
2025-07-23 17:25:34,767 [INFO] 運動同步完成
2025-07-23 17:25:34,768 [INFO] 移動到put_asm_top完成
2025-07-23 17:25:34,768 [INFO] Flow1流程完成，執行次數: 1
2025-07-23 17:25:34,768 [INFO] 機械臂組裝事件啟動(Flow2流程)
2025-07-23 17:25:39,770 [INFO] 開始組裝流程，使用角度: 45.00°
2025-07-23 17:31:16,270 [INFO] 自動化系統啟動
2025-07-23 17:31:16,270 [INFO] 物件管理器啟動 - 開始初始化子系統
2025-07-23 17:31:16,279 [INFO] Robot類別初始化開始
2025-07-23 17:31:16,279 [INFO] 開始初始化所有子系統
2025-07-23 17:31:16,279 [INFO] 正在初始化CCD1視覺系統...
2025-07-23 17:31:16,838 [INFO] 相機管理器初始化完成 - 頻寬控制版
2025-07-23 17:31:16,838 [INFO] 添加相機 ccd1_camera - IP: 192.168.1.8, 頻寬: 200Mbps
2025-07-23 17:31:17,470 [INFO] 開始配置頻寬控制: 200Mbps
2025-07-23 17:31:17,481 [INFO] ✓ 設置包大小: 1500 bytes
2025-07-23 17:31:17,488 [INFO] ✓ 設置包間延遲: 5000 ticks
2025-07-23 17:31:17,489 [INFO] 頻寬計算: 最大FPS=4.13, 實際FPS=4.13
2025-07-23 17:31:17,489 [INFO] ✓ 重傳參數設置成功
2025-07-23 17:31:17,490 [INFO] ✓ GVSP超時設置: 5000ms
2025-07-23 17:31:17,493 [INFO] ○ 設備不支援直接頻寬限制，使用其他方法控制
2025-07-23 17:31:17,494 [INFO] 頻寬控制配置完成
2025-07-23 17:31:17,517 [WARNING] 設置像素格式失敗: 0x80000106
2025-07-23 17:31:17,533 [INFO] ✓ 曝光時間設置: 20000.0μs
2025-07-23 17:31:17,545 [INFO] ✓ 幀率設置: 5.0 FPS
2025-07-23 17:31:17,550 [INFO] ✓ 觸發模式
2025-07-23 17:31:17,550 [INFO] ✓ 緩存節點: 1 (最新幀模式)
2025-07-23 17:31:17,550 [INFO] ✓ 抓取策略: 僅最新幀
2025-07-23 17:31:17,551 [INFO] 相機 ccd1_camera 參數配置完成
2025-07-23 17:31:17,551 [INFO] 相機 ccd1_camera 連接成功 - 頻寬限制: 200Mbps
2025-07-23 17:31:17,601 [INFO] 相機 ccd1_camera 開始串流 - 5.0FPS
2025-07-23 17:31:18,602 [INFO] CCD1視覺系統初始化成功
2025-07-23 17:31:18,602 [INFO] 正在初始化CCD3角度檢測系統...
2025-07-23 17:31:19,245 [INFO] 開始配置頻寬控制: 200Mbps
2025-07-23 17:31:19,255 [INFO] ✓ 設置包大小: 1500 bytes
2025-07-23 17:31:19,262 [INFO] ✓ 設置包間延遲: 5000 ticks
2025-07-23 17:31:19,263 [INFO] 頻寬計算: 最大FPS=4.13, 實際FPS=4.13
2025-07-23 17:31:19,263 [INFO] ✓ 重傳參數設置成功
2025-07-23 17:31:19,264 [INFO] ✓ GVSP超時設置: 5000ms
2025-07-23 17:31:19,267 [INFO] ○ 設備不支援直接頻寬限制，使用其他方法控制
2025-07-23 17:31:19,267 [INFO] 頻寬控制配置完成
2025-07-23 17:31:19,288 [WARNING] 設置像素格式失敗: 0x80000106
2025-07-23 17:31:19,301 [INFO] ✓ 曝光時間設置: 20000.0μs
2025-07-23 17:31:19,312 [INFO] ✓ 幀率設置: 5.0 FPS
2025-07-23 17:31:19,317 [INFO] ✓ 觸發模式
2025-07-23 17:31:19,317 [INFO] ✓ 緩存節點: 1 (最新幀模式)
2025-07-23 17:31:19,317 [INFO] ✓ 抓取策略: 僅最新幀
2025-07-23 17:31:19,318 [INFO] 相機 ccd3_headless_camera 參數配置完成
2025-07-23 17:31:19,318 [INFO] 相機 ccd3_headless_camera 連接成功 - 頻寬限制: 200Mbps
2025-07-23 17:31:19,345 [INFO] 相機 ccd3_headless_camera 開始串流 - 5.0FPS
2025-07-23 17:31:19,550 [INFO] CCD3角度檢測系統初始化成功
2025-07-23 17:31:19,550 [INFO] 正在初始化震動盤系統...
2025-07-23 17:31:19,746 [INFO] 震動盤系統初始化成功
2025-07-23 17:31:19,746 [INFO] 正在初始化夾爪系統...
2025-07-23 17:31:19,753 [INFO] PGC夾爪API初始化 - 直接串口通信模式
2025-07-23 17:31:19,753 [INFO] 正在連接PGC夾爪串口: COM3
2025-07-23 17:31:19,782 [INFO] PGC夾爪串口連接成功: COM3
2025-07-23 17:31:19,782 [INFO] PGC夾爪連接成功
2025-07-23 17:31:19,783 [INFO] 開始自動初始化PGC夾爪
2025-07-23 17:31:19,783 [INFO] 開始初始化PGC夾爪
2025-07-23 17:31:21,699 [INFO] PGC夾爪初始化成功，耗時: 1.916秒
2025-07-23 17:31:21,699 [INFO] PGC夾爪初始化成功
2025-07-23 17:31:21,699 [INFO] 夾爪系統初始化成功
2025-07-23 17:31:21,700 [INFO] 正在初始化Dobot機械臂...
2025-07-23 17:31:21,726 [INFO] Dobot連接成功: 192.168.1.6
2025-07-23 17:31:22,929 [INFO] 機械臂使能成功
2025-07-23 17:31:22,930 [INFO] 機械臂自動使能成功
2025-07-23 17:31:22,930 [INFO] Dobot機械臂初始化成功
2025-07-23 17:31:22,938 [INFO] 碰撞檢測等級設定為: 3
2025-07-23 17:31:22,938 [INFO] 碰撞檢測等級設置為: 3
2025-07-23 17:31:22,938 [INFO] 系統初始化完成: 5/5 個子系統成功
2025-07-23 17:31:22,938 [INFO] 開始初始化所有子系統
2025-07-23 17:31:22,939 [WARNING] CCD1已經初始化
2025-07-23 17:31:22,939 [WARNING] CCD3已經初始化
2025-07-23 17:31:22,939 [WARNING] VP已經初始化
2025-07-23 17:31:22,939 [WARNING] Gripper已經初始化
2025-07-23 17:31:22,939 [WARNING] Dobot已經初始化
2025-07-23 17:31:22,939 [INFO] 系統初始化完成: 5/5 個子系統成功
2025-07-23 17:31:24,145 [INFO] 機械臂使能成功
2025-07-23 17:31:24,146 [INFO] 機械臂連接並使能成功
2025-07-23 17:31:24,146 [INFO] PGC夾爪快速關閉
2025-07-23 17:31:24,978 [INFO] PGC快速關閉成功，耗時: 0.831秒
2025-07-23 17:31:24,978 [INFO] 夾爪連接並關閉成功
2025-07-23 17:31:24,978 [INFO] CCD1連接成功（已自動載入模型1）
2025-07-23 17:31:24,978 [INFO] CCD3連接並初始化成功
2025-07-23 17:31:24,978 [INFO] 載入機械臂點位成功，共9個點位
2025-07-23 17:31:24,978 [INFO] 物件管理器初始化完成
2025-07-23 17:31:24,979 [INFO] 參數設定事件啟動
2025-07-23 17:31:24,979 [INFO] CCD1使用預設模型: 1
2025-07-23 17:31:24,979 [INFO] PGC智能釋放到位置: 360
2025-07-23 17:31:25,006 [INFO] PGC智能釋放成功，耗時: 0.027秒
2025-07-23 17:31:25,006 [INFO] 夾爪開度設定為: 360
2025-07-23 17:31:25,007 [INFO] 震動盤參數設定 - 擴散強度:107, 擴散頻率:87
2025-07-23 17:31:25,008 [INFO] 參數設定完成
2025-07-23 17:31:25,008 [INFO] 自動進料事件啟動
2025-07-23 17:31:31,271 [INFO] CCD1檢測成功: {0: 9, 1: 53}
2025-07-23 17:31:31,271 [INFO] 使用上次CCD1檢測結果獲取座標
2025-07-23 17:31:31,272 [INFO] CCD1座標獲取成功: 像素座標2類
2025-07-23 17:31:31,272 [INFO] 檢測結果 - DR_F(標籤0):9, STACK(標籤1):53
2025-07-23 17:31:31,272 [INFO] 物料準備完成 - DR_F數量:9, 實際座標:9個
2025-07-23 17:31:31,272 [INFO] 機械臂上料事件啟動(Flow1流程)
2025-07-23 17:31:31,272 [INFO] 處理第1個物件，座標:(-74.91, 203.43)
2025-07-23 17:31:31,278 [INFO] 切換到左手手勢
2025-07-23 17:31:31,707 [INFO] 運動同步完成
2025-07-23 17:31:31,707 [INFO] 移動到standby完成
2025-07-23 17:31:32,519 [INFO] 運動同步完成
2025-07-23 17:31:32,520 [INFO] 移動到VP_TOPSIDE完成
2025-07-23 17:31:33,283 [INFO] 運動同步完成
2025-07-23 17:31:33,284 [INFO] 移動到檢測位置上方完成
2025-07-23 17:31:33,991 [INFO] 運動同步完成
2025-07-23 17:31:33,992 [INFO] 移動到夾取位置完成
2025-07-23 17:31:33,992 [INFO] PGC智能釋放到位置: 360
2025-07-23 17:31:34,031 [INFO] PGC智能釋放成功，耗時: 0.039秒
2025-07-23 17:31:34,332 [INFO] 夾爪撐開完成
2025-07-23 17:31:35,279 [INFO] 運動同步完成
2025-07-23 17:31:35,279 [INFO] 返回VP_TOPSIDE完成
2025-07-23 17:31:36,084 [INFO] 運動同步完成
2025-07-23 17:31:36,084 [INFO] 返回standby完成
2025-07-23 17:31:36,843 [INFO] 運動同步完成
2025-07-23 17:31:36,843 [INFO] 移動到Rotate_top完成
2025-07-23 17:31:37,235 [INFO] 運動同步完成
2025-07-23 17:31:37,235 [INFO] 移動到Rotate_down完成
2025-07-23 17:31:37,236 [INFO] PGC夾爪快速關閉
2025-07-23 17:31:37,596 [INFO] PGC快速關閉成功，耗時: 0.360秒
2025-07-23 17:31:37,897 [INFO] 夾爪關閉完成
2025-07-23 17:31:38,303 [INFO] 運動同步完成
2025-07-23 17:31:38,303 [INFO] 返回Rotate_top完成
2025-07-23 17:31:39,079 [INFO] 運動同步完成
2025-07-23 17:31:39,079 [INFO] 返回standby完成
2025-07-23 17:31:39,297 [INFO] CCD3角度檢測成功 - 檢測角度:-0.00°, 指令角度:45.00°
2025-07-23 17:31:40,080 [INFO] 運動同步完成
2025-07-23 17:31:40,479 [INFO] 運動同步完成
2025-07-23 17:31:40,479 [INFO] PGC智能釋放到位置: 360
2025-07-23 17:31:40,843 [INFO] PGC智能釋放成功，耗時: 0.364秒
2025-07-23 17:31:41,543 [INFO] 運動同步完成
2025-07-23 17:31:42,999 [INFO] 運動同步完成
2025-07-23 17:31:43,000 [INFO] 移動到put_asm_top完成
2025-07-23 17:31:43,000 [INFO] Flow1流程完成，執行次數: 1
2025-07-23 17:31:43,001 [INFO] 機械臂組裝事件啟動(Flow2流程)
2025-07-23 17:31:48,002 [INFO] 開始組裝流程，使用角度: 45.00°
2025-07-23 17:31:48,718 [INFO] 運動同步完成
2025-07-23 17:31:48,719 [INFO] 移動到put_asm_top完成 (J4角度:45.00°)
2025-07-23 17:31:49,095 [INFO] 運動同步完成
2025-07-23 17:31:49,095 [INFO] 移動到put_asm_down完成 (J4角度:45.00°)
2025-07-23 17:31:49,095 [INFO] PGC夾爪快速關閉
2025-07-23 17:31:49,464 [INFO] PGC快速關閉成功，耗時: 0.368秒
2025-07-23 17:31:49,765 [INFO] 夾爪關閉完成
2025-07-23 17:31:50,131 [INFO] 運動同步完成
2025-07-23 17:31:50,131 [INFO] 返回put_asm_top完成
2025-07-23 17:31:51,479 [INFO] 運動同步完成
2025-07-23 17:31:51,479 [INFO] 返回standby完成
2025-07-23 17:31:51,479 [INFO] Flow2組裝流程完成
2025-07-23 17:31:51,479 [INFO] 一輪生產循環完成
2025-07-23 17:31:51,480 [INFO] 機械臂上料事件啟動(Flow1流程)
2025-07-23 17:31:51,480 [INFO] 處理第2個物件，座標:(-2.52, 301.65)
2025-07-23 17:31:51,485 [INFO] 切換到左手手勢
2025-07-23 17:31:51,619 [INFO] 運動同步完成
2025-07-23 17:31:51,619 [INFO] 移動到standby完成
2025-07-23 17:31:52,422 [INFO] 運動同步完成
2025-07-23 17:31:52,423 [INFO] 移動到VP_TOPSIDE完成
2025-07-23 17:31:52,791 [INFO] 運動同步完成
2025-07-23 17:31:52,791 [INFO] 移動到檢測位置上方完成
2025-07-23 17:31:53,506 [INFO] 運動同步完成
2025-07-23 17:31:53,507 [INFO] 移動到夾取位置完成
2025-07-23 17:31:53,507 [INFO] PGC智能釋放到位置: 360
2025-07-23 17:31:53,829 [INFO] PGC智能釋放成功，耗時: 0.322秒
2025-07-23 17:31:54,130 [INFO] 夾爪撐開完成
2025-07-23 17:31:54,854 [INFO] 運動同步完成
2025-07-23 17:31:54,855 [INFO] 返回VP_TOPSIDE完成
2025-07-23 17:31:55,658 [INFO] 運動同步完成
2025-07-23 17:31:55,659 [INFO] 返回standby完成
2025-07-23 17:31:56,434 [INFO] 運動同步完成
2025-07-23 17:31:56,435 [INFO] 移動到Rotate_top完成
2025-07-23 17:31:56,830 [INFO] 運動同步完成
2025-07-23 17:31:56,831 [INFO] 移動到Rotate_down完成
2025-07-23 17:31:56,831 [INFO] PGC夾爪快速關閉
2025-07-23 17:31:57,156 [INFO] PGC快速關閉成功，耗時: 0.325秒
2025-07-23 17:31:57,457 [INFO] 夾爪關閉完成
2025-07-23 17:31:57,858 [INFO] 運動同步完成
2025-07-23 17:31:57,859 [INFO] 返回Rotate_top完成
2025-07-23 17:31:58,633 [INFO] 運動同步完成
2025-07-23 17:31:58,634 [INFO] 返回standby完成
2025-07-23 17:31:58,851 [INFO] CCD3角度檢測成功 - 檢測角度:74.11°, 指令角度:119.11°
2025-07-23 17:31:59,630 [INFO] 運動同步完成
2025-07-23 17:32:00,030 [INFO] 運動同步完成
2025-07-23 17:32:00,030 [INFO] PGC智能釋放到位置: 360
2025-07-23 17:32:00,356 [INFO] PGC智能釋放成功，耗時: 0.325秒
2025-07-23 17:32:01,054 [INFO] 運動同步完成
2025-07-23 17:32:02,514 [INFO] 運動同步完成
2025-07-23 17:32:02,514 [INFO] 移動到put_asm_top完成
2025-07-23 17:32:02,515 [INFO] Flow1流程完成，執行次數: 2
2025-07-23 17:32:02,515 [INFO] 機械臂組裝事件啟動(Flow2流程)
2025-07-23 17:32:07,517 [INFO] 開始組裝流程，使用角度: 119.11°
2025-07-23 17:32:08,094 [INFO] 運動同步完成
2025-07-23 17:32:08,095 [INFO] 移動到put_asm_top完成 (J4角度:119.11°)
2025-07-23 17:32:08,478 [INFO] 運動同步完成
2025-07-23 17:32:08,478 [INFO] 移動到put_asm_down完成 (J4角度:119.11°)
2025-07-23 17:32:08,478 [INFO] PGC夾爪快速關閉
2025-07-23 17:32:08,798 [INFO] PGC快速關閉成功，耗時: 0.319秒
2025-07-23 17:32:09,099 [INFO] 夾爪關閉完成
2025-07-23 17:32:09,478 [INFO] 運動同步完成
2025-07-23 17:32:09,479 [INFO] 返回put_asm_top完成
2025-07-23 17:32:10,830 [INFO] 運動同步完成
2025-07-23 17:32:10,830 [INFO] 返回standby完成
2025-07-23 17:32:10,830 [INFO] Flow2組裝流程完成
2025-07-23 17:32:10,831 [INFO] 一輪生產循環完成
2025-07-23 17:32:10,831 [INFO] 機械臂上料事件啟動(Flow1流程)
2025-07-23 17:32:10,832 [INFO] 處理第3個物件，座標:(-1.94, 275.00)
2025-07-23 17:32:10,836 [INFO] 切換到左手手勢
2025-07-23 17:32:10,974 [INFO] 運動同步完成
2025-07-23 17:32:10,974 [INFO] 移動到standby完成
2025-07-23 17:32:11,773 [INFO] 運動同步完成
2025-07-23 17:32:11,774 [INFO] 移動到VP_TOPSIDE完成
2025-07-23 17:32:12,166 [INFO] 運動同步完成
2025-07-23 17:32:12,166 [INFO] 移動到檢測位置上方完成
2025-07-23 17:32:12,882 [INFO] 運動同步完成
2025-07-23 17:32:12,882 [INFO] 移動到夾取位置完成
2025-07-23 17:32:12,882 [INFO] PGC智能釋放到位置: 360
2025-07-23 17:32:13,197 [INFO] PGC智能釋放成功，耗時: 0.314秒
2025-07-23 17:32:13,498 [INFO] 夾爪撐開完成
2025-07-23 17:32:14,233 [INFO] 運動同步完成
2025-07-23 17:32:14,234 [INFO] 返回VP_TOPSIDE完成
2025-07-23 17:32:15,029 [INFO] 運動同步完成
2025-07-23 17:32:15,030 [INFO] 返回standby完成
2025-07-23 17:32:15,806 [INFO] 運動同步完成
2025-07-23 17:32:15,807 [INFO] 移動到Rotate_top完成
2025-07-23 17:32:16,202 [INFO] 運動同步完成
2025-07-23 17:32:16,202 [INFO] 移動到Rotate_down完成
2025-07-23 17:32:16,202 [INFO] PGC夾爪快速關閉
2025-07-23 17:32:16,523 [INFO] PGC快速關閉成功，耗時: 0.321秒
2025-07-23 17:32:16,824 [INFO] 夾爪關閉完成
2025-07-23 17:32:17,213 [INFO] 運動同步完成
2025-07-23 17:32:17,214 [INFO] 返回Rotate_top完成
2025-07-23 17:32:17,989 [INFO] 運動同步完成
2025-07-23 17:32:17,990 [INFO] 返回standby完成
2025-07-23 17:32:18,208 [INFO] CCD3角度檢測成功 - 檢測角度:47.46°, 指令角度:92.46°
2025-07-23 17:32:18,978 [INFO] 運動同步完成
2025-07-23 17:32:19,385 [INFO] 運動同步完成
2025-07-23 17:32:19,385 [INFO] PGC智能釋放到位置: 360
2025-07-23 17:32:19,707 [INFO] PGC智能釋放成功，耗時: 0.320秒
2025-07-23 17:32:20,414 [INFO] 運動同步完成
2025-07-23 17:32:21,884 [INFO] 運動同步完成
2025-07-23 17:32:21,884 [INFO] 移動到put_asm_top完成
2025-07-23 17:32:21,884 [INFO] Flow1流程完成，執行次數: 3
2025-07-23 17:32:21,885 [INFO] 機械臂組裝事件啟動(Flow2流程)
2025-07-23 17:32:26,886 [INFO] 開始組裝流程，使用角度: 92.46°
2025-07-23 17:32:27,505 [INFO] 運動同步完成
2025-07-23 17:32:27,506 [INFO] 移動到put_asm_top完成 (J4角度:92.46°)
2025-07-23 17:32:27,877 [INFO] 運動同步完成
2025-07-23 17:32:27,877 [INFO] 移動到put_asm_down完成 (J4角度:92.46°)
2025-07-23 17:32:27,877 [INFO] PGC夾爪快速關閉
2025-07-23 17:32:28,198 [INFO] PGC快速關閉成功，耗時: 0.321秒
2025-07-23 17:32:28,499 [INFO] 夾爪關閉完成
2025-07-23 17:32:28,874 [INFO] 運動同步完成
2025-07-23 17:32:28,874 [INFO] 返回put_asm_top完成
2025-07-23 17:32:30,229 [INFO] 運動同步完成
2025-07-23 17:32:30,229 [INFO] 返回standby完成
2025-07-23 17:32:30,229 [INFO] Flow2組裝流程完成
2025-07-23 17:32:30,229 [INFO] 一輪生產循環完成
2025-07-23 17:32:30,230 [INFO] 機械臂上料事件啟動(Flow1流程)
2025-07-23 17:32:30,230 [INFO] 處理第4個物件，座標:(-1.07, 248.53)
2025-07-23 17:32:30,235 [INFO] 切換到左手手勢
2025-07-23 17:32:30,369 [INFO] 運動同步完成
2025-07-23 17:32:30,369 [INFO] 移動到standby完成
2025-07-23 17:32:31,173 [INFO] 運動同步完成
2025-07-23 17:32:31,174 [INFO] 移動到VP_TOPSIDE完成
2025-07-23 17:32:31,657 [INFO] 運動同步完成
2025-07-23 17:32:31,658 [INFO] 移動到檢測位置上方完成
2025-07-23 17:32:32,373 [INFO] 運動同步完成
2025-07-23 17:32:32,374 [INFO] 移動到夾取位置完成
2025-07-23 17:32:32,374 [INFO] PGC智能釋放到位置: 360
2025-07-23 17:32:32,692 [INFO] PGC智能釋放成功，耗時: 0.319秒
2025-07-23 17:32:32,994 [INFO] 夾爪撐開完成
2025-07-23 17:32:33,773 [INFO] 運動同步完成
2025-07-23 17:32:33,774 [INFO] 返回VP_TOPSIDE完成
2025-07-23 17:32:34,580 [INFO] 運動同步完成
2025-07-23 17:32:34,581 [INFO] 返回standby完成
2025-07-23 17:32:35,349 [INFO] 運動同步完成
2025-07-23 17:32:35,349 [INFO] 移動到Rotate_top完成
2025-07-23 17:32:35,748 [INFO] 運動同步完成
2025-07-23 17:32:35,749 [INFO] 移動到Rotate_down完成
2025-07-23 17:32:35,749 [INFO] PGC夾爪快速關閉
2025-07-23 17:32:36,066 [INFO] PGC快速關閉成功，耗時: 0.317秒
2025-07-23 17:32:36,367 [INFO] 夾爪關閉完成
2025-07-23 17:32:36,764 [INFO] 運動同步完成
2025-07-23 17:32:36,764 [INFO] 返回Rotate_top完成
2025-07-23 17:32:37,532 [INFO] 運動同步完成
2025-07-23 17:32:37,533 [INFO] 返回standby完成
2025-07-23 17:32:37,750 [INFO] CCD3角度檢測成功 - 檢測角度:80.17°, 指令角度:125.17°
2025-07-23 17:32:38,517 [INFO] 運動同步完成
2025-07-23 17:32:38,908 [INFO] 運動同步完成
2025-07-23 17:32:38,909 [INFO] PGC智能釋放到位置: 360
2025-07-23 17:32:39,233 [INFO] PGC智能釋放成功，耗時: 0.325秒
2025-07-23 17:32:39,941 [INFO] 運動同步完成
2025-07-23 17:32:41,393 [INFO] 運動同步完成
2025-07-23 17:32:41,393 [INFO] 移動到put_asm_top完成
2025-07-23 17:32:41,394 [INFO] Flow1流程完成，執行次數: 4
2025-07-23 17:32:41,394 [INFO] 機械臂組裝事件啟動(Flow2流程)
2025-07-23 17:32:46,394 [INFO] 開始組裝流程，使用角度: 125.17°
2025-07-23 17:32:46,948 [INFO] 運動同步完成
2025-07-23 17:32:46,949 [INFO] 移動到put_asm_top完成 (J4角度:125.17°)
2025-07-23 17:32:47,328 [INFO] 運動同步完成
2025-07-23 17:32:47,329 [INFO] 移動到put_asm_down完成 (J4角度:125.17°)
2025-07-23 17:32:47,329 [INFO] PGC夾爪快速關閉
2025-07-23 17:32:47,645 [INFO] PGC快速關閉成功，耗時: 0.316秒
2025-07-23 17:32:47,946 [INFO] 夾爪關閉完成
2025-07-23 17:32:48,324 [INFO] 運動同步完成
2025-07-23 17:32:48,325 [INFO] 返回put_asm_top完成
2025-07-23 17:32:49,675 [INFO] 運動同步完成
2025-07-23 17:32:49,676 [INFO] 返回standby完成
2025-07-23 17:32:49,676 [INFO] Flow2組裝流程完成
2025-07-23 17:32:49,676 [INFO] 一輪生產循環完成
2025-07-23 17:32:49,676 [INFO] 機械臂上料事件啟動(Flow1流程)
2025-07-23 17:32:49,677 [INFO] 處理第5個物件，座標:(-25.31, 208.39)
2025-07-23 17:32:49,682 [INFO] 切換到左手手勢
2025-07-23 17:32:49,808 [INFO] 運動同步完成
2025-07-23 17:32:49,808 [INFO] 移動到standby完成
2025-07-23 17:32:50,612 [INFO] 運動同步完成
2025-07-23 17:32:50,612 [INFO] 移動到VP_TOPSIDE完成
2025-07-23 17:32:51,272 [INFO] 運動同步完成
2025-07-23 17:32:51,273 [INFO] 移動到檢測位置上方完成
2025-07-23 17:32:51,988 [INFO] 運動同步完成
2025-07-23 17:32:51,988 [INFO] 移動到夾取位置完成
2025-07-23 17:32:51,988 [INFO] PGC智能釋放到位置: 360
2025-07-23 17:32:52,347 [INFO] PGC智能釋放成功，耗時: 0.358秒
2025-07-23 17:32:52,648 [INFO] 夾爪撐開完成
2025-07-23 17:32:53,523 [INFO] 運動同步完成
2025-07-23 17:32:53,524 [INFO] 返回VP_TOPSIDE完成
2025-07-23 17:32:54,340 [INFO] 運動同步完成
2025-07-23 17:32:54,340 [INFO] 返回standby完成
2025-07-23 17:32:55,108 [INFO] 運動同步完成
2025-07-23 17:32:55,108 [INFO] 移動到Rotate_top完成
2025-07-23 17:32:55,503 [INFO] 運動同步完成
2025-07-23 17:32:55,504 [INFO] 移動到Rotate_down完成
2025-07-23 17:32:55,504 [INFO] PGC夾爪快速關閉
2025-07-23 17:32:55,867 [INFO] PGC快速關閉成功，耗時: 0.362秒
2025-07-23 17:32:56,168 [INFO] 夾爪關閉完成
2025-07-23 17:32:56,559 [INFO] 運動同步完成
2025-07-23 17:32:56,560 [INFO] 返回Rotate_top完成
2025-07-23 17:32:57,324 [INFO] 運動同步完成
2025-07-23 17:32:57,324 [INFO] 返回standby完成
2025-07-23 17:32:57,542 [INFO] CCD3角度檢測成功 - 檢測角度:90.00°, 指令角度:135.00°
2025-07-23 17:32:58,312 [INFO] 運動同步完成
2025-07-23 17:32:58,707 [INFO] 運動同步完成
2025-07-23 17:32:58,708 [INFO] PGC智能釋放到位置: 360
2025-07-23 17:32:59,080 [INFO] PGC智能釋放成功，耗時: 0.372秒
2025-07-23 17:32:59,776 [INFO] 運動同步完成
2025-07-23 17:33:01,231 [INFO] 運動同步完成
2025-07-23 17:33:01,232 [INFO] 移動到put_asm_top完成
2025-07-23 17:33:01,232 [INFO] Flow1流程完成，執行次數: 5
2025-07-23 17:33:01,232 [INFO] 機械臂組裝事件啟動(Flow2流程)
2025-07-23 17:33:06,233 [INFO] 開始組裝流程，使用角度: 135.00°
2025-07-23 17:33:06,742 [INFO] 運動同步完成
2025-07-23 17:33:06,743 [INFO] 移動到put_asm_top完成 (J4角度:135.00°)
2025-07-23 17:33:07,116 [INFO] 運動同步完成
2025-07-23 17:33:07,116 [INFO] 移動到put_asm_down完成 (J4角度:135.00°)
2025-07-23 17:33:07,116 [INFO] PGC夾爪快速關閉
2025-07-23 17:33:07,477 [INFO] PGC快速關閉成功，耗時: 0.361秒
2025-07-23 17:33:07,778 [INFO] 夾爪關閉完成
2025-07-23 17:33:08,152 [INFO] 運動同步完成
2025-07-23 17:33:08,153 [INFO] 返回put_asm_top完成
2025-07-23 17:33:09,492 [INFO] 運動同步完成
2025-07-23 17:33:09,492 [INFO] 返回standby完成
2025-07-23 17:33:09,492 [INFO] Flow2組裝流程完成
2025-07-23 17:33:09,492 [INFO] 一輪生產循環完成
2025-07-23 17:33:09,493 [INFO] 機械臂上料事件啟動(Flow1流程)
2025-07-23 17:33:09,493 [INFO] 處理第6個物件，座標:(-1.04, 220.06)
2025-07-23 17:33:09,497 [INFO] 切換到左手手勢
2025-07-23 17:33:09,635 [INFO] 運動同步完成
2025-07-23 17:33:09,636 [INFO] 移動到standby完成
2025-07-23 17:33:10,439 [INFO] 運動同步完成
2025-07-23 17:33:10,439 [INFO] 移動到VP_TOPSIDE完成
2025-07-23 17:33:11,059 [INFO] 運動同步完成
2025-07-23 17:33:11,059 [INFO] 移動到檢測位置上方完成
2025-07-23 17:33:11,763 [INFO] 運動同步完成
2025-07-23 17:33:11,763 [INFO] 移動到夾取位置完成
2025-07-23 17:33:11,763 [INFO] PGC智能釋放到位置: 360
2025-07-23 17:33:12,130 [INFO] PGC智能釋放成功，耗時: 0.366秒
2025-07-23 17:33:12,431 [INFO] 夾爪撐開完成
2025-07-23 17:33:13,279 [INFO] 運動同步完成
2025-07-23 17:33:13,280 [INFO] 返回VP_TOPSIDE完成
2025-07-23 17:33:14,091 [INFO] 運動同步完成
2025-07-23 17:33:14,092 [INFO] 返回standby完成
2025-07-23 17:33:14,867 [INFO] 運動同步完成
2025-07-23 17:33:14,867 [INFO] 移動到Rotate_top完成
2025-07-23 17:33:15,267 [INFO] 運動同步完成
2025-07-23 17:33:15,267 [INFO] 移動到Rotate_down完成
2025-07-23 17:33:15,268 [INFO] PGC夾爪快速關閉
2025-07-23 17:33:15,634 [INFO] PGC快速關閉成功，耗時: 0.366秒
2025-07-23 17:33:15,935 [INFO] 夾爪關閉完成
2025-07-23 17:33:16,335 [INFO] 運動同步完成
2025-07-23 17:33:16,336 [INFO] 返回Rotate_top完成
2025-07-23 17:33:17,106 [INFO] 運動同步完成
2025-07-23 17:33:17,107 [INFO] 返回standby完成
2025-07-23 17:33:17,324 [INFO] CCD3角度檢測成功 - 檢測角度:90.00°, 指令角度:135.00°
2025-07-23 17:33:18,098 [INFO] 運動同步完成
2025-07-23 17:33:18,494 [INFO] 運動同步完成
2025-07-23 17:33:18,495 [INFO] PGC智能釋放到位置: 360
2025-07-23 17:33:18,880 [INFO] PGC智能釋放成功，耗時: 0.384秒
2025-07-23 17:33:19,578 [INFO] 運動同步完成
2025-07-23 17:33:21,042 [INFO] 運動同步完成
2025-07-23 17:33:21,043 [INFO] 移動到put_asm_top完成
2025-07-23 17:33:21,043 [INFO] Flow1流程完成，執行次數: 6
2025-07-23 17:33:21,043 [INFO] 機械臂組裝事件啟動(Flow2流程)
2025-07-23 17:33:26,045 [INFO] 開始組裝流程，使用角度: 135.00°
2025-07-23 17:33:26,566 [INFO] 運動同步完成
2025-07-23 17:33:26,566 [INFO] 移動到put_asm_top完成 (J4角度:135.00°)
2025-07-23 17:33:26,950 [INFO] 運動同步完成
2025-07-23 17:33:26,950 [INFO] 移動到put_asm_down完成 (J4角度:135.00°)
2025-07-23 17:33:26,950 [INFO] PGC夾爪快速關閉
2025-07-23 17:33:27,323 [INFO] PGC快速關閉成功，耗時: 0.372秒
2025-07-23 17:33:27,624 [INFO] 夾爪關閉完成
2025-07-23 17:33:28,002 [INFO] 運動同步完成
2025-07-23 17:33:28,002 [INFO] 返回put_asm_top完成
2025-07-23 17:33:29,354 [INFO] 運動同步完成
2025-07-23 17:33:29,354 [INFO] 返回standby完成
2025-07-23 17:33:29,354 [INFO] Flow2組裝流程完成
2025-07-23 17:33:29,355 [INFO] 一輪生產循環完成
2025-07-23 17:33:29,355 [INFO] 機械臂上料事件啟動(Flow1流程)
2025-07-23 17:33:29,355 [INFO] 處理第7個物件，座標:(-51.22, 214.48)
2025-07-23 17:33:29,360 [INFO] 切換到左手手勢
2025-07-23 17:33:29,494 [INFO] 運動同步完成
2025-07-23 17:33:29,494 [INFO] 移動到standby完成
2025-07-23 17:33:30,294 [INFO] 運動同步完成
2025-07-23 17:33:30,295 [INFO] 移動到VP_TOPSIDE完成
2025-07-23 17:33:30,942 [INFO] 運動同步完成
2025-07-23 17:33:30,943 [INFO] 移動到檢測位置上方完成
2025-07-23 17:33:31,658 [INFO] 運動同步完成
2025-07-23 17:33:31,658 [INFO] 移動到夾取位置完成
2025-07-23 17:33:31,659 [INFO] PGC智能釋放到位置: 360
2025-07-23 17:33:31,978 [INFO] PGC智能釋放成功，耗時: 0.319秒
2025-07-23 17:33:32,279 [INFO] 夾爪撐開完成
2025-07-23 17:33:33,156 [INFO] 運動同步完成
2025-07-23 17:33:33,157 [INFO] 返回VP_TOPSIDE完成
2025-07-23 17:33:33,962 [INFO] 運動同步完成
2025-07-23 17:33:33,962 [INFO] 返回standby完成
2025-07-23 17:33:34,737 [INFO] 運動同步完成
2025-07-23 17:33:34,738 [INFO] 移動到Rotate_top完成
2025-07-23 17:33:35,130 [INFO] 運動同步完成
2025-07-23 17:33:35,130 [INFO] 移動到Rotate_down完成
2025-07-23 17:33:35,130 [INFO] PGC夾爪快速關閉
2025-07-23 17:33:35,449 [INFO] PGC快速關閉成功，耗時: 0.318秒
2025-07-23 17:33:35,750 [INFO] 夾爪關閉完成
2025-07-23 17:33:36,151 [INFO] 運動同步完成
2025-07-23 17:33:36,151 [INFO] 返回Rotate_top完成
2025-07-23 17:33:36,918 [INFO] 運動同步完成
2025-07-23 17:33:36,919 [INFO] 返回standby完成
2025-07-23 17:33:37,137 [INFO] CCD3角度檢測成功 - 檢測角度:56.90°, 指令角度:101.90°
2025-07-23 17:33:37,902 [INFO] 運動同步完成
2025-07-23 17:33:38,302 [INFO] 運動同步完成
2025-07-23 17:33:38,303 [INFO] PGC智能釋放到位置: 360
2025-07-23 17:33:38,615 [INFO] PGC智能釋放成功，耗時: 0.313秒
2025-07-23 17:33:39,318 [INFO] 運動同步完成
2025-07-23 17:33:40,774 [INFO] 運動同步完成
2025-07-23 17:33:40,774 [INFO] 移動到put_asm_top完成
2025-07-23 17:33:40,775 [INFO] Flow1流程完成，執行次數: 7
2025-07-23 17:33:40,775 [INFO] 收到中斷信號，正在關閉系統
2025-07-23 17:33:40,775 [WARNING] 執行緊急停止
2025-07-23 17:33:40,776 [WARNING] 機械臂緊急停止
2025-07-23 17:33:40,935 [INFO] 停止PGC夾爪動作
2025-07-23 17:33:40,949 [WARNING] 緊急停止完成: 3 個系統成功停止
2025-07-23 17:33:40,949 [INFO] 開始斷開所有系統連接
2025-07-23 17:33:40,950 [INFO] 開始關閉相機管理器...
2025-07-23 17:33:40,976 [INFO] 相機 ccd1_camera 停止串流
2025-07-23 17:33:41,056 [INFO] 相機 ccd1_camera 已斷開
2025-07-23 17:33:41,398 [INFO] 相機管理器已關閉
2025-07-23 17:33:41,898 [INFO] CCD1視覺系統已關閉
2025-07-23 17:33:41,898 [WARNING] 停止串流警告: 0x80000000
2025-07-23 17:33:41,898 [INFO] 相機 ccd3_headless_camera 停止串流
2025-07-23 17:33:41,899 [INFO] 相機 ccd3_headless_camera 已斷開
2025-07-23 17:33:41,966 [INFO] CCD3角度檢測系統已關閉
2025-07-23 17:33:41,967 [INFO] 震動盤系統已關閉
2025-07-23 17:33:42,084 [INFO] PGC夾爪串口連接已斷開
2025-07-23 17:33:42,084 [INFO] 夾爪系統已關閉
2025-07-23 17:33:42,085 [INFO] 機械臂下使能成功
2025-07-23 17:33:42,085 [INFO] Dobot連接已斷開
2025-07-23 17:33:42,085 [INFO] Dobot機械臂已關閉
2025-07-23 17:33:42,085 [INFO] 所有系統連接已斷開
2025-07-23 17:33:42,085 [INFO] 系統已安全關閉
2025-07-23 17:39:37,032 [INFO] 自動化系統啟動
2025-07-23 17:39:37,032 [INFO] 按 Ctrl+C 可安全停止系統
2025-07-23 17:39:37,032 [INFO] 物件管理器啟動 - 開始初始化子系統
2025-07-23 17:39:37,033 [INFO] Robot類別初始化開始
2025-07-23 17:39:37,033 [INFO] 開始初始化所有子系統
2025-07-23 17:39:37,033 [INFO] 正在初始化CCD1視覺系統...
2025-07-23 17:39:37,368 [INFO] 相機管理器初始化完成 - 頻寬控制版
2025-07-23 17:39:37,369 [INFO] 添加相機 ccd1_camera - IP: 192.168.1.8, 頻寬: 200Mbps
2025-07-23 17:39:37,989 [INFO] 開始配置頻寬控制: 200Mbps
2025-07-23 17:39:37,999 [INFO] ✓ 設置包大小: 1500 bytes
2025-07-23 17:39:38,007 [INFO] ✓ 設置包間延遲: 5000 ticks
2025-07-23 17:39:38,007 [INFO] 頻寬計算: 最大FPS=4.13, 實際FPS=4.13
2025-07-23 17:39:38,008 [INFO] ✓ 重傳參數設置成功
2025-07-23 17:39:38,008 [INFO] ✓ GVSP超時設置: 5000ms
2025-07-23 17:39:38,012 [INFO] ○ 設備不支援直接頻寬限制，使用其他方法控制
2025-07-23 17:39:38,012 [INFO] 頻寬控制配置完成
2025-07-23 17:39:38,031 [WARNING] 設置像素格式失敗: 0x80000106
2025-07-23 17:39:38,047 [INFO] ✓ 曝光時間設置: 20000.0μs
2025-07-23 17:39:38,056 [INFO] ✓ 幀率設置: 5.0 FPS
2025-07-23 17:39:38,061 [INFO] ✓ 觸發模式
2025-07-23 17:39:38,061 [INFO] ✓ 緩存節點: 1 (最新幀模式)
2025-07-23 17:39:38,062 [INFO] ✓ 抓取策略: 僅最新幀
2025-07-23 17:39:38,062 [INFO] 相機 ccd1_camera 參數配置完成
2025-07-23 17:39:38,062 [INFO] 相機 ccd1_camera 連接成功 - 頻寬限制: 200Mbps
2025-07-23 17:39:38,087 [INFO] 相機 ccd1_camera 開始串流 - 5.0FPS
2025-07-23 17:39:39,089 [INFO] CCD1視覺系統初始化成功
2025-07-23 17:39:39,090 [INFO] 正在初始化CCD3角度檢測系統...
2025-07-23 17:39:39,719 [INFO] 開始配置頻寬控制: 200Mbps
2025-07-23 17:39:39,734 [INFO] ✓ 設置包大小: 1500 bytes
2025-07-23 17:39:39,742 [INFO] ✓ 設置包間延遲: 5000 ticks
2025-07-23 17:39:39,742 [INFO] 頻寬計算: 最大FPS=4.13, 實際FPS=4.13
2025-07-23 17:39:39,742 [INFO] ✓ 重傳參數設置成功
2025-07-23 17:39:39,743 [INFO] ✓ GVSP超時設置: 5000ms
2025-07-23 17:39:39,744 [INFO] ○ 設備不支援直接頻寬限制，使用其他方法控制
2025-07-23 17:39:39,744 [INFO] 頻寬控制配置完成
2025-07-23 17:39:39,766 [WARNING] 設置像素格式失敗: 0x80000106
2025-07-23 17:39:39,779 [INFO] ✓ 曝光時間設置: 20000.0μs
2025-07-23 17:39:39,788 [INFO] ✓ 幀率設置: 5.0 FPS
2025-07-23 17:39:39,795 [INFO] ✓ 觸發模式
2025-07-23 17:39:39,796 [INFO] ✓ 緩存節點: 1 (最新幀模式)
2025-07-23 17:39:39,796 [INFO] ✓ 抓取策略: 僅最新幀
2025-07-23 17:39:39,796 [INFO] 相機 ccd3_headless_camera 參數配置完成
2025-07-23 17:39:39,797 [INFO] 相機 ccd3_headless_camera 連接成功 - 頻寬限制: 200Mbps
2025-07-23 17:39:39,829 [INFO] 相機 ccd3_headless_camera 開始串流 - 5.0FPS
2025-07-23 17:39:40,035 [INFO] CCD3角度檢測系統初始化成功
2025-07-23 17:39:40,036 [INFO] 正在初始化震動盤系統...
2025-07-23 17:39:40,185 [INFO] 震動盤系統初始化成功
2025-07-23 17:39:40,185 [INFO] 正在初始化夾爪系統...
2025-07-23 17:39:40,186 [INFO] PGC夾爪API初始化 - 直接串口通信模式
2025-07-23 17:39:40,186 [INFO] 正在連接PGC夾爪串口: COM3
2025-07-23 17:39:40,221 [INFO] PGC夾爪串口連接成功: COM3
2025-07-23 17:39:40,221 [INFO] PGC夾爪連接成功
2025-07-23 17:39:40,222 [INFO] 開始自動初始化PGC夾爪
2025-07-23 17:39:40,222 [INFO] 開始初始化PGC夾爪
2025-07-23 17:39:40,269 [WARNING] PGC動作失敗(掉落)，耗時: 0.033秒
2025-07-23 17:39:40,269 [INFO] PGC夾爪初始化成功，耗時: 0.047秒
2025-07-23 17:39:40,269 [INFO] PGC夾爪初始化成功
2025-07-23 17:39:40,269 [INFO] 夾爪系統初始化成功
2025-07-23 17:39:40,270 [INFO] 正在初始化Dobot機械臂...
2025-07-23 17:39:40,290 [INFO] Dobot連接成功: 192.168.1.6
2025-07-23 17:39:41,496 [INFO] 機械臂使能成功
2025-07-23 17:39:41,496 [INFO] 機械臂自動使能成功
2025-07-23 17:39:41,497 [INFO] Dobot機械臂初始化成功
2025-07-23 17:39:41,504 [INFO] 碰撞檢測等級設定為: 3
2025-07-23 17:39:41,504 [INFO] 碰撞檢測等級設置為: 3
2025-07-23 17:39:41,504 [INFO] 系統初始化完成: 5/5 個子系統成功
2025-07-23 17:39:41,504 [INFO] 開始初始化所有子系統
2025-07-23 17:39:41,505 [WARNING] CCD1已經初始化
2025-07-23 17:39:41,505 [WARNING] CCD3已經初始化
2025-07-23 17:39:41,505 [WARNING] VP已經初始化
2025-07-23 17:39:41,505 [WARNING] Gripper已經初始化
2025-07-23 17:39:41,505 [WARNING] Dobot已經初始化
2025-07-23 17:39:41,506 [INFO] 系統初始化完成: 5/5 個子系統成功
2025-07-23 17:39:42,711 [INFO] 機械臂使能成功
2025-07-23 17:39:42,711 [INFO] 機械臂連接並使能成功
2025-07-23 17:39:42,712 [INFO] PGC夾爪快速關閉
2025-07-23 17:39:43,547 [INFO] PGC快速關閉成功，耗時: 0.834秒
2025-07-23 17:39:43,547 [INFO] 夾爪連接並關閉成功
2025-07-23 17:39:43,547 [INFO] CCD1連接成功（已自動載入模型1）
2025-07-23 17:39:43,547 [INFO] CCD3連接並初始化成功
2025-07-23 17:39:43,548 [INFO] 載入機械臂點位成功，共9個點位
2025-07-23 17:39:43,548 [INFO] 物件管理器初始化完成
2025-07-23 17:39:43,548 [INFO] 參數設定事件啟動
2025-07-23 17:39:43,548 [INFO] CCD1使用預設模型: 1
2025-07-23 17:39:43,548 [INFO] PGC智能釋放到位置: 360
2025-07-23 17:39:43,574 [INFO] PGC智能釋放成功，耗時: 0.025秒
2025-07-23 17:39:43,574 [INFO] 夾爪開度設定為: 360
2025-07-23 17:39:43,575 [INFO] 震動盤參數設定 - 擴散強度:107, 擴散頻率:87
2025-07-23 17:39:43,575 [INFO] 參數設定完成
2025-07-23 17:39:43,576 [INFO] 自動進料事件啟動
2025-07-23 17:39:47,497 [INFO] CCD1檢測成功: {1: 23}
2025-07-23 17:39:47,497 [INFO] 使用上次CCD1檢測結果獲取座標
2025-07-23 17:39:47,498 [INFO] CCD1座標獲取成功: 像素座標1類
2025-07-23 17:39:47,498 [INFO] 檢測結果 - DR_F(標籤0):0, STACK(標籤1):23
2025-07-23 17:39:47,498 [INFO] DR_F不足，其他物件總數: 23
2025-07-23 17:39:47,498 [INFO] 其他物件數量≥5，開始震動盤震動
2025-07-23 17:39:49,009 [ERROR] CCD1檢測失敗: YOLO檢測器未載入
2025-07-23 17:39:50,276 [ERROR] CCD1檢測失敗: YOLO檢測器未載入
2025-07-23 17:39:51,550 [ERROR] CCD1檢測失敗: YOLO檢測器未載入
2025-07-23 17:39:52,834 [ERROR] CCD1檢測失敗: YOLO檢測器未載入
2025-07-23 17:39:54,101 [ERROR] CCD1檢測失敗: YOLO檢測器未載入
2025-07-23 17:39:55,371 [ERROR] CCD1檢測失敗: YOLO檢測器未載入
2025-07-23 17:39:56,645 [ERROR] CCD1檢測失敗: YOLO檢測器未載入
2025-07-23 17:39:57,912 [ERROR] CCD1檢測失敗: YOLO檢測器未載入
2025-07-23 17:39:59,184 [ERROR] CCD1檢測失敗: YOLO檢測器未載入
2025-07-23 17:40:00,458 [ERROR] CCD1檢測失敗: YOLO檢測器未載入
2025-07-23 17:40:00,459 [WARNING] 震動10次後仍無DR_F物件
2025-07-23 17:40:00,960 [INFO] 震動進料完成，重新檢測 - 第1次嘗試
2025-07-23 17:40:01,728 [ERROR] CCD1檢測失敗: YOLO檢測器未載入
2025-07-23 17:40:01,729 [ERROR] CCD1檢測失敗
2025-07-23 17:40:01,729 [ERROR] 連續10次檢測無標籤0物件，程序結束
2025-07-23 17:40:01,729 [INFO] 收到用戶中斷信號，開始安全停止流程
2025-07-23 17:40:01,729 [INFO] 正在停止機械臂運動...
2025-07-23 17:40:01,741 [INFO] 運動同步完成
2025-07-23 17:40:02,771 [INFO] 機械臂下使能成功
2025-07-23 17:40:02,771 [INFO] 機械臂已下使能
2025-07-23 17:40:02,772 [INFO] 震動盤已停止
2025-07-23 17:40:02,772 [INFO] 安全停止流程完成
2025-07-23 17:40:02,772 [WARNING] 執行緊急停止
2025-07-23 17:40:02,773 [WARNING] 機械臂緊急停止
2025-07-23 17:40:02,992 [INFO] 停止PGC夾爪動作
2025-07-23 17:40:03,010 [WARNING] 緊急停止完成: 3 個系統成功停止
2025-07-23 17:40:03,010 [INFO] 開始斷開所有系統連接
2025-07-23 17:40:03,011 [INFO] 開始關閉相機管理器...
2025-07-23 17:40:03,042 [INFO] 相機 ccd1_camera 停止串流
2025-07-23 17:40:03,197 [INFO] 相機 ccd1_camera 已斷開
2025-07-23 17:40:03,394 [INFO] 相機管理器已關閉
2025-07-23 17:40:03,884 [INFO] CCD1視覺系統已關閉
2025-07-23 17:40:03,885 [WARNING] 停止串流警告: 0x80000000
2025-07-23 17:40:03,885 [INFO] 相機 ccd3_headless_camera 停止串流
2025-07-23 17:40:03,885 [INFO] 相機 ccd3_headless_camera 已斷開
2025-07-23 17:40:03,950 [INFO] CCD3角度檢測系統已關閉
2025-07-23 17:40:03,952 [INFO] 震動盤系統已關閉
2025-07-23 17:40:04,069 [INFO] PGC夾爪串口連接已斷開
2025-07-23 17:40:04,069 [INFO] 夾爪系統已關閉
2025-07-23 17:40:04,070 [INFO] Dobot連接已斷開
2025-07-23 17:40:04,070 [INFO] Dobot機械臂已關閉
2025-07-23 17:40:04,070 [INFO] 所有系統連接已斷開
2025-07-23 17:40:04,070 [INFO] 系統已安全關閉
2025-07-23 17:49:00,994 [INFO] 自動化系統啟動
2025-07-23 17:49:00,994 [INFO] 按 Ctrl+C 可安全停止系統
2025-07-23 17:49:00,994 [INFO] 物件管理器啟動 - 開始初始化子系統
2025-07-23 17:49:00,995 [INFO] Robot類別初始化開始
2025-07-23 17:49:00,995 [INFO] 開始初始化所有子系統
2025-07-23 17:49:00,996 [INFO] 正在初始化CCD1視覺系統...
2025-07-23 17:49:01,330 [INFO] 相機管理器初始化完成 - 頻寬控制版
2025-07-23 17:49:01,331 [INFO] 添加相機 ccd1_camera - IP: 192.168.1.8, 頻寬: 200Mbps
2025-07-23 17:49:01,953 [INFO] 開始配置頻寬控制: 200Mbps
2025-07-23 17:49:01,963 [INFO] ✓ 設置包大小: 1500 bytes
2025-07-23 17:49:01,971 [INFO] ✓ 設置包間延遲: 5000 ticks
2025-07-23 17:49:01,971 [INFO] 頻寬計算: 最大FPS=4.13, 實際FPS=4.13
2025-07-23 17:49:01,972 [INFO] ✓ 重傳參數設置成功
2025-07-23 17:49:01,973 [INFO] ✓ GVSP超時設置: 5000ms
2025-07-23 17:49:01,979 [INFO] ○ 設備不支援直接頻寬限制，使用其他方法控制
2025-07-23 17:49:01,980 [INFO] 頻寬控制配置完成
2025-07-23 17:49:02,001 [WARNING] 設置像素格式失敗: 0x80000106
2025-07-23 17:49:02,017 [INFO] ✓ 曝光時間設置: 20000.0μs
2025-07-23 17:49:02,027 [INFO] ✓ 幀率設置: 5.0 FPS
2025-07-23 17:49:02,032 [INFO] ✓ 觸發模式
2025-07-23 17:49:02,033 [INFO] ✓ 緩存節點: 1 (最新幀模式)
2025-07-23 17:49:02,033 [INFO] ✓ 抓取策略: 僅最新幀
2025-07-23 17:49:02,033 [INFO] 相機 ccd1_camera 參數配置完成
2025-07-23 17:49:02,033 [INFO] 相機 ccd1_camera 連接成功 - 頻寬限制: 200Mbps
2025-07-23 17:49:02,058 [INFO] 相機 ccd1_camera 開始串流 - 5.0FPS
2025-07-23 17:49:03,060 [INFO] CCD1視覺系統初始化成功
2025-07-23 17:49:03,061 [INFO] 正在初始化CCD3角度檢測系統...
2025-07-23 17:49:03,711 [INFO] 開始配置頻寬控制: 200Mbps
2025-07-23 17:49:03,721 [INFO] ✓ 設置包大小: 1500 bytes
2025-07-23 17:49:03,729 [INFO] ✓ 設置包間延遲: 5000 ticks
2025-07-23 17:49:03,729 [INFO] 頻寬計算: 最大FPS=4.13, 實際FPS=4.13
2025-07-23 17:49:03,730 [INFO] ✓ 重傳參數設置成功
2025-07-23 17:49:03,731 [INFO] ✓ GVSP超時設置: 5000ms
2025-07-23 17:49:03,734 [INFO] ○ 設備不支援直接頻寬限制，使用其他方法控制
2025-07-23 17:49:03,734 [INFO] 頻寬控制配置完成
2025-07-23 17:49:03,753 [WARNING] 設置像素格式失敗: 0x80000106
2025-07-23 17:49:03,762 [INFO] ✓ 曝光時間設置: 20000.0μs
2025-07-23 17:49:03,777 [INFO] ✓ 幀率設置: 5.0 FPS
2025-07-23 17:49:03,789 [INFO] ✓ 觸發模式
2025-07-23 17:49:03,790 [INFO] ✓ 緩存節點: 1 (最新幀模式)
2025-07-23 17:49:03,790 [INFO] ✓ 抓取策略: 僅最新幀
2025-07-23 17:49:03,790 [INFO] 相機 ccd3_headless_camera 參數配置完成
2025-07-23 17:49:03,790 [INFO] 相機 ccd3_headless_camera 連接成功 - 頻寬限制: 200Mbps
2025-07-23 17:49:03,823 [INFO] 相機 ccd3_headless_camera 開始串流 - 5.0FPS
2025-07-23 17:49:04,027 [INFO] CCD3角度檢測系統初始化成功
2025-07-23 17:49:04,028 [INFO] 正在初始化震動盤系統...
2025-07-23 17:49:04,200 [INFO] 震動盤系統初始化成功
2025-07-23 17:49:04,201 [INFO] 正在初始化夾爪系統...
2025-07-23 17:49:04,201 [INFO] PGC夾爪API初始化 - 直接串口通信模式
2025-07-23 17:49:04,202 [INFO] 正在連接PGC夾爪串口: COM3
2025-07-23 17:49:04,234 [INFO] PGC夾爪串口連接成功: COM3
2025-07-23 17:49:04,234 [INFO] PGC夾爪連接成功
2025-07-23 17:49:04,234 [INFO] 開始自動初始化PGC夾爪
2025-07-23 17:49:04,235 [INFO] 開始初始化PGC夾爪
2025-07-23 17:49:06,218 [INFO] PGC夾爪初始化成功，耗時: 1.983秒
2025-07-23 17:49:06,218 [INFO] PGC夾爪初始化成功
2025-07-23 17:49:06,218 [INFO] 夾爪系統初始化成功
2025-07-23 17:49:06,219 [INFO] 正在初始化Dobot機械臂...
2025-07-23 17:49:06,296 [INFO] Dobot連接成功: 192.168.1.6
2025-07-23 17:49:07,527 [INFO] 機械臂使能成功
2025-07-23 17:49:07,528 [INFO] 機械臂自動使能成功
2025-07-23 17:49:07,528 [INFO] Dobot機械臂初始化成功
2025-07-23 17:49:07,536 [INFO] 碰撞檢測等級設定為: 3
2025-07-23 17:49:07,536 [INFO] 碰撞檢測等級設置為: 3
2025-07-23 17:49:07,536 [INFO] 系統初始化完成: 5/5 個子系統成功
2025-07-23 17:49:07,537 [INFO] 開始初始化所有子系統
2025-07-23 17:49:07,537 [WARNING] CCD1已經初始化
2025-07-23 17:49:07,537 [WARNING] CCD3已經初始化
2025-07-23 17:49:07,537 [WARNING] VP已經初始化
2025-07-23 17:49:07,537 [WARNING] Gripper已經初始化
2025-07-23 17:49:07,538 [WARNING] Dobot已經初始化
2025-07-23 17:49:07,538 [INFO] 系統初始化完成: 5/5 個子系統成功
2025-07-23 17:49:08,748 [INFO] 機械臂使能成功
2025-07-23 17:49:08,748 [INFO] 機械臂連接並使能成功
2025-07-23 17:49:08,749 [INFO] PGC夾爪快速關閉
2025-07-23 17:49:09,561 [INFO] PGC快速關閉成功，耗時: 0.812秒
2025-07-23 17:49:09,561 [INFO] 夾爪連接並關閉成功
2025-07-23 17:49:09,561 [INFO] CCD1連接成功（已自動載入模型1）
2025-07-23 17:49:09,561 [INFO] CCD3連接並初始化成功
2025-07-23 17:49:09,561 [INFO] 載入機械臂點位成功，共9個點位
2025-07-23 17:49:09,562 [INFO] 物件管理器初始化完成
2025-07-23 17:49:09,562 [INFO] 參數設定事件啟動
2025-07-23 17:49:09,562 [INFO] CCD1使用預設模型: 1
2025-07-23 17:49:09,562 [INFO] PGC智能釋放到位置: 360
2025-07-23 17:49:09,587 [INFO] PGC智能釋放成功，耗時: 0.024秒
2025-07-23 17:49:09,587 [INFO] 夾爪開度設定為: 360
2025-07-23 17:49:09,588 [INFO] 震動盤參數設定 - 擴散強度:107, 擴散頻率:87
2025-07-23 17:49:09,588 [INFO] 參數設定完成
2025-07-23 17:49:09,588 [INFO] 自動進料事件啟動
2025-07-23 17:49:13,326 [INFO] CCD1檢測成功: {1: 19}
2025-07-23 17:49:13,326 [INFO] 使用上次CCD1檢測結果獲取座標
2025-07-23 17:49:13,326 [INFO] CCD1座標獲取成功: 像素座標1類
2025-07-23 17:49:13,326 [INFO] 檢測結果 - DR_F(標籤0):0, STACK(標籤1):19
2025-07-23 17:49:13,327 [INFO] DR_F不足，其他物件總數: 19
2025-07-23 17:49:13,327 [INFO] 其他物件數量≥5，開始震動盤震動
2025-07-23 17:49:14,840 [ERROR] CCD1檢測失敗: YOLO檢測器未載入
2025-07-23 17:49:16,108 [ERROR] CCD1檢測失敗: YOLO檢測器未載入
2025-07-23 17:49:17,386 [ERROR] CCD1檢測失敗: YOLO檢測器未載入
2025-07-23 17:49:18,665 [ERROR] CCD1檢測失敗: YOLO檢測器未載入
2025-07-23 17:49:19,932 [ERROR] CCD1檢測失敗: YOLO檢測器未載入
2025-07-23 17:49:21,201 [ERROR] CCD1檢測失敗: YOLO檢測器未載入
2025-07-23 17:49:22,468 [ERROR] CCD1檢測失敗: YOLO檢測器未載入
2025-07-23 17:49:23,738 [ERROR] CCD1檢測失敗: YOLO檢測器未載入
2025-07-23 17:49:25,012 [ERROR] CCD1檢測失敗: YOLO檢測器未載入
2025-07-23 17:49:26,279 [ERROR] CCD1檢測失敗: YOLO檢測器未載入
2025-07-23 17:49:26,280 [WARNING] 震動10次後仍無DR_F物件
2025-07-23 17:49:26,782 [INFO] 震動進料完成，重新檢測 - 第1次嘗試
2025-07-23 17:49:27,550 [ERROR] CCD1檢測失敗: YOLO檢測器未載入
2025-07-23 17:49:27,550 [ERROR] CCD1檢測失敗
2025-07-23 17:49:27,820 [ERROR] CCD1檢測失敗: YOLO檢測器未載入
2025-07-23 17:49:27,821 [ERROR] CCD1檢測失敗
2025-07-23 17:49:28,088 [ERROR] CCD1檢測失敗: YOLO檢測器未載入
2025-07-23 17:49:28,089 [ERROR] CCD1檢測失敗
2025-07-23 17:49:28,358 [ERROR] CCD1檢測失敗: YOLO檢測器未載入
2025-07-23 17:49:28,358 [ERROR] CCD1檢測失敗
2025-07-23 17:49:28,624 [ERROR] CCD1檢測失敗: YOLO檢測器未載入
2025-07-23 17:49:28,625 [ERROR] CCD1檢測失敗
2025-07-23 17:49:28,891 [ERROR] CCD1檢測失敗: YOLO檢測器未載入
2025-07-23 17:49:28,892 [ERROR] CCD1檢測失敗
2025-07-23 17:49:29,162 [ERROR] CCD1檢測失敗: YOLO檢測器未載入
2025-07-23 17:49:29,163 [ERROR] CCD1檢測失敗
2025-07-23 17:49:29,430 [ERROR] CCD1檢測失敗: YOLO檢測器未載入
2025-07-23 17:49:29,431 [ERROR] CCD1檢測失敗
2025-07-23 17:49:29,703 [ERROR] CCD1檢測失敗: YOLO檢測器未載入
2025-07-23 17:49:29,703 [ERROR] CCD1檢測失敗
2025-07-23 17:49:29,704 [ERROR] 連續10次檢測無標籤0物件，程序結束
2025-07-23 17:49:29,704 [INFO] 收到用戶中斷信號，開始安全停止流程
2025-07-23 17:49:29,704 [INFO] 正在停止機械臂運動...
2025-07-23 17:49:29,716 [INFO] 運動同步完成
2025-07-23 17:49:30,746 [INFO] 機械臂下使能成功
2025-07-23 17:49:30,746 [INFO] 機械臂已下使能
2025-07-23 17:49:30,747 [INFO] 震動盤已停止
2025-07-23 17:49:30,747 [INFO] 安全停止流程完成
2025-07-23 17:49:30,747 [WARNING] 執行緊急停止
2025-07-23 17:49:30,748 [WARNING] 機械臂緊急停止
2025-07-23 17:49:30,967 [INFO] 停止PGC夾爪動作
2025-07-23 17:49:30,974 [WARNING] 緊急停止完成: 3 個系統成功停止
2025-07-23 17:49:30,974 [INFO] 開始斷開所有系統連接
2025-07-23 17:49:30,974 [INFO] 開始關閉相機管理器...
2025-07-23 17:49:31,000 [INFO] 相機 ccd1_camera 停止串流
2025-07-23 17:49:31,160 [INFO] 相機 ccd1_camera 已斷開
2025-07-23 17:49:31,561 [INFO] 相機管理器已關閉
2025-07-23 17:49:32,116 [INFO] CCD1視覺系統已關閉
2025-07-23 17:49:32,117 [WARNING] 停止串流警告: 0x80000000
2025-07-23 17:49:32,117 [INFO] 相機 ccd3_headless_camera 停止串流
2025-07-23 17:49:32,117 [INFO] 相機 ccd3_headless_camera 已斷開
2025-07-23 17:49:32,179 [INFO] CCD3角度檢測系統已關閉
2025-07-23 17:49:32,180 [INFO] 震動盤系統已關閉
2025-07-23 17:49:32,291 [INFO] PGC夾爪串口連接已斷開
2025-07-23 17:49:32,291 [INFO] 夾爪系統已關閉
2025-07-23 17:49:32,291 [INFO] Dobot連接已斷開
2025-07-23 17:49:32,292 [INFO] Dobot機械臂已關閉
2025-07-23 17:49:32,292 [INFO] 所有系統連接已斷開
2025-07-23 17:49:32,292 [INFO] 系統已安全關閉
2025-07-23 17:51:36,530 [INFO] 自動化系統啟動
2025-07-23 17:51:36,530 [INFO] 按 Ctrl+C 可安全停止系統
2025-07-23 17:51:36,530 [INFO] 物件管理器啟動 - 開始初始化子系統
2025-07-23 17:51:36,531 [INFO] Robot類別初始化開始
2025-07-23 17:51:36,531 [INFO] 開始初始化所有子系統
2025-07-23 17:51:36,531 [INFO] 正在初始化CCD1視覺系統...
2025-07-23 17:51:36,860 [INFO] 相機管理器初始化完成 - 頻寬控制版
2025-07-23 17:51:36,861 [INFO] 添加相機 ccd1_camera - IP: 192.168.1.8, 頻寬: 200Mbps
2025-07-23 17:51:37,488 [INFO] 開始配置頻寬控制: 200Mbps
2025-07-23 17:51:37,498 [INFO] ✓ 設置包大小: 1500 bytes
2025-07-23 17:51:37,517 [INFO] ✓ 設置包間延遲: 5000 ticks
2025-07-23 17:51:37,517 [INFO] 頻寬計算: 最大FPS=4.13, 實際FPS=4.13
2025-07-23 17:51:37,517 [INFO] ✓ 重傳參數設置成功
2025-07-23 17:51:37,518 [INFO] ✓ GVSP超時設置: 5000ms
2025-07-23 17:51:37,522 [INFO] ○ 設備不支援直接頻寬限制，使用其他方法控制
2025-07-23 17:51:37,523 [INFO] 頻寬控制配置完成
2025-07-23 17:51:37,542 [WARNING] 設置像素格式失敗: 0x80000106
2025-07-23 17:51:37,556 [INFO] ✓ 曝光時間設置: 20000.0μs
2025-07-23 17:51:37,570 [INFO] ✓ 幀率設置: 5.0 FPS
2025-07-23 17:51:37,576 [INFO] ✓ 觸發模式
2025-07-23 17:51:37,576 [INFO] ✓ 緩存節點: 1 (最新幀模式)
2025-07-23 17:51:37,576 [INFO] ✓ 抓取策略: 僅最新幀
2025-07-23 17:51:37,577 [INFO] 相機 ccd1_camera 參數配置完成
2025-07-23 17:51:37,577 [INFO] 相機 ccd1_camera 連接成功 - 頻寬限制: 200Mbps
2025-07-23 17:51:37,602 [INFO] 相機 ccd1_camera 開始串流 - 5.0FPS
2025-07-23 17:51:38,603 [INFO] CCD1視覺系統初始化成功
2025-07-23 17:51:38,603 [INFO] 正在初始化CCD3角度檢測系統...
2025-07-23 17:51:39,225 [INFO] 開始配置頻寬控制: 200Mbps
2025-07-23 17:51:39,236 [INFO] ✓ 設置包大小: 1500 bytes
2025-07-23 17:51:39,243 [INFO] ✓ 設置包間延遲: 5000 ticks
2025-07-23 17:51:39,244 [INFO] 頻寬計算: 最大FPS=4.13, 實際FPS=4.13
2025-07-23 17:51:39,244 [INFO] ✓ 重傳參數設置成功
2025-07-23 17:51:39,245 [INFO] ✓ GVSP超時設置: 5000ms
2025-07-23 17:51:39,248 [INFO] ○ 設備不支援直接頻寬限制，使用其他方法控制
2025-07-23 17:51:39,248 [INFO] 頻寬控制配置完成
2025-07-23 17:51:39,269 [WARNING] 設置像素格式失敗: 0x80000106
2025-07-23 17:51:39,284 [INFO] ✓ 曝光時間設置: 20000.0μs
2025-07-23 17:51:39,298 [INFO] ✓ 幀率設置: 5.0 FPS
2025-07-23 17:51:39,303 [INFO] ✓ 觸發模式
2025-07-23 17:51:39,304 [INFO] ✓ 緩存節點: 1 (最新幀模式)
2025-07-23 17:51:39,304 [INFO] ✓ 抓取策略: 僅最新幀
2025-07-23 17:51:39,304 [INFO] 相機 ccd3_headless_camera 參數配置完成
2025-07-23 17:51:39,304 [INFO] 相機 ccd3_headless_camera 連接成功 - 頻寬限制: 200Mbps
2025-07-23 17:51:39,331 [INFO] 相機 ccd3_headless_camera 開始串流 - 5.0FPS
2025-07-23 17:51:39,541 [INFO] CCD3角度檢測系統初始化成功
2025-07-23 17:51:39,541 [INFO] 正在初始化震動盤系統...
2025-07-23 17:51:39,702 [INFO] 震動盤系統初始化成功
2025-07-23 17:51:39,702 [INFO] 正在初始化夾爪系統...
2025-07-23 17:51:39,703 [INFO] PGC夾爪API初始化 - 直接串口通信模式
2025-07-23 17:51:39,703 [INFO] 正在連接PGC夾爪串口: COM3
2025-07-23 17:51:39,738 [INFO] PGC夾爪串口連接成功: COM3
2025-07-23 17:51:39,738 [INFO] PGC夾爪連接成功
2025-07-23 17:51:39,738 [INFO] 開始自動初始化PGC夾爪
2025-07-23 17:51:39,739 [INFO] 開始初始化PGC夾爪
2025-07-23 17:51:41,721 [INFO] PGC夾爪初始化成功，耗時: 1.982秒
2025-07-23 17:51:41,721 [INFO] PGC夾爪初始化成功
2025-07-23 17:51:41,721 [INFO] 夾爪系統初始化成功
2025-07-23 17:51:41,722 [INFO] 正在初始化Dobot機械臂...
2025-07-23 17:51:41,764 [INFO] Dobot連接成功: 192.168.1.6
2025-07-23 17:51:42,968 [INFO] 機械臂使能成功
2025-07-23 17:51:42,969 [INFO] 機械臂自動使能成功
2025-07-23 17:51:42,969 [INFO] Dobot機械臂初始化成功
2025-07-23 17:51:42,976 [INFO] 碰撞檢測等級設定為: 3
2025-07-23 17:51:42,977 [INFO] 碰撞檢測等級設置為: 3
2025-07-23 17:51:42,977 [INFO] 系統初始化完成: 5/5 個子系統成功
2025-07-23 17:51:42,977 [INFO] 開始初始化所有子系統
2025-07-23 17:51:42,977 [WARNING] CCD1已經初始化
2025-07-23 17:51:42,978 [WARNING] CCD3已經初始化
2025-07-23 17:51:42,978 [WARNING] VP已經初始化
2025-07-23 17:51:42,978 [WARNING] Gripper已經初始化
2025-07-23 17:51:42,978 [WARNING] Dobot已經初始化
2025-07-23 17:51:42,978 [INFO] 系統初始化完成: 5/5 個子系統成功
2025-07-23 17:51:44,181 [INFO] 機械臂使能成功
2025-07-23 17:51:44,181 [INFO] 機械臂連接並使能成功
2025-07-23 17:51:44,181 [INFO] PGC夾爪快速關閉
2025-07-23 17:51:45,015 [INFO] PGC快速關閉成功，耗時: 0.833秒
2025-07-23 17:51:45,015 [INFO] 夾爪連接並關閉成功
2025-07-23 17:51:45,015 [INFO] CCD1連接成功（已自動載入模型1）
2025-07-23 17:51:45,015 [INFO] CCD3連接並初始化成功
2025-07-23 17:51:45,016 [INFO] 載入機械臂點位成功，共9個點位
2025-07-23 17:51:45,016 [INFO] 物件管理器初始化完成
2025-07-23 17:51:45,016 [INFO] 參數設定事件啟動
2025-07-23 17:51:45,016 [INFO] CCD1使用預設模型: 1
2025-07-23 17:51:45,017 [INFO] PGC智能釋放到位置: 360
2025-07-23 17:51:45,042 [INFO] PGC智能釋放成功，耗時: 0.025秒
2025-07-23 17:51:45,042 [INFO] 夾爪開度設定為: 360
2025-07-23 17:51:45,043 [INFO] 震動盤參數設定 - 擴散強度:107, 擴散頻率:87
2025-07-23 17:51:45,043 [INFO] 參數設定完成
2025-07-23 17:51:45,043 [INFO] 自動進料事件啟動
2025-07-23 17:51:48,752 [INFO] CCD1檢測成功: {1: 19}
2025-07-23 17:51:48,752 [INFO] 使用上次CCD1檢測結果獲取座標
2025-07-23 17:51:48,752 [INFO] CCD1座標獲取成功: 像素座標1類
2025-07-23 17:51:48,753 [INFO] 檢測結果 - DR_F(標籤0):0, STACK(標籤1):19
2025-07-23 17:51:48,753 [INFO] DR_F不足，其他物件總數: 19
2025-07-23 17:51:48,753 [INFO] 其他物件數量≥5，開始震動盤震動
2025-07-23 17:51:50,263 [ERROR] CCD1檢測失敗: YOLO檢測器未載入
2025-07-23 17:51:51,530 [ERROR] CCD1檢測失敗: YOLO檢測器未載入
2025-07-23 17:51:52,802 [ERROR] CCD1檢測失敗: YOLO檢測器未載入
2025-07-23 17:51:54,069 [ERROR] CCD1檢測失敗: YOLO檢測器未載入
2025-07-23 17:51:55,337 [ERROR] CCD1檢測失敗: YOLO檢測器未載入
2025-07-23 17:51:56,605 [ERROR] CCD1檢測失敗: YOLO檢測器未載入
2025-07-23 17:51:57,874 [ERROR] CCD1檢測失敗: YOLO檢測器未載入
2025-07-23 17:51:59,142 [ERROR] CCD1檢測失敗: YOLO檢測器未載入
2025-07-23 17:52:00,414 [ERROR] CCD1檢測失敗: YOLO檢測器未載入
2025-07-23 17:52:01,694 [ERROR] CCD1檢測失敗: YOLO檢測器未載入
2025-07-23 17:52:01,695 [WARNING] 震動10次後仍無DR_F物件
2025-07-23 17:52:02,196 [INFO] 震動進料完成，重新檢測 - 第1次嘗試
2025-07-23 17:52:02,965 [ERROR] CCD1檢測失敗: YOLO檢測器未載入
2025-07-23 17:52:02,966 [ERROR] CCD1檢測失敗
2025-07-23 17:52:03,240 [ERROR] CCD1檢測失敗: YOLO檢測器未載入
2025-07-23 17:52:03,240 [ERROR] CCD1檢測失敗
2025-07-23 17:52:03,508 [ERROR] CCD1檢測失敗: YOLO檢測器未載入
2025-07-23 17:52:03,508 [ERROR] CCD1檢測失敗
2025-07-23 17:52:03,777 [ERROR] CCD1檢測失敗: YOLO檢測器未載入
2025-07-23 17:52:03,778 [ERROR] CCD1檢測失敗
2025-07-23 17:52:04,055 [ERROR] CCD1檢測失敗: YOLO檢測器未載入
2025-07-23 17:52:04,056 [ERROR] CCD1檢測失敗
2025-07-23 17:52:04,327 [ERROR] CCD1檢測失敗: YOLO檢測器未載入
2025-07-23 17:52:04,328 [ERROR] CCD1檢測失敗
2025-07-23 17:52:04,598 [ERROR] CCD1檢測失敗: YOLO檢測器未載入
2025-07-23 17:52:04,599 [ERROR] CCD1檢測失敗
2025-07-23 17:52:04,870 [ERROR] CCD1檢測失敗: YOLO檢測器未載入
2025-07-23 17:52:04,870 [ERROR] CCD1檢測失敗
2025-07-23 17:52:05,138 [ERROR] CCD1檢測失敗: YOLO檢測器未載入
2025-07-23 17:52:05,138 [ERROR] CCD1檢測失敗
2025-07-23 17:52:05,139 [ERROR] 連續10次檢測無標籤0物件，程序結束
2025-07-23 17:52:05,139 [INFO] 收到用戶中斷信號，開始安全停止流程
2025-07-23 17:52:05,139 [INFO] 正在停止機械臂運動...
2025-07-23 17:52:05,154 [INFO] 運動同步完成
2025-07-23 17:52:06,184 [INFO] 機械臂下使能成功
2025-07-23 17:52:06,184 [INFO] 機械臂已下使能
2025-07-23 17:52:06,185 [INFO] 震動盤已停止
2025-07-23 17:52:06,185 [INFO] 安全停止流程完成
2025-07-23 17:52:06,185 [WARNING] 執行緊急停止
2025-07-23 17:52:06,185 [WARNING] 機械臂緊急停止
2025-07-23 17:52:06,405 [INFO] 停止PGC夾爪動作
2025-07-23 17:52:06,413 [WARNING] 緊急停止完成: 3 個系統成功停止
2025-07-23 17:52:06,413 [INFO] 開始斷開所有系統連接
2025-07-23 17:52:06,414 [INFO] 開始關閉相機管理器...
2025-07-23 17:52:06,444 [INFO] 相機 ccd1_camera 停止串流
2025-07-23 17:52:06,585 [INFO] 相機 ccd1_camera 已斷開
2025-07-23 17:52:06,785 [INFO] 相機管理器已關閉
2025-07-23 17:52:07,288 [INFO] CCD1視覺系統已關閉
2025-07-23 17:52:07,288 [WARNING] 停止串流警告: 0x80000000
2025-07-23 17:52:07,288 [INFO] 相機 ccd3_headless_camera 停止串流
2025-07-23 17:52:07,289 [INFO] 相機 ccd3_headless_camera 已斷開
2025-07-23 17:52:07,354 [INFO] CCD3角度檢測系統已關閉
2025-07-23 17:52:07,355 [INFO] 震動盤系統已關閉
2025-07-23 17:52:07,475 [INFO] PGC夾爪串口連接已斷開
2025-07-23 17:52:07,475 [INFO] 夾爪系統已關閉
2025-07-23 17:52:07,475 [INFO] Dobot連接已斷開
2025-07-23 17:52:07,476 [INFO] Dobot機械臂已關閉
2025-07-23 17:52:07,476 [INFO] 所有系統連接已斷開
2025-07-23 17:52:07,476 [INFO] 系統已安全關閉
2025-07-23 17:53:19,017 [INFO] 自動化系統啟動
2025-07-23 17:53:19,017 [INFO] 按 Ctrl+C 可安全停止系統
2025-07-23 17:53:19,017 [INFO] 物件管理器啟動 - 開始初始化子系統
2025-07-23 17:53:19,018 [INFO] Robot類別初始化開始
2025-07-23 17:53:19,018 [INFO] 開始初始化所有子系統
2025-07-23 17:53:19,018 [INFO] 正在初始化CCD1視覺系統...
2025-07-23 17:53:19,350 [INFO] 相機管理器初始化完成 - 頻寬控制版
2025-07-23 17:53:19,350 [INFO] 添加相機 ccd1_camera - IP: 192.168.1.8, 頻寬: 200Mbps
2025-07-23 17:53:19,990 [INFO] 開始配置頻寬控制: 200Mbps
2025-07-23 17:53:20,000 [INFO] ✓ 設置包大小: 1500 bytes
2025-07-23 17:53:20,008 [INFO] ✓ 設置包間延遲: 5000 ticks
2025-07-23 17:53:20,009 [INFO] 頻寬計算: 最大FPS=4.13, 實際FPS=4.13
2025-07-23 17:53:20,009 [INFO] ✓ 重傳參數設置成功
2025-07-23 17:53:20,010 [INFO] ✓ GVSP超時設置: 5000ms
2025-07-23 17:53:20,013 [INFO] ○ 設備不支援直接頻寬限制，使用其他方法控制
2025-07-23 17:53:20,013 [INFO] 頻寬控制配置完成
2025-07-23 17:53:20,045 [WARNING] 設置像素格式失敗: 0x80000106
2025-07-23 17:53:20,060 [INFO] ✓ 曝光時間設置: 20000.0μs
2025-07-23 17:53:20,069 [INFO] ✓ 幀率設置: 5.0 FPS
2025-07-23 17:53:20,078 [INFO] ✓ 觸發模式
2025-07-23 17:53:20,078 [INFO] ✓ 緩存節點: 1 (最新幀模式)
2025-07-23 17:53:20,078 [INFO] ✓ 抓取策略: 僅最新幀
2025-07-23 17:53:20,079 [INFO] 相機 ccd1_camera 參數配置完成
2025-07-23 17:53:20,079 [INFO] 相機 ccd1_camera 連接成功 - 頻寬限制: 200Mbps
2025-07-23 17:53:20,107 [INFO] 相機 ccd1_camera 開始串流 - 5.0FPS
2025-07-23 17:53:21,109 [INFO] CCD1視覺系統初始化成功
2025-07-23 17:53:21,110 [INFO] 正在初始化CCD3角度檢測系統...
2025-07-23 17:53:21,753 [INFO] 開始配置頻寬控制: 200Mbps
2025-07-23 17:53:21,763 [INFO] ✓ 設置包大小: 1500 bytes
2025-07-23 17:53:21,770 [INFO] ✓ 設置包間延遲: 5000 ticks
2025-07-23 17:53:21,771 [INFO] 頻寬計算: 最大FPS=4.13, 實際FPS=4.13
2025-07-23 17:53:21,772 [INFO] ✓ 重傳參數設置成功
2025-07-23 17:53:21,773 [INFO] ✓ GVSP超時設置: 5000ms
2025-07-23 17:53:21,776 [INFO] ○ 設備不支援直接頻寬限制，使用其他方法控制
2025-07-23 17:53:21,776 [INFO] 頻寬控制配置完成
2025-07-23 17:53:21,801 [WARNING] 設置像素格式失敗: 0x80000106
2025-07-23 17:53:21,813 [INFO] ✓ 曝光時間設置: 20000.0μs
2025-07-23 17:53:21,821 [INFO] ✓ 幀率設置: 5.0 FPS
2025-07-23 17:53:21,826 [INFO] ✓ 觸發模式
2025-07-23 17:53:21,826 [INFO] ✓ 緩存節點: 1 (最新幀模式)
2025-07-23 17:53:21,826 [INFO] ✓ 抓取策略: 僅最新幀
2025-07-23 17:53:21,827 [INFO] 相機 ccd3_headless_camera 參數配置完成
2025-07-23 17:53:21,827 [INFO] 相機 ccd3_headless_camera 連接成功 - 頻寬限制: 200Mbps
2025-07-23 17:53:21,851 [INFO] 相機 ccd3_headless_camera 開始串流 - 5.0FPS
2025-07-23 17:53:22,058 [INFO] CCD3角度檢測系統初始化成功
2025-07-23 17:53:22,058 [INFO] 正在初始化震動盤系統...
2025-07-23 17:53:22,207 [INFO] 震動盤系統初始化成功
2025-07-23 17:53:22,208 [INFO] 正在初始化夾爪系統...
2025-07-23 17:53:22,209 [INFO] PGC夾爪API初始化 - 直接串口通信模式
2025-07-23 17:53:22,209 [INFO] 正在連接PGC夾爪串口: COM3
2025-07-23 17:53:22,240 [INFO] PGC夾爪串口連接成功: COM3
2025-07-23 17:53:22,240 [INFO] PGC夾爪連接成功
2025-07-23 17:53:22,241 [INFO] 開始自動初始化PGC夾爪
2025-07-23 17:53:22,241 [INFO] 開始初始化PGC夾爪
2025-07-23 17:53:24,270 [INFO] PGC夾爪初始化成功，耗時: 2.029秒
2025-07-23 17:53:24,270 [INFO] PGC夾爪初始化成功
2025-07-23 17:53:24,270 [INFO] 夾爪系統初始化成功
2025-07-23 17:53:24,270 [INFO] 正在初始化Dobot機械臂...
2025-07-23 17:53:24,375 [INFO] Dobot連接成功: 192.168.1.6
2025-07-23 17:53:24,376 [INFO] 機械臂使能成功
2025-07-23 17:53:24,376 [INFO] 機械臂自動使能成功
2025-07-23 17:53:24,376 [INFO] Dobot機械臂初始化成功
2025-07-23 17:53:24,380 [INFO] 碰撞檢測等級設定為: 3
2025-07-23 17:53:24,381 [INFO] 碰撞檢測等級設置為: 3
2025-07-23 17:53:24,381 [INFO] 系統初始化完成: 5/5 個子系統成功
2025-07-23 17:53:24,381 [INFO] 開始初始化所有子系統
2025-07-23 17:53:24,381 [WARNING] CCD1已經初始化
2025-07-23 17:53:24,382 [WARNING] CCD3已經初始化
2025-07-23 17:53:24,382 [WARNING] VP已經初始化
2025-07-23 17:53:24,382 [WARNING] Gripper已經初始化
2025-07-23 17:53:24,382 [WARNING] Dobot已經初始化
2025-07-23 17:53:24,382 [INFO] 系統初始化完成: 5/5 個子系統成功
2025-07-23 17:53:24,383 [INFO] 機械臂使能成功
2025-07-23 17:53:24,383 [INFO] 機械臂連接並使能成功
2025-07-23 17:53:24,384 [INFO] PGC夾爪快速關閉
2025-07-23 17:53:25,199 [INFO] PGC快速關閉成功，耗時: 0.815秒
2025-07-23 17:53:25,199 [INFO] 夾爪連接並關閉成功
2025-07-23 17:53:25,199 [INFO] CCD1連接成功（已自動載入模型1）
2025-07-23 17:53:25,199 [INFO] CCD3連接並初始化成功
2025-07-23 17:53:25,200 [INFO] 載入機械臂點位成功，共9個點位
2025-07-23 17:53:25,200 [INFO] 物件管理器初始化完成
2025-07-23 17:53:25,200 [INFO] 參數設定事件啟動
2025-07-23 17:53:25,200 [INFO] CCD1使用預設模型: 1
2025-07-23 17:53:25,200 [INFO] PGC智能釋放到位置: 360
2025-07-23 17:53:25,226 [INFO] PGC智能釋放成功，耗時: 0.025秒
2025-07-23 17:53:25,226 [INFO] 夾爪開度設定為: 360
2025-07-23 17:53:25,232 [INFO] 震動盤參數設定 - 擴散強度:107, 擴散頻率:87
2025-07-23 17:53:25,233 [INFO] 參數設定完成
2025-07-23 17:53:25,233 [INFO] 自動進料事件啟動
2025-07-23 17:53:29,199 [INFO] CCD1檢測成功: {1: 19}
2025-07-23 17:53:29,200 [INFO] 使用上次CCD1檢測結果獲取座標
2025-07-23 17:53:29,200 [INFO] CCD1座標獲取成功: 像素座標1類
2025-07-23 17:53:29,200 [INFO] 檢測結果 - DR_F(標籤0):0, STACK(標籤1):19
2025-07-23 17:53:29,200 [INFO] DR_F不足，其他物件總數: 19
2025-07-23 17:53:29,200 [INFO] 其他物件數量≥5，開始震動盤震動
2025-07-23 17:53:30,692 [ERROR] CCD1檢測失敗: YOLO檢測器未載入
2025-07-23 17:53:31,961 [ERROR] CCD1檢測失敗: YOLO檢測器未載入
2025-07-23 17:53:33,232 [ERROR] CCD1檢測失敗: YOLO檢測器未載入
2025-07-23 17:53:34,497 [ERROR] CCD1檢測失敗: YOLO檢測器未載入
2025-07-23 17:53:35,767 [ERROR] CCD1檢測失敗: YOLO檢測器未載入
2025-07-23 17:53:37,036 [ERROR] CCD1檢測失敗: YOLO檢測器未載入
2025-07-23 17:53:38,304 [ERROR] CCD1檢測失敗: YOLO檢測器未載入
2025-07-23 17:53:39,575 [ERROR] CCD1檢測失敗: YOLO檢測器未載入
2025-07-23 17:53:40,849 [ERROR] CCD1檢測失敗: YOLO檢測器未載入
2025-07-23 17:53:42,117 [ERROR] CCD1檢測失敗: YOLO檢測器未載入
2025-07-23 17:53:42,119 [WARNING] 震動10次後仍無DR_F物件
2025-07-23 17:53:42,620 [INFO] 震動進料完成，重新檢測 - 第1次嘗試
2025-07-23 17:53:43,392 [ERROR] CCD1檢測失敗: YOLO檢測器未載入
2025-07-23 17:53:43,392 [ERROR] CCD1檢測失敗
2025-07-23 17:53:43,661 [ERROR] CCD1檢測失敗: YOLO檢測器未載入
2025-07-23 17:53:43,662 [ERROR] CCD1檢測失敗
2025-07-23 17:53:43,930 [ERROR] CCD1檢測失敗: YOLO檢測器未載入
2025-07-23 17:53:43,931 [ERROR] CCD1檢測失敗
2025-07-23 17:53:44,198 [ERROR] CCD1檢測失敗: YOLO檢測器未載入
2025-07-23 17:53:44,198 [ERROR] CCD1檢測失敗
2025-07-23 17:53:44,474 [ERROR] CCD1檢測失敗: YOLO檢測器未載入
2025-07-23 17:53:44,475 [ERROR] CCD1檢測失敗
2025-07-23 17:53:44,740 [ERROR] CCD1檢測失敗: YOLO檢測器未載入
2025-07-23 17:53:44,741 [ERROR] CCD1檢測失敗
2025-07-23 17:53:45,015 [ERROR] CCD1檢測失敗: YOLO檢測器未載入
2025-07-23 17:53:45,015 [ERROR] CCD1檢測失敗
2025-07-23 17:53:45,284 [ERROR] CCD1檢測失敗: YOLO檢測器未載入
2025-07-23 17:53:45,284 [ERROR] CCD1檢測失敗
2025-07-23 17:53:45,551 [ERROR] CCD1檢測失敗: YOLO檢測器未載入
2025-07-23 17:53:45,552 [ERROR] CCD1檢測失敗
2025-07-23 17:53:45,552 [ERROR] 連續10次檢測無標籤0物件，程序結束
2025-07-23 17:53:45,552 [INFO] 系統停止 - 原物料不足
2025-07-23 17:53:45,552 [WARNING] 執行緊急停止
2025-07-23 17:53:45,553 [WARNING] 機械臂緊急停止
2025-07-23 17:53:45,701 [INFO] 停止PGC夾爪動作
2025-07-23 17:53:45,716 [WARNING] 緊急停止完成: 3 個系統成功停止
2025-07-23 17:53:45,716 [INFO] 開始斷開所有系統連接
2025-07-23 17:53:45,716 [INFO] 開始關閉相機管理器...
2025-07-23 17:53:45,739 [INFO] 相機 ccd1_camera 停止串流
2025-07-23 17:53:45,896 [INFO] 相機 ccd1_camera 已斷開
2025-07-23 17:53:46,221 [INFO] 相機管理器已關閉
2025-07-23 17:53:46,740 [INFO] CCD1視覺系統已關閉
2025-07-23 17:53:46,740 [WARNING] 停止串流警告: 0x80000000
2025-07-23 17:53:46,740 [INFO] 相機 ccd3_headless_camera 停止串流
2025-07-23 17:53:46,741 [INFO] 相機 ccd3_headless_camera 已斷開
2025-07-23 17:53:46,804 [INFO] CCD3角度檢測系統已關閉
2025-07-23 17:53:46,805 [INFO] 震動盤系統已關閉
2025-07-23 17:53:46,930 [INFO] PGC夾爪串口連接已斷開
2025-07-23 17:53:46,930 [INFO] 夾爪系統已關閉
2025-07-23 17:53:46,931 [INFO] 機械臂下使能成功
2025-07-23 17:53:46,931 [INFO] Dobot連接已斷開
2025-07-23 17:53:46,931 [INFO] Dobot機械臂已關閉
2025-07-23 17:53:46,932 [INFO] 所有系統連接已斷開
2025-07-23 17:53:46,932 [INFO] 系統已安全關閉
2025-07-23 17:57:41,562 [INFO] 自動化系統啟動
2025-07-23 17:57:41,562 [INFO] 按 Ctrl+C 可安全停止系統
2025-07-23 17:57:41,562 [INFO] 物件管理器啟動 - 開始初始化子系統
2025-07-23 17:57:41,563 [INFO] Robot類別初始化開始
2025-07-23 17:57:41,563 [INFO] 開始初始化所有子系統
2025-07-23 17:57:41,564 [INFO] 正在初始化CCD1視覺系統...
2025-07-23 17:57:41,896 [INFO] 相機管理器初始化完成 - 頻寬控制版
2025-07-23 17:57:41,896 [INFO] 添加相機 ccd1_camera - IP: 192.168.1.8, 頻寬: 200Mbps
2025-07-23 17:57:42,521 [INFO] 開始配置頻寬控制: 200Mbps
2025-07-23 17:57:42,532 [INFO] ✓ 設置包大小: 1500 bytes
2025-07-23 17:57:42,541 [INFO] ✓ 設置包間延遲: 5000 ticks
2025-07-23 17:57:42,541 [INFO] 頻寬計算: 最大FPS=4.13, 實際FPS=4.13
2025-07-23 17:57:42,541 [INFO] ✓ 重傳參數設置成功
2025-07-23 17:57:42,542 [INFO] ✓ GVSP超時設置: 5000ms
2025-07-23 17:57:42,545 [INFO] ○ 設備不支援直接頻寬限制，使用其他方法控制
2025-07-23 17:57:42,545 [INFO] 頻寬控制配置完成
2025-07-23 17:57:42,571 [WARNING] 設置像素格式失敗: 0x80000106
2025-07-23 17:57:42,589 [INFO] ✓ 曝光時間設置: 20000.0μs
2025-07-23 17:57:42,602 [INFO] ✓ 幀率設置: 5.0 FPS
2025-07-23 17:57:42,607 [INFO] ✓ 觸發模式
2025-07-23 17:57:42,608 [INFO] ✓ 緩存節點: 1 (最新幀模式)
2025-07-23 17:57:42,608 [INFO] ✓ 抓取策略: 僅最新幀
2025-07-23 17:57:42,608 [INFO] 相機 ccd1_camera 參數配置完成
2025-07-23 17:57:42,609 [INFO] 相機 ccd1_camera 連接成功 - 頻寬限制: 200Mbps
2025-07-23 17:57:42,635 [INFO] 相機 ccd1_camera 開始串流 - 5.0FPS
2025-07-23 17:57:43,636 [INFO] CCD1視覺系統初始化成功
2025-07-23 17:57:43,637 [INFO] 正在初始化CCD3角度檢測系統...
2025-07-23 17:57:44,256 [INFO] 開始配置頻寬控制: 200Mbps
2025-07-23 17:57:44,266 [INFO] ✓ 設置包大小: 1500 bytes
2025-07-23 17:57:44,274 [INFO] ✓ 設置包間延遲: 5000 ticks
2025-07-23 17:57:44,275 [INFO] 頻寬計算: 最大FPS=4.13, 實際FPS=4.13
2025-07-23 17:57:44,275 [INFO] ✓ 重傳參數設置成功
2025-07-23 17:57:44,276 [INFO] ✓ GVSP超時設置: 5000ms
2025-07-23 17:57:44,279 [INFO] ○ 設備不支援直接頻寬限制，使用其他方法控制
2025-07-23 17:57:44,279 [INFO] 頻寬控制配置完成
2025-07-23 17:57:44,300 [WARNING] 設置像素格式失敗: 0x80000106
2025-07-23 17:57:44,317 [INFO] ✓ 曝光時間設置: 20000.0μs
2025-07-23 17:57:44,329 [INFO] ✓ 幀率設置: 5.0 FPS
2025-07-23 17:57:44,334 [INFO] ✓ 觸發模式
2025-07-23 17:57:44,334 [INFO] ✓ 緩存節點: 1 (最新幀模式)
2025-07-23 17:57:44,335 [INFO] ✓ 抓取策略: 僅最新幀
2025-07-23 17:57:44,335 [INFO] 相機 ccd3_headless_camera 參數配置完成
2025-07-23 17:57:44,335 [INFO] 相機 ccd3_headless_camera 連接成功 - 頻寬限制: 200Mbps
2025-07-23 17:57:44,364 [INFO] 相機 ccd3_headless_camera 開始串流 - 5.0FPS
2025-07-23 17:57:44,569 [INFO] CCD3角度檢測系統初始化成功
2025-07-23 17:57:44,569 [INFO] 正在初始化震動盤系統...
2025-07-23 17:57:44,733 [INFO] 震動盤系統初始化成功
2025-07-23 17:57:44,733 [INFO] 正在初始化夾爪系統...
2025-07-23 17:57:44,734 [INFO] PGC夾爪API初始化 - 直接串口通信模式
2025-07-23 17:57:44,734 [INFO] 正在連接PGC夾爪串口: COM3
2025-07-23 17:57:44,757 [INFO] PGC夾爪串口連接成功: COM3
2025-07-23 17:57:44,757 [INFO] PGC夾爪連接成功
2025-07-23 17:57:44,758 [INFO] 開始自動初始化PGC夾爪
2025-07-23 17:57:44,758 [INFO] 開始初始化PGC夾爪
2025-07-23 17:57:46,741 [INFO] PGC夾爪初始化成功，耗時: 1.982秒
2025-07-23 17:57:46,741 [INFO] PGC夾爪初始化成功
2025-07-23 17:57:46,741 [INFO] 夾爪系統初始化成功
2025-07-23 17:57:46,741 [INFO] 正在初始化Dobot機械臂...
2025-07-23 17:57:46,779 [INFO] Dobot連接成功: 192.168.1.6
2025-07-23 17:57:48,009 [INFO] 機械臂使能成功
2025-07-23 17:57:48,010 [INFO] 機械臂自動使能成功
2025-07-23 17:57:48,010 [INFO] Dobot機械臂初始化成功
2025-07-23 17:57:48,017 [INFO] 碰撞檢測等級設定為: 3
2025-07-23 17:57:48,018 [INFO] 碰撞檢測等級設置為: 3
2025-07-23 17:57:48,018 [INFO] 系統初始化完成: 5/5 個子系統成功
2025-07-23 17:57:48,018 [INFO] 開始初始化所有子系統
2025-07-23 17:57:48,018 [WARNING] CCD1已經初始化
2025-07-23 17:57:48,018 [WARNING] CCD3已經初始化
2025-07-23 17:57:48,019 [WARNING] VP已經初始化
2025-07-23 17:57:48,019 [WARNING] Gripper已經初始化
2025-07-23 17:57:48,019 [WARNING] Dobot已經初始化
2025-07-23 17:57:48,020 [INFO] 系統初始化完成: 5/5 個子系統成功
2025-07-23 17:57:49,229 [INFO] 機械臂使能成功
2025-07-23 17:57:49,229 [INFO] 機械臂連接並使能成功
2025-07-23 17:57:49,229 [INFO] PGC夾爪快速關閉
2025-07-23 17:57:50,066 [INFO] PGC快速關閉成功，耗時: 0.837秒
2025-07-23 17:57:50,066 [INFO] 夾爪連接並關閉成功
2025-07-23 17:57:50,066 [INFO] CCD1連接成功（已自動載入模型1）
2025-07-23 17:57:50,067 [INFO] CCD1載入模型後記憶體基準已重置
2025-07-23 17:57:50,067 [INFO] CCD3連接並初始化成功
2025-07-23 17:57:50,067 [INFO] 載入機械臂點位成功，共9個點位
2025-07-23 17:57:50,068 [INFO] 物件管理器初始化完成
2025-07-23 17:57:50,068 [INFO] 參數設定事件啟動
2025-07-23 17:57:50,068 [INFO] CCD1使用預設模型: 1
2025-07-23 17:57:50,068 [INFO] PGC智能釋放到位置: 360
2025-07-23 17:57:50,095 [INFO] PGC智能釋放成功，耗時: 0.027秒
2025-07-23 17:57:50,095 [INFO] 夾爪開度設定為: 360
2025-07-23 17:57:50,096 [INFO] 震動盤參數設定 - 擴散強度:107, 擴散頻率:87
2025-07-23 17:57:50,097 [INFO] 參數設定完成
2025-07-23 17:57:50,097 [INFO] 自動進料事件啟動
2025-07-23 17:57:53,945 [INFO] CCD1檢測成功: {1: 17}
2025-07-23 17:57:53,946 [INFO] 使用上次CCD1檢測結果獲取座標
2025-07-23 17:57:53,946 [INFO] CCD1座標獲取成功: 像素座標1類
2025-07-23 17:57:53,946 [INFO] 檢測結果 - DR_F(標籤0):0, STACK(標籤1):17
2025-07-23 17:57:53,946 [INFO] DR_F不足，其他物件總數: 17
2025-07-23 17:57:53,946 [INFO] 其他物件數量≥5，開始震動盤震動
2025-07-23 17:57:55,473 [ERROR] CCD1檢測失敗: YOLO檢測器未載入
2025-07-23 17:57:56,746 [ERROR] CCD1檢測失敗: YOLO檢測器未載入
2025-07-23 17:57:58,023 [ERROR] CCD1檢測失敗: YOLO檢測器未載入
2025-07-23 17:57:59,294 [ERROR] CCD1檢測失敗: YOLO檢測器未載入
2025-07-23 17:58:00,578 [ERROR] CCD1檢測失敗: YOLO檢測器未載入
2025-07-23 17:58:01,851 [ERROR] CCD1檢測失敗: YOLO檢測器未載入
2025-07-23 17:58:03,127 [ERROR] CCD1檢測失敗: YOLO檢測器未載入
2025-07-23 17:58:04,400 [ERROR] CCD1檢測失敗: YOLO檢測器未載入
2025-07-23 17:58:05,672 [ERROR] CCD1檢測失敗: YOLO檢測器未載入
2025-07-23 17:58:06,944 [ERROR] CCD1檢測失敗: YOLO檢測器未載入
2025-07-23 17:58:06,945 [WARNING] 震動10次後仍無DR_F物件
2025-07-23 17:58:07,446 [INFO] 震動進料完成，重新檢測 - 第1次嘗試
2025-07-23 17:58:08,217 [ERROR] CCD1檢測失敗: YOLO檢測器未載入
2025-07-23 17:58:08,218 [ERROR] CCD1檢測失敗
2025-07-23 17:58:08,487 [ERROR] CCD1檢測失敗: YOLO檢測器未載入
2025-07-23 17:58:08,488 [ERROR] CCD1檢測失敗
2025-07-23 17:58:08,762 [ERROR] CCD1檢測失敗: YOLO檢測器未載入
2025-07-23 17:58:08,762 [ERROR] CCD1檢測失敗
2025-07-23 17:58:09,031 [ERROR] CCD1檢測失敗: YOLO檢測器未載入
2025-07-23 17:58:09,032 [ERROR] CCD1檢測失敗
2025-07-23 17:58:09,305 [ERROR] CCD1檢測失敗: YOLO檢測器未載入
2025-07-23 17:58:09,305 [ERROR] CCD1檢測失敗
2025-07-23 17:58:09,576 [ERROR] CCD1檢測失敗: YOLO檢測器未載入
2025-07-23 17:58:09,576 [ERROR] CCD1檢測失敗
2025-07-23 17:58:09,854 [ERROR] CCD1檢測失敗: YOLO檢測器未載入
2025-07-23 17:58:09,854 [ERROR] CCD1檢測失敗
2025-07-23 17:58:10,133 [ERROR] CCD1檢測失敗: YOLO檢測器未載入
2025-07-23 17:58:10,134 [ERROR] CCD1檢測失敗
2025-07-23 17:58:10,407 [ERROR] CCD1檢測失敗: YOLO檢測器未載入
2025-07-23 17:58:10,407 [ERROR] CCD1檢測失敗
2025-07-23 17:58:10,407 [ERROR] 連續10次檢測無標籤0物件，程序結束
2025-07-23 17:58:10,408 [INFO] 系統停止 - 原物料不足
2025-07-23 17:58:10,408 [WARNING] 執行緊急停止
2025-07-23 17:58:10,409 [WARNING] 機械臂緊急停止
2025-07-23 17:58:10,557 [INFO] 停止PGC夾爪動作
2025-07-23 17:58:10,569 [WARNING] 緊急停止完成: 3 個系統成功停止
2025-07-23 17:58:10,569 [INFO] 開始斷開所有系統連接
2025-07-23 17:58:10,569 [INFO] 開始關閉相機管理器...
2025-07-23 17:58:10,595 [INFO] 相機 ccd1_camera 停止串流
2025-07-23 17:58:10,661 [INFO] 相機 ccd1_camera 已斷開
2025-07-23 17:58:10,875 [INFO] 相機管理器已關閉
2025-07-23 17:58:11,377 [INFO] CCD1視覺系統已關閉
2025-07-23 17:58:11,377 [WARNING] 停止串流警告: 0x80000000
2025-07-23 17:58:11,377 [INFO] 相機 ccd3_headless_camera 停止串流
2025-07-23 17:58:11,377 [INFO] 相機 ccd3_headless_camera 已斷開
2025-07-23 17:58:11,445 [INFO] CCD3角度檢測系統已關閉
2025-07-23 17:58:11,446 [INFO] 震動盤系統已關閉
2025-07-23 17:58:11,575 [INFO] PGC夾爪串口連接已斷開
2025-07-23 17:58:11,575 [INFO] 夾爪系統已關閉
2025-07-23 17:58:11,576 [INFO] 機械臂下使能成功
2025-07-23 17:58:11,577 [INFO] Dobot連接已斷開
2025-07-23 17:58:11,577 [INFO] Dobot機械臂已關閉
2025-07-23 17:58:11,577 [INFO] 所有系統連接已斷開
2025-07-23 17:58:11,577 [INFO] 系統已安全關閉
2025-07-23 18:03:44,865 [INFO] 自動化系統啟動
2025-07-23 18:03:44,865 [INFO] 按 Ctrl+C 可安全停止系統
2025-07-23 18:03:44,866 [INFO] 物件管理器啟動 - 開始初始化子系統
2025-07-23 18:03:44,866 [INFO] Robot類別初始化開始
2025-07-23 18:03:44,867 [INFO] 開始初始化所有子系統
2025-07-23 18:03:44,867 [INFO] 正在初始化CCD1視覺系統...
2025-07-23 18:03:45,187 [INFO] 相機管理器初始化完成 - 頻寬控制版
2025-07-23 18:03:45,188 [INFO] 添加相機 ccd1_camera - IP: 192.168.1.8, 頻寬: 200Mbps
2025-07-23 18:03:45,830 [INFO] 開始配置頻寬控制: 200Mbps
2025-07-23 18:03:45,840 [INFO] ✓ 設置包大小: 1500 bytes
2025-07-23 18:03:45,848 [INFO] ✓ 設置包間延遲: 5000 ticks
2025-07-23 18:03:45,848 [INFO] 頻寬計算: 最大FPS=4.13, 實際FPS=4.13
2025-07-23 18:03:45,848 [INFO] ✓ 重傳參數設置成功
2025-07-23 18:03:45,849 [INFO] ✓ GVSP超時設置: 5000ms
2025-07-23 18:03:45,852 [INFO] ○ 設備不支援直接頻寬限制，使用其他方法控制
2025-07-23 18:03:45,852 [INFO] 頻寬控制配置完成
2025-07-23 18:03:45,872 [WARNING] 設置像素格式失敗: 0x80000106
2025-07-23 18:03:45,886 [INFO] ✓ 曝光時間設置: 20000.0μs
2025-07-23 18:03:45,900 [INFO] ✓ 幀率設置: 5.0 FPS
2025-07-23 18:03:45,904 [INFO] ✓ 觸發模式
2025-07-23 18:03:45,905 [INFO] ✓ 緩存節點: 1 (最新幀模式)
2025-07-23 18:03:45,905 [INFO] ✓ 抓取策略: 僅最新幀
2025-07-23 18:03:45,906 [INFO] 相機 ccd1_camera 參數配置完成
2025-07-23 18:03:45,906 [INFO] 相機 ccd1_camera 連接成功 - 頻寬限制: 200Mbps
2025-07-23 18:03:45,935 [INFO] 相機 ccd1_camera 開始串流 - 5.0FPS
2025-07-23 18:03:46,936 [INFO] CCD1視覺系統初始化成功
2025-07-23 18:03:46,936 [INFO] 正在初始化CCD3角度檢測系統...
2025-07-23 18:03:47,568 [INFO] 開始配置頻寬控制: 200Mbps
2025-07-23 18:03:47,583 [INFO] ✓ 設置包大小: 1500 bytes
2025-07-23 18:03:47,590 [INFO] ✓ 設置包間延遲: 5000 ticks
2025-07-23 18:03:47,591 [INFO] 頻寬計算: 最大FPS=4.13, 實際FPS=4.13
2025-07-23 18:03:47,591 [INFO] ✓ 重傳參數設置成功
2025-07-23 18:03:47,592 [INFO] ✓ GVSP超時設置: 5000ms
2025-07-23 18:03:47,593 [INFO] ○ 設備不支援直接頻寬限制，使用其他方法控制
2025-07-23 18:03:47,593 [INFO] 頻寬控制配置完成
2025-07-23 18:03:47,612 [WARNING] 設置像素格式失敗: 0x80000106
2025-07-23 18:03:47,626 [INFO] ✓ 曝光時間設置: 20000.0μs
2025-07-23 18:03:47,636 [INFO] ✓ 幀率設置: 5.0 FPS
2025-07-23 18:03:47,641 [INFO] ✓ 觸發模式
2025-07-23 18:03:47,641 [INFO] ✓ 緩存節點: 1 (最新幀模式)
2025-07-23 18:03:47,642 [INFO] ✓ 抓取策略: 僅最新幀
2025-07-23 18:03:47,642 [INFO] 相機 ccd3_headless_camera 參數配置完成
2025-07-23 18:03:47,642 [INFO] 相機 ccd3_headless_camera 連接成功 - 頻寬限制: 200Mbps
2025-07-23 18:03:47,673 [INFO] 相機 ccd3_headless_camera 開始串流 - 5.0FPS
2025-07-23 18:03:47,878 [INFO] CCD3角度檢測系統初始化成功
2025-07-23 18:03:47,878 [INFO] 正在初始化震動盤系統...
2025-07-23 18:03:48,042 [INFO] 震動盤系統初始化成功
2025-07-23 18:03:48,043 [INFO] 正在初始化夾爪系統...
2025-07-23 18:03:48,043 [INFO] PGC夾爪API初始化 - 直接串口通信模式
2025-07-23 18:03:48,044 [INFO] 正在連接PGC夾爪串口: COM3
2025-07-23 18:03:48,066 [INFO] PGC夾爪串口連接成功: COM3
2025-07-23 18:03:48,066 [INFO] PGC夾爪連接成功
2025-07-23 18:03:48,066 [INFO] 開始自動初始化PGC夾爪
2025-07-23 18:03:48,066 [INFO] 開始初始化PGC夾爪
2025-07-23 18:03:50,049 [INFO] PGC夾爪初始化成功，耗時: 1.983秒
2025-07-23 18:03:50,049 [INFO] PGC夾爪初始化成功
2025-07-23 18:03:50,049 [INFO] 夾爪系統初始化成功
2025-07-23 18:03:50,050 [INFO] 正在初始化Dobot機械臂...
2025-07-23 18:03:50,137 [INFO] Dobot連接成功: 192.168.1.6
2025-07-23 18:03:51,353 [INFO] 機械臂使能成功
2025-07-23 18:03:51,354 [INFO] 機械臂自動使能成功
2025-07-23 18:03:51,354 [INFO] Dobot機械臂初始化成功
2025-07-23 18:03:51,362 [INFO] 碰撞檢測等級設定為: 3
2025-07-23 18:03:51,362 [INFO] 碰撞檢測等級設置為: 3
2025-07-23 18:03:51,362 [INFO] 系統初始化完成: 5/5 個子系統成功
2025-07-23 18:03:51,363 [INFO] 開始初始化所有子系統
2025-07-23 18:03:51,363 [WARNING] CCD1已經初始化
2025-07-23 18:03:51,363 [WARNING] CCD3已經初始化
2025-07-23 18:03:51,363 [WARNING] VP已經初始化
2025-07-23 18:03:51,363 [WARNING] Gripper已經初始化
2025-07-23 18:03:51,364 [WARNING] Dobot已經初始化
2025-07-23 18:03:51,364 [INFO] 系統初始化完成: 5/5 個子系統成功
2025-07-23 18:03:52,565 [INFO] 機械臂使能成功
2025-07-23 18:03:52,565 [INFO] 機械臂連接並使能成功
2025-07-23 18:03:52,565 [INFO] PGC夾爪快速關閉
2025-07-23 18:03:53,392 [INFO] PGC快速關閉成功，耗時: 0.826秒
2025-07-23 18:03:53,392 [INFO] 夾爪連接並關閉成功
2025-07-23 18:03:53,392 [INFO] CCD1連接成功（已自動載入模型1）
2025-07-23 18:03:53,392 [INFO] CCD1載入模型後記憶體基準已重置
2025-07-23 18:03:53,392 [INFO] CCD3連接並初始化成功
2025-07-23 18:03:53,393 [INFO] 載入機械臂點位成功，共9個點位
2025-07-23 18:03:53,393 [INFO] 物件管理器初始化完成
2025-07-23 18:03:53,393 [INFO] 參數設定事件啟動
2025-07-23 18:03:53,394 [INFO] CCD1使用預設模型: 1
2025-07-23 18:03:53,394 [INFO] PGC智能釋放到位置: 360
2025-07-23 18:03:53,420 [INFO] PGC智能釋放成功，耗時: 0.026秒
2025-07-23 18:03:53,420 [INFO] 夾爪開度設定為: 360
2025-07-23 18:03:53,421 [INFO] 震動盤參數設定 - 擴散強度:107, 擴散頻率:87
2025-07-23 18:03:53,421 [INFO] 參數設定完成
2025-07-23 18:03:53,422 [INFO] 自動進料事件啟動
2025-07-23 18:03:56,661 [INFO] CCD1檢測成功: {1: 21}
2025-07-23 18:03:56,661 [INFO] 使用上次CCD1檢測結果獲取座標
2025-07-23 18:03:56,661 [INFO] CCD1座標獲取成功: 像素座標0類
2025-07-23 18:03:56,661 [INFO] 檢測結果 - DR_F(標籤0):0, STACK(標籤1):21
2025-07-23 18:03:56,661 [INFO] DR_F不足，其他物件總數: 21
2025-07-23 18:03:56,662 [INFO] 其他物件數量≥5，開始震動盤震動
2025-07-23 18:04:00,467 [INFO] CCD1檢測成功: {0: 16, 1: 17}
2025-07-23 18:04:00,467 [INFO] 震動中檢測 - DR_F:16個
2025-07-23 18:04:00,468 [INFO] 使用上次CCD1檢測結果獲取座標
2025-07-23 18:04:00,469 [INFO] CCD1座標獲取成功: 像素座標0類
2025-07-23 18:04:00,469 [INFO] 震動成功 - DR_F數量:0個
2025-07-23 18:04:00,469 [INFO] 物件用完，重新觸發自動進料事件
2025-07-23 18:04:00,470 [INFO] 自動進料事件啟動
2025-07-23 18:04:03,036 [INFO] CCD1檢測成功: {0: 16, 1: 17}
2025-07-23 18:04:03,036 [INFO] 使用上次CCD1檢測結果獲取座標
2025-07-23 18:04:03,036 [INFO] CCD1座標獲取成功: 像素座標0類
2025-07-23 18:04:03,036 [INFO] 檢測結果 - DR_F(標籤0):16, STACK(標籤1):17
2025-07-23 18:04:03,037 [INFO] 物料準備完成 - DR_F數量:0, 實際座標:0個
2025-07-23 18:04:03,037 [INFO] 機械臂上料事件啟動(Flow1流程)
2025-07-23 18:04:03,037 [INFO] 當前批次標籤0物件已處理完成，需要重新進料
2025-07-23 18:04:03,037 [INFO] 當前批次物件已用完，需要重新進料
2025-07-23 18:04:03,038 [INFO] 機械臂組裝事件啟動(Flow2流程)
2025-07-23 18:04:08,039 [INFO] 開始組裝流程，使用角度: 45.00°
2025-07-23 18:04:09,494 [INFO] 運動同步完成
2025-07-23 18:04:09,495 [INFO] 移動到put_asm_top完成 (J4角度:45.00°)
2025-07-23 18:04:09,870 [INFO] 運動同步完成
2025-07-23 18:04:09,871 [INFO] 移動到put_asm_down完成 (J4角度:45.00°)
2025-07-23 18:04:09,871 [INFO] PGC夾爪快速關閉
2025-07-23 18:04:10,232 [INFO] PGC快速關閉成功，耗時: 0.361秒
2025-07-23 18:04:10,533 [INFO] 夾爪關閉完成
2025-07-23 18:04:10,906 [INFO] 運動同步完成
2025-07-23 18:04:10,906 [INFO] 返回put_asm_top完成
2025-07-23 18:04:12,249 [INFO] 運動同步完成
2025-07-23 18:04:12,249 [INFO] 返回standby完成
2025-07-23 18:04:12,250 [INFO] Flow2組裝流程完成
2025-07-23 18:04:12,250 [INFO] 完成第1輪上料組裝循環
2025-07-23 18:04:12,250 [INFO] 物件用完，重新觸發自動進料事件
2025-07-23 18:04:12,250 [INFO] 自動進料事件啟動
2025-07-23 18:04:14,832 [INFO] CCD1檢測成功: {0: 16, 1: 17}
2025-07-23 18:04:14,833 [INFO] 使用上次CCD1檢測結果獲取座標
2025-07-23 18:04:14,833 [INFO] CCD1座標獲取成功: 像素座標0類
2025-07-23 18:04:14,833 [INFO] 檢測結果 - DR_F(標籤0):16, STACK(標籤1):17
2025-07-23 18:04:14,834 [INFO] 物料準備完成 - DR_F數量:0, 實際座標:0個
2025-07-23 18:04:14,834 [INFO] 機械臂上料事件啟動(Flow1流程)
2025-07-23 18:04:14,834 [INFO] 當前批次標籤0物件已處理完成，需要重新進料
2025-07-23 18:04:14,835 [INFO] 當前批次物件已用完，需要重新進料
2025-07-23 18:04:14,835 [INFO] 機械臂組裝事件啟動(Flow2流程)
2025-07-23 18:04:19,836 [INFO] 開始組裝流程，使用角度: 45.00°
2025-07-23 18:04:21,185 [INFO] 運動同步完成
2025-07-23 18:04:21,186 [INFO] 移動到put_asm_top完成 (J4角度:45.00°)
2025-07-23 18:04:21,566 [INFO] 運動同步完成
2025-07-23 18:04:21,566 [INFO] 移動到put_asm_down完成 (J4角度:45.00°)
2025-07-23 18:04:21,566 [INFO] PGC夾爪快速關閉
2025-07-23 18:04:21,619 [INFO] PGC快速關閉成功，耗時: 0.053秒
2025-07-23 18:04:21,920 [INFO] 夾爪關閉完成
2025-07-23 18:04:22,293 [INFO] 運動同步完成
2025-07-23 18:04:22,293 [INFO] 返回put_asm_top完成
2025-07-23 18:04:23,637 [INFO] 運動同步完成
2025-07-23 18:04:23,637 [INFO] 返回standby完成
2025-07-23 18:04:23,637 [INFO] Flow2組裝流程完成
2025-07-23 18:04:23,637 [INFO] 完成第2輪上料組裝循環
2025-07-23 18:04:23,638 [INFO] 物件用完，重新觸發自動進料事件
2025-07-23 18:04:23,638 [INFO] 自動進料事件啟動
2025-07-23 18:04:26,276 [INFO] CCD1檢測成功: {0: 16, 1: 17}
2025-07-23 18:04:26,277 [INFO] 使用上次CCD1檢測結果獲取座標
2025-07-23 18:04:26,277 [INFO] CCD1座標獲取成功: 像素座標0類
2025-07-23 18:04:26,278 [INFO] 檢測結果 - DR_F(標籤0):16, STACK(標籤1):17
2025-07-23 18:04:26,278 [INFO] 物料準備完成 - DR_F數量:0, 實際座標:0個
2025-07-23 18:04:26,278 [INFO] 收到用戶中斷信號，開始安全停止流程
2025-07-23 18:04:26,278 [INFO] 正在停止機械臂運動...
2025-07-23 18:04:26,294 [INFO] 收到用戶中斷信號，開始安全停止流程
2025-07-23 18:04:26,294 [INFO] 正在停止機械臂運動...
2025-07-23 18:11:07,442 [INFO] 自動化系統啟動
2025-07-23 18:11:07,442 [INFO] 按 Ctrl+C 可安全停止系統
2025-07-23 18:11:07,443 [INFO] 物件管理器啟動 - 開始初始化子系統
2025-07-23 18:11:07,443 [INFO] Robot類別初始化開始
2025-07-23 18:11:07,444 [INFO] 開始初始化所有子系統
2025-07-23 18:11:07,444 [INFO] 正在初始化CCD1視覺系統...
2025-07-23 18:11:07,784 [INFO] 相機管理器初始化完成 - 頻寬控制版
2025-07-23 18:11:07,784 [INFO] 添加相機 ccd1_camera - IP: 192.168.1.8, 頻寬: 200Mbps
2025-07-23 18:11:08,410 [INFO] 開始配置頻寬控制: 200Mbps
2025-07-23 18:11:08,420 [INFO] ✓ 設置包大小: 1500 bytes
2025-07-23 18:11:08,428 [INFO] ✓ 設置包間延遲: 5000 ticks
2025-07-23 18:11:08,428 [INFO] 頻寬計算: 最大FPS=4.13, 實際FPS=4.13
2025-07-23 18:11:08,429 [INFO] ✓ 重傳參數設置成功
2025-07-23 18:11:08,429 [INFO] ✓ GVSP超時設置: 5000ms
2025-07-23 18:11:08,432 [INFO] ○ 設備不支援直接頻寬限制，使用其他方法控制
2025-07-23 18:11:08,433 [INFO] 頻寬控制配置完成
2025-07-23 18:11:08,457 [WARNING] 設置像素格式失敗: 0x80000106
2025-07-23 18:11:08,471 [INFO] ✓ 曝光時間設置: 20000.0μs
2025-07-23 18:11:08,482 [INFO] ✓ 幀率設置: 5.0 FPS
2025-07-23 18:11:08,488 [INFO] ✓ 觸發模式
2025-07-23 18:11:08,488 [INFO] ✓ 緩存節點: 1 (最新幀模式)
2025-07-23 18:11:08,488 [INFO] ✓ 抓取策略: 僅最新幀
2025-07-23 18:11:08,489 [INFO] 相機 ccd1_camera 參數配置完成
2025-07-23 18:11:08,489 [INFO] 相機 ccd1_camera 連接成功 - 頻寬限制: 200Mbps
2025-07-23 18:11:08,514 [INFO] 相機 ccd1_camera 開始串流 - 5.0FPS
2025-07-23 18:11:09,516 [INFO] CCD1視覺系統初始化成功
2025-07-23 18:11:09,517 [INFO] 正在初始化CCD3角度檢測系統...
2025-07-23 18:11:10,138 [INFO] 開始配置頻寬控制: 200Mbps
2025-07-23 18:11:10,148 [INFO] ✓ 設置包大小: 1500 bytes
2025-07-23 18:11:10,158 [INFO] ✓ 設置包間延遲: 5000 ticks
2025-07-23 18:11:10,159 [INFO] 頻寬計算: 最大FPS=4.13, 實際FPS=4.13
2025-07-23 18:11:10,162 [INFO] ✓ 重傳參數設置成功
2025-07-23 18:11:10,162 [INFO] ✓ GVSP超時設置: 5000ms
2025-07-23 18:11:10,163 [INFO] ○ 設備不支援直接頻寬限制，使用其他方法控制
2025-07-23 18:11:10,163 [INFO] 頻寬控制配置完成
2025-07-23 18:11:10,184 [WARNING] 設置像素格式失敗: 0x80000106
2025-07-23 18:11:10,199 [INFO] ✓ 曝光時間設置: 20000.0μs
2025-07-23 18:11:10,209 [INFO] ✓ 幀率設置: 5.0 FPS
2025-07-23 18:11:10,216 [INFO] ✓ 觸發模式
2025-07-23 18:11:10,216 [INFO] ✓ 緩存節點: 1 (最新幀模式)
2025-07-23 18:11:10,216 [INFO] ✓ 抓取策略: 僅最新幀
2025-07-23 18:11:10,216 [INFO] 相機 ccd3_headless_camera 參數配置完成
2025-07-23 18:11:10,216 [INFO] 相機 ccd3_headless_camera 連接成功 - 頻寬限制: 200Mbps
2025-07-23 18:11:10,241 [INFO] 相機 ccd3_headless_camera 開始串流 - 5.0FPS
2025-07-23 18:11:10,445 [INFO] CCD3角度檢測系統初始化成功
2025-07-23 18:11:10,445 [INFO] 正在初始化震動盤系統...
2025-07-23 18:11:10,609 [INFO] 震動盤系統初始化成功
2025-07-23 18:11:10,610 [INFO] 正在初始化夾爪系統...
2025-07-23 18:11:10,611 [INFO] PGC夾爪API初始化 - 直接串口通信模式
2025-07-23 18:11:10,611 [INFO] 正在連接PGC夾爪串口: COM3
2025-07-23 18:11:10,633 [INFO] PGC夾爪串口連接成功: COM3
2025-07-23 18:11:10,633 [INFO] PGC夾爪連接成功
2025-07-23 18:11:10,633 [INFO] 開始自動初始化PGC夾爪
2025-07-23 18:11:10,633 [INFO] 開始初始化PGC夾爪
2025-07-23 18:11:13,351 [INFO] PGC夾爪初始化成功，耗時: 2.717秒
2025-07-23 18:11:13,351 [INFO] PGC夾爪初始化成功
2025-07-23 18:11:13,351 [INFO] 夾爪系統初始化成功
2025-07-23 18:11:13,352 [INFO] 正在初始化Dobot機械臂...
2025-07-23 18:11:13,430 [INFO] Dobot連接成功: 192.168.1.6
2025-07-23 18:11:14,634 [INFO] 機械臂使能成功
2025-07-23 18:11:14,634 [INFO] 機械臂自動使能成功
2025-07-23 18:11:14,635 [INFO] Dobot機械臂初始化成功
2025-07-23 18:11:14,641 [INFO] 碰撞檢測等級設定為: 3
2025-07-23 18:11:14,641 [INFO] 碰撞檢測等級設置為: 3
2025-07-23 18:11:14,642 [INFO] 系統初始化完成: 5/5 個子系統成功
2025-07-23 18:11:14,642 [INFO] 開始初始化所有子系統
2025-07-23 18:11:14,642 [WARNING] CCD1已經初始化
2025-07-23 18:11:14,642 [WARNING] CCD3已經初始化
2025-07-23 18:11:14,643 [WARNING] VP已經初始化
2025-07-23 18:11:14,643 [WARNING] Gripper已經初始化
2025-07-23 18:11:14,643 [WARNING] Dobot已經初始化
2025-07-23 18:11:14,643 [INFO] 系統初始化完成: 5/5 個子系統成功
2025-07-23 18:11:15,846 [INFO] 機械臂使能成功
2025-07-23 18:11:15,847 [INFO] 機械臂連接並使能成功
2025-07-23 18:11:15,847 [INFO] PGC夾爪快速關閉
2025-07-23 18:11:16,677 [INFO] PGC快速關閉成功，耗時: 0.830秒
2025-07-23 18:11:16,677 [INFO] 夾爪連接並關閉成功
2025-07-23 18:11:16,677 [INFO] CCD1連接成功（已自動載入模型1）
2025-07-23 18:11:16,677 [INFO] CCD1載入模型後記憶體基準已重置
2025-07-23 18:11:16,678 [INFO] CCD3連接並初始化成功
2025-07-23 18:11:16,678 [INFO] 載入機械臂點位成功，共9個點位
2025-07-23 18:11:16,678 [INFO] 物件管理器初始化完成
2025-07-23 18:11:16,678 [INFO] 參數設定事件啟動
2025-07-23 18:11:16,679 [INFO] CCD1使用預設模型: 1
2025-07-23 18:11:16,679 [INFO] PGC智能釋放到位置: 360
2025-07-23 18:11:16,705 [INFO] PGC智能釋放成功，耗時: 0.026秒
2025-07-23 18:11:16,705 [INFO] 夾爪開度設定為: 360
2025-07-23 18:11:16,706 [INFO] 震動盤參數設定 - 擴散強度:107, 擴散頻率:87
2025-07-23 18:11:16,706 [INFO] 參數設定完成
2025-07-23 18:11:16,706 [INFO] 自動進料事件啟動
2025-07-23 18:11:20,708 [INFO] CCD1檢測成功: {0: 16, 1: 17}
2025-07-23 18:11:20,708 [INFO] 使用上次CCD1檢測結果獲取座標
2025-07-23 18:11:20,709 [INFO] CCD1座標獲取成功: 像素座標0類
2025-07-23 18:11:20,709 [INFO] 完整座標結果: {}
2025-07-23 18:11:20,709 [ERROR] 像素座標不存在
2025-07-23 18:11:20,709 [ERROR] 世界座標轉換失敗
2025-07-23 18:11:20,709 [WARNING] 使用像素座標作為備用
2025-07-23 18:11:20,709 [INFO] 檢測結果 - DR_F(標籤0):16, STACK(標籤1):17
2025-07-23 18:11:20,709 [INFO] 物料準備完成 - DR_F數量:0, 實際座標:0個
2025-07-23 18:11:20,709 [INFO] 物件用完，重新觸發自動進料事件
2025-07-23 18:11:20,710 [INFO] 自動進料事件啟動
2025-07-23 18:11:23,293 [INFO] CCD1檢測成功: {0: 16, 1: 17}
2025-07-23 18:11:23,293 [INFO] 使用上次CCD1檢測結果獲取座標
2025-07-23 18:11:23,293 [INFO] CCD1座標獲取成功: 像素座標0類
2025-07-23 18:11:23,293 [INFO] 完整座標結果: {}
2025-07-23 18:11:23,294 [ERROR] 像素座標不存在
2025-07-23 18:11:23,294 [ERROR] 世界座標轉換失敗
2025-07-23 18:11:23,294 [WARNING] 使用像素座標作為備用
2025-07-23 18:11:23,294 [INFO] 檢測結果 - DR_F(標籤0):16, STACK(標籤1):17
2025-07-23 18:11:23,294 [INFO] 物料準備完成 - DR_F數量:0, 實際座標:0個
2025-07-23 18:11:23,294 [INFO] 機械臂上料事件啟動(Flow1流程)
2025-07-23 18:11:23,294 [INFO] 當前批次標籤0物件已處理完成，需要重新進料
2025-07-23 18:11:23,295 [INFO] 當前批次物件已用完，需要重新進料
2025-07-23 18:11:23,295 [INFO] 機械臂組裝事件啟動(Flow2流程)
2025-07-23 18:11:28,296 [INFO] 開始組裝流程，使用角度: 45.00°
2025-07-23 18:11:29,635 [INFO] 運動同步完成
2025-07-23 18:11:29,636 [INFO] 移動到put_asm_top完成 (J4角度:45.00°)
2025-07-23 18:11:30,015 [INFO] 運動同步完成
2025-07-23 18:11:30,016 [INFO] 移動到put_asm_down完成 (J4角度:45.00°)
2025-07-23 18:11:30,016 [INFO] PGC夾爪快速關閉
2025-07-23 18:11:30,384 [INFO] PGC快速關閉成功，耗時: 0.368秒
2025-07-23 18:11:30,685 [INFO] 夾爪關閉完成
2025-07-23 18:11:31,063 [INFO] 運動同步完成
2025-07-23 18:11:31,064 [INFO] 返回put_asm_top完成
2025-07-23 18:11:32,411 [INFO] 運動同步完成
2025-07-23 18:11:32,411 [INFO] 返回standby完成
2025-07-23 18:11:32,411 [INFO] Flow2組裝流程完成
2025-07-23 18:11:32,411 [INFO] 完成第1輪上料組裝循環
2025-07-23 18:11:32,412 [INFO] 物件用完，重新觸發自動進料事件
2025-07-23 18:11:32,412 [INFO] 自動進料事件啟動
2025-07-23 18:11:34,995 [INFO] CCD1檢測成功: {0: 16, 1: 17}
2025-07-23 18:11:34,995 [INFO] 使用上次CCD1檢測結果獲取座標
2025-07-23 18:11:34,996 [INFO] CCD1座標獲取成功: 像素座標0類
2025-07-23 18:11:34,996 [INFO] 完整座標結果: {}
2025-07-23 18:11:34,996 [ERROR] 像素座標不存在
2025-07-23 18:11:34,996 [ERROR] 世界座標轉換失敗
2025-07-23 18:11:34,996 [WARNING] 使用像素座標作為備用
2025-07-23 18:11:34,996 [INFO] 檢測結果 - DR_F(標籤0):16, STACK(標籤1):17
2025-07-23 18:11:34,996 [INFO] 物料準備完成 - DR_F數量:0, 實際座標:0個
2025-07-23 18:11:34,996 [INFO] 收到用戶中斷信號，開始安全停止流程
2025-07-23 18:11:34,996 [INFO] 正在停止機械臂運動...
2025-07-23 18:11:35,013 [INFO] 運動同步完成
2025-07-23 18:11:36,045 [INFO] 收到用戶中斷信號，開始安全停止流程
2025-07-23 18:11:36,045 [INFO] 正在停止機械臂運動...
2025-07-23 18:11:36,058 [INFO] 運動同步完成
2025-07-23 18:13:41,031 [INFO] 自動化系統啟動
2025-07-23 18:13:41,031 [INFO] 按 Ctrl+C 可安全停止系統
2025-07-23 18:13:41,031 [INFO] 物件管理器啟動 - 開始初始化子系統
2025-07-23 18:13:41,032 [INFO] Robot類別初始化開始
2025-07-23 18:13:41,032 [INFO] 開始初始化所有子系統
2025-07-23 18:13:41,032 [INFO] 正在初始化CCD1視覺系統...
2025-07-23 18:13:41,360 [INFO] 相機管理器初始化完成 - 頻寬控制版
2025-07-23 18:13:41,361 [INFO] 添加相機 ccd1_camera - IP: 192.168.1.8, 頻寬: 200Mbps
2025-07-23 18:13:41,993 [INFO] 開始配置頻寬控制: 200Mbps
2025-07-23 18:13:42,003 [INFO] ✓ 設置包大小: 1500 bytes
2025-07-23 18:13:42,011 [INFO] ✓ 設置包間延遲: 5000 ticks
2025-07-23 18:13:42,012 [INFO] 頻寬計算: 最大FPS=4.13, 實際FPS=4.13
2025-07-23 18:13:42,012 [INFO] ✓ 重傳參數設置成功
2025-07-23 18:13:42,013 [INFO] ✓ GVSP超時設置: 5000ms
2025-07-23 18:13:42,016 [INFO] ○ 設備不支援直接頻寬限制，使用其他方法控制
2025-07-23 18:13:42,016 [INFO] 頻寬控制配置完成
2025-07-23 18:13:42,045 [WARNING] 設置像素格式失敗: 0x80000106
2025-07-23 18:13:42,059 [INFO] ✓ 曝光時間設置: 20000.0μs
2025-07-23 18:13:42,072 [INFO] ✓ 幀率設置: 5.0 FPS
2025-07-23 18:13:42,077 [INFO] ✓ 觸發模式
2025-07-23 18:13:42,078 [INFO] ✓ 緩存節點: 1 (最新幀模式)
2025-07-23 18:13:42,078 [INFO] ✓ 抓取策略: 僅最新幀
2025-07-23 18:13:42,078 [INFO] 相機 ccd1_camera 參數配置完成
2025-07-23 18:13:42,078 [INFO] 相機 ccd1_camera 連接成功 - 頻寬限制: 200Mbps
2025-07-23 18:13:42,109 [INFO] 相機 ccd1_camera 開始串流 - 5.0FPS
2025-07-23 18:13:43,110 [INFO] CCD1視覺系統初始化成功
2025-07-23 18:13:43,110 [INFO] 正在初始化CCD3角度檢測系統...
2025-07-23 18:13:43,753 [INFO] 開始配置頻寬控制: 200Mbps
2025-07-23 18:13:43,763 [INFO] ✓ 設置包大小: 1500 bytes
2025-07-23 18:13:43,771 [INFO] ✓ 設置包間延遲: 5000 ticks
2025-07-23 18:13:43,772 [INFO] 頻寬計算: 最大FPS=4.13, 實際FPS=4.13
2025-07-23 18:13:43,773 [INFO] ✓ 重傳參數設置成功
2025-07-23 18:13:43,774 [INFO] ✓ GVSP超時設置: 5000ms
2025-07-23 18:13:43,777 [INFO] ○ 設備不支援直接頻寬限制，使用其他方法控制
2025-07-23 18:13:43,777 [INFO] 頻寬控制配置完成
2025-07-23 18:13:43,808 [WARNING] 設置像素格式失敗: 0x80000106
2025-07-23 18:13:43,821 [INFO] ✓ 曝光時間設置: 20000.0μs
2025-07-23 18:13:43,834 [INFO] ✓ 幀率設置: 5.0 FPS
2025-07-23 18:13:43,843 [INFO] ✓ 觸發模式
2025-07-23 18:13:43,843 [INFO] ✓ 緩存節點: 1 (最新幀模式)
2025-07-23 18:13:43,844 [INFO] ✓ 抓取策略: 僅最新幀
2025-07-23 18:13:43,844 [INFO] 相機 ccd3_headless_camera 參數配置完成
2025-07-23 18:13:43,844 [INFO] 相機 ccd3_headless_camera 連接成功 - 頻寬限制: 200Mbps
2025-07-23 18:13:43,870 [INFO] 相機 ccd3_headless_camera 開始串流 - 5.0FPS
2025-07-23 18:13:44,076 [INFO] CCD3角度檢測系統初始化成功
2025-07-23 18:13:44,076 [INFO] 正在初始化震動盤系統...
2025-07-23 18:13:44,285 [INFO] 震動盤系統初始化成功
2025-07-23 18:13:44,285 [INFO] 正在初始化夾爪系統...
2025-07-23 18:13:44,286 [INFO] PGC夾爪API初始化 - 直接串口通信模式
2025-07-23 18:13:44,286 [INFO] 正在連接PGC夾爪串口: COM3
2025-07-23 18:13:44,322 [INFO] PGC夾爪串口連接成功: COM3
2025-07-23 18:13:44,322 [INFO] PGC夾爪連接成功
2025-07-23 18:13:44,323 [INFO] 開始自動初始化PGC夾爪
2025-07-23 18:13:44,323 [INFO] 開始初始化PGC夾爪
2025-07-23 18:13:47,039 [INFO] PGC夾爪初始化成功，耗時: 2.716秒
2025-07-23 18:13:47,039 [INFO] PGC夾爪初始化成功
2025-07-23 18:13:47,039 [INFO] 夾爪系統初始化成功
2025-07-23 18:13:47,039 [INFO] 正在初始化Dobot機械臂...
2025-07-23 18:13:47,087 [INFO] Dobot連接成功: 192.168.1.6
2025-07-23 18:13:48,291 [INFO] 機械臂使能成功
2025-07-23 18:13:48,291 [INFO] 機械臂自動使能成功
2025-07-23 18:13:48,291 [INFO] Dobot機械臂初始化成功
2025-07-23 18:13:48,299 [INFO] 碰撞檢測等級設定為: 3
2025-07-23 18:13:48,299 [INFO] 碰撞檢測等級設置為: 3
2025-07-23 18:13:48,299 [INFO] 系統初始化完成: 5/5 個子系統成功
2025-07-23 18:13:48,300 [INFO] 開始初始化所有子系統
2025-07-23 18:13:48,300 [WARNING] CCD1已經初始化
2025-07-23 18:13:48,300 [WARNING] CCD3已經初始化
2025-07-23 18:13:48,300 [WARNING] VP已經初始化
2025-07-23 18:13:48,300 [WARNING] Gripper已經初始化
2025-07-23 18:13:48,300 [WARNING] Dobot已經初始化
2025-07-23 18:13:48,300 [INFO] 系統初始化完成: 5/5 個子系統成功
2025-07-23 18:13:49,511 [INFO] 機械臂使能成功
2025-07-23 18:13:49,511 [INFO] 機械臂連接並使能成功
2025-07-23 18:13:49,512 [INFO] PGC夾爪快速關閉
2025-07-23 18:13:50,318 [INFO] PGC快速關閉成功，耗時: 0.806秒
2025-07-23 18:13:50,318 [INFO] 夾爪連接並關閉成功
2025-07-23 18:13:50,318 [INFO] CCD1連接成功（已自動載入模型1）
2025-07-23 18:13:50,319 [INFO] CCD1載入模型後記憶體基準已重置
2025-07-23 18:13:50,319 [INFO] CCD3連接並初始化成功
2025-07-23 18:13:50,319 [INFO] 載入機械臂點位成功，共9個點位
2025-07-23 18:13:50,319 [INFO] 物件管理器初始化完成
2025-07-23 18:13:50,320 [INFO] 參數設定事件啟動
2025-07-23 18:13:50,320 [INFO] CCD1使用預設模型: 1
2025-07-23 18:13:50,320 [INFO] PGC智能釋放到位置: 360
2025-07-23 18:13:50,345 [INFO] PGC智能釋放成功，耗時: 0.025秒
2025-07-23 18:13:50,345 [INFO] 夾爪開度設定為: 360
2025-07-23 18:13:50,346 [INFO] 震動盤參數設定 - 擴散強度:107, 擴散頻率:87
2025-07-23 18:13:50,346 [INFO] 參數設定完成
2025-07-23 18:13:50,346 [INFO] 自動進料事件啟動
2025-07-23 18:13:54,462 [ERROR] 自動進料異常: cannot access local variable 'detections' where it is not associated with a value
2025-07-23 18:13:54,462 [INFO] 物件用完，重新觸發自動進料事件
2025-07-23 18:13:54,463 [INFO] 自動進料事件啟動
2025-07-23 18:13:57,168 [ERROR] 自動進料異常: cannot access local variable 'detections' where it is not associated with a value
2025-07-23 18:13:57,168 [INFO] 機械臂上料事件啟動(Flow1流程)
2025-07-23 18:13:57,168 [INFO] 當前批次標籤0物件已處理完成，需要重新進料
2025-07-23 18:13:57,169 [INFO] 當前批次物件已用完，需要重新進料
2025-07-23 18:13:57,169 [INFO] 機械臂組裝事件啟動(Flow2流程)
2025-07-23 18:14:02,171 [INFO] 開始組裝流程，使用角度: 45.00°
2025-07-23 18:14:03,516 [INFO] 運動同步完成
2025-07-23 18:14:03,517 [INFO] 移動到put_asm_top完成 (J4角度:45.00°)
2025-07-23 18:14:03,893 [INFO] 運動同步完成
2025-07-23 18:14:03,893 [INFO] 移動到put_asm_down完成 (J4角度:45.00°)
2025-07-23 18:14:03,893 [INFO] PGC夾爪快速關閉
2025-07-23 18:14:04,263 [INFO] PGC快速關閉成功，耗時: 0.370秒
2025-07-23 18:14:04,564 [INFO] 夾爪關閉完成
2025-07-23 18:14:04,936 [INFO] 運動同步完成
2025-07-23 18:14:04,936 [INFO] 返回put_asm_top完成
2025-07-23 18:14:06,280 [INFO] 運動同步完成
2025-07-23 18:14:06,281 [INFO] 返回standby完成
2025-07-23 18:14:06,281 [INFO] Flow2組裝流程完成
2025-07-23 18:14:06,281 [INFO] 收到用戶中斷信號，開始安全停止流程
2025-07-23 18:14:06,281 [INFO] 正在停止機械臂運動...
2025-07-23 18:14:06,296 [INFO] 運動同步完成
2025-07-23 18:14:07,328 [INFO] 機械臂下使能成功
2025-07-23 18:14:07,328 [INFO] 機械臂已下使能
2025-07-23 18:14:07,332 [INFO] 震動盤已停止
2025-07-23 18:14:07,332 [INFO] 安全停止流程完成
2025-07-23 18:14:07,332 [WARNING] 執行緊急停止
2025-07-23 18:14:07,333 [WARNING] 機械臂緊急停止
2025-07-23 18:14:07,552 [INFO] 停止PGC夾爪動作
2025-07-23 18:14:07,574 [WARNING] 緊急停止完成: 3 個系統成功停止
2025-07-23 18:14:07,574 [INFO] 開始斷開所有系統連接
2025-07-23 18:14:07,574 [INFO] 開始關閉相機管理器...
2025-07-23 18:14:07,601 [INFO] 相機 ccd1_camera 停止串流
2025-07-23 18:14:07,743 [INFO] 相機 ccd1_camera 已斷開
2025-07-23 18:14:08,055 [INFO] 相機管理器已關閉
2025-07-23 18:14:08,597 [INFO] CCD1視覺系統已關閉
2025-07-23 18:14:08,597 [WARNING] 停止串流警告: 0x80000000
2025-07-23 18:14:08,597 [INFO] 相機 ccd3_headless_camera 停止串流
2025-07-23 18:14:08,598 [INFO] 相機 ccd3_headless_camera 已斷開
2025-07-23 18:14:08,664 [INFO] CCD3角度檢測系統已關閉
2025-07-23 18:14:08,665 [INFO] 震動盤系統已關閉
2025-07-23 18:14:08,787 [INFO] PGC夾爪串口連接已斷開
2025-07-23 18:14:08,787 [INFO] 夾爪系統已關閉
2025-07-23 18:14:08,788 [INFO] Dobot連接已斷開
2025-07-23 18:14:08,788 [INFO] Dobot機械臂已關閉
2025-07-23 18:14:08,788 [INFO] 所有系統連接已斷開
2025-07-23 18:14:08,788 [INFO] 系統已安全關閉
2025-07-23 18:16:08,651 [INFO] 自動化系統啟動
2025-07-23 18:16:08,651 [INFO] 按 Ctrl+C 可安全停止系統
2025-07-23 18:16:08,652 [INFO] 物件管理器啟動 - 開始初始化子系統
2025-07-23 18:16:08,652 [INFO] Robot類別初始化開始
2025-07-23 18:16:08,653 [INFO] 開始初始化所有子系統
2025-07-23 18:16:08,653 [INFO] 正在初始化CCD1視覺系統...
2025-07-23 18:16:08,984 [INFO] 相機管理器初始化完成 - 頻寬控制版
2025-07-23 18:16:08,984 [INFO] 添加相機 ccd1_camera - IP: 192.168.1.8, 頻寬: 200Mbps
2025-07-23 18:16:09,607 [INFO] 開始配置頻寬控制: 200Mbps
2025-07-23 18:16:09,617 [INFO] ✓ 設置包大小: 1500 bytes
2025-07-23 18:16:09,628 [INFO] ✓ 設置包間延遲: 5000 ticks
2025-07-23 18:16:09,628 [INFO] 頻寬計算: 最大FPS=4.13, 實際FPS=4.13
2025-07-23 18:16:09,629 [INFO] ✓ 重傳參數設置成功
2025-07-23 18:16:09,630 [INFO] ✓ GVSP超時設置: 5000ms
2025-07-23 18:16:09,644 [INFO] ○ 設備不支援直接頻寬限制，使用其他方法控制
2025-07-23 18:16:09,644 [INFO] 頻寬控制配置完成
2025-07-23 18:16:09,663 [WARNING] 設置像素格式失敗: 0x80000106
2025-07-23 18:16:09,686 [INFO] ✓ 曝光時間設置: 20000.0μs
2025-07-23 18:16:09,696 [INFO] ✓ 幀率設置: 5.0 FPS
2025-07-23 18:16:09,701 [INFO] ✓ 觸發模式
2025-07-23 18:16:09,701 [INFO] ✓ 緩存節點: 1 (最新幀模式)
2025-07-23 18:16:09,701 [INFO] ✓ 抓取策略: 僅最新幀
2025-07-23 18:16:09,702 [INFO] 相機 ccd1_camera 參數配置完成
2025-07-23 18:16:09,702 [INFO] 相機 ccd1_camera 連接成功 - 頻寬限制: 200Mbps
2025-07-23 18:16:09,727 [INFO] 相機 ccd1_camera 開始串流 - 5.0FPS
2025-07-23 18:16:10,729 [INFO] CCD1視覺系統初始化成功
2025-07-23 18:16:10,729 [INFO] 正在初始化CCD3角度檢測系統...
2025-07-23 18:16:11,349 [INFO] 開始配置頻寬控制: 200Mbps
2025-07-23 18:16:11,360 [INFO] ✓ 設置包大小: 1500 bytes
2025-07-23 18:16:11,368 [INFO] ✓ 設置包間延遲: 5000 ticks
2025-07-23 18:16:11,368 [INFO] 頻寬計算: 最大FPS=4.13, 實際FPS=4.13
2025-07-23 18:16:11,369 [INFO] ✓ 重傳參數設置成功
2025-07-23 18:16:11,369 [INFO] ✓ GVSP超時設置: 5000ms
2025-07-23 18:16:11,373 [INFO] ○ 設備不支援直接頻寬限制，使用其他方法控制
2025-07-23 18:16:11,373 [INFO] 頻寬控制配置完成
2025-07-23 18:16:11,398 [WARNING] 設置像素格式失敗: 0x80000106
2025-07-23 18:16:11,415 [INFO] ✓ 曝光時間設置: 20000.0μs
2025-07-23 18:16:11,425 [INFO] ✓ 幀率設置: 5.0 FPS
2025-07-23 18:16:11,430 [INFO] ✓ 觸發模式
2025-07-23 18:16:11,430 [INFO] ✓ 緩存節點: 1 (最新幀模式)
2025-07-23 18:16:11,431 [INFO] ✓ 抓取策略: 僅最新幀
2025-07-23 18:16:11,431 [INFO] 相機 ccd3_headless_camera 參數配置完成
2025-07-23 18:16:11,431 [INFO] 相機 ccd3_headless_camera 連接成功 - 頻寬限制: 200Mbps
2025-07-23 18:16:11,456 [INFO] 相機 ccd3_headless_camera 開始串流 - 5.0FPS
2025-07-23 18:16:11,665 [INFO] CCD3角度檢測系統初始化成功
2025-07-23 18:16:11,665 [INFO] 正在初始化震動盤系統...
2025-07-23 18:16:11,829 [INFO] 震動盤系統初始化成功
2025-07-23 18:16:11,829 [INFO] 正在初始化夾爪系統...
2025-07-23 18:16:11,830 [INFO] PGC夾爪API初始化 - 直接串口通信模式
2025-07-23 18:16:11,830 [INFO] 正在連接PGC夾爪串口: COM3
2025-07-23 18:16:11,854 [INFO] PGC夾爪串口連接成功: COM3
2025-07-23 18:16:11,854 [INFO] PGC夾爪連接成功
2025-07-23 18:16:11,854 [INFO] 開始自動初始化PGC夾爪
2025-07-23 18:16:11,855 [INFO] 開始初始化PGC夾爪
2025-07-23 18:16:14,573 [INFO] PGC夾爪初始化成功，耗時: 2.718秒
2025-07-23 18:16:14,573 [INFO] PGC夾爪初始化成功
2025-07-23 18:16:14,573 [INFO] 夾爪系統初始化成功
2025-07-23 18:16:14,573 [INFO] 正在初始化Dobot機械臂...
2025-07-23 18:16:14,673 [INFO] Dobot連接成功: 192.168.1.6
2025-07-23 18:16:15,904 [INFO] 機械臂使能成功
2025-07-23 18:16:15,904 [INFO] 機械臂自動使能成功
2025-07-23 18:16:15,905 [INFO] Dobot機械臂初始化成功
2025-07-23 18:16:15,912 [INFO] 碰撞檢測等級設定為: 3
2025-07-23 18:16:15,912 [INFO] 碰撞檢測等級設置為: 3
2025-07-23 18:16:15,912 [INFO] 系統初始化完成: 5/5 個子系統成功
2025-07-23 18:16:15,913 [INFO] 開始初始化所有子系統
2025-07-23 18:16:15,913 [WARNING] CCD1已經初始化
2025-07-23 18:16:15,913 [WARNING] CCD3已經初始化
2025-07-23 18:16:15,913 [WARNING] VP已經初始化
2025-07-23 18:16:15,913 [WARNING] Gripper已經初始化
2025-07-23 18:16:15,914 [WARNING] Dobot已經初始化
2025-07-23 18:16:15,914 [INFO] 系統初始化完成: 5/5 個子系統成功
2025-07-23 18:16:17,117 [INFO] 機械臂使能成功
2025-07-23 18:16:17,117 [INFO] 機械臂連接並使能成功
2025-07-23 18:16:17,117 [INFO] PGC夾爪快速關閉
2025-07-23 18:16:17,932 [INFO] PGC快速關閉成功，耗時: 0.815秒
2025-07-23 18:16:17,932 [INFO] 夾爪連接並關閉成功
2025-07-23 18:16:17,932 [INFO] CCD1連接成功（已自動載入模型1）
2025-07-23 18:16:17,932 [INFO] CCD1載入模型後記憶體基準已重置
2025-07-23 18:16:17,932 [INFO] CCD3連接並初始化成功
2025-07-23 18:16:17,933 [INFO] 載入機械臂點位成功，共9個點位
2025-07-23 18:16:17,933 [INFO] 物件管理器初始化完成
2025-07-23 18:16:17,933 [INFO] 參數設定事件啟動
2025-07-23 18:16:17,933 [INFO] CCD1使用預設模型: 1
2025-07-23 18:16:17,933 [INFO] PGC智能釋放到位置: 360
2025-07-23 18:16:17,958 [INFO] PGC智能釋放成功，耗時: 0.024秒
2025-07-23 18:16:17,958 [INFO] 夾爪開度設定為: 360
2025-07-23 18:16:17,959 [INFO] 震動盤參數設定 - 擴散強度:107, 擴散頻率:87
2025-07-23 18:16:17,959 [INFO] 參數設定完成
2025-07-23 18:16:17,959 [INFO] 自動進料事件啟動
2025-07-23 18:16:21,504 [ERROR] 自動進料異常: name 'detections' is not defined
2025-07-23 18:16:21,504 [INFO] 物件用完，重新觸發自動進料事件
2025-07-23 18:16:21,505 [INFO] 自動進料事件啟動
2025-07-23 18:16:23,689 [ERROR] 自動進料異常: name 'detections' is not defined
2025-07-23 18:16:23,690 [INFO] 機械臂上料事件啟動(Flow1流程)
2025-07-23 18:16:23,690 [INFO] 當前批次標籤0物件已處理完成，需要重新進料
2025-07-23 18:16:23,690 [INFO] 當前批次物件已用完，需要重新進料
2025-07-23 18:16:23,691 [INFO] 機械臂組裝事件啟動(Flow2流程)
2025-07-23 18:16:28,692 [INFO] 開始組裝流程，使用角度: 45.00°
2025-07-23 18:16:30,047 [INFO] 運動同步完成
2025-07-23 18:16:30,047 [INFO] 移動到put_asm_top完成 (J4角度:45.00°)
2025-07-23 18:16:30,422 [INFO] 運動同步完成
2025-07-23 18:16:30,422 [INFO] 移動到put_asm_down完成 (J4角度:45.00°)
2025-07-23 18:16:30,422 [INFO] PGC夾爪快速關閉
2025-07-23 18:16:30,790 [INFO] PGC快速關閉成功，耗時: 0.367秒
2025-07-23 18:16:31,091 [INFO] 夾爪關閉完成
2025-07-23 18:16:31,466 [INFO] 運動同步完成
2025-07-23 18:16:31,466 [INFO] 返回put_asm_top完成
2025-07-23 18:16:32,810 [INFO] 運動同步完成
2025-07-23 18:16:32,811 [INFO] 返回standby完成
2025-07-23 18:16:32,811 [INFO] Flow2組裝流程完成
2025-07-23 18:16:32,811 [INFO] 收到用戶中斷信號，開始安全停止流程
2025-07-23 18:16:32,811 [INFO] 正在停止機械臂運動...
2025-07-23 18:16:32,826 [INFO] 運動同步完成
2025-07-23 18:16:33,856 [INFO] 機械臂下使能成功
2025-07-23 18:16:33,856 [INFO] 機械臂已下使能
2025-07-23 18:16:33,885 [INFO] 震動盤已停止
2025-07-23 18:16:33,886 [INFO] 安全停止流程完成
2025-07-23 18:16:33,886 [WARNING] 執行緊急停止
2025-07-23 18:16:33,887 [WARNING] 機械臂緊急停止
2025-07-23 18:16:34,106 [INFO] 停止PGC夾爪動作
2025-07-23 18:16:34,117 [WARNING] 緊急停止完成: 3 個系統成功停止
2025-07-23 18:16:34,117 [INFO] 開始斷開所有系統連接
2025-07-23 18:16:34,117 [INFO] 開始關閉相機管理器...
2025-07-23 18:16:34,144 [INFO] 相機 ccd1_camera 停止串流
2025-07-23 18:16:34,240 [INFO] 相機 ccd1_camera 已斷開
2025-07-23 18:16:34,548 [INFO] 相機管理器已關閉
2025-07-23 18:16:35,040 [INFO] CCD1視覺系統已關閉
2025-07-23 18:16:35,041 [WARNING] 停止串流警告: 0x80000000
2025-07-23 18:16:35,041 [INFO] 相機 ccd3_headless_camera 停止串流
2025-07-23 18:16:35,041 [INFO] 相機 ccd3_headless_camera 已斷開
2025-07-23 18:16:35,105 [INFO] CCD3角度檢測系統已關閉
2025-07-23 18:16:35,106 [INFO] 震動盤系統已關閉
2025-07-23 18:16:35,235 [INFO] PGC夾爪串口連接已斷開
2025-07-23 18:16:35,235 [INFO] 夾爪系統已關閉
2025-07-23 18:16:35,235 [INFO] Dobot連接已斷開
2025-07-23 18:16:35,235 [INFO] Dobot機械臂已關閉
2025-07-23 18:16:35,235 [INFO] 所有系統連接已斷開
2025-07-23 18:16:35,236 [INFO] 系統已安全關閉
2025-07-23 18:17:14,227 [INFO] 自動化系統啟動
2025-07-23 18:17:14,229 [INFO] 按 Ctrl+C 可安全停止系統
2025-07-23 18:17:14,229 [INFO] 物件管理器啟動 - 開始初始化子系統
2025-07-23 18:17:14,230 [INFO] Robot類別初始化開始
2025-07-23 18:17:14,230 [INFO] 開始初始化所有子系統
2025-07-23 18:17:14,230 [INFO] 正在初始化CCD1視覺系統...
2025-07-23 18:17:14,561 [INFO] 相機管理器初始化完成 - 頻寬控制版
2025-07-23 18:17:14,561 [INFO] 添加相機 ccd1_camera - IP: 192.168.1.8, 頻寬: 200Mbps
2025-07-23 18:17:15,202 [INFO] 開始配置頻寬控制: 200Mbps
2025-07-23 18:17:15,222 [INFO] ✓ 設置包大小: 1500 bytes
2025-07-23 18:17:15,230 [INFO] ✓ 設置包間延遲: 5000 ticks
2025-07-23 18:17:15,230 [INFO] 頻寬計算: 最大FPS=4.13, 實際FPS=4.13
2025-07-23 18:17:15,231 [INFO] ✓ 重傳參數設置成功
2025-07-23 18:17:15,231 [INFO] ✓ GVSP超時設置: 5000ms
2025-07-23 18:17:15,234 [INFO] ○ 設備不支援直接頻寬限制，使用其他方法控制
2025-07-23 18:17:15,235 [INFO] 頻寬控制配置完成
2025-07-23 18:17:15,257 [WARNING] 設置像素格式失敗: 0x80000106
2025-07-23 18:17:15,269 [INFO] ✓ 曝光時間設置: 20000.0μs
2025-07-23 18:17:15,282 [INFO] ✓ 幀率設置: 5.0 FPS
2025-07-23 18:17:15,287 [INFO] ✓ 觸發模式
2025-07-23 18:17:15,287 [INFO] ✓ 緩存節點: 1 (最新幀模式)
2025-07-23 18:17:15,287 [INFO] ✓ 抓取策略: 僅最新幀
2025-07-23 18:17:15,287 [INFO] 相機 ccd1_camera 參數配置完成
2025-07-23 18:17:15,288 [INFO] 相機 ccd1_camera 連接成功 - 頻寬限制: 200Mbps
2025-07-23 18:17:15,313 [INFO] 相機 ccd1_camera 開始串流 - 5.0FPS
2025-07-23 18:17:16,314 [INFO] CCD1視覺系統初始化成功
2025-07-23 18:17:16,314 [INFO] 正在初始化CCD3角度檢測系統...
2025-07-23 18:17:16,952 [INFO] 開始配置頻寬控制: 200Mbps
2025-07-23 18:17:16,962 [INFO] ✓ 設置包大小: 1500 bytes
2025-07-23 18:17:16,969 [INFO] ✓ 設置包間延遲: 5000 ticks
2025-07-23 18:17:16,970 [INFO] 頻寬計算: 最大FPS=4.13, 實際FPS=4.13
2025-07-23 18:17:16,973 [INFO] ✓ 重傳參數設置成功
2025-07-23 18:17:16,974 [INFO] ✓ GVSP超時設置: 5000ms
2025-07-23 18:17:16,977 [INFO] ○ 設備不支援直接頻寬限制，使用其他方法控制
2025-07-23 18:17:16,978 [INFO] 頻寬控制配置完成
2025-07-23 18:17:17,000 [WARNING] 設置像素格式失敗: 0x80000106
2025-07-23 18:17:17,014 [INFO] ✓ 曝光時間設置: 20000.0μs
2025-07-23 18:17:17,025 [INFO] ✓ 幀率設置: 5.0 FPS
2025-07-23 18:17:17,029 [INFO] ✓ 觸發模式
2025-07-23 18:17:17,031 [INFO] ✓ 緩存節點: 1 (最新幀模式)
2025-07-23 18:17:17,031 [INFO] ✓ 抓取策略: 僅最新幀
2025-07-23 18:17:17,031 [INFO] 相機 ccd3_headless_camera 參數配置完成
2025-07-23 18:17:17,031 [INFO] 相機 ccd3_headless_camera 連接成功 - 頻寬限制: 200Mbps
2025-07-23 18:17:17,055 [INFO] 相機 ccd3_headless_camera 開始串流 - 5.0FPS
2025-07-23 18:17:17,261 [INFO] CCD3角度檢測系統初始化成功
2025-07-23 18:17:17,261 [INFO] 正在初始化震動盤系統...
2025-07-23 18:17:17,427 [INFO] 震動盤系統初始化成功
2025-07-23 18:17:17,428 [INFO] 正在初始化夾爪系統...
2025-07-23 18:17:17,430 [INFO] PGC夾爪API初始化 - 直接串口通信模式
2025-07-23 18:17:17,430 [INFO] 正在連接PGC夾爪串口: COM3
2025-07-23 18:17:17,462 [INFO] PGC夾爪串口連接成功: COM3
2025-07-23 18:17:17,462 [INFO] PGC夾爪連接成功
2025-07-23 18:17:17,462 [INFO] 開始自動初始化PGC夾爪
2025-07-23 18:17:17,463 [INFO] 開始初始化PGC夾爪
2025-07-23 18:17:20,181 [INFO] PGC夾爪初始化成功，耗時: 2.718秒
2025-07-23 18:17:20,181 [INFO] PGC夾爪初始化成功
2025-07-23 18:17:20,181 [INFO] 夾爪系統初始化成功
2025-07-23 18:17:20,182 [INFO] 正在初始化Dobot機械臂...
2025-07-23 18:17:20,293 [INFO] Dobot連接成功: 192.168.1.6
2025-07-23 18:17:21,498 [INFO] 機械臂使能成功
2025-07-23 18:17:21,498 [INFO] 機械臂自動使能成功
2025-07-23 18:17:21,498 [INFO] Dobot機械臂初始化成功
2025-07-23 18:17:21,503 [INFO] 碰撞檢測等級設定為: 3
2025-07-23 18:17:21,503 [INFO] 碰撞檢測等級設置為: 3
2025-07-23 18:17:21,503 [INFO] 系統初始化完成: 5/5 個子系統成功
2025-07-23 18:17:21,504 [INFO] 開始初始化所有子系統
2025-07-23 18:17:21,504 [WARNING] CCD1已經初始化
2025-07-23 18:17:21,504 [WARNING] CCD3已經初始化
2025-07-23 18:17:21,504 [WARNING] VP已經初始化
2025-07-23 18:17:21,505 [WARNING] Gripper已經初始化
2025-07-23 18:17:21,505 [WARNING] Dobot已經初始化
2025-07-23 18:17:21,505 [INFO] 系統初始化完成: 5/5 個子系統成功
2025-07-23 18:17:22,714 [INFO] 機械臂使能成功
2025-07-23 18:17:22,714 [INFO] 機械臂連接並使能成功
2025-07-23 18:17:22,715 [INFO] PGC夾爪快速關閉
2025-07-23 18:17:23,539 [INFO] PGC快速關閉成功，耗時: 0.825秒
2025-07-23 18:17:23,539 [INFO] 夾爪連接並關閉成功
2025-07-23 18:17:23,539 [INFO] CCD1連接成功（已自動載入模型1）
2025-07-23 18:17:23,539 [INFO] CCD1載入模型後記憶體基準已重置
2025-07-23 18:17:23,540 [INFO] CCD3連接並初始化成功
2025-07-23 18:17:23,540 [INFO] 載入機械臂點位成功，共9個點位
2025-07-23 18:17:23,540 [INFO] 物件管理器初始化完成
2025-07-23 18:17:23,541 [INFO] 參數設定事件啟動
2025-07-23 18:17:23,541 [INFO] CCD1使用預設模型: 1
2025-07-23 18:17:23,541 [INFO] PGC智能釋放到位置: 360
2025-07-23 18:17:23,567 [INFO] PGC智能釋放成功，耗時: 0.026秒
2025-07-23 18:17:23,567 [INFO] 夾爪開度設定為: 360
2025-07-23 18:17:23,568 [INFO] 震動盤參數設定 - 擴散強度:107, 擴散頻率:87
2025-07-23 18:17:23,568 [INFO] 參數設定完成
2025-07-23 18:17:23,568 [INFO] 自動進料事件啟動
2025-07-23 18:17:27,143 [INFO] 使用上次CCD1檢測結果獲取座標
2025-07-23 18:17:27,144 [INFO] CCD1座標獲取成功: 像素座標0類
2025-07-23 18:17:27,144 [INFO] 完整座標結果: {}
2025-07-23 18:17:27,144 [ERROR] 像素座標不存在
2025-07-23 18:17:27,144 [ERROR] 世界座標轉換失敗
2025-07-23 18:17:27,144 [WARNING] 使用像素座標作為備用
2025-07-23 18:17:27,144 [INFO] 檢測結果 - DR_F(標籤0):0, STACK(標籤1):26
2025-07-23 18:17:27,144 [INFO] DR_F不足，其他物件總數: 26
2025-07-23 18:17:27,145 [INFO] 其他物件數量≥5，開始震動盤震動
2025-07-23 18:17:30,930 [INFO] CCD1檢測成功: {0: 16, 1: 17}
2025-07-23 18:17:30,930 [INFO] 震動中檢測 - DR_F:16個
2025-07-23 18:17:30,931 [INFO] 使用上次CCD1檢測結果獲取座標
2025-07-23 18:17:30,931 [INFO] CCD1座標獲取成功: 像素座標0類
2025-07-23 18:17:30,931 [INFO] 震動成功 - DR_F數量:0個
2025-07-23 18:17:30,932 [INFO] 物件用完，重新觸發自動進料事件
2025-07-23 18:17:30,932 [INFO] 自動進料事件啟動
2025-07-23 18:17:33,517 [INFO] 使用上次CCD1檢測結果獲取座標
2025-07-23 18:17:33,518 [INFO] CCD1座標獲取成功: 像素座標0類
2025-07-23 18:17:33,518 [INFO] 完整座標結果: {}
2025-07-23 18:17:33,518 [ERROR] 像素座標不存在
2025-07-23 18:17:33,518 [ERROR] 世界座標轉換失敗
2025-07-23 18:17:33,518 [WARNING] 使用像素座標作為備用
2025-07-23 18:17:33,518 [INFO] 檢測結果 - DR_F(標籤0):16, STACK(標籤1):17
2025-07-23 18:17:33,518 [INFO] 物料準備完成 - DR_F數量:0, 實際座標:0個
2025-07-23 18:17:33,519 [INFO] 機械臂上料事件啟動(Flow1流程)
2025-07-23 18:17:33,519 [INFO] 當前批次標籤0物件已處理完成，需要重新進料
2025-07-23 18:17:33,519 [INFO] 當前批次物件已用完，需要重新進料
2025-07-23 18:17:33,519 [INFO] 機械臂組裝事件啟動(Flow2流程)
2025-07-23 18:17:38,520 [INFO] 開始組裝流程，使用角度: 45.00°
2025-07-23 18:17:39,866 [INFO] 運動同步完成
2025-07-23 18:17:39,867 [INFO] 移動到put_asm_top完成 (J4角度:45.00°)
2025-07-23 18:17:40,235 [INFO] 運動同步完成
2025-07-23 18:17:40,235 [INFO] 移動到put_asm_down完成 (J4角度:45.00°)
2025-07-23 18:17:40,236 [INFO] PGC夾爪快速關閉
2025-07-23 18:17:40,619 [INFO] PGC快速關閉成功，耗時: 0.384秒
2025-07-23 18:17:40,921 [INFO] 夾爪關閉完成
2025-07-23 18:17:41,294 [INFO] 運動同步完成
2025-07-23 18:17:41,295 [INFO] 返回put_asm_top完成
2025-07-23 18:17:42,646 [INFO] 運動同步完成
2025-07-23 18:17:42,647 [INFO] 返回standby完成
2025-07-23 18:17:42,647 [INFO] Flow2組裝流程完成
2025-07-23 18:17:42,647 [INFO] 收到用戶中斷信號，開始安全停止流程
2025-07-23 18:17:42,648 [INFO] 正在停止機械臂運動...
2025-07-23 18:17:42,663 [INFO] 運動同步完成
2025-07-23 18:17:43,692 [INFO] 機械臂下使能成功
2025-07-23 18:17:43,692 [INFO] 機械臂已下使能
2025-07-23 18:17:43,693 [INFO] 震動盤已停止
2025-07-23 18:17:43,693 [INFO] 安全停止流程完成
2025-07-23 18:17:43,693 [WARNING] 執行緊急停止
2025-07-23 18:17:43,694 [WARNING] 機械臂緊急停止
2025-07-23 18:17:43,914 [INFO] 停止PGC夾爪動作
2025-07-23 18:17:43,930 [WARNING] 緊急停止完成: 3 個系統成功停止
2025-07-23 18:17:43,930 [INFO] 開始斷開所有系統連接
2025-07-23 18:17:43,930 [INFO] 開始關閉相機管理器...
2025-07-23 18:17:43,960 [INFO] 相機 ccd1_camera 停止串流
2025-07-23 18:17:44,103 [INFO] 相機 ccd1_camera 已斷開
2025-07-23 18:17:44,427 [INFO] 相機管理器已關閉
2025-07-23 18:17:44,925 [INFO] CCD1視覺系統已關閉
2025-07-23 18:17:44,925 [WARNING] 停止串流警告: 0x80000000
2025-07-23 18:17:44,925 [INFO] 相機 ccd3_headless_camera 停止串流
2025-07-23 18:17:44,925 [INFO] 相機 ccd3_headless_camera 已斷開
2025-07-23 18:17:44,990 [INFO] CCD3角度檢測系統已關閉
2025-07-23 18:17:44,995 [INFO] 震動盤系統已關閉
2025-07-23 18:17:45,102 [INFO] PGC夾爪串口連接已斷開
2025-07-23 18:17:45,102 [INFO] 夾爪系統已關閉
2025-07-23 18:17:45,102 [INFO] Dobot連接已斷開
2025-07-23 18:17:45,103 [INFO] Dobot機械臂已關閉
2025-07-23 18:17:45,103 [INFO] 所有系統連接已斷開
2025-07-23 18:17:45,103 [INFO] 系統已安全關閉
2025-07-23 18:20:42,390 [INFO] 自動化系統啟動
2025-07-23 18:20:42,390 [INFO] 按 Ctrl+C 可安全停止系統
2025-07-23 18:20:42,391 [INFO] 物件管理器啟動 - 開始初始化子系統
2025-07-23 18:20:42,392 [INFO] Robot類別初始化開始
2025-07-23 18:20:42,392 [INFO] 開始初始化所有子系統
2025-07-23 18:20:42,392 [INFO] 正在初始化CCD1視覺系統...
2025-07-23 18:20:42,732 [INFO] 相機管理器初始化完成 - 頻寬控制版
2025-07-23 18:20:42,732 [INFO] 添加相機 ccd1_camera - IP: 192.168.1.8, 頻寬: 200Mbps
2025-07-23 18:20:43,360 [INFO] 開始配置頻寬控制: 200Mbps
2025-07-23 18:20:43,379 [INFO] ✓ 設置包大小: 1500 bytes
2025-07-23 18:20:43,389 [INFO] ✓ 設置包間延遲: 5000 ticks
2025-07-23 18:20:43,389 [INFO] 頻寬計算: 最大FPS=4.13, 實際FPS=4.13
2025-07-23 18:20:43,390 [INFO] ✓ 重傳參數設置成功
2025-07-23 18:20:43,390 [INFO] ✓ GVSP超時設置: 5000ms
2025-07-23 18:20:43,391 [INFO] ○ 設備不支援直接頻寬限制，使用其他方法控制
2025-07-23 18:20:43,392 [INFO] 頻寬控制配置完成
2025-07-23 18:20:43,408 [WARNING] 設置像素格式失敗: 0x80000106
2025-07-23 18:20:43,419 [INFO] ✓ 曝光時間設置: 20000.0μs
2025-07-23 18:20:43,443 [INFO] ✓ 幀率設置: 5.0 FPS
2025-07-23 18:20:43,448 [INFO] ✓ 觸發模式
2025-07-23 18:20:43,448 [INFO] ✓ 緩存節點: 1 (最新幀模式)
2025-07-23 18:20:43,449 [INFO] ✓ 抓取策略: 僅最新幀
2025-07-23 18:20:43,449 [INFO] 相機 ccd1_camera 參數配置完成
2025-07-23 18:20:43,449 [INFO] 相機 ccd1_camera 連接成功 - 頻寬限制: 200Mbps
2025-07-23 18:20:43,474 [INFO] 相機 ccd1_camera 開始串流 - 5.0FPS
2025-07-23 18:20:44,475 [INFO] CCD1視覺系統初始化成功
2025-07-23 18:20:44,475 [INFO] 正在初始化CCD3角度檢測系統...
2025-07-23 18:20:45,118 [INFO] 開始配置頻寬控制: 200Mbps
2025-07-23 18:20:45,128 [INFO] ✓ 設置包大小: 1500 bytes
2025-07-23 18:20:45,136 [INFO] ✓ 設置包間延遲: 5000 ticks
2025-07-23 18:20:45,136 [INFO] 頻寬計算: 最大FPS=4.13, 實際FPS=4.13
2025-07-23 18:20:45,137 [INFO] ✓ 重傳參數設置成功
2025-07-23 18:20:45,137 [INFO] ✓ GVSP超時設置: 5000ms
2025-07-23 18:20:45,141 [INFO] ○ 設備不支援直接頻寬限制，使用其他方法控制
2025-07-23 18:20:45,141 [INFO] 頻寬控制配置完成
2025-07-23 18:20:45,161 [WARNING] 設置像素格式失敗: 0x80000106
2025-07-23 18:20:45,175 [INFO] ✓ 曝光時間設置: 20000.0μs
2025-07-23 18:20:45,191 [INFO] ✓ 幀率設置: 5.0 FPS
2025-07-23 18:20:45,196 [INFO] ✓ 觸發模式
2025-07-23 18:20:45,196 [INFO] ✓ 緩存節點: 1 (最新幀模式)
2025-07-23 18:20:45,197 [INFO] ✓ 抓取策略: 僅最新幀
2025-07-23 18:20:45,197 [INFO] 相機 ccd3_headless_camera 參數配置完成
2025-07-23 18:20:45,197 [INFO] 相機 ccd3_headless_camera 連接成功 - 頻寬限制: 200Mbps
2025-07-23 18:20:45,227 [INFO] 相機 ccd3_headless_camera 開始串流 - 5.0FPS
2025-07-23 18:20:45,450 [INFO] CCD3角度檢測系統初始化成功
2025-07-23 18:20:45,451 [INFO] 正在初始化震動盤系統...
2025-07-23 18:20:45,599 [INFO] 震動盤系統初始化成功
2025-07-23 18:20:45,599 [INFO] 正在初始化夾爪系統...
2025-07-23 18:20:45,600 [INFO] PGC夾爪API初始化 - 直接串口通信模式
2025-07-23 18:20:45,600 [INFO] 正在連接PGC夾爪串口: COM3
2025-07-23 18:20:45,621 [INFO] PGC夾爪串口連接成功: COM3
2025-07-23 18:20:45,621 [INFO] PGC夾爪連接成功
2025-07-23 18:20:45,621 [INFO] 開始自動初始化PGC夾爪
2025-07-23 18:20:45,622 [INFO] 開始初始化PGC夾爪
2025-07-23 18:20:48,340 [INFO] PGC夾爪初始化成功，耗時: 2.718秒
2025-07-23 18:20:48,340 [INFO] PGC夾爪初始化成功
2025-07-23 18:20:48,340 [INFO] 夾爪系統初始化成功
2025-07-23 18:20:48,340 [INFO] 正在初始化Dobot機械臂...
2025-07-23 18:20:48,401 [INFO] Dobot連接成功: 192.168.1.6
2025-07-23 18:20:49,608 [INFO] 機械臂使能成功
2025-07-23 18:20:49,608 [INFO] 機械臂自動使能成功
2025-07-23 18:20:49,608 [INFO] Dobot機械臂初始化成功
2025-07-23 18:20:49,616 [INFO] 碰撞檢測等級設定為: 3
2025-07-23 18:20:49,616 [INFO] 碰撞檢測等級設置為: 3
2025-07-23 18:20:49,616 [INFO] 系統初始化完成: 5/5 個子系統成功
2025-07-23 18:20:49,617 [INFO] 開始初始化所有子系統
2025-07-23 18:20:49,617 [WARNING] CCD1已經初始化
2025-07-23 18:20:49,617 [WARNING] CCD3已經初始化
2025-07-23 18:20:49,617 [WARNING] VP已經初始化
2025-07-23 18:20:49,617 [WARNING] Gripper已經初始化
2025-07-23 18:20:49,618 [WARNING] Dobot已經初始化
2025-07-23 18:20:49,618 [INFO] 系統初始化完成: 5/5 個子系統成功
2025-07-23 18:20:50,824 [INFO] 機械臂使能成功
2025-07-23 18:20:50,825 [INFO] 機械臂連接並使能成功
2025-07-23 18:20:50,825 [INFO] PGC夾爪快速關閉
2025-07-23 18:20:51,652 [INFO] PGC快速關閉成功，耗時: 0.827秒
2025-07-23 18:20:51,652 [INFO] 夾爪連接並關閉成功
2025-07-23 18:20:51,652 [INFO] CCD1連接成功（已自動載入模型1）
2025-07-23 18:20:51,653 [INFO] CCD1載入模型後記憶體基準已重置
2025-07-23 18:20:51,653 [INFO] CCD3連接並初始化成功
2025-07-23 18:20:51,653 [INFO] 載入機械臂點位成功，共9個點位
2025-07-23 18:20:51,654 [INFO] 物件管理器初始化完成
2025-07-23 18:20:51,655 [INFO] 參數設定事件啟動
2025-07-23 18:20:51,655 [INFO] CCD1使用預設模型: 1
2025-07-23 18:20:51,655 [INFO] PGC智能釋放到位置: 360
2025-07-23 18:20:51,678 [INFO] PGC智能釋放成功，耗時: 0.024秒
2025-07-23 18:20:51,678 [INFO] 夾爪開度設定為: 360
2025-07-23 18:20:51,679 [INFO] 震動盤參數設定 - 擴散強度:107, 擴散頻率:87
2025-07-23 18:20:51,679 [INFO] 參數設定完成
2025-07-23 18:20:51,680 [INFO] 自動進料事件啟動
2025-07-23 18:20:55,318 [INFO] 使用上次CCD1檢測結果獲取座標
2025-07-23 18:20:55,318 [ERROR] 座標數據為空，result屬性: ['capture_time', 'cleanup', 'confidence_threshold', 'confidences_by_class', 'coordinates_by_class', 'detections_by_class', 'error_message', 'memory_usage', 'model_id_used', 'processing_time', 'raw_image_path', 'result_image_path', 'success', 'timestamp', 'total_detections', 'total_time', 'world_coord_valid', 'world_coordinates_by_class']
2025-07-23 18:20:55,318 [ERROR] coordinates_by_class值: {}
2025-07-23 18:20:55,319 [ERROR] world_coordinates_by_class值: {}
2025-07-23 18:20:55,319 [INFO] 完整座標結果: {}
2025-07-23 18:20:55,319 [ERROR] 像素座標不存在
2025-07-23 18:20:55,319 [ERROR] 世界座標轉換失敗
2025-07-23 18:20:55,319 [WARNING] 使用像素座標作為備用
2025-07-23 18:20:55,319 [INFO] 檢測結果 - DR_F(標籤0):0, STACK(標籤1):26
2025-07-23 18:20:55,319 [INFO] DR_F不足，其他物件總數: 26
2025-07-23 18:20:55,319 [INFO] 其他物件數量≥5，開始震動盤震動
2025-07-23 18:20:59,130 [INFO] CCD1檢測成功: {0: 16, 1: 16}
2025-07-23 18:20:59,131 [INFO] 震動中檢測 - DR_F:16個
2025-07-23 18:20:59,139 [INFO] 使用上次CCD1檢測結果獲取座標
2025-07-23 18:20:59,139 [ERROR] 座標數據為空，result屬性: ['capture_time', 'cleanup', 'confidence_threshold', 'confidences_by_class', 'coordinates_by_class', 'detections_by_class', 'error_message', 'memory_usage', 'model_id_used', 'processing_time', 'raw_image_path', 'result_image_path', 'success', 'timestamp', 'total_detections', 'total_time', 'world_coord_valid', 'world_coordinates_by_class']
2025-07-23 18:20:59,140 [ERROR] coordinates_by_class值: {}
2025-07-23 18:20:59,140 [ERROR] world_coordinates_by_class值: {}
2025-07-23 18:20:59,140 [INFO] 震動成功 - DR_F數量:0個
2025-07-23 18:20:59,140 [INFO] 物件用完，重新觸發自動進料事件
2025-07-23 18:20:59,141 [INFO] 自動進料事件啟動
2025-07-23 18:21:01,710 [INFO] 使用上次CCD1檢測結果獲取座標
2025-07-23 18:21:01,711 [ERROR] 座標數據為空，result屬性: ['capture_time', 'cleanup', 'confidence_threshold', 'confidences_by_class', 'coordinates_by_class', 'detections_by_class', 'error_message', 'memory_usage', 'model_id_used', 'processing_time', 'raw_image_path', 'result_image_path', 'success', 'timestamp', 'total_detections', 'total_time', 'world_coord_valid', 'world_coordinates_by_class']
2025-07-23 18:21:01,711 [ERROR] coordinates_by_class值: {}
2025-07-23 18:21:01,711 [ERROR] world_coordinates_by_class值: {}
2025-07-23 18:21:01,712 [INFO] 完整座標結果: {}
2025-07-23 18:21:01,712 [ERROR] 像素座標不存在
2025-07-23 18:21:01,712 [ERROR] 世界座標轉換失敗
2025-07-23 18:21:01,712 [WARNING] 使用像素座標作為備用
2025-07-23 18:21:01,712 [INFO] 檢測結果 - DR_F(標籤0):16, STACK(標籤1):17
2025-07-23 18:21:01,712 [INFO] 物料準備完成 - DR_F數量:0, 實際座標:0個
2025-07-23 18:21:01,712 [INFO] 機械臂上料事件啟動(Flow1流程)
2025-07-23 18:21:01,713 [INFO] 當前批次標籤0物件已處理完成，需要重新進料
2025-07-23 18:21:01,713 [INFO] 當前批次物件已用完，需要重新進料
2025-07-23 18:21:01,713 [INFO] 機械臂組裝事件啟動(Flow2流程)
2025-07-23 18:21:06,714 [INFO] 開始組裝流程，使用角度: 45.00°
2025-07-23 18:21:08,054 [INFO] 運動同步完成
2025-07-23 18:21:08,054 [INFO] 移動到put_asm_top完成 (J4角度:45.00°)
2025-07-23 18:21:08,430 [INFO] 運動同步完成
2025-07-23 18:21:08,430 [INFO] 移動到put_asm_down完成 (J4角度:45.00°)
2025-07-23 18:21:08,430 [INFO] PGC夾爪快速關閉
2025-07-23 18:21:08,796 [INFO] PGC快速關閉成功，耗時: 0.365秒
2025-07-23 18:21:09,097 [INFO] 夾爪關閉完成
2025-07-23 18:21:09,474 [INFO] 運動同步完成
2025-07-23 18:21:09,474 [INFO] 返回put_asm_top完成
2025-07-23 18:21:10,818 [INFO] 運動同步完成
2025-07-23 18:21:10,818 [INFO] 返回standby完成
2025-07-23 18:21:10,819 [INFO] Flow2組裝流程完成
2025-07-23 18:21:10,819 [INFO] 收到用戶中斷信號，開始安全停止流程
2025-07-23 18:21:10,819 [INFO] 正在停止機械臂運動...
2025-07-23 18:21:10,834 [INFO] 運動同步完成
2025-07-23 18:21:11,864 [INFO] 機械臂下使能成功
2025-07-23 18:21:11,864 [INFO] 機械臂已下使能
2025-07-23 18:21:11,865 [INFO] 震動盤已停止
2025-07-23 18:21:11,865 [INFO] 安全停止流程完成
2025-07-23 18:21:11,865 [WARNING] 執行緊急停止
2025-07-23 18:21:11,866 [WARNING] 機械臂緊急停止
2025-07-23 18:21:12,085 [INFO] 停止PGC夾爪動作
2025-07-23 18:21:12,106 [WARNING] 緊急停止完成: 3 個系統成功停止
2025-07-23 18:21:12,106 [INFO] 開始斷開所有系統連接
2025-07-23 18:21:12,107 [INFO] 開始關閉相機管理器...
2025-07-23 18:21:12,130 [INFO] 相機 ccd1_camera 停止串流
2025-07-23 18:21:12,255 [INFO] 相機 ccd1_camera 已斷開
2025-07-23 18:21:12,559 [INFO] 相機管理器已關閉
2025-07-23 18:21:13,085 [INFO] CCD1視覺系統已關閉
2025-07-23 18:21:13,086 [WARNING] 停止串流警告: 0x80000000
2025-07-23 18:21:13,086 [INFO] 相機 ccd3_headless_camera 停止串流
2025-07-23 18:21:13,086 [INFO] 相機 ccd3_headless_camera 已斷開
2025-07-23 18:21:13,156 [INFO] CCD3角度檢測系統已關閉
2025-07-23 18:21:13,157 [INFO] 震動盤系統已關閉
2025-07-23 18:21:13,259 [INFO] PGC夾爪串口連接已斷開
2025-07-23 18:21:13,259 [INFO] 夾爪系統已關閉
2025-07-23 18:21:13,259 [INFO] Dobot連接已斷開
2025-07-23 18:21:13,260 [INFO] Dobot機械臂已關閉
2025-07-23 18:21:13,260 [INFO] 所有系統連接已斷開
2025-07-23 18:21:13,260 [INFO] 系統已安全關閉
2025-07-23 18:29:21,834 [INFO] 自動化系統啟動
2025-07-23 18:29:21,834 [INFO] 按 Ctrl+C 可安全停止系統
2025-07-23 18:29:21,834 [INFO] 物件管理器啟動 - 開始初始化子系統
2025-07-23 18:29:21,835 [INFO] Robot類別初始化開始
2025-07-23 18:29:21,835 [INFO] 開始初始化所有子系統
2025-07-23 18:29:21,836 [INFO] 正在初始化CCD1視覺系統...
2025-07-23 18:29:22,158 [INFO] 相機管理器初始化完成 - 頻寬控制版
2025-07-23 18:29:22,158 [INFO] 添加相機 ccd1_camera - IP: 192.168.1.8, 頻寬: 200Mbps
2025-07-23 18:29:22,799 [INFO] 開始配置頻寬控制: 200Mbps
2025-07-23 18:29:22,809 [INFO] ✓ 設置包大小: 1500 bytes
2025-07-23 18:29:22,816 [INFO] ✓ 設置包間延遲: 5000 ticks
2025-07-23 18:29:22,817 [INFO] 頻寬計算: 最大FPS=4.13, 實際FPS=4.13
2025-07-23 18:29:22,817 [INFO] ✓ 重傳參數設置成功
2025-07-23 18:29:22,818 [INFO] ✓ GVSP超時設置: 5000ms
2025-07-23 18:29:22,824 [INFO] ○ 設備不支援直接頻寬限制，使用其他方法控制
2025-07-23 18:29:22,824 [INFO] 頻寬控制配置完成
2025-07-23 18:29:22,848 [WARNING] 設置像素格式失敗: 0x80000106
2025-07-23 18:29:22,864 [INFO] ✓ 曝光時間設置: 20000.0μs
2025-07-23 18:29:22,873 [INFO] ✓ 幀率設置: 5.0 FPS
2025-07-23 18:29:22,878 [INFO] ✓ 觸發模式
2025-07-23 18:29:22,879 [INFO] ✓ 緩存節點: 1 (最新幀模式)
2025-07-23 18:29:22,879 [INFO] ✓ 抓取策略: 僅最新幀
2025-07-23 18:29:22,879 [INFO] 相機 ccd1_camera 參數配置完成
2025-07-23 18:29:22,879 [INFO] 相機 ccd1_camera 連接成功 - 頻寬限制: 200Mbps
2025-07-23 18:29:22,918 [INFO] 相機 ccd1_camera 開始串流 - 5.0FPS
2025-07-23 18:29:23,919 [INFO] CCD1視覺系統初始化成功
2025-07-23 18:29:23,919 [INFO] 正在初始化CCD3角度檢測系統...
2025-07-23 18:29:24,530 [INFO] 開始配置頻寬控制: 200Mbps
2025-07-23 18:29:24,540 [INFO] ✓ 設置包大小: 1500 bytes
2025-07-23 18:29:24,548 [INFO] ✓ 設置包間延遲: 5000 ticks
2025-07-23 18:29:24,548 [INFO] 頻寬計算: 最大FPS=4.13, 實際FPS=4.13
2025-07-23 18:29:24,549 [INFO] ✓ 重傳參數設置成功
2025-07-23 18:29:24,550 [INFO] ✓ GVSP超時設置: 5000ms
2025-07-23 18:29:24,553 [INFO] ○ 設備不支援直接頻寬限制，使用其他方法控制
2025-07-23 18:29:24,553 [INFO] 頻寬控制配置完成
2025-07-23 18:29:24,573 [WARNING] 設置像素格式失敗: 0x80000106
2025-07-23 18:29:24,591 [INFO] ✓ 曝光時間設置: 20000.0μs
2025-07-23 18:29:24,599 [INFO] ✓ 幀率設置: 5.0 FPS
2025-07-23 18:29:24,606 [INFO] ✓ 觸發模式
2025-07-23 18:29:24,606 [INFO] ✓ 緩存節點: 1 (最新幀模式)
2025-07-23 18:29:24,606 [INFO] ✓ 抓取策略: 僅最新幀
2025-07-23 18:29:24,606 [INFO] 相機 ccd3_headless_camera 參數配置完成
2025-07-23 18:29:24,607 [INFO] 相機 ccd3_headless_camera 連接成功 - 頻寬限制: 200Mbps
2025-07-23 18:29:24,632 [INFO] 相機 ccd3_headless_camera 開始串流 - 5.0FPS
2025-07-23 18:29:24,836 [INFO] CCD3角度檢測系統初始化成功
2025-07-23 18:29:24,837 [INFO] 正在初始化震動盤系統...
2025-07-23 18:29:24,996 [INFO] 震動盤系統初始化成功
2025-07-23 18:29:24,996 [INFO] 正在初始化夾爪系統...
2025-07-23 18:29:24,997 [INFO] PGC夾爪API初始化 - 直接串口通信模式
2025-07-23 18:29:24,997 [INFO] 正在連接PGC夾爪串口: COM3
2025-07-23 18:29:25,018 [INFO] PGC夾爪串口連接成功: COM3
2025-07-23 18:29:25,018 [INFO] PGC夾爪連接成功
2025-07-23 18:29:25,018 [INFO] 開始自動初始化PGC夾爪
2025-07-23 18:29:25,019 [INFO] 開始初始化PGC夾爪
2025-07-23 18:29:27,737 [INFO] PGC夾爪初始化成功，耗時: 2.719秒
2025-07-23 18:29:27,737 [INFO] PGC夾爪初始化成功
2025-07-23 18:29:27,737 [INFO] 夾爪系統初始化成功
2025-07-23 18:29:27,738 [INFO] 正在初始化Dobot機械臂...
2025-07-23 18:29:27,809 [INFO] Dobot連接成功: 192.168.1.6
2025-07-23 18:29:29,034 [INFO] 機械臂使能成功
2025-07-23 18:29:29,034 [INFO] 機械臂自動使能成功
2025-07-23 18:29:29,034 [INFO] Dobot機械臂初始化成功
2025-07-23 18:29:29,041 [INFO] 碰撞檢測等級設定為: 3
2025-07-23 18:29:29,042 [INFO] 碰撞檢測等級設置為: 3
2025-07-23 18:29:29,042 [INFO] 系統初始化完成: 5/5 個子系統成功
2025-07-23 18:29:29,042 [INFO] 開始初始化所有子系統
2025-07-23 18:29:29,042 [WARNING] CCD1已經初始化
2025-07-23 18:29:29,042 [WARNING] CCD3已經初始化
2025-07-23 18:29:29,042 [WARNING] VP已經初始化
2025-07-23 18:29:29,043 [WARNING] Gripper已經初始化
2025-07-23 18:29:29,043 [WARNING] Dobot已經初始化
2025-07-23 18:29:29,043 [INFO] 系統初始化完成: 5/5 個子系統成功
2025-07-23 18:29:30,251 [INFO] 機械臂使能成功
2025-07-23 18:29:30,251 [INFO] 機械臂連接並使能成功
2025-07-23 18:29:30,251 [INFO] PGC夾爪快速關閉
2025-07-23 18:29:31,064 [INFO] PGC快速關閉成功，耗時: 0.813秒
2025-07-23 18:29:31,064 [INFO] 夾爪連接並關閉成功
2025-07-23 18:29:31,064 [INFO] CCD1連接成功（已自動載入模型1）
2025-07-23 18:29:31,064 [INFO] CCD1載入模型後記憶體基準已重置
2025-07-23 18:29:31,065 [INFO] CCD3連接並初始化成功
2025-07-23 18:29:31,065 [INFO] 載入機械臂點位成功，共9個點位
2025-07-23 18:29:31,065 [INFO] 物件管理器初始化完成
2025-07-23 18:29:31,065 [INFO] 參數設定事件啟動
2025-07-23 18:29:31,066 [INFO] CCD1使用預設模型: 1
2025-07-23 18:29:31,066 [INFO] PGC智能釋放到位置: 360
2025-07-23 18:29:31,089 [INFO] PGC智能釋放成功，耗時: 0.024秒
2025-07-23 18:29:31,089 [INFO] 夾爪開度設定為: 360
2025-07-23 18:29:31,090 [INFO] 震動盤參數設定 - 擴散強度:107, 擴散頻率:87
2025-07-23 18:29:31,090 [INFO] 參數設定完成
2025-07-23 18:29:31,091 [INFO] 自動進料事件啟動
2025-07-23 18:29:34,829 [INFO] 使用上次CCD1檢測結果獲取座標
2025-07-23 18:29:34,829 [INFO] 完整座標結果: {}
2025-07-23 18:29:34,830 [ERROR] 像素座標不存在
2025-07-23 18:29:34,830 [ERROR] 世界座標轉換失敗
2025-07-23 18:29:34,830 [WARNING] 使用像素座標作為備用
2025-07-23 18:29:34,830 [INFO] 檢測結果 - DR_F(標籤0):0, STACK(標籤1):29
2025-07-23 18:29:34,830 [INFO] DR_F不足，其他物件總數: 29
2025-07-23 18:29:34,830 [INFO] 其他物件數量≥5，開始震動盤震動
2025-07-23 18:29:38,463 [INFO] CCD1檢測成功: {0: 16, 1: 15}
2025-07-23 18:29:38,464 [INFO] 震動中檢測 - DR_F:16個
2025-07-23 18:29:38,465 [INFO] 使用上次CCD1檢測結果獲取座標
2025-07-23 18:29:38,465 [INFO] 震動成功 - DR_F數量:0個
2025-07-23 18:29:38,465 [INFO] 物件用完，重新觸發自動進料事件
2025-07-23 18:29:38,465 [INFO] 自動進料事件啟動
2025-07-23 18:29:40,925 [INFO] 使用上次CCD1檢測結果獲取座標
2025-07-23 18:29:40,926 [INFO] 完整座標結果: {}
2025-07-23 18:29:40,926 [ERROR] 像素座標不存在
2025-07-23 18:29:40,926 [ERROR] 世界座標轉換失敗
2025-07-23 18:29:40,926 [WARNING] 使用像素座標作為備用
2025-07-23 18:29:40,926 [INFO] 檢測結果 - DR_F(標籤0):16, STACK(標籤1):15
2025-07-23 18:29:40,926 [INFO] 物料準備完成 - DR_F數量:0, 實際座標:0個
2025-07-23 18:29:40,927 [INFO] 機械臂上料事件啟動(Flow1流程)
2025-07-23 18:29:40,927 [INFO] 當前批次標籤0物件已處理完成，需要重新進料
2025-07-23 18:29:40,927 [INFO] 當前批次物件已用完，需要重新進料
2025-07-23 18:29:40,927 [INFO] 機械臂組裝事件啟動(Flow2流程)
2025-07-23 18:29:45,929 [INFO] 開始組裝流程，使用角度: 45.00°
2025-07-23 18:29:47,279 [INFO] 運動同步完成
2025-07-23 18:29:47,279 [INFO] 移動到put_asm_top完成 (J4角度:45.00°)
2025-07-23 18:29:47,651 [INFO] 運動同步完成
2025-07-23 18:29:47,651 [INFO] 移動到put_asm_down完成 (J4角度:45.00°)
2025-07-23 18:29:47,652 [INFO] PGC夾爪快速關閉
2025-07-23 18:29:48,015 [INFO] PGC快速關閉成功，耗時: 0.363秒
2025-07-23 18:29:48,316 [INFO] 夾爪關閉完成
2025-07-23 18:29:48,687 [INFO] 運動同步完成
2025-07-23 18:29:48,687 [INFO] 返回put_asm_top完成
2025-07-23 18:29:50,043 [INFO] 運動同步完成
2025-07-23 18:29:50,044 [INFO] 返回standby完成
2025-07-23 18:29:50,044 [INFO] Flow2組裝流程完成
2025-07-23 18:29:50,044 [INFO] 收到用戶中斷信號，開始安全停止流程
2025-07-23 18:29:50,045 [INFO] 正在停止機械臂運動...
2025-07-23 18:29:50,060 [INFO] 運動同步完成
2025-07-23 18:29:51,094 [INFO] 機械臂下使能成功
2025-07-23 18:29:51,094 [INFO] 機械臂已下使能
2025-07-23 18:29:51,095 [INFO] 震動盤已停止
2025-07-23 18:29:51,095 [INFO] 安全停止流程完成
2025-07-23 18:29:51,095 [WARNING] 執行緊急停止
2025-07-23 18:29:51,096 [WARNING] 機械臂緊急停止
2025-07-23 18:29:51,315 [INFO] 停止PGC夾爪動作
2025-07-23 18:29:51,325 [WARNING] 緊急停止完成: 3 個系統成功停止
2025-07-23 18:29:51,325 [INFO] 開始斷開所有系統連接
2025-07-23 18:29:51,325 [INFO] 開始關閉相機管理器...
2025-07-23 18:29:51,354 [INFO] 相機 ccd1_camera 停止串流
2025-07-23 18:29:51,403 [INFO] 相機 ccd1_camera 已斷開
2025-07-23 18:29:51,759 [INFO] 相機管理器已關閉
2025-07-23 18:29:52,256 [INFO] CCD1視覺系統已關閉
2025-07-23 18:29:52,257 [WARNING] 停止串流警告: 0x80000000
2025-07-23 18:29:52,257 [INFO] 相機 ccd3_headless_camera 停止串流
2025-07-23 18:29:52,257 [INFO] 相機 ccd3_headless_camera 已斷開
2025-07-23 18:29:52,321 [INFO] CCD3角度檢測系統已關閉
2025-07-23 18:29:52,322 [INFO] 震動盤系統已關閉
2025-07-23 18:29:52,432 [INFO] PGC夾爪串口連接已斷開
2025-07-23 18:29:52,432 [INFO] 夾爪系統已關閉
2025-07-23 18:29:52,432 [INFO] Dobot連接已斷開
2025-07-23 18:29:52,432 [INFO] Dobot機械臂已關閉
2025-07-23 18:29:52,432 [INFO] 所有系統連接已斷開
2025-07-23 18:29:52,433 [INFO] 系統已安全關閉
2025-07-23 18:32:39,844 [INFO] 自動化系統啟動
2025-07-23 18:32:39,845 [INFO] 按 Ctrl+C 可安全停止系統
2025-07-23 18:32:39,845 [INFO] 物件管理器啟動 - 開始初始化子系統
2025-07-23 18:32:39,846 [INFO] Robot類別初始化開始
2025-07-23 18:32:39,846 [INFO] 開始初始化所有子系統
2025-07-23 18:32:39,846 [INFO] 正在初始化CCD1視覺系統...
2025-07-23 18:32:40,177 [INFO] 相機管理器初始化完成 - 頻寬控制版
2025-07-23 18:32:40,178 [INFO] 添加相機 ccd1_camera - IP: 192.168.1.8, 頻寬: 200Mbps
2025-07-23 18:32:40,817 [INFO] 開始配置頻寬控制: 200Mbps
2025-07-23 18:32:40,828 [INFO] ✓ 設置包大小: 1500 bytes
2025-07-23 18:32:40,836 [INFO] ✓ 設置包間延遲: 5000 ticks
2025-07-23 18:32:40,836 [INFO] 頻寬計算: 最大FPS=4.13, 實際FPS=4.13
2025-07-23 18:32:40,847 [INFO] ✓ 重傳參數設置成功
2025-07-23 18:32:40,848 [INFO] ✓ GVSP超時設置: 5000ms
2025-07-23 18:32:40,851 [INFO] ○ 設備不支援直接頻寬限制，使用其他方法控制
2025-07-23 18:32:40,851 [INFO] 頻寬控制配置完成
2025-07-23 18:32:40,876 [WARNING] 設置像素格式失敗: 0x80000106
2025-07-23 18:32:40,891 [INFO] ✓ 曝光時間設置: 20000.0μs
2025-07-23 18:32:40,900 [INFO] ✓ 幀率設置: 5.0 FPS
2025-07-23 18:32:40,906 [INFO] ✓ 觸發模式
2025-07-23 18:32:40,906 [INFO] ✓ 緩存節點: 1 (最新幀模式)
2025-07-23 18:32:40,906 [INFO] ✓ 抓取策略: 僅最新幀
2025-07-23 18:32:40,907 [INFO] 相機 ccd1_camera 參數配置完成
2025-07-23 18:32:40,907 [INFO] 相機 ccd1_camera 連接成功 - 頻寬限制: 200Mbps
2025-07-23 18:32:40,932 [INFO] 相機 ccd1_camera 開始串流 - 5.0FPS
2025-07-23 18:32:41,933 [INFO] CCD1視覺系統初始化成功
2025-07-23 18:32:41,933 [INFO] 正在初始化CCD3角度檢測系統...
2025-07-23 18:32:42,565 [INFO] 開始配置頻寬控制: 200Mbps
2025-07-23 18:32:42,579 [INFO] ✓ 設置包大小: 1500 bytes
2025-07-23 18:32:42,587 [INFO] ✓ 設置包間延遲: 5000 ticks
2025-07-23 18:32:42,587 [INFO] 頻寬計算: 最大FPS=4.13, 實際FPS=4.13
2025-07-23 18:32:42,588 [INFO] ✓ 重傳參數設置成功
2025-07-23 18:32:42,588 [INFO] ✓ GVSP超時設置: 5000ms
2025-07-23 18:32:42,592 [INFO] ○ 設備不支援直接頻寬限制，使用其他方法控制
2025-07-23 18:32:42,592 [INFO] 頻寬控制配置完成
2025-07-23 18:32:42,616 [WARNING] 設置像素格式失敗: 0x80000106
2025-07-23 18:32:42,629 [INFO] ✓ 曝光時間設置: 20000.0μs
2025-07-23 18:32:42,639 [INFO] ✓ 幀率設置: 5.0 FPS
2025-07-23 18:32:42,644 [INFO] ✓ 觸發模式
2025-07-23 18:32:42,645 [INFO] ✓ 緩存節點: 1 (最新幀模式)
2025-07-23 18:32:42,645 [INFO] ✓ 抓取策略: 僅最新幀
2025-07-23 18:32:42,646 [INFO] 相機 ccd3_headless_camera 參數配置完成
2025-07-23 18:32:42,646 [INFO] 相機 ccd3_headless_camera 連接成功 - 頻寬限制: 200Mbps
2025-07-23 18:32:42,670 [INFO] 相機 ccd3_headless_camera 開始串流 - 5.0FPS
2025-07-23 18:32:42,876 [INFO] CCD3角度檢測系統初始化成功
2025-07-23 18:32:42,876 [INFO] 正在初始化震動盤系統...
2025-07-23 18:32:43,040 [INFO] 震動盤系統初始化成功
2025-07-23 18:32:43,040 [INFO] 正在初始化夾爪系統...
2025-07-23 18:32:43,040 [INFO] PGC夾爪API初始化 - 直接串口通信模式
2025-07-23 18:32:43,041 [INFO] 正在連接PGC夾爪串口: COM3
2025-07-23 18:32:43,073 [INFO] PGC夾爪串口連接成功: COM3
2025-07-23 18:32:43,073 [INFO] PGC夾爪連接成功
2025-07-23 18:32:43,074 [INFO] 開始自動初始化PGC夾爪
2025-07-23 18:32:43,074 [INFO] 開始初始化PGC夾爪
2025-07-23 18:32:45,791 [INFO] PGC夾爪初始化成功，耗時: 2.717秒
2025-07-23 18:32:45,791 [INFO] PGC夾爪初始化成功
2025-07-23 18:32:45,791 [INFO] 夾爪系統初始化成功
2025-07-23 18:32:45,791 [INFO] 正在初始化Dobot機械臂...
2025-07-23 18:32:45,887 [INFO] Dobot連接成功: 192.168.1.6
2025-07-23 18:32:47,090 [INFO] 機械臂使能成功
2025-07-23 18:32:47,090 [INFO] 機械臂自動使能成功
2025-07-23 18:32:47,090 [INFO] Dobot機械臂初始化成功
2025-07-23 18:32:47,097 [INFO] 碰撞檢測等級設定為: 3
2025-07-23 18:32:47,097 [INFO] 碰撞檢測等級設置為: 3
2025-07-23 18:32:47,097 [INFO] 系統初始化完成: 5/5 個子系統成功
2025-07-23 18:32:47,098 [INFO] 開始初始化所有子系統
2025-07-23 18:32:47,098 [WARNING] CCD1已經初始化
2025-07-23 18:32:47,098 [WARNING] CCD3已經初始化
2025-07-23 18:32:47,098 [WARNING] VP已經初始化
2025-07-23 18:32:47,099 [WARNING] Gripper已經初始化
2025-07-23 18:32:47,099 [WARNING] Dobot已經初始化
2025-07-23 18:32:47,099 [INFO] 系統初始化完成: 5/5 個子系統成功
2025-07-23 18:32:48,310 [INFO] 機械臂使能成功
2025-07-23 18:32:48,310 [INFO] 機械臂連接並使能成功
2025-07-23 18:32:48,310 [INFO] PGC夾爪快速關閉
2025-07-23 18:32:49,133 [INFO] PGC快速關閉成功，耗時: 0.823秒
2025-07-23 18:32:49,133 [INFO] 夾爪連接並關閉成功
2025-07-23 18:32:49,133 [INFO] CCD1連接成功（已自動載入模型1）
2025-07-23 18:32:49,134 [INFO] CCD1載入模型後記憶體基準已重置
2025-07-23 18:32:49,134 [INFO] CCD3連接並初始化成功
2025-07-23 18:32:49,134 [INFO] 載入機械臂點位成功，共9個點位
2025-07-23 18:32:49,135 [INFO] 物件管理器初始化完成
2025-07-23 18:32:49,135 [INFO] 參數設定事件啟動
2025-07-23 18:32:49,135 [INFO] CCD1使用預設模型: 1
2025-07-23 18:32:49,135 [INFO] PGC智能釋放到位置: 360
2025-07-23 18:32:49,160 [INFO] PGC智能釋放成功，耗時: 0.024秒
2025-07-23 18:32:49,160 [INFO] 夾爪開度設定為: 360
2025-07-23 18:32:49,161 [INFO] 震動盤參數設定 - 擴散強度:107, 擴散頻率:87
2025-07-23 18:32:49,161 [INFO] 參數設定完成
2025-07-23 18:32:49,161 [INFO] 自動進料事件啟動
2025-07-23 18:32:52,897 [INFO] 使用上次CCD1檢測結果獲取座標
2025-07-23 18:32:52,897 [ERROR] 像素座標不存在
2025-07-23 18:32:52,897 [ERROR] 世界座標轉換失敗
2025-07-23 18:32:52,897 [WARNING] 使用像素座標作為備用
2025-07-23 18:32:52,897 [INFO] 完整座標結果數據結構: ['pixel', 'world', 'world_coordinates']
2025-07-23 18:32:52,897 [INFO] 使用world_coordinates鍵獲取世界座標
2025-07-23 18:32:52,898 [INFO] 檢測結果 - DR_F(標籤0):0, STACK(標籤1):29
2025-07-23 18:32:52,898 [INFO] DR_F不足，其他物件總數: 29
2025-07-23 18:32:52,898 [INFO] 其他物件數量≥5，開始震動盤震動
2025-07-23 18:32:56,641 [INFO] CCD1檢測成功: {0: 15, 1: 18}
2025-07-23 18:32:56,641 [INFO] 震動中檢測 - DR_F:15個
2025-07-23 18:32:56,642 [INFO] 使用上次CCD1檢測結果獲取座標
2025-07-23 18:32:56,643 [ERROR] 像素座標不存在
2025-07-23 18:32:56,643 [ERROR] 世界座標轉換失敗
2025-07-23 18:32:56,643 [WARNING] 使用像素座標作為備用
2025-07-23 18:32:56,643 [INFO] 震動成功 - DR_F數量:0個
2025-07-23 18:32:56,644 [INFO] 物件用完，重新觸發自動進料事件
2025-07-23 18:32:56,644 [INFO] 自動進料事件啟動
2025-07-23 18:32:59,128 [INFO] 使用上次CCD1檢測結果獲取座標
2025-07-23 18:32:59,129 [ERROR] 像素座標不存在
2025-07-23 18:32:59,129 [ERROR] 世界座標轉換失敗
2025-07-23 18:32:59,129 [WARNING] 使用像素座標作為備用
2025-07-23 18:32:59,129 [INFO] 完整座標結果數據結構: ['pixel', 'world', 'world_coordinates']
2025-07-23 18:32:59,129 [INFO] 使用world_coordinates鍵獲取世界座標
2025-07-23 18:32:59,129 [INFO] 檢測結果 - DR_F(標籤0):15, STACK(標籤1):18
2025-07-23 18:32:59,129 [INFO] 物料準備完成 - DR_F數量:0, 實際座標:0個
2025-07-23 18:32:59,130 [INFO] 機械臂上料事件啟動(Flow1流程)
2025-07-23 18:32:59,130 [INFO] 當前批次標籤0物件已處理完成，需要重新進料
2025-07-23 18:32:59,130 [INFO] 當前批次物件已用完，需要重新進料
2025-07-23 18:32:59,131 [INFO] 機械臂組裝事件啟動(Flow2流程)
2025-07-23 18:33:04,132 [INFO] 開始組裝流程，使用角度: 45.00°
2025-07-23 18:33:05,483 [INFO] 運動同步完成
2025-07-23 18:33:05,484 [INFO] 移動到put_asm_top完成 (J4角度:45.00°)
2025-07-23 18:33:05,855 [INFO] 運動同步完成
2025-07-23 18:33:05,855 [INFO] 移動到put_asm_down完成 (J4角度:45.00°)
2025-07-23 18:33:05,856 [INFO] PGC夾爪快速關閉
2025-07-23 18:33:06,214 [INFO] PGC快速關閉成功，耗時: 0.358秒
2025-07-23 18:33:06,515 [INFO] 夾爪關閉完成
2025-07-23 18:33:06,883 [INFO] 運動同步完成
2025-07-23 18:33:06,883 [INFO] 返回put_asm_top完成
2025-07-23 18:33:08,227 [INFO] 運動同步完成
2025-07-23 18:33:08,227 [INFO] 返回standby完成
2025-07-23 18:33:08,227 [INFO] Flow2組裝流程完成
2025-07-23 18:33:08,227 [INFO] 收到用戶中斷信號，開始安全停止流程
2025-07-23 18:33:08,227 [INFO] 正在停止機械臂運動...
2025-07-23 18:33:08,243 [INFO] 運動同步完成
2025-07-23 18:33:09,276 [INFO] 收到用戶中斷信號，開始安全停止流程
2025-07-23 18:33:09,276 [INFO] 正在停止機械臂運動...
2025-07-23 18:33:09,290 [INFO] 運動同步完成
2025-07-23 18:36:46,144 [INFO] 自動化系統啟動
2025-07-23 18:36:46,144 [INFO] 按 Ctrl+C 可安全停止系統
2025-07-23 18:36:46,144 [INFO] 物件管理器啟動 - 開始初始化子系統
2025-07-23 18:36:46,145 [INFO] Robot類別初始化開始
2025-07-23 18:36:46,145 [INFO] 開始初始化所有子系統
2025-07-23 18:36:46,145 [INFO] 正在初始化CCD1視覺系統...
2025-07-23 18:36:46,493 [INFO] 相機管理器初始化完成 - 頻寬控制版
2025-07-23 18:36:46,493 [INFO] 添加相機 ccd1_camera - IP: 192.168.1.8, 頻寬: 200Mbps
2025-07-23 18:36:47,117 [INFO] 開始配置頻寬控制: 200Mbps
2025-07-23 18:36:47,138 [INFO] ✓ 設置包大小: 1500 bytes
2025-07-23 18:36:47,145 [INFO] ✓ 設置包間延遲: 5000 ticks
2025-07-23 18:36:47,146 [INFO] 頻寬計算: 最大FPS=4.13, 實際FPS=4.13
2025-07-23 18:36:47,146 [INFO] ✓ 重傳參數設置成功
2025-07-23 18:36:47,151 [INFO] ✓ GVSP超時設置: 5000ms
2025-07-23 18:36:47,152 [INFO] ○ 設備不支援直接頻寬限制，使用其他方法控制
2025-07-23 18:36:47,152 [INFO] 頻寬控制配置完成
2025-07-23 18:36:47,166 [WARNING] 設置像素格式失敗: 0x80000106
2025-07-23 18:36:47,175 [INFO] ✓ 曝光時間設置: 20000.0μs
2025-07-23 18:36:47,183 [INFO] ✓ 幀率設置: 5.0 FPS
2025-07-23 18:36:47,191 [INFO] ✓ 觸發模式
2025-07-23 18:36:47,191 [INFO] ✓ 緩存節點: 1 (最新幀模式)
2025-07-23 18:36:47,191 [INFO] ✓ 抓取策略: 僅最新幀
2025-07-23 18:36:47,191 [INFO] 相機 ccd1_camera 參數配置完成
2025-07-23 18:36:47,191 [INFO] 相機 ccd1_camera 連接成功 - 頻寬限制: 200Mbps
2025-07-23 18:36:47,216 [INFO] 相機 ccd1_camera 開始串流 - 5.0FPS
2025-07-23 18:36:48,218 [INFO] CCD1視覺系統初始化成功
2025-07-23 18:36:48,218 [INFO] 正在初始化CCD3角度檢測系統...
2025-07-23 18:36:48,848 [INFO] 開始配置頻寬控制: 200Mbps
2025-07-23 18:36:48,866 [INFO] ✓ 設置包大小: 1500 bytes
2025-07-23 18:36:48,873 [INFO] ✓ 設置包間延遲: 5000 ticks
2025-07-23 18:36:48,874 [INFO] 頻寬計算: 最大FPS=4.13, 實際FPS=4.13
2025-07-23 18:36:48,874 [INFO] ✓ 重傳參數設置成功
2025-07-23 18:36:48,875 [INFO] ✓ GVSP超時設置: 5000ms
2025-07-23 18:36:48,878 [INFO] ○ 設備不支援直接頻寬限制，使用其他方法控制
2025-07-23 18:36:48,878 [INFO] 頻寬控制配置完成
2025-07-23 18:36:48,898 [WARNING] 設置像素格式失敗: 0x80000106
2025-07-23 18:36:48,908 [INFO] ✓ 曝光時間設置: 20000.0μs
2025-07-23 18:36:48,920 [INFO] ✓ 幀率設置: 5.0 FPS
2025-07-23 18:36:48,927 [INFO] ✓ 觸發模式
2025-07-23 18:36:48,927 [INFO] ✓ 緩存節點: 1 (最新幀模式)
2025-07-23 18:36:48,927 [INFO] ✓ 抓取策略: 僅最新幀
2025-07-23 18:36:48,928 [INFO] 相機 ccd3_headless_camera 參數配置完成
2025-07-23 18:36:48,928 [INFO] 相機 ccd3_headless_camera 連接成功 - 頻寬限制: 200Mbps
2025-07-23 18:36:48,955 [INFO] 相機 ccd3_headless_camera 開始串流 - 5.0FPS
2025-07-23 18:36:49,160 [INFO] CCD3角度檢測系統初始化成功
2025-07-23 18:36:49,161 [INFO] 正在初始化震動盤系統...
2025-07-23 18:36:49,321 [INFO] 震動盤系統初始化成功
2025-07-23 18:36:49,321 [INFO] 正在初始化夾爪系統...
2025-07-23 18:36:49,322 [INFO] PGC夾爪API初始化 - 直接串口通信模式
2025-07-23 18:36:49,322 [INFO] 正在連接PGC夾爪串口: COM3
2025-07-23 18:36:49,356 [INFO] PGC夾爪串口連接成功: COM3
2025-07-23 18:36:49,356 [INFO] PGC夾爪連接成功
2025-07-23 18:36:49,356 [INFO] 開始自動初始化PGC夾爪
2025-07-23 18:36:49,357 [INFO] 開始初始化PGC夾爪
2025-07-23 18:36:52,076 [INFO] PGC夾爪初始化成功，耗時: 2.719秒
2025-07-23 18:36:52,076 [INFO] PGC夾爪初始化成功
2025-07-23 18:36:52,076 [INFO] 夾爪系統初始化成功
2025-07-23 18:36:52,077 [INFO] 正在初始化Dobot機械臂...
2025-07-23 18:36:52,168 [INFO] Dobot連接成功: 192.168.1.6
2025-07-23 18:36:53,394 [INFO] 機械臂使能成功
2025-07-23 18:36:53,395 [INFO] 機械臂自動使能成功
2025-07-23 18:36:53,395 [INFO] Dobot機械臂初始化成功
2025-07-23 18:36:53,399 [INFO] 碰撞檢測等級設定為: 3
2025-07-23 18:36:53,399 [INFO] 碰撞檢測等級設置為: 3
2025-07-23 18:36:53,399 [INFO] 系統初始化完成: 5/5 個子系統成功
2025-07-23 18:36:53,399 [INFO] 開始初始化所有子系統
2025-07-23 18:36:53,399 [WARNING] CCD1已經初始化
2025-07-23 18:36:53,400 [WARNING] CCD3已經初始化
2025-07-23 18:36:53,400 [WARNING] VP已經初始化
2025-07-23 18:36:53,400 [WARNING] Gripper已經初始化
2025-07-23 18:36:53,400 [WARNING] Dobot已經初始化
2025-07-23 18:36:53,400 [INFO] 系統初始化完成: 5/5 個子系統成功
2025-07-23 18:36:54,607 [INFO] 機械臂使能成功
2025-07-23 18:36:54,607 [INFO] 機械臂連接並使能成功
2025-07-23 18:36:54,608 [INFO] PGC夾爪快速關閉
2025-07-23 18:36:55,417 [INFO] PGC快速關閉成功，耗時: 0.809秒
2025-07-23 18:36:55,417 [INFO] 夾爪連接並關閉成功
2025-07-23 18:36:55,417 [INFO] CCD1連接成功（已自動載入模型1）
2025-07-23 18:36:55,417 [INFO] CCD1載入模型後記憶體基準已重置
2025-07-23 18:36:55,417 [INFO] CCD3連接並初始化成功
2025-07-23 18:36:55,418 [INFO] 載入機械臂點位成功，共9個點位
2025-07-23 18:36:55,418 [INFO] 物件管理器初始化完成
2025-07-23 18:36:55,418 [INFO] 參數設定事件啟動
2025-07-23 18:36:55,418 [INFO] CCD1使用預設模型: 1
2025-07-23 18:36:55,419 [INFO] PGC智能釋放到位置: 360
2025-07-23 18:36:55,445 [INFO] PGC智能釋放成功，耗時: 0.026秒
2025-07-23 18:36:55,445 [INFO] 夾爪開度設定為: 360
2025-07-23 18:36:55,446 [INFO] 震動盤參數設定 - 擴散強度:107, 擴散頻率:87
2025-07-23 18:36:55,446 [INFO] 參數設定完成
2025-07-23 18:36:55,446 [INFO] 自動進料事件啟動
2025-07-23 18:36:59,522 [INFO] 檢測結果 - DR_F(標籤0):15, STACK(標籤1):18
2025-07-23 18:36:59,522 [INFO] 座標數據提取 - 像素座標:0類, 世界座標:0類
2025-07-23 18:36:59,522 [INFO] 使用像素座標 - DR_F:0個
2025-07-23 18:36:59,523 [INFO] 物料準備完成 - DR_F數量:0個
2025-07-23 18:36:59,523 [INFO] 物件用完，重新觸發自動進料事件
2025-07-23 18:36:59,523 [INFO] 自動進料事件啟動
2025-07-23 18:37:02,144 [INFO] 檢測結果 - DR_F(標籤0):15, STACK(標籤1):18
2025-07-23 18:37:02,145 [INFO] 座標數據提取 - 像素座標:0類, 世界座標:0類
2025-07-23 18:37:02,145 [INFO] 使用像素座標 - DR_F:0個
2025-07-23 18:37:02,145 [INFO] 物料準備完成 - DR_F數量:0個
2025-07-23 18:37:02,146 [INFO] 機械臂上料事件啟動(Flow1流程)
2025-07-23 18:37:02,146 [INFO] 當前批次標籤0物件已處理完成，需要重新進料
2025-07-23 18:37:02,146 [INFO] 當前批次物件已用完，需要重新進料
2025-07-23 18:37:02,146 [INFO] 機械臂組裝事件啟動(Flow2流程)
2025-07-23 18:37:07,147 [INFO] 開始組裝流程，使用角度: 45.00°
2025-07-23 18:37:08,508 [INFO] 運動同步完成
2025-07-23 18:37:08,508 [INFO] 移動到put_asm_top完成 (J4角度:45.00°)
2025-07-23 18:37:08,892 [INFO] 運動同步完成
2025-07-23 18:37:08,892 [INFO] 移動到put_asm_down完成 (J4角度:45.00°)
2025-07-23 18:37:08,892 [INFO] PGC夾爪快速關閉
2025-07-23 18:37:09,252 [INFO] PGC快速關閉成功，耗時: 0.359秒
2025-07-23 18:37:09,553 [INFO] 夾爪關閉完成
2025-07-23 18:37:09,932 [INFO] 運動同步完成
2025-07-23 18:37:09,932 [INFO] 返回put_asm_top完成
2025-07-23 18:37:11,283 [INFO] 運動同步完成
2025-07-23 18:37:11,284 [INFO] 返回standby完成
2025-07-23 18:37:11,284 [INFO] Flow2組裝流程完成
2025-07-23 18:37:11,284 [INFO] 收到用戶中斷信號，開始安全停止流程
2025-07-23 18:37:11,284 [INFO] 正在停止機械臂運動...
2025-07-23 18:37:11,300 [INFO] 運動同步完成
2025-07-23 18:37:12,329 [INFO] 機械臂下使能成功
2025-07-23 18:37:12,329 [INFO] 機械臂已下使能
2025-07-23 18:37:12,336 [INFO] 震動盤已停止
2025-07-23 18:37:12,337 [INFO] 安全停止流程完成
2025-07-23 18:37:12,337 [WARNING] 執行緊急停止
2025-07-23 18:37:12,338 [WARNING] 機械臂緊急停止
2025-07-23 18:37:12,556 [INFO] 停止PGC夾爪動作
2025-07-23 18:37:12,577 [WARNING] 緊急停止完成: 3 個系統成功停止
2025-07-23 18:37:12,577 [INFO] 開始斷開所有系統連接
2025-07-23 18:37:12,577 [INFO] 開始關閉相機管理器...
2025-07-23 18:37:12,599 [INFO] 相機 ccd1_camera 停止串流
2025-07-23 18:37:12,692 [INFO] 相機 ccd1_camera 已斷開
2025-07-23 18:37:13,098 [INFO] 相機管理器已關閉
2025-07-23 18:37:13,599 [INFO] CCD1視覺系統已關閉
2025-07-23 18:37:13,600 [WARNING] 停止串流警告: 0x80000000
2025-07-23 18:37:13,600 [INFO] 相機 ccd3_headless_camera 停止串流
2025-07-23 18:37:13,600 [INFO] 相機 ccd3_headless_camera 已斷開
2025-07-23 18:37:13,665 [INFO] CCD3角度檢測系統已關閉
2025-07-23 18:37:13,666 [INFO] 震動盤系統已關閉
2025-07-23 18:37:13,785 [INFO] PGC夾爪串口連接已斷開
2025-07-23 18:37:13,785 [INFO] 夾爪系統已關閉
2025-07-23 18:37:13,785 [INFO] Dobot連接已斷開
2025-07-23 18:37:13,786 [INFO] Dobot機械臂已關閉
2025-07-23 18:37:13,786 [INFO] 所有系統連接已斷開
2025-07-23 18:37:13,787 [INFO] 系統已安全關閉
2025-07-23 18:38:38,139 [INFO] 自動化系統啟動
2025-07-23 18:38:38,139 [INFO] 物件管理器啟動 - 開始初始化子系統
2025-07-23 18:38:38,140 [INFO] Robot類別初始化開始
2025-07-23 18:38:38,140 [INFO] 開始初始化所有子系統
2025-07-23 18:38:38,140 [INFO] 正在初始化CCD1視覺系統...
2025-07-23 18:38:38,470 [INFO] 相機管理器初始化完成 - 頻寬控制版
2025-07-23 18:38:38,470 [INFO] 添加相機 ccd1_camera - IP: 192.168.1.8, 頻寬: 200Mbps
2025-07-23 18:38:39,104 [INFO] 開始配置頻寬控制: 200Mbps
2025-07-23 18:38:39,118 [INFO] ✓ 設置包大小: 1500 bytes
2025-07-23 18:38:39,126 [INFO] ✓ 設置包間延遲: 5000 ticks
2025-07-23 18:38:39,127 [INFO] 頻寬計算: 最大FPS=4.13, 實際FPS=4.13
2025-07-23 18:38:39,127 [INFO] ✓ 重傳參數設置成功
2025-07-23 18:38:39,128 [INFO] ✓ GVSP超時設置: 5000ms
2025-07-23 18:38:39,131 [INFO] ○ 設備不支援直接頻寬限制，使用其他方法控制
2025-07-23 18:38:39,131 [INFO] 頻寬控制配置完成
2025-07-23 18:38:39,151 [WARNING] 設置像素格式失敗: 0x80000106
2025-07-23 18:38:39,166 [INFO] ✓ 曝光時間設置: 20000.0μs
2025-07-23 18:38:39,178 [INFO] ✓ 幀率設置: 5.0 FPS
2025-07-23 18:38:39,183 [INFO] ✓ 觸發模式
2025-07-23 18:38:39,183 [INFO] ✓ 緩存節點: 1 (最新幀模式)
2025-07-23 18:38:39,183 [INFO] ✓ 抓取策略: 僅最新幀
2025-07-23 18:38:39,183 [INFO] 相機 ccd1_camera 參數配置完成
2025-07-23 18:38:39,184 [INFO] 相機 ccd1_camera 連接成功 - 頻寬限制: 200Mbps
2025-07-23 18:38:39,214 [INFO] 相機 ccd1_camera 開始串流 - 5.0FPS
2025-07-23 18:38:40,215 [INFO] CCD1視覺系統初始化成功
2025-07-23 18:38:40,215 [INFO] 正在初始化CCD3角度檢測系統...
2025-07-23 18:38:40,848 [INFO] 開始配置頻寬控制: 200Mbps
2025-07-23 18:38:40,858 [INFO] ✓ 設置包大小: 1500 bytes
2025-07-23 18:38:40,865 [INFO] ✓ 設置包間延遲: 5000 ticks
2025-07-23 18:38:40,866 [INFO] 頻寬計算: 最大FPS=4.13, 實際FPS=4.13
2025-07-23 18:38:40,866 [INFO] ✓ 重傳參數設置成功
2025-07-23 18:38:40,867 [INFO] ✓ GVSP超時設置: 5000ms
2025-07-23 18:38:40,870 [INFO] ○ 設備不支援直接頻寬限制，使用其他方法控制
2025-07-23 18:38:40,870 [INFO] 頻寬控制配置完成
2025-07-23 18:38:40,893 [WARNING] 設置像素格式失敗: 0x80000106
2025-07-23 18:38:40,906 [INFO] ✓ 曝光時間設置: 20000.0μs
2025-07-23 18:38:40,921 [INFO] ✓ 幀率設置: 5.0 FPS
2025-07-23 18:38:40,926 [INFO] ✓ 觸發模式
2025-07-23 18:38:40,926 [INFO] ✓ 緩存節點: 1 (最新幀模式)
2025-07-23 18:38:40,927 [INFO] ✓ 抓取策略: 僅最新幀
2025-07-23 18:38:40,927 [INFO] 相機 ccd3_headless_camera 參數配置完成
2025-07-23 18:38:40,927 [INFO] 相機 ccd3_headless_camera 連接成功 - 頻寬限制: 200Mbps
2025-07-23 18:38:40,972 [INFO] 相機 ccd3_headless_camera 開始串流 - 5.0FPS
2025-07-23 18:38:41,198 [INFO] CCD3角度檢測系統初始化成功
2025-07-23 18:38:41,198 [INFO] 正在初始化震動盤系統...
2025-07-23 18:38:41,376 [INFO] 震動盤系統初始化成功
2025-07-23 18:38:41,376 [INFO] 正在初始化夾爪系統...
2025-07-23 18:38:41,377 [INFO] PGC夾爪API初始化 - 直接串口通信模式
2025-07-23 18:38:41,377 [INFO] 正在連接PGC夾爪串口: COM3
2025-07-23 18:38:41,406 [INFO] PGC夾爪串口連接成功: COM3
2025-07-23 18:38:41,406 [INFO] PGC夾爪連接成功
2025-07-23 18:38:41,407 [INFO] 開始自動初始化PGC夾爪
2025-07-23 18:38:41,407 [INFO] 開始初始化PGC夾爪
2025-07-23 18:38:44,124 [INFO] PGC夾爪初始化成功，耗時: 2.718秒
2025-07-23 18:38:44,124 [INFO] PGC夾爪初始化成功
2025-07-23 18:38:44,124 [INFO] 夾爪系統初始化成功
2025-07-23 18:38:44,124 [INFO] 正在初始化Dobot機械臂...
2025-07-23 18:38:44,165 [INFO] Dobot連接成功: 192.168.1.6
2025-07-23 18:38:45,378 [INFO] 機械臂使能成功
2025-07-23 18:38:45,378 [INFO] 機械臂自動使能成功
2025-07-23 18:38:45,379 [INFO] Dobot機械臂初始化成功
2025-07-23 18:38:45,386 [INFO] 碰撞檢測等級設定為: 3
2025-07-23 18:38:45,386 [INFO] 碰撞檢測等級設置為: 3
2025-07-23 18:38:45,386 [INFO] 系統初始化完成: 5/5 個子系統成功
2025-07-23 18:38:45,387 [INFO] 開始初始化所有子系統
2025-07-23 18:38:45,387 [WARNING] CCD1已經初始化
2025-07-23 18:38:45,387 [WARNING] CCD3已經初始化
2025-07-23 18:38:45,387 [WARNING] VP已經初始化
2025-07-23 18:38:45,388 [WARNING] Gripper已經初始化
2025-07-23 18:38:45,388 [WARNING] Dobot已經初始化
2025-07-23 18:38:45,388 [INFO] 系統初始化完成: 5/5 個子系統成功
2025-07-23 18:38:46,594 [INFO] 機械臂使能成功
2025-07-23 18:38:46,594 [INFO] 機械臂連接並使能成功
2025-07-23 18:38:46,594 [INFO] PGC夾爪快速關閉
2025-07-23 18:38:47,401 [INFO] PGC快速關閉成功，耗時: 0.807秒
2025-07-23 18:38:47,401 [INFO] 夾爪連接並關閉成功
2025-07-23 18:38:47,508 [INFO] CCD1連接並設定模型1成功
2025-07-23 18:38:47,508 [INFO] CCD3連接並初始化成功
2025-07-23 18:38:47,508 [INFO] 載入機械臂點位成功，共9個點位
2025-07-23 18:38:47,508 [INFO] 物件管理器初始化完成
2025-07-23 18:38:47,509 [INFO] 參數設定事件啟動
2025-07-23 18:38:47,613 [INFO] CCD1模型切換到: 1
2025-07-23 18:38:47,614 [INFO] PGC智能釋放到位置: 360
2025-07-23 18:38:47,978 [INFO] PGC智能釋放成功，耗時: 0.364秒
2025-07-23 18:38:47,978 [INFO] 夾爪開度設定為: 360
2025-07-23 18:38:47,979 [INFO] 震動盤參數設定 - 強度:60, 頻率:100
2025-07-23 18:38:47,979 [INFO] 參數設定完成
2025-07-23 18:38:47,979 [INFO] 自動進料事件啟動
2025-07-23 18:38:52,207 [INFO] CCD1檢測成功: {1: 30}
2025-07-23 18:38:52,207 [INFO] 執行CCD1重新檢測獲取座標
2025-07-23 18:38:53,029 [INFO] 像素座標數據獲取成功: 1類
2025-07-23 18:38:53,030 [INFO] 像素座標 - STACK: 29個物件
2025-07-23 18:38:53,030 [ERROR] 世界座標轉換失敗
2025-07-23 18:38:53,030 [WARNING] 使用像素座標作為備用
2025-07-23 18:38:53,030 [INFO] 檢測結果 - DR_F(標籤0):0, STACK(標籤1):30
2025-07-23 18:38:53,031 [INFO] DR_F不足，其他物件總數: 30
2025-07-23 18:38:53,031 [INFO] 其他物件數量≥5，開始震動盤震動
2025-07-23 18:38:54,541 [ERROR] CCD1檢測失敗: YOLO檢測器未載入
2025-07-23 18:38:55,811 [ERROR] CCD1檢測失敗: YOLO檢測器未載入
2025-07-23 18:38:57,078 [ERROR] CCD1檢測失敗: YOLO檢測器未載入
2025-07-23 18:38:58,348 [ERROR] CCD1檢測失敗: YOLO檢測器未載入
2025-07-23 18:38:59,616 [ERROR] CCD1檢測失敗: YOLO檢測器未載入
2025-07-23 18:39:00,886 [ERROR] CCD1檢測失敗: YOLO檢測器未載入
2025-07-23 18:39:02,168 [ERROR] CCD1檢測失敗: YOLO檢測器未載入
2025-07-23 18:39:03,437 [ERROR] CCD1檢測失敗: YOLO檢測器未載入
2025-07-23 18:39:04,715 [ERROR] CCD1檢測失敗: YOLO檢測器未載入
2025-07-23 18:39:17,024 [INFO] 自動化系統啟動
2025-07-23 18:39:17,025 [INFO] 物件管理器啟動 - 開始初始化子系統
2025-07-23 18:39:17,026 [INFO] Robot類別初始化開始
2025-07-23 18:39:17,026 [INFO] 開始初始化所有子系統
2025-07-23 18:39:17,026 [INFO] 正在初始化CCD1視覺系統...
2025-07-23 18:39:17,348 [INFO] 相機管理器初始化完成 - 頻寬控制版
2025-07-23 18:39:17,348 [INFO] 添加相機 ccd1_camera - IP: 192.168.1.8, 頻寬: 200Mbps
2025-07-23 18:39:17,990 [INFO] 開始配置頻寬控制: 200Mbps
2025-07-23 18:39:18,000 [INFO] ✓ 設置包大小: 1500 bytes
2025-07-23 18:39:18,012 [INFO] ✓ 設置包間延遲: 5000 ticks
2025-07-23 18:39:18,012 [INFO] 頻寬計算: 最大FPS=4.13, 實際FPS=4.13
2025-07-23 18:39:18,013 [INFO] ✓ 重傳參數設置成功
2025-07-23 18:39:18,013 [INFO] ✓ GVSP超時設置: 5000ms
2025-07-23 18:39:18,024 [INFO] ○ 設備不支援直接頻寬限制，使用其他方法控制
2025-07-23 18:39:18,025 [INFO] 頻寬控制配置完成
2025-07-23 18:39:18,049 [WARNING] 設置像素格式失敗: 0x80000106
2025-07-23 18:39:18,061 [INFO] ✓ 曝光時間設置: 20000.0μs
2025-07-23 18:39:18,073 [INFO] ✓ 幀率設置: 5.0 FPS
2025-07-23 18:39:18,079 [INFO] ✓ 觸發模式
2025-07-23 18:39:18,079 [INFO] ✓ 緩存節點: 1 (最新幀模式)
2025-07-23 18:39:18,079 [INFO] ✓ 抓取策略: 僅最新幀
2025-07-23 18:39:18,080 [INFO] 相機 ccd1_camera 參數配置完成
2025-07-23 18:39:18,080 [INFO] 相機 ccd1_camera 連接成功 - 頻寬限制: 200Mbps
2025-07-23 18:39:18,104 [INFO] 相機 ccd1_camera 開始串流 - 5.0FPS
2025-07-23 18:39:19,105 [INFO] CCD1視覺系統初始化成功
2025-07-23 18:39:19,105 [INFO] 正在初始化CCD3角度檢測系統...
2025-07-23 18:39:19,732 [INFO] 開始配置頻寬控制: 200Mbps
2025-07-23 18:39:19,745 [INFO] ✓ 設置包大小: 1500 bytes
2025-07-23 18:39:19,753 [INFO] ✓ 設置包間延遲: 5000 ticks
2025-07-23 18:39:19,753 [INFO] 頻寬計算: 最大FPS=4.13, 實際FPS=4.13
2025-07-23 18:39:19,754 [INFO] ✓ 重傳參數設置成功
2025-07-23 18:39:19,755 [INFO] ✓ GVSP超時設置: 5000ms
2025-07-23 18:39:19,758 [INFO] ○ 設備不支援直接頻寬限制，使用其他方法控制
2025-07-23 18:39:19,758 [INFO] 頻寬控制配置完成
2025-07-23 18:39:19,783 [WARNING] 設置像素格式失敗: 0x80000106
2025-07-23 18:39:19,794 [INFO] ✓ 曝光時間設置: 20000.0μs
2025-07-23 18:39:19,803 [INFO] ✓ 幀率設置: 5.0 FPS
2025-07-23 18:39:19,808 [INFO] ✓ 觸發模式
2025-07-23 18:39:19,808 [INFO] ✓ 緩存節點: 1 (最新幀模式)
2025-07-23 18:39:19,809 [INFO] ✓ 抓取策略: 僅最新幀
2025-07-23 18:39:19,809 [INFO] 相機 ccd3_headless_camera 參數配置完成
2025-07-23 18:39:19,809 [INFO] 相機 ccd3_headless_camera 連接成功 - 頻寬限制: 200Mbps
2025-07-23 18:39:19,839 [INFO] 相機 ccd3_headless_camera 開始串流 - 5.0FPS
2025-07-23 18:39:20,044 [INFO] CCD3角度檢測系統初始化成功
2025-07-23 18:39:20,044 [INFO] 正在初始化震動盤系統...
2025-07-23 18:39:20,218 [INFO] 震動盤系統初始化成功
2025-07-23 18:39:20,218 [INFO] 正在初始化夾爪系統...
2025-07-23 18:39:20,219 [INFO] PGC夾爪API初始化 - 直接串口通信模式
2025-07-23 18:39:20,219 [INFO] 正在連接PGC夾爪串口: COM3
2025-07-23 18:39:20,249 [INFO] PGC夾爪串口連接成功: COM3
2025-07-23 18:39:20,249 [INFO] PGC夾爪連接成功
2025-07-23 18:39:20,249 [INFO] 開始自動初始化PGC夾爪
2025-07-23 18:39:20,249 [INFO] 開始初始化PGC夾爪
2025-07-23 18:39:22,233 [INFO] PGC夾爪初始化成功，耗時: 1.983秒
2025-07-23 18:39:22,233 [INFO] PGC夾爪初始化成功
2025-07-23 18:39:22,233 [INFO] 夾爪系統初始化成功
2025-07-23 18:39:22,233 [INFO] 正在初始化Dobot機械臂...
2025-07-23 18:39:22,241 [INFO] Dobot連接成功: 192.168.1.6
2025-07-23 18:39:23,447 [INFO] 機械臂使能成功
2025-07-23 18:39:23,448 [INFO] 機械臂自動使能成功
2025-07-23 18:39:23,448 [INFO] Dobot機械臂初始化成功
2025-07-23 18:39:23,456 [INFO] 碰撞檢測等級設定為: 3
2025-07-23 18:39:23,456 [INFO] 碰撞檢測等級設置為: 3
2025-07-23 18:39:23,457 [INFO] 系統初始化完成: 5/5 個子系統成功
2025-07-23 18:39:23,457 [INFO] 開始初始化所有子系統
2025-07-23 18:39:23,457 [WARNING] CCD1已經初始化
2025-07-23 18:39:23,457 [WARNING] CCD3已經初始化
2025-07-23 18:39:23,457 [WARNING] VP已經初始化
2025-07-23 18:39:23,458 [WARNING] Gripper已經初始化
2025-07-23 18:39:23,458 [WARNING] Dobot已經初始化
2025-07-23 18:39:23,458 [INFO] 系統初始化完成: 5/5 個子系統成功
2025-07-23 18:39:24,668 [INFO] 機械臂使能成功
2025-07-23 18:39:24,669 [INFO] 機械臂連接並使能成功
2025-07-23 18:39:24,669 [INFO] PGC夾爪快速關閉
2025-07-23 18:39:25,494 [INFO] PGC快速關閉成功，耗時: 0.825秒
2025-07-23 18:39:25,494 [INFO] 夾爪連接並關閉成功
2025-07-23 18:39:25,610 [INFO] CCD1連接並設定模型1成功
2025-07-23 18:39:25,611 [INFO] CCD3連接並初始化成功
2025-07-23 18:39:25,611 [INFO] 載入機械臂點位成功，共9個點位
2025-07-23 18:39:25,611 [INFO] 物件管理器初始化完成
2025-07-23 18:39:25,611 [INFO] 收到中斷信號，正在關閉系統
2025-07-23 18:39:25,612 [WARNING] 執行緊急停止
2025-07-23 18:39:25,612 [WARNING] 機械臂緊急停止
2025-07-23 18:39:25,760 [INFO] 停止PGC夾爪動作
2025-07-23 18:39:25,782 [WARNING] 緊急停止完成: 3 個系統成功停止
2025-07-23 18:39:25,782 [INFO] 開始斷開所有系統連接
2025-07-23 18:39:25,782 [INFO] 開始關閉相機管理器...
2025-07-23 18:39:25,811 [INFO] 相機 ccd1_camera 停止串流
2025-07-23 18:39:25,907 [INFO] 相機 ccd1_camera 已斷開
2025-07-23 18:39:26,137 [INFO] 相機管理器已關閉
2025-07-23 18:39:26,422 [INFO] CCD1視覺系統已關閉
2025-07-23 18:39:26,423 [WARNING] 停止串流警告: 0x80000000
2025-07-23 18:39:26,423 [INFO] 相機 ccd3_headless_camera 停止串流
2025-07-23 18:39:26,423 [INFO] 相機 ccd3_headless_camera 已斷開
2025-07-23 18:39:26,460 [INFO] CCD3角度檢測系統已關閉
2025-07-23 18:39:26,461 [INFO] 震動盤系統已關閉
2025-07-23 18:39:26,573 [INFO] PGC夾爪串口連接已斷開
2025-07-23 18:39:26,573 [INFO] 夾爪系統已關閉
2025-07-23 18:39:26,574 [INFO] 機械臂下使能成功
2025-07-23 18:39:26,574 [INFO] Dobot連接已斷開
2025-07-23 18:39:26,574 [INFO] Dobot機械臂已關閉
2025-07-23 18:39:26,574 [INFO] 所有系統連接已斷開
2025-07-23 18:39:26,575 [INFO] 系統已安全關閉
2025-07-23 18:39:55,835 [INFO] 自動化系統啟動
2025-07-23 18:39:55,836 [INFO] 按 Ctrl+C 可安全停止系統
2025-07-23 18:39:55,836 [INFO] 物件管理器啟動 - 開始初始化子系統
2025-07-23 18:39:55,837 [INFO] Robot類別初始化開始
2025-07-23 18:39:55,837 [INFO] 開始初始化所有子系統
2025-07-23 18:39:55,837 [INFO] 正在初始化CCD1視覺系統...
2025-07-23 18:39:56,169 [INFO] 相機管理器初始化完成 - 頻寬控制版
2025-07-23 18:39:56,169 [INFO] 添加相機 ccd1_camera - IP: 192.168.1.8, 頻寬: 200Mbps
2025-07-23 18:39:56,799 [INFO] 開始配置頻寬控制: 200Mbps
2025-07-23 18:39:56,809 [INFO] ✓ 設置包大小: 1500 bytes
2025-07-23 18:39:56,817 [INFO] ✓ 設置包間延遲: 5000 ticks
2025-07-23 18:39:56,817 [INFO] 頻寬計算: 最大FPS=4.13, 實際FPS=4.13
2025-07-23 18:39:56,818 [INFO] ✓ 重傳參數設置成功
2025-07-23 18:39:56,818 [INFO] ✓ GVSP超時設置: 5000ms
2025-07-23 18:39:56,822 [INFO] ○ 設備不支援直接頻寬限制，使用其他方法控制
2025-07-23 18:39:56,822 [INFO] 頻寬控制配置完成
2025-07-23 18:39:56,842 [WARNING] 設置像素格式失敗: 0x80000106
2025-07-23 18:39:56,857 [INFO] ✓ 曝光時間設置: 20000.0μs
2025-07-23 18:39:56,868 [INFO] ✓ 幀率設置: 5.0 FPS
2025-07-23 18:39:56,873 [INFO] ✓ 觸發模式
2025-07-23 18:39:56,874 [INFO] ✓ 緩存節點: 1 (最新幀模式)
2025-07-23 18:39:56,874 [INFO] ✓ 抓取策略: 僅最新幀
2025-07-23 18:39:56,874 [INFO] 相機 ccd1_camera 參數配置完成
2025-07-23 18:39:56,874 [INFO] 相機 ccd1_camera 連接成功 - 頻寬限制: 200Mbps
2025-07-23 18:39:56,905 [INFO] 相機 ccd1_camera 開始串流 - 5.0FPS
2025-07-23 18:39:57,907 [INFO] CCD1視覺系統初始化成功
2025-07-23 18:39:57,907 [INFO] 正在初始化CCD3角度檢測系統...
2025-07-23 18:39:58,546 [INFO] 開始配置頻寬控制: 200Mbps
2025-07-23 18:39:58,556 [INFO] ✓ 設置包大小: 1500 bytes
2025-07-23 18:39:58,564 [INFO] ✓ 設置包間延遲: 5000 ticks
2025-07-23 18:39:58,564 [INFO] 頻寬計算: 最大FPS=4.13, 實際FPS=4.13
2025-07-23 18:39:58,565 [INFO] ✓ 重傳參數設置成功
2025-07-23 18:39:58,566 [INFO] ✓ GVSP超時設置: 5000ms
2025-07-23 18:39:58,569 [INFO] ○ 設備不支援直接頻寬限制，使用其他方法控制
2025-07-23 18:39:58,569 [INFO] 頻寬控制配置完成
2025-07-23 18:39:58,592 [WARNING] 設置像素格式失敗: 0x80000106
2025-07-23 18:39:58,605 [INFO] ✓ 曝光時間設置: 20000.0μs
2025-07-23 18:39:58,616 [INFO] ✓ 幀率設置: 5.0 FPS
2025-07-23 18:39:58,621 [INFO] ✓ 觸發模式
2025-07-23 18:39:58,622 [INFO] ✓ 緩存節點: 1 (最新幀模式)
2025-07-23 18:39:58,622 [INFO] ✓ 抓取策略: 僅最新幀
2025-07-23 18:39:58,622 [INFO] 相機 ccd3_headless_camera 參數配置完成
2025-07-23 18:39:58,622 [INFO] 相機 ccd3_headless_camera 連接成功 - 頻寬限制: 200Mbps
2025-07-23 18:39:58,653 [INFO] 相機 ccd3_headless_camera 開始串流 - 5.0FPS
2025-07-23 18:39:58,859 [INFO] CCD3角度檢測系統初始化成功
2025-07-23 18:39:58,859 [INFO] 正在初始化震動盤系統...
2025-07-23 18:39:59,011 [INFO] 震動盤系統初始化成功
2025-07-23 18:39:59,011 [INFO] 正在初始化夾爪系統...
2025-07-23 18:39:59,012 [INFO] PGC夾爪API初始化 - 直接串口通信模式
2025-07-23 18:39:59,012 [INFO] 正在連接PGC夾爪串口: COM3
2025-07-23 18:39:59,046 [INFO] PGC夾爪串口連接成功: COM3
2025-07-23 18:39:59,046 [INFO] PGC夾爪連接成功
2025-07-23 18:39:59,046 [INFO] 開始自動初始化PGC夾爪
2025-07-23 18:39:59,046 [INFO] 開始初始化PGC夾爪
2025-07-23 18:40:01,765 [INFO] PGC夾爪初始化成功，耗時: 2.718秒
2025-07-23 18:40:01,765 [INFO] PGC夾爪初始化成功
2025-07-23 18:40:01,765 [INFO] 夾爪系統初始化成功
2025-07-23 18:40:01,765 [INFO] 正在初始化Dobot機械臂...
2025-07-23 18:40:01,838 [INFO] Dobot連接成功: 192.168.1.6
2025-07-23 18:40:03,046 [INFO] 機械臂使能成功
2025-07-23 18:40:03,046 [INFO] 機械臂自動使能成功
2025-07-23 18:40:03,046 [INFO] Dobot機械臂初始化成功
2025-07-23 18:40:03,050 [INFO] 碰撞檢測等級設定為: 3
2025-07-23 18:40:03,050 [INFO] 碰撞檢測等級設置為: 3
2025-07-23 18:40:03,051 [INFO] 系統初始化完成: 5/5 個子系統成功
2025-07-23 18:40:03,051 [INFO] 開始初始化所有子系統
2025-07-23 18:40:03,051 [WARNING] CCD1已經初始化
2025-07-23 18:40:03,051 [WARNING] CCD3已經初始化
2025-07-23 18:40:03,051 [WARNING] VP已經初始化
2025-07-23 18:40:03,052 [WARNING] Gripper已經初始化
2025-07-23 18:40:03,052 [WARNING] Dobot已經初始化
2025-07-23 18:40:03,052 [INFO] 系統初始化完成: 5/5 個子系統成功
2025-07-23 18:40:04,258 [INFO] 機械臂使能成功
2025-07-23 18:40:04,259 [INFO] 機械臂連接並使能成功
2025-07-23 18:40:04,259 [INFO] PGC夾爪快速關閉
2025-07-23 18:40:05,076 [INFO] PGC快速關閉成功，耗時: 0.816秒
2025-07-23 18:40:05,076 [INFO] 夾爪連接並關閉成功
2025-07-23 18:40:05,076 [INFO] CCD1連接成功（已自動載入模型1）
2025-07-23 18:40:05,076 [INFO] CCD3連接並初始化成功
2025-07-23 18:40:05,077 [INFO] 載入機械臂點位成功，共9個點位
2025-07-23 18:40:05,077 [INFO] 物件管理器初始化完成
2025-07-23 18:40:05,077 [INFO] 參數設定事件啟動
2025-07-23 18:40:05,078 [INFO] CCD1使用預設模型: 1
2025-07-23 18:40:05,078 [INFO] PGC智能釋放到位置: 360
2025-07-23 18:40:05,103 [INFO] PGC智能釋放成功，耗時: 0.025秒
2025-07-23 18:40:05,103 [INFO] 夾爪開度設定為: 360
2025-07-23 18:40:05,104 [INFO] 震動盤參數設定 - 擴散強度:107, 擴散頻率:87
2025-07-23 18:40:05,105 [INFO] 參數設定完成
2025-07-23 18:40:05,105 [INFO] 自動進料事件啟動
2025-07-23 18:40:09,471 [INFO] CCD1檢測成功: {1: 32}
2025-07-23 18:40:09,471 [INFO] 執行CCD1重新檢測獲取座標
2025-07-23 18:40:10,275 [INFO] 像素座標數據獲取成功: 1類
2025-07-23 18:40:10,275 [INFO] 像素座標 - STACK: 32個物件
2025-07-23 18:40:10,276 [ERROR] 世界座標轉換失敗
2025-07-23 18:40:10,276 [WARNING] 使用像素座標作為備用
2025-07-23 18:40:10,276 [INFO] 檢測結果 - DR_F(標籤0):0, STACK(標籤1):32
2025-07-23 18:40:10,276 [INFO] DR_F不足，其他物件總數: 32
2025-07-23 18:40:10,276 [INFO] 其他物件數量≥5，開始震動盤震動
2025-07-23 18:40:11,802 [ERROR] CCD1檢測失敗: YOLO檢測器未載入
2025-07-23 18:40:13,070 [ERROR] CCD1檢測失敗: YOLO檢測器未載入
2025-07-23 18:40:14,337 [ERROR] CCD1檢測失敗: YOLO檢測器未載入
2025-07-23 18:40:15,605 [ERROR] CCD1檢測失敗: YOLO檢測器未載入
2025-07-23 18:40:16,872 [ERROR] CCD1檢測失敗: YOLO檢測器未載入
2025-07-23 18:40:18,141 [ERROR] CCD1檢測失敗: YOLO檢測器未載入
2025-07-23 18:40:19,414 [ERROR] CCD1檢測失敗: YOLO檢測器未載入
2025-07-23 18:40:20,684 [ERROR] CCD1檢測失敗: YOLO檢測器未載入
2025-07-23 18:40:21,951 [ERROR] CCD1檢測失敗: YOLO檢測器未載入
2025-07-23 18:40:23,218 [ERROR] CCD1檢測失敗: YOLO檢測器未載入
2025-07-23 18:40:23,219 [WARNING] 震動10次後仍無DR_F物件
2025-07-23 18:40:23,721 [INFO] 震動進料完成，重新檢測 - 第1次嘗試
2025-07-23 18:40:24,489 [ERROR] CCD1檢測失敗: YOLO檢測器未載入
2025-07-23 18:40:24,489 [ERROR] CCD1檢測失敗
2025-07-23 18:40:24,489 [ERROR] 連續10次檢測無標籤0物件，程序結束
2025-07-23 18:40:24,490 [INFO] 收到用戶中斷信號，開始安全停止流程
2025-07-23 18:40:24,490 [INFO] 正在停止機械臂運動...
2025-07-23 18:40:24,503 [INFO] 運動同步完成
2025-07-23 18:40:25,533 [INFO] 收到用戶中斷信號，開始安全停止流程
2025-07-23 18:40:25,533 [INFO] 正在停止機械臂運動...
2025-07-23 18:40:25,547 [INFO] 運動同步完成
2025-07-23 18:41:09,599 [INFO] 自動化系統啟動
2025-07-23 18:41:09,599 [INFO] 物件管理器啟動 - 開始初始化子系統
2025-07-23 18:41:09,600 [INFO] Robot類別初始化開始
2025-07-23 18:41:09,600 [INFO] 開始初始化所有子系統
2025-07-23 18:41:09,600 [INFO] 正在初始化CCD1視覺系統...
2025-07-23 18:41:09,938 [INFO] 相機管理器初始化完成 - 頻寬控制版
2025-07-23 18:41:09,938 [INFO] 添加相機 ccd1_camera - IP: 192.168.1.8, 頻寬: 200Mbps
2025-07-23 18:41:10,574 [INFO] 開始配置頻寬控制: 200Mbps
2025-07-23 18:41:10,584 [INFO] ✓ 設置包大小: 1500 bytes
2025-07-23 18:41:10,596 [INFO] ✓ 設置包間延遲: 5000 ticks
2025-07-23 18:41:10,596 [INFO] 頻寬計算: 最大FPS=4.13, 實際FPS=4.13
2025-07-23 18:41:10,596 [INFO] ✓ 重傳參數設置成功
2025-07-23 18:41:10,597 [INFO] ✓ GVSP超時設置: 5000ms
2025-07-23 18:41:10,600 [INFO] ○ 設備不支援直接頻寬限制，使用其他方法控制
2025-07-23 18:41:10,600 [INFO] 頻寬控制配置完成
2025-07-23 18:41:10,623 [WARNING] 設置像素格式失敗: 0x80000106
2025-07-23 18:41:10,640 [INFO] ✓ 曝光時間設置: 20000.0μs
2025-07-23 18:41:10,651 [INFO] ✓ 幀率設置: 5.0 FPS
2025-07-23 18:41:10,656 [INFO] ✓ 觸發模式
2025-07-23 18:41:10,656 [INFO] ✓ 緩存節點: 1 (最新幀模式)
2025-07-23 18:41:10,657 [INFO] ✓ 抓取策略: 僅最新幀
2025-07-23 18:41:10,657 [INFO] 相機 ccd1_camera 參數配置完成
2025-07-23 18:41:10,657 [INFO] 相機 ccd1_camera 連接成功 - 頻寬限制: 200Mbps
2025-07-23 18:41:10,688 [INFO] 相機 ccd1_camera 開始串流 - 5.0FPS
2025-07-23 18:41:11,689 [INFO] CCD1視覺系統初始化成功
2025-07-23 18:41:11,689 [INFO] 正在初始化CCD3角度檢測系統...
2025-07-23 18:41:12,310 [INFO] 開始配置頻寬控制: 200Mbps
2025-07-23 18:41:12,316 [INFO] ✓ 設置包大小: 1500 bytes
2025-07-23 18:41:12,324 [INFO] ✓ 設置包間延遲: 5000 ticks
2025-07-23 18:41:12,324 [INFO] 頻寬計算: 最大FPS=4.13, 實際FPS=4.13
2025-07-23 18:41:12,325 [INFO] ✓ 重傳參數設置成功
2025-07-23 18:41:12,326 [INFO] ✓ GVSP超時設置: 5000ms
2025-07-23 18:41:12,329 [INFO] ○ 設備不支援直接頻寬限制，使用其他方法控制
2025-07-23 18:41:12,329 [INFO] 頻寬控制配置完成
2025-07-23 18:41:12,352 [WARNING] 設置像素格式失敗: 0x80000106
2025-07-23 18:41:12,367 [INFO] ✓ 曝光時間設置: 20000.0μs
2025-07-23 18:41:12,383 [INFO] ✓ 幀率設置: 5.0 FPS
2025-07-23 18:41:12,388 [INFO] ✓ 觸發模式
2025-07-23 18:41:12,389 [INFO] ✓ 緩存節點: 1 (最新幀模式)
2025-07-23 18:41:12,389 [INFO] ✓ 抓取策略: 僅最新幀
2025-07-23 18:41:12,389 [INFO] 相機 ccd3_headless_camera 參數配置完成
2025-07-23 18:41:12,390 [INFO] 相機 ccd3_headless_camera 連接成功 - 頻寬限制: 200Mbps
2025-07-23 18:41:12,414 [INFO] 相機 ccd3_headless_camera 開始串流 - 5.0FPS
2025-07-23 18:41:12,637 [INFO] CCD3角度檢測系統初始化成功
2025-07-23 18:41:12,637 [INFO] 正在初始化震動盤系統...
2025-07-23 18:41:12,786 [INFO] 震動盤系統初始化成功
2025-07-23 18:41:12,787 [INFO] 正在初始化夾爪系統...
2025-07-23 18:41:12,787 [INFO] PGC夾爪API初始化 - 直接串口通信模式
2025-07-23 18:41:12,788 [INFO] 正在連接PGC夾爪串口: COM3
2025-07-23 18:41:12,819 [INFO] PGC夾爪串口連接成功: COM3
2025-07-23 18:41:12,819 [INFO] PGC夾爪連接成功
2025-07-23 18:41:12,820 [INFO] 開始自動初始化PGC夾爪
2025-07-23 18:41:12,820 [INFO] 開始初始化PGC夾爪
2025-07-23 18:41:14,737 [INFO] PGC夾爪初始化成功，耗時: 1.917秒
2025-07-23 18:41:14,737 [INFO] PGC夾爪初始化成功
2025-07-23 18:41:14,737 [INFO] 夾爪系統初始化成功
2025-07-23 18:41:14,738 [INFO] 正在初始化Dobot機械臂...
2025-07-23 18:41:14,760 [INFO] Dobot連接成功: 192.168.1.6
2025-07-23 18:41:15,971 [INFO] 機械臂使能成功
2025-07-23 18:41:15,971 [INFO] 機械臂自動使能成功
2025-07-23 18:41:15,971 [INFO] Dobot機械臂初始化成功
2025-07-23 18:41:15,979 [INFO] 碰撞檢測等級設定為: 3
2025-07-23 18:41:15,979 [INFO] 碰撞檢測等級設置為: 3
2025-07-23 18:41:15,979 [INFO] 系統初始化完成: 5/5 個子系統成功
2025-07-23 18:41:15,980 [INFO] 開始初始化所有子系統
2025-07-23 18:41:15,980 [WARNING] CCD1已經初始化
2025-07-23 18:41:15,980 [WARNING] CCD3已經初始化
2025-07-23 18:41:15,980 [WARNING] VP已經初始化
2025-07-23 18:41:15,980 [WARNING] Gripper已經初始化
2025-07-23 18:41:15,980 [WARNING] Dobot已經初始化
2025-07-23 18:41:15,980 [INFO] 系統初始化完成: 5/5 個子系統成功
2025-07-23 18:41:17,187 [INFO] 機械臂使能成功
2025-07-23 18:41:17,187 [INFO] 機械臂連接並使能成功
2025-07-23 18:41:17,187 [INFO] PGC夾爪快速關閉
2025-07-23 18:41:18,016 [INFO] PGC快速關閉成功，耗時: 0.829秒
2025-07-23 18:41:18,016 [INFO] 夾爪連接並關閉成功
2025-07-23 18:41:18,016 [INFO] CCD1連接成功（已自動載入模型1）
2025-07-23 18:41:18,016 [INFO] CCD3連接並初始化成功
2025-07-23 18:41:18,017 [INFO] 載入機械臂點位成功，共9個點位
2025-07-23 18:41:18,017 [INFO] 物件管理器初始化完成
2025-07-23 18:41:18,017 [INFO] 參數設定事件啟動
2025-07-23 18:41:18,017 [INFO] CCD1使用預設模型: 1
2025-07-23 18:41:18,017 [INFO] PGC智能釋放到位置: 360
2025-07-23 18:41:18,043 [INFO] PGC智能釋放成功，耗時: 0.025秒
2025-07-23 18:41:18,043 [INFO] 夾爪開度設定為: 360
2025-07-23 18:41:18,045 [INFO] 震動盤參數設定 - 擴散強度:107, 擴散頻率:87
2025-07-23 18:41:18,045 [INFO] 參數設定完成
2025-07-23 18:41:18,045 [INFO] 自動進料事件啟動
2025-07-23 18:41:22,314 [INFO] CCD1檢測成功: {0: 11, 1: 20}
2025-07-23 18:41:22,314 [INFO] 執行CCD1重新檢測獲取座標
2025-07-23 18:41:23,128 [INFO] 像素座標數據獲取成功: 2類
2025-07-23 18:41:23,129 [INFO] 像素座標 - DR_F: 11個物件
2025-07-23 18:41:23,129 [INFO] 像素座標 - STACK: 20個物件
2025-07-23 18:41:23,129 [ERROR] 世界座標轉換失敗
2025-07-23 18:41:23,129 [WARNING] 使用像素座標作為備用
2025-07-23 18:41:23,129 [INFO] 檢測結果 - DR_F(標籤0):11, STACK(標籤1):20
2025-07-23 18:41:23,130 [INFO] 物料準備完成 - DR_F數量:11, 實際座標:11個
2025-07-23 18:41:23,130 [INFO] 機械臂上料事件啟動(Flow1流程)
2025-07-23 18:41:23,130 [INFO] 處理第1個物件，座標:(1134.91, 293.57)
2025-07-23 18:41:23,135 [INFO] 切換到左手手勢
2025-07-23 18:41:23,309 [INFO] 運動同步完成
2025-07-23 18:41:23,309 [INFO] 移動到standby完成
2025-07-23 18:41:24,120 [INFO] 運動同步完成
2025-07-23 18:41:24,120 [INFO] 移動到VP_TOPSIDE完成
2025-07-23 18:41:24,141 [INFO] 運動同步完成
2025-07-23 18:41:24,141 [INFO] 移動到檢測位置上方完成
2025-07-23 18:41:24,217 [INFO] 運動同步完成
2025-07-23 18:41:24,217 [INFO] 移動到夾取位置完成
2025-07-23 18:41:24,217 [INFO] PGC智能釋放到位置: 360
2025-07-23 18:41:24,252 [INFO] PGC智能釋放成功，耗時: 0.035秒
2025-07-23 18:41:24,553 [INFO] 夾爪撐開完成
2025-07-23 18:42:57,992 [INFO] 運動同步完成
2025-07-23 18:42:57,992 [INFO] 返回VP_TOPSIDE完成
2025-07-23 18:42:57,993 [INFO] 運動同步完成
2025-07-23 18:42:57,993 [INFO] 返回standby完成
2025-07-23 18:42:57,993 [INFO] 運動同步完成
2025-07-23 18:42:57,994 [INFO] 移動到Rotate_top完成
2025-07-23 18:42:57,994 [INFO] 運動同步完成
2025-07-23 18:42:57,994 [INFO] 移動到Rotate_down完成
2025-07-23 18:42:57,994 [INFO] PGC夾爪快速關閉
2025-07-23 18:42:58,353 [INFO] PGC快速關閉成功，耗時: 0.359秒
2025-07-23 18:42:58,654 [INFO] 夾爪關閉完成
2025-07-23 18:42:58,654 [INFO] 運動同步完成
2025-07-23 18:42:58,655 [INFO] 返回Rotate_top完成
2025-07-23 18:42:58,655 [INFO] 運動同步完成
2025-07-23 18:42:58,655 [INFO] 返回standby完成
2025-07-23 18:42:58,880 [INFO] CCD3角度檢測成功 - 檢測角度:90.00°, 指令角度:135.00°
2025-07-23 18:42:58,881 [INFO] 運動同步完成
2025-07-23 18:42:58,881 [INFO] 運動同步完成
2025-07-23 18:42:58,881 [INFO] PGC智能釋放到位置: 360
2025-07-23 18:42:59,249 [INFO] PGC智能釋放成功，耗時: 0.368秒
2025-07-23 18:42:59,550 [INFO] 運動同步完成
2025-07-23 18:42:59,551 [INFO] 運動同步完成
2025-07-23 18:42:59,551 [INFO] 移動到put_asm_top完成
2025-07-23 18:42:59,551 [INFO] Flow1流程完成，執行次數: 1
2025-07-23 18:42:59,551 [INFO] 收到中斷信號，正在關閉系統
2025-07-23 18:42:59,551 [WARNING] 執行緊急停止
2025-07-23 18:42:59,551 [WARNING] 機械臂緊急停止
2025-07-23 18:42:59,731 [INFO] 停止PGC夾爪動作
2025-07-23 18:42:59,744 [WARNING] 緊急停止完成: 3 個系統成功停止
2025-07-23 18:42:59,744 [INFO] 開始斷開所有系統連接
2025-07-23 18:42:59,744 [INFO] 開始關閉相機管理器...
2025-07-23 18:42:59,769 [INFO] 相機 ccd1_camera 停止串流
2025-07-23 18:42:59,908 [INFO] 相機 ccd1_camera 已斷開
2025-07-23 18:43:00,228 [INFO] 相機管理器已關閉
2025-07-23 18:43:00,779 [INFO] CCD1視覺系統已關閉
2025-07-23 18:43:00,780 [WARNING] 停止串流警告: 0x80000000
2025-07-23 18:43:00,780 [INFO] 相機 ccd3_headless_camera 停止串流
2025-07-23 18:43:00,780 [INFO] 相機 ccd3_headless_camera 已斷開
2025-07-23 18:43:00,851 [INFO] CCD3角度檢測系統已關閉
2025-07-23 18:43:00,853 [INFO] 震動盤系統已關閉
2025-07-23 18:43:00,967 [INFO] PGC夾爪串口連接已斷開
2025-07-23 18:43:00,967 [INFO] 夾爪系統已關閉
2025-07-23 18:43:00,967 [ERROR] 機械臂下使能失敗: 
2025-07-23 18:43:00,968 [INFO] Dobot連接已斷開
2025-07-23 18:43:00,968 [INFO] Dobot機械臂已關閉
2025-07-23 18:43:00,968 [INFO] 所有系統連接已斷開
2025-07-23 18:43:00,969 [INFO] 系統已安全關閉
2025-07-23 19:43:02,495 [INFO] 自動化系統啟動
2025-07-23 19:43:02,495 [INFO] 物件管理器啟動 - 開始初始化子系統
2025-07-23 19:43:02,496 [INFO] Robot類別初始化開始
2025-07-23 19:43:02,496 [INFO] 開始初始化所有子系統
2025-07-23 19:43:02,497 [INFO] 正在初始化CCD1視覺系統...
2025-07-23 19:43:02,783 [INFO] 相機管理器初始化完成 - 頻寬控制版
2025-07-23 19:43:02,784 [INFO] 添加相機 ccd1_camera - IP: 192.168.1.8, 頻寬: 200Mbps
2025-07-23 19:43:03,409 [INFO] 開始配置頻寬控制: 200Mbps
2025-07-23 19:43:03,419 [INFO] ✓ 設置包大小: 1500 bytes
2025-07-23 19:43:03,427 [INFO] ✓ 設置包間延遲: 5000 ticks
2025-07-23 19:43:03,427 [INFO] 頻寬計算: 最大FPS=4.13, 實際FPS=4.13
2025-07-23 19:43:03,428 [INFO] ✓ 重傳參數設置成功
2025-07-23 19:43:03,429 [INFO] ✓ GVSP超時設置: 5000ms
2025-07-23 19:43:03,432 [INFO] ○ 設備不支援直接頻寬限制，使用其他方法控制
2025-07-23 19:43:03,432 [INFO] 頻寬控制配置完成
2025-07-23 19:43:03,452 [WARNING] 設置像素格式失敗: 0x80000106
2025-07-23 19:43:03,465 [INFO] ✓ 曝光時間設置: 20000.0μs
2025-07-23 19:43:03,477 [INFO] ✓ 幀率設置: 5.0 FPS
2025-07-23 19:43:03,483 [INFO] ✓ 觸發模式
2025-07-23 19:43:03,483 [INFO] ✓ 緩存節點: 1 (最新幀模式)
2025-07-23 19:43:03,483 [INFO] ✓ 抓取策略: 僅最新幀
2025-07-23 19:43:03,483 [INFO] 相機 ccd1_camera 參數配置完成
2025-07-23 19:43:03,484 [INFO] 相機 ccd1_camera 連接成功 - 頻寬限制: 200Mbps
2025-07-23 19:43:03,514 [INFO] 相機 ccd1_camera 開始串流 - 5.0FPS
2025-07-23 19:43:04,516 [INFO] CCD1視覺系統初始化成功
2025-07-23 19:43:04,516 [INFO] 正在初始化CCD3角度檢測系統...
2025-07-23 19:43:05,146 [INFO] 開始配置頻寬控制: 200Mbps
2025-07-23 19:43:05,156 [INFO] ✓ 設置包大小: 1500 bytes
2025-07-23 19:43:05,164 [INFO] ✓ 設置包間延遲: 5000 ticks
2025-07-23 19:43:05,165 [INFO] 頻寬計算: 最大FPS=4.13, 實際FPS=4.13
2025-07-23 19:43:05,165 [INFO] ✓ 重傳參數設置成功
2025-07-23 19:43:05,166 [INFO] ✓ GVSP超時設置: 5000ms
2025-07-23 19:43:05,169 [INFO] ○ 設備不支援直接頻寬限制，使用其他方法控制
2025-07-23 19:43:05,170 [INFO] 頻寬控制配置完成
2025-07-23 19:43:05,192 [WARNING] 設置像素格式失敗: 0x80000106
2025-07-23 19:43:05,205 [INFO] ✓ 曝光時間設置: 20000.0μs
2025-07-23 19:43:05,217 [INFO] ✓ 幀率設置: 5.0 FPS
2025-07-23 19:43:05,222 [INFO] ✓ 觸發模式
2025-07-23 19:43:05,223 [INFO] ✓ 緩存節點: 1 (最新幀模式)
2025-07-23 19:43:05,223 [INFO] ✓ 抓取策略: 僅最新幀
2025-07-23 19:43:05,224 [INFO] 相機 ccd3_headless_camera 參數配置完成
2025-07-23 19:43:05,224 [INFO] 相機 ccd3_headless_camera 連接成功 - 頻寬限制: 200Mbps
2025-07-23 19:43:05,250 [INFO] 相機 ccd3_headless_camera 開始串流 - 5.0FPS
2025-07-23 19:43:05,456 [INFO] CCD3角度檢測系統初始化成功
2025-07-23 19:43:05,456 [INFO] 正在初始化震動盤系統...
2025-07-23 19:43:05,605 [INFO] 震動盤系統初始化成功
2025-07-23 19:43:05,605 [INFO] 正在初始化夾爪系統...
2025-07-23 19:43:05,606 [INFO] PGC夾爪API初始化 - 直接串口通信模式
2025-07-23 19:43:05,606 [INFO] 正在連接PGC夾爪串口: COM3
2025-07-23 19:43:05,640 [INFO] PGC夾爪串口連接成功: COM3
2025-07-23 19:43:05,640 [INFO] PGC夾爪連接成功
2025-07-23 19:43:05,640 [INFO] 開始自動初始化PGC夾爪
2025-07-23 19:43:05,641 [INFO] 開始初始化PGC夾爪
2025-07-23 19:43:07,624 [INFO] PGC夾爪初始化成功，耗時: 1.983秒
2025-07-23 19:43:07,624 [INFO] PGC夾爪初始化成功
2025-07-23 19:43:07,624 [INFO] 夾爪系統初始化成功
2025-07-23 19:43:07,624 [INFO] 正在初始化Dobot機械臂...
2025-07-23 19:43:07,659 [INFO] Dobot連接成功: 192.168.1.6
2025-07-23 19:43:08,894 [INFO] 機械臂使能成功
2025-07-23 19:43:08,894 [INFO] 機械臂自動使能成功
2025-07-23 19:43:08,894 [INFO] Dobot機械臂初始化成功
2025-07-23 19:43:08,902 [INFO] 碰撞檢測等級設定為: 3
2025-07-23 19:43:08,902 [INFO] 碰撞檢測等級設置為: 3
2025-07-23 19:43:08,902 [INFO] 系統初始化完成: 5/5 個子系統成功
2025-07-23 19:43:08,902 [INFO] 開始初始化所有子系統
2025-07-23 19:43:08,903 [INFO] 正在初始化CCD1視覺系統...
2025-07-23 19:43:08,935 [INFO] 相機管理器初始化完成 - 頻寬控制版
2025-07-23 19:43:08,936 [INFO] 添加相機 ccd1_camera - IP: 192.168.1.8, 頻寬: 200Mbps
2025-07-23 19:43:09,275 [ERROR] 相機 ccd1_camera 連接失敗: 打開設備失敗: 0x80000203
2025-07-23 19:43:09,276 [INFO] CCD1視覺系統初始化成功
2025-07-23 19:43:09,276 [WARNING] CCD3已經初始化
2025-07-23 19:43:09,276 [WARNING] VP已經初始化
2025-07-23 19:43:09,277 [WARNING] Gripper已經初始化
2025-07-23 19:43:09,277 [WARNING] Dobot已經初始化
2025-07-23 19:43:09,277 [INFO] 系統初始化完成: 5/5 個子系統成功
2025-07-23 19:43:10,492 [INFO] 機械臂使能成功
2025-07-23 19:43:10,492 [INFO] 機械臂連接並使能成功
2025-07-23 19:43:10,492 [INFO] PGC夾爪快速關閉
2025-07-23 19:43:11,301 [INFO] PGC快速關閉成功，耗時: 0.810秒
2025-07-23 19:43:11,301 [INFO] 夾爪連接並關閉成功
2025-07-23 19:43:11,301 [INFO] CCD1連接成功（已自動載入模型1）
2025-07-23 19:43:11,301 [INFO] CCD3連接並初始化成功
2025-07-23 19:43:11,301 [INFO] 載入機械臂點位成功，共9個點位
2025-07-23 19:43:11,302 [INFO] 物件管理器初始化完成
2025-07-23 19:43:11,302 [INFO] 參數設定事件啟動
2025-07-23 19:43:11,302 [INFO] CCD1使用預設模型: 1
2025-07-23 19:43:11,302 [INFO] PGC智能釋放到位置: 360
2025-07-23 19:43:11,328 [INFO] PGC智能釋放成功，耗時: 0.026秒
2025-07-23 19:43:11,328 [INFO] 夾爪開度設定為: 360
2025-07-23 19:43:11,329 [INFO] 震動盤參數設定 - 擴散強度:107, 擴散頻率:87
2025-07-23 19:43:11,329 [INFO] 參數設定完成
2025-07-23 19:43:11,329 [INFO] 自動進料事件啟動
2025-07-23 19:43:11,330 [ERROR] CCD1檢測失敗: 圖像捕獲失敗
2025-07-23 19:43:11,330 [ERROR] CCD1檢測失敗
2025-07-23 19:43:11,330 [ERROR] 連續10次檢測無標籤0物件，程序結束
2025-07-23 19:43:11,330 [INFO] 系統停止 - 原物料不足
2025-07-23 19:43:11,330 [WARNING] 執行緊急停止
2025-07-23 19:43:11,331 [WARNING] 機械臂緊急停止
2025-07-23 19:43:11,579 [INFO] 停止PGC夾爪動作
2025-07-23 19:43:11,590 [WARNING] 緊急停止完成: 3 個系統成功停止
2025-07-23 19:43:11,590 [INFO] 開始斷開所有系統連接
2025-07-23 19:43:11,591 [INFO] 開始關閉相機管理器...
2025-07-23 19:43:11,591 [INFO] 相機 ccd1_camera 已斷開
2025-07-23 19:43:11,991 [INFO] 相機管理器已關閉
2025-07-23 19:43:12,065 [INFO] CCD1視覺系統已關閉
2025-07-23 19:43:12,066 [WARNING] 停止串流警告: 0x80000000
2025-07-23 19:43:12,066 [INFO] 相機 ccd3_headless_camera 停止串流
2025-07-23 19:43:12,066 [INFO] 相機 ccd3_headless_camera 已斷開
2025-07-23 19:43:12,103 [INFO] CCD3角度檢測系統已關閉
2025-07-23 19:43:12,104 [INFO] 震動盤系統已關閉
2025-07-23 19:43:12,221 [INFO] PGC夾爪串口連接已斷開
2025-07-23 19:43:12,221 [INFO] 夾爪系統已關閉
2025-07-23 19:43:12,222 [INFO] 機械臂下使能成功
2025-07-23 19:43:12,222 [INFO] Dobot連接已斷開
2025-07-23 19:43:12,222 [INFO] Dobot機械臂已關閉
2025-07-23 19:43:12,223 [INFO] 所有系統連接已斷開
2025-07-23 19:43:12,223 [INFO] 系統已安全關閉
2025-07-23 19:46:41,644 [INFO] 自動化系統啟動
2025-07-23 19:46:41,644 [INFO] 物件管理器啟動 - 開始初始化子系統
2025-07-23 19:52:13,589 [INFO] 自動化系統啟動
2025-07-23 19:52:13,589 [INFO] === 階段1: 初始化物件管理器 ===
2025-07-23 19:52:13,589 [INFO] 物件管理器啟動 - 開始初始化子系統
2025-07-23 19:52:13,590 [INFO] Robot類別初始化開始
2025-07-23 19:52:13,590 [INFO] 正在初始化CCD1視覺系統...
2025-07-23 19:52:13,879 [INFO] 相機管理器初始化完成 - 頻寬控制版
2025-07-23 19:52:13,879 [INFO] 添加相機 ccd1_camera - IP: 192.168.1.8, 頻寬: 200Mbps
2025-07-23 19:52:14,516 [INFO] 開始配置頻寬控制: 200Mbps
2025-07-23 19:52:14,526 [INFO] ✓ 設置包大小: 1500 bytes
2025-07-23 19:52:14,539 [INFO] ✓ 設置包間延遲: 5000 ticks
2025-07-23 19:52:14,539 [INFO] 頻寬計算: 最大FPS=4.13, 實際FPS=4.13
2025-07-23 19:52:14,539 [INFO] ✓ 重傳參數設置成功
2025-07-23 19:52:14,540 [INFO] ✓ GVSP超時設置: 5000ms
2025-07-23 19:52:14,550 [INFO] ○ 設備不支援直接頻寬限制，使用其他方法控制
2025-07-23 19:52:14,550 [INFO] 頻寬控制配置完成
2025-07-23 19:52:14,564 [WARNING] 設置像素格式失敗: 0x80000106
2025-07-23 19:52:14,579 [INFO] ✓ 曝光時間設置: 20000.0μs
2025-07-23 19:52:14,588 [INFO] ✓ 幀率設置: 5.0 FPS
2025-07-23 19:52:14,593 [INFO] ✓ 觸發模式
2025-07-23 19:52:14,594 [INFO] ✓ 緩存節點: 1 (最新幀模式)
2025-07-23 19:52:14,594 [INFO] ✓ 抓取策略: 僅最新幀
2025-07-23 19:52:14,594 [INFO] 相機 ccd1_camera 參數配置完成
2025-07-23 19:52:14,594 [INFO] 相機 ccd1_camera 連接成功 - 頻寬限制: 200Mbps
2025-07-23 19:52:14,620 [INFO] 相機 ccd1_camera 開始串流 - 5.0FPS
2025-07-23 19:52:15,621 [INFO] CCD1視覺系統初始化成功
2025-07-23 19:52:15,621 [INFO] CCD1初始化成功
2025-07-23 19:52:15,621 [INFO] 正在初始化CCD3角度檢測系統...
2025-07-23 19:52:16,245 [INFO] 開始配置頻寬控制: 200Mbps
2025-07-23 19:52:16,255 [INFO] ✓ 設置包大小: 1500 bytes
2025-07-23 19:52:16,263 [INFO] ✓ 設置包間延遲: 5000 ticks
2025-07-23 19:52:16,263 [INFO] 頻寬計算: 最大FPS=4.13, 實際FPS=4.13
2025-07-23 19:52:16,263 [INFO] ✓ 重傳參數設置成功
2025-07-23 19:52:16,264 [INFO] ✓ GVSP超時設置: 5000ms
2025-07-23 19:52:16,267 [INFO] ○ 設備不支援直接頻寬限制，使用其他方法控制
2025-07-23 19:52:16,268 [INFO] 頻寬控制配置完成
2025-07-23 19:52:16,287 [WARNING] 設置像素格式失敗: 0x80000106
2025-07-23 19:52:16,319 [INFO] ✓ 曝光時間設置: 20000.0μs
2025-07-23 19:52:16,328 [INFO] ✓ 幀率設置: 5.0 FPS
2025-07-23 19:52:16,333 [INFO] ✓ 觸發模式
2025-07-23 19:52:16,334 [INFO] ✓ 緩存節點: 1 (最新幀模式)
2025-07-23 19:52:16,334 [INFO] ✓ 抓取策略: 僅最新幀
2025-07-23 19:52:16,335 [INFO] 相機 ccd3_headless_camera 參數配置完成
2025-07-23 19:52:16,335 [INFO] 相機 ccd3_headless_camera 連接成功 - 頻寬限制: 200Mbps
2025-07-23 19:52:16,359 [INFO] 相機 ccd3_headless_camera 開始串流 - 5.0FPS
2025-07-23 19:52:16,585 [INFO] CCD3角度檢測系統初始化成功
2025-07-23 19:52:16,586 [INFO] CCD3初始化成功
2025-07-23 19:52:16,586 [INFO] 正在初始化震動盤系統...
2025-07-23 19:52:16,734 [INFO] 震動盤系統初始化成功
2025-07-23 19:52:16,735 [INFO] 震動盤初始化成功
2025-07-23 19:52:16,735 [INFO] 正在初始化夾爪系統...
2025-07-23 19:52:16,735 [INFO] PGC夾爪API初始化 - 直接串口通信模式
2025-07-23 19:52:16,736 [INFO] 正在連接PGC夾爪串口: COM3
2025-07-23 19:52:16,767 [INFO] PGC夾爪串口連接成功: COM3
2025-07-23 19:52:16,767 [INFO] PGC夾爪連接成功
2025-07-23 19:52:16,768 [INFO] 開始自動初始化PGC夾爪
2025-07-23 19:52:16,768 [INFO] 開始初始化PGC夾爪
2025-07-23 19:52:18,750 [INFO] PGC夾爪初始化成功，耗時: 1.982秒
2025-07-23 19:52:18,750 [INFO] PGC夾爪初始化成功
2025-07-23 19:52:18,750 [INFO] 夾爪系統初始化成功
2025-07-23 19:52:18,750 [INFO] 夾爪初始化成功
2025-07-23 19:52:18,751 [INFO] 正在初始化Dobot機械臂...
2025-07-23 19:52:18,832 [INFO] Dobot連接成功: 192.168.1.6
2025-07-23 19:52:20,039 [INFO] 機械臂使能成功
2025-07-23 19:52:20,039 [INFO] 機械臂自動使能成功
2025-07-23 19:52:20,039 [INFO] Dobot機械臂初始化成功
2025-07-23 19:52:20,047 [INFO] 碰撞檢測等級設定為: 3
2025-07-23 19:52:20,047 [INFO] 碰撞檢測等級設置為: 3
2025-07-23 19:52:20,047 [INFO] 機械臂初始化成功
2025-07-23 19:52:20,047 [INFO] 子系統初始化完成，成功: 5/5
2025-07-23 19:52:21,250 [INFO] 機械臂使能成功
2025-07-23 19:52:21,250 [INFO] 機械臂連接並使能成功
2025-07-23 19:52:21,250 [INFO] PGC夾爪快速關閉
2025-07-23 19:52:22,078 [INFO] PGC快速關閉成功，耗時: 0.828秒
2025-07-23 19:52:22,078 [INFO] 夾爪連接並關閉成功
2025-07-23 19:52:22,078 [INFO] CCD1系統可用
2025-07-23 19:52:22,078 [WARNING] CCD3系統不可用，角度檢測功能將受限
2025-07-23 19:52:22,078 [INFO] 載入機械臂點位成功，共9個點位
2025-07-23 19:52:22,079 [INFO] 物件管理器初始化完成
2025-07-23 19:52:22,079 [INFO] 物件管理器初始化完成
2025-07-23 19:52:22,079 [INFO] === 階段2: 執行參數設定 ===
2025-07-23 19:52:22,079 [INFO] 參數設定事件啟動
2025-07-23 19:52:22,079 [INFO] CCD1使用預設模型: 1
2025-07-23 19:52:22,079 [INFO] PGC智能釋放到位置: 360
2025-07-23 19:52:22,104 [INFO] PGC智能釋放成功，耗時: 0.024秒
2025-07-23 19:52:22,105 [INFO] 夾爪開度設定為: 360
2025-07-23 19:52:22,105 [WARNING] 震動盤不可用，跳過參數設定
2025-07-23 19:52:22,105 [INFO] 參數設定完成
2025-07-23 19:52:22,106 [INFO] 參數設定完成
2025-07-23 19:52:22,106 [INFO] === 階段3: 執行自動進料 ===
2025-07-23 19:52:22,107 [INFO] 自動進料事件啟動
2025-07-23 19:52:23,709 [INFO] CCD1檢測成功: {1: 32}
2025-07-23 19:52:23,709 [INFO] 使用上次CCD1檢測結果獲取座標
2025-07-23 19:52:23,709 [INFO] 像素座標數據獲取成功: 1類
2025-07-23 19:52:23,710 [INFO] 像素座標 - 標籤1: 32個物件
2025-07-23 19:52:23,710 [INFO] 世界座標數據獲取成功: 1類
2025-07-23 19:52:23,710 [INFO] 世界座標 - 標籤1: 32個物件
2025-07-23 19:52:23,711 [INFO] 檢測結果 - 標籤0:0, 標籤1:32, 標籤2:0
2025-07-23 19:52:23,711 [INFO] 標籤0不足，其他物件總數: 32
2025-07-23 19:52:23,711 [INFO] 其他物件數量≥5，開始震動盤震動
2025-07-23 19:52:23,711 [WARNING] 震動盤不可用，跳過震動
2025-07-23 19:52:23,711 [INFO] 進料完成，重新檢測 - 第1次嘗試
2025-07-23 19:52:24,481 [INFO] CCD1檢測成功: {1: 32}
2025-07-23 19:52:24,481 [INFO] 使用上次CCD1檢測結果獲取座標
2025-07-23 19:52:24,481 [INFO] 像素座標數據獲取成功: 1類
2025-07-23 19:52:24,481 [INFO] 像素座標 - 標籤1: 32個物件
2025-07-23 19:52:24,482 [INFO] 世界座標數據獲取成功: 1類
2025-07-23 19:52:24,482 [INFO] 世界座標 - 標籤1: 32個物件
2025-07-23 19:52:24,482 [INFO] 檢測結果 - 標籤0:0, 標籤1:32, 標籤2:0
2025-07-23 19:52:24,482 [INFO] 標籤0不足，其他物件總數: 32
2025-07-23 19:52:24,482 [INFO] 其他物件數量≥5，開始震動盤震動
2025-07-23 19:52:24,483 [WARNING] 震動盤不可用，跳過震動
2025-07-23 19:52:24,483 [INFO] 進料完成，重新檢測 - 第2次嘗試
2025-07-23 19:52:25,250 [INFO] CCD1檢測成功: {1: 32}
2025-07-23 19:52:25,251 [INFO] 使用上次CCD1檢測結果獲取座標
2025-07-23 19:52:25,251 [INFO] 像素座標數據獲取成功: 1類
2025-07-23 19:52:25,251 [INFO] 像素座標 - 標籤1: 32個物件
2025-07-23 19:52:25,252 [INFO] 世界座標數據獲取成功: 1類
2025-07-23 19:52:25,252 [INFO] 世界座標 - 標籤1: 32個物件
2025-07-23 19:52:25,252 [INFO] 檢測結果 - 標籤0:0, 標籤1:32, 標籤2:0
2025-07-23 19:52:25,252 [INFO] 標籤0不足，其他物件總數: 32
2025-07-23 19:52:25,253 [INFO] 其他物件數量≥5，開始震動盤震動
2025-07-23 19:52:25,253 [WARNING] 震動盤不可用，跳過震動
2025-07-23 19:52:25,253 [INFO] 進料完成，重新檢測 - 第3次嘗試
2025-07-23 19:52:26,019 [INFO] CCD1檢測成功: {1: 32}
2025-07-23 19:52:26,020 [INFO] 使用上次CCD1檢測結果獲取座標
2025-07-23 19:52:26,020 [INFO] 像素座標數據獲取成功: 1類
2025-07-23 19:52:26,020 [INFO] 像素座標 - 標籤1: 32個物件
2025-07-23 19:52:26,021 [INFO] 世界座標數據獲取成功: 1類
2025-07-23 19:52:26,021 [INFO] 世界座標 - 標籤1: 32個物件
2025-07-23 19:52:26,021 [INFO] 檢測結果 - 標籤0:0, 標籤1:32, 標籤2:0
2025-07-23 19:52:26,021 [INFO] 標籤0不足，其他物件總數: 32
2025-07-23 19:52:26,021 [INFO] 其他物件數量≥5，開始震動盤震動
2025-07-23 19:52:26,022 [WARNING] 震動盤不可用，跳過震動
2025-07-23 19:52:26,022 [INFO] 進料完成，重新檢測 - 第4次嘗試
2025-07-23 19:52:26,791 [INFO] CCD1檢測成功: {1: 32}
2025-07-23 19:52:26,792 [INFO] 使用上次CCD1檢測結果獲取座標
2025-07-23 19:52:26,792 [INFO] 像素座標數據獲取成功: 1類
2025-07-23 19:52:26,793 [INFO] 像素座標 - 標籤1: 32個物件
2025-07-23 19:52:26,793 [INFO] 世界座標數據獲取成功: 1類
2025-07-23 19:52:26,793 [INFO] 世界座標 - 標籤1: 32個物件
2025-07-23 19:52:26,793 [INFO] 檢測結果 - 標籤0:0, 標籤1:32, 標籤2:0
2025-07-23 19:52:26,793 [INFO] 標籤0不足，其他物件總數: 32
2025-07-23 19:52:26,794 [INFO] 其他物件數量≥5，開始震動盤震動
2025-07-23 19:52:26,794 [WARNING] 震動盤不可用，跳過震動
2025-07-23 19:52:26,794 [INFO] 進料完成，重新檢測 - 第5次嘗試
2025-07-23 19:52:27,563 [INFO] CCD1檢測成功: {1: 32}
2025-07-23 19:52:27,564 [INFO] 使用上次CCD1檢測結果獲取座標
2025-07-23 19:52:27,564 [INFO] 像素座標數據獲取成功: 1類
2025-07-23 19:52:27,565 [INFO] 像素座標 - 標籤1: 32個物件
2025-07-23 19:52:27,565 [INFO] 世界座標數據獲取成功: 1類
2025-07-23 19:52:27,565 [INFO] 世界座標 - 標籤1: 32個物件
2025-07-23 19:52:27,565 [INFO] 檢測結果 - 標籤0:0, 標籤1:32, 標籤2:0
2025-07-23 19:52:27,565 [INFO] 標籤0不足，其他物件總數: 32
2025-07-23 19:52:27,566 [INFO] 其他物件數量≥5，開始震動盤震動
2025-07-23 19:52:27,566 [WARNING] 震動盤不可用，跳過震動
2025-07-23 19:52:27,566 [INFO] 進料完成，重新檢測 - 第6次嘗試
2025-07-23 19:52:28,331 [INFO] CCD1檢測成功: {1: 32}
2025-07-23 19:52:28,332 [INFO] 使用上次CCD1檢測結果獲取座標
2025-07-23 19:52:28,332 [INFO] 像素座標數據獲取成功: 1類
2025-07-23 19:52:28,332 [INFO] 像素座標 - 標籤1: 32個物件
2025-07-23 19:52:28,333 [INFO] 世界座標數據獲取成功: 1類
2025-07-23 19:52:28,333 [INFO] 世界座標 - 標籤1: 32個物件
2025-07-23 19:52:28,333 [INFO] 檢測結果 - 標籤0:0, 標籤1:32, 標籤2:0
2025-07-23 19:52:28,333 [INFO] 標籤0不足，其他物件總數: 32
2025-07-23 19:52:28,334 [INFO] 其他物件數量≥5，開始震動盤震動
2025-07-23 19:52:28,334 [WARNING] 震動盤不可用，跳過震動
2025-07-23 19:52:28,334 [INFO] 進料完成，重新檢測 - 第7次嘗試
2025-07-23 19:52:29,102 [INFO] CCD1檢測成功: {1: 32}
2025-07-23 19:52:29,103 [INFO] 使用上次CCD1檢測結果獲取座標
2025-07-23 19:52:29,103 [INFO] 像素座標數據獲取成功: 1類
2025-07-23 19:52:29,103 [INFO] 像素座標 - 標籤1: 32個物件
2025-07-23 19:52:29,104 [INFO] 世界座標數據獲取成功: 1類
2025-07-23 19:52:29,104 [INFO] 世界座標 - 標籤1: 32個物件
2025-07-23 19:52:29,104 [INFO] 檢測結果 - 標籤0:0, 標籤1:32, 標籤2:0
2025-07-23 19:52:29,104 [INFO] 標籤0不足，其他物件總數: 32
2025-07-23 19:52:29,104 [INFO] 其他物件數量≥5，開始震動盤震動
2025-07-23 19:52:29,105 [WARNING] 震動盤不可用，跳過震動
2025-07-23 19:52:29,105 [INFO] 進料完成，重新檢測 - 第8次嘗試
2025-07-23 19:52:29,877 [INFO] CCD1檢測成功: {1: 32}
2025-07-23 19:52:29,877 [INFO] 使用上次CCD1檢測結果獲取座標
2025-07-23 19:52:29,877 [INFO] 像素座標數據獲取成功: 1類
2025-07-23 19:52:29,878 [INFO] 像素座標 - 標籤1: 32個物件
2025-07-23 19:52:29,878 [INFO] 世界座標數據獲取成功: 1類
2025-07-23 19:52:29,878 [INFO] 世界座標 - 標籤1: 32個物件
2025-07-23 19:52:29,878 [INFO] 檢測結果 - 標籤0:0, 標籤1:32, 標籤2:0
2025-07-23 19:52:29,878 [INFO] 標籤0不足，其他物件總數: 32
2025-07-23 19:52:29,879 [INFO] 其他物件數量≥5，開始震動盤震動
2025-07-23 19:52:29,879 [WARNING] 震動盤不可用，跳過震動
2025-07-23 19:52:29,879 [INFO] 進料完成，重新檢測 - 第9次嘗試
2025-07-23 19:52:30,646 [INFO] CCD1檢測成功: {1: 32}
2025-07-23 19:52:30,646 [INFO] 使用上次CCD1檢測結果獲取座標
2025-07-23 19:52:30,647 [INFO] 像素座標數據獲取成功: 1類
2025-07-23 19:52:30,647 [INFO] 像素座標 - 標籤1: 32個物件
2025-07-23 19:52:30,647 [INFO] 世界座標數據獲取成功: 1類
2025-07-23 19:52:30,648 [INFO] 世界座標 - 標籤1: 32個物件
2025-07-23 19:52:30,648 [INFO] 檢測結果 - 標籤0:0, 標籤1:32, 標籤2:0
2025-07-23 19:52:30,648 [INFO] 標籤0不足，其他物件總數: 32
2025-07-23 19:52:30,648 [INFO] 其他物件數量≥5，開始震動盤震動
2025-07-23 19:52:30,648 [WARNING] 震動盤不可用，跳過震動
2025-07-23 19:52:30,648 [INFO] 進料完成，重新檢測 - 第10次嘗試
2025-07-23 19:52:31,150 [ERROR] 連續10次檢測無標籤0物件，程序結束
2025-07-23 19:52:31,150 [INFO] 自動進料完成
2025-07-23 19:52:31,150 [ERROR] 原物料不足，無法開始生產循環
2025-07-23 19:52:31,150 [INFO] 開始安全關閉系統...
2025-07-23 19:52:31,150 [WARNING] 執行緊急停止
2025-07-23 19:52:31,151 [WARNING] 機械臂緊急停止
2025-07-23 19:52:31,298 [INFO] 停止PGC夾爪動作
2025-07-23 19:52:31,321 [WARNING] 緊急停止完成: 3 個系統成功停止
2025-07-23 19:52:31,321 [INFO] 開始斷開所有系統連接
2025-07-23 19:52:31,321 [INFO] 開始關閉相機管理器...
2025-07-23 19:52:31,350 [INFO] 相機 ccd1_camera 停止串流
2025-07-23 19:52:31,476 [INFO] 相機 ccd1_camera 已斷開
2025-07-23 19:52:31,694 [INFO] 相機管理器已關閉
2025-07-23 19:52:31,844 [INFO] CCD1視覺系統已關閉
2025-07-23 19:52:31,844 [WARNING] 停止串流警告: 0x80000000
2025-07-23 19:52:31,844 [INFO] 相機 ccd3_headless_camera 停止串流
2025-07-23 19:52:31,845 [INFO] 相機 ccd3_headless_camera 已斷開
2025-07-23 19:52:31,912 [INFO] CCD3角度檢測系統已關閉
2025-07-23 19:52:31,913 [INFO] 震動盤系統已關閉
2025-07-23 19:52:32,035 [INFO] PGC夾爪串口連接已斷開
2025-07-23 19:52:32,035 [INFO] 夾爪系統已關閉
2025-07-23 19:52:32,037 [INFO] 機械臂下使能成功
2025-07-23 19:52:32,038 [INFO] Dobot連接已斷開
2025-07-23 19:52:32,038 [INFO] Dobot機械臂已關閉
2025-07-23 19:52:32,038 [INFO] 所有系統連接已斷開
2025-07-23 19:52:32,039 [INFO] 系統已安全關閉
2025-07-23 19:55:32,529 [INFO] 自動化系統啟動
2025-07-23 19:55:32,529 [INFO] === 階段1: 初始化物件管理器 ===
2025-07-23 19:55:32,530 [INFO] 物件管理器啟動 - 開始初始化子系統
2025-07-23 19:55:32,530 [INFO] Robot類別初始化開始
2025-07-23 19:55:32,531 [INFO] 正在初始化CCD1視覺系統...
2025-07-23 19:55:32,822 [INFO] 相機管理器初始化完成 - 頻寬控制版
2025-07-23 19:55:32,822 [INFO] 添加相機 ccd1_camera - IP: 192.168.1.8, 頻寬: 200Mbps
2025-07-23 19:55:33,454 [INFO] 開始配置頻寬控制: 200Mbps
2025-07-23 19:55:33,464 [INFO] ✓ 設置包大小: 1500 bytes
2025-07-23 19:55:33,471 [INFO] ✓ 設置包間延遲: 5000 ticks
2025-07-23 19:55:33,472 [INFO] 頻寬計算: 最大FPS=4.13, 實際FPS=4.13
2025-07-23 19:55:33,472 [INFO] ✓ 重傳參數設置成功
2025-07-23 19:55:33,473 [INFO] ✓ GVSP超時設置: 5000ms
2025-07-23 19:55:33,476 [INFO] ○ 設備不支援直接頻寬限制，使用其他方法控制
2025-07-23 19:55:33,477 [INFO] 頻寬控制配置完成
2025-07-23 19:55:33,504 [WARNING] 設置像素格式失敗: 0x80000106
2025-07-23 19:55:33,519 [INFO] ✓ 曝光時間設置: 20000.0μs
2025-07-23 19:55:33,529 [INFO] ✓ 幀率設置: 5.0 FPS
2025-07-23 19:55:33,535 [INFO] ✓ 觸發模式
2025-07-23 19:55:33,535 [INFO] ✓ 緩存節點: 1 (最新幀模式)
2025-07-23 19:55:33,536 [INFO] ✓ 抓取策略: 僅最新幀
2025-07-23 19:55:33,536 [INFO] 相機 ccd1_camera 參數配置完成
2025-07-23 19:55:33,536 [INFO] 相機 ccd1_camera 連接成功 - 頻寬限制: 200Mbps
2025-07-23 19:55:33,568 [INFO] 相機 ccd1_camera 開始串流 - 5.0FPS
2025-07-23 19:55:34,569 [INFO] CCD1視覺系統初始化成功
2025-07-23 19:55:34,569 [INFO] CCD1初始化成功
2025-07-23 19:55:34,569 [INFO] 正在初始化CCD3角度檢測系統...
2025-07-23 19:55:35,200 [INFO] 開始配置頻寬控制: 200Mbps
2025-07-23 19:55:35,215 [INFO] ✓ 設置包大小: 1500 bytes
2025-07-23 19:55:35,222 [INFO] ✓ 設置包間延遲: 5000 ticks
2025-07-23 19:55:35,223 [INFO] 頻寬計算: 最大FPS=4.13, 實際FPS=4.13
2025-07-23 19:55:35,223 [INFO] ✓ 重傳參數設置成功
2025-07-23 19:55:35,224 [INFO] ✓ GVSP超時設置: 5000ms
2025-07-23 19:55:35,233 [INFO] ○ 設備不支援直接頻寬限制，使用其他方法控制
2025-07-23 19:55:35,233 [INFO] 頻寬控制配置完成
2025-07-23 19:55:35,249 [WARNING] 設置像素格式失敗: 0x80000106
2025-07-23 19:55:35,266 [INFO] ✓ 曝光時間設置: 20000.0μs
2025-07-23 19:55:35,275 [INFO] ✓ 幀率設置: 5.0 FPS
2025-07-23 19:55:35,280 [INFO] ✓ 觸發模式
2025-07-23 19:55:35,280 [INFO] ✓ 緩存節點: 1 (最新幀模式)
2025-07-23 19:55:35,280 [INFO] ✓ 抓取策略: 僅最新幀
2025-07-23 19:55:35,281 [INFO] 相機 ccd3_headless_camera 參數配置完成
2025-07-23 19:55:35,281 [INFO] 相機 ccd3_headless_camera 連接成功 - 頻寬限制: 200Mbps
2025-07-23 19:55:35,306 [INFO] 相機 ccd3_headless_camera 開始串流 - 5.0FPS
2025-07-23 19:55:35,510 [INFO] CCD3角度檢測系統初始化成功
2025-07-23 19:55:35,510 [INFO] CCD3初始化成功
2025-07-23 19:55:35,511 [INFO] 正在初始化震動盤系統...
2025-07-23 19:55:35,659 [INFO] 震動盤系統初始化成功
2025-07-23 19:55:35,660 [INFO] 震動盤初始化成功
2025-07-23 19:55:35,660 [INFO] 正在初始化夾爪系統...
2025-07-23 19:55:35,661 [INFO] PGC夾爪API初始化 - 直接串口通信模式
2025-07-23 19:55:35,661 [INFO] 正在連接PGC夾爪串口: COM3
2025-07-23 19:55:35,694 [INFO] PGC夾爪串口連接成功: COM3
2025-07-23 19:55:35,694 [INFO] PGC夾爪連接成功
2025-07-23 19:55:35,695 [INFO] 開始自動初始化PGC夾爪
2025-07-23 19:55:35,695 [INFO] 開始初始化PGC夾爪
2025-07-23 19:55:37,613 [INFO] PGC夾爪初始化成功，耗時: 1.918秒
2025-07-23 19:55:37,613 [INFO] PGC夾爪初始化成功
2025-07-23 19:55:37,613 [INFO] 夾爪系統初始化成功
2025-07-23 19:55:37,613 [INFO] 夾爪初始化成功
2025-07-23 19:55:37,613 [INFO] 正在初始化Dobot機械臂...
2025-07-23 19:55:37,696 [INFO] Dobot連接成功: 192.168.1.6
2025-07-23 19:55:38,926 [INFO] 機械臂使能成功
2025-07-23 19:55:38,926 [INFO] 機械臂自動使能成功
2025-07-23 19:55:38,926 [INFO] Dobot機械臂初始化成功
2025-07-23 19:55:38,934 [INFO] 碰撞檢測等級設定為: 3
2025-07-23 19:55:38,934 [INFO] 碰撞檢測等級設置為: 3
2025-07-23 19:55:38,934 [INFO] 機械臂初始化成功
2025-07-23 19:55:38,935 [INFO] 子系統初始化完成，成功: 5/5
2025-07-23 19:55:40,138 [INFO] 機械臂使能成功
2025-07-23 19:55:40,138 [INFO] 機械臂連接並使能成功
2025-07-23 19:55:40,138 [INFO] PGC夾爪快速關閉
2025-07-23 19:55:40,971 [INFO] PGC快速關閉成功，耗時: 0.833秒
2025-07-23 19:55:40,971 [INFO] 夾爪連接並關閉成功
2025-07-23 19:55:40,971 [INFO] CCD1系統可用
2025-07-23 19:55:40,971 [WARNING] CCD3系統不可用，角度檢測功能將受限
2025-07-23 19:55:40,972 [INFO] 載入機械臂點位成功，共9個點位
2025-07-23 19:55:40,972 [INFO] 物件管理器初始化完成
2025-07-23 19:55:40,972 [INFO] 物件管理器初始化完成
2025-07-23 19:55:40,972 [INFO] === 階段2: 執行參數設定 ===
2025-07-23 19:55:40,973 [INFO] 參數設定事件啟動
2025-07-23 19:55:40,973 [INFO] CCD1使用預設模型: 1
2025-07-23 19:55:40,973 [INFO] PGC智能釋放到位置: 360
2025-07-23 19:55:40,997 [INFO] PGC智能釋放成功，耗時: 0.024秒
2025-07-23 19:55:40,997 [INFO] 夾爪開度設定為: 360
2025-07-23 19:55:40,997 [INFO] 震動盤狀態檢查:
2025-07-23 19:55:40,997 [INFO]   robot.VP: <vibration_plate_controller.ProductionVibrationPlate object at 0x000001CA466CAF60>
2025-07-23 19:55:40,997 [INFO]   hasattr connected: False
2025-07-23 19:55:40,997 [INFO]   VP.is_connected(): True
2025-07-23 19:55:40,998 [INFO] 震動盤背光設定成功
2025-07-23 19:55:40,998 [INFO] 震動盤參數 - 強度:107, 頻率:87
2025-07-23 19:55:40,999 [INFO] 參數設定完成
2025-07-23 19:55:40,999 [INFO] 參數設定完成
2025-07-23 19:55:40,999 [INFO] === 階段3: 執行自動進料 ===
2025-07-23 19:55:40,999 [INFO] 自動進料事件啟動
2025-07-23 19:55:42,620 [INFO] CCD1檢測成功: {1: 32}
2025-07-23 19:55:42,621 [INFO] 使用上次CCD1檢測結果獲取座標
2025-07-23 19:55:42,621 [INFO] 像素座標數據獲取成功: 1類
2025-07-23 19:55:42,621 [INFO] 像素座標 - 標籤1: 32個物件
2025-07-23 19:55:42,622 [INFO] 世界座標數據獲取成功: 1類
2025-07-23 19:55:42,622 [INFO] 世界座標 - 標籤1: 32個物件
2025-07-23 19:55:42,622 [INFO] 檢測結果 - 標籤0:0, 標籤1:32, 標籤2:0
2025-07-23 19:55:42,622 [INFO] 標籤0不足，其他物件總數: 32
2025-07-23 19:55:42,622 [INFO] 其他物件數量≥5，開始震動盤震動
2025-07-23 19:55:42,865 [INFO] 震動盤啟動成功
2025-07-23 19:55:44,166 [INFO] 進料完成，重新檢測 - 第1次嘗試
2025-07-23 19:55:44,936 [INFO] CCD1檢測成功: {0: 10, 1: 20}
2025-07-23 19:55:44,937 [INFO] 使用上次CCD1檢測結果獲取座標
2025-07-23 19:55:44,937 [INFO] 像素座標數據獲取成功: 2類
2025-07-23 19:55:44,937 [INFO] 像素座標 - 標籤0: 10個物件
2025-07-23 19:55:44,938 [INFO] 像素座標 - 標籤1: 20個物件
2025-07-23 19:55:44,938 [INFO] 世界座標數據獲取成功: 2類
2025-07-23 19:55:44,938 [INFO] 世界座標 - 標籤0: 10個物件
2025-07-23 19:55:44,939 [INFO] 世界座標 - 標籤1: 20個物件
2025-07-23 19:55:44,939 [INFO] 檢測結果 - 標籤0:10, 標籤1:20, 標籤2:0
2025-07-23 19:55:44,939 [INFO] 物料準備完成 - 標籤0數量:10個
2025-07-23 19:55:44,939 [INFO] 自動進料完成
2025-07-23 19:55:44,939 [INFO] === 階段4: 開始生產循環 ===
2025-07-23 19:55:44,939 [INFO] --- 開始第1次生產循環 ---
2025-07-23 19:55:44,940 [INFO] 執行機械臂上料事件 - 處理第1個物件
2025-07-23 19:55:44,940 [INFO] 機械臂上料事件啟動(Flow1流程)
2025-07-23 19:55:44,940 [INFO] 處理第1個物件，座標:(-100.75, 274.74)
2025-07-23 19:55:44,945 [INFO] 切換到左手手勢
2025-07-23 19:55:45,396 [INFO] 運動同步完成
2025-07-23 19:55:45,396 [INFO] 移動到standby完成
2025-07-23 19:55:46,199 [INFO] 運動同步完成
2025-07-23 19:55:46,200 [INFO] 移動到VP_TOPSIDE完成
2025-07-23 19:55:46,831 [INFO] 運動同步完成
2025-07-23 19:55:46,831 [INFO] 移動到檢測位置上方完成
2025-07-23 19:55:47,539 [INFO] 運動同步完成
2025-07-23 19:55:47,539 [INFO] 移動到夾取位置完成
2025-07-23 19:55:47,539 [INFO] PGC智能釋放到位置: 360
2025-07-23 19:55:47,592 [INFO] PGC智能釋放成功，耗時: 0.052秒
2025-07-23 19:55:47,893 [INFO] 夾爪撐開完成
2025-07-23 19:55:48,751 [INFO] 運動同步完成
2025-07-23 19:55:48,751 [INFO] 返回VP_TOPSIDE完成
2025-07-23 19:55:49,563 [INFO] 運動同步完成
2025-07-23 19:55:49,564 [INFO] 返回standby完成
2025-07-23 19:55:50,339 [INFO] 運動同步完成
2025-07-23 19:55:50,340 [INFO] 移動到Rotate_top完成
2025-07-23 19:55:50,746 [INFO] 運動同步完成
2025-07-23 19:55:50,747 [INFO] 移動到Rotate_down完成
2025-07-23 19:55:50,747 [INFO] PGC夾爪快速關閉
2025-07-23 19:55:51,110 [INFO] PGC快速關閉成功，耗時: 0.363秒
2025-07-23 19:55:51,411 [INFO] 夾爪關閉完成
2025-07-23 19:55:51,811 [INFO] 運動同步完成
2025-07-23 19:55:51,811 [INFO] 返回Rotate_top完成
2025-07-23 19:55:52,582 [INFO] 運動同步完成
2025-07-23 19:55:52,583 [INFO] 返回standby完成
2025-07-23 19:55:52,583 [WARNING] CCD3不可用，使用預設角度
2025-07-23 19:55:53,347 [INFO] 運動同步完成
2025-07-23 19:55:53,748 [INFO] 運動同步完成
2025-07-23 19:55:53,748 [INFO] PGC智能釋放到位置: 360
2025-07-23 19:55:54,132 [INFO] PGC智能釋放成功，耗時: 0.385秒
2025-07-23 19:55:54,830 [INFO] 運動同步完成
2025-07-23 19:55:56,287 [INFO] 運動同步完成
2025-07-23 19:55:56,287 [INFO] 移動到put_asm_top完成
2025-07-23 19:55:56,288 [INFO] Flow1流程完成，執行次數: 1
2025-07-23 19:55:56,288 [INFO] 機械臂上料完成
2025-07-23 19:55:56,288 [INFO] 執行機械臂組裝事件
2025-07-23 19:55:56,288 [INFO] 機械臂組裝事件啟動(Flow2流程)
2025-07-23 19:56:01,289 [INFO] 開始組裝流程，使用角度: 45.00°
2025-07-23 19:56:02,018 [INFO] 運動同步完成
2025-07-23 19:56:02,019 [INFO] 移動到put_asm_top完成 (J4角度:45.00°)
2025-07-23 19:56:02,295 [INFO] 運動同步完成
2025-07-23 19:56:02,296 [INFO] 移動到put_asm_down完成 (J4角度:45.00°)
2025-07-23 19:56:02,296 [INFO] PGC夾爪快速關閉
2025-07-23 19:56:02,609 [INFO] PGC快速關閉成功，耗時: 0.313秒
2025-07-23 19:56:02,910 [INFO] 夾爪關閉完成
2025-07-23 19:56:51,309 [INFO] 運動同步完成
2025-07-23 19:56:51,310 [INFO] 返回put_asm_top完成
2025-07-23 19:56:51,310 [INFO] 運動同步完成
2025-07-23 19:56:51,310 [INFO] 返回standby完成
2025-07-23 19:56:51,310 [INFO] Flow2組裝流程完成
2025-07-23 19:56:51,310 [INFO] 機械臂組裝完成
2025-07-23 19:56:51,310 [INFO] 第1次生產循環完成
2025-07-23 19:56:52,312 [INFO] --- 開始第2次生產循環 ---
2025-07-23 19:56:52,312 [INFO] 執行機械臂上料事件 - 處理第2個物件
2025-07-23 19:56:52,312 [INFO] 機械臂上料事件啟動(Flow1流程)
2025-07-23 19:56:52,312 [INFO] 處理第2個物件，座標:(-58.67, 307.75)
2025-07-23 19:56:52,313 [INFO] 切換到左手手勢
2025-07-23 19:56:52,313 [INFO] 運動同步完成
2025-07-23 19:56:52,313 [INFO] 移動到standby完成
2025-07-23 19:56:52,314 [INFO] 運動同步完成
2025-07-23 19:56:52,314 [INFO] 移動到VP_TOPSIDE完成
2025-07-23 19:56:52,314 [INFO] 運動同步完成
2025-07-23 19:56:52,314 [INFO] 移動到檢測位置上方完成
2025-07-23 19:56:52,315 [INFO] 運動同步完成
2025-07-23 19:56:52,315 [INFO] 移動到夾取位置完成
2025-07-23 19:56:52,315 [INFO] PGC智能釋放到位置: 360
2025-07-23 19:56:52,634 [INFO] PGC智能釋放成功，耗時: 0.320秒
2025-07-23 19:56:52,935 [INFO] 夾爪撐開完成
2025-07-23 19:56:52,935 [INFO] 運動同步完成
2025-07-23 19:56:52,935 [INFO] 返回VP_TOPSIDE完成
2025-07-23 19:56:52,937 [INFO] 運動同步完成
2025-07-23 19:56:52,937 [INFO] 返回standby完成
2025-07-23 19:56:52,937 [INFO] 運動同步完成
2025-07-23 19:56:52,937 [INFO] 移動到Rotate_top完成
2025-07-23 19:56:52,937 [INFO] 運動同步完成
2025-07-23 19:56:52,937 [INFO] 移動到Rotate_down完成
2025-07-23 19:56:52,937 [INFO] PGC夾爪快速關閉
2025-07-23 19:56:53,210 [INFO] PGC快速關閉成功，耗時: 0.271秒
2025-07-23 19:56:53,511 [INFO] 夾爪關閉完成
2025-07-23 19:56:53,511 [INFO] 運動同步完成
2025-07-23 19:56:53,511 [INFO] 返回Rotate_top完成
2025-07-23 19:56:53,512 [INFO] 運動同步完成
2025-07-23 19:56:53,512 [INFO] 返回standby完成
2025-07-23 19:56:53,512 [WARNING] CCD3不可用，使用預設角度
2025-07-23 19:56:53,512 [INFO] 運動同步完成
2025-07-23 19:56:53,513 [INFO] 運動同步完成
2025-07-23 19:56:53,513 [INFO] PGC智能釋放到位置: 360
2025-07-23 19:56:53,834 [INFO] PGC智能釋放成功，耗時: 0.321秒
2025-07-23 19:56:54,136 [INFO] 運動同步完成
2025-07-23 19:56:54,136 [INFO] 運動同步完成
2025-07-23 19:56:54,136 [INFO] 移動到put_asm_top完成
2025-07-23 19:56:54,136 [INFO] Flow1流程完成，執行次數: 2
2025-07-23 19:56:54,136 [INFO] 機械臂上料完成
2025-07-23 19:56:54,137 [INFO] 執行機械臂組裝事件
2025-07-23 19:56:54,137 [INFO] 機械臂組裝事件啟動(Flow2流程)
2025-07-23 19:56:59,138 [INFO] 開始組裝流程，使用角度: 45.00°
2025-07-23 19:56:59,139 [INFO] 運動同步完成
2025-07-23 19:56:59,139 [INFO] 移動到put_asm_top完成 (J4角度:45.00°)
2025-07-23 19:56:59,140 [INFO] 運動同步完成
2025-07-23 19:56:59,140 [INFO] 移動到put_asm_down完成 (J4角度:45.00°)
2025-07-23 19:56:59,141 [INFO] PGC夾爪快速關閉
2025-07-23 19:56:59,416 [INFO] PGC快速關閉成功，耗時: 0.275秒
2025-07-23 19:56:59,717 [INFO] 夾爪關閉完成
2025-07-23 19:56:59,717 [INFO] 運動同步完成
2025-07-23 19:56:59,718 [INFO] 返回put_asm_top完成
2025-07-23 19:56:59,718 [INFO] 運動同步完成
2025-07-23 19:56:59,718 [INFO] 返回standby完成
2025-07-23 19:56:59,718 [INFO] Flow2組裝流程完成
2025-07-23 19:56:59,719 [INFO] 機械臂組裝完成
2025-07-23 19:56:59,719 [INFO] 第2次生產循環完成
2025-07-23 19:57:00,719 [INFO] --- 開始第3次生產循環 ---
2025-07-23 19:57:00,719 [INFO] 執行機械臂上料事件 - 處理第3個物件
2025-07-23 19:57:00,719 [INFO] 機械臂上料事件啟動(Flow1流程)
2025-07-23 19:57:00,719 [INFO] 處理第3個物件，座標:(-31.79, 263.00)
2025-07-23 19:57:00,720 [INFO] 切換到左手手勢
2025-07-23 19:57:00,720 [INFO] 運動同步完成
2025-07-23 19:57:00,720 [INFO] 移動到standby完成
2025-07-23 19:57:00,721 [INFO] 運動同步完成
2025-07-23 19:57:00,721 [INFO] 移動到VP_TOPSIDE完成
2025-07-23 19:57:00,721 [INFO] 運動同步完成
2025-07-23 19:57:00,721 [INFO] 移動到檢測位置上方完成
2025-07-23 19:57:00,722 [INFO] 運動同步完成
2025-07-23 19:57:00,722 [INFO] 移動到夾取位置完成
2025-07-23 19:57:00,722 [INFO] PGC智能釋放到位置: 360
2025-07-23 19:57:01,046 [INFO] PGC智能釋放成功，耗時: 0.323秒
2025-07-23 19:57:01,346 [INFO] 夾爪撐開完成
2025-07-23 19:57:01,346 [INFO] 運動同步完成
2025-07-23 19:57:01,346 [INFO] 返回VP_TOPSIDE完成
2025-07-23 19:57:01,346 [INFO] 運動同步完成
2025-07-23 19:57:01,347 [INFO] 返回standby完成
2025-07-23 19:57:01,347 [INFO] 運動同步完成
2025-07-23 19:57:01,347 [INFO] 移動到Rotate_top完成
2025-07-23 19:57:01,347 [INFO] 運動同步完成
2025-07-23 19:57:01,348 [INFO] 移動到Rotate_down完成
2025-07-23 19:57:01,348 [INFO] PGC夾爪快速關閉
2025-07-23 19:57:01,606 [INFO] PGC快速關閉成功，耗時: 0.258秒
2025-07-23 19:57:01,907 [INFO] 夾爪關閉完成
2025-07-23 19:57:01,907 [INFO] 運動同步完成
2025-07-23 19:57:01,907 [INFO] 返回Rotate_top完成
2025-07-23 19:57:01,908 [INFO] 運動同步完成
2025-07-23 19:57:01,908 [INFO] 返回standby完成
2025-07-23 19:57:01,908 [WARNING] CCD3不可用，使用預設角度
2025-07-23 19:57:01,908 [INFO] 運動同步完成
2025-07-23 19:57:01,908 [INFO] 運動同步完成
2025-07-23 19:57:01,909 [INFO] PGC智能釋放到位置: 360
2025-07-23 19:57:02,231 [INFO] PGC智能釋放成功，耗時: 0.321秒
2025-07-23 19:57:02,532 [INFO] 運動同步完成
2025-07-23 19:57:02,533 [INFO] 運動同步完成
2025-07-23 19:57:02,533 [INFO] 移動到put_asm_top完成
2025-07-23 19:57:02,533 [INFO] Flow1流程完成，執行次數: 3
2025-07-23 19:57:02,533 [INFO] 機械臂上料完成
2025-07-23 19:57:02,533 [INFO] 執行機械臂組裝事件
2025-07-23 19:57:02,534 [INFO] 機械臂組裝事件啟動(Flow2流程)
2025-07-23 19:57:07,534 [INFO] 開始組裝流程，使用角度: 45.00°
2025-07-23 19:57:07,534 [INFO] 運動同步完成
2025-07-23 19:57:07,535 [INFO] 移動到put_asm_top完成 (J4角度:45.00°)
2025-07-23 19:57:07,535 [INFO] 運動同步完成
2025-07-23 19:57:07,535 [INFO] 移動到put_asm_down完成 (J4角度:45.00°)
2025-07-23 19:57:07,535 [INFO] PGC夾爪快速關閉
2025-07-23 19:57:07,811 [INFO] PGC快速關閉成功，耗時: 0.276秒
2025-07-23 19:57:08,112 [INFO] 夾爪關閉完成
2025-07-23 19:57:08,112 [INFO] 運動同步完成
2025-07-23 19:57:08,112 [INFO] 返回put_asm_top完成
2025-07-23 19:57:08,113 [INFO] 運動同步完成
2025-07-23 19:57:08,113 [INFO] 返回standby完成
2025-07-23 19:57:08,113 [INFO] Flow2組裝流程完成
2025-07-23 19:57:08,113 [INFO] 機械臂組裝完成
2025-07-23 19:57:08,113 [INFO] 第3次生產循環完成
2025-07-23 19:57:09,114 [INFO] --- 開始第4次生產循環 ---
2025-07-23 19:57:09,114 [INFO] 執行機械臂上料事件 - 處理第4個物件
2025-07-23 19:57:09,114 [INFO] 機械臂上料事件啟動(Flow1流程)
2025-07-23 19:57:09,114 [INFO] 處理第4個物件，座標:(-78.58, 289.54)
2025-07-23 19:57:09,115 [INFO] 切換到左手手勢
2025-07-23 19:57:09,115 [INFO] 運動同步完成
2025-07-23 19:57:09,115 [INFO] 移動到standby完成
2025-07-23 19:57:09,116 [INFO] 運動同步完成
2025-07-23 19:57:09,116 [INFO] 移動到VP_TOPSIDE完成
2025-07-23 19:57:09,117 [INFO] 運動同步完成
2025-07-23 19:57:09,117 [INFO] 移動到檢測位置上方完成
2025-07-23 19:57:09,118 [INFO] 運動同步完成
2025-07-23 19:57:09,118 [INFO] 移動到夾取位置完成
2025-07-23 19:57:09,118 [INFO] PGC智能釋放到位置: 360
2025-07-23 19:57:09,444 [INFO] PGC智能釋放成功，耗時: 0.326秒
2025-07-23 19:57:09,744 [INFO] 夾爪撐開完成
2025-07-23 19:57:09,744 [INFO] 運動同步完成
2025-07-23 19:57:09,744 [INFO] 返回VP_TOPSIDE完成
2025-07-23 19:57:09,745 [INFO] 運動同步完成
2025-07-23 19:57:09,745 [INFO] 返回standby完成
2025-07-23 19:57:09,745 [INFO] 運動同步完成
2025-07-23 19:57:09,745 [INFO] 移動到Rotate_top完成
2025-07-23 19:57:09,746 [INFO] 運動同步完成
2025-07-23 19:57:09,746 [INFO] 移動到Rotate_down完成
2025-07-23 19:57:09,746 [INFO] PGC夾爪快速關閉
2025-07-23 19:57:10,020 [INFO] PGC快速關閉成功，耗時: 0.273秒
2025-07-23 19:57:10,321 [INFO] 夾爪關閉完成
2025-07-23 19:57:10,321 [INFO] 運動同步完成
2025-07-23 19:57:10,321 [INFO] 返回Rotate_top完成
2025-07-23 19:57:10,321 [INFO] 運動同步完成
2025-07-23 19:57:10,321 [INFO] 返回standby完成
2025-07-23 19:57:10,321 [WARNING] CCD3不可用，使用預設角度
2025-07-23 19:57:10,322 [INFO] 運動同步完成
2025-07-23 19:57:10,322 [INFO] 運動同步完成
2025-07-23 19:57:10,322 [INFO] PGC智能釋放到位置: 360
2025-07-23 19:57:10,642 [INFO] PGC智能釋放成功，耗時: 0.320秒
2025-07-23 19:57:10,943 [INFO] 運動同步完成
2025-07-23 19:57:10,943 [INFO] 運動同步完成
2025-07-23 19:57:10,944 [INFO] 移動到put_asm_top完成
2025-07-23 19:57:10,944 [INFO] Flow1流程完成，執行次數: 4
2025-07-23 19:57:10,944 [INFO] 機械臂上料完成
2025-07-23 19:57:10,944 [INFO] 執行機械臂組裝事件
2025-07-23 19:57:10,944 [INFO] 機械臂組裝事件啟動(Flow2流程)
2025-07-23 19:57:15,945 [INFO] 開始組裝流程，使用角度: 45.00°
2025-07-23 19:57:15,945 [INFO] 運動同步完成
2025-07-23 19:57:15,945 [INFO] 移動到put_asm_top完成 (J4角度:45.00°)
2025-07-23 19:57:15,946 [INFO] 運動同步完成
2025-07-23 19:57:15,946 [INFO] 移動到put_asm_down完成 (J4角度:45.00°)
2025-07-23 19:57:15,946 [INFO] PGC夾爪快速關閉
2025-07-23 19:57:16,223 [INFO] PGC快速關閉成功，耗時: 0.277秒
2025-07-23 19:57:16,524 [INFO] 夾爪關閉完成
2025-07-23 19:57:16,524 [INFO] 運動同步完成
2025-07-23 19:57:16,524 [INFO] 返回put_asm_top完成
2025-07-23 19:57:16,525 [INFO] 運動同步完成
2025-07-23 19:57:16,525 [INFO] 返回standby完成
2025-07-23 19:57:16,525 [INFO] Flow2組裝流程完成
2025-07-23 19:57:16,525 [INFO] 機械臂組裝完成
2025-07-23 19:57:16,525 [INFO] 第4次生產循環完成
2025-07-23 19:57:17,527 [INFO] --- 開始第5次生產循環 ---
2025-07-23 19:57:17,527 [INFO] 執行機械臂上料事件 - 處理第5個物件
2025-07-23 19:57:17,527 [INFO] 機械臂上料事件啟動(Flow1流程)
2025-07-23 19:57:17,527 [INFO] 處理第5個物件，座標:(-51.31, 208.45)
2025-07-23 19:57:17,528 [INFO] 切換到左手手勢
2025-07-23 19:57:17,528 [INFO] 運動同步完成
2025-07-23 19:57:17,528 [INFO] 移動到standby完成
2025-07-23 19:57:17,529 [INFO] 運動同步完成
2025-07-23 19:57:17,529 [INFO] 移動到VP_TOPSIDE完成
2025-07-23 19:57:17,529 [INFO] 運動同步完成
2025-07-23 19:57:17,529 [INFO] 移動到檢測位置上方完成
2025-07-23 19:57:17,529 [INFO] 運動同步完成
2025-07-23 19:57:17,530 [INFO] 移動到夾取位置完成
2025-07-23 19:57:17,530 [INFO] PGC智能釋放到位置: 360
2025-07-23 19:57:17,855 [INFO] PGC智能釋放成功，耗時: 0.325秒
2025-07-23 19:57:18,156 [INFO] 夾爪撐開完成
2025-07-23 19:57:18,156 [INFO] 運動同步完成
2025-07-23 19:57:18,156 [INFO] 返回VP_TOPSIDE完成
2025-07-23 19:57:18,157 [INFO] 運動同步完成
2025-07-23 19:57:18,157 [INFO] 返回standby完成
2025-07-23 19:57:18,157 [INFO] 運動同步完成
2025-07-23 19:57:18,157 [INFO] 移動到Rotate_top完成
2025-07-23 19:57:18,158 [INFO] 運動同步完成
2025-07-23 19:57:18,158 [INFO] 移動到Rotate_down完成
2025-07-23 19:57:18,158 [INFO] PGC夾爪快速關閉
2025-07-23 19:57:18,431 [INFO] PGC快速關閉成功，耗時: 0.273秒
2025-07-23 19:57:18,732 [INFO] 夾爪關閉完成
2025-07-23 19:57:18,732 [INFO] 運動同步完成
2025-07-23 19:57:18,733 [INFO] 返回Rotate_top完成
2025-07-23 19:57:18,733 [INFO] 運動同步完成
2025-07-23 19:57:18,733 [INFO] 返回standby完成
2025-07-23 19:57:18,733 [WARNING] CCD3不可用，使用預設角度
2025-07-23 19:57:18,734 [INFO] 運動同步完成
2025-07-23 19:57:18,734 [INFO] 運動同步完成
2025-07-23 19:57:18,735 [INFO] PGC智能釋放到位置: 360
2025-07-23 19:57:19,055 [INFO] PGC智能釋放成功，耗時: 0.320秒
2025-07-23 19:57:19,357 [INFO] 運動同步完成
2025-07-23 19:57:19,358 [INFO] 運動同步完成
2025-07-23 19:57:19,358 [INFO] 移動到put_asm_top完成
2025-07-23 19:57:19,358 [INFO] Flow1流程完成，執行次數: 5
2025-07-23 19:57:19,358 [INFO] 機械臂上料完成
2025-07-23 19:57:19,358 [INFO] 執行機械臂組裝事件
2025-07-23 19:57:19,358 [INFO] 機械臂組裝事件啟動(Flow2流程)
2025-07-23 19:57:24,359 [INFO] 開始組裝流程，使用角度: 45.00°
2025-07-23 19:57:24,359 [INFO] 運動同步完成
2025-07-23 19:57:24,359 [INFO] 移動到put_asm_top完成 (J4角度:45.00°)
2025-07-23 19:57:24,360 [INFO] 運動同步完成
2025-07-23 19:57:24,360 [INFO] 移動到put_asm_down完成 (J4角度:45.00°)
2025-07-23 19:57:24,360 [INFO] PGC夾爪快速關閉
2025-07-23 19:57:24,637 [INFO] PGC快速關閉成功，耗時: 0.277秒
2025-07-23 19:57:24,938 [INFO] 夾爪關閉完成
2025-07-23 19:57:24,938 [INFO] 運動同步完成
2025-07-23 19:57:24,938 [INFO] 返回put_asm_top完成
2025-07-23 19:57:24,939 [INFO] 運動同步完成
2025-07-23 19:57:24,939 [INFO] 返回standby完成
2025-07-23 19:57:24,939 [INFO] Flow2組裝流程完成
2025-07-23 19:57:24,939 [INFO] 機械臂組裝完成
2025-07-23 19:57:24,939 [INFO] 第5次生產循環完成
2025-07-23 19:57:25,940 [INFO] --- 開始第6次生產循環 ---
2025-07-23 19:57:25,940 [INFO] 執行機械臂上料事件 - 處理第6個物件
2025-07-23 19:57:25,940 [INFO] 機械臂上料事件啟動(Flow1流程)
2025-07-23 19:57:25,940 [INFO] 處理第6個物件，座標:(-77.64, 208.50)
2025-07-23 19:57:25,941 [INFO] 切換到左手手勢
2025-07-23 19:57:25,941 [INFO] 運動同步完成
2025-07-23 19:57:25,941 [INFO] 移動到standby完成
2025-07-23 19:57:25,942 [INFO] 運動同步完成
2025-07-23 19:57:25,942 [INFO] 移動到VP_TOPSIDE完成
2025-07-23 19:57:25,942 [INFO] 運動同步完成
2025-07-23 19:57:25,943 [INFO] 移動到檢測位置上方完成
2025-07-23 19:57:25,943 [INFO] 運動同步完成
2025-07-23 19:57:25,943 [INFO] 移動到夾取位置完成
2025-07-23 19:57:25,943 [INFO] PGC智能釋放到位置: 360
2025-07-23 19:57:26,267 [INFO] PGC智能釋放成功，耗時: 0.324秒
2025-07-23 19:57:26,568 [INFO] 夾爪撐開完成
2025-07-23 19:57:26,568 [INFO] 運動同步完成
2025-07-23 19:57:26,568 [INFO] 返回VP_TOPSIDE完成
2025-07-23 19:57:26,569 [INFO] 運動同步完成
2025-07-23 19:57:26,569 [INFO] 返回standby完成
2025-07-23 19:57:26,570 [INFO] 運動同步完成
2025-07-23 19:57:26,570 [INFO] 移動到Rotate_top完成
2025-07-23 19:57:26,570 [INFO] 運動同步完成
2025-07-23 19:57:26,570 [INFO] 移動到Rotate_down完成
2025-07-23 19:57:26,570 [INFO] PGC夾爪快速關閉
2025-07-23 19:57:26,843 [INFO] PGC快速關閉成功，耗時: 0.273秒
2025-07-23 19:57:27,144 [INFO] 夾爪關閉完成
2025-07-23 19:57:27,145 [INFO] 運動同步完成
2025-07-23 19:57:27,145 [INFO] 返回Rotate_top完成
2025-07-23 19:57:27,145 [INFO] 運動同步完成
2025-07-23 19:57:27,145 [INFO] 返回standby完成
2025-07-23 19:57:27,145 [WARNING] CCD3不可用，使用預設角度
2025-07-23 19:57:27,146 [INFO] 運動同步完成
2025-07-23 19:57:27,146 [INFO] 運動同步完成
2025-07-23 19:57:27,146 [INFO] PGC智能釋放到位置: 360
2025-07-23 19:57:27,468 [INFO] PGC智能釋放成功，耗時: 0.320秒
2025-07-23 19:57:27,769 [INFO] 運動同步完成
2025-07-23 19:57:27,770 [INFO] 運動同步完成
2025-07-23 19:57:27,770 [INFO] 移動到put_asm_top完成
2025-07-23 19:57:27,770 [INFO] Flow1流程完成，執行次數: 6
2025-07-23 19:57:27,770 [INFO] 機械臂上料完成
2025-07-23 19:57:27,770 [INFO] 執行機械臂組裝事件
2025-07-23 19:57:27,770 [INFO] 機械臂組裝事件啟動(Flow2流程)
2025-07-23 19:57:32,772 [INFO] 開始組裝流程，使用角度: 45.00°
2025-07-23 19:57:32,772 [INFO] 運動同步完成
2025-07-23 19:57:32,772 [INFO] 移動到put_asm_top完成 (J4角度:45.00°)
2025-07-23 19:57:32,773 [INFO] 運動同步完成
2025-07-23 19:57:32,773 [INFO] 移動到put_asm_down完成 (J4角度:45.00°)
2025-07-23 19:57:32,773 [INFO] PGC夾爪快速關閉
2025-07-23 19:57:33,047 [INFO] PGC快速關閉成功，耗時: 0.274秒
2025-07-23 19:57:33,348 [INFO] 夾爪關閉完成
2025-07-23 19:57:33,348 [INFO] 運動同步完成
2025-07-23 19:57:33,349 [INFO] 返回put_asm_top完成
2025-07-23 19:57:33,349 [INFO] 運動同步完成
2025-07-23 19:57:33,349 [INFO] 返回standby完成
2025-07-23 19:57:33,349 [INFO] Flow2組裝流程完成
2025-07-23 19:57:33,349 [INFO] 機械臂組裝完成
2025-07-23 19:57:33,349 [INFO] 第6次生產循環完成
2025-07-23 19:57:34,350 [INFO] --- 開始第7次生產循環 ---
2025-07-23 19:57:34,350 [INFO] 執行機械臂上料事件 - 處理第7個物件
2025-07-23 19:57:34,350 [INFO] 機械臂上料事件啟動(Flow1流程)
2025-07-23 19:57:34,351 [INFO] 處理第7個物件，座標:(-55.10, 276.86)
2025-07-23 19:57:34,351 [INFO] 切換到左手手勢
2025-07-23 19:57:34,351 [INFO] 運動同步完成
2025-07-23 19:57:34,351 [INFO] 移動到standby完成
2025-07-23 19:57:34,352 [INFO] 運動同步完成
2025-07-23 19:57:34,352 [INFO] 移動到VP_TOPSIDE完成
2025-07-23 19:57:34,352 [INFO] 運動同步完成
2025-07-23 19:57:34,353 [INFO] 移動到檢測位置上方完成
2025-07-23 19:57:34,353 [INFO] 運動同步完成
2025-07-23 19:57:34,353 [INFO] 移動到夾取位置完成
2025-07-23 19:57:34,353 [INFO] PGC智能釋放到位置: 360
2025-07-23 19:57:34,679 [INFO] PGC智能釋放成功，耗時: 0.324秒
2025-07-23 19:57:34,980 [INFO] 夾爪撐開完成
2025-07-23 19:57:34,980 [INFO] 運動同步完成
2025-07-23 19:57:34,980 [INFO] 返回VP_TOPSIDE完成
2025-07-23 19:57:34,981 [INFO] 運動同步完成
2025-07-23 19:57:34,981 [INFO] 返回standby完成
2025-07-23 19:57:34,982 [INFO] 運動同步完成
2025-07-23 19:57:34,982 [INFO] 移動到Rotate_top完成
2025-07-23 19:57:34,982 [INFO] 運動同步完成
2025-07-23 19:57:34,983 [INFO] 移動到Rotate_down完成
2025-07-23 19:57:34,983 [INFO] PGC夾爪快速關閉
2025-07-23 19:57:35,430 [INFO] PGC快速關閉成功，耗時: 0.448秒
2025-07-23 19:57:35,731 [INFO] 夾爪關閉完成
2025-07-23 19:57:35,731 [INFO] 運動同步完成
2025-07-23 19:57:35,731 [INFO] 返回Rotate_top完成
2025-07-23 19:57:35,732 [INFO] 運動同步完成
2025-07-23 19:57:35,732 [INFO] 返回standby完成
2025-07-23 19:57:35,732 [WARNING] CCD3不可用，使用預設角度
2025-07-23 19:57:35,733 [INFO] 運動同步完成
2025-07-23 19:57:35,733 [INFO] 運動同步完成
2025-07-23 19:57:35,733 [INFO] PGC智能釋放到位置: 360
2025-07-23 19:57:36,054 [INFO] PGC智能釋放成功，耗時: 0.320秒
2025-07-23 19:57:36,354 [INFO] 運動同步完成
2025-07-23 19:57:36,355 [INFO] 運動同步完成
2025-07-23 19:57:36,355 [INFO] 移動到put_asm_top完成
2025-07-23 19:57:36,355 [INFO] Flow1流程完成，執行次數: 7
2025-07-23 19:57:36,355 [INFO] 機械臂上料完成
2025-07-23 19:57:36,355 [INFO] 執行機械臂組裝事件
2025-07-23 19:57:36,356 [INFO] 機械臂組裝事件啟動(Flow2流程)
2025-07-23 19:57:41,357 [INFO] 開始組裝流程，使用角度: 45.00°
2025-07-23 19:57:41,357 [INFO] 運動同步完成
2025-07-23 19:57:41,358 [INFO] 移動到put_asm_top完成 (J4角度:45.00°)
2025-07-23 19:57:41,358 [INFO] 運動同步完成
2025-07-23 19:57:41,358 [INFO] 移動到put_asm_down完成 (J4角度:45.00°)
2025-07-23 19:57:41,358 [INFO] PGC夾爪快速關閉
2025-07-23 19:57:41,684 [INFO] PGC快速關閉成功，耗時: 0.326秒
2025-07-23 19:57:41,985 [INFO] 夾爪關閉完成
2025-07-23 19:57:41,985 [INFO] 運動同步完成
2025-07-23 19:57:41,985 [INFO] 返回put_asm_top完成
2025-07-23 19:57:41,986 [INFO] 運動同步完成
2025-07-23 19:57:41,986 [INFO] 返回standby完成
2025-07-23 19:57:41,986 [INFO] Flow2組裝流程完成
2025-07-23 19:57:41,986 [INFO] 機械臂組裝完成
2025-07-23 19:57:41,986 [INFO] 第7次生產循環完成
2025-07-23 19:57:42,987 [INFO] --- 開始第8次生產循環 ---
2025-07-23 19:57:42,987 [INFO] 執行機械臂上料事件 - 處理第8個物件
2025-07-23 19:57:42,987 [INFO] 機械臂上料事件啟動(Flow1流程)
2025-07-23 19:57:42,987 [INFO] 處理第8個物件，座標:(-102.00, 302.61)
2025-07-23 19:57:42,988 [INFO] 切換到左手手勢
2025-07-23 19:57:42,988 [INFO] 運動同步完成
2025-07-23 19:57:42,988 [INFO] 移動到standby完成
2025-07-23 19:57:42,989 [INFO] 運動同步完成
2025-07-23 19:57:42,989 [INFO] 移動到VP_TOPSIDE完成
2025-07-23 19:57:42,989 [INFO] 運動同步完成
2025-07-23 19:57:42,989 [INFO] 移動到檢測位置上方完成
2025-07-23 19:57:42,990 [INFO] 運動同步完成
2025-07-23 19:57:42,990 [INFO] 移動到夾取位置完成
2025-07-23 19:57:42,990 [INFO] PGC智能釋放到位置: 360
2025-07-23 19:57:43,314 [INFO] PGC智能釋放成功，耗時: 0.324秒
2025-07-23 19:57:43,615 [INFO] 夾爪撐開完成
2025-07-23 19:57:43,615 [INFO] 運動同步完成
2025-07-23 19:57:43,615 [INFO] 返回VP_TOPSIDE完成
2025-07-23 19:57:43,615 [INFO] 運動同步完成
2025-07-23 19:57:43,615 [INFO] 返回standby完成
2025-07-23 19:57:43,616 [INFO] 運動同步完成
2025-07-23 19:57:43,616 [INFO] 移動到Rotate_top完成
2025-07-23 19:57:43,617 [INFO] 運動同步完成
2025-07-23 19:57:43,617 [INFO] 移動到Rotate_down完成
2025-07-23 19:57:43,617 [INFO] PGC夾爪快速關閉
2025-07-23 19:57:43,940 [INFO] PGC快速關閉成功，耗時: 0.322秒
2025-07-23 19:57:44,240 [INFO] 夾爪關閉完成
2025-07-23 19:57:44,240 [INFO] 運動同步完成
2025-07-23 19:57:44,240 [INFO] 返回Rotate_top完成
2025-07-23 19:57:44,240 [INFO] 運動同步完成
2025-07-23 19:57:44,241 [INFO] 返回standby完成
2025-07-23 19:57:44,241 [WARNING] CCD3不可用，使用預設角度
2025-07-23 19:57:44,241 [INFO] 運動同步完成
2025-07-23 19:57:44,242 [INFO] 運動同步完成
2025-07-23 19:57:44,242 [INFO] PGC智能釋放到位置: 360
2025-07-23 19:57:44,562 [INFO] PGC智能釋放成功，耗時: 0.320秒
2025-07-23 19:57:44,863 [INFO] 運動同步完成
2025-07-23 19:57:44,864 [INFO] 運動同步完成
2025-07-23 19:57:44,864 [INFO] 移動到put_asm_top完成
2025-07-23 19:57:44,864 [INFO] Flow1流程完成，執行次數: 8
2025-07-23 19:57:44,864 [INFO] 機械臂上料完成
2025-07-23 19:57:44,865 [INFO] 執行機械臂組裝事件
2025-07-23 19:57:44,865 [INFO] 機械臂組裝事件啟動(Flow2流程)
2025-07-23 19:57:49,866 [INFO] 開始組裝流程，使用角度: 45.00°
2025-07-23 19:57:49,867 [INFO] 運動同步完成
2025-07-23 19:57:49,867 [INFO] 移動到put_asm_top完成 (J4角度:45.00°)
2025-07-23 19:57:49,867 [INFO] 運動同步完成
2025-07-23 19:57:49,868 [INFO] 移動到put_asm_down完成 (J4角度:45.00°)
2025-07-23 19:57:49,868 [INFO] PGC夾爪快速關閉
2025-07-23 19:57:50,192 [INFO] PGC快速關閉成功，耗時: 0.323秒
2025-07-23 19:57:50,493 [INFO] 夾爪關閉完成
2025-07-23 19:57:50,493 [INFO] 運動同步完成
2025-07-23 19:57:50,493 [INFO] 返回put_asm_top完成
2025-07-23 19:57:50,494 [INFO] 運動同步完成
2025-07-23 19:57:50,494 [INFO] 返回standby完成
2025-07-23 19:57:50,494 [INFO] Flow2組裝流程完成
2025-07-23 19:57:50,494 [INFO] 機械臂組裝完成
2025-07-23 19:57:50,494 [INFO] 第8次生產循環完成
2025-07-23 19:57:51,495 [INFO] --- 開始第9次生產循環 ---
2025-07-23 19:57:51,495 [INFO] 執行機械臂上料事件 - 處理第9個物件
2025-07-23 19:57:51,495 [INFO] 機械臂上料事件啟動(Flow1流程)
2025-07-23 19:57:51,495 [INFO] 處理第9個物件，座標:(-59.16, 334.69)
2025-07-23 19:57:51,496 [INFO] 切換到左手手勢
2025-07-23 19:57:51,496 [INFO] 運動同步完成
2025-07-23 19:57:51,496 [INFO] 移動到standby完成
2025-07-23 19:57:51,497 [INFO] 運動同步完成
2025-07-23 19:57:51,497 [INFO] 移動到VP_TOPSIDE完成
2025-07-23 19:57:51,497 [INFO] 運動同步完成
2025-07-23 19:57:51,498 [INFO] 移動到檢測位置上方完成
2025-07-23 19:57:51,498 [INFO] 運動同步完成
2025-07-23 19:57:51,498 [INFO] 移動到夾取位置完成
2025-07-23 19:57:51,498 [INFO] PGC智能釋放到位置: 360
2025-07-23 19:57:51,823 [INFO] PGC智能釋放成功，耗時: 0.325秒
2025-07-23 19:57:52,123 [INFO] 夾爪撐開完成
2025-07-23 19:57:52,123 [INFO] 運動同步完成
2025-07-23 19:57:52,123 [INFO] 返回VP_TOPSIDE完成
2025-07-23 19:57:52,124 [INFO] 運動同步完成
2025-07-23 19:57:52,124 [INFO] 返回standby完成
2025-07-23 19:57:52,124 [INFO] 運動同步完成
2025-07-23 19:57:52,124 [INFO] 移動到Rotate_top完成
2025-07-23 19:57:52,125 [INFO] 運動同步完成
2025-07-23 19:57:52,125 [INFO] 移動到Rotate_down完成
2025-07-23 19:57:52,125 [INFO] PGC夾爪快速關閉
2025-07-23 19:59:09,799 [INFO] 自動化系統啟動
2025-07-23 19:59:09,800 [INFO] === 階段1: 初始化物件管理器 ===
2025-07-23 19:59:09,800 [INFO] 物件管理器啟動 - 開始初始化子系統
2025-07-23 19:59:09,801 [INFO] Robot類別初始化開始
2025-07-23 19:59:09,801 [INFO] 正在初始化CCD1視覺系統...
2025-07-23 19:59:10,094 [INFO] 相機管理器初始化完成 - 頻寬控制版
2025-07-23 19:59:10,094 [INFO] 添加相機 ccd1_camera - IP: 192.168.1.8, 頻寬: 200Mbps
2025-07-23 19:59:10,724 [INFO] 開始配置頻寬控制: 200Mbps
2025-07-23 19:59:10,739 [INFO] ✓ 設置包大小: 1500 bytes
2025-07-23 19:59:10,750 [INFO] ✓ 設置包間延遲: 5000 ticks
2025-07-23 19:59:10,750 [INFO] 頻寬計算: 最大FPS=4.13, 實際FPS=4.13
2025-07-23 19:59:10,751 [INFO] ✓ 重傳參數設置成功
2025-07-23 19:59:10,751 [INFO] ✓ GVSP超時設置: 5000ms
2025-07-23 19:59:10,752 [INFO] ○ 設備不支援直接頻寬限制，使用其他方法控制
2025-07-23 19:59:10,752 [INFO] 頻寬控制配置完成
2025-07-23 19:59:10,776 [WARNING] 設置像素格式失敗: 0x80000106
2025-07-23 19:59:10,785 [INFO] ✓ 曝光時間設置: 20000.0μs
2025-07-23 19:59:10,795 [INFO] ✓ 幀率設置: 5.0 FPS
2025-07-23 19:59:10,803 [INFO] ✓ 觸發模式
2025-07-23 19:59:10,803 [INFO] ✓ 緩存節點: 1 (最新幀模式)
2025-07-23 19:59:10,803 [INFO] ✓ 抓取策略: 僅最新幀
2025-07-23 19:59:10,804 [INFO] 相機 ccd1_camera 參數配置完成
2025-07-23 19:59:10,804 [INFO] 相機 ccd1_camera 連接成功 - 頻寬限制: 200Mbps
2025-07-23 19:59:10,836 [INFO] 相機 ccd1_camera 開始串流 - 5.0FPS
2025-07-23 19:59:11,838 [INFO] CCD1視覺系統初始化成功
2025-07-23 19:59:11,838 [INFO] CCD1初始化成功
2025-07-23 19:59:11,838 [INFO] 正在初始化CCD3角度檢測系統...
2025-07-23 19:59:12,467 [INFO] 開始配置頻寬控制: 200Mbps
2025-07-23 19:59:12,477 [INFO] ✓ 設置包大小: 1500 bytes
2025-07-23 19:59:12,485 [INFO] ✓ 設置包間延遲: 5000 ticks
2025-07-23 19:59:12,485 [INFO] 頻寬計算: 最大FPS=4.13, 實際FPS=4.13
2025-07-23 19:59:12,485 [INFO] ✓ 重傳參數設置成功
2025-07-23 19:59:12,486 [INFO] ✓ GVSP超時設置: 5000ms
2025-07-23 19:59:12,489 [INFO] ○ 設備不支援直接頻寬限制，使用其他方法控制
2025-07-23 19:59:12,489 [INFO] 頻寬控制配置完成
2025-07-23 19:59:12,509 [WARNING] 設置像素格式失敗: 0x80000106
2025-07-23 19:59:12,527 [INFO] ✓ 曝光時間設置: 20000.0μs
2025-07-23 19:59:12,539 [INFO] ✓ 幀率設置: 5.0 FPS
2025-07-23 19:59:12,544 [INFO] ✓ 觸發模式
2025-07-23 19:59:12,544 [INFO] ✓ 緩存節點: 1 (最新幀模式)
2025-07-23 19:59:12,544 [INFO] ✓ 抓取策略: 僅最新幀
2025-07-23 19:59:12,544 [INFO] 相機 ccd3_headless_camera 參數配置完成
2025-07-23 19:59:12,545 [INFO] 相機 ccd3_headless_camera 連接成功 - 頻寬限制: 200Mbps
2025-07-23 19:59:12,575 [INFO] 相機 ccd3_headless_camera 開始串流 - 5.0FPS
2025-07-23 19:59:12,781 [INFO] CCD3角度檢測系統初始化成功
2025-07-23 19:59:12,782 [INFO] CCD3初始化成功
2025-07-23 19:59:12,782 [INFO] 正在初始化震動盤系統...
2025-07-23 19:59:12,931 [INFO] 震動盤系統初始化成功
2025-07-23 19:59:12,931 [INFO] 震動盤初始化成功
2025-07-23 19:59:12,931 [INFO] 正在初始化夾爪系統...
2025-07-23 19:59:12,932 [INFO] PGC夾爪API初始化 - 直接串口通信模式
2025-07-23 19:59:12,932 [INFO] 正在連接PGC夾爪串口: COM3
2025-07-23 19:59:12,952 [INFO] PGC夾爪串口連接成功: COM3
2025-07-23 19:59:12,952 [INFO] PGC夾爪連接成功
2025-07-23 19:59:12,952 [INFO] 開始自動初始化PGC夾爪
2025-07-23 19:59:12,952 [INFO] 開始初始化PGC夾爪
2025-07-23 19:59:15,671 [INFO] PGC夾爪初始化成功，耗時: 2.719秒
2025-07-23 19:59:15,671 [INFO] PGC夾爪初始化成功
2025-07-23 19:59:15,671 [INFO] 夾爪系統初始化成功
2025-07-23 19:59:15,671 [INFO] 夾爪初始化成功
2025-07-23 19:59:15,671 [INFO] 正在初始化Dobot機械臂...
2025-07-23 19:59:15,719 [INFO] Dobot連接成功: 192.168.1.6
2025-07-23 19:59:16,928 [INFO] 機械臂使能成功
2025-07-23 19:59:16,928 [INFO] 機械臂自動使能成功
2025-07-23 19:59:16,928 [INFO] Dobot機械臂初始化成功
2025-07-23 19:59:16,936 [INFO] 碰撞檢測等級設定為: 3
2025-07-23 19:59:16,936 [INFO] 碰撞檢測等級設置為: 3
2025-07-23 19:59:16,936 [INFO] 機械臂初始化成功
2025-07-23 19:59:16,936 [INFO] 子系統初始化完成，成功: 5/5
2025-07-23 19:59:18,148 [INFO] 機械臂使能成功
2025-07-23 19:59:18,148 [INFO] 機械臂連接並使能成功
2025-07-23 19:59:18,149 [INFO] PGC夾爪快速關閉
2025-07-23 19:59:18,981 [INFO] PGC快速關閉成功，耗時: 0.832秒
2025-07-23 19:59:18,981 [INFO] 夾爪連接並關閉成功
2025-07-23 19:59:18,981 [INFO] CCD1系統可用
2025-07-23 19:59:18,981 [WARNING] CCD3系統不可用，角度檢測功能將受限
2025-07-23 19:59:18,982 [INFO] 載入機械臂點位成功，共9個點位
2025-07-23 19:59:18,982 [INFO] 物件管理器初始化完成
2025-07-23 19:59:18,982 [INFO] 物件管理器初始化完成
2025-07-23 19:59:18,982 [INFO] === 階段2: 執行參數設定 ===
2025-07-23 19:59:18,983 [INFO] 參數設定事件啟動
2025-07-23 19:59:18,983 [INFO] CCD1使用預設模型: 1
2025-07-23 19:59:18,983 [INFO] PGC智能釋放到位置: 360
2025-07-23 19:59:19,008 [INFO] PGC智能釋放成功，耗時: 0.025秒
2025-07-23 19:59:19,008 [INFO] 夾爪開度設定為: 360
2025-07-23 19:59:19,008 [INFO] 震動盤狀態檢查:
2025-07-23 19:59:19,008 [INFO]   robot.VP: <vibration_plate_controller.ProductionVibrationPlate object at 0x000001F198D9AC90>
2025-07-23 19:59:19,008 [INFO]   hasattr connected: False
2025-07-23 19:59:19,008 [INFO]   VP.is_connected(): True
2025-07-23 19:59:19,009 [INFO] 震動盤背光設定成功
2025-07-23 19:59:19,009 [INFO] 震動盤參數 - 強度:107, 頻率:87
2025-07-23 19:59:19,010 [INFO] 參數設定完成
2025-07-23 19:59:19,010 [INFO] 參數設定完成
2025-07-23 19:59:19,010 [INFO] === 階段3: 執行自動進料 ===
2025-07-23 19:59:19,010 [INFO] 自動進料事件啟動
2025-07-23 19:59:20,569 [INFO] CCD1檢測成功: {0: 13, 1: 20}
2025-07-23 19:59:20,569 [INFO] 使用上次CCD1檢測結果獲取座標
2025-07-23 19:59:20,569 [INFO] 像素座標數據獲取成功: 2類
2025-07-23 19:59:20,570 [INFO] 像素座標 - 標籤0: 13個物件
2025-07-23 19:59:20,570 [INFO] 像素座標 - 標籤1: 20個物件
2025-07-23 19:59:20,570 [INFO] 世界座標數據獲取成功: 2類
2025-07-23 19:59:20,570 [INFO] 世界座標 - 標籤0: 13個物件
2025-07-23 19:59:20,571 [INFO] 世界座標 - 標籤1: 20個物件
2025-07-23 19:59:20,571 [INFO] 檢測結果 - 標籤0:13, 標籤1:20, 標籤2:0
2025-07-23 19:59:20,571 [INFO] 物料準備完成 - 標籤0數量:13個
2025-07-23 19:59:20,571 [INFO] 自動進料完成
2025-07-23 19:59:20,571 [INFO] === 階段4: 開始生產循環 ===
2025-07-23 19:59:20,572 [INFO] --- 開始第1次生產循環 ---
2025-07-23 19:59:20,572 [INFO] 執行機械臂上料事件 - 處理第1個物件
2025-07-23 19:59:20,572 [INFO] 機械臂上料事件啟動(Flow1流程)
2025-07-23 19:59:20,572 [INFO] 處理第1個物件，座標:(-30.76, 263.20)
2025-07-23 19:59:20,575 [INFO] 切換到左手手勢
2025-07-23 19:59:21,014 [INFO] 運動同步完成
2025-07-23 19:59:21,014 [INFO] 移動到standby完成
2025-07-23 19:59:21,826 [INFO] 運動同步完成
2025-07-23 19:59:21,826 [INFO] 移動到VP_TOPSIDE完成
2025-07-23 19:59:22,214 [INFO] 運動同步完成
2025-07-23 19:59:22,214 [INFO] 移動到檢測位置上方完成
2025-07-23 19:59:22,929 [INFO] 運動同步完成
2025-07-23 19:59:22,930 [INFO] 移動到夾取位置完成
2025-07-23 19:59:22,930 [INFO] PGC智能釋放到位置: 360
2025-07-23 19:59:22,963 [INFO] PGC智能釋放成功，耗時: 0.033秒
2025-07-23 19:59:23,264 [INFO] 夾爪撐開完成
2025-07-23 19:59:23,990 [INFO] 運動同步完成
2025-07-23 19:59:23,990 [INFO] 返回VP_TOPSIDE完成
2025-07-23 19:59:24,801 [INFO] 運動同步完成
2025-07-23 19:59:24,802 [INFO] 返回standby完成
2025-07-23 19:59:25,578 [INFO] 運動同步完成
2025-07-23 19:59:25,578 [INFO] 移動到Rotate_top完成
2025-07-23 19:59:25,969 [INFO] 運動同步完成
2025-07-23 19:59:25,970 [INFO] 移動到Rotate_down完成
2025-07-23 19:59:25,970 [INFO] PGC夾爪快速關閉
2025-07-23 19:59:26,338 [INFO] PGC快速關閉成功，耗時: 0.368秒
2025-07-23 19:59:26,639 [INFO] 夾爪關閉完成
2025-07-23 19:59:27,037 [INFO] 運動同步完成
2025-07-23 19:59:27,038 [INFO] 返回Rotate_top完成
2025-07-23 19:59:27,805 [INFO] 運動同步完成
2025-07-23 19:59:27,805 [INFO] 返回standby完成
2025-07-23 19:59:27,806 [WARNING] CCD3不可用，使用預設角度
2025-07-23 19:59:28,582 [INFO] 運動同步完成
2025-07-23 19:59:28,978 [INFO] 運動同步完成
2025-07-23 19:59:28,978 [INFO] PGC智能釋放到位置: 360
2025-07-23 19:59:29,343 [INFO] PGC智能釋放成功，耗時: 0.365秒
2025-07-23 19:59:30,042 [INFO] 運動同步完成
2025-07-23 19:59:31,486 [INFO] 運動同步完成
2025-07-23 19:59:31,486 [INFO] 移動到put_asm_top完成
2025-07-23 19:59:31,486 [INFO] Flow1流程完成，執行次數: 1
2025-07-23 19:59:31,486 [INFO] 機械臂上料完成
2025-07-23 19:59:31,486 [INFO] 執行機械臂組裝事件
2025-07-23 19:59:31,487 [INFO] 機械臂組裝事件啟動(Flow2流程)
2025-07-23 19:59:36,488 [INFO] 開始組裝流程，使用角度: 45.00°
2025-07-23 19:59:37,213 [INFO] 運動同步完成
2025-07-23 19:59:37,214 [INFO] 移動到put_asm_top完成 (J4角度:45.00°)
2025-07-23 19:59:37,589 [INFO] 運動同步完成
2025-07-23 19:59:37,589 [INFO] 移動到put_asm_down完成 (J4角度:45.00°)
2025-07-23 19:59:37,589 [INFO] PGC夾爪快速關閉
2025-07-23 19:59:37,947 [INFO] PGC快速關閉成功，耗時: 0.358秒
2025-07-23 19:59:38,248 [INFO] 夾爪關閉完成
2025-07-23 19:59:38,614 [INFO] 運動同步完成
2025-07-23 19:59:38,616 [INFO] 返回put_asm_top完成
2025-07-23 19:59:39,960 [INFO] 運動同步完成
2025-07-23 19:59:39,961 [INFO] 返回standby完成
2025-07-23 19:59:39,961 [INFO] Flow2組裝流程完成
2025-07-23 19:59:39,961 [INFO] 機械臂組裝完成
2025-07-23 19:59:39,961 [INFO] 第1次生產循環完成
2025-07-23 19:59:40,963 [INFO] --- 開始第2次生產循環 ---
2025-07-23 19:59:40,963 [INFO] 執行機械臂上料事件 - 處理第2個物件
2025-07-23 19:59:40,963 [INFO] 機械臂上料事件啟動(Flow1流程)
2025-07-23 19:59:40,963 [INFO] 處理第2個物件，座標:(-56.51, 308.23)
2025-07-23 19:59:40,979 [INFO] 切換到左手手勢
2025-07-23 19:59:41,104 [INFO] 運動同步完成
2025-07-23 19:59:41,105 [INFO] 移動到standby完成
2025-07-23 19:59:41,913 [INFO] 運動同步完成
2025-07-23 19:59:41,913 [INFO] 移動到VP_TOPSIDE完成
2025-07-23 19:59:42,329 [INFO] 運動同步完成
2025-07-23 19:59:42,330 [INFO] 移動到檢測位置上方完成
2025-07-23 19:59:43,037 [INFO] 運動同步完成
2025-07-23 19:59:43,037 [INFO] 移動到夾取位置完成
2025-07-23 19:59:43,037 [INFO] PGC智能釋放到位置: 360
2025-07-23 19:59:43,355 [INFO] PGC智能釋放成功，耗時: 0.317秒
2025-07-23 19:59:43,656 [INFO] 夾爪撐開完成
2025-07-23 19:59:44,401 [INFO] 運動同步完成
2025-07-23 19:59:44,401 [INFO] 返回VP_TOPSIDE完成
2025-07-23 19:59:45,201 [INFO] 運動同步完成
2025-07-23 19:59:45,202 [INFO] 返回standby完成
2025-07-23 19:59:45,968 [INFO] 運動同步完成
2025-07-23 19:59:45,969 [INFO] 移動到Rotate_top完成
2025-07-23 19:59:46,364 [INFO] 運動同步完成
2025-07-23 19:59:46,365 [INFO] 移動到Rotate_down完成
2025-07-23 19:59:46,365 [INFO] PGC夾爪快速關閉
2025-07-23 19:59:46,681 [INFO] PGC快速關閉成功，耗時: 0.316秒
2025-07-23 19:59:46,982 [INFO] 夾爪關閉完成
2025-07-23 19:59:47,372 [INFO] 運動同步完成
2025-07-23 19:59:47,373 [INFO] 返回Rotate_top完成
2025-07-23 19:59:48,144 [INFO] 運動同步完成
2025-07-23 19:59:48,145 [INFO] 返回standby完成
2025-07-23 19:59:48,145 [WARNING] CCD3不可用，使用預設角度
2025-07-23 19:59:48,913 [INFO] 運動同步完成
2025-07-23 19:59:49,320 [INFO] 運動同步完成
2025-07-23 19:59:49,320 [INFO] PGC智能釋放到位置: 360
2025-07-23 19:59:49,640 [INFO] PGC智能釋放成功，耗時: 0.319秒
2025-07-23 19:59:50,341 [INFO] 運動同步完成
2025-07-23 19:59:51,796 [INFO] 運動同步完成
2025-07-23 19:59:51,796 [INFO] 移動到put_asm_top完成
2025-07-23 19:59:51,797 [INFO] Flow1流程完成，執行次數: 2
2025-07-23 19:59:51,797 [INFO] 機械臂上料完成
2025-07-23 19:59:51,797 [INFO] 執行機械臂組裝事件
2025-07-23 19:59:51,797 [INFO] 機械臂組裝事件啟動(Flow2流程)
2025-07-23 19:59:56,799 [INFO] 開始組裝流程，使用角度: 45.00°
2025-07-23 19:59:57,525 [INFO] 運動同步完成
2025-07-23 19:59:57,525 [INFO] 移動到put_asm_top完成 (J4角度:45.00°)
2025-07-23 19:59:57,892 [INFO] 運動同步完成
2025-07-23 19:59:57,893 [INFO] 移動到put_asm_down完成 (J4角度:45.00°)
2025-07-23 19:59:57,893 [INFO] PGC夾爪快速關閉
2025-07-23 19:59:58,211 [INFO] PGC快速關閉成功，耗時: 0.318秒
2025-07-23 19:59:58,512 [INFO] 夾爪關閉完成
2025-07-23 19:59:58,880 [INFO] 運動同步完成
2025-07-23 19:59:58,880 [INFO] 返回put_asm_top完成
2025-07-23 20:00:00,229 [INFO] 運動同步完成
2025-07-23 20:00:00,229 [INFO] 返回standby完成
2025-07-23 20:00:00,229 [INFO] Flow2組裝流程完成
2025-07-23 20:00:00,229 [INFO] 機械臂組裝完成
2025-07-23 20:00:00,229 [INFO] 第2次生產循環完成
2025-07-23 20:00:01,230 [INFO] --- 開始第3次生產循環 ---
2025-07-23 20:00:01,230 [INFO] 執行機械臂上料事件 - 處理第3個物件
2025-07-23 20:00:01,230 [INFO] 機械臂上料事件啟動(Flow1流程)
2025-07-23 20:00:01,231 [INFO] 處理第3個物件，座標:(-98.73, 274.95)
2025-07-23 20:00:01,234 [INFO] 切換到左手手勢
2025-07-23 20:00:01,372 [INFO] 運動同步完成
2025-07-23 20:00:01,372 [INFO] 移動到standby完成
2025-07-23 20:00:02,176 [INFO] 運動同步完成
2025-07-23 20:00:02,177 [INFO] 移動到VP_TOPSIDE完成
2025-07-23 20:00:02,799 [INFO] 運動同步完成
2025-07-23 20:00:02,800 [INFO] 移動到檢測位置上方完成
2025-07-23 20:00:03,503 [INFO] 運動同步完成
2025-07-23 20:00:03,504 [INFO] 移動到夾取位置完成
2025-07-23 20:00:03,504 [INFO] PGC智能釋放到位置: 360
2025-07-23 20:00:03,826 [INFO] PGC智能釋放成功，耗時: 0.321秒
2025-07-23 20:00:04,126 [INFO] 夾爪撐開完成
2025-07-23 20:00:04,976 [INFO] 運動同步完成
2025-07-23 20:00:04,976 [INFO] 返回VP_TOPSIDE完成
2025-07-23 20:00:05,788 [INFO] 運動同步完成
2025-07-23 20:00:05,788 [INFO] 返回standby完成
2025-07-23 20:00:06,560 [INFO] 運動同步完成
2025-07-23 20:00:06,561 [INFO] 移動到Rotate_top完成
2025-07-23 20:00:06,959 [INFO] 運動同步完成
2025-07-23 20:00:06,960 [INFO] 移動到Rotate_down完成
2025-07-23 20:00:06,960 [INFO] PGC夾爪快速關閉
2025-07-23 20:00:07,280 [INFO] PGC快速關閉成功，耗時: 0.320秒
2025-07-23 20:00:07,581 [INFO] 夾爪關閉完成
2025-07-23 20:00:07,979 [INFO] 運動同步完成
2025-07-23 20:00:07,980 [INFO] 返回Rotate_top完成
2025-07-23 20:00:08,752 [INFO] 運動同步完成
2025-07-23 20:00:08,752 [INFO] 返回standby完成
2025-07-23 20:00:08,752 [WARNING] CCD3不可用，使用預設角度
2025-07-23 20:00:09,528 [INFO] 運動同步完成
2025-07-23 20:00:09,928 [INFO] 運動同步完成
2025-07-23 20:00:09,928 [INFO] PGC智能釋放到位置: 360
2025-07-23 20:00:10,238 [INFO] PGC智能釋放成功，耗時: 0.309秒
2025-07-23 20:00:10,939 [INFO] 運動同步完成
2025-07-23 20:00:12,399 [INFO] 運動同步完成
2025-07-23 20:00:12,400 [INFO] 移動到put_asm_top完成
2025-07-23 20:00:12,400 [INFO] Flow1流程完成，執行次數: 3
2025-07-23 20:00:12,400 [INFO] 機械臂上料完成
2025-07-23 20:00:12,400 [INFO] 執行機械臂組裝事件
2025-07-23 20:00:12,400 [INFO] 機械臂組裝事件啟動(Flow2流程)
2025-07-23 20:00:17,401 [INFO] 開始組裝流程，使用角度: 45.00°
2025-07-23 20:00:18,120 [INFO] 運動同步完成
2025-07-23 20:00:18,120 [INFO] 移動到put_asm_top完成 (J4角度:45.00°)
2025-07-23 20:00:18,492 [INFO] 運動同步完成
2025-07-23 20:00:18,492 [INFO] 移動到put_asm_down完成 (J4角度:45.00°)
2025-07-23 20:00:18,492 [INFO] PGC夾爪快速關閉
2025-07-23 20:00:18,810 [INFO] PGC快速關閉成功，耗時: 0.317秒
2025-07-23 20:00:19,111 [INFO] 夾爪關閉完成
2025-07-23 20:00:19,488 [INFO] 運動同步完成
2025-07-23 20:00:19,488 [INFO] 返回put_asm_top完成
2025-07-23 20:00:20,839 [INFO] 運動同步完成
2025-07-23 20:00:20,840 [INFO] 返回standby完成
2025-07-23 20:00:20,840 [INFO] Flow2組裝流程完成
2025-07-23 20:00:20,840 [INFO] 機械臂組裝完成
2025-07-23 20:00:20,840 [INFO] 第3次生產循環完成
2025-07-23 20:00:21,841 [INFO] --- 開始第4次生產循環 ---
2025-07-23 20:00:21,841 [INFO] 執行機械臂上料事件 - 處理第4個物件
2025-07-23 20:00:21,841 [INFO] 機械臂上料事件啟動(Flow1流程)
2025-07-23 20:00:21,842 [INFO] 處理第4個物件，座標:(-53.36, 276.73)
2025-07-23 20:00:21,846 [INFO] 切換到左手手勢
2025-07-23 20:00:21,979 [INFO] 運動同步完成
2025-07-23 20:00:21,980 [INFO] 移動到standby完成
2025-07-23 20:00:22,791 [INFO] 運動同步完成
2025-07-23 20:00:22,791 [INFO] 移動到VP_TOPSIDE完成
2025-07-23 20:00:23,196 [INFO] 運動同步完成
2025-07-23 20:00:23,196 [INFO] 移動到檢測位置上方完成
2025-07-23 20:00:23,911 [INFO] 運動同步完成
2025-07-23 20:00:23,912 [INFO] 移動到夾取位置完成
2025-07-23 20:00:23,912 [INFO] PGC智能釋放到位置: 360
2025-07-23 20:00:24,233 [INFO] PGC智能釋放成功，耗時: 0.321秒
2025-07-23 20:00:24,534 [INFO] 夾爪撐開完成
2025-07-23 20:00:25,264 [INFO] 運動同步完成
2025-07-23 20:00:25,264 [INFO] 返回VP_TOPSIDE完成
2025-07-23 20:00:26,075 [INFO] 運動同步完成
2025-07-23 20:00:26,075 [INFO] 返回standby完成
2025-07-23 20:00:26,851 [INFO] 運動同步完成
2025-07-23 20:00:26,851 [INFO] 移動到Rotate_top完成
2025-07-23 20:00:27,243 [INFO] 運動同步完成
2025-07-23 20:00:27,244 [INFO] 移動到Rotate_down完成
2025-07-23 20:00:27,244 [INFO] PGC夾爪快速關閉
2025-07-23 20:00:27,560 [INFO] PGC快速關閉成功，耗時: 0.315秒
2025-07-23 20:00:27,861 [INFO] 夾爪關閉完成
2025-07-23 20:00:28,259 [INFO] 運動同步完成
2025-07-23 20:00:28,259 [INFO] 返回Rotate_top完成
2025-07-23 20:00:29,035 [INFO] 運動同步完成
2025-07-23 20:00:29,035 [INFO] 返回standby完成
2025-07-23 20:00:29,036 [WARNING] CCD3不可用，使用預設角度
2025-07-23 20:00:29,799 [INFO] 運動同步完成
2025-07-23 20:00:30,207 [INFO] 運動同步完成
2025-07-23 20:00:30,207 [INFO] PGC智能釋放到位置: 360
2025-07-23 20:00:30,519 [INFO] PGC智能釋放成功，耗時: 0.312秒
2025-07-23 20:00:31,215 [INFO] 運動同步完成
2025-07-23 20:00:32,663 [INFO] 運動同步完成
2025-07-23 20:00:32,663 [INFO] 移動到put_asm_top完成
2025-07-23 20:00:32,663 [INFO] Flow1流程完成，執行次數: 4
2025-07-23 20:00:32,664 [INFO] 機械臂上料完成
2025-07-23 20:00:32,664 [INFO] 執行機械臂組裝事件
2025-07-23 20:00:32,664 [INFO] 機械臂組裝事件啟動(Flow2流程)
2025-07-23 20:00:37,665 [INFO] 開始組裝流程，使用角度: 45.00°
2025-07-23 20:00:38,394 [INFO] 運動同步完成
2025-07-23 20:00:38,395 [INFO] 移動到put_asm_top完成 (J4角度:45.00°)
2025-07-23 20:00:38,758 [INFO] 運動同步完成
2025-07-23 20:00:38,758 [INFO] 移動到put_asm_down完成 (J4角度:45.00°)
2025-07-23 20:00:38,758 [INFO] PGC夾爪快速關閉
2025-07-23 20:00:39,075 [INFO] PGC快速關閉成功，耗時: 0.316秒
2025-07-23 20:00:39,376 [INFO] 夾爪關閉完成
2025-07-23 20:00:39,747 [INFO] 運動同步完成
2025-07-23 20:00:39,747 [INFO] 返回put_asm_top完成
2025-07-23 20:00:41,110 [INFO] 運動同步完成
2025-07-23 20:00:41,110 [INFO] 返回standby完成
2025-07-23 20:00:41,110 [INFO] Flow2組裝流程完成
2025-07-23 20:00:41,110 [INFO] 機械臂組裝完成
2025-07-23 20:00:41,110 [INFO] 第4次生產循環完成
2025-07-23 20:00:42,111 [INFO] --- 開始第5次生產循環 ---
2025-07-23 20:00:42,111 [INFO] 執行機械臂上料事件 - 處理第5個物件
2025-07-23 20:00:42,111 [INFO] 機械臂上料事件啟動(Flow1流程)
2025-07-23 20:00:42,112 [INFO] 處理第5個物件，座標:(-51.15, 208.51)
2025-07-23 20:00:42,117 [INFO] 切換到左手手勢
2025-07-23 20:00:42,246 [INFO] 運動同步完成
2025-07-23 20:00:42,247 [INFO] 移動到standby完成
2025-07-23 20:00:43,055 [INFO] 運動同步完成
2025-07-23 20:00:43,055 [INFO] 移動到VP_TOPSIDE完成
2025-07-23 20:00:43,742 [INFO] 運動同步完成
2025-07-23 20:00:43,742 [INFO] 移動到檢測位置上方完成
2025-07-23 20:00:44,454 [INFO] 運動同步完成
2025-07-23 20:00:44,454 [INFO] 移動到夾取位置完成
2025-07-23 20:00:44,454 [INFO] PGC智能釋放到位置: 360
2025-07-23 20:00:44,768 [INFO] PGC智能釋放成功，耗時: 0.313秒
2025-07-23 20:00:45,069 [INFO] 夾爪撐開完成
2025-07-23 20:00:45,958 [INFO] 運動同步完成
2025-07-23 20:00:45,958 [INFO] 返回VP_TOPSIDE完成
2025-07-23 20:00:46,771 [INFO] 運動同步完成
2025-07-23 20:00:46,771 [INFO] 返回standby完成
2025-07-23 20:00:47,543 [INFO] 運動同步完成
2025-07-23 20:00:47,543 [INFO] 移動到Rotate_top完成
2025-07-23 20:00:47,943 [INFO] 運動同步完成
2025-07-23 20:00:47,943 [INFO] 移動到Rotate_down完成
2025-07-23 20:00:47,943 [INFO] PGC夾爪快速關閉
2025-07-23 20:00:48,253 [INFO] PGC快速關閉成功，耗時: 0.310秒
2025-07-23 20:00:48,554 [INFO] 夾爪關閉完成
2025-07-23 20:00:48,954 [INFO] 運動同步完成
2025-07-23 20:00:48,954 [INFO] 返回Rotate_top完成
2025-07-23 20:00:49,730 [INFO] 運動同步完成
2025-07-23 20:00:49,730 [INFO] 返回standby完成
2025-07-23 20:00:49,730 [WARNING] CCD3不可用，使用預設角度
2025-07-23 20:00:50,494 [INFO] 運動同步完成
2025-07-23 20:00:50,893 [INFO] 運動同步完成
2025-07-23 20:00:50,894 [INFO] PGC智能釋放到位置: 360
2025-07-23 20:00:51,213 [INFO] PGC智能釋放成功，耗時: 0.318秒
2025-07-23 20:00:51,911 [INFO] 運動同步完成
2025-07-23 20:00:53,366 [INFO] 運動同步完成
2025-07-23 20:00:53,366 [INFO] 移動到put_asm_top完成
2025-07-23 20:00:53,367 [INFO] Flow1流程完成，執行次數: 5
2025-07-23 20:00:53,367 [INFO] 機械臂上料完成
2025-07-23 20:00:53,367 [INFO] 執行機械臂組裝事件
2025-07-23 20:00:53,367 [INFO] 機械臂組裝事件啟動(Flow2流程)
2025-07-23 20:00:58,368 [INFO] 開始組裝流程，使用角度: 45.00°
2025-07-23 20:00:59,085 [INFO] 運動同步完成
2025-07-23 20:00:59,086 [INFO] 移動到put_asm_top完成 (J4角度:45.00°)
2025-07-23 20:00:59,462 [INFO] 運動同步完成
2025-07-23 20:00:59,462 [INFO] 移動到put_asm_down完成 (J4角度:45.00°)
2025-07-23 20:00:59,462 [INFO] PGC夾爪快速關閉
2025-07-23 20:00:59,785 [INFO] PGC快速關閉成功，耗時: 0.322秒
2025-07-23 20:01:00,086 [INFO] 夾爪關閉完成
2025-07-23 20:01:00,463 [INFO] 運動同步完成
2025-07-23 20:01:00,463 [INFO] 返回put_asm_top完成
2025-07-23 20:01:01,817 [INFO] 運動同步完成
2025-07-23 20:01:01,818 [INFO] 返回standby完成
2025-07-23 20:01:01,818 [INFO] Flow2組裝流程完成
2025-07-23 20:01:01,818 [INFO] 機械臂組裝完成
2025-07-23 20:01:01,818 [INFO] 第5次生產循環完成
2025-07-23 20:01:02,819 [INFO] --- 開始第6次生產循環 ---
2025-07-23 20:01:02,819 [INFO] 執行機械臂上料事件 - 處理第6個物件
2025-07-23 20:01:02,819 [INFO] 機械臂上料事件啟動(Flow1流程)
2025-07-23 20:01:02,819 [INFO] 處理第6個物件，座標:(-77.64, 208.20)
2025-07-23 20:01:02,824 [INFO] 切換到左手手勢
2025-07-23 20:01:02,955 [INFO] 運動同步完成
2025-07-23 20:01:02,955 [INFO] 移動到standby完成
2025-07-23 20:01:03,753 [INFO] 運動同步完成
2025-07-23 20:01:03,753 [INFO] 移動到VP_TOPSIDE完成
2025-07-23 20:01:04,497 [INFO] 運動同步完成
2025-07-23 20:01:04,498 [INFO] 移動到檢測位置上方完成
2025-07-23 20:01:05,214 [INFO] 運動同步完成
2025-07-23 20:01:05,214 [INFO] 移動到夾取位置完成
2025-07-23 20:01:05,214 [INFO] PGC智能釋放到位置: 360
2025-07-23 20:01:05,526 [INFO] PGC智能釋放成功，耗時: 0.311秒
2025-07-23 20:01:05,827 [INFO] 夾爪撐開完成
2025-07-23 20:01:06,769 [INFO] 運動同步完成
2025-07-23 20:01:06,769 [INFO] 返回VP_TOPSIDE完成
2025-07-23 20:01:07,565 [INFO] 運動同步完成
2025-07-23 20:01:07,566 [INFO] 返回standby完成
2025-07-23 20:01:08,342 [INFO] 運動同步完成
2025-07-23 20:01:08,342 [INFO] 移動到Rotate_top完成
2025-07-23 20:01:08,742 [INFO] 運動同步完成
2025-07-23 20:01:08,742 [INFO] 移動到Rotate_down完成
2025-07-23 20:01:08,742 [INFO] PGC夾爪快速關閉
2025-07-23 20:01:09,059 [INFO] PGC快速關閉成功，耗時: 0.316秒
2025-07-23 20:01:09,360 [INFO] 夾爪關閉完成
2025-07-23 20:01:09,753 [INFO] 運動同步完成
2025-07-23 20:01:09,753 [INFO] 返回Rotate_top完成
2025-07-23 20:01:10,521 [INFO] 運動同步完成
2025-07-23 20:01:10,522 [INFO] 返回standby完成
2025-07-23 20:01:10,522 [WARNING] CCD3不可用，使用預設角度
2025-07-23 20:01:11,293 [INFO] 運動同步完成
2025-07-23 20:01:11,697 [INFO] 運動同步完成
2025-07-23 20:01:11,697 [INFO] PGC智能釋放到位置: 360
2025-07-23 20:01:12,018 [INFO] PGC智能釋放成功，耗時: 0.321秒
2025-07-23 20:01:12,710 [INFO] 運動同步完成
2025-07-23 20:01:14,165 [INFO] 運動同步完成
2025-07-23 20:01:14,165 [INFO] 移動到put_asm_top完成
2025-07-23 20:01:14,165 [INFO] Flow1流程完成，執行次數: 6
2025-07-23 20:01:14,165 [INFO] 機械臂上料完成
2025-07-23 20:01:14,166 [INFO] 執行機械臂組裝事件
2025-07-23 20:01:14,166 [INFO] 機械臂組裝事件啟動(Flow2流程)
2025-07-23 20:01:19,168 [INFO] 開始組裝流程，使用角度: 45.00°
2025-07-23 20:01:19,885 [INFO] 運動同步完成
2025-07-23 20:01:19,885 [INFO] 移動到put_asm_top完成 (J4角度:45.00°)
2025-07-23 20:01:20,261 [INFO] 運動同步完成
2025-07-23 20:01:20,261 [INFO] 移動到put_asm_down完成 (J4角度:45.00°)
2025-07-23 20:01:20,261 [INFO] PGC夾爪快速關閉
2025-07-23 20:01:20,575 [INFO] PGC快速關閉成功，耗時: 0.313秒
2025-07-23 20:01:20,876 [INFO] 夾爪關閉完成
2025-07-23 20:01:21,249 [INFO] 運動同步完成
2025-07-23 20:01:21,249 [INFO] 返回put_asm_top完成
2025-07-23 20:01:22,606 [INFO] 運動同步完成
2025-07-23 20:01:22,607 [INFO] 返回standby完成
2025-07-23 20:01:22,607 [INFO] Flow2組裝流程完成
2025-07-23 20:01:22,607 [INFO] 機械臂組裝完成
2025-07-23 20:01:22,607 [INFO] 第6次生產循環完成
2025-07-23 20:01:23,608 [INFO] --- 開始第7次生產循環 ---
2025-07-23 20:01:23,608 [INFO] 執行機械臂上料事件 - 處理第7個物件
2025-07-23 20:01:23,608 [INFO] 機械臂上料事件啟動(Flow1流程)
2025-07-23 20:01:23,608 [INFO] 處理第7個物件，座標:(-76.68, 290.14)
2025-07-23 20:01:23,610 [INFO] 切換到左手手勢
2025-07-23 20:01:23,744 [INFO] 運動同步完成
2025-07-23 20:01:23,745 [INFO] 移動到standby完成
2025-07-23 20:01:24,553 [INFO] 運動同步完成
2025-07-23 20:01:24,553 [INFO] 移動到VP_TOPSIDE完成
2025-07-23 20:01:25,050 [INFO] 運動同步完成
2025-07-23 20:01:25,050 [INFO] 移動到檢測位置上方完成
2025-07-23 20:01:25,764 [INFO] 運動同步完成
2025-07-23 20:01:25,764 [INFO] 移動到夾取位置完成
2025-07-23 20:01:25,765 [INFO] PGC智能釋放到位置: 360
2025-07-23 20:01:26,124 [INFO] PGC智能釋放成功，耗時: 0.359秒
2025-07-23 20:01:26,425 [INFO] 夾爪撐開完成
2025-07-23 20:01:27,201 [INFO] 運動同步完成
2025-07-23 20:01:27,201 [INFO] 返回VP_TOPSIDE完成
2025-07-23 20:01:28,005 [INFO] 運動同步完成
2025-07-23 20:01:28,005 [INFO] 返回standby完成
2025-07-23 20:01:28,764 [INFO] 運動同步完成
2025-07-23 20:01:28,765 [INFO] 移動到Rotate_top完成
2025-07-23 20:01:29,164 [INFO] 運動同步完成
2025-07-23 20:01:29,165 [INFO] 移動到Rotate_down完成
2025-07-23 20:01:29,165 [INFO] PGC夾爪快速關閉
2025-07-23 20:01:29,530 [INFO] PGC快速關閉成功，耗時: 0.364秒
2025-07-23 20:01:29,830 [INFO] 夾爪關閉完成
2025-07-23 20:01:30,225 [INFO] 運動同步完成
2025-07-23 20:01:30,225 [INFO] 返回Rotate_top完成
2025-07-23 20:01:31,001 [INFO] 運動同步完成
2025-07-23 20:01:31,001 [INFO] 返回standby完成
2025-07-23 20:01:31,001 [WARNING] CCD3不可用，使用預設角度
2025-07-23 20:01:31,777 [INFO] 運動同步完成
2025-07-23 20:01:32,177 [INFO] 運動同步完成
2025-07-23 20:01:32,177 [INFO] PGC智能釋放到位置: 360
2025-07-23 20:01:32,536 [INFO] PGC智能釋放成功，耗時: 0.359秒
2025-07-23 20:01:33,236 [INFO] 運動同步完成
2025-07-23 20:01:34,692 [INFO] 運動同步完成
2025-07-23 20:01:34,693 [INFO] 移動到put_asm_top完成
2025-07-23 20:01:34,693 [INFO] Flow1流程完成，執行次數: 7
2025-07-23 20:01:34,693 [INFO] 收到中斷信號，正在關閉系統
2025-07-23 20:01:34,693 [INFO] 開始安全關閉系統...
2025-07-23 20:01:34,693 [WARNING] 執行緊急停止
2025-07-23 20:01:34,694 [WARNING] 機械臂緊急停止
2025-07-23 20:01:34,951 [INFO] 開始斷開所有系統連接
2025-07-23 20:01:34,951 [INFO] 開始關閉相機管理器...
2025-07-23 20:01:34,970 [INFO] 相機 ccd1_camera 停止串流
2025-07-23 20:01:35,129 [INFO] 相機 ccd1_camera 已斷開
2025-07-23 20:03:58,135 [INFO] 自動化系統啟動
2025-07-23 20:03:58,136 [INFO] === 階段1: 初始化物件管理器 ===
2025-07-23 20:03:58,136 [INFO] 物件管理器啟動 - 開始初始化子系統
2025-07-23 20:03:58,137 [INFO] Robot類別初始化開始
2025-07-23 20:03:58,137 [INFO] 正在初始化CCD1視覺系統...
2025-07-23 20:03:58,424 [INFO] 相機管理器初始化完成 - 頻寬控制版
2025-07-23 20:03:58,424 [INFO] 添加相機 ccd1_camera - IP: 192.168.1.8, 頻寬: 200Mbps
2025-07-23 20:03:59,054 [INFO] 開始配置頻寬控制: 200Mbps
2025-07-23 20:03:59,064 [INFO] ✓ 設置包大小: 1500 bytes
2025-07-23 20:03:59,074 [INFO] ✓ 設置包間延遲: 5000 ticks
2025-07-23 20:03:59,074 [INFO] 頻寬計算: 最大FPS=4.13, 實際FPS=4.13
2025-07-23 20:03:59,074 [INFO] ✓ 重傳參數設置成功
2025-07-23 20:03:59,075 [INFO] ✓ GVSP超時設置: 5000ms
2025-07-23 20:03:59,078 [INFO] ○ 設備不支援直接頻寬限制，使用其他方法控制
2025-07-23 20:03:59,079 [INFO] 頻寬控制配置完成
2025-07-23 20:03:59,098 [WARNING] 設置像素格式失敗: 0x80000106
2025-07-23 20:03:59,111 [INFO] ✓ 曝光時間設置: 20000.0μs
2025-07-23 20:03:59,124 [INFO] ✓ 幀率設置: 5.0 FPS
2025-07-23 20:03:59,129 [INFO] ✓ 觸發模式
2025-07-23 20:03:59,130 [INFO] ✓ 緩存節點: 1 (最新幀模式)
2025-07-23 20:03:59,130 [INFO] ✓ 抓取策略: 僅最新幀
2025-07-23 20:03:59,130 [INFO] 相機 ccd1_camera 參數配置完成
2025-07-23 20:03:59,130 [INFO] 相機 ccd1_camera 連接成功 - 頻寬限制: 200Mbps
2025-07-23 20:03:59,156 [INFO] 相機 ccd1_camera 開始串流 - 5.0FPS
2025-07-23 20:04:00,157 [INFO] CCD1視覺系統初始化成功
2025-07-23 20:04:00,157 [INFO] CCD1初始化成功
2025-07-23 20:04:00,158 [INFO] 正在初始化CCD3角度檢測系統...
2025-07-23 20:04:00,772 [INFO] 開始配置頻寬控制: 200Mbps
2025-07-23 20:04:00,782 [INFO] ✓ 設置包大小: 1500 bytes
2025-07-23 20:04:00,790 [INFO] ✓ 設置包間延遲: 5000 ticks
2025-07-23 20:04:00,790 [INFO] 頻寬計算: 最大FPS=4.13, 實際FPS=4.13
2025-07-23 20:04:00,791 [INFO] ✓ 重傳參數設置成功
2025-07-23 20:04:00,791 [INFO] ✓ GVSP超時設置: 5000ms
2025-07-23 20:04:00,794 [INFO] ○ 設備不支援直接頻寬限制，使用其他方法控制
2025-07-23 20:04:00,795 [INFO] 頻寬控制配置完成
2025-07-23 20:04:00,815 [WARNING] 設置像素格式失敗: 0x80000106
2025-07-23 20:04:00,837 [INFO] ✓ 曝光時間設置: 20000.0μs
2025-07-23 20:04:00,849 [INFO] ✓ 幀率設置: 5.0 FPS
2025-07-23 20:04:00,854 [INFO] ✓ 觸發模式
2025-07-23 20:04:00,854 [INFO] ✓ 緩存節點: 1 (最新幀模式)
2025-07-23 20:04:00,855 [INFO] ✓ 抓取策略: 僅最新幀
2025-07-23 20:04:00,855 [INFO] 相機 ccd3_headless_camera 參數配置完成
2025-07-23 20:04:00,855 [INFO] 相機 ccd3_headless_camera 連接成功 - 頻寬限制: 200Mbps
2025-07-23 20:04:00,879 [INFO] 相機 ccd3_headless_camera 開始串流 - 5.0FPS
2025-07-23 20:04:01,095 [INFO] CCD3角度檢測系統初始化成功
2025-07-23 20:04:01,096 [INFO] CCD3初始化成功
2025-07-23 20:04:01,096 [INFO] 正在初始化震動盤系統...
2025-07-23 20:04:01,262 [INFO] 震動盤系統初始化成功
2025-07-23 20:04:01,263 [INFO] 震動盤初始化成功
2025-07-23 20:04:01,263 [INFO] 正在初始化夾爪系統...
2025-07-23 20:04:01,264 [INFO] PGC夾爪API初始化 - 直接串口通信模式
2025-07-23 20:04:01,264 [INFO] 正在連接PGC夾爪串口: COM3
2025-07-23 20:04:01,292 [INFO] PGC夾爪串口連接成功: COM3
2025-07-23 20:04:01,292 [INFO] PGC夾爪連接成功
2025-07-23 20:04:01,292 [INFO] 開始自動初始化PGC夾爪
2025-07-23 20:04:01,293 [INFO] 開始初始化PGC夾爪
2025-07-23 20:04:03,275 [INFO] PGC夾爪初始化成功，耗時: 1.981秒
2025-07-23 20:04:03,275 [INFO] PGC夾爪初始化成功
2025-07-23 20:04:03,276 [INFO] 夾爪系統初始化成功
2025-07-23 20:04:03,276 [INFO] 夾爪初始化成功
2025-07-23 20:04:03,276 [INFO] 正在初始化Dobot機械臂...
2025-07-23 20:04:03,318 [INFO] Dobot連接成功: 192.168.1.6
2025-07-23 20:04:04,524 [INFO] 機械臂使能成功
2025-07-23 20:04:04,524 [INFO] 機械臂自動使能成功
2025-07-23 20:04:04,524 [INFO] Dobot機械臂初始化成功
2025-07-23 20:04:04,531 [INFO] 碰撞檢測等級設定為: 3
2025-07-23 20:04:04,531 [INFO] 碰撞檢測等級設置為: 3
2025-07-23 20:04:04,531 [INFO] 機械臂初始化成功
2025-07-23 20:04:04,532 [INFO] 子系統初始化完成，成功: 5/5
2025-07-23 20:04:05,735 [INFO] 機械臂使能成功
2025-07-23 20:04:05,736 [INFO] 機械臂連接並使能成功
2025-07-23 20:04:05,736 [INFO] PGC夾爪快速關閉
2025-07-23 20:04:06,568 [INFO] PGC快速關閉成功，耗時: 0.832秒
2025-07-23 20:04:06,568 [INFO] 夾爪連接並關閉成功
2025-07-23 20:04:06,568 [INFO] CCD1系統可用
2025-07-23 20:04:06,568 [WARNING] CCD3系統不可用，角度檢測功能將受限
2025-07-23 20:04:06,569 [INFO] 載入機械臂點位成功，共9個點位
2025-07-23 20:04:06,569 [INFO] 物件管理器初始化完成
2025-07-23 20:04:06,569 [INFO] 物件管理器初始化完成
2025-07-23 20:04:06,569 [INFO] === 階段2: 執行參數設定 ===
2025-07-23 20:04:06,570 [INFO] 參數設定事件啟動
2025-07-23 20:04:06,570 [INFO] CCD1使用預設模型: 1
2025-07-23 20:04:06,570 [INFO] PGC智能釋放到位置: 360
2025-07-23 20:04:06,597 [INFO] PGC智能釋放成功，耗時: 0.027秒
2025-07-23 20:04:06,597 [INFO] 夾爪開度設定為: 360
2025-07-23 20:04:06,597 [INFO] 震動盤狀態檢查:
2025-07-23 20:04:06,597 [INFO]   robot.VP: <vibration_plate_controller.ProductionVibrationPlate object at 0x000001AC25606F30>
2025-07-23 20:04:06,597 [INFO]   hasattr connected: False
2025-07-23 20:04:06,598 [INFO]   VP.is_connected(): True
2025-07-23 20:04:06,598 [INFO] 震動盤背光設定成功
2025-07-23 20:04:06,599 [INFO] 震動盤參數 - 強度:107, 頻率:87
2025-07-23 20:04:06,599 [INFO] 參數設定完成
2025-07-23 20:04:06,599 [INFO] 參數設定完成
2025-07-23 20:04:06,599 [INFO] === 階段3: 執行自動進料 ===
2025-07-23 20:04:06,599 [INFO] 自動進料事件啟動
2025-07-23 20:04:08,182 [INFO] CCD1檢測成功: {0: 13, 1: 17}
2025-07-23 20:04:08,182 [INFO] 使用上次CCD1檢測結果獲取座標
2025-07-23 20:04:08,182 [INFO] 像素座標數據獲取成功: 2類
2025-07-23 20:04:08,183 [INFO] 像素座標 - 標籤0: 13個物件
2025-07-23 20:04:08,183 [INFO] 像素座標 - 標籤1: 17個物件
2025-07-23 20:04:08,183 [INFO] 世界座標數據獲取成功: 2類
2025-07-23 20:04:08,183 [INFO] 世界座標 - 標籤0: 13個物件
2025-07-23 20:04:08,184 [INFO] 世界座標 - 標籤1: 17個物件
2025-07-23 20:04:08,184 [INFO] 檢測結果 - 標籤0:13, 標籤1:17, 標籤2:0
2025-07-23 20:04:08,184 [INFO] 物料準備完成 - 標籤0數量:13個
2025-07-23 20:04:08,184 [INFO] 自動進料完成
2025-07-23 20:04:08,184 [INFO] === 階段4: 開始生產循環 ===
2025-07-23 20:04:08,185 [INFO] --- 開始第1次生產循環 ---
2025-07-23 20:04:08,185 [INFO] 執行機械臂上料事件 - 處理第1個物件
2025-07-23 20:04:08,185 [INFO] 機械臂上料事件啟動(Flow1流程)
2025-07-23 20:04:08,185 [INFO] 處理第1個物件，座標:(-14.00, 224.04)
2025-07-23 20:04:08,186 [INFO] PGC夾爪快速關閉
2025-07-23 20:04:08,551 [INFO] PGC快速關閉成功，耗時: 0.365秒
2025-07-23 20:04:08,852 [INFO] 夾爪關閉完成
2025-07-23 20:04:08,855 [INFO] 切換到左手手勢
2025-07-23 20:04:09,293 [INFO] 運動同步完成
2025-07-23 20:04:09,294 [INFO] 移動到standby完成
2025-07-23 20:04:10,105 [INFO] 運動同步完成
2025-07-23 20:04:10,105 [INFO] 移動到VP_TOPSIDE完成
2025-07-23 20:04:10,689 [INFO] 運動同步完成
2025-07-23 20:04:10,690 [INFO] 移動到檢測位置上方完成
2025-07-23 20:04:11,401 [INFO] 運動同步完成
2025-07-23 20:04:11,401 [INFO] 移動到夾取位置完成
2025-07-23 20:04:11,402 [INFO] PGC智能釋放到位置: 360
2025-07-23 20:04:11,719 [INFO] PGC智能釋放成功，耗時: 0.317秒
2025-07-23 20:04:12,021 [INFO] 夾爪撐開完成
2025-07-23 20:04:12,850 [INFO] 運動同步完成
2025-07-23 20:04:12,850 [INFO] 返回VP_TOPSIDE完成
2025-07-23 20:04:13,665 [INFO] 運動同步完成
2025-07-23 20:04:13,666 [INFO] 返回standby完成
2025-07-23 20:04:14,433 [INFO] 運動同步完成
2025-07-23 20:04:14,434 [INFO] 移動到Rotate_top完成
2025-07-23 20:04:14,825 [INFO] 運動同步完成
2025-07-23 20:04:14,826 [INFO] 移動到Rotate_down完成
2025-07-23 20:04:14,826 [INFO] PGC夾爪快速關閉
2025-07-23 20:04:15,141 [INFO] PGC快速關閉成功，耗時: 0.315秒
2025-07-23 20:04:15,442 [INFO] 夾爪關閉完成
2025-07-23 20:04:15,845 [INFO] 運動同步完成
2025-07-23 20:04:15,845 [INFO] 返回Rotate_top完成
2025-07-23 20:04:16,621 [INFO] 運動同步完成
2025-07-23 20:04:16,621 [INFO] 返回standby完成
2025-07-23 20:04:16,622 [WARNING] CCD3不可用，使用預設角度
2025-07-23 20:04:17,397 [INFO] 運動同步完成
2025-07-23 20:04:17,801 [INFO] 運動同步完成
2025-07-23 20:04:17,801 [INFO] PGC智能釋放到位置: 360
2025-07-23 20:04:18,116 [INFO] PGC智能釋放成功，耗時: 0.315秒
2025-07-23 20:04:18,821 [INFO] 運動同步完成
2025-07-23 20:04:20,264 [INFO] 運動同步完成
2025-07-23 20:04:20,265 [INFO] 移動到put_asm_top完成
2025-07-23 20:04:20,265 [INFO] Flow1流程完成，執行次數: 1
2025-07-23 20:04:20,265 [INFO] 機械臂上料完成
2025-07-23 20:04:20,265 [INFO] 執行機械臂組裝事件
2025-07-23 20:04:20,265 [INFO] 機械臂組裝事件啟動(Flow2流程)
2025-07-23 20:08:49,001 [INFO] 自動化系統啟動
2025-07-23 20:08:49,001 [INFO] === 階段1: 初始化物件管理器 ===
2025-07-23 20:08:49,001 [INFO] 物件管理器啟動 - 開始初始化子系統
2025-07-23 20:08:49,002 [INFO] Robot類別初始化開始
2025-07-23 20:08:49,002 [INFO] 正在初始化CCD1視覺系統...
2025-07-23 20:08:49,293 [INFO] 相機管理器初始化完成 - 頻寬控制版
2025-07-23 20:08:49,293 [INFO] 添加相機 ccd1_camera - IP: 192.168.1.8, 頻寬: 200Mbps
2025-07-23 20:08:49,924 [INFO] 開始配置頻寬控制: 200Mbps
2025-07-23 20:08:49,935 [INFO] ✓ 設置包大小: 1500 bytes
2025-07-23 20:08:49,942 [INFO] ✓ 設置包間延遲: 5000 ticks
2025-07-23 20:08:49,943 [INFO] 頻寬計算: 最大FPS=4.13, 實際FPS=4.13
2025-07-23 20:08:49,943 [INFO] ✓ 重傳參數設置成功
2025-07-23 20:08:49,944 [INFO] ✓ GVSP超時設置: 5000ms
2025-07-23 20:08:49,947 [INFO] ○ 設備不支援直接頻寬限制，使用其他方法控制
2025-07-23 20:08:49,947 [INFO] 頻寬控制配置完成
2025-07-23 20:08:49,969 [WARNING] 設置像素格式失敗: 0x80000106
2025-07-23 20:08:49,990 [INFO] ✓ 曝光時間設置: 20000.0μs
2025-07-23 20:08:50,004 [INFO] ✓ 幀率設置: 5.0 FPS
2025-07-23 20:08:50,009 [INFO] ✓ 觸發模式
2025-07-23 20:08:50,010 [INFO] ✓ 緩存節點: 1 (最新幀模式)
2025-07-23 20:08:50,010 [INFO] ✓ 抓取策略: 僅最新幀
2025-07-23 20:08:50,010 [INFO] 相機 ccd1_camera 參數配置完成
2025-07-23 20:08:50,010 [INFO] 相機 ccd1_camera 連接成功 - 頻寬限制: 200Mbps
2025-07-23 20:08:50,051 [INFO] 相機 ccd1_camera 開始串流 - 5.0FPS
2025-07-23 20:08:51,053 [INFO] CCD1視覺系統初始化成功
2025-07-23 20:08:51,053 [INFO] CCD1初始化成功
2025-07-23 20:08:51,053 [INFO] 正在初始化CCD3角度檢測系統...
2025-07-23 20:08:51,679 [INFO] 開始配置頻寬控制: 200Mbps
2025-07-23 20:08:51,689 [INFO] ✓ 設置包大小: 1500 bytes
2025-07-23 20:08:51,696 [INFO] ✓ 設置包間延遲: 5000 ticks
2025-07-23 20:08:51,696 [INFO] 頻寬計算: 最大FPS=4.13, 實際FPS=4.13
2025-07-23 20:08:51,697 [INFO] ✓ 重傳參數設置成功
2025-07-23 20:08:51,698 [INFO] ✓ GVSP超時設置: 5000ms
2025-07-23 20:08:51,701 [INFO] ○ 設備不支援直接頻寬限制，使用其他方法控制
2025-07-23 20:08:51,702 [INFO] 頻寬控制配置完成
2025-07-23 20:08:51,724 [WARNING] 設置像素格式失敗: 0x80000106
2025-07-23 20:08:51,739 [INFO] ✓ 曝光時間設置: 20000.0μs
2025-07-23 20:08:51,749 [INFO] ✓ 幀率設置: 5.0 FPS
2025-07-23 20:08:51,754 [INFO] ✓ 觸發模式
2025-07-23 20:08:51,755 [INFO] ✓ 緩存節點: 1 (最新幀模式)
2025-07-23 20:08:51,755 [INFO] ✓ 抓取策略: 僅最新幀
2025-07-23 20:08:51,755 [INFO] 相機 ccd3_headless_camera 參數配置完成
2025-07-23 20:08:51,756 [INFO] 相機 ccd3_headless_camera 連接成功 - 頻寬限制: 200Mbps
2025-07-23 20:08:51,783 [INFO] 相機 ccd3_headless_camera 開始串流 - 5.0FPS
2025-07-23 20:08:52,015 [INFO] CCD3角度檢測系統初始化成功
2025-07-23 20:08:52,016 [INFO] CCD3初始化成功
2025-07-23 20:08:52,016 [WARNING] CCD3系統不可用，角度檢測功能將受限
2025-07-23 20:08:52,016 [INFO] 正在初始化震動盤系統...
2025-07-23 20:08:52,212 [INFO] 震動盤系統初始化成功
2025-07-23 20:08:52,212 [INFO] 震動盤初始化成功
2025-07-23 20:08:52,212 [INFO] 正在初始化夾爪系統...
2025-07-23 20:08:52,213 [INFO] PGC夾爪API初始化 - 直接串口通信模式
2025-07-23 20:08:52,213 [INFO] 正在連接PGC夾爪串口: COM3
2025-07-23 20:08:52,245 [INFO] PGC夾爪串口連接成功: COM3
2025-07-23 20:08:52,245 [INFO] PGC夾爪連接成功
2025-07-23 20:08:52,245 [INFO] 開始自動初始化PGC夾爪
2025-07-23 20:08:52,245 [INFO] 開始初始化PGC夾爪
2025-07-23 20:08:52,295 [WARNING] PGC動作失敗(掉落)，耗時: 0.032秒
2025-07-23 20:08:52,295 [INFO] PGC夾爪初始化成功，耗時: 0.049秒
2025-07-23 20:08:52,295 [INFO] PGC夾爪初始化成功
2025-07-23 20:08:52,295 [INFO] 夾爪系統初始化成功
2025-07-23 20:08:52,296 [INFO] 夾爪初始化成功
2025-07-23 20:08:52,296 [INFO] 正在初始化Dobot機械臂...
2025-07-23 20:08:52,305 [INFO] Dobot連接成功: 192.168.1.6
2025-07-23 20:08:53,515 [INFO] 機械臂使能成功
2025-07-23 20:08:53,515 [INFO] 機械臂自動使能成功
2025-07-23 20:08:53,515 [INFO] Dobot機械臂初始化成功
2025-07-23 20:08:53,523 [INFO] 碰撞檢測等級設定為: 3
2025-07-23 20:08:53,523 [INFO] 碰撞檢測等級設置為: 3
2025-07-23 20:08:53,523 [INFO] 機械臂初始化成功
2025-07-23 20:08:53,523 [INFO] 子系統初始化完成，成功: 5/5
2025-07-23 20:08:54,727 [INFO] 機械臂使能成功
2025-07-23 20:08:54,728 [INFO] 機械臂連接並使能成功
2025-07-23 20:08:54,728 [INFO] PGC夾爪快速關閉
2025-07-23 20:08:55,557 [INFO] PGC快速關閉成功，耗時: 0.829秒
2025-07-23 20:08:55,557 [INFO] 夾爪連接並關閉成功
2025-07-23 20:08:55,557 [INFO] CCD1系統可用
2025-07-23 20:08:55,557 [WARNING] CCD3系統不可用，角度檢測功能將受限
2025-07-23 20:08:55,558 [INFO] 載入機械臂點位成功，共9個點位
2025-07-23 20:08:55,558 [INFO] 物件管理器初始化完成
2025-07-23 20:08:55,558 [INFO] 物件管理器初始化完成
2025-07-23 20:08:55,558 [INFO] === 階段2: 執行參數設定 ===
2025-07-23 20:08:55,558 [INFO] 參數設定事件啟動
2025-07-23 20:08:55,559 [INFO] CCD1使用預設模型: 1
2025-07-23 20:08:55,559 [INFO] PGC智能釋放到位置: 360
2025-07-23 20:08:55,584 [INFO] PGC智能釋放成功，耗時: 0.026秒
2025-07-23 20:08:55,584 [INFO] 夾爪開度設定為: 360
2025-07-23 20:08:55,584 [INFO] 震動盤狀態檢查:
2025-07-23 20:08:55,584 [INFO]   robot.VP: <vibration_plate_controller.ProductionVibrationPlate object at 0x000001852731BA10>
2025-07-23 20:08:55,584 [INFO]   hasattr connected: False
2025-07-23 20:08:55,585 [INFO]   VP.is_connected(): True
2025-07-23 20:08:55,585 [INFO] 震動盤背光設定成功
2025-07-23 20:08:55,585 [INFO] 震動盤參數 - 強度:107, 頻率:87
2025-07-23 20:08:55,586 [INFO] 參數設定完成
2025-07-23 20:08:55,586 [INFO] 參數設定完成
2025-07-23 20:08:55,586 [INFO] === 階段3: 執行自動進料 ===
2025-07-23 20:08:55,586 [INFO] 自動進料事件啟動
2025-07-23 20:08:57,204 [INFO] CCD1檢測成功: {0: 12, 1: 19}
2025-07-23 20:08:57,205 [INFO] 使用上次CCD1檢測結果獲取座標
2025-07-23 20:08:57,205 [INFO] 像素座標數據獲取成功: 2類
2025-07-23 20:08:57,205 [INFO] 像素座標 - 標籤0: 12個物件
2025-07-23 20:08:57,206 [INFO] 像素座標 - 標籤1: 19個物件
2025-07-23 20:08:57,206 [INFO] 世界座標數據獲取成功: 2類
2025-07-23 20:08:57,206 [INFO] 世界座標 - 標籤0: 12個物件
2025-07-23 20:08:57,207 [INFO] 世界座標 - 標籤1: 19個物件
2025-07-23 20:08:57,207 [INFO] 檢測結果 - 標籤0:12, 標籤1:19, 標籤2:0
2025-07-23 20:08:57,207 [INFO] 物料準備完成 - 標籤0數量:12個
2025-07-23 20:08:57,207 [INFO] 自動進料完成
2025-07-23 20:08:57,207 [INFO] === 階段4: 開始生產循環 ===
2025-07-23 20:08:57,207 [INFO] --- 開始第1次生產循環 ---
2025-07-23 20:08:57,208 [INFO] 執行機械臂上料事件 - 處理第1個物件
2025-07-23 20:08:57,208 [INFO] 機械臂上料事件啟動(Flow1流程)
2025-07-23 20:08:57,208 [INFO] 處理第1個物件，座標:(-74.24, 294.19)
2025-07-23 20:08:57,208 [INFO] PGC夾爪快速關閉
2025-07-23 20:08:57,571 [INFO] PGC快速關閉成功，耗時: 0.362秒
2025-07-23 20:08:57,872 [INFO] 夾爪關閉完成
2025-07-23 20:08:57,875 [INFO] 切換到左手手勢
2025-07-23 20:08:58,312 [INFO] 運動同步完成
2025-07-23 20:08:58,313 [INFO] 移動到standby完成
2025-07-23 20:08:59,112 [INFO] 運動同步完成
2025-07-23 20:08:59,113 [INFO] 移動到VP_TOPSIDE完成
2025-07-23 20:08:59,597 [INFO] 運動同步完成
2025-07-23 20:08:59,597 [INFO] 移動到檢測位置上方完成
2025-07-23 20:09:00,309 [INFO] 運動同步完成
2025-07-23 20:09:00,309 [INFO] 移動到夾取位置完成
2025-07-23 20:09:00,310 [INFO] PGC智能釋放到位置: 360
2025-07-23 20:09:00,627 [INFO] PGC智能釋放成功，耗時: 0.317秒
2025-07-23 20:09:00,927 [INFO] 夾爪撐開完成
2025-07-23 20:09:01,700 [INFO] 運動同步完成
2025-07-23 20:09:01,701 [INFO] 返回VP_TOPSIDE完成
2025-07-23 20:09:02,501 [INFO] 運動同步完成
2025-07-23 20:09:02,502 [INFO] 返回standby完成
2025-07-23 20:09:03,265 [INFO] 運動同步完成
2025-07-23 20:09:03,266 [INFO] 移動到Rotate_top完成
2025-07-23 20:09:03,665 [INFO] 運動同步完成
2025-07-23 20:09:03,665 [INFO] 移動到Rotate_down完成
2025-07-23 20:09:03,666 [INFO] PGC夾爪快速關閉
2025-07-23 20:09:03,986 [INFO] PGC快速關閉成功，耗時: 0.320秒
2025-07-23 20:09:04,287 [INFO] 夾爪關閉完成
2025-07-23 20:09:04,699 [INFO] 運動同步完成
2025-07-23 20:09:04,699 [INFO] 返回Rotate_top完成
2025-07-23 20:09:05,461 [INFO] 運動同步完成
2025-07-23 20:09:05,461 [INFO] 返回standby完成
2025-07-23 20:09:05,461 [WARNING] CCD3不可用，使用預設角度
2025-07-23 20:09:06,233 [INFO] 運動同步完成
2025-07-23 20:09:06,632 [INFO] 運動同步完成
2025-07-23 20:09:06,633 [INFO] PGC智能釋放到位置: 360
2025-07-23 20:09:06,943 [INFO] PGC智能釋放成功，耗時: 0.310秒
2025-07-23 20:09:07,640 [INFO] 運動同步完成
2025-07-23 20:09:09,096 [INFO] 運動同步完成
2025-07-23 20:09:09,097 [INFO] 移動到put_asm_top完成
2025-07-23 20:09:09,097 [INFO] Flow1流程完成，執行次數: 1
2025-07-23 20:09:09,097 [INFO] 收到中斷信號，正在關閉系統
2025-07-23 20:09:09,097 [INFO] 開始安全關閉系統...
2025-07-23 20:09:09,097 [WARNING] 執行緊急停止
2025-07-23 20:09:09,098 [WARNING] 機械臂緊急停止
2025-07-23 20:09:09,265 [INFO] 停止PGC夾爪動作
2025-07-23 20:09:09,278 [WARNING] 緊急停止完成: 3 個系統成功停止
2025-07-23 20:09:09,278 [INFO] 開始斷開所有系統連接
2025-07-23 20:09:09,278 [INFO] 開始關閉相機管理器...
2025-07-23 20:09:09,299 [INFO] 相機 ccd1_camera 停止串流
2025-07-23 20:09:09,409 [INFO] 相機 ccd1_camera 已斷開
2025-07-23 20:09:09,718 [INFO] 相機管理器已關閉
2025-07-23 20:09:09,846 [INFO] CCD1視覺系統已關閉
2025-07-23 20:09:09,846 [WARNING] 停止串流警告: 0x80000000
2025-07-23 20:09:09,846 [INFO] 相機 ccd3_headless_camera 停止串流
2025-07-23 20:09:09,846 [INFO] 相機 ccd3_headless_camera 已斷開
2025-07-23 20:09:09,912 [INFO] CCD3角度檢測系統已關閉
2025-07-23 20:09:09,913 [INFO] 震動盤系統已關閉
2025-07-23 20:09:10,028 [INFO] PGC夾爪串口連接已斷開
2025-07-23 20:09:10,028 [INFO] 夾爪系統已關閉
2025-07-23 20:09:10,029 [INFO] 機械臂下使能成功
2025-07-23 20:09:10,030 [INFO] Dobot連接已斷開
2025-07-23 20:09:10,030 [INFO] Dobot機械臂已關閉
2025-07-23 20:09:10,030 [INFO] 所有系統連接已斷開
2025-07-23 20:09:10,030 [INFO] 系統已安全關閉
2025-07-23 20:13:49,278 [INFO] 自動化系統啟動
2025-07-23 20:13:49,278 [INFO] === 階段1: 初始化物件管理器 ===
2025-07-23 20:13:49,278 [INFO] 物件管理器啟動 - 開始初始化子系統
2025-07-23 20:13:49,279 [INFO] Robot類別初始化開始
2025-07-23 20:13:49,279 [INFO] 正在初始化CCD1視覺系統...
2025-07-23 20:13:49,575 [INFO] 相機管理器初始化完成 - 頻寬控制版
2025-07-23 20:13:49,576 [INFO] 添加相機 ccd1_camera - IP: 192.168.1.8, 頻寬: 200Mbps
2025-07-23 20:13:50,204 [INFO] 開始配置頻寬控制: 200Mbps
2025-07-23 20:13:50,219 [INFO] ✓ 設置包大小: 1500 bytes
2025-07-23 20:13:50,235 [INFO] ✓ 設置包間延遲: 5000 ticks
2025-07-23 20:13:50,236 [INFO] 頻寬計算: 最大FPS=4.13, 實際FPS=4.13
2025-07-23 20:13:50,236 [INFO] ✓ 重傳參數設置成功
2025-07-23 20:13:50,238 [INFO] ✓ GVSP超時設置: 5000ms
2025-07-23 20:13:50,241 [INFO] ○ 設備不支援直接頻寬限制，使用其他方法控制
2025-07-23 20:13:50,241 [INFO] 頻寬控制配置完成
2025-07-23 20:13:50,255 [WARNING] 設置像素格式失敗: 0x80000106
2025-07-23 20:13:50,264 [INFO] ✓ 曝光時間設置: 20000.0μs
2025-07-23 20:13:50,274 [INFO] ✓ 幀率設置: 5.0 FPS
2025-07-23 20:13:50,279 [INFO] ✓ 觸發模式
2025-07-23 20:13:50,280 [INFO] ✓ 緩存節點: 1 (最新幀模式)
2025-07-23 20:13:50,280 [INFO] ✓ 抓取策略: 僅最新幀
2025-07-23 20:13:50,280 [INFO] 相機 ccd1_camera 參數配置完成
2025-07-23 20:13:50,280 [INFO] 相機 ccd1_camera 連接成功 - 頻寬限制: 200Mbps
2025-07-23 20:13:50,311 [INFO] 相機 ccd1_camera 開始串流 - 5.0FPS
2025-07-23 20:13:51,313 [INFO] CCD1視覺系統初始化成功
2025-07-23 20:13:51,313 [INFO] CCD1初始化成功
2025-07-23 20:13:51,313 [INFO] 正在初始化CCD3角度檢測系統...
2025-07-23 20:13:51,933 [INFO] 開始配置頻寬控制: 200Mbps
2025-07-23 20:13:51,943 [INFO] ✓ 設置包大小: 1500 bytes
2025-07-23 20:13:51,952 [INFO] ✓ 設置包間延遲: 5000 ticks
2025-07-23 20:13:51,952 [INFO] 頻寬計算: 最大FPS=4.13, 實際FPS=4.13
2025-07-23 20:13:51,953 [INFO] ✓ 重傳參數設置成功
2025-07-23 20:13:51,954 [INFO] ✓ GVSP超時設置: 5000ms
2025-07-23 20:13:51,957 [INFO] ○ 設備不支援直接頻寬限制，使用其他方法控制
2025-07-23 20:13:51,957 [INFO] 頻寬控制配置完成
2025-07-23 20:13:51,982 [WARNING] 設置像素格式失敗: 0x80000106
2025-07-23 20:13:51,992 [INFO] ✓ 曝光時間設置: 20000.0μs
2025-07-23 20:13:52,000 [INFO] ✓ 幀率設置: 5.0 FPS
2025-07-23 20:13:52,007 [INFO] ✓ 觸發模式
2025-07-23 20:13:52,007 [INFO] ✓ 緩存節點: 1 (最新幀模式)
2025-07-23 20:13:52,007 [INFO] ✓ 抓取策略: 僅最新幀
2025-07-23 20:13:52,007 [INFO] 相機 ccd3_headless_camera 參數配置完成
2025-07-23 20:13:52,007 [INFO] 相機 ccd3_headless_camera 連接成功 - 頻寬限制: 200Mbps
2025-07-23 20:13:52,042 [INFO] 相機 ccd3_headless_camera 開始串流 - 5.0FPS
2025-07-23 20:13:52,248 [INFO] CCD3角度檢測系統初始化成功
2025-07-23 20:13:52,248 [INFO] CCD3初始化成功
2025-07-23 20:13:52,248 [INFO] 正在初始化震動盤系統...
2025-07-23 20:13:52,406 [INFO] 震動盤系統初始化成功
2025-07-23 20:13:52,407 [INFO] 震動盤初始化成功
2025-07-23 20:13:52,407 [INFO] 正在初始化夾爪系統...
2025-07-23 20:13:52,407 [INFO] PGC夾爪API初始化 - 直接串口通信模式
2025-07-23 20:13:52,408 [INFO] 正在連接PGC夾爪串口: COM3
2025-07-23 20:13:52,443 [INFO] PGC夾爪串口連接成功: COM3
2025-07-23 20:13:52,443 [INFO] PGC夾爪連接成功
2025-07-23 20:13:52,443 [INFO] 開始自動初始化PGC夾爪
2025-07-23 20:13:52,443 [INFO] 開始初始化PGC夾爪
2025-07-23 20:13:52,538 [INFO] PGC夾爪初始化成功，耗時: 0.093秒
2025-07-23 20:13:52,538 [INFO] PGC夾爪初始化成功
2025-07-23 20:13:52,538 [INFO] 夾爪系統初始化成功
2025-07-23 20:13:52,538 [INFO] 夾爪初始化成功
2025-07-23 20:13:52,538 [INFO] 正在初始化Dobot機械臂...
2025-07-23 20:13:52,640 [INFO] Dobot連接成功: 192.168.1.6
2025-07-23 20:13:53,855 [INFO] 機械臂使能成功
2025-07-23 20:13:53,855 [INFO] 機械臂自動使能成功
2025-07-23 20:13:53,855 [INFO] Dobot機械臂初始化成功
2025-07-23 20:13:53,862 [INFO] 碰撞檢測等級設定為: 3
2025-07-23 20:13:53,862 [INFO] 碰撞檢測等級設置為: 3
2025-07-23 20:13:53,862 [INFO] 機械臂初始化成功
2025-07-23 20:13:53,862 [INFO] 子系統初始化完成，成功: 5/5
2025-07-23 20:13:55,070 [INFO] 機械臂使能成功
2025-07-23 20:13:55,070 [INFO] 機械臂連接並使能成功
2025-07-23 20:13:55,070 [INFO] PGC夾爪快速關閉
2025-07-23 20:13:55,432 [INFO] PGC快速關閉成功，耗時: 0.361秒
2025-07-23 20:13:55,432 [INFO] 夾爪連接並關閉成功
2025-07-23 20:13:55,432 [INFO] CCD1系統可用
2025-07-23 20:13:55,432 [INFO] CCD3系統可用
2025-07-23 20:13:55,433 [INFO] 載入機械臂點位成功，共9個點位
2025-07-23 20:13:55,433 [INFO] 物件管理器初始化完成
2025-07-23 20:13:55,433 [INFO] 物件管理器初始化完成
2025-07-23 20:13:55,433 [INFO] === 階段2: 執行參數設定 ===
2025-07-23 20:13:55,434 [INFO] 參數設定事件啟動
2025-07-23 20:13:55,434 [INFO] CCD1使用預設模型: 1
2025-07-23 20:13:55,434 [INFO] PGC智能釋放到位置: 360
2025-07-23 20:13:55,460 [INFO] PGC智能釋放成功，耗時: 0.025秒
2025-07-23 20:13:55,460 [INFO] 夾爪開度設定為: 360
2025-07-23 20:13:55,460 [INFO] 震動盤狀態檢查:
2025-07-23 20:13:55,460 [INFO]   robot.VP: <vibration_plate_controller.ProductionVibrationPlate object at 0x000001ACFDBC6B10>
2025-07-23 20:13:55,460 [INFO]   hasattr connected: False
2025-07-23 20:13:55,460 [INFO]   VP.is_connected(): True
2025-07-23 20:13:55,460 [INFO] 震動盤背光設定成功
2025-07-23 20:13:55,460 [INFO] 震動盤參數 - 強度:107, 頻率:87
2025-07-23 20:13:55,460 [INFO] 參數設定完成
2025-07-23 20:13:55,461 [INFO] 參數設定完成
2025-07-23 20:13:55,461 [INFO] === 階段3: 執行自動進料 ===
2025-07-23 20:13:55,461 [INFO] 自動進料事件啟動
2025-07-23 20:13:57,081 [INFO] CCD1檢測成功: {1: 22}
2025-07-23 20:13:57,082 [INFO] 使用上次CCD1檢測結果獲取座標
2025-07-23 20:13:57,082 [INFO] 像素座標數據獲取成功: 1類
2025-07-23 20:13:57,082 [INFO] 像素座標 - 標籤1: 22個物件
2025-07-23 20:13:57,083 [INFO] 世界座標數據獲取成功: 1類
2025-07-23 20:13:57,083 [INFO] 世界座標 - 標籤1: 22個物件
2025-07-23 20:13:57,083 [INFO] 檢測結果 - 標籤0:0, 標籤1:22, 標籤2:0
2025-07-23 20:13:57,084 [INFO] 標籤0不足，其他物件總數: 22
2025-07-23 20:13:57,084 [INFO] 其他物件數量≥5，開始震動盤震動
2025-07-23 20:13:57,328 [INFO] 震動盤啟動成功
2025-07-23 20:13:58,628 [INFO] 進料完成，重新檢測 - 第1次嘗試
2025-07-23 20:13:59,410 [INFO] CCD1檢測成功: {0: 12, 1: 18}
2025-07-23 20:13:59,410 [INFO] 使用上次CCD1檢測結果獲取座標
2025-07-23 20:13:59,410 [INFO] 像素座標數據獲取成功: 2類
2025-07-23 20:13:59,410 [INFO] 像素座標 - 標籤0: 12個物件
2025-07-23 20:13:59,411 [INFO] 像素座標 - 標籤1: 18個物件
2025-07-23 20:13:59,411 [INFO] 世界座標數據獲取成功: 2類
2025-07-23 20:13:59,411 [INFO] 世界座標 - 標籤0: 12個物件
2025-07-23 20:13:59,411 [INFO] 世界座標 - 標籤1: 18個物件
2025-07-23 20:13:59,412 [INFO] 檢測結果 - 標籤0:12, 標籤1:18, 標籤2:0
2025-07-23 20:13:59,412 [INFO] 物料準備完成 - 標籤0數量:12個
2025-07-23 20:13:59,412 [INFO] 自動進料完成
2025-07-23 20:13:59,412 [INFO] === 階段4: 開始生產循環 ===
2025-07-23 20:13:59,412 [INFO] --- 開始第1次生產循環 ---
2025-07-23 20:13:59,412 [INFO] 執行機械臂上料事件 - 處理第1個物件
2025-07-23 20:13:59,413 [INFO] 機械臂上料事件啟動(Flow1流程)
2025-07-23 20:13:59,413 [INFO] 處理第1個物件，座標:(-55.57, 369.68)
2025-07-23 20:13:59,413 [INFO] PGC夾爪快速關閉
2025-07-23 20:13:59,511 [INFO] PGC快速關閉成功，耗時: 0.098秒
2025-07-23 20:13:59,812 [INFO] 夾爪關閉完成
2025-07-23 20:13:59,814 [INFO] 切換到左手手勢
2025-07-23 20:14:00,248 [INFO] 運動同步完成
2025-07-23 20:14:00,248 [INFO] 移動到standby完成
2025-07-23 20:14:01,059 [INFO] 運動同步完成
2025-07-23 20:14:01,059 [INFO] 移動到VP_TOPSIDE完成
2025-07-23 20:14:01,719 [INFO] 運動同步完成
2025-07-23 20:14:01,720 [INFO] 移動到檢測位置上方完成
2025-07-23 20:14:02,244 [INFO] 運動同步完成
2025-07-23 20:14:02,244 [INFO] 移動到夾取位置完成
2025-07-23 20:14:02,244 [INFO] PGC智能釋放到位置: 360
2025-07-23 20:14:02,342 [INFO] PGC智能釋放成功，耗時: 0.097秒
2025-07-23 20:14:02,642 [INFO] 夾爪撐開完成
