2025-07-17 01:04:00 [INFO] MotionStateMachine:__init__:231 - MotionStateMachine初始化完成 - 新基地址: 1200
2025-07-17 01:04:00 [DEBUG] MotionStateMachine:set_ready:260 - set_ready(True): 1000 -> 1001
2025-07-17 01:04:00 [DEBUG] MotionStateMachine:_update_status_register_only:236 - 只更新狀態寄存器
2025-07-17 01:04:00 [DEBUG] MotionStateMachine:_update_status_register_only:237 - 狀態寄存器: 地址1200 = 9 (1001)
2025-07-17 01:04:00 [DEBUG] MotionStateMachine:_update_status_register_only:244 - 狀態寄存器寫入成功 (保持Flow完成狀態不變)
2025-07-17 01:04:00 [DEBUG] MotionStateMachine:is_ready_for_command:468 - is_ready_for_command(): 狀態寄存器=1001, Ready位=True
2025-07-17 01:04:00 [DEBUG] MotionStateMachine:set_running:276 - set_running(True): 1001 -> 1010
2025-07-17 01:04:00 [DEBUG] MotionStateMachine:_update_status_to_plc:495 - 更新狀態到PLC (保護Flow完成狀態)
2025-07-17 01:04:00 [DEBUG] MotionStateMachine:_update_status_to_plc:496 - 狀態寄存器: 地址1200 = 10 (1010)
2025-07-17 01:04:00 [DEBUG] MotionStateMachine:_update_status_to_plc:497 - 錯誤計數: 地址1208 = 0
2025-07-17 01:04:00 [DEBUG] MotionStateMachine:_update_status_to_plc:498 - Flow完成狀態保護: F1=0, F2=0, F5=0
2025-07-17 01:04:00 [DEBUG] MotionStateMachine:_update_status_to_plc:505 - 狀態寄存器寫入成功
2025-07-17 01:04:00 [DEBUG] MotionStateMachine:_update_status_to_plc:512 - 錯誤計數寫入成功
2025-07-17 01:04:00 [DEBUG] MotionStateMachine:_update_status_to_plc:515 - Flow完成狀態保護中 - 不進行自動重寫
2025-07-17 01:04:00 [DEBUG] MotionStateMachine:_update_status_to_plc:516 - 當前內部狀態: F1=0, F2=0, F5=0
2025-07-17 01:04:00 [DEBUG] MotionStateMachine:_verify_critical_registers_only:474 - 驗證關鍵寄存器寫入結果
2025-07-17 01:04:00 [DEBUG] MotionStateMachine:_verify_critical_registers_only:480 - 關鍵狀態寄存器驗證:
2025-07-17 01:04:00 [DEBUG] MotionStateMachine:_verify_critical_registers_only:481 -   1200: 10 (1010) - 運動狀態
2025-07-17 01:04:00 [DEBUG] MotionStateMachine:_verify_critical_registers_only:482 -   1201: 1 - 當前Flow
2025-07-17 01:04:00 [DEBUG] MotionStateMachine:_verify_critical_registers_only:483 -   1202: 0 - 進度%
2025-07-17 01:04:00 [DEBUG] MotionStateMachine:_verify_critical_registers_only:484 -   1203: 0 - 錯誤碼
2025-07-17 01:04:00 [DEBUG] MotionStateMachine:_verify_critical_registers_only:485 - Flow完成狀態(1204-1206)未讀取，避免干擾
2025-07-17 01:04:00 [INFO] MotionStateMachine:set_current_flow:307 - set_current_flow(1): 0 -> 1
2025-07-17 01:04:00 [DEBUG] MotionStateMachine:set_current_flow:308 - 寫入寄存器 1201 = 1
2025-07-17 01:04:00 [DEBUG] MotionStateMachine:set_current_flow:314 - 寫入成功: 地址1201 = 1
2025-07-17 01:04:00 [DEBUG] MotionStateMachine:set_current_flow:320 - 驗證讀取: 地址1201 = 1
2025-07-17 01:04:00 [DEBUG] MotionStateMachine:set_progress:334 - set_progress(0): 0 -> 0
2025-07-17 01:04:00 [DEBUG] MotionStateMachine:set_progress:335 - 寫入寄存器 1202 = 0
2025-07-17 01:04:00 [DEBUG] MotionStateMachine:set_progress:341 - 寫入成功: 地址1202 = 0
2025-07-17 01:04:00 [DEBUG] MotionStateMachine:set_flow_complete:358 - Flow1內部狀態: 0 → 0
2025-07-17 01:04:00 [INFO] MotionStateMachine:set_flow_complete:373 - === 設置Flow1完成狀態 (地址1204) ===
2025-07-17 01:04:00 [INFO] MotionStateMachine:set_flow_complete:374 - 目標地址: 1204
2025-07-17 01:04:00 [INFO] MotionStateMachine:set_flow_complete:375 - 設置值: 0 (清除)
2025-07-17 01:04:00 [DEBUG] MotionStateMachine:set_flow_complete:383 - 寫入嘗試 1/3
2025-07-17 01:04:00 [DEBUG] MotionStateMachine:set_flow_complete:394 - 寫入成功 (嘗試1): 地址1204 = 0
2025-07-17 01:04:00 [DEBUG] MotionStateMachine:set_flow_complete:419 - 驗證結果 (嘗試1): 地址1204 = 0
2025-07-17 01:04:00 [INFO] MotionStateMachine:set_flow_complete:422 - Flow1完成狀態驗證成功
2025-07-17 01:04:00 [INFO] MotionStateMachine:set_flow_complete:458 - === Flow1完成狀態設置完成 ===
2025-07-17 01:04:00 [DEBUG] MotionStateMachine:set_progress:334 - set_progress(0): 0 -> 0
2025-07-17 01:04:00 [DEBUG] MotionStateMachine:set_progress:335 - 寫入寄存器 1202 = 0
2025-07-17 01:04:00 [DEBUG] MotionStateMachine:set_progress:341 - 寫入成功: 地址1202 = 0
2025-07-17 01:04:11 [DEBUG] MotionStateMachine:set_flow_complete:358 - Flow1內部狀態: 0 → 0
2025-07-17 01:04:11 [INFO] MotionStateMachine:set_flow_complete:373 - === 設置Flow1完成狀態 (地址1204) ===
2025-07-17 01:04:11 [INFO] MotionStateMachine:set_flow_complete:374 - 目標地址: 1204
2025-07-17 01:04:11 [INFO] MotionStateMachine:set_flow_complete:375 - 設置值: 0 (清除)
2025-07-17 01:04:11 [DEBUG] MotionStateMachine:set_flow_complete:383 - 寫入嘗試 1/3
2025-07-17 01:04:11 [DEBUG] MotionStateMachine:set_flow_complete:394 - 寫入成功 (嘗試1): 地址1204 = 0
2025-07-17 01:04:11 [DEBUG] MotionStateMachine:set_flow_complete:419 - 驗證結果 (嘗試1): 地址1204 = 0
2025-07-17 01:04:11 [INFO] MotionStateMachine:set_flow_complete:422 - Flow1完成狀態驗證成功
2025-07-17 01:04:11 [INFO] MotionStateMachine:set_flow_complete:458 - === Flow1完成狀態設置完成 ===
2025-07-17 01:04:11 [WARNING] MotionStateMachine:set_alarm:293 - set_alarm(True): 1010 -> 1100
2025-07-17 01:04:11 [WARNING] MotionStateMachine:set_alarm:295 - 錯誤計數增加至: 1
2025-07-17 01:04:11 [DEBUG] MotionStateMachine:_update_status_to_plc:495 - 更新狀態到PLC (保護Flow完成狀態)
2025-07-17 01:04:11 [DEBUG] MotionStateMachine:_update_status_to_plc:496 - 狀態寄存器: 地址1200 = 12 (1100)
2025-07-17 01:04:11 [DEBUG] MotionStateMachine:_update_status_to_plc:497 - 錯誤計數: 地址1208 = 1
2025-07-17 01:04:11 [DEBUG] MotionStateMachine:_update_status_to_plc:498 - Flow完成狀態保護: F1=0, F2=0, F5=0
2025-07-17 01:04:11 [DEBUG] MotionStateMachine:_update_status_to_plc:505 - 狀態寄存器寫入成功
2025-07-17 01:04:11 [DEBUG] MotionStateMachine:_update_status_to_plc:512 - 錯誤計數寫入成功
2025-07-17 01:04:11 [DEBUG] MotionStateMachine:_update_status_to_plc:515 - Flow完成狀態保護中 - 不進行自動重寫
2025-07-17 01:04:11 [DEBUG] MotionStateMachine:_update_status_to_plc:516 - 當前內部狀態: F1=0, F2=0, F5=0
2025-07-17 01:04:11 [DEBUG] MotionStateMachine:_verify_critical_registers_only:474 - 驗證關鍵寄存器寫入結果
2025-07-17 01:04:11 [DEBUG] MotionStateMachine:_verify_critical_registers_only:480 - 關鍵狀態寄存器驗證:
2025-07-17 01:04:11 [DEBUG] MotionStateMachine:_verify_critical_registers_only:481 -   1200: 12 (1100) - 運動狀態
2025-07-17 01:04:11 [DEBUG] MotionStateMachine:_verify_critical_registers_only:482 -   1201: 1 - 當前Flow
2025-07-17 01:04:11 [DEBUG] MotionStateMachine:_verify_critical_registers_only:483 -   1202: 0 - 進度%
2025-07-17 01:04:11 [DEBUG] MotionStateMachine:_verify_critical_registers_only:484 -   1203: 0 - 錯誤碼
2025-07-17 01:04:11 [DEBUG] MotionStateMachine:_verify_critical_registers_only:485 - Flow完成狀態(1204-1206)未讀取，避免干擾
2025-07-17 01:04:11 [DEBUG] MotionStateMachine:set_running:276 - set_running(False): 1100 -> 1100
2025-07-17 01:04:11 [DEBUG] MotionStateMachine:_update_status_to_plc:495 - 更新狀態到PLC (保護Flow完成狀態)
2025-07-17 01:04:11 [DEBUG] MotionStateMachine:_update_status_to_plc:496 - 狀態寄存器: 地址1200 = 12 (1100)
2025-07-17 01:04:11 [DEBUG] MotionStateMachine:_update_status_to_plc:497 - 錯誤計數: 地址1208 = 1
2025-07-17 01:04:11 [DEBUG] MotionStateMachine:_update_status_to_plc:498 - Flow完成狀態保護: F1=0, F2=0, F5=0
2025-07-17 01:04:11 [DEBUG] MotionStateMachine:_update_status_to_plc:505 - 狀態寄存器寫入成功
2025-07-17 01:04:11 [DEBUG] MotionStateMachine:_update_status_to_plc:512 - 錯誤計數寫入成功
2025-07-17 01:04:11 [DEBUG] MotionStateMachine:_update_status_to_plc:515 - Flow完成狀態保護中 - 不進行自動重寫
2025-07-17 01:04:11 [DEBUG] MotionStateMachine:_update_status_to_plc:516 - 當前內部狀態: F1=0, F2=0, F5=0
2025-07-17 01:04:11 [DEBUG] MotionStateMachine:_verify_critical_registers_only:474 - 驗證關鍵寄存器寫入結果
2025-07-17 01:04:11 [DEBUG] MotionStateMachine:_verify_critical_registers_only:480 - 關鍵狀態寄存器驗證:
2025-07-17 01:04:11 [DEBUG] MotionStateMachine:_verify_critical_registers_only:481 -   1200: 12 (1100) - 運動狀態
2025-07-17 01:04:11 [DEBUG] MotionStateMachine:_verify_critical_registers_only:482 -   1201: 1 - 當前Flow
2025-07-17 01:04:11 [DEBUG] MotionStateMachine:_verify_critical_registers_only:483 -   1202: 0 - 進度%
2025-07-17 01:04:11 [DEBUG] MotionStateMachine:_verify_critical_registers_only:484 -   1203: 0 - 錯誤碼
2025-07-17 01:04:11 [DEBUG] MotionStateMachine:_verify_critical_registers_only:485 - Flow完成狀態(1204-1206)未讀取，避免干擾
2025-07-17 01:04:11 [INFO] MotionStateMachine:set_current_flow:307 - set_current_flow(0): 1 -> 0
2025-07-17 01:04:11 [DEBUG] MotionStateMachine:set_current_flow:308 - 寫入寄存器 1201 = 0
2025-07-17 01:04:11 [DEBUG] MotionStateMachine:set_current_flow:314 - 寫入成功: 地址1201 = 0
2025-07-17 01:04:11 [DEBUG] MotionStateMachine:set_current_flow:320 - 驗證讀取: 地址1201 = 0
2025-07-17 01:04:20 [DEBUG] MotionStateMachine:is_ready_for_command:468 - is_ready_for_command(): 狀態寄存器=1100, Ready位=False
2025-07-17 01:04:20 [DEBUG] MotionStateMachine:is_ready_for_command:468 - is_ready_for_command(): 狀態寄存器=1100, Ready位=False
2025-07-17 01:04:20 [DEBUG] MotionStateMachine:is_ready_for_command:468 - is_ready_for_command(): 狀態寄存器=1100, Ready位=False
2025-07-17 01:04:20 [DEBUG] MotionStateMachine:is_ready_for_command:468 - is_ready_for_command(): 狀態寄存器=1100, Ready位=False
2025-07-17 01:04:20 [DEBUG] MotionStateMachine:is_ready_for_command:468 - is_ready_for_command(): 狀態寄存器=1100, Ready位=False
2025-07-17 01:04:20 [DEBUG] MotionStateMachine:is_ready_for_command:468 - is_ready_for_command(): 狀態寄存器=1100, Ready位=False
2025-07-17 01:04:20 [DEBUG] MotionStateMachine:is_ready_for_command:468 - is_ready_for_command(): 狀態寄存器=1100, Ready位=False
2025-07-17 01:04:20 [DEBUG] MotionStateMachine:is_ready_for_command:468 - is_ready_for_command(): 狀態寄存器=1100, Ready位=False
2025-07-17 01:04:20 [DEBUG] MotionStateMachine:is_ready_for_command:468 - is_ready_for_command(): 狀態寄存器=1100, Ready位=False
2025-07-17 01:04:20 [DEBUG] MotionStateMachine:is_ready_for_command:468 - is_ready_for_command(): 狀態寄存器=1100, Ready位=False
2025-07-17 01:04:20 [DEBUG] MotionStateMachine:is_ready_for_command:468 - is_ready_for_command(): 狀態寄存器=1100, Ready位=False
2025-07-17 01:04:20 [DEBUG] MotionStateMachine:is_ready_for_command:468 - is_ready_for_command(): 狀態寄存器=1100, Ready位=False
2025-07-17 01:04:20 [DEBUG] MotionStateMachine:is_ready_for_command:468 - is_ready_for_command(): 狀態寄存器=1100, Ready位=False
2025-07-17 01:04:20 [DEBUG] MotionStateMachine:is_ready_for_command:468 - is_ready_for_command(): 狀態寄存器=1100, Ready位=False
2025-07-17 01:04:20 [DEBUG] MotionStateMachine:is_ready_for_command:468 - is_ready_for_command(): 狀態寄存器=1100, Ready位=False
2025-07-17 01:04:21 [DEBUG] MotionStateMachine:is_ready_for_command:468 - is_ready_for_command(): 狀態寄存器=1100, Ready位=False
2025-07-17 01:04:21 [DEBUG] MotionStateMachine:is_ready_for_command:468 - is_ready_for_command(): 狀態寄存器=1100, Ready位=False
2025-07-17 01:04:21 [DEBUG] MotionStateMachine:is_ready_for_command:468 - is_ready_for_command(): 狀態寄存器=1100, Ready位=False
2025-07-17 01:04:21 [DEBUG] MotionStateMachine:is_ready_for_command:468 - is_ready_for_command(): 狀態寄存器=1100, Ready位=False
2025-07-17 01:04:21 [DEBUG] MotionStateMachine:is_ready_for_command:468 - is_ready_for_command(): 狀態寄存器=1100, Ready位=False
2025-07-17 01:04:21 [DEBUG] MotionStateMachine:is_ready_for_command:468 - is_ready_for_command(): 狀態寄存器=1100, Ready位=False
2025-07-17 01:04:21 [DEBUG] MotionStateMachine:is_ready_for_command:468 - is_ready_for_command(): 狀態寄存器=1100, Ready位=False
2025-07-17 01:04:21 [DEBUG] MotionStateMachine:is_ready_for_command:468 - is_ready_for_command(): 狀態寄存器=1100, Ready位=False
2025-07-17 01:04:21 [DEBUG] MotionStateMachine:is_ready_for_command:468 - is_ready_for_command(): 狀態寄存器=1100, Ready位=False
2025-07-17 01:04:21 [DEBUG] MotionStateMachine:is_ready_for_command:468 - is_ready_for_command(): 狀態寄存器=1100, Ready位=False
2025-07-17 01:04:21 [DEBUG] MotionStateMachine:is_ready_for_command:468 - is_ready_for_command(): 狀態寄存器=1100, Ready位=False
2025-07-17 01:04:21 [DEBUG] MotionStateMachine:is_ready_for_command:468 - is_ready_for_command(): 狀態寄存器=1100, Ready位=False
2025-07-17 01:04:21 [DEBUG] MotionStateMachine:is_ready_for_command:468 - is_ready_for_command(): 狀態寄存器=1100, Ready位=False
2025-07-17 01:04:21 [DEBUG] MotionStateMachine:is_ready_for_command:468 - is_ready_for_command(): 狀態寄存器=1100, Ready位=False
2025-07-17 01:04:21 [DEBUG] MotionStateMachine:is_ready_for_command:468 - is_ready_for_command(): 狀態寄存器=1100, Ready位=False
2025-07-17 01:04:21 [DEBUG] MotionStateMachine:is_ready_for_command:468 - is_ready_for_command(): 狀態寄存器=1100, Ready位=False
2025-07-17 01:04:21 [DEBUG] MotionStateMachine:is_ready_for_command:468 - is_ready_for_command(): 狀態寄存器=1100, Ready位=False
2025-07-17 01:04:21 [DEBUG] MotionStateMachine:is_ready_for_command:468 - is_ready_for_command(): 狀態寄存器=1100, Ready位=False
2025-07-17 01:04:21 [DEBUG] MotionStateMachine:is_ready_for_command:468 - is_ready_for_command(): 狀態寄存器=1100, Ready位=False
2025-07-17 01:04:21 [DEBUG] MotionStateMachine:is_ready_for_command:468 - is_ready_for_command(): 狀態寄存器=1100, Ready位=False
2025-07-17 01:04:21 [DEBUG] MotionStateMachine:is_ready_for_command:468 - is_ready_for_command(): 狀態寄存器=1100, Ready位=False
2025-07-17 01:04:21 [DEBUG] MotionStateMachine:is_ready_for_command:468 - is_ready_for_command(): 狀態寄存器=1100, Ready位=False
2025-07-17 01:04:21 [DEBUG] MotionStateMachine:is_ready_for_command:468 - is_ready_for_command(): 狀態寄存器=1100, Ready位=False
2025-07-17 01:04:21 [DEBUG] MotionStateMachine:is_ready_for_command:468 - is_ready_for_command(): 狀態寄存器=1100, Ready位=False
2025-07-17 01:04:21 [DEBUG] MotionStateMachine:is_ready_for_command:468 - is_ready_for_command(): 狀態寄存器=1100, Ready位=False
2025-07-17 01:04:21 [DEBUG] MotionStateMachine:is_ready_for_command:468 - is_ready_for_command(): 狀態寄存器=1100, Ready位=False
2025-07-17 01:04:21 [DEBUG] MotionStateMachine:is_ready_for_command:468 - is_ready_for_command(): 狀態寄存器=1100, Ready位=False
2025-07-17 01:04:21 [DEBUG] MotionStateMachine:is_ready_for_command:468 - is_ready_for_command(): 狀態寄存器=1100, Ready位=False
2025-07-17 01:04:21 [DEBUG] MotionStateMachine:is_ready_for_command:468 - is_ready_for_command(): 狀態寄存器=1100, Ready位=False
2025-07-17 01:04:22 [DEBUG] MotionStateMachine:is_ready_for_command:468 - is_ready_for_command(): 狀態寄存器=1100, Ready位=False
2025-07-17 01:04:22 [DEBUG] MotionStateMachine:is_ready_for_command:468 - is_ready_for_command(): 狀態寄存器=1100, Ready位=False
2025-07-17 01:04:22 [DEBUG] MotionStateMachine:is_ready_for_command:468 - is_ready_for_command(): 狀態寄存器=1100, Ready位=False
2025-07-17 01:04:22 [DEBUG] MotionStateMachine:is_ready_for_command:468 - is_ready_for_command(): 狀態寄存器=1100, Ready位=False
2025-07-17 01:04:22 [DEBUG] MotionStateMachine:is_ready_for_command:468 - is_ready_for_command(): 狀態寄存器=1100, Ready位=False
2025-07-17 01:04:22 [DEBUG] MotionStateMachine:is_ready_for_command:468 - is_ready_for_command(): 狀態寄存器=1100, Ready位=False
2025-07-17 01:04:22 [DEBUG] MotionStateMachine:is_ready_for_command:468 - is_ready_for_command(): 狀態寄存器=1100, Ready位=False
2025-07-17 01:04:22 [DEBUG] MotionStateMachine:is_ready_for_command:468 - is_ready_for_command(): 狀態寄存器=1100, Ready位=False
2025-07-17 01:04:22 [DEBUG] MotionStateMachine:is_ready_for_command:468 - is_ready_for_command(): 狀態寄存器=1100, Ready位=False
2025-07-17 01:04:22 [DEBUG] MotionStateMachine:is_ready_for_command:468 - is_ready_for_command(): 狀態寄存器=1100, Ready位=False
2025-07-17 01:04:22 [DEBUG] MotionStateMachine:is_ready_for_command:468 - is_ready_for_command(): 狀態寄存器=1100, Ready位=False
2025-07-17 01:04:22 [DEBUG] MotionStateMachine:is_ready_for_command:468 - is_ready_for_command(): 狀態寄存器=1100, Ready位=False
2025-07-17 01:04:22 [DEBUG] MotionStateMachine:is_ready_for_command:468 - is_ready_for_command(): 狀態寄存器=1100, Ready位=False
2025-07-17 01:04:22 [DEBUG] MotionStateMachine:is_ready_for_command:468 - is_ready_for_command(): 狀態寄存器=1100, Ready位=False
2025-07-17 01:04:22 [DEBUG] MotionStateMachine:is_ready_for_command:468 - is_ready_for_command(): 狀態寄存器=1100, Ready位=False
2025-07-17 01:04:22 [DEBUG] MotionStateMachine:is_ready_for_command:468 - is_ready_for_command(): 狀態寄存器=1100, Ready位=False
2025-07-17 01:04:22 [DEBUG] MotionStateMachine:is_ready_for_command:468 - is_ready_for_command(): 狀態寄存器=1100, Ready位=False
2025-07-17 01:04:22 [DEBUG] MotionStateMachine:is_ready_for_command:468 - is_ready_for_command(): 狀態寄存器=1100, Ready位=False
2025-07-17 01:04:22 [DEBUG] MotionStateMachine:is_ready_for_command:468 - is_ready_for_command(): 狀態寄存器=1100, Ready位=False
2025-07-17 01:04:22 [DEBUG] MotionStateMachine:is_ready_for_command:468 - is_ready_for_command(): 狀態寄存器=1100, Ready位=False
2025-07-17 01:04:22 [DEBUG] MotionStateMachine:is_ready_for_command:468 - is_ready_for_command(): 狀態寄存器=1100, Ready位=False
2025-07-17 01:04:22 [DEBUG] MotionStateMachine:is_ready_for_command:468 - is_ready_for_command(): 狀態寄存器=1100, Ready位=False
2025-07-17 01:04:22 [DEBUG] MotionStateMachine:is_ready_for_command:468 - is_ready_for_command(): 狀態寄存器=1100, Ready位=False
2025-07-17 01:04:22 [DEBUG] MotionStateMachine:is_ready_for_command:468 - is_ready_for_command(): 狀態寄存器=1100, Ready位=False
2025-07-17 01:04:22 [DEBUG] MotionStateMachine:is_ready_for_command:468 - is_ready_for_command(): 狀態寄存器=1100, Ready位=False
2025-07-17 01:04:23 [DEBUG] MotionStateMachine:is_ready_for_command:468 - is_ready_for_command(): 狀態寄存器=1100, Ready位=False
2025-07-17 01:04:23 [DEBUG] MotionStateMachine:is_ready_for_command:468 - is_ready_for_command(): 狀態寄存器=1100, Ready位=False
2025-07-17 01:04:23 [DEBUG] MotionStateMachine:is_ready_for_command:468 - is_ready_for_command(): 狀態寄存器=1100, Ready位=False
2025-07-17 01:04:23 [DEBUG] MotionStateMachine:is_ready_for_command:468 - is_ready_for_command(): 狀態寄存器=1100, Ready位=False
2025-07-17 01:04:23 [DEBUG] MotionStateMachine:is_ready_for_command:468 - is_ready_for_command(): 狀態寄存器=1100, Ready位=False
2025-07-17 01:04:23 [DEBUG] MotionStateMachine:is_ready_for_command:468 - is_ready_for_command(): 狀態寄存器=1100, Ready位=False
2025-07-17 01:04:23 [DEBUG] MotionStateMachine:is_ready_for_command:468 - is_ready_for_command(): 狀態寄存器=1100, Ready位=False
2025-07-17 01:04:23 [DEBUG] MotionStateMachine:is_ready_for_command:468 - is_ready_for_command(): 狀態寄存器=1100, Ready位=False
2025-07-17 01:04:23 [DEBUG] MotionStateMachine:is_ready_for_command:468 - is_ready_for_command(): 狀態寄存器=1100, Ready位=False
2025-07-17 01:04:23 [DEBUG] MotionStateMachine:is_ready_for_command:468 - is_ready_for_command(): 狀態寄存器=1100, Ready位=False
2025-07-17 01:04:23 [DEBUG] MotionStateMachine:is_ready_for_command:468 - is_ready_for_command(): 狀態寄存器=1100, Ready位=False
2025-07-17 01:04:23 [DEBUG] MotionStateMachine:is_ready_for_command:468 - is_ready_for_command(): 狀態寄存器=1100, Ready位=False
2025-07-17 01:04:23 [DEBUG] MotionStateMachine:is_ready_for_command:468 - is_ready_for_command(): 狀態寄存器=1100, Ready位=False
2025-07-17 01:04:23 [DEBUG] MotionStateMachine:is_ready_for_command:468 - is_ready_for_command(): 狀態寄存器=1100, Ready位=False
2025-07-17 01:04:23 [DEBUG] MotionStateMachine:is_ready_for_command:468 - is_ready_for_command(): 狀態寄存器=1100, Ready位=False
2025-07-17 01:04:23 [DEBUG] MotionStateMachine:is_ready_for_command:468 - is_ready_for_command(): 狀態寄存器=1100, Ready位=False
2025-07-17 01:04:23 [DEBUG] MotionStateMachine:is_ready_for_command:468 - is_ready_for_command(): 狀態寄存器=1100, Ready位=False
2025-07-17 01:04:23 [DEBUG] MotionStateMachine:is_ready_for_command:468 - is_ready_for_command(): 狀態寄存器=1100, Ready位=False
2025-07-17 01:04:23 [DEBUG] MotionStateMachine:is_ready_for_command:468 - is_ready_for_command(): 狀態寄存器=1100, Ready位=False
2025-07-17 01:04:23 [DEBUG] MotionStateMachine:is_ready_for_command:468 - is_ready_for_command(): 狀態寄存器=1100, Ready位=False
2025-07-17 01:04:23 [DEBUG] MotionStateMachine:is_ready_for_command:468 - is_ready_for_command(): 狀態寄存器=1100, Ready位=False
2025-07-17 01:04:23 [DEBUG] MotionStateMachine:is_ready_for_command:468 - is_ready_for_command(): 狀態寄存器=1100, Ready位=False
2025-07-17 01:04:23 [DEBUG] MotionStateMachine:is_ready_for_command:468 - is_ready_for_command(): 狀態寄存器=1100, Ready位=False
2025-07-17 01:04:23 [DEBUG] MotionStateMachine:is_ready_for_command:468 - is_ready_for_command(): 狀態寄存器=1100, Ready位=False
2025-07-17 01:04:23 [DEBUG] MotionStateMachine:is_ready_for_command:468 - is_ready_for_command(): 狀態寄存器=1100, Ready位=False
2025-07-17 01:04:23 [DEBUG] MotionStateMachine:is_ready_for_command:468 - is_ready_for_command(): 狀態寄存器=1100, Ready位=False
2025-07-17 01:04:23 [DEBUG] MotionStateMachine:is_ready_for_command:468 - is_ready_for_command(): 狀態寄存器=1100, Ready位=False
2025-07-17 01:04:23 [DEBUG] MotionStateMachine:is_ready_for_command:468 - is_ready_for_command(): 狀態寄存器=1100, Ready位=False
2025-07-17 01:04:24 [DEBUG] MotionStateMachine:is_ready_for_command:468 - is_ready_for_command(): 狀態寄存器=1100, Ready位=False
2025-07-17 01:04:24 [DEBUG] MotionStateMachine:is_ready_for_command:468 - is_ready_for_command(): 狀態寄存器=1100, Ready位=False
2025-07-17 01:04:24 [DEBUG] MotionStateMachine:is_ready_for_command:468 - is_ready_for_command(): 狀態寄存器=1100, Ready位=False
2025-07-17 01:04:24 [DEBUG] MotionStateMachine:is_ready_for_command:468 - is_ready_for_command(): 狀態寄存器=1100, Ready位=False
2025-07-17 01:04:24 [DEBUG] MotionStateMachine:is_ready_for_command:468 - is_ready_for_command(): 狀態寄存器=1100, Ready位=False
2025-07-17 01:04:24 [DEBUG] MotionStateMachine:is_ready_for_command:468 - is_ready_for_command(): 狀態寄存器=1100, Ready位=False
2025-07-17 01:04:24 [DEBUG] MotionStateMachine:is_ready_for_command:468 - is_ready_for_command(): 狀態寄存器=1100, Ready位=False
2025-07-17 01:04:24 [DEBUG] MotionStateMachine:is_ready_for_command:468 - is_ready_for_command(): 狀態寄存器=1100, Ready位=False
2025-07-17 01:04:24 [DEBUG] MotionStateMachine:is_ready_for_command:468 - is_ready_for_command(): 狀態寄存器=1100, Ready位=False
2025-07-17 01:04:24 [DEBUG] MotionStateMachine:is_ready_for_command:468 - is_ready_for_command(): 狀態寄存器=1100, Ready位=False
2025-07-17 01:04:24 [DEBUG] MotionStateMachine:is_ready_for_command:468 - is_ready_for_command(): 狀態寄存器=1100, Ready位=False
2025-07-17 01:04:24 [DEBUG] MotionStateMachine:is_ready_for_command:468 - is_ready_for_command(): 狀態寄存器=1100, Ready位=False
2025-07-17 01:04:24 [DEBUG] MotionStateMachine:is_ready_for_command:468 - is_ready_for_command(): 狀態寄存器=1100, Ready位=False
2025-07-17 01:04:24 [DEBUG] MotionStateMachine:is_ready_for_command:468 - is_ready_for_command(): 狀態寄存器=1100, Ready位=False
2025-07-17 01:04:24 [DEBUG] MotionStateMachine:is_ready_for_command:468 - is_ready_for_command(): 狀態寄存器=1100, Ready位=False
2025-07-17 01:04:24 [DEBUG] MotionStateMachine:is_ready_for_command:468 - is_ready_for_command(): 狀態寄存器=1100, Ready位=False
2025-07-17 01:04:24 [DEBUG] MotionStateMachine:is_ready_for_command:468 - is_ready_for_command(): 狀態寄存器=1100, Ready位=False
2025-07-17 01:04:24 [DEBUG] MotionStateMachine:is_ready_for_command:468 - is_ready_for_command(): 狀態寄存器=1100, Ready位=False
2025-07-17 01:04:24 [DEBUG] MotionStateMachine:is_ready_for_command:468 - is_ready_for_command(): 狀態寄存器=1100, Ready位=False
2025-07-17 01:04:24 [DEBUG] MotionStateMachine:is_ready_for_command:468 - is_ready_for_command(): 狀態寄存器=1100, Ready位=False
2025-07-17 01:04:24 [DEBUG] MotionStateMachine:is_ready_for_command:468 - is_ready_for_command(): 狀態寄存器=1100, Ready位=False
2025-07-17 01:04:24 [DEBUG] MotionStateMachine:is_ready_for_command:468 - is_ready_for_command(): 狀態寄存器=1100, Ready位=False
2025-07-17 01:04:24 [DEBUG] MotionStateMachine:is_ready_for_command:468 - is_ready_for_command(): 狀態寄存器=1100, Ready位=False
2025-07-17 01:04:24 [DEBUG] MotionStateMachine:is_ready_for_command:468 - is_ready_for_command(): 狀態寄存器=1100, Ready位=False
2025-07-17 01:04:24 [DEBUG] MotionStateMachine:is_ready_for_command:468 - is_ready_for_command(): 狀態寄存器=1100, Ready位=False
2025-07-17 01:04:24 [DEBUG] MotionStateMachine:is_ready_for_command:468 - is_ready_for_command(): 狀態寄存器=1100, Ready位=False
2025-07-17 01:04:24 [DEBUG] MotionStateMachine:is_ready_for_command:468 - is_ready_for_command(): 狀態寄存器=1100, Ready位=False
2025-07-17 01:04:24 [DEBUG] MotionStateMachine:is_ready_for_command:468 - is_ready_for_command(): 狀態寄存器=1100, Ready位=False
2025-07-17 01:04:24 [DEBUG] MotionStateMachine:is_ready_for_command:468 - is_ready_for_command(): 狀態寄存器=1100, Ready位=False
2025-07-17 01:04:24 [DEBUG] MotionStateMachine:is_ready_for_command:468 - is_ready_for_command(): 狀態寄存器=1100, Ready位=False
2025-07-17 01:04:24 [DEBUG] MotionStateMachine:is_ready_for_command:468 - is_ready_for_command(): 狀態寄存器=1100, Ready位=False
2025-07-17 01:04:24 [DEBUG] MotionStateMachine:is_ready_for_command:468 - is_ready_for_command(): 狀態寄存器=1100, Ready位=False
2025-07-17 01:04:24 [DEBUG] MotionStateMachine:is_ready_for_command:468 - is_ready_for_command(): 狀態寄存器=1100, Ready位=False
2025-07-17 01:04:24 [DEBUG] MotionStateMachine:is_ready_for_command:468 - is_ready_for_command(): 狀態寄存器=1100, Ready位=False
2025-07-17 01:04:25 [DEBUG] MotionStateMachine:is_ready_for_command:468 - is_ready_for_command(): 狀態寄存器=1100, Ready位=False
2025-07-17 01:04:25 [DEBUG] MotionStateMachine:is_ready_for_command:468 - is_ready_for_command(): 狀態寄存器=1100, Ready位=False
2025-07-17 01:04:25 [DEBUG] MotionStateMachine:is_ready_for_command:468 - is_ready_for_command(): 狀態寄存器=1100, Ready位=False
2025-07-17 01:04:25 [DEBUG] MotionStateMachine:is_ready_for_command:468 - is_ready_for_command(): 狀態寄存器=1100, Ready位=False
2025-07-17 01:04:25 [DEBUG] MotionStateMachine:is_ready_for_command:468 - is_ready_for_command(): 狀態寄存器=1100, Ready位=False
2025-07-17 01:04:25 [DEBUG] MotionStateMachine:is_ready_for_command:468 - is_ready_for_command(): 狀態寄存器=1100, Ready位=False
2025-07-17 01:04:25 [DEBUG] MotionStateMachine:is_ready_for_command:468 - is_ready_for_command(): 狀態寄存器=1100, Ready位=False
2025-07-17 01:04:25 [DEBUG] MotionStateMachine:is_ready_for_command:468 - is_ready_for_command(): 狀態寄存器=1100, Ready位=False
2025-07-17 01:04:25 [DEBUG] MotionStateMachine:is_ready_for_command:468 - is_ready_for_command(): 狀態寄存器=1100, Ready位=False
2025-07-17 01:04:25 [DEBUG] MotionStateMachine:is_ready_for_command:468 - is_ready_for_command(): 狀態寄存器=1100, Ready位=False
2025-07-17 01:04:25 [DEBUG] MotionStateMachine:is_ready_for_command:468 - is_ready_for_command(): 狀態寄存器=1100, Ready位=False
2025-07-17 01:04:25 [DEBUG] MotionStateMachine:is_ready_for_command:468 - is_ready_for_command(): 狀態寄存器=1100, Ready位=False
2025-07-17 01:04:25 [DEBUG] MotionStateMachine:is_ready_for_command:468 - is_ready_for_command(): 狀態寄存器=1100, Ready位=False
2025-07-17 01:04:25 [DEBUG] MotionStateMachine:is_ready_for_command:468 - is_ready_for_command(): 狀態寄存器=1100, Ready位=False
2025-07-17 01:04:25 [DEBUG] MotionStateMachine:is_ready_for_command:468 - is_ready_for_command(): 狀態寄存器=1100, Ready位=False
2025-07-17 01:04:25 [DEBUG] MotionStateMachine:is_ready_for_command:468 - is_ready_for_command(): 狀態寄存器=1100, Ready位=False
2025-07-17 01:04:25 [DEBUG] MotionStateMachine:is_ready_for_command:468 - is_ready_for_command(): 狀態寄存器=1100, Ready位=False
2025-07-17 01:04:25 [DEBUG] MotionStateMachine:is_ready_for_command:468 - is_ready_for_command(): 狀態寄存器=1100, Ready位=False
2025-07-17 01:04:25 [DEBUG] MotionStateMachine:is_ready_for_command:468 - is_ready_for_command(): 狀態寄存器=1100, Ready位=False
2025-07-17 01:04:25 [DEBUG] MotionStateMachine:is_ready_for_command:468 - is_ready_for_command(): 狀態寄存器=1100, Ready位=False
2025-07-17 01:04:25 [DEBUG] MotionStateMachine:is_ready_for_command:468 - is_ready_for_command(): 狀態寄存器=1100, Ready位=False
2025-07-17 01:04:25 [DEBUG] MotionStateMachine:is_ready_for_command:468 - is_ready_for_command(): 狀態寄存器=1100, Ready位=False
2025-07-17 01:04:25 [DEBUG] MotionStateMachine:is_ready_for_command:468 - is_ready_for_command(): 狀態寄存器=1100, Ready位=False
2025-07-17 01:04:25 [DEBUG] MotionStateMachine:is_ready_for_command:468 - is_ready_for_command(): 狀態寄存器=1100, Ready位=False
2025-07-17 01:04:25 [DEBUG] MotionStateMachine:is_ready_for_command:468 - is_ready_for_command(): 狀態寄存器=1100, Ready位=False
2025-07-17 01:04:25 [DEBUG] MotionStateMachine:is_ready_for_command:468 - is_ready_for_command(): 狀態寄存器=1100, Ready位=False
2025-07-17 01:04:25 [DEBUG] MotionStateMachine:is_ready_for_command:468 - is_ready_for_command(): 狀態寄存器=1100, Ready位=False
2025-07-17 01:04:26 [DEBUG] MotionStateMachine:is_ready_for_command:468 - is_ready_for_command(): 狀態寄存器=1100, Ready位=False
2025-07-17 01:04:26 [DEBUG] MotionStateMachine:is_ready_for_command:468 - is_ready_for_command(): 狀態寄存器=1100, Ready位=False
2025-07-17 01:04:26 [DEBUG] MotionStateMachine:is_ready_for_command:468 - is_ready_for_command(): 狀態寄存器=1100, Ready位=False
2025-07-17 01:04:26 [DEBUG] MotionStateMachine:is_ready_for_command:468 - is_ready_for_command(): 狀態寄存器=1100, Ready位=False
2025-07-17 01:04:26 [DEBUG] MotionStateMachine:is_ready_for_command:468 - is_ready_for_command(): 狀態寄存器=1100, Ready位=False
2025-07-17 01:04:26 [DEBUG] MotionStateMachine:is_ready_for_command:468 - is_ready_for_command(): 狀態寄存器=1100, Ready位=False
2025-07-17 01:04:26 [DEBUG] MotionStateMachine:is_ready_for_command:468 - is_ready_for_command(): 狀態寄存器=1100, Ready位=False
2025-07-17 01:04:26 [DEBUG] MotionStateMachine:is_ready_for_command:468 - is_ready_for_command(): 狀態寄存器=1100, Ready位=False
2025-07-17 01:04:26 [DEBUG] MotionStateMachine:is_ready_for_command:468 - is_ready_for_command(): 狀態寄存器=1100, Ready位=False
2025-07-17 01:04:26 [DEBUG] MotionStateMachine:is_ready_for_command:468 - is_ready_for_command(): 狀態寄存器=1100, Ready位=False
2025-07-17 01:04:26 [DEBUG] MotionStateMachine:is_ready_for_command:468 - is_ready_for_command(): 狀態寄存器=1100, Ready位=False
2025-07-17 01:04:26 [DEBUG] MotionStateMachine:is_ready_for_command:468 - is_ready_for_command(): 狀態寄存器=1100, Ready位=False
2025-07-17 01:04:26 [DEBUG] MotionStateMachine:is_ready_for_command:468 - is_ready_for_command(): 狀態寄存器=1100, Ready位=False
2025-07-17 01:04:26 [DEBUG] MotionStateMachine:is_ready_for_command:468 - is_ready_for_command(): 狀態寄存器=1100, Ready位=False
2025-07-17 01:04:26 [DEBUG] MotionStateMachine:is_ready_for_command:468 - is_ready_for_command(): 狀態寄存器=1100, Ready位=False
2025-07-17 01:04:26 [DEBUG] MotionStateMachine:is_ready_for_command:468 - is_ready_for_command(): 狀態寄存器=1100, Ready位=False
2025-07-17 01:04:26 [DEBUG] MotionStateMachine:is_ready_for_command:468 - is_ready_for_command(): 狀態寄存器=1100, Ready位=False
2025-07-17 01:04:26 [DEBUG] MotionStateMachine:is_ready_for_command:468 - is_ready_for_command(): 狀態寄存器=1100, Ready位=False
2025-07-17 01:04:26 [DEBUG] MotionStateMachine:is_ready_for_command:468 - is_ready_for_command(): 狀態寄存器=1100, Ready位=False
2025-07-17 01:04:26 [DEBUG] MotionStateMachine:is_ready_for_command:468 - is_ready_for_command(): 狀態寄存器=1100, Ready位=False
2025-07-17 01:04:26 [DEBUG] MotionStateMachine:is_ready_for_command:468 - is_ready_for_command(): 狀態寄存器=1100, Ready位=False
2025-07-17 01:04:26 [DEBUG] MotionStateMachine:is_ready_for_command:468 - is_ready_for_command(): 狀態寄存器=1100, Ready位=False
2025-07-17 01:04:26 [DEBUG] MotionStateMachine:is_ready_for_command:468 - is_ready_for_command(): 狀態寄存器=1100, Ready位=False
2025-07-17 01:04:26 [DEBUG] MotionStateMachine:is_ready_for_command:468 - is_ready_for_command(): 狀態寄存器=1100, Ready位=False
2025-07-17 01:04:26 [DEBUG] MotionStateMachine:is_ready_for_command:468 - is_ready_for_command(): 狀態寄存器=1100, Ready位=False
2025-07-17 01:04:26 [DEBUG] MotionStateMachine:is_ready_for_command:468 - is_ready_for_command(): 狀態寄存器=1100, Ready位=False
2025-07-17 01:04:26 [DEBUG] MotionStateMachine:is_ready_for_command:468 - is_ready_for_command(): 狀態寄存器=1100, Ready位=False
2025-07-17 01:04:27 [DEBUG] MotionStateMachine:is_ready_for_command:468 - is_ready_for_command(): 狀態寄存器=1100, Ready位=False
2025-07-17 01:04:27 [DEBUG] MotionStateMachine:is_ready_for_command:468 - is_ready_for_command(): 狀態寄存器=1100, Ready位=False
2025-07-17 01:04:27 [DEBUG] MotionStateMachine:is_ready_for_command:468 - is_ready_for_command(): 狀態寄存器=1100, Ready位=False
2025-07-17 01:04:27 [DEBUG] MotionStateMachine:is_ready_for_command:468 - is_ready_for_command(): 狀態寄存器=1100, Ready位=False
2025-07-17 01:04:27 [DEBUG] MotionStateMachine:is_ready_for_command:468 - is_ready_for_command(): 狀態寄存器=1100, Ready位=False
2025-07-17 01:04:27 [DEBUG] MotionStateMachine:is_ready_for_command:468 - is_ready_for_command(): 狀態寄存器=1100, Ready位=False
2025-07-17 01:04:27 [DEBUG] MotionStateMachine:is_ready_for_command:468 - is_ready_for_command(): 狀態寄存器=1100, Ready位=False
2025-07-17 01:04:27 [DEBUG] MotionStateMachine:is_ready_for_command:468 - is_ready_for_command(): 狀態寄存器=1100, Ready位=False
2025-07-17 01:04:27 [DEBUG] MotionStateMachine:is_ready_for_command:468 - is_ready_for_command(): 狀態寄存器=1100, Ready位=False
2025-07-17 01:04:27 [DEBUG] MotionStateMachine:is_ready_for_command:468 - is_ready_for_command(): 狀態寄存器=1100, Ready位=False
2025-07-17 01:04:27 [DEBUG] MotionStateMachine:is_ready_for_command:468 - is_ready_for_command(): 狀態寄存器=1100, Ready位=False
2025-07-17 01:04:27 [DEBUG] MotionStateMachine:is_ready_for_command:468 - is_ready_for_command(): 狀態寄存器=1100, Ready位=False
2025-07-17 01:04:27 [DEBUG] MotionStateMachine:is_ready_for_command:468 - is_ready_for_command(): 狀態寄存器=1100, Ready位=False
2025-07-17 01:04:27 [DEBUG] MotionStateMachine:is_ready_for_command:468 - is_ready_for_command(): 狀態寄存器=1100, Ready位=False
2025-07-17 01:04:27 [DEBUG] MotionStateMachine:is_ready_for_command:468 - is_ready_for_command(): 狀態寄存器=1100, Ready位=False
2025-07-17 01:04:27 [DEBUG] MotionStateMachine:is_ready_for_command:468 - is_ready_for_command(): 狀態寄存器=1100, Ready位=False
2025-07-17 01:04:27 [DEBUG] MotionStateMachine:is_ready_for_command:468 - is_ready_for_command(): 狀態寄存器=1100, Ready位=False
2025-07-17 01:04:27 [DEBUG] MotionStateMachine:is_ready_for_command:468 - is_ready_for_command(): 狀態寄存器=1100, Ready位=False
2025-07-17 01:04:27 [DEBUG] MotionStateMachine:is_ready_for_command:468 - is_ready_for_command(): 狀態寄存器=1100, Ready位=False
2025-07-17 01:04:27 [DEBUG] MotionStateMachine:is_ready_for_command:468 - is_ready_for_command(): 狀態寄存器=1100, Ready位=False
2025-07-17 01:04:27 [DEBUG] MotionStateMachine:is_ready_for_command:468 - is_ready_for_command(): 狀態寄存器=1100, Ready位=False
2025-07-17 01:04:27 [DEBUG] MotionStateMachine:is_ready_for_command:468 - is_ready_for_command(): 狀態寄存器=1100, Ready位=False
2025-07-17 01:04:27 [DEBUG] MotionStateMachine:is_ready_for_command:468 - is_ready_for_command(): 狀態寄存器=1100, Ready位=False
2025-07-17 01:04:27 [DEBUG] MotionStateMachine:is_ready_for_command:468 - is_ready_for_command(): 狀態寄存器=1100, Ready位=False
2025-07-17 01:04:27 [DEBUG] MotionStateMachine:is_ready_for_command:468 - is_ready_for_command(): 狀態寄存器=1100, Ready位=False
2025-07-17 01:04:27 [DEBUG] MotionStateMachine:is_ready_for_command:468 - is_ready_for_command(): 狀態寄存器=1100, Ready位=False
2025-07-17 01:04:27 [DEBUG] MotionStateMachine:is_ready_for_command:468 - is_ready_for_command(): 狀態寄存器=1100, Ready位=False
2025-07-17 01:04:27 [DEBUG] MotionStateMachine:is_ready_for_command:468 - is_ready_for_command(): 狀態寄存器=1100, Ready位=False
2025-07-17 01:04:27 [DEBUG] MotionStateMachine:is_ready_for_command:468 - is_ready_for_command(): 狀態寄存器=1100, Ready位=False
2025-07-17 01:04:28 [DEBUG] MotionStateMachine:is_ready_for_command:468 - is_ready_for_command(): 狀態寄存器=1100, Ready位=False
2025-07-17 01:04:28 [DEBUG] MotionStateMachine:is_ready_for_command:468 - is_ready_for_command(): 狀態寄存器=1100, Ready位=False
2025-07-17 01:04:28 [DEBUG] MotionStateMachine:is_ready_for_command:468 - is_ready_for_command(): 狀態寄存器=1100, Ready位=False
2025-07-17 01:04:28 [DEBUG] MotionStateMachine:is_ready_for_command:468 - is_ready_for_command(): 狀態寄存器=1100, Ready位=False
2025-07-17 01:04:28 [DEBUG] MotionStateMachine:is_ready_for_command:468 - is_ready_for_command(): 狀態寄存器=1100, Ready位=False
2025-07-17 01:04:28 [DEBUG] MotionStateMachine:is_ready_for_command:468 - is_ready_for_command(): 狀態寄存器=1100, Ready位=False
2025-07-17 01:04:28 [DEBUG] MotionStateMachine:is_ready_for_command:468 - is_ready_for_command(): 狀態寄存器=1100, Ready位=False
2025-07-17 01:04:28 [DEBUG] MotionStateMachine:is_ready_for_command:468 - is_ready_for_command(): 狀態寄存器=1100, Ready位=False
2025-07-17 01:04:28 [DEBUG] MotionStateMachine:is_ready_for_command:468 - is_ready_for_command(): 狀態寄存器=1100, Ready位=False
2025-07-17 01:04:28 [DEBUG] MotionStateMachine:is_ready_for_command:468 - is_ready_for_command(): 狀態寄存器=1100, Ready位=False
2025-07-17 01:04:28 [DEBUG] MotionStateMachine:is_ready_for_command:468 - is_ready_for_command(): 狀態寄存器=1100, Ready位=False
2025-07-17 01:04:28 [DEBUG] MotionStateMachine:is_ready_for_command:468 - is_ready_for_command(): 狀態寄存器=1100, Ready位=False
2025-07-17 01:04:28 [DEBUG] MotionStateMachine:is_ready_for_command:468 - is_ready_for_command(): 狀態寄存器=1100, Ready位=False
2025-07-17 01:04:28 [DEBUG] MotionStateMachine:is_ready_for_command:468 - is_ready_for_command(): 狀態寄存器=1100, Ready位=False
2025-07-17 01:04:28 [DEBUG] MotionStateMachine:is_ready_for_command:468 - is_ready_for_command(): 狀態寄存器=1100, Ready位=False
2025-07-17 01:04:28 [DEBUG] MotionStateMachine:is_ready_for_command:468 - is_ready_for_command(): 狀態寄存器=1100, Ready位=False
2025-07-17 01:04:28 [DEBUG] MotionStateMachine:is_ready_for_command:468 - is_ready_for_command(): 狀態寄存器=1100, Ready位=False
2025-07-17 01:04:28 [DEBUG] MotionStateMachine:is_ready_for_command:468 - is_ready_for_command(): 狀態寄存器=1100, Ready位=False
2025-07-17 01:04:28 [DEBUG] MotionStateMachine:is_ready_for_command:468 - is_ready_for_command(): 狀態寄存器=1100, Ready位=False
2025-07-17 01:04:28 [DEBUG] MotionStateMachine:is_ready_for_command:468 - is_ready_for_command(): 狀態寄存器=1100, Ready位=False
2025-07-17 01:04:28 [DEBUG] MotionStateMachine:is_ready_for_command:468 - is_ready_for_command(): 狀態寄存器=1100, Ready位=False
2025-07-17 01:04:28 [DEBUG] MotionStateMachine:is_ready_for_command:468 - is_ready_for_command(): 狀態寄存器=1100, Ready位=False
2025-07-17 01:04:28 [DEBUG] MotionStateMachine:is_ready_for_command:468 - is_ready_for_command(): 狀態寄存器=1100, Ready位=False
2025-07-17 01:04:28 [DEBUG] MotionStateMachine:is_ready_for_command:468 - is_ready_for_command(): 狀態寄存器=1100, Ready位=False
2025-07-17 01:04:28 [DEBUG] MotionStateMachine:is_ready_for_command:468 - is_ready_for_command(): 狀態寄存器=1100, Ready位=False
2025-07-17 01:04:28 [DEBUG] MotionStateMachine:is_ready_for_command:468 - is_ready_for_command(): 狀態寄存器=1100, Ready位=False
2025-07-17 01:04:28 [DEBUG] MotionStateMachine:is_ready_for_command:468 - is_ready_for_command(): 狀態寄存器=1100, Ready位=False
2025-07-17 01:04:28 [DEBUG] MotionStateMachine:is_ready_for_command:468 - is_ready_for_command(): 狀態寄存器=1100, Ready位=False
2025-07-17 01:04:28 [DEBUG] MotionStateMachine:is_ready_for_command:468 - is_ready_for_command(): 狀態寄存器=1100, Ready位=False
2025-07-17 01:04:28 [DEBUG] MotionStateMachine:is_ready_for_command:468 - is_ready_for_command(): 狀態寄存器=1100, Ready位=False
2025-07-17 01:04:28 [DEBUG] MotionStateMachine:is_ready_for_command:468 - is_ready_for_command(): 狀態寄存器=1100, Ready位=False
2025-07-17 01:04:28 [DEBUG] MotionStateMachine:is_ready_for_command:468 - is_ready_for_command(): 狀態寄存器=1100, Ready位=False
2025-07-17 01:04:28 [DEBUG] MotionStateMachine:is_ready_for_command:468 - is_ready_for_command(): 狀態寄存器=1100, Ready位=False
2025-07-17 01:04:28 [DEBUG] MotionStateMachine:is_ready_for_command:468 - is_ready_for_command(): 狀態寄存器=1100, Ready位=False
2025-07-17 01:04:28 [DEBUG] MotionStateMachine:is_ready_for_command:468 - is_ready_for_command(): 狀態寄存器=1100, Ready位=False
2025-07-17 01:04:28 [DEBUG] MotionStateMachine:is_ready_for_command:468 - is_ready_for_command(): 狀態寄存器=1100, Ready位=False
2025-07-17 01:04:28 [DEBUG] MotionStateMachine:is_ready_for_command:468 - is_ready_for_command(): 狀態寄存器=1100, Ready位=False
2025-07-17 01:04:28 [DEBUG] MotionStateMachine:is_ready_for_command:468 - is_ready_for_command(): 狀態寄存器=1100, Ready位=False
2025-07-17 01:04:28 [DEBUG] MotionStateMachine:is_ready_for_command:468 - is_ready_for_command(): 狀態寄存器=1100, Ready位=False
2025-07-17 01:04:29 [DEBUG] MotionStateMachine:is_ready_for_command:468 - is_ready_for_command(): 狀態寄存器=1100, Ready位=False
2025-07-17 01:04:29 [DEBUG] MotionStateMachine:is_ready_for_command:468 - is_ready_for_command(): 狀態寄存器=1100, Ready位=False
2025-07-17 01:04:29 [DEBUG] MotionStateMachine:is_ready_for_command:468 - is_ready_for_command(): 狀態寄存器=1100, Ready位=False
2025-07-17 01:04:29 [DEBUG] MotionStateMachine:is_ready_for_command:468 - is_ready_for_command(): 狀態寄存器=1100, Ready位=False
2025-07-17 01:04:29 [DEBUG] MotionStateMachine:is_ready_for_command:468 - is_ready_for_command(): 狀態寄存器=1100, Ready位=False
2025-07-17 01:04:29 [DEBUG] MotionStateMachine:is_ready_for_command:468 - is_ready_for_command(): 狀態寄存器=1100, Ready位=False
2025-07-17 01:04:29 [DEBUG] MotionStateMachine:is_ready_for_command:468 - is_ready_for_command(): 狀態寄存器=1100, Ready位=False
2025-07-17 01:04:29 [DEBUG] MotionStateMachine:is_ready_for_command:468 - is_ready_for_command(): 狀態寄存器=1100, Ready位=False
2025-07-17 01:04:29 [DEBUG] MotionStateMachine:is_ready_for_command:468 - is_ready_for_command(): 狀態寄存器=1100, Ready位=False
2025-07-17 01:04:29 [DEBUG] MotionStateMachine:is_ready_for_command:468 - is_ready_for_command(): 狀態寄存器=1100, Ready位=False
2025-07-17 01:04:29 [DEBUG] MotionStateMachine:is_ready_for_command:468 - is_ready_for_command(): 狀態寄存器=1100, Ready位=False
2025-07-17 01:04:29 [DEBUG] MotionStateMachine:is_ready_for_command:468 - is_ready_for_command(): 狀態寄存器=1100, Ready位=False
2025-07-17 01:04:29 [DEBUG] MotionStateMachine:is_ready_for_command:468 - is_ready_for_command(): 狀態寄存器=1100, Ready位=False
2025-07-17 01:04:29 [DEBUG] MotionStateMachine:is_ready_for_command:468 - is_ready_for_command(): 狀態寄存器=1100, Ready位=False
2025-07-17 01:04:29 [DEBUG] MotionStateMachine:is_ready_for_command:468 - is_ready_for_command(): 狀態寄存器=1100, Ready位=False
2025-07-17 01:04:29 [DEBUG] MotionStateMachine:is_ready_for_command:468 - is_ready_for_command(): 狀態寄存器=1100, Ready位=False
2025-07-17 01:04:29 [DEBUG] MotionStateMachine:is_ready_for_command:468 - is_ready_for_command(): 狀態寄存器=1100, Ready位=False
2025-07-17 01:04:29 [DEBUG] MotionStateMachine:is_ready_for_command:468 - is_ready_for_command(): 狀態寄存器=1100, Ready位=False
2025-07-17 01:04:29 [DEBUG] MotionStateMachine:is_ready_for_command:468 - is_ready_for_command(): 狀態寄存器=1100, Ready位=False
2025-07-17 01:04:29 [DEBUG] MotionStateMachine:is_ready_for_command:468 - is_ready_for_command(): 狀態寄存器=1100, Ready位=False
2025-07-17 01:04:29 [DEBUG] MotionStateMachine:is_ready_for_command:468 - is_ready_for_command(): 狀態寄存器=1100, Ready位=False
2025-07-17 01:04:29 [DEBUG] MotionStateMachine:is_ready_for_command:468 - is_ready_for_command(): 狀態寄存器=1100, Ready位=False
2025-07-17 01:04:29 [DEBUG] MotionStateMachine:is_ready_for_command:468 - is_ready_for_command(): 狀態寄存器=1100, Ready位=False
2025-07-17 01:04:29 [DEBUG] MotionStateMachine:is_ready_for_command:468 - is_ready_for_command(): 狀態寄存器=1100, Ready位=False
2025-07-17 01:04:29 [DEBUG] MotionStateMachine:is_ready_for_command:468 - is_ready_for_command(): 狀態寄存器=1100, Ready位=False
2025-07-17 01:04:29 [DEBUG] MotionStateMachine:is_ready_for_command:468 - is_ready_for_command(): 狀態寄存器=1100, Ready位=False
2025-07-17 01:04:29 [DEBUG] MotionStateMachine:is_ready_for_command:468 - is_ready_for_command(): 狀態寄存器=1100, Ready位=False
2025-07-17 01:04:30 [DEBUG] MotionStateMachine:is_ready_for_command:468 - is_ready_for_command(): 狀態寄存器=1100, Ready位=False
2025-07-17 01:04:30 [DEBUG] MotionStateMachine:is_ready_for_command:468 - is_ready_for_command(): 狀態寄存器=1100, Ready位=False
2025-07-17 01:04:30 [DEBUG] MotionStateMachine:is_ready_for_command:468 - is_ready_for_command(): 狀態寄存器=1100, Ready位=False
2025-07-17 01:04:30 [DEBUG] MotionStateMachine:is_ready_for_command:468 - is_ready_for_command(): 狀態寄存器=1100, Ready位=False
2025-07-17 01:04:30 [DEBUG] MotionStateMachine:is_ready_for_command:468 - is_ready_for_command(): 狀態寄存器=1100, Ready位=False
2025-07-17 01:04:30 [DEBUG] MotionStateMachine:is_ready_for_command:468 - is_ready_for_command(): 狀態寄存器=1100, Ready位=False
2025-07-17 01:04:30 [DEBUG] MotionStateMachine:is_ready_for_command:468 - is_ready_for_command(): 狀態寄存器=1100, Ready位=False
2025-07-17 01:04:30 [DEBUG] MotionStateMachine:is_ready_for_command:468 - is_ready_for_command(): 狀態寄存器=1100, Ready位=False
2025-07-17 01:04:30 [DEBUG] MotionStateMachine:is_ready_for_command:468 - is_ready_for_command(): 狀態寄存器=1100, Ready位=False
2025-07-17 01:04:30 [DEBUG] MotionStateMachine:is_ready_for_command:468 - is_ready_for_command(): 狀態寄存器=1100, Ready位=False
2025-07-17 01:04:30 [DEBUG] MotionStateMachine:is_ready_for_command:468 - is_ready_for_command(): 狀態寄存器=1100, Ready位=False
2025-07-17 01:04:30 [DEBUG] MotionStateMachine:is_ready_for_command:468 - is_ready_for_command(): 狀態寄存器=1100, Ready位=False
2025-07-17 01:04:30 [DEBUG] MotionStateMachine:is_ready_for_command:468 - is_ready_for_command(): 狀態寄存器=1100, Ready位=False
2025-07-17 01:04:30 [DEBUG] MotionStateMachine:is_ready_for_command:468 - is_ready_for_command(): 狀態寄存器=1100, Ready位=False
2025-07-17 01:04:30 [DEBUG] MotionStateMachine:is_ready_for_command:468 - is_ready_for_command(): 狀態寄存器=1100, Ready位=False
2025-07-17 01:04:30 [DEBUG] MotionStateMachine:is_ready_for_command:468 - is_ready_for_command(): 狀態寄存器=1100, Ready位=False
2025-07-17 01:04:30 [DEBUG] MotionStateMachine:is_ready_for_command:468 - is_ready_for_command(): 狀態寄存器=1100, Ready位=False
2025-07-17 01:04:30 [DEBUG] MotionStateMachine:is_ready_for_command:468 - is_ready_for_command(): 狀態寄存器=1100, Ready位=False
2025-07-17 01:04:30 [DEBUG] MotionStateMachine:is_ready_for_command:468 - is_ready_for_command(): 狀態寄存器=1100, Ready位=False
2025-07-17 01:04:30 [DEBUG] MotionStateMachine:is_ready_for_command:468 - is_ready_for_command(): 狀態寄存器=1100, Ready位=False
2025-07-17 01:04:30 [DEBUG] MotionStateMachine:is_ready_for_command:468 - is_ready_for_command(): 狀態寄存器=1100, Ready位=False
2025-07-17 01:04:30 [DEBUG] MotionStateMachine:is_ready_for_command:468 - is_ready_for_command(): 狀態寄存器=1100, Ready位=False
2025-07-17 01:04:30 [DEBUG] MotionStateMachine:is_ready_for_command:468 - is_ready_for_command(): 狀態寄存器=1100, Ready位=False
2025-07-17 01:04:30 [DEBUG] MotionStateMachine:is_ready_for_command:468 - is_ready_for_command(): 狀態寄存器=1100, Ready位=False
2025-07-17 01:04:30 [DEBUG] MotionStateMachine:is_ready_for_command:468 - is_ready_for_command(): 狀態寄存器=1100, Ready位=False
2025-07-17 01:04:30 [DEBUG] MotionStateMachine:is_ready_for_command:468 - is_ready_for_command(): 狀態寄存器=1100, Ready位=False
2025-07-17 01:04:30 [DEBUG] MotionStateMachine:is_ready_for_command:468 - is_ready_for_command(): 狀態寄存器=1100, Ready位=False
2025-07-17 01:04:31 [DEBUG] MotionStateMachine:is_ready_for_command:468 - is_ready_for_command(): 狀態寄存器=1100, Ready位=False
2025-07-17 01:04:31 [DEBUG] MotionStateMachine:is_ready_for_command:468 - is_ready_for_command(): 狀態寄存器=1100, Ready位=False
2025-07-17 01:04:31 [DEBUG] MotionStateMachine:is_ready_for_command:468 - is_ready_for_command(): 狀態寄存器=1100, Ready位=False
2025-07-17 01:04:31 [DEBUG] MotionStateMachine:is_ready_for_command:468 - is_ready_for_command(): 狀態寄存器=1100, Ready位=False
2025-07-17 01:04:31 [DEBUG] MotionStateMachine:is_ready_for_command:468 - is_ready_for_command(): 狀態寄存器=1100, Ready位=False
2025-07-17 01:04:31 [DEBUG] MotionStateMachine:is_ready_for_command:468 - is_ready_for_command(): 狀態寄存器=1100, Ready位=False
2025-07-17 01:04:31 [DEBUG] MotionStateMachine:is_ready_for_command:468 - is_ready_for_command(): 狀態寄存器=1100, Ready位=False
2025-07-17 01:04:31 [DEBUG] MotionStateMachine:is_ready_for_command:468 - is_ready_for_command(): 狀態寄存器=1100, Ready位=False
2025-07-17 01:04:31 [DEBUG] MotionStateMachine:is_ready_for_command:468 - is_ready_for_command(): 狀態寄存器=1100, Ready位=False
2025-07-17 01:04:31 [DEBUG] MotionStateMachine:is_ready_for_command:468 - is_ready_for_command(): 狀態寄存器=1100, Ready位=False
2025-07-17 01:04:31 [DEBUG] MotionStateMachine:is_ready_for_command:468 - is_ready_for_command(): 狀態寄存器=1100, Ready位=False
2025-07-17 01:04:31 [DEBUG] MotionStateMachine:is_ready_for_command:468 - is_ready_for_command(): 狀態寄存器=1100, Ready位=False
2025-07-17 01:04:31 [DEBUG] MotionStateMachine:is_ready_for_command:468 - is_ready_for_command(): 狀態寄存器=1100, Ready位=False
2025-07-17 01:04:31 [DEBUG] MotionStateMachine:is_ready_for_command:468 - is_ready_for_command(): 狀態寄存器=1100, Ready位=False
2025-07-17 01:04:31 [DEBUG] MotionStateMachine:is_ready_for_command:468 - is_ready_for_command(): 狀態寄存器=1100, Ready位=False
2025-07-17 01:04:31 [DEBUG] MotionStateMachine:is_ready_for_command:468 - is_ready_for_command(): 狀態寄存器=1100, Ready位=False
2025-07-17 01:04:31 [DEBUG] MotionStateMachine:is_ready_for_command:468 - is_ready_for_command(): 狀態寄存器=1100, Ready位=False
2025-07-17 01:04:31 [DEBUG] MotionStateMachine:is_ready_for_command:468 - is_ready_for_command(): 狀態寄存器=1100, Ready位=False
2025-07-17 01:04:31 [DEBUG] MotionStateMachine:is_ready_for_command:468 - is_ready_for_command(): 狀態寄存器=1100, Ready位=False
2025-07-17 01:04:31 [DEBUG] MotionStateMachine:is_ready_for_command:468 - is_ready_for_command(): 狀態寄存器=1100, Ready位=False
2025-07-17 01:04:31 [DEBUG] MotionStateMachine:is_ready_for_command:468 - is_ready_for_command(): 狀態寄存器=1100, Ready位=False
2025-07-17 01:04:31 [DEBUG] MotionStateMachine:is_ready_for_command:468 - is_ready_for_command(): 狀態寄存器=1100, Ready位=False
2025-07-17 01:04:31 [DEBUG] MotionStateMachine:is_ready_for_command:468 - is_ready_for_command(): 狀態寄存器=1100, Ready位=False
2025-07-17 01:04:31 [DEBUG] MotionStateMachine:is_ready_for_command:468 - is_ready_for_command(): 狀態寄存器=1100, Ready位=False
2025-07-17 01:04:31 [DEBUG] MotionStateMachine:is_ready_for_command:468 - is_ready_for_command(): 狀態寄存器=1100, Ready位=False
2025-07-17 01:04:31 [DEBUG] MotionStateMachine:is_ready_for_command:468 - is_ready_for_command(): 狀態寄存器=1100, Ready位=False
2025-07-17 01:04:31 [DEBUG] MotionStateMachine:is_ready_for_command:468 - is_ready_for_command(): 狀態寄存器=1100, Ready位=False
2025-07-17 01:04:31 [DEBUG] MotionStateMachine:is_ready_for_command:468 - is_ready_for_command(): 狀態寄存器=1100, Ready位=False
2025-07-17 01:04:31 [DEBUG] MotionStateMachine:is_ready_for_command:468 - is_ready_for_command(): 狀態寄存器=1100, Ready位=False
2025-07-17 01:04:31 [DEBUG] MotionStateMachine:is_ready_for_command:468 - is_ready_for_command(): 狀態寄存器=1100, Ready位=False
2025-07-17 01:04:31 [DEBUG] MotionStateMachine:is_ready_for_command:468 - is_ready_for_command(): 狀態寄存器=1100, Ready位=False
2025-07-17 01:04:31 [DEBUG] MotionStateMachine:is_ready_for_command:468 - is_ready_for_command(): 狀態寄存器=1100, Ready位=False
2025-07-17 01:04:31 [DEBUG] MotionStateMachine:is_ready_for_command:468 - is_ready_for_command(): 狀態寄存器=1100, Ready位=False
2025-07-17 01:04:31 [DEBUG] MotionStateMachine:is_ready_for_command:468 - is_ready_for_command(): 狀態寄存器=1100, Ready位=False
2025-07-17 01:04:31 [DEBUG] MotionStateMachine:is_ready_for_command:468 - is_ready_for_command(): 狀態寄存器=1100, Ready位=False
2025-07-17 01:04:32 [DEBUG] MotionStateMachine:is_ready_for_command:468 - is_ready_for_command(): 狀態寄存器=1100, Ready位=False
2025-07-17 01:04:32 [DEBUG] MotionStateMachine:is_ready_for_command:468 - is_ready_for_command(): 狀態寄存器=1100, Ready位=False
2025-07-17 01:04:32 [DEBUG] MotionStateMachine:is_ready_for_command:468 - is_ready_for_command(): 狀態寄存器=1100, Ready位=False
2025-07-17 01:04:32 [DEBUG] MotionStateMachine:is_ready_for_command:468 - is_ready_for_command(): 狀態寄存器=1100, Ready位=False
2025-07-17 01:04:32 [DEBUG] MotionStateMachine:is_ready_for_command:468 - is_ready_for_command(): 狀態寄存器=1100, Ready位=False
2025-07-17 01:04:32 [DEBUG] MotionStateMachine:is_ready_for_command:468 - is_ready_for_command(): 狀態寄存器=1100, Ready位=False
2025-07-17 01:04:32 [DEBUG] MotionStateMachine:is_ready_for_command:468 - is_ready_for_command(): 狀態寄存器=1100, Ready位=False
2025-07-17 01:04:32 [DEBUG] MotionStateMachine:is_ready_for_command:468 - is_ready_for_command(): 狀態寄存器=1100, Ready位=False
2025-07-17 01:04:32 [DEBUG] MotionStateMachine:is_ready_for_command:468 - is_ready_for_command(): 狀態寄存器=1100, Ready位=False
2025-07-17 01:04:32 [DEBUG] MotionStateMachine:is_ready_for_command:468 - is_ready_for_command(): 狀態寄存器=1100, Ready位=False
2025-07-17 01:04:32 [DEBUG] MotionStateMachine:is_ready_for_command:468 - is_ready_for_command(): 狀態寄存器=1100, Ready位=False
2025-07-17 01:04:32 [DEBUG] MotionStateMachine:is_ready_for_command:468 - is_ready_for_command(): 狀態寄存器=1100, Ready位=False
2025-07-17 01:04:32 [DEBUG] MotionStateMachine:is_ready_for_command:468 - is_ready_for_command(): 狀態寄存器=1100, Ready位=False
2025-07-17 01:04:32 [DEBUG] MotionStateMachine:is_ready_for_command:468 - is_ready_for_command(): 狀態寄存器=1100, Ready位=False
2025-07-17 01:04:32 [DEBUG] MotionStateMachine:is_ready_for_command:468 - is_ready_for_command(): 狀態寄存器=1100, Ready位=False
2025-07-17 01:04:32 [DEBUG] MotionStateMachine:is_ready_for_command:468 - is_ready_for_command(): 狀態寄存器=1100, Ready位=False
2025-07-17 01:04:32 [DEBUG] MotionStateMachine:is_ready_for_command:468 - is_ready_for_command(): 狀態寄存器=1100, Ready位=False
2025-07-17 01:04:32 [DEBUG] MotionStateMachine:is_ready_for_command:468 - is_ready_for_command(): 狀態寄存器=1100, Ready位=False
2025-07-17 01:04:32 [DEBUG] MotionStateMachine:is_ready_for_command:468 - is_ready_for_command(): 狀態寄存器=1100, Ready位=False
2025-07-17 01:04:32 [DEBUG] MotionStateMachine:is_ready_for_command:468 - is_ready_for_command(): 狀態寄存器=1100, Ready位=False
2025-07-17 01:04:32 [DEBUG] MotionStateMachine:is_ready_for_command:468 - is_ready_for_command(): 狀態寄存器=1100, Ready位=False
2025-07-17 01:04:32 [DEBUG] MotionStateMachine:is_ready_for_command:468 - is_ready_for_command(): 狀態寄存器=1100, Ready位=False
2025-07-17 01:04:32 [DEBUG] MotionStateMachine:is_ready_for_command:468 - is_ready_for_command(): 狀態寄存器=1100, Ready位=False
2025-07-17 01:04:32 [DEBUG] MotionStateMachine:is_ready_for_command:468 - is_ready_for_command(): 狀態寄存器=1100, Ready位=False
2025-07-17 01:04:32 [DEBUG] MotionStateMachine:is_ready_for_command:468 - is_ready_for_command(): 狀態寄存器=1100, Ready位=False
2025-07-17 01:04:32 [DEBUG] MotionStateMachine:is_ready_for_command:468 - is_ready_for_command(): 狀態寄存器=1100, Ready位=False
2025-07-17 01:04:32 [DEBUG] MotionStateMachine:is_ready_for_command:468 - is_ready_for_command(): 狀態寄存器=1100, Ready位=False
2025-07-17 01:04:32 [DEBUG] MotionStateMachine:is_ready_for_command:468 - is_ready_for_command(): 狀態寄存器=1100, Ready位=False
2025-07-17 01:04:33 [DEBUG] MotionStateMachine:is_ready_for_command:468 - is_ready_for_command(): 狀態寄存器=1100, Ready位=False
2025-07-17 01:04:33 [DEBUG] MotionStateMachine:is_ready_for_command:468 - is_ready_for_command(): 狀態寄存器=1100, Ready位=False
2025-07-17 01:04:33 [DEBUG] MotionStateMachine:is_ready_for_command:468 - is_ready_for_command(): 狀態寄存器=1100, Ready位=False
2025-07-17 01:04:33 [DEBUG] MotionStateMachine:is_ready_for_command:468 - is_ready_for_command(): 狀態寄存器=1100, Ready位=False
2025-07-17 01:04:33 [DEBUG] MotionStateMachine:is_ready_for_command:468 - is_ready_for_command(): 狀態寄存器=1100, Ready位=False
2025-07-17 01:04:33 [DEBUG] MotionStateMachine:is_ready_for_command:468 - is_ready_for_command(): 狀態寄存器=1100, Ready位=False
2025-07-17 01:04:33 [DEBUG] MotionStateMachine:is_ready_for_command:468 - is_ready_for_command(): 狀態寄存器=1100, Ready位=False
2025-07-17 01:04:33 [DEBUG] MotionStateMachine:is_ready_for_command:468 - is_ready_for_command(): 狀態寄存器=1100, Ready位=False
2025-07-17 01:04:33 [DEBUG] MotionStateMachine:is_ready_for_command:468 - is_ready_for_command(): 狀態寄存器=1100, Ready位=False
2025-07-17 01:04:33 [DEBUG] MotionStateMachine:is_ready_for_command:468 - is_ready_for_command(): 狀態寄存器=1100, Ready位=False
2025-07-17 01:04:33 [DEBUG] MotionStateMachine:is_ready_for_command:468 - is_ready_for_command(): 狀態寄存器=1100, Ready位=False
2025-07-17 01:04:33 [DEBUG] MotionStateMachine:is_ready_for_command:468 - is_ready_for_command(): 狀態寄存器=1100, Ready位=False
2025-07-17 01:04:33 [DEBUG] MotionStateMachine:is_ready_for_command:468 - is_ready_for_command(): 狀態寄存器=1100, Ready位=False
2025-07-17 01:04:33 [DEBUG] MotionStateMachine:is_ready_for_command:468 - is_ready_for_command(): 狀態寄存器=1100, Ready位=False
2025-07-17 01:04:33 [DEBUG] MotionStateMachine:is_ready_for_command:468 - is_ready_for_command(): 狀態寄存器=1100, Ready位=False
2025-07-17 01:04:33 [DEBUG] MotionStateMachine:is_ready_for_command:468 - is_ready_for_command(): 狀態寄存器=1100, Ready位=False
2025-07-17 01:04:33 [DEBUG] MotionStateMachine:is_ready_for_command:468 - is_ready_for_command(): 狀態寄存器=1100, Ready位=False
2025-07-17 01:04:33 [DEBUG] MotionStateMachine:is_ready_for_command:468 - is_ready_for_command(): 狀態寄存器=1100, Ready位=False
2025-07-17 01:04:33 [DEBUG] MotionStateMachine:is_ready_for_command:468 - is_ready_for_command(): 狀態寄存器=1100, Ready位=False
2025-07-17 01:04:33 [DEBUG] MotionStateMachine:is_ready_for_command:468 - is_ready_for_command(): 狀態寄存器=1100, Ready位=False
2025-07-17 01:04:33 [DEBUG] MotionStateMachine:is_ready_for_command:468 - is_ready_for_command(): 狀態寄存器=1100, Ready位=False
2025-07-17 01:04:33 [DEBUG] MotionStateMachine:is_ready_for_command:468 - is_ready_for_command(): 狀態寄存器=1100, Ready位=False
2025-07-17 01:04:33 [DEBUG] MotionStateMachine:is_ready_for_command:468 - is_ready_for_command(): 狀態寄存器=1100, Ready位=False
2025-07-17 01:04:33 [DEBUG] MotionStateMachine:is_ready_for_command:468 - is_ready_for_command(): 狀態寄存器=1100, Ready位=False
2025-07-17 01:04:33 [DEBUG] MotionStateMachine:is_ready_for_command:468 - is_ready_for_command(): 狀態寄存器=1100, Ready位=False
2025-07-17 01:04:33 [DEBUG] MotionStateMachine:is_ready_for_command:468 - is_ready_for_command(): 狀態寄存器=1100, Ready位=False
2025-07-17 01:04:34 [DEBUG] MotionStateMachine:is_ready_for_command:468 - is_ready_for_command(): 狀態寄存器=1100, Ready位=False
2025-07-17 01:04:34 [DEBUG] MotionStateMachine:is_ready_for_command:468 - is_ready_for_command(): 狀態寄存器=1100, Ready位=False
2025-07-17 01:04:34 [DEBUG] MotionStateMachine:is_ready_for_command:468 - is_ready_for_command(): 狀態寄存器=1100, Ready位=False
2025-07-17 01:04:34 [DEBUG] MotionStateMachine:is_ready_for_command:468 - is_ready_for_command(): 狀態寄存器=1100, Ready位=False
2025-07-17 01:04:34 [DEBUG] MotionStateMachine:is_ready_for_command:468 - is_ready_for_command(): 狀態寄存器=1100, Ready位=False
2025-07-17 01:04:34 [DEBUG] MotionStateMachine:is_ready_for_command:468 - is_ready_for_command(): 狀態寄存器=1100, Ready位=False
2025-07-17 01:04:34 [DEBUG] MotionStateMachine:is_ready_for_command:468 - is_ready_for_command(): 狀態寄存器=1100, Ready位=False
2025-07-17 01:04:34 [DEBUG] MotionStateMachine:is_ready_for_command:468 - is_ready_for_command(): 狀態寄存器=1100, Ready位=False
2025-07-17 01:04:34 [DEBUG] MotionStateMachine:is_ready_for_command:468 - is_ready_for_command(): 狀態寄存器=1100, Ready位=False
2025-07-17 01:04:34 [DEBUG] MotionStateMachine:is_ready_for_command:468 - is_ready_for_command(): 狀態寄存器=1100, Ready位=False
2025-07-17 01:04:34 [DEBUG] MotionStateMachine:is_ready_for_command:468 - is_ready_for_command(): 狀態寄存器=1100, Ready位=False
2025-07-17 01:04:34 [DEBUG] MotionStateMachine:is_ready_for_command:468 - is_ready_for_command(): 狀態寄存器=1100, Ready位=False
2025-07-17 01:04:34 [DEBUG] MotionStateMachine:is_ready_for_command:468 - is_ready_for_command(): 狀態寄存器=1100, Ready位=False
2025-07-17 01:04:34 [DEBUG] MotionStateMachine:is_ready_for_command:468 - is_ready_for_command(): 狀態寄存器=1100, Ready位=False
2025-07-17 01:04:34 [DEBUG] MotionStateMachine:is_ready_for_command:468 - is_ready_for_command(): 狀態寄存器=1100, Ready位=False
2025-07-17 01:04:34 [DEBUG] MotionStateMachine:is_ready_for_command:468 - is_ready_for_command(): 狀態寄存器=1100, Ready位=False
2025-07-17 01:04:34 [DEBUG] MotionStateMachine:is_ready_for_command:468 - is_ready_for_command(): 狀態寄存器=1100, Ready位=False
2025-07-17 01:04:34 [DEBUG] MotionStateMachine:is_ready_for_command:468 - is_ready_for_command(): 狀態寄存器=1100, Ready位=False
2025-07-17 01:04:34 [DEBUG] MotionStateMachine:is_ready_for_command:468 - is_ready_for_command(): 狀態寄存器=1100, Ready位=False
2025-07-17 01:04:34 [DEBUG] MotionStateMachine:is_ready_for_command:468 - is_ready_for_command(): 狀態寄存器=1100, Ready位=False
2025-07-17 01:04:34 [DEBUG] MotionStateMachine:is_ready_for_command:468 - is_ready_for_command(): 狀態寄存器=1100, Ready位=False
2025-07-17 01:04:34 [DEBUG] MotionStateMachine:is_ready_for_command:468 - is_ready_for_command(): 狀態寄存器=1100, Ready位=False
2025-07-17 01:04:34 [DEBUG] MotionStateMachine:is_ready_for_command:468 - is_ready_for_command(): 狀態寄存器=1100, Ready位=False
2025-07-17 01:04:34 [DEBUG] MotionStateMachine:is_ready_for_command:468 - is_ready_for_command(): 狀態寄存器=1100, Ready位=False
2025-07-17 01:04:34 [DEBUG] MotionStateMachine:is_ready_for_command:468 - is_ready_for_command(): 狀態寄存器=1100, Ready位=False
2025-07-17 01:04:34 [DEBUG] MotionStateMachine:is_ready_for_command:468 - is_ready_for_command(): 狀態寄存器=1100, Ready位=False
2025-07-17 01:04:34 [DEBUG] MotionStateMachine:is_ready_for_command:468 - is_ready_for_command(): 狀態寄存器=1100, Ready位=False
2025-07-17 01:04:34 [DEBUG] MotionStateMachine:is_ready_for_command:468 - is_ready_for_command(): 狀態寄存器=1100, Ready位=False
2025-07-17 01:04:35 [DEBUG] MotionStateMachine:is_ready_for_command:468 - is_ready_for_command(): 狀態寄存器=1100, Ready位=False
2025-07-17 01:04:35 [DEBUG] MotionStateMachine:is_ready_for_command:468 - is_ready_for_command(): 狀態寄存器=1100, Ready位=False
2025-07-17 01:04:35 [DEBUG] MotionStateMachine:is_ready_for_command:468 - is_ready_for_command(): 狀態寄存器=1100, Ready位=False
2025-07-17 01:04:35 [DEBUG] MotionStateMachine:is_ready_for_command:468 - is_ready_for_command(): 狀態寄存器=1100, Ready位=False
2025-07-17 01:04:35 [DEBUG] MotionStateMachine:is_ready_for_command:468 - is_ready_for_command(): 狀態寄存器=1100, Ready位=False
2025-07-17 01:04:35 [DEBUG] MotionStateMachine:is_ready_for_command:468 - is_ready_for_command(): 狀態寄存器=1100, Ready位=False
2025-07-17 01:04:35 [DEBUG] MotionStateMachine:is_ready_for_command:468 - is_ready_for_command(): 狀態寄存器=1100, Ready位=False
2025-07-17 01:04:35 [DEBUG] MotionStateMachine:is_ready_for_command:468 - is_ready_for_command(): 狀態寄存器=1100, Ready位=False
2025-07-17 01:04:35 [DEBUG] MotionStateMachine:is_ready_for_command:468 - is_ready_for_command(): 狀態寄存器=1100, Ready位=False
2025-07-17 01:04:35 [DEBUG] MotionStateMachine:is_ready_for_command:468 - is_ready_for_command(): 狀態寄存器=1100, Ready位=False
2025-07-17 01:04:35 [DEBUG] MotionStateMachine:is_ready_for_command:468 - is_ready_for_command(): 狀態寄存器=1100, Ready位=False
2025-07-17 01:04:35 [DEBUG] MotionStateMachine:is_ready_for_command:468 - is_ready_for_command(): 狀態寄存器=1100, Ready位=False
2025-07-17 01:04:35 [DEBUG] MotionStateMachine:is_ready_for_command:468 - is_ready_for_command(): 狀態寄存器=1100, Ready位=False
2025-07-17 01:04:35 [DEBUG] MotionStateMachine:is_ready_for_command:468 - is_ready_for_command(): 狀態寄存器=1100, Ready位=False
2025-07-17 01:04:35 [DEBUG] MotionStateMachine:is_ready_for_command:468 - is_ready_for_command(): 狀態寄存器=1100, Ready位=False
2025-07-17 01:04:35 [DEBUG] MotionStateMachine:is_ready_for_command:468 - is_ready_for_command(): 狀態寄存器=1100, Ready位=False
2025-07-17 01:04:35 [DEBUG] MotionStateMachine:is_ready_for_command:468 - is_ready_for_command(): 狀態寄存器=1100, Ready位=False
2025-07-17 01:04:35 [DEBUG] MotionStateMachine:is_ready_for_command:468 - is_ready_for_command(): 狀態寄存器=1100, Ready位=False
2025-07-17 01:04:35 [DEBUG] MotionStateMachine:is_ready_for_command:468 - is_ready_for_command(): 狀態寄存器=1100, Ready位=False
2025-07-17 01:04:35 [DEBUG] MotionStateMachine:is_ready_for_command:468 - is_ready_for_command(): 狀態寄存器=1100, Ready位=False
2025-07-17 01:04:35 [DEBUG] MotionStateMachine:is_ready_for_command:468 - is_ready_for_command(): 狀態寄存器=1100, Ready位=False
2025-07-17 01:04:35 [DEBUG] MotionStateMachine:is_ready_for_command:468 - is_ready_for_command(): 狀態寄存器=1100, Ready位=False
2025-07-17 01:04:35 [DEBUG] MotionStateMachine:is_ready_for_command:468 - is_ready_for_command(): 狀態寄存器=1100, Ready位=False
2025-07-17 01:04:35 [DEBUG] MotionStateMachine:is_ready_for_command:468 - is_ready_for_command(): 狀態寄存器=1100, Ready位=False
2025-07-17 01:04:35 [DEBUG] MotionStateMachine:is_ready_for_command:468 - is_ready_for_command(): 狀態寄存器=1100, Ready位=False
2025-07-17 01:04:35 [DEBUG] MotionStateMachine:is_ready_for_command:468 - is_ready_for_command(): 狀態寄存器=1100, Ready位=False
2025-07-17 01:04:35 [DEBUG] MotionStateMachine:is_ready_for_command:468 - is_ready_for_command(): 狀態寄存器=1100, Ready位=False
2025-07-17 01:04:35 [DEBUG] MotionStateMachine:is_ready_for_command:468 - is_ready_for_command(): 狀態寄存器=1100, Ready位=False
2025-07-17 01:04:35 [DEBUG] MotionStateMachine:is_ready_for_command:468 - is_ready_for_command(): 狀態寄存器=1100, Ready位=False
2025-07-17 01:04:35 [DEBUG] MotionStateMachine:is_ready_for_command:468 - is_ready_for_command(): 狀態寄存器=1100, Ready位=False
2025-07-17 01:04:36 [DEBUG] MotionStateMachine:is_ready_for_command:468 - is_ready_for_command(): 狀態寄存器=1100, Ready位=False
2025-07-17 01:04:36 [DEBUG] MotionStateMachine:is_ready_for_command:468 - is_ready_for_command(): 狀態寄存器=1100, Ready位=False
2025-07-17 01:04:36 [DEBUG] MotionStateMachine:is_ready_for_command:468 - is_ready_for_command(): 狀態寄存器=1100, Ready位=False
2025-07-17 01:04:36 [DEBUG] MotionStateMachine:is_ready_for_command:468 - is_ready_for_command(): 狀態寄存器=1100, Ready位=False
2025-07-17 01:04:36 [DEBUG] MotionStateMachine:is_ready_for_command:468 - is_ready_for_command(): 狀態寄存器=1100, Ready位=False
2025-07-17 01:04:36 [DEBUG] MotionStateMachine:is_ready_for_command:468 - is_ready_for_command(): 狀態寄存器=1100, Ready位=False
2025-07-17 01:04:36 [DEBUG] MotionStateMachine:is_ready_for_command:468 - is_ready_for_command(): 狀態寄存器=1100, Ready位=False
2025-07-17 01:04:36 [DEBUG] MotionStateMachine:is_ready_for_command:468 - is_ready_for_command(): 狀態寄存器=1100, Ready位=False
2025-07-17 01:04:36 [DEBUG] MotionStateMachine:is_ready_for_command:468 - is_ready_for_command(): 狀態寄存器=1100, Ready位=False
2025-07-17 01:04:36 [DEBUG] MotionStateMachine:is_ready_for_command:468 - is_ready_for_command(): 狀態寄存器=1100, Ready位=False
2025-07-17 01:04:36 [DEBUG] MotionStateMachine:is_ready_for_command:468 - is_ready_for_command(): 狀態寄存器=1100, Ready位=False
2025-07-17 01:04:36 [DEBUG] MotionStateMachine:is_ready_for_command:468 - is_ready_for_command(): 狀態寄存器=1100, Ready位=False
2025-07-17 01:04:36 [DEBUG] MotionStateMachine:is_ready_for_command:468 - is_ready_for_command(): 狀態寄存器=1100, Ready位=False
2025-07-17 01:04:36 [DEBUG] MotionStateMachine:is_ready_for_command:468 - is_ready_for_command(): 狀態寄存器=1100, Ready位=False
2025-07-17 01:04:36 [DEBUG] MotionStateMachine:is_ready_for_command:468 - is_ready_for_command(): 狀態寄存器=1100, Ready位=False
2025-07-17 01:04:36 [DEBUG] MotionStateMachine:is_ready_for_command:468 - is_ready_for_command(): 狀態寄存器=1100, Ready位=False
2025-07-17 01:04:36 [DEBUG] MotionStateMachine:is_ready_for_command:468 - is_ready_for_command(): 狀態寄存器=1100, Ready位=False
2025-07-17 01:04:36 [DEBUG] MotionStateMachine:is_ready_for_command:468 - is_ready_for_command(): 狀態寄存器=1100, Ready位=False
2025-07-17 01:04:36 [DEBUG] MotionStateMachine:is_ready_for_command:468 - is_ready_for_command(): 狀態寄存器=1100, Ready位=False
2025-07-17 01:04:36 [DEBUG] MotionStateMachine:is_ready_for_command:468 - is_ready_for_command(): 狀態寄存器=1100, Ready位=False
2025-07-17 01:04:36 [DEBUG] MotionStateMachine:is_ready_for_command:468 - is_ready_for_command(): 狀態寄存器=1100, Ready位=False
2025-07-17 01:04:36 [DEBUG] MotionStateMachine:is_ready_for_command:468 - is_ready_for_command(): 狀態寄存器=1100, Ready位=False
2025-07-17 01:04:36 [DEBUG] MotionStateMachine:is_ready_for_command:468 - is_ready_for_command(): 狀態寄存器=1100, Ready位=False
2025-07-17 01:04:36 [DEBUG] MotionStateMachine:is_ready_for_command:468 - is_ready_for_command(): 狀態寄存器=1100, Ready位=False
2025-07-17 01:04:36 [DEBUG] MotionStateMachine:is_ready_for_command:468 - is_ready_for_command(): 狀態寄存器=1100, Ready位=False
2025-07-17 01:04:36 [DEBUG] MotionStateMachine:is_ready_for_command:468 - is_ready_for_command(): 狀態寄存器=1100, Ready位=False
2025-07-17 01:04:36 [DEBUG] MotionStateMachine:is_ready_for_command:468 - is_ready_for_command(): 狀態寄存器=1100, Ready位=False
2025-07-17 01:04:37 [DEBUG] MotionStateMachine:is_ready_for_command:468 - is_ready_for_command(): 狀態寄存器=1100, Ready位=False
2025-07-17 01:04:37 [DEBUG] MotionStateMachine:is_ready_for_command:468 - is_ready_for_command(): 狀態寄存器=1100, Ready位=False
2025-07-17 01:04:37 [DEBUG] MotionStateMachine:is_ready_for_command:468 - is_ready_for_command(): 狀態寄存器=1100, Ready位=False
2025-07-17 01:04:37 [DEBUG] MotionStateMachine:is_ready_for_command:468 - is_ready_for_command(): 狀態寄存器=1100, Ready位=False
2025-07-17 01:04:37 [DEBUG] MotionStateMachine:is_ready_for_command:468 - is_ready_for_command(): 狀態寄存器=1100, Ready位=False
2025-07-17 01:04:37 [DEBUG] MotionStateMachine:is_ready_for_command:468 - is_ready_for_command(): 狀態寄存器=1100, Ready位=False
2025-07-17 01:04:37 [DEBUG] MotionStateMachine:is_ready_for_command:468 - is_ready_for_command(): 狀態寄存器=1100, Ready位=False
2025-07-17 01:04:37 [DEBUG] MotionStateMachine:is_ready_for_command:468 - is_ready_for_command(): 狀態寄存器=1100, Ready位=False
2025-07-17 01:04:37 [DEBUG] MotionStateMachine:is_ready_for_command:468 - is_ready_for_command(): 狀態寄存器=1100, Ready位=False
2025-07-17 01:04:37 [DEBUG] MotionStateMachine:is_ready_for_command:468 - is_ready_for_command(): 狀態寄存器=1100, Ready位=False
2025-07-17 01:04:37 [DEBUG] MotionStateMachine:is_ready_for_command:468 - is_ready_for_command(): 狀態寄存器=1100, Ready位=False
2025-07-17 01:04:37 [DEBUG] MotionStateMachine:is_ready_for_command:468 - is_ready_for_command(): 狀態寄存器=1100, Ready位=False
2025-07-17 01:04:37 [DEBUG] MotionStateMachine:is_ready_for_command:468 - is_ready_for_command(): 狀態寄存器=1100, Ready位=False
2025-07-17 01:04:37 [DEBUG] MotionStateMachine:is_ready_for_command:468 - is_ready_for_command(): 狀態寄存器=1100, Ready位=False
2025-07-17 01:04:37 [DEBUG] MotionStateMachine:is_ready_for_command:468 - is_ready_for_command(): 狀態寄存器=1100, Ready位=False
2025-07-17 01:04:37 [DEBUG] MotionStateMachine:is_ready_for_command:468 - is_ready_for_command(): 狀態寄存器=1100, Ready位=False
2025-07-17 01:04:37 [DEBUG] MotionStateMachine:is_ready_for_command:468 - is_ready_for_command(): 狀態寄存器=1100, Ready位=False
2025-07-17 01:04:37 [DEBUG] MotionStateMachine:is_ready_for_command:468 - is_ready_for_command(): 狀態寄存器=1100, Ready位=False
2025-07-17 01:04:37 [DEBUG] MotionStateMachine:is_ready_for_command:468 - is_ready_for_command(): 狀態寄存器=1100, Ready位=False
2025-07-17 01:04:37 [DEBUG] MotionStateMachine:is_ready_for_command:468 - is_ready_for_command(): 狀態寄存器=1100, Ready位=False
2025-07-17 01:04:37 [DEBUG] MotionStateMachine:is_ready_for_command:468 - is_ready_for_command(): 狀態寄存器=1100, Ready位=False
2025-07-17 01:04:37 [DEBUG] MotionStateMachine:is_ready_for_command:468 - is_ready_for_command(): 狀態寄存器=1100, Ready位=False
2025-07-17 01:04:37 [DEBUG] MotionStateMachine:is_ready_for_command:468 - is_ready_for_command(): 狀態寄存器=1100, Ready位=False
2025-07-17 01:04:37 [DEBUG] MotionStateMachine:is_ready_for_command:468 - is_ready_for_command(): 狀態寄存器=1100, Ready位=False
2025-07-17 01:04:37 [DEBUG] MotionStateMachine:is_ready_for_command:468 - is_ready_for_command(): 狀態寄存器=1100, Ready位=False
2025-07-17 01:04:37 [DEBUG] MotionStateMachine:is_ready_for_command:468 - is_ready_for_command(): 狀態寄存器=1100, Ready位=False
2025-07-17 01:04:37 [DEBUG] MotionStateMachine:is_ready_for_command:468 - is_ready_for_command(): 狀態寄存器=1100, Ready位=False
2025-07-17 01:04:38 [DEBUG] MotionStateMachine:is_ready_for_command:468 - is_ready_for_command(): 狀態寄存器=1100, Ready位=False
2025-07-17 01:04:38 [DEBUG] MotionStateMachine:is_ready_for_command:468 - is_ready_for_command(): 狀態寄存器=1100, Ready位=False
2025-07-17 01:04:38 [DEBUG] MotionStateMachine:is_ready_for_command:468 - is_ready_for_command(): 狀態寄存器=1100, Ready位=False
2025-07-17 01:04:38 [DEBUG] MotionStateMachine:is_ready_for_command:468 - is_ready_for_command(): 狀態寄存器=1100, Ready位=False
2025-07-17 01:04:38 [DEBUG] MotionStateMachine:is_ready_for_command:468 - is_ready_for_command(): 狀態寄存器=1100, Ready位=False
2025-07-17 01:04:38 [DEBUG] MotionStateMachine:is_ready_for_command:468 - is_ready_for_command(): 狀態寄存器=1100, Ready位=False
2025-07-17 01:04:38 [DEBUG] MotionStateMachine:is_ready_for_command:468 - is_ready_for_command(): 狀態寄存器=1100, Ready位=False
2025-07-17 01:04:38 [DEBUG] MotionStateMachine:is_ready_for_command:468 - is_ready_for_command(): 狀態寄存器=1100, Ready位=False
2025-07-17 01:04:38 [DEBUG] MotionStateMachine:is_ready_for_command:468 - is_ready_for_command(): 狀態寄存器=1100, Ready位=False
2025-07-17 01:04:38 [DEBUG] MotionStateMachine:is_ready_for_command:468 - is_ready_for_command(): 狀態寄存器=1100, Ready位=False
2025-07-17 01:04:38 [DEBUG] MotionStateMachine:is_ready_for_command:468 - is_ready_for_command(): 狀態寄存器=1100, Ready位=False
2025-07-17 01:04:38 [DEBUG] MotionStateMachine:is_ready_for_command:468 - is_ready_for_command(): 狀態寄存器=1100, Ready位=False
2025-07-17 01:04:38 [DEBUG] MotionStateMachine:is_ready_for_command:468 - is_ready_for_command(): 狀態寄存器=1100, Ready位=False
2025-07-17 01:04:38 [DEBUG] MotionStateMachine:is_ready_for_command:468 - is_ready_for_command(): 狀態寄存器=1100, Ready位=False
2025-07-17 01:04:38 [DEBUG] MotionStateMachine:is_ready_for_command:468 - is_ready_for_command(): 狀態寄存器=1100, Ready位=False
2025-07-17 01:04:38 [DEBUG] MotionStateMachine:is_ready_for_command:468 - is_ready_for_command(): 狀態寄存器=1100, Ready位=False
2025-07-17 01:04:38 [DEBUG] MotionStateMachine:is_ready_for_command:468 - is_ready_for_command(): 狀態寄存器=1100, Ready位=False
2025-07-17 01:04:38 [DEBUG] MotionStateMachine:is_ready_for_command:468 - is_ready_for_command(): 狀態寄存器=1100, Ready位=False
2025-07-17 01:04:38 [DEBUG] MotionStateMachine:is_ready_for_command:468 - is_ready_for_command(): 狀態寄存器=1100, Ready位=False
2025-07-17 01:04:38 [DEBUG] MotionStateMachine:is_ready_for_command:468 - is_ready_for_command(): 狀態寄存器=1100, Ready位=False
2025-07-17 01:04:38 [DEBUG] MotionStateMachine:is_ready_for_command:468 - is_ready_for_command(): 狀態寄存器=1100, Ready位=False
2025-07-17 01:04:38 [DEBUG] MotionStateMachine:is_ready_for_command:468 - is_ready_for_command(): 狀態寄存器=1100, Ready位=False
2025-07-17 01:04:38 [DEBUG] MotionStateMachine:is_ready_for_command:468 - is_ready_for_command(): 狀態寄存器=1100, Ready位=False
2025-07-17 01:04:38 [DEBUG] MotionStateMachine:is_ready_for_command:468 - is_ready_for_command(): 狀態寄存器=1100, Ready位=False
2025-07-17 01:04:38 [DEBUG] MotionStateMachine:is_ready_for_command:468 - is_ready_for_command(): 狀態寄存器=1100, Ready位=False
2025-07-17 01:04:38 [DEBUG] MotionStateMachine:is_ready_for_command:468 - is_ready_for_command(): 狀態寄存器=1100, Ready位=False
2025-07-17 01:04:38 [DEBUG] MotionStateMachine:is_ready_for_command:468 - is_ready_for_command(): 狀態寄存器=1100, Ready位=False
2025-07-17 01:04:38 [DEBUG] MotionStateMachine:is_ready_for_command:468 - is_ready_for_command(): 狀態寄存器=1100, Ready位=False
2025-07-17 01:04:38 [DEBUG] MotionStateMachine:is_ready_for_command:468 - is_ready_for_command(): 狀態寄存器=1100, Ready位=False
2025-07-17 01:04:38 [DEBUG] MotionStateMachine:is_ready_for_command:468 - is_ready_for_command(): 狀態寄存器=1100, Ready位=False
2025-07-17 01:04:38 [DEBUG] MotionStateMachine:is_ready_for_command:468 - is_ready_for_command(): 狀態寄存器=1100, Ready位=False
2025-07-17 01:04:38 [DEBUG] MotionStateMachine:is_ready_for_command:468 - is_ready_for_command(): 狀態寄存器=1100, Ready位=False
2025-07-17 01:04:39 [DEBUG] MotionStateMachine:is_ready_for_command:468 - is_ready_for_command(): 狀態寄存器=1100, Ready位=False
2025-07-17 01:04:39 [DEBUG] MotionStateMachine:is_ready_for_command:468 - is_ready_for_command(): 狀態寄存器=1100, Ready位=False
2025-07-17 01:04:39 [DEBUG] MotionStateMachine:is_ready_for_command:468 - is_ready_for_command(): 狀態寄存器=1100, Ready位=False
2025-07-17 01:04:39 [DEBUG] MotionStateMachine:is_ready_for_command:468 - is_ready_for_command(): 狀態寄存器=1100, Ready位=False
2025-07-17 01:04:39 [DEBUG] MotionStateMachine:is_ready_for_command:468 - is_ready_for_command(): 狀態寄存器=1100, Ready位=False
2025-07-17 01:04:39 [DEBUG] MotionStateMachine:is_ready_for_command:468 - is_ready_for_command(): 狀態寄存器=1100, Ready位=False
2025-07-17 01:04:39 [DEBUG] MotionStateMachine:is_ready_for_command:468 - is_ready_for_command(): 狀態寄存器=1100, Ready位=False
2025-07-17 01:04:39 [DEBUG] MotionStateMachine:is_ready_for_command:468 - is_ready_for_command(): 狀態寄存器=1100, Ready位=False
2025-07-17 01:04:39 [DEBUG] MotionStateMachine:is_ready_for_command:468 - is_ready_for_command(): 狀態寄存器=1100, Ready位=False
2025-07-17 01:04:39 [DEBUG] MotionStateMachine:is_ready_for_command:468 - is_ready_for_command(): 狀態寄存器=1100, Ready位=False
2025-07-17 01:04:39 [DEBUG] MotionStateMachine:is_ready_for_command:468 - is_ready_for_command(): 狀態寄存器=1100, Ready位=False
2025-07-17 01:04:39 [DEBUG] MotionStateMachine:is_ready_for_command:468 - is_ready_for_command(): 狀態寄存器=1100, Ready位=False
2025-07-17 01:04:39 [DEBUG] MotionStateMachine:is_ready_for_command:468 - is_ready_for_command(): 狀態寄存器=1100, Ready位=False
2025-07-17 01:04:39 [DEBUG] MotionStateMachine:is_ready_for_command:468 - is_ready_for_command(): 狀態寄存器=1100, Ready位=False
2025-07-17 01:04:39 [DEBUG] MotionStateMachine:is_ready_for_command:468 - is_ready_for_command(): 狀態寄存器=1100, Ready位=False
2025-07-17 01:04:39 [DEBUG] MotionStateMachine:is_ready_for_command:468 - is_ready_for_command(): 狀態寄存器=1100, Ready位=False
2025-07-17 01:04:39 [DEBUG] MotionStateMachine:is_ready_for_command:468 - is_ready_for_command(): 狀態寄存器=1100, Ready位=False
2025-07-17 01:04:39 [DEBUG] MotionStateMachine:is_ready_for_command:468 - is_ready_for_command(): 狀態寄存器=1100, Ready位=False
2025-07-17 01:04:39 [DEBUG] MotionStateMachine:is_ready_for_command:468 - is_ready_for_command(): 狀態寄存器=1100, Ready位=False
2025-07-17 01:04:39 [DEBUG] MotionStateMachine:is_ready_for_command:468 - is_ready_for_command(): 狀態寄存器=1100, Ready位=False
2025-07-17 01:04:39 [DEBUG] MotionStateMachine:is_ready_for_command:468 - is_ready_for_command(): 狀態寄存器=1100, Ready位=False
2025-07-17 01:04:39 [DEBUG] MotionStateMachine:is_ready_for_command:468 - is_ready_for_command(): 狀態寄存器=1100, Ready位=False
2025-07-17 01:04:39 [DEBUG] MotionStateMachine:is_ready_for_command:468 - is_ready_for_command(): 狀態寄存器=1100, Ready位=False
2025-07-17 01:04:39 [DEBUG] MotionStateMachine:is_ready_for_command:468 - is_ready_for_command(): 狀態寄存器=1100, Ready位=False
2025-07-17 01:04:39 [DEBUG] MotionStateMachine:is_ready_for_command:468 - is_ready_for_command(): 狀態寄存器=1100, Ready位=False
2025-07-17 01:04:39 [DEBUG] MotionStateMachine:is_ready_for_command:468 - is_ready_for_command(): 狀態寄存器=1100, Ready位=False
2025-07-17 01:04:39 [DEBUG] MotionStateMachine:is_ready_for_command:468 - is_ready_for_command(): 狀態寄存器=1100, Ready位=False
2025-07-17 01:04:39 [DEBUG] MotionStateMachine:is_ready_for_command:468 - is_ready_for_command(): 狀態寄存器=1100, Ready位=False
2025-07-17 01:04:39 [DEBUG] MotionStateMachine:is_ready_for_command:468 - is_ready_for_command(): 狀態寄存器=1100, Ready位=False
2025-07-17 01:04:39 [DEBUG] MotionStateMachine:is_ready_for_command:468 - is_ready_for_command(): 狀態寄存器=1100, Ready位=False
2025-07-17 01:04:39 [DEBUG] MotionStateMachine:is_ready_for_command:468 - is_ready_for_command(): 狀態寄存器=1100, Ready位=False
2025-07-17 01:04:40 [DEBUG] MotionStateMachine:is_ready_for_command:468 - is_ready_for_command(): 狀態寄存器=1100, Ready位=False
2025-07-17 01:04:40 [DEBUG] MotionStateMachine:is_ready_for_command:468 - is_ready_for_command(): 狀態寄存器=1100, Ready位=False
2025-07-17 01:04:40 [DEBUG] MotionStateMachine:is_ready_for_command:468 - is_ready_for_command(): 狀態寄存器=1100, Ready位=False
2025-07-17 01:04:40 [DEBUG] MotionStateMachine:is_ready_for_command:468 - is_ready_for_command(): 狀態寄存器=1100, Ready位=False
2025-07-17 01:04:40 [DEBUG] MotionStateMachine:is_ready_for_command:468 - is_ready_for_command(): 狀態寄存器=1100, Ready位=False
2025-07-17 01:04:40 [DEBUG] MotionStateMachine:is_ready_for_command:468 - is_ready_for_command(): 狀態寄存器=1100, Ready位=False
2025-07-17 01:04:40 [DEBUG] MotionStateMachine:is_ready_for_command:468 - is_ready_for_command(): 狀態寄存器=1100, Ready位=False
2025-07-17 01:04:40 [DEBUG] MotionStateMachine:is_ready_for_command:468 - is_ready_for_command(): 狀態寄存器=1100, Ready位=False
2025-07-17 01:04:40 [DEBUG] MotionStateMachine:is_ready_for_command:468 - is_ready_for_command(): 狀態寄存器=1100, Ready位=False
2025-07-17 01:04:40 [DEBUG] MotionStateMachine:is_ready_for_command:468 - is_ready_for_command(): 狀態寄存器=1100, Ready位=False
2025-07-17 01:04:40 [DEBUG] MotionStateMachine:is_ready_for_command:468 - is_ready_for_command(): 狀態寄存器=1100, Ready位=False
2025-07-17 01:04:40 [DEBUG] MotionStateMachine:is_ready_for_command:468 - is_ready_for_command(): 狀態寄存器=1100, Ready位=False
2025-07-17 01:04:40 [DEBUG] MotionStateMachine:is_ready_for_command:468 - is_ready_for_command(): 狀態寄存器=1100, Ready位=False
2025-07-17 01:04:40 [DEBUG] MotionStateMachine:is_ready_for_command:468 - is_ready_for_command(): 狀態寄存器=1100, Ready位=False
2025-07-17 01:04:40 [DEBUG] MotionStateMachine:is_ready_for_command:468 - is_ready_for_command(): 狀態寄存器=1100, Ready位=False
2025-07-17 01:04:40 [DEBUG] MotionStateMachine:is_ready_for_command:468 - is_ready_for_command(): 狀態寄存器=1100, Ready位=False
2025-07-17 01:04:40 [DEBUG] MotionStateMachine:is_ready_for_command:468 - is_ready_for_command(): 狀態寄存器=1100, Ready位=False
2025-07-17 01:04:40 [DEBUG] MotionStateMachine:is_ready_for_command:468 - is_ready_for_command(): 狀態寄存器=1100, Ready位=False
2025-07-17 01:04:40 [DEBUG] MotionStateMachine:is_ready_for_command:468 - is_ready_for_command(): 狀態寄存器=1100, Ready位=False
2025-07-17 01:04:40 [DEBUG] MotionStateMachine:is_ready_for_command:468 - is_ready_for_command(): 狀態寄存器=1100, Ready位=False
2025-07-17 01:04:40 [DEBUG] MotionStateMachine:is_ready_for_command:468 - is_ready_for_command(): 狀態寄存器=1100, Ready位=False
2025-07-17 01:04:40 [DEBUG] MotionStateMachine:is_ready_for_command:468 - is_ready_for_command(): 狀態寄存器=1100, Ready位=False
2025-07-17 01:04:40 [DEBUG] MotionStateMachine:is_ready_for_command:468 - is_ready_for_command(): 狀態寄存器=1100, Ready位=False
2025-07-17 01:04:40 [DEBUG] MotionStateMachine:is_ready_for_command:468 - is_ready_for_command(): 狀態寄存器=1100, Ready位=False
2025-07-17 01:04:40 [DEBUG] MotionStateMachine:is_ready_for_command:468 - is_ready_for_command(): 狀態寄存器=1100, Ready位=False
2025-07-17 01:04:41 [DEBUG] MotionStateMachine:is_ready_for_command:468 - is_ready_for_command(): 狀態寄存器=1100, Ready位=False
2025-07-17 01:04:41 [DEBUG] MotionStateMachine:is_ready_for_command:468 - is_ready_for_command(): 狀態寄存器=1100, Ready位=False
2025-07-17 01:04:41 [DEBUG] MotionStateMachine:is_ready_for_command:468 - is_ready_for_command(): 狀態寄存器=1100, Ready位=False
2025-07-17 01:04:41 [DEBUG] MotionStateMachine:is_ready_for_command:468 - is_ready_for_command(): 狀態寄存器=1100, Ready位=False
2025-07-17 01:04:41 [DEBUG] MotionStateMachine:is_ready_for_command:468 - is_ready_for_command(): 狀態寄存器=1100, Ready位=False
2025-07-17 01:04:41 [DEBUG] MotionStateMachine:is_ready_for_command:468 - is_ready_for_command(): 狀態寄存器=1100, Ready位=False
2025-07-17 01:04:41 [DEBUG] MotionStateMachine:is_ready_for_command:468 - is_ready_for_command(): 狀態寄存器=1100, Ready位=False
2025-07-17 01:04:41 [DEBUG] MotionStateMachine:is_ready_for_command:468 - is_ready_for_command(): 狀態寄存器=1100, Ready位=False
2025-07-17 01:04:41 [DEBUG] MotionStateMachine:is_ready_for_command:468 - is_ready_for_command(): 狀態寄存器=1100, Ready位=False
2025-07-17 01:04:41 [DEBUG] MotionStateMachine:is_ready_for_command:468 - is_ready_for_command(): 狀態寄存器=1100, Ready位=False
2025-07-17 01:04:41 [DEBUG] MotionStateMachine:is_ready_for_command:468 - is_ready_for_command(): 狀態寄存器=1100, Ready位=False
2025-07-17 01:04:41 [DEBUG] MotionStateMachine:is_ready_for_command:468 - is_ready_for_command(): 狀態寄存器=1100, Ready位=False
2025-07-17 01:04:41 [DEBUG] MotionStateMachine:is_ready_for_command:468 - is_ready_for_command(): 狀態寄存器=1100, Ready位=False
2025-07-17 01:04:41 [DEBUG] MotionStateMachine:is_ready_for_command:468 - is_ready_for_command(): 狀態寄存器=1100, Ready位=False
2025-07-17 01:04:41 [DEBUG] MotionStateMachine:is_ready_for_command:468 - is_ready_for_command(): 狀態寄存器=1100, Ready位=False
2025-07-17 01:04:41 [DEBUG] MotionStateMachine:is_ready_for_command:468 - is_ready_for_command(): 狀態寄存器=1100, Ready位=False
2025-07-17 01:04:41 [DEBUG] MotionStateMachine:is_ready_for_command:468 - is_ready_for_command(): 狀態寄存器=1100, Ready位=False
2025-07-17 01:04:41 [DEBUG] MotionStateMachine:is_ready_for_command:468 - is_ready_for_command(): 狀態寄存器=1100, Ready位=False
2025-07-17 01:04:41 [DEBUG] MotionStateMachine:is_ready_for_command:468 - is_ready_for_command(): 狀態寄存器=1100, Ready位=False
2025-07-17 01:04:41 [DEBUG] MotionStateMachine:is_ready_for_command:468 - is_ready_for_command(): 狀態寄存器=1100, Ready位=False
2025-07-17 01:04:41 [DEBUG] MotionStateMachine:is_ready_for_command:468 - is_ready_for_command(): 狀態寄存器=1100, Ready位=False
2025-07-17 01:04:41 [DEBUG] MotionStateMachine:is_ready_for_command:468 - is_ready_for_command(): 狀態寄存器=1100, Ready位=False
2025-07-17 01:04:41 [DEBUG] MotionStateMachine:is_ready_for_command:468 - is_ready_for_command(): 狀態寄存器=1100, Ready位=False
2025-07-17 01:04:41 [DEBUG] MotionStateMachine:is_ready_for_command:468 - is_ready_for_command(): 狀態寄存器=1100, Ready位=False
2025-07-17 01:04:41 [DEBUG] MotionStateMachine:is_ready_for_command:468 - is_ready_for_command(): 狀態寄存器=1100, Ready位=False
2025-07-17 01:04:41 [DEBUG] MotionStateMachine:is_ready_for_command:468 - is_ready_for_command(): 狀態寄存器=1100, Ready位=False
2025-07-17 01:04:41 [DEBUG] MotionStateMachine:is_ready_for_command:468 - is_ready_for_command(): 狀態寄存器=1100, Ready位=False
2025-07-17 01:04:42 [DEBUG] MotionStateMachine:is_ready_for_command:468 - is_ready_for_command(): 狀態寄存器=1100, Ready位=False
2025-07-17 01:04:42 [DEBUG] MotionStateMachine:is_ready_for_command:468 - is_ready_for_command(): 狀態寄存器=1100, Ready位=False
2025-07-17 01:04:42 [DEBUG] MotionStateMachine:is_ready_for_command:468 - is_ready_for_command(): 狀態寄存器=1100, Ready位=False
2025-07-17 01:04:42 [DEBUG] MotionStateMachine:is_ready_for_command:468 - is_ready_for_command(): 狀態寄存器=1100, Ready位=False
2025-07-17 01:04:42 [DEBUG] MotionStateMachine:is_ready_for_command:468 - is_ready_for_command(): 狀態寄存器=1100, Ready位=False
2025-07-17 01:04:42 [DEBUG] MotionStateMachine:is_ready_for_command:468 - is_ready_for_command(): 狀態寄存器=1100, Ready位=False
2025-07-17 01:04:42 [DEBUG] MotionStateMachine:is_ready_for_command:468 - is_ready_for_command(): 狀態寄存器=1100, Ready位=False
2025-07-17 01:04:42 [DEBUG] MotionStateMachine:is_ready_for_command:468 - is_ready_for_command(): 狀態寄存器=1100, Ready位=False
2025-07-17 01:04:42 [DEBUG] MotionStateMachine:is_ready_for_command:468 - is_ready_for_command(): 狀態寄存器=1100, Ready位=False
2025-07-17 01:04:42 [DEBUG] MotionStateMachine:is_ready_for_command:468 - is_ready_for_command(): 狀態寄存器=1100, Ready位=False
2025-07-17 01:04:42 [DEBUG] MotionStateMachine:is_ready_for_command:468 - is_ready_for_command(): 狀態寄存器=1100, Ready位=False
2025-07-17 01:04:42 [DEBUG] MotionStateMachine:is_ready_for_command:468 - is_ready_for_command(): 狀態寄存器=1100, Ready位=False
2025-07-17 01:04:42 [DEBUG] MotionStateMachine:is_ready_for_command:468 - is_ready_for_command(): 狀態寄存器=1100, Ready位=False
2025-07-17 01:04:42 [DEBUG] MotionStateMachine:is_ready_for_command:468 - is_ready_for_command(): 狀態寄存器=1100, Ready位=False
2025-07-17 01:04:42 [DEBUG] MotionStateMachine:is_ready_for_command:468 - is_ready_for_command(): 狀態寄存器=1100, Ready位=False
2025-07-17 01:04:42 [DEBUG] MotionStateMachine:is_ready_for_command:468 - is_ready_for_command(): 狀態寄存器=1100, Ready位=False
2025-07-17 01:04:42 [DEBUG] MotionStateMachine:is_ready_for_command:468 - is_ready_for_command(): 狀態寄存器=1100, Ready位=False
2025-07-17 01:04:42 [DEBUG] MotionStateMachine:is_ready_for_command:468 - is_ready_for_command(): 狀態寄存器=1100, Ready位=False
2025-07-17 01:04:42 [DEBUG] MotionStateMachine:is_ready_for_command:468 - is_ready_for_command(): 狀態寄存器=1100, Ready位=False
2025-07-17 01:04:42 [DEBUG] MotionStateMachine:is_ready_for_command:468 - is_ready_for_command(): 狀態寄存器=1100, Ready位=False
2025-07-17 01:04:42 [DEBUG] MotionStateMachine:is_ready_for_command:468 - is_ready_for_command(): 狀態寄存器=1100, Ready位=False
2025-07-17 01:04:42 [DEBUG] MotionStateMachine:is_ready_for_command:468 - is_ready_for_command(): 狀態寄存器=1100, Ready位=False
2025-07-17 01:04:42 [DEBUG] MotionStateMachine:is_ready_for_command:468 - is_ready_for_command(): 狀態寄存器=1100, Ready位=False
2025-07-17 01:04:42 [DEBUG] MotionStateMachine:is_ready_for_command:468 - is_ready_for_command(): 狀態寄存器=1100, Ready位=False
2025-07-17 01:04:42 [DEBUG] MotionStateMachine:is_ready_for_command:468 - is_ready_for_command(): 狀態寄存器=1100, Ready位=False
2025-07-17 01:04:42 [DEBUG] MotionStateMachine:is_ready_for_command:468 - is_ready_for_command(): 狀態寄存器=1100, Ready位=False
2025-07-17 01:04:42 [DEBUG] MotionStateMachine:is_ready_for_command:468 - is_ready_for_command(): 狀態寄存器=1100, Ready位=False
2025-07-17 01:04:42 [DEBUG] MotionStateMachine:is_ready_for_command:468 - is_ready_for_command(): 狀態寄存器=1100, Ready位=False
2025-07-17 01:04:42 [DEBUG] MotionStateMachine:is_ready_for_command:468 - is_ready_for_command(): 狀態寄存器=1100, Ready位=False
2025-07-17 01:04:42 [DEBUG] MotionStateMachine:is_ready_for_command:468 - is_ready_for_command(): 狀態寄存器=1100, Ready位=False
2025-07-17 01:04:42 [DEBUG] MotionStateMachine:is_ready_for_command:468 - is_ready_for_command(): 狀態寄存器=1100, Ready位=False
2025-07-17 01:04:42 [DEBUG] MotionStateMachine:is_ready_for_command:468 - is_ready_for_command(): 狀態寄存器=1100, Ready位=False
2025-07-17 01:04:42 [DEBUG] MotionStateMachine:is_ready_for_command:468 - is_ready_for_command(): 狀態寄存器=1100, Ready位=False
2025-07-17 01:04:42 [DEBUG] MotionStateMachine:is_ready_for_command:468 - is_ready_for_command(): 狀態寄存器=1100, Ready位=False
2025-07-17 01:04:42 [DEBUG] MotionStateMachine:is_ready_for_command:468 - is_ready_for_command(): 狀態寄存器=1100, Ready位=False
2025-07-17 01:04:43 [DEBUG] MotionStateMachine:is_ready_for_command:468 - is_ready_for_command(): 狀態寄存器=1100, Ready位=False
2025-07-17 01:04:43 [DEBUG] MotionStateMachine:is_ready_for_command:468 - is_ready_for_command(): 狀態寄存器=1100, Ready位=False
2025-07-17 01:04:43 [DEBUG] MotionStateMachine:is_ready_for_command:468 - is_ready_for_command(): 狀態寄存器=1100, Ready位=False
2025-07-17 01:04:43 [DEBUG] MotionStateMachine:is_ready_for_command:468 - is_ready_for_command(): 狀態寄存器=1100, Ready位=False
2025-07-17 01:04:43 [DEBUG] MotionStateMachine:is_ready_for_command:468 - is_ready_for_command(): 狀態寄存器=1100, Ready位=False
2025-07-17 01:04:43 [DEBUG] MotionStateMachine:is_ready_for_command:468 - is_ready_for_command(): 狀態寄存器=1100, Ready位=False
2025-07-17 01:04:43 [DEBUG] MotionStateMachine:is_ready_for_command:468 - is_ready_for_command(): 狀態寄存器=1100, Ready位=False
2025-07-17 01:04:43 [DEBUG] MotionStateMachine:is_ready_for_command:468 - is_ready_for_command(): 狀態寄存器=1100, Ready位=False
2025-07-17 01:04:43 [DEBUG] MotionStateMachine:is_ready_for_command:468 - is_ready_for_command(): 狀態寄存器=1100, Ready位=False
2025-07-17 01:04:43 [DEBUG] MotionStateMachine:is_ready_for_command:468 - is_ready_for_command(): 狀態寄存器=1100, Ready位=False
2025-07-17 01:04:43 [DEBUG] MotionStateMachine:is_ready_for_command:468 - is_ready_for_command(): 狀態寄存器=1100, Ready位=False
2025-07-17 01:04:43 [DEBUG] MotionStateMachine:is_ready_for_command:468 - is_ready_for_command(): 狀態寄存器=1100, Ready位=False
2025-07-17 01:04:43 [DEBUG] MotionStateMachine:is_ready_for_command:468 - is_ready_for_command(): 狀態寄存器=1100, Ready位=False
2025-07-17 01:04:43 [DEBUG] MotionStateMachine:is_ready_for_command:468 - is_ready_for_command(): 狀態寄存器=1100, Ready位=False
2025-07-17 01:04:43 [DEBUG] MotionStateMachine:is_ready_for_command:468 - is_ready_for_command(): 狀態寄存器=1100, Ready位=False
2025-07-17 01:04:43 [DEBUG] MotionStateMachine:is_ready_for_command:468 - is_ready_for_command(): 狀態寄存器=1100, Ready位=False
2025-07-17 01:04:43 [DEBUG] MotionStateMachine:is_ready_for_command:468 - is_ready_for_command(): 狀態寄存器=1100, Ready位=False
2025-07-17 01:04:43 [DEBUG] MotionStateMachine:is_ready_for_command:468 - is_ready_for_command(): 狀態寄存器=1100, Ready位=False
2025-07-17 01:04:43 [DEBUG] MotionStateMachine:is_ready_for_command:468 - is_ready_for_command(): 狀態寄存器=1100, Ready位=False
2025-07-17 01:04:43 [DEBUG] MotionStateMachine:is_ready_for_command:468 - is_ready_for_command(): 狀態寄存器=1100, Ready位=False
2025-07-17 01:04:43 [DEBUG] MotionStateMachine:is_ready_for_command:468 - is_ready_for_command(): 狀態寄存器=1100, Ready位=False
2025-07-17 01:04:43 [DEBUG] MotionStateMachine:is_ready_for_command:468 - is_ready_for_command(): 狀態寄存器=1100, Ready位=False
2025-07-17 01:04:43 [DEBUG] MotionStateMachine:is_ready_for_command:468 - is_ready_for_command(): 狀態寄存器=1100, Ready位=False
2025-07-17 01:04:43 [DEBUG] MotionStateMachine:is_ready_for_command:468 - is_ready_for_command(): 狀態寄存器=1100, Ready位=False
2025-07-17 01:04:43 [DEBUG] MotionStateMachine:is_ready_for_command:468 - is_ready_for_command(): 狀態寄存器=1100, Ready位=False
2025-07-17 01:04:43 [DEBUG] MotionStateMachine:is_ready_for_command:468 - is_ready_for_command(): 狀態寄存器=1100, Ready位=False
2025-07-17 01:04:43 [DEBUG] MotionStateMachine:is_ready_for_command:468 - is_ready_for_command(): 狀態寄存器=1100, Ready位=False
2025-07-17 01:04:44 [DEBUG] MotionStateMachine:is_ready_for_command:468 - is_ready_for_command(): 狀態寄存器=1100, Ready位=False
2025-07-17 01:04:44 [DEBUG] MotionStateMachine:is_ready_for_command:468 - is_ready_for_command(): 狀態寄存器=1100, Ready位=False
2025-07-17 01:04:44 [DEBUG] MotionStateMachine:is_ready_for_command:468 - is_ready_for_command(): 狀態寄存器=1100, Ready位=False
2025-07-17 01:04:44 [DEBUG] MotionStateMachine:is_ready_for_command:468 - is_ready_for_command(): 狀態寄存器=1100, Ready位=False
2025-07-17 01:04:44 [DEBUG] MotionStateMachine:is_ready_for_command:468 - is_ready_for_command(): 狀態寄存器=1100, Ready位=False
2025-07-17 01:04:44 [DEBUG] MotionStateMachine:is_ready_for_command:468 - is_ready_for_command(): 狀態寄存器=1100, Ready位=False
2025-07-17 01:04:44 [DEBUG] MotionStateMachine:is_ready_for_command:468 - is_ready_for_command(): 狀態寄存器=1100, Ready位=False
2025-07-17 01:04:44 [DEBUG] MotionStateMachine:is_ready_for_command:468 - is_ready_for_command(): 狀態寄存器=1100, Ready位=False
2025-07-17 01:04:44 [DEBUG] MotionStateMachine:is_ready_for_command:468 - is_ready_for_command(): 狀態寄存器=1100, Ready位=False
2025-07-17 01:04:44 [DEBUG] MotionStateMachine:is_ready_for_command:468 - is_ready_for_command(): 狀態寄存器=1100, Ready位=False
2025-07-17 01:04:44 [DEBUG] MotionStateMachine:is_ready_for_command:468 - is_ready_for_command(): 狀態寄存器=1100, Ready位=False
2025-07-17 01:04:44 [DEBUG] MotionStateMachine:is_ready_for_command:468 - is_ready_for_command(): 狀態寄存器=1100, Ready位=False
2025-07-17 01:04:44 [DEBUG] MotionStateMachine:is_ready_for_command:468 - is_ready_for_command(): 狀態寄存器=1100, Ready位=False
2025-07-17 01:04:44 [DEBUG] MotionStateMachine:is_ready_for_command:468 - is_ready_for_command(): 狀態寄存器=1100, Ready位=False
2025-07-17 01:04:44 [DEBUG] MotionStateMachine:is_ready_for_command:468 - is_ready_for_command(): 狀態寄存器=1100, Ready位=False
2025-07-17 01:04:44 [DEBUG] MotionStateMachine:is_ready_for_command:468 - is_ready_for_command(): 狀態寄存器=1100, Ready位=False
2025-07-17 01:04:44 [DEBUG] MotionStateMachine:is_ready_for_command:468 - is_ready_for_command(): 狀態寄存器=1100, Ready位=False
2025-07-17 01:04:44 [DEBUG] MotionStateMachine:is_ready_for_command:468 - is_ready_for_command(): 狀態寄存器=1100, Ready位=False
2025-07-17 01:04:44 [DEBUG] MotionStateMachine:is_ready_for_command:468 - is_ready_for_command(): 狀態寄存器=1100, Ready位=False
2025-07-17 01:04:44 [DEBUG] MotionStateMachine:is_ready_for_command:468 - is_ready_for_command(): 狀態寄存器=1100, Ready位=False
2025-07-17 01:04:44 [DEBUG] MotionStateMachine:is_ready_for_command:468 - is_ready_for_command(): 狀態寄存器=1100, Ready位=False
2025-07-17 01:04:44 [DEBUG] MotionStateMachine:is_ready_for_command:468 - is_ready_for_command(): 狀態寄存器=1100, Ready位=False
2025-07-17 01:04:44 [DEBUG] MotionStateMachine:is_ready_for_command:468 - is_ready_for_command(): 狀態寄存器=1100, Ready位=False
2025-07-17 01:04:44 [DEBUG] MotionStateMachine:is_ready_for_command:468 - is_ready_for_command(): 狀態寄存器=1100, Ready位=False
2025-07-17 01:04:44 [DEBUG] MotionStateMachine:is_ready_for_command:468 - is_ready_for_command(): 狀態寄存器=1100, Ready位=False
2025-07-17 01:04:44 [DEBUG] MotionStateMachine:is_ready_for_command:468 - is_ready_for_command(): 狀態寄存器=1100, Ready位=False
2025-07-17 01:04:44 [DEBUG] MotionStateMachine:is_ready_for_command:468 - is_ready_for_command(): 狀態寄存器=1100, Ready位=False
2025-07-17 01:04:45 [DEBUG] MotionStateMachine:is_ready_for_command:468 - is_ready_for_command(): 狀態寄存器=1100, Ready位=False
2025-07-17 01:04:45 [DEBUG] MotionStateMachine:is_ready_for_command:468 - is_ready_for_command(): 狀態寄存器=1100, Ready位=False
2025-07-17 01:04:45 [DEBUG] MotionStateMachine:is_ready_for_command:468 - is_ready_for_command(): 狀態寄存器=1100, Ready位=False
2025-07-17 01:04:45 [DEBUG] MotionStateMachine:is_ready_for_command:468 - is_ready_for_command(): 狀態寄存器=1100, Ready位=False
2025-07-17 01:04:45 [DEBUG] MotionStateMachine:is_ready_for_command:468 - is_ready_for_command(): 狀態寄存器=1100, Ready位=False
2025-07-17 01:04:45 [DEBUG] MotionStateMachine:is_ready_for_command:468 - is_ready_for_command(): 狀態寄存器=1100, Ready位=False
2025-07-17 01:04:45 [DEBUG] MotionStateMachine:is_ready_for_command:468 - is_ready_for_command(): 狀態寄存器=1100, Ready位=False
2025-07-17 01:04:45 [DEBUG] MotionStateMachine:is_ready_for_command:468 - is_ready_for_command(): 狀態寄存器=1100, Ready位=False
2025-07-17 01:04:45 [DEBUG] MotionStateMachine:is_ready_for_command:468 - is_ready_for_command(): 狀態寄存器=1100, Ready位=False
2025-07-17 01:04:45 [DEBUG] MotionStateMachine:is_ready_for_command:468 - is_ready_for_command(): 狀態寄存器=1100, Ready位=False
2025-07-17 01:04:45 [DEBUG] MotionStateMachine:is_ready_for_command:468 - is_ready_for_command(): 狀態寄存器=1100, Ready位=False
2025-07-17 01:04:45 [DEBUG] MotionStateMachine:is_ready_for_command:468 - is_ready_for_command(): 狀態寄存器=1100, Ready位=False
2025-07-17 01:04:45 [DEBUG] MotionStateMachine:is_ready_for_command:468 - is_ready_for_command(): 狀態寄存器=1100, Ready位=False
2025-07-17 01:04:45 [DEBUG] MotionStateMachine:is_ready_for_command:468 - is_ready_for_command(): 狀態寄存器=1100, Ready位=False
2025-07-17 01:04:45 [DEBUG] MotionStateMachine:is_ready_for_command:468 - is_ready_for_command(): 狀態寄存器=1100, Ready位=False
2025-07-17 01:04:45 [DEBUG] MotionStateMachine:is_ready_for_command:468 - is_ready_for_command(): 狀態寄存器=1100, Ready位=False
2025-07-17 01:04:45 [DEBUG] MotionStateMachine:is_ready_for_command:468 - is_ready_for_command(): 狀態寄存器=1100, Ready位=False
2025-07-17 01:04:45 [DEBUG] MotionStateMachine:is_ready_for_command:468 - is_ready_for_command(): 狀態寄存器=1100, Ready位=False
2025-07-17 01:04:45 [DEBUG] MotionStateMachine:is_ready_for_command:468 - is_ready_for_command(): 狀態寄存器=1100, Ready位=False
2025-07-17 01:04:45 [DEBUG] MotionStateMachine:is_ready_for_command:468 - is_ready_for_command(): 狀態寄存器=1100, Ready位=False
2025-07-17 01:04:45 [DEBUG] MotionStateMachine:is_ready_for_command:468 - is_ready_for_command(): 狀態寄存器=1100, Ready位=False
2025-07-17 01:04:45 [DEBUG] MotionStateMachine:is_ready_for_command:468 - is_ready_for_command(): 狀態寄存器=1100, Ready位=False
2025-07-17 01:04:45 [DEBUG] MotionStateMachine:is_ready_for_command:468 - is_ready_for_command(): 狀態寄存器=1100, Ready位=False
2025-07-17 01:04:45 [DEBUG] MotionStateMachine:is_ready_for_command:468 - is_ready_for_command(): 狀態寄存器=1100, Ready位=False
2025-07-17 01:04:45 [DEBUG] MotionStateMachine:is_ready_for_command:468 - is_ready_for_command(): 狀態寄存器=1100, Ready位=False
2025-07-17 01:04:45 [DEBUG] MotionStateMachine:is_ready_for_command:468 - is_ready_for_command(): 狀態寄存器=1100, Ready位=False
2025-07-17 01:04:45 [DEBUG] MotionStateMachine:is_ready_for_command:468 - is_ready_for_command(): 狀態寄存器=1100, Ready位=False
2025-07-17 01:04:45 [DEBUG] MotionStateMachine:is_ready_for_command:468 - is_ready_for_command(): 狀態寄存器=1100, Ready位=False
2025-07-17 01:04:45 [DEBUG] MotionStateMachine:is_ready_for_command:468 - is_ready_for_command(): 狀態寄存器=1100, Ready位=False
2025-07-17 01:04:45 [DEBUG] MotionStateMachine:is_ready_for_command:468 - is_ready_for_command(): 狀態寄存器=1100, Ready位=False
2025-07-17 01:04:45 [DEBUG] MotionStateMachine:is_ready_for_command:468 - is_ready_for_command(): 狀態寄存器=1100, Ready位=False
2025-07-17 01:04:46 [DEBUG] MotionStateMachine:is_ready_for_command:468 - is_ready_for_command(): 狀態寄存器=1100, Ready位=False
2025-07-17 01:04:46 [DEBUG] MotionStateMachine:is_ready_for_command:468 - is_ready_for_command(): 狀態寄存器=1100, Ready位=False
2025-07-17 01:04:46 [DEBUG] MotionStateMachine:is_ready_for_command:468 - is_ready_for_command(): 狀態寄存器=1100, Ready位=False
2025-07-17 01:04:46 [DEBUG] MotionStateMachine:is_ready_for_command:468 - is_ready_for_command(): 狀態寄存器=1100, Ready位=False
2025-07-17 01:04:46 [DEBUG] MotionStateMachine:is_ready_for_command:468 - is_ready_for_command(): 狀態寄存器=1100, Ready位=False
2025-07-17 01:04:46 [DEBUG] MotionStateMachine:is_ready_for_command:468 - is_ready_for_command(): 狀態寄存器=1100, Ready位=False
2025-07-17 01:04:46 [DEBUG] MotionStateMachine:is_ready_for_command:468 - is_ready_for_command(): 狀態寄存器=1100, Ready位=False
2025-07-17 01:04:46 [DEBUG] MotionStateMachine:is_ready_for_command:468 - is_ready_for_command(): 狀態寄存器=1100, Ready位=False
2025-07-17 01:04:46 [DEBUG] MotionStateMachine:is_ready_for_command:468 - is_ready_for_command(): 狀態寄存器=1100, Ready位=False
2025-07-17 01:04:46 [DEBUG] MotionStateMachine:is_ready_for_command:468 - is_ready_for_command(): 狀態寄存器=1100, Ready位=False
2025-07-17 01:04:46 [DEBUG] MotionStateMachine:is_ready_for_command:468 - is_ready_for_command(): 狀態寄存器=1100, Ready位=False
2025-07-17 01:04:46 [DEBUG] MotionStateMachine:is_ready_for_command:468 - is_ready_for_command(): 狀態寄存器=1100, Ready位=False
2025-07-17 01:04:46 [DEBUG] MotionStateMachine:is_ready_for_command:468 - is_ready_for_command(): 狀態寄存器=1100, Ready位=False
2025-07-17 01:04:46 [DEBUG] MotionStateMachine:is_ready_for_command:468 - is_ready_for_command(): 狀態寄存器=1100, Ready位=False
2025-07-17 01:04:46 [DEBUG] MotionStateMachine:is_ready_for_command:468 - is_ready_for_command(): 狀態寄存器=1100, Ready位=False
2025-07-17 01:04:46 [DEBUG] MotionStateMachine:is_ready_for_command:468 - is_ready_for_command(): 狀態寄存器=1100, Ready位=False
2025-07-17 01:04:46 [DEBUG] MotionStateMachine:is_ready_for_command:468 - is_ready_for_command(): 狀態寄存器=1100, Ready位=False
2025-07-17 01:04:46 [DEBUG] MotionStateMachine:is_ready_for_command:468 - is_ready_for_command(): 狀態寄存器=1100, Ready位=False
2025-07-17 01:04:46 [DEBUG] MotionStateMachine:is_ready_for_command:468 - is_ready_for_command(): 狀態寄存器=1100, Ready位=False
2025-07-17 01:04:46 [DEBUG] MotionStateMachine:is_ready_for_command:468 - is_ready_for_command(): 狀態寄存器=1100, Ready位=False
2025-07-17 01:04:46 [DEBUG] MotionStateMachine:is_ready_for_command:468 - is_ready_for_command(): 狀態寄存器=1100, Ready位=False
2025-07-17 01:04:46 [DEBUG] MotionStateMachine:is_ready_for_command:468 - is_ready_for_command(): 狀態寄存器=1100, Ready位=False
2025-07-17 01:04:46 [DEBUG] MotionStateMachine:is_ready_for_command:468 - is_ready_for_command(): 狀態寄存器=1100, Ready位=False
2025-07-17 01:04:46 [DEBUG] MotionStateMachine:is_ready_for_command:468 - is_ready_for_command(): 狀態寄存器=1100, Ready位=False
2025-07-17 01:04:46 [DEBUG] MotionStateMachine:is_ready_for_command:468 - is_ready_for_command(): 狀態寄存器=1100, Ready位=False
2025-07-17 01:04:46 [DEBUG] MotionStateMachine:is_ready_for_command:468 - is_ready_for_command(): 狀態寄存器=1100, Ready位=False
2025-07-17 01:04:46 [DEBUG] MotionStateMachine:is_ready_for_command:468 - is_ready_for_command(): 狀態寄存器=1100, Ready位=False
2025-07-17 01:04:46 [DEBUG] MotionStateMachine:is_ready_for_command:468 - is_ready_for_command(): 狀態寄存器=1100, Ready位=False
2025-07-17 01:04:46 [DEBUG] MotionStateMachine:is_ready_for_command:468 - is_ready_for_command(): 狀態寄存器=1100, Ready位=False
2025-07-17 01:04:46 [DEBUG] MotionStateMachine:is_ready_for_command:468 - is_ready_for_command(): 狀態寄存器=1100, Ready位=False
2025-07-17 01:04:46 [DEBUG] MotionStateMachine:is_ready_for_command:468 - is_ready_for_command(): 狀態寄存器=1100, Ready位=False
2025-07-17 01:04:47 [DEBUG] MotionStateMachine:is_ready_for_command:468 - is_ready_for_command(): 狀態寄存器=1100, Ready位=False
2025-07-17 01:04:47 [DEBUG] MotionStateMachine:is_ready_for_command:468 - is_ready_for_command(): 狀態寄存器=1100, Ready位=False
2025-07-17 01:04:47 [DEBUG] MotionStateMachine:is_ready_for_command:468 - is_ready_for_command(): 狀態寄存器=1100, Ready位=False
2025-07-17 01:04:47 [DEBUG] MotionStateMachine:is_ready_for_command:468 - is_ready_for_command(): 狀態寄存器=1100, Ready位=False
2025-07-17 01:04:47 [DEBUG] MotionStateMachine:is_ready_for_command:468 - is_ready_for_command(): 狀態寄存器=1100, Ready位=False
2025-07-17 01:04:47 [DEBUG] MotionStateMachine:is_ready_for_command:468 - is_ready_for_command(): 狀態寄存器=1100, Ready位=False
2025-07-17 01:04:47 [DEBUG] MotionStateMachine:is_ready_for_command:468 - is_ready_for_command(): 狀態寄存器=1100, Ready位=False
2025-07-17 01:04:47 [DEBUG] MotionStateMachine:is_ready_for_command:468 - is_ready_for_command(): 狀態寄存器=1100, Ready位=False
2025-07-17 01:04:47 [DEBUG] MotionStateMachine:is_ready_for_command:468 - is_ready_for_command(): 狀態寄存器=1100, Ready位=False
2025-07-17 01:04:47 [DEBUG] MotionStateMachine:is_ready_for_command:468 - is_ready_for_command(): 狀態寄存器=1100, Ready位=False
2025-07-17 01:04:47 [DEBUG] MotionStateMachine:is_ready_for_command:468 - is_ready_for_command(): 狀態寄存器=1100, Ready位=False
2025-07-17 01:04:47 [DEBUG] MotionStateMachine:is_ready_for_command:468 - is_ready_for_command(): 狀態寄存器=1100, Ready位=False
2025-07-17 01:04:47 [DEBUG] MotionStateMachine:is_ready_for_command:468 - is_ready_for_command(): 狀態寄存器=1100, Ready位=False
2025-07-17 01:04:47 [DEBUG] MotionStateMachine:is_ready_for_command:468 - is_ready_for_command(): 狀態寄存器=1100, Ready位=False
2025-07-17 01:04:47 [DEBUG] MotionStateMachine:is_ready_for_command:468 - is_ready_for_command(): 狀態寄存器=1100, Ready位=False
2025-07-17 01:04:47 [DEBUG] MotionStateMachine:is_ready_for_command:468 - is_ready_for_command(): 狀態寄存器=1100, Ready位=False
2025-07-17 01:04:47 [DEBUG] MotionStateMachine:is_ready_for_command:468 - is_ready_for_command(): 狀態寄存器=1100, Ready位=False
2025-07-17 01:04:47 [DEBUG] MotionStateMachine:is_ready_for_command:468 - is_ready_for_command(): 狀態寄存器=1100, Ready位=False
2025-07-17 01:04:47 [DEBUG] MotionStateMachine:is_ready_for_command:468 - is_ready_for_command(): 狀態寄存器=1100, Ready位=False
2025-07-17 01:04:47 [DEBUG] MotionStateMachine:is_ready_for_command:468 - is_ready_for_command(): 狀態寄存器=1100, Ready位=False
2025-07-17 01:04:47 [DEBUG] MotionStateMachine:is_ready_for_command:468 - is_ready_for_command(): 狀態寄存器=1100, Ready位=False
2025-07-17 01:04:47 [DEBUG] MotionStateMachine:is_ready_for_command:468 - is_ready_for_command(): 狀態寄存器=1100, Ready位=False
2025-07-17 01:04:47 [DEBUG] MotionStateMachine:is_ready_for_command:468 - is_ready_for_command(): 狀態寄存器=1100, Ready位=False
2025-07-17 01:04:47 [DEBUG] MotionStateMachine:is_ready_for_command:468 - is_ready_for_command(): 狀態寄存器=1100, Ready位=False
2025-07-17 01:04:47 [DEBUG] MotionStateMachine:is_ready_for_command:468 - is_ready_for_command(): 狀態寄存器=1100, Ready位=False
2025-07-17 01:04:47 [DEBUG] MotionStateMachine:is_ready_for_command:468 - is_ready_for_command(): 狀態寄存器=1100, Ready位=False
2025-07-17 01:04:48 [DEBUG] MotionStateMachine:is_ready_for_command:468 - is_ready_for_command(): 狀態寄存器=1100, Ready位=False
2025-07-17 01:04:48 [DEBUG] MotionStateMachine:is_ready_for_command:468 - is_ready_for_command(): 狀態寄存器=1100, Ready位=False
2025-07-17 01:04:48 [DEBUG] MotionStateMachine:is_ready_for_command:468 - is_ready_for_command(): 狀態寄存器=1100, Ready位=False
2025-07-17 01:04:48 [DEBUG] MotionStateMachine:is_ready_for_command:468 - is_ready_for_command(): 狀態寄存器=1100, Ready位=False
2025-07-17 01:04:48 [DEBUG] MotionStateMachine:is_ready_for_command:468 - is_ready_for_command(): 狀態寄存器=1100, Ready位=False
2025-07-17 01:04:48 [DEBUG] MotionStateMachine:is_ready_for_command:468 - is_ready_for_command(): 狀態寄存器=1100, Ready位=False
2025-07-17 01:04:48 [DEBUG] MotionStateMachine:is_ready_for_command:468 - is_ready_for_command(): 狀態寄存器=1100, Ready位=False
2025-07-17 01:04:48 [DEBUG] MotionStateMachine:is_ready_for_command:468 - is_ready_for_command(): 狀態寄存器=1100, Ready位=False
2025-07-17 01:04:48 [DEBUG] MotionStateMachine:is_ready_for_command:468 - is_ready_for_command(): 狀態寄存器=1100, Ready位=False
2025-07-17 01:04:48 [DEBUG] MotionStateMachine:is_ready_for_command:468 - is_ready_for_command(): 狀態寄存器=1100, Ready位=False
2025-07-17 01:04:48 [DEBUG] MotionStateMachine:is_ready_for_command:468 - is_ready_for_command(): 狀態寄存器=1100, Ready位=False
2025-07-17 01:04:48 [DEBUG] MotionStateMachine:is_ready_for_command:468 - is_ready_for_command(): 狀態寄存器=1100, Ready位=False
2025-07-17 01:04:48 [DEBUG] MotionStateMachine:is_ready_for_command:468 - is_ready_for_command(): 狀態寄存器=1100, Ready位=False
2025-07-17 01:04:48 [DEBUG] MotionStateMachine:is_ready_for_command:468 - is_ready_for_command(): 狀態寄存器=1100, Ready位=False
2025-07-17 01:04:48 [DEBUG] MotionStateMachine:is_ready_for_command:468 - is_ready_for_command(): 狀態寄存器=1100, Ready位=False
2025-07-17 01:04:48 [DEBUG] MotionStateMachine:is_ready_for_command:468 - is_ready_for_command(): 狀態寄存器=1100, Ready位=False
2025-07-17 01:04:48 [DEBUG] MotionStateMachine:is_ready_for_command:468 - is_ready_for_command(): 狀態寄存器=1100, Ready位=False
2025-07-17 01:04:48 [DEBUG] MotionStateMachine:is_ready_for_command:468 - is_ready_for_command(): 狀態寄存器=1100, Ready位=False
2025-07-17 01:04:48 [DEBUG] MotionStateMachine:is_ready_for_command:468 - is_ready_for_command(): 狀態寄存器=1100, Ready位=False
2025-07-17 01:04:48 [DEBUG] MotionStateMachine:is_ready_for_command:468 - is_ready_for_command(): 狀態寄存器=1100, Ready位=False
2025-07-17 01:04:48 [DEBUG] MotionStateMachine:is_ready_for_command:468 - is_ready_for_command(): 狀態寄存器=1100, Ready位=False
2025-07-17 01:04:48 [DEBUG] MotionStateMachine:is_ready_for_command:468 - is_ready_for_command(): 狀態寄存器=1100, Ready位=False
2025-07-17 01:04:48 [DEBUG] MotionStateMachine:is_ready_for_command:468 - is_ready_for_command(): 狀態寄存器=1100, Ready位=False
2025-07-17 01:04:48 [DEBUG] MotionStateMachine:is_ready_for_command:468 - is_ready_for_command(): 狀態寄存器=1100, Ready位=False
2025-07-17 01:04:49 [DEBUG] MotionStateMachine:is_ready_for_command:468 - is_ready_for_command(): 狀態寄存器=1100, Ready位=False
2025-07-17 01:04:49 [DEBUG] MotionStateMachine:is_ready_for_command:468 - is_ready_for_command(): 狀態寄存器=1100, Ready位=False
2025-07-17 01:04:49 [DEBUG] MotionStateMachine:is_ready_for_command:468 - is_ready_for_command(): 狀態寄存器=1100, Ready位=False
2025-07-17 01:04:49 [DEBUG] MotionStateMachine:is_ready_for_command:468 - is_ready_for_command(): 狀態寄存器=1100, Ready位=False
2025-07-17 01:04:49 [DEBUG] MotionStateMachine:is_ready_for_command:468 - is_ready_for_command(): 狀態寄存器=1100, Ready位=False
2025-07-17 01:04:49 [DEBUG] MotionStateMachine:is_ready_for_command:468 - is_ready_for_command(): 狀態寄存器=1100, Ready位=False
2025-07-17 01:04:49 [DEBUG] MotionStateMachine:is_ready_for_command:468 - is_ready_for_command(): 狀態寄存器=1100, Ready位=False
2025-07-17 01:04:49 [DEBUG] MotionStateMachine:is_ready_for_command:468 - is_ready_for_command(): 狀態寄存器=1100, Ready位=False
2025-07-17 01:04:49 [DEBUG] MotionStateMachine:is_ready_for_command:468 - is_ready_for_command(): 狀態寄存器=1100, Ready位=False
2025-07-17 01:04:49 [DEBUG] MotionStateMachine:is_ready_for_command:468 - is_ready_for_command(): 狀態寄存器=1100, Ready位=False
2025-07-17 01:04:49 [DEBUG] MotionStateMachine:is_ready_for_command:468 - is_ready_for_command(): 狀態寄存器=1100, Ready位=False
2025-07-17 01:04:49 [DEBUG] MotionStateMachine:is_ready_for_command:468 - is_ready_for_command(): 狀態寄存器=1100, Ready位=False
2025-07-17 01:04:49 [DEBUG] MotionStateMachine:is_ready_for_command:468 - is_ready_for_command(): 狀態寄存器=1100, Ready位=False
2025-07-17 01:04:49 [DEBUG] MotionStateMachine:is_ready_for_command:468 - is_ready_for_command(): 狀態寄存器=1100, Ready位=False
2025-07-17 01:04:49 [DEBUG] MotionStateMachine:is_ready_for_command:468 - is_ready_for_command(): 狀態寄存器=1100, Ready位=False
2025-07-17 01:04:49 [DEBUG] MotionStateMachine:is_ready_for_command:468 - is_ready_for_command(): 狀態寄存器=1100, Ready位=False
2025-07-17 01:04:49 [DEBUG] MotionStateMachine:is_ready_for_command:468 - is_ready_for_command(): 狀態寄存器=1100, Ready位=False
2025-07-17 01:04:49 [DEBUG] MotionStateMachine:is_ready_for_command:468 - is_ready_for_command(): 狀態寄存器=1100, Ready位=False
2025-07-17 01:04:49 [DEBUG] MotionStateMachine:is_ready_for_command:468 - is_ready_for_command(): 狀態寄存器=1100, Ready位=False
2025-07-17 01:04:49 [DEBUG] MotionStateMachine:is_ready_for_command:468 - is_ready_for_command(): 狀態寄存器=1100, Ready位=False
2025-07-17 01:04:49 [DEBUG] MotionStateMachine:is_ready_for_command:468 - is_ready_for_command(): 狀態寄存器=1100, Ready位=False
2025-07-17 01:04:49 [DEBUG] MotionStateMachine:is_ready_for_command:468 - is_ready_for_command(): 狀態寄存器=1100, Ready位=False
2025-07-17 01:04:49 [DEBUG] MotionStateMachine:is_ready_for_command:468 - is_ready_for_command(): 狀態寄存器=1100, Ready位=False
2025-07-17 01:04:49 [DEBUG] MotionStateMachine:is_ready_for_command:468 - is_ready_for_command(): 狀態寄存器=1100, Ready位=False
2025-07-17 01:04:49 [DEBUG] MotionStateMachine:is_ready_for_command:468 - is_ready_for_command(): 狀態寄存器=1100, Ready位=False
2025-07-17 01:04:49 [DEBUG] MotionStateMachine:is_ready_for_command:468 - is_ready_for_command(): 狀態寄存器=1100, Ready位=False
2025-07-17 01:04:49 [DEBUG] MotionStateMachine:is_ready_for_command:468 - is_ready_for_command(): 狀態寄存器=1100, Ready位=False
2025-07-17 01:04:49 [DEBUG] MotionStateMachine:is_ready_for_command:468 - is_ready_for_command(): 狀態寄存器=1100, Ready位=False
2025-07-17 01:04:49 [DEBUG] MotionStateMachine:is_ready_for_command:468 - is_ready_for_command(): 狀態寄存器=1100, Ready位=False
2025-07-17 01:04:49 [DEBUG] MotionStateMachine:is_ready_for_command:468 - is_ready_for_command(): 狀態寄存器=1100, Ready位=False
2025-07-17 01:04:49 [DEBUG] MotionStateMachine:is_ready_for_command:468 - is_ready_for_command(): 狀態寄存器=1100, Ready位=False
2025-07-17 01:04:49 [DEBUG] MotionStateMachine:is_ready_for_command:468 - is_ready_for_command(): 狀態寄存器=1100, Ready位=False
2025-07-17 01:04:49 [DEBUG] MotionStateMachine:is_ready_for_command:468 - is_ready_for_command(): 狀態寄存器=1100, Ready位=False
2025-07-17 01:04:50 [DEBUG] MotionStateMachine:is_ready_for_command:468 - is_ready_for_command(): 狀態寄存器=1100, Ready位=False
2025-07-17 01:04:50 [DEBUG] MotionStateMachine:is_ready_for_command:468 - is_ready_for_command(): 狀態寄存器=1100, Ready位=False
2025-07-17 01:04:50 [DEBUG] MotionStateMachine:is_ready_for_command:468 - is_ready_for_command(): 狀態寄存器=1100, Ready位=False
2025-07-17 01:04:50 [DEBUG] MotionStateMachine:is_ready_for_command:468 - is_ready_for_command(): 狀態寄存器=1100, Ready位=False
2025-07-17 01:04:50 [DEBUG] MotionStateMachine:is_ready_for_command:468 - is_ready_for_command(): 狀態寄存器=1100, Ready位=False
2025-07-17 01:04:50 [DEBUG] MotionStateMachine:is_ready_for_command:468 - is_ready_for_command(): 狀態寄存器=1100, Ready位=False
2025-07-17 01:04:50 [DEBUG] MotionStateMachine:is_ready_for_command:468 - is_ready_for_command(): 狀態寄存器=1100, Ready位=False
2025-07-17 01:04:50 [DEBUG] MotionStateMachine:is_ready_for_command:468 - is_ready_for_command(): 狀態寄存器=1100, Ready位=False
2025-07-17 01:04:50 [DEBUG] MotionStateMachine:is_ready_for_command:468 - is_ready_for_command(): 狀態寄存器=1100, Ready位=False
2025-07-17 01:04:50 [DEBUG] MotionStateMachine:is_ready_for_command:468 - is_ready_for_command(): 狀態寄存器=1100, Ready位=False
2025-07-17 01:04:50 [DEBUG] MotionStateMachine:is_ready_for_command:468 - is_ready_for_command(): 狀態寄存器=1100, Ready位=False
2025-07-17 01:04:50 [DEBUG] MotionStateMachine:is_ready_for_command:468 - is_ready_for_command(): 狀態寄存器=1100, Ready位=False
2025-07-17 01:04:50 [DEBUG] MotionStateMachine:is_ready_for_command:468 - is_ready_for_command(): 狀態寄存器=1100, Ready位=False
2025-07-17 01:04:50 [DEBUG] MotionStateMachine:is_ready_for_command:468 - is_ready_for_command(): 狀態寄存器=1100, Ready位=False
2025-07-17 01:04:50 [DEBUG] MotionStateMachine:is_ready_for_command:468 - is_ready_for_command(): 狀態寄存器=1100, Ready位=False
2025-07-17 01:04:50 [DEBUG] MotionStateMachine:is_ready_for_command:468 - is_ready_for_command(): 狀態寄存器=1100, Ready位=False
2025-07-17 01:04:50 [DEBUG] MotionStateMachine:is_ready_for_command:468 - is_ready_for_command(): 狀態寄存器=1100, Ready位=False
2025-07-17 01:04:50 [DEBUG] MotionStateMachine:is_ready_for_command:468 - is_ready_for_command(): 狀態寄存器=1100, Ready位=False
2025-07-17 01:04:50 [DEBUG] MotionStateMachine:is_ready_for_command:468 - is_ready_for_command(): 狀態寄存器=1100, Ready位=False
2025-07-17 01:04:50 [DEBUG] MotionStateMachine:is_ready_for_command:468 - is_ready_for_command(): 狀態寄存器=1100, Ready位=False
2025-07-17 01:04:50 [DEBUG] MotionStateMachine:is_ready_for_command:468 - is_ready_for_command(): 狀態寄存器=1100, Ready位=False
2025-07-17 01:04:50 [DEBUG] MotionStateMachine:is_ready_for_command:468 - is_ready_for_command(): 狀態寄存器=1100, Ready位=False
2025-07-17 01:04:50 [DEBUG] MotionStateMachine:is_ready_for_command:468 - is_ready_for_command(): 狀態寄存器=1100, Ready位=False
2025-07-17 01:04:50 [DEBUG] MotionStateMachine:is_ready_for_command:468 - is_ready_for_command(): 狀態寄存器=1100, Ready位=False
2025-07-17 01:04:50 [DEBUG] MotionStateMachine:is_ready_for_command:468 - is_ready_for_command(): 狀態寄存器=1100, Ready位=False
2025-07-17 01:04:50 [DEBUG] MotionStateMachine:is_ready_for_command:468 - is_ready_for_command(): 狀態寄存器=1100, Ready位=False
2025-07-17 01:04:50 [DEBUG] MotionStateMachine:is_ready_for_command:468 - is_ready_for_command(): 狀態寄存器=1100, Ready位=False
2025-07-17 01:04:50 [DEBUG] MotionStateMachine:is_ready_for_command:468 - is_ready_for_command(): 狀態寄存器=1100, Ready位=False
2025-07-17 01:04:50 [DEBUG] MotionStateMachine:is_ready_for_command:468 - is_ready_for_command(): 狀態寄存器=1100, Ready位=False
2025-07-17 01:04:51 [DEBUG] MotionStateMachine:is_ready_for_command:468 - is_ready_for_command(): 狀態寄存器=1100, Ready位=False
2025-07-17 01:04:51 [DEBUG] MotionStateMachine:is_ready_for_command:468 - is_ready_for_command(): 狀態寄存器=1100, Ready位=False
2025-07-17 01:04:51 [DEBUG] MotionStateMachine:is_ready_for_command:468 - is_ready_for_command(): 狀態寄存器=1100, Ready位=False
2025-07-17 01:04:51 [DEBUG] MotionStateMachine:is_ready_for_command:468 - is_ready_for_command(): 狀態寄存器=1100, Ready位=False
2025-07-17 01:04:51 [DEBUG] MotionStateMachine:is_ready_for_command:468 - is_ready_for_command(): 狀態寄存器=1100, Ready位=False
2025-07-17 01:04:51 [DEBUG] MotionStateMachine:is_ready_for_command:468 - is_ready_for_command(): 狀態寄存器=1100, Ready位=False
2025-07-17 01:04:51 [DEBUG] MotionStateMachine:is_ready_for_command:468 - is_ready_for_command(): 狀態寄存器=1100, Ready位=False
2025-07-17 01:04:51 [DEBUG] MotionStateMachine:is_ready_for_command:468 - is_ready_for_command(): 狀態寄存器=1100, Ready位=False
2025-07-17 01:04:51 [DEBUG] MotionStateMachine:is_ready_for_command:468 - is_ready_for_command(): 狀態寄存器=1100, Ready位=False
2025-07-17 01:04:51 [DEBUG] MotionStateMachine:is_ready_for_command:468 - is_ready_for_command(): 狀態寄存器=1100, Ready位=False
2025-07-17 01:04:51 [DEBUG] MotionStateMachine:is_ready_for_command:468 - is_ready_for_command(): 狀態寄存器=1100, Ready位=False
2025-07-17 01:04:51 [DEBUG] MotionStateMachine:is_ready_for_command:468 - is_ready_for_command(): 狀態寄存器=1100, Ready位=False
2025-07-17 01:04:51 [DEBUG] MotionStateMachine:is_ready_for_command:468 - is_ready_for_command(): 狀態寄存器=1100, Ready位=False
2025-07-17 01:04:51 [DEBUG] MotionStateMachine:is_ready_for_command:468 - is_ready_for_command(): 狀態寄存器=1100, Ready位=False
2025-07-17 01:04:51 [DEBUG] MotionStateMachine:is_ready_for_command:468 - is_ready_for_command(): 狀態寄存器=1100, Ready位=False
2025-07-17 01:04:51 [DEBUG] MotionStateMachine:is_ready_for_command:468 - is_ready_for_command(): 狀態寄存器=1100, Ready位=False
2025-07-17 01:04:51 [DEBUG] MotionStateMachine:is_ready_for_command:468 - is_ready_for_command(): 狀態寄存器=1100, Ready位=False
2025-07-17 01:04:51 [DEBUG] MotionStateMachine:is_ready_for_command:468 - is_ready_for_command(): 狀態寄存器=1100, Ready位=False
2025-07-17 01:04:51 [DEBUG] MotionStateMachine:is_ready_for_command:468 - is_ready_for_command(): 狀態寄存器=1100, Ready位=False
2025-07-17 01:04:51 [DEBUG] MotionStateMachine:is_ready_for_command:468 - is_ready_for_command(): 狀態寄存器=1100, Ready位=False
2025-07-17 01:04:51 [DEBUG] MotionStateMachine:is_ready_for_command:468 - is_ready_for_command(): 狀態寄存器=1100, Ready位=False
2025-07-17 01:04:51 [DEBUG] MotionStateMachine:is_ready_for_command:468 - is_ready_for_command(): 狀態寄存器=1100, Ready位=False
2025-07-17 01:04:51 [DEBUG] MotionStateMachine:is_ready_for_command:468 - is_ready_for_command(): 狀態寄存器=1100, Ready位=False
2025-07-17 01:04:51 [DEBUG] MotionStateMachine:is_ready_for_command:468 - is_ready_for_command(): 狀態寄存器=1100, Ready位=False
2025-07-17 01:04:51 [DEBUG] MotionStateMachine:is_ready_for_command:468 - is_ready_for_command(): 狀態寄存器=1100, Ready位=False
2025-07-17 01:04:51 [DEBUG] MotionStateMachine:is_ready_for_command:468 - is_ready_for_command(): 狀態寄存器=1100, Ready位=False
2025-07-17 01:04:51 [DEBUG] MotionStateMachine:is_ready_for_command:468 - is_ready_for_command(): 狀態寄存器=1100, Ready位=False
2025-07-17 01:04:52 [DEBUG] MotionStateMachine:is_ready_for_command:468 - is_ready_for_command(): 狀態寄存器=1100, Ready位=False
2025-07-17 01:04:52 [DEBUG] MotionStateMachine:is_ready_for_command:468 - is_ready_for_command(): 狀態寄存器=1100, Ready位=False
2025-07-17 01:04:52 [DEBUG] MotionStateMachine:is_ready_for_command:468 - is_ready_for_command(): 狀態寄存器=1100, Ready位=False
2025-07-17 01:04:52 [DEBUG] MotionStateMachine:is_ready_for_command:468 - is_ready_for_command(): 狀態寄存器=1100, Ready位=False
2025-07-17 01:04:52 [DEBUG] MotionStateMachine:is_ready_for_command:468 - is_ready_for_command(): 狀態寄存器=1100, Ready位=False
2025-07-17 01:04:52 [DEBUG] MotionStateMachine:is_ready_for_command:468 - is_ready_for_command(): 狀態寄存器=1100, Ready位=False
2025-07-17 01:04:52 [DEBUG] MotionStateMachine:is_ready_for_command:468 - is_ready_for_command(): 狀態寄存器=1100, Ready位=False
2025-07-17 01:04:52 [DEBUG] MotionStateMachine:is_ready_for_command:468 - is_ready_for_command(): 狀態寄存器=1100, Ready位=False
2025-07-17 01:04:52 [DEBUG] MotionStateMachine:is_ready_for_command:468 - is_ready_for_command(): 狀態寄存器=1100, Ready位=False
2025-07-17 01:04:52 [DEBUG] MotionStateMachine:is_ready_for_command:468 - is_ready_for_command(): 狀態寄存器=1100, Ready位=False
2025-07-17 01:04:52 [DEBUG] MotionStateMachine:is_ready_for_command:468 - is_ready_for_command(): 狀態寄存器=1100, Ready位=False
2025-07-17 01:04:52 [DEBUG] MotionStateMachine:is_ready_for_command:468 - is_ready_for_command(): 狀態寄存器=1100, Ready位=False
2025-07-17 01:04:52 [DEBUG] MotionStateMachine:is_ready_for_command:468 - is_ready_for_command(): 狀態寄存器=1100, Ready位=False
2025-07-17 01:04:52 [DEBUG] MotionStateMachine:is_ready_for_command:468 - is_ready_for_command(): 狀態寄存器=1100, Ready位=False
2025-07-17 01:04:52 [DEBUG] MotionStateMachine:is_ready_for_command:468 - is_ready_for_command(): 狀態寄存器=1100, Ready位=False
2025-07-17 01:04:52 [DEBUG] MotionStateMachine:is_ready_for_command:468 - is_ready_for_command(): 狀態寄存器=1100, Ready位=False
2025-07-17 01:04:52 [DEBUG] MotionStateMachine:is_ready_for_command:468 - is_ready_for_command(): 狀態寄存器=1100, Ready位=False
2025-07-17 01:04:52 [DEBUG] MotionStateMachine:is_ready_for_command:468 - is_ready_for_command(): 狀態寄存器=1100, Ready位=False
2025-07-17 01:04:52 [DEBUG] MotionStateMachine:is_ready_for_command:468 - is_ready_for_command(): 狀態寄存器=1100, Ready位=False
2025-07-17 01:04:52 [DEBUG] MotionStateMachine:is_ready_for_command:468 - is_ready_for_command(): 狀態寄存器=1100, Ready位=False
2025-07-17 01:04:52 [DEBUG] MotionStateMachine:is_ready_for_command:468 - is_ready_for_command(): 狀態寄存器=1100, Ready位=False
2025-07-17 01:04:52 [DEBUG] MotionStateMachine:is_ready_for_command:468 - is_ready_for_command(): 狀態寄存器=1100, Ready位=False
2025-07-17 01:04:52 [DEBUG] MotionStateMachine:is_ready_for_command:468 - is_ready_for_command(): 狀態寄存器=1100, Ready位=False
2025-07-17 01:04:52 [DEBUG] MotionStateMachine:is_ready_for_command:468 - is_ready_for_command(): 狀態寄存器=1100, Ready位=False
2025-07-17 01:04:52 [DEBUG] MotionStateMachine:is_ready_for_command:468 - is_ready_for_command(): 狀態寄存器=1100, Ready位=False
2025-07-17 01:04:52 [DEBUG] MotionStateMachine:is_ready_for_command:468 - is_ready_for_command(): 狀態寄存器=1100, Ready位=False
2025-07-17 01:04:52 [DEBUG] MotionStateMachine:is_ready_for_command:468 - is_ready_for_command(): 狀態寄存器=1100, Ready位=False
2025-07-17 01:04:53 [DEBUG] MotionStateMachine:is_ready_for_command:468 - is_ready_for_command(): 狀態寄存器=1100, Ready位=False
2025-07-17 01:04:53 [DEBUG] MotionStateMachine:is_ready_for_command:468 - is_ready_for_command(): 狀態寄存器=1100, Ready位=False
2025-07-17 01:04:53 [DEBUG] MotionStateMachine:is_ready_for_command:468 - is_ready_for_command(): 狀態寄存器=1100, Ready位=False
2025-07-17 01:04:53 [DEBUG] MotionStateMachine:is_ready_for_command:468 - is_ready_for_command(): 狀態寄存器=1100, Ready位=False
2025-07-17 01:04:53 [DEBUG] MotionStateMachine:is_ready_for_command:468 - is_ready_for_command(): 狀態寄存器=1100, Ready位=False
2025-07-17 01:04:53 [DEBUG] MotionStateMachine:is_ready_for_command:468 - is_ready_for_command(): 狀態寄存器=1100, Ready位=False
2025-07-17 01:04:53 [DEBUG] MotionStateMachine:is_ready_for_command:468 - is_ready_for_command(): 狀態寄存器=1100, Ready位=False
2025-07-17 01:04:53 [DEBUG] MotionStateMachine:is_ready_for_command:468 - is_ready_for_command(): 狀態寄存器=1100, Ready位=False
2025-07-17 01:04:53 [DEBUG] MotionStateMachine:is_ready_for_command:468 - is_ready_for_command(): 狀態寄存器=1100, Ready位=False
2025-07-17 01:04:53 [DEBUG] MotionStateMachine:is_ready_for_command:468 - is_ready_for_command(): 狀態寄存器=1100, Ready位=False
2025-07-17 01:04:53 [DEBUG] MotionStateMachine:is_ready_for_command:468 - is_ready_for_command(): 狀態寄存器=1100, Ready位=False
2025-07-17 01:04:53 [DEBUG] MotionStateMachine:is_ready_for_command:468 - is_ready_for_command(): 狀態寄存器=1100, Ready位=False
2025-07-17 01:04:53 [DEBUG] MotionStateMachine:is_ready_for_command:468 - is_ready_for_command(): 狀態寄存器=1100, Ready位=False
2025-07-17 01:04:53 [DEBUG] MotionStateMachine:is_ready_for_command:468 - is_ready_for_command(): 狀態寄存器=1100, Ready位=False
2025-07-17 01:04:53 [DEBUG] MotionStateMachine:is_ready_for_command:468 - is_ready_for_command(): 狀態寄存器=1100, Ready位=False
2025-07-17 01:04:53 [DEBUG] MotionStateMachine:is_ready_for_command:468 - is_ready_for_command(): 狀態寄存器=1100, Ready位=False
2025-07-17 01:04:53 [DEBUG] MotionStateMachine:is_ready_for_command:468 - is_ready_for_command(): 狀態寄存器=1100, Ready位=False
2025-07-17 01:04:53 [DEBUG] MotionStateMachine:is_ready_for_command:468 - is_ready_for_command(): 狀態寄存器=1100, Ready位=False
2025-07-17 01:04:53 [DEBUG] MotionStateMachine:is_ready_for_command:468 - is_ready_for_command(): 狀態寄存器=1100, Ready位=False
2025-07-17 01:04:53 [DEBUG] MotionStateMachine:is_ready_for_command:468 - is_ready_for_command(): 狀態寄存器=1100, Ready位=False
2025-07-17 01:04:53 [DEBUG] MotionStateMachine:is_ready_for_command:468 - is_ready_for_command(): 狀態寄存器=1100, Ready位=False
2025-07-17 01:04:53 [DEBUG] MotionStateMachine:is_ready_for_command:468 - is_ready_for_command(): 狀態寄存器=1100, Ready位=False
2025-07-17 01:04:53 [DEBUG] MotionStateMachine:is_ready_for_command:468 - is_ready_for_command(): 狀態寄存器=1100, Ready位=False
2025-07-17 01:04:53 [DEBUG] MotionStateMachine:is_ready_for_command:468 - is_ready_for_command(): 狀態寄存器=1100, Ready位=False
2025-07-17 01:04:53 [DEBUG] MotionStateMachine:is_ready_for_command:468 - is_ready_for_command(): 狀態寄存器=1100, Ready位=False
2025-07-17 01:04:53 [DEBUG] MotionStateMachine:is_ready_for_command:468 - is_ready_for_command(): 狀態寄存器=1100, Ready位=False
2025-07-17 01:04:53 [DEBUG] MotionStateMachine:is_ready_for_command:468 - is_ready_for_command(): 狀態寄存器=1100, Ready位=False
2025-07-17 01:04:53 [DEBUG] MotionStateMachine:is_ready_for_command:468 - is_ready_for_command(): 狀態寄存器=1100, Ready位=False
2025-07-17 01:04:53 [DEBUG] MotionStateMachine:is_ready_for_command:468 - is_ready_for_command(): 狀態寄存器=1100, Ready位=False
2025-07-17 01:04:53 [DEBUG] MotionStateMachine:is_ready_for_command:468 - is_ready_for_command(): 狀態寄存器=1100, Ready位=False
2025-07-17 01:04:53 [DEBUG] MotionStateMachine:is_ready_for_command:468 - is_ready_for_command(): 狀態寄存器=1100, Ready位=False
2025-07-17 01:04:53 [DEBUG] MotionStateMachine:is_ready_for_command:468 - is_ready_for_command(): 狀態寄存器=1100, Ready位=False
2025-07-17 01:04:53 [DEBUG] MotionStateMachine:is_ready_for_command:468 - is_ready_for_command(): 狀態寄存器=1100, Ready位=False
2025-07-17 01:04:53 [DEBUG] MotionStateMachine:is_ready_for_command:468 - is_ready_for_command(): 狀態寄存器=1100, Ready位=False
2025-07-17 01:04:54 [DEBUG] MotionStateMachine:is_ready_for_command:468 - is_ready_for_command(): 狀態寄存器=1100, Ready位=False
2025-07-17 01:04:54 [DEBUG] MotionStateMachine:is_ready_for_command:468 - is_ready_for_command(): 狀態寄存器=1100, Ready位=False
2025-07-17 01:04:54 [DEBUG] MotionStateMachine:is_ready_for_command:468 - is_ready_for_command(): 狀態寄存器=1100, Ready位=False
2025-07-17 01:04:54 [DEBUG] MotionStateMachine:is_ready_for_command:468 - is_ready_for_command(): 狀態寄存器=1100, Ready位=False
2025-07-17 01:04:54 [DEBUG] MotionStateMachine:is_ready_for_command:468 - is_ready_for_command(): 狀態寄存器=1100, Ready位=False
2025-07-17 01:04:54 [DEBUG] MotionStateMachine:is_ready_for_command:468 - is_ready_for_command(): 狀態寄存器=1100, Ready位=False
2025-07-17 01:04:54 [DEBUG] MotionStateMachine:is_ready_for_command:468 - is_ready_for_command(): 狀態寄存器=1100, Ready位=False
2025-07-17 01:04:54 [DEBUG] MotionStateMachine:is_ready_for_command:468 - is_ready_for_command(): 狀態寄存器=1100, Ready位=False
2025-07-17 01:04:54 [DEBUG] MotionStateMachine:is_ready_for_command:468 - is_ready_for_command(): 狀態寄存器=1100, Ready位=False
2025-07-17 01:04:54 [DEBUG] MotionStateMachine:is_ready_for_command:468 - is_ready_for_command(): 狀態寄存器=1100, Ready位=False
2025-07-17 01:04:54 [DEBUG] MotionStateMachine:is_ready_for_command:468 - is_ready_for_command(): 狀態寄存器=1100, Ready位=False
2025-07-17 01:04:54 [DEBUG] MotionStateMachine:is_ready_for_command:468 - is_ready_for_command(): 狀態寄存器=1100, Ready位=False
2025-07-17 01:04:54 [DEBUG] MotionStateMachine:is_ready_for_command:468 - is_ready_for_command(): 狀態寄存器=1100, Ready位=False
2025-07-17 01:04:54 [DEBUG] MotionStateMachine:is_ready_for_command:468 - is_ready_for_command(): 狀態寄存器=1100, Ready位=False
2025-07-17 01:04:54 [DEBUG] MotionStateMachine:is_ready_for_command:468 - is_ready_for_command(): 狀態寄存器=1100, Ready位=False
2025-07-17 01:04:54 [DEBUG] MotionStateMachine:is_ready_for_command:468 - is_ready_for_command(): 狀態寄存器=1100, Ready位=False
2025-07-17 01:04:54 [DEBUG] MotionStateMachine:is_ready_for_command:468 - is_ready_for_command(): 狀態寄存器=1100, Ready位=False
2025-07-17 01:04:54 [DEBUG] MotionStateMachine:is_ready_for_command:468 - is_ready_for_command(): 狀態寄存器=1100, Ready位=False
2025-07-17 01:04:54 [DEBUG] MotionStateMachine:is_ready_for_command:468 - is_ready_for_command(): 狀態寄存器=1100, Ready位=False
2025-07-17 01:04:54 [DEBUG] MotionStateMachine:is_ready_for_command:468 - is_ready_for_command(): 狀態寄存器=1100, Ready位=False
2025-07-17 01:04:54 [DEBUG] MotionStateMachine:is_ready_for_command:468 - is_ready_for_command(): 狀態寄存器=1100, Ready位=False
2025-07-17 01:04:54 [DEBUG] MotionStateMachine:is_ready_for_command:468 - is_ready_for_command(): 狀態寄存器=1100, Ready位=False
2025-07-17 01:04:54 [DEBUG] MotionStateMachine:is_ready_for_command:468 - is_ready_for_command(): 狀態寄存器=1100, Ready位=False
2025-07-17 01:04:54 [DEBUG] MotionStateMachine:is_ready_for_command:468 - is_ready_for_command(): 狀態寄存器=1100, Ready位=False
2025-07-17 01:04:54 [DEBUG] MotionStateMachine:is_ready_for_command:468 - is_ready_for_command(): 狀態寄存器=1100, Ready位=False
2025-07-17 01:04:54 [DEBUG] MotionStateMachine:is_ready_for_command:468 - is_ready_for_command(): 狀態寄存器=1100, Ready位=False
2025-07-17 01:04:54 [DEBUG] MotionStateMachine:is_ready_for_command:468 - is_ready_for_command(): 狀態寄存器=1100, Ready位=False
2025-07-17 01:04:55 [DEBUG] MotionStateMachine:is_ready_for_command:468 - is_ready_for_command(): 狀態寄存器=1100, Ready位=False
2025-07-17 01:04:55 [DEBUG] MotionStateMachine:is_ready_for_command:468 - is_ready_for_command(): 狀態寄存器=1100, Ready位=False
2025-07-17 01:04:55 [DEBUG] MotionStateMachine:is_ready_for_command:468 - is_ready_for_command(): 狀態寄存器=1100, Ready位=False
2025-07-17 01:04:55 [DEBUG] MotionStateMachine:is_ready_for_command:468 - is_ready_for_command(): 狀態寄存器=1100, Ready位=False
2025-07-17 01:04:55 [DEBUG] MotionStateMachine:is_ready_for_command:468 - is_ready_for_command(): 狀態寄存器=1100, Ready位=False
2025-07-17 01:04:55 [DEBUG] MotionStateMachine:is_ready_for_command:468 - is_ready_for_command(): 狀態寄存器=1100, Ready位=False
2025-07-17 01:04:55 [DEBUG] MotionStateMachine:is_ready_for_command:468 - is_ready_for_command(): 狀態寄存器=1100, Ready位=False
2025-07-17 01:04:55 [DEBUG] MotionStateMachine:is_ready_for_command:468 - is_ready_for_command(): 狀態寄存器=1100, Ready位=False
2025-07-17 01:04:55 [DEBUG] MotionStateMachine:is_ready_for_command:468 - is_ready_for_command(): 狀態寄存器=1100, Ready位=False
2025-07-17 01:04:55 [DEBUG] MotionStateMachine:is_ready_for_command:468 - is_ready_for_command(): 狀態寄存器=1100, Ready位=False
2025-07-17 01:04:55 [DEBUG] MotionStateMachine:is_ready_for_command:468 - is_ready_for_command(): 狀態寄存器=1100, Ready位=False
2025-07-17 01:04:55 [DEBUG] MotionStateMachine:is_ready_for_command:468 - is_ready_for_command(): 狀態寄存器=1100, Ready位=False
2025-07-17 01:04:55 [DEBUG] MotionStateMachine:is_ready_for_command:468 - is_ready_for_command(): 狀態寄存器=1100, Ready位=False
2025-07-17 01:04:55 [DEBUG] MotionStateMachine:is_ready_for_command:468 - is_ready_for_command(): 狀態寄存器=1100, Ready位=False
2025-07-17 01:04:55 [DEBUG] MotionStateMachine:is_ready_for_command:468 - is_ready_for_command(): 狀態寄存器=1100, Ready位=False
2025-07-17 01:04:55 [DEBUG] MotionStateMachine:is_ready_for_command:468 - is_ready_for_command(): 狀態寄存器=1100, Ready位=False
2025-07-17 01:04:55 [DEBUG] MotionStateMachine:is_ready_for_command:468 - is_ready_for_command(): 狀態寄存器=1100, Ready位=False
2025-07-17 01:04:55 [DEBUG] MotionStateMachine:is_ready_for_command:468 - is_ready_for_command(): 狀態寄存器=1100, Ready位=False
2025-07-17 01:04:55 [DEBUG] MotionStateMachine:is_ready_for_command:468 - is_ready_for_command(): 狀態寄存器=1100, Ready位=False
2025-07-17 01:04:55 [DEBUG] MotionStateMachine:is_ready_for_command:468 - is_ready_for_command(): 狀態寄存器=1100, Ready位=False
2025-07-17 01:04:55 [DEBUG] MotionStateMachine:is_ready_for_command:468 - is_ready_for_command(): 狀態寄存器=1100, Ready位=False
2025-07-17 01:04:55 [DEBUG] MotionStateMachine:is_ready_for_command:468 - is_ready_for_command(): 狀態寄存器=1100, Ready位=False
2025-07-17 01:04:55 [DEBUG] MotionStateMachine:is_ready_for_command:468 - is_ready_for_command(): 狀態寄存器=1100, Ready位=False
2025-07-17 01:04:55 [DEBUG] MotionStateMachine:is_ready_for_command:468 - is_ready_for_command(): 狀態寄存器=1100, Ready位=False
2025-07-17 01:04:55 [DEBUG] MotionStateMachine:is_ready_for_command:468 - is_ready_for_command(): 狀態寄存器=1100, Ready位=False
2025-07-17 01:04:56 [DEBUG] MotionStateMachine:is_ready_for_command:468 - is_ready_for_command(): 狀態寄存器=1100, Ready位=False
2025-07-17 01:04:56 [DEBUG] MotionStateMachine:is_ready_for_command:468 - is_ready_for_command(): 狀態寄存器=1100, Ready位=False
2025-07-17 01:04:56 [DEBUG] MotionStateMachine:is_ready_for_command:468 - is_ready_for_command(): 狀態寄存器=1100, Ready位=False
2025-07-17 01:04:56 [DEBUG] MotionStateMachine:is_ready_for_command:468 - is_ready_for_command(): 狀態寄存器=1100, Ready位=False
2025-07-17 01:04:56 [DEBUG] MotionStateMachine:is_ready_for_command:468 - is_ready_for_command(): 狀態寄存器=1100, Ready位=False
2025-07-17 01:04:56 [DEBUG] MotionStateMachine:is_ready_for_command:468 - is_ready_for_command(): 狀態寄存器=1100, Ready位=False
2025-07-17 01:04:56 [DEBUG] MotionStateMachine:is_ready_for_command:468 - is_ready_for_command(): 狀態寄存器=1100, Ready位=False
2025-07-17 01:04:56 [DEBUG] MotionStateMachine:is_ready_for_command:468 - is_ready_for_command(): 狀態寄存器=1100, Ready位=False
2025-07-17 01:04:56 [DEBUG] MotionStateMachine:is_ready_for_command:468 - is_ready_for_command(): 狀態寄存器=1100, Ready位=False
2025-07-17 01:04:56 [DEBUG] MotionStateMachine:is_ready_for_command:468 - is_ready_for_command(): 狀態寄存器=1100, Ready位=False
2025-07-17 01:04:56 [DEBUG] MotionStateMachine:is_ready_for_command:468 - is_ready_for_command(): 狀態寄存器=1100, Ready位=False
2025-07-17 01:04:56 [DEBUG] MotionStateMachine:is_ready_for_command:468 - is_ready_for_command(): 狀態寄存器=1100, Ready位=False
2025-07-17 01:04:56 [DEBUG] MotionStateMachine:is_ready_for_command:468 - is_ready_for_command(): 狀態寄存器=1100, Ready位=False
2025-07-17 01:04:56 [DEBUG] MotionStateMachine:is_ready_for_command:468 - is_ready_for_command(): 狀態寄存器=1100, Ready位=False
2025-07-17 01:04:56 [DEBUG] MotionStateMachine:is_ready_for_command:468 - is_ready_for_command(): 狀態寄存器=1100, Ready位=False
2025-07-17 01:04:56 [DEBUG] MotionStateMachine:is_ready_for_command:468 - is_ready_for_command(): 狀態寄存器=1100, Ready位=False
2025-07-17 01:04:56 [DEBUG] MotionStateMachine:is_ready_for_command:468 - is_ready_for_command(): 狀態寄存器=1100, Ready位=False
2025-07-17 01:04:56 [DEBUG] MotionStateMachine:is_ready_for_command:468 - is_ready_for_command(): 狀態寄存器=1100, Ready位=False
2025-07-17 01:04:56 [DEBUG] MotionStateMachine:is_ready_for_command:468 - is_ready_for_command(): 狀態寄存器=1100, Ready位=False
2025-07-17 01:04:56 [DEBUG] MotionStateMachine:is_ready_for_command:468 - is_ready_for_command(): 狀態寄存器=1100, Ready位=False
2025-07-17 01:04:56 [DEBUG] MotionStateMachine:is_ready_for_command:468 - is_ready_for_command(): 狀態寄存器=1100, Ready位=False
2025-07-17 01:04:56 [DEBUG] MotionStateMachine:is_ready_for_command:468 - is_ready_for_command(): 狀態寄存器=1100, Ready位=False
2025-07-17 01:04:56 [DEBUG] MotionStateMachine:is_ready_for_command:468 - is_ready_for_command(): 狀態寄存器=1100, Ready位=False
2025-07-17 01:04:56 [DEBUG] MotionStateMachine:is_ready_for_command:468 - is_ready_for_command(): 狀態寄存器=1100, Ready位=False
2025-07-17 01:04:56 [DEBUG] MotionStateMachine:is_ready_for_command:468 - is_ready_for_command(): 狀態寄存器=1100, Ready位=False
2025-07-17 01:04:56 [DEBUG] MotionStateMachine:is_ready_for_command:468 - is_ready_for_command(): 狀態寄存器=1100, Ready位=False
2025-07-17 01:04:56 [DEBUG] MotionStateMachine:is_ready_for_command:468 - is_ready_for_command(): 狀態寄存器=1100, Ready位=False
2025-07-17 01:04:56 [DEBUG] MotionStateMachine:is_ready_for_command:468 - is_ready_for_command(): 狀態寄存器=1100, Ready位=False
2025-07-17 01:04:56 [DEBUG] MotionStateMachine:is_ready_for_command:468 - is_ready_for_command(): 狀態寄存器=1100, Ready位=False
2025-07-17 01:04:56 [DEBUG] MotionStateMachine:is_ready_for_command:468 - is_ready_for_command(): 狀態寄存器=1100, Ready位=False
2025-07-17 01:04:57 [DEBUG] MotionStateMachine:is_ready_for_command:468 - is_ready_for_command(): 狀態寄存器=1100, Ready位=False
2025-07-17 01:04:57 [DEBUG] MotionStateMachine:is_ready_for_command:468 - is_ready_for_command(): 狀態寄存器=1100, Ready位=False
2025-07-17 01:04:57 [DEBUG] MotionStateMachine:is_ready_for_command:468 - is_ready_for_command(): 狀態寄存器=1100, Ready位=False
2025-07-17 01:04:57 [DEBUG] MotionStateMachine:is_ready_for_command:468 - is_ready_for_command(): 狀態寄存器=1100, Ready位=False
2025-07-17 01:04:57 [DEBUG] MotionStateMachine:is_ready_for_command:468 - is_ready_for_command(): 狀態寄存器=1100, Ready位=False
2025-07-17 01:04:57 [DEBUG] MotionStateMachine:is_ready_for_command:468 - is_ready_for_command(): 狀態寄存器=1100, Ready位=False
2025-07-17 01:04:57 [DEBUG] MotionStateMachine:is_ready_for_command:468 - is_ready_for_command(): 狀態寄存器=1100, Ready位=False
2025-07-17 01:04:57 [DEBUG] MotionStateMachine:is_ready_for_command:468 - is_ready_for_command(): 狀態寄存器=1100, Ready位=False
2025-07-17 01:04:57 [DEBUG] MotionStateMachine:is_ready_for_command:468 - is_ready_for_command(): 狀態寄存器=1100, Ready位=False
2025-07-17 01:04:57 [DEBUG] MotionStateMachine:is_ready_for_command:468 - is_ready_for_command(): 狀態寄存器=1100, Ready位=False
2025-07-17 01:04:57 [DEBUG] MotionStateMachine:is_ready_for_command:468 - is_ready_for_command(): 狀態寄存器=1100, Ready位=False
2025-07-17 01:04:57 [DEBUG] MotionStateMachine:is_ready_for_command:468 - is_ready_for_command(): 狀態寄存器=1100, Ready位=False
2025-07-17 01:04:57 [DEBUG] MotionStateMachine:is_ready_for_command:468 - is_ready_for_command(): 狀態寄存器=1100, Ready位=False
2025-07-17 01:04:57 [DEBUG] MotionStateMachine:is_ready_for_command:468 - is_ready_for_command(): 狀態寄存器=1100, Ready位=False
2025-07-17 01:04:57 [DEBUG] MotionStateMachine:is_ready_for_command:468 - is_ready_for_command(): 狀態寄存器=1100, Ready位=False
2025-07-17 01:04:57 [DEBUG] MotionStateMachine:is_ready_for_command:468 - is_ready_for_command(): 狀態寄存器=1100, Ready位=False
2025-07-17 01:04:57 [DEBUG] MotionStateMachine:is_ready_for_command:468 - is_ready_for_command(): 狀態寄存器=1100, Ready位=False
2025-07-17 01:04:57 [DEBUG] MotionStateMachine:is_ready_for_command:468 - is_ready_for_command(): 狀態寄存器=1100, Ready位=False
2025-07-17 01:04:57 [DEBUG] MotionStateMachine:is_ready_for_command:468 - is_ready_for_command(): 狀態寄存器=1100, Ready位=False
2025-07-17 01:04:57 [DEBUG] MotionStateMachine:is_ready_for_command:468 - is_ready_for_command(): 狀態寄存器=1100, Ready位=False
2025-07-17 01:04:57 [DEBUG] MotionStateMachine:is_ready_for_command:468 - is_ready_for_command(): 狀態寄存器=1100, Ready位=False
2025-07-17 01:04:57 [DEBUG] MotionStateMachine:is_ready_for_command:468 - is_ready_for_command(): 狀態寄存器=1100, Ready位=False
2025-07-17 01:04:57 [DEBUG] MotionStateMachine:is_ready_for_command:468 - is_ready_for_command(): 狀態寄存器=1100, Ready位=False
2025-07-17 01:04:57 [DEBUG] MotionStateMachine:is_ready_for_command:468 - is_ready_for_command(): 狀態寄存器=1100, Ready位=False
2025-07-17 01:04:57 [DEBUG] MotionStateMachine:is_ready_for_command:468 - is_ready_for_command(): 狀態寄存器=1100, Ready位=False
2025-07-17 01:04:57 [DEBUG] MotionStateMachine:is_ready_for_command:468 - is_ready_for_command(): 狀態寄存器=1100, Ready位=False
2025-07-17 01:04:57 [DEBUG] MotionStateMachine:is_ready_for_command:468 - is_ready_for_command(): 狀態寄存器=1100, Ready位=False
2025-07-17 01:04:57 [DEBUG] MotionStateMachine:is_ready_for_command:468 - is_ready_for_command(): 狀態寄存器=1100, Ready位=False
2025-07-17 01:04:57 [DEBUG] MotionStateMachine:is_ready_for_command:468 - is_ready_for_command(): 狀態寄存器=1100, Ready位=False
2025-07-17 01:04:57 [DEBUG] MotionStateMachine:is_ready_for_command:468 - is_ready_for_command(): 狀態寄存器=1100, Ready位=False
2025-07-17 01:04:58 [DEBUG] MotionStateMachine:is_ready_for_command:468 - is_ready_for_command(): 狀態寄存器=1100, Ready位=False
2025-07-17 01:04:58 [DEBUG] MotionStateMachine:is_ready_for_command:468 - is_ready_for_command(): 狀態寄存器=1100, Ready位=False
2025-07-17 01:04:58 [DEBUG] MotionStateMachine:is_ready_for_command:468 - is_ready_for_command(): 狀態寄存器=1100, Ready位=False
2025-07-17 01:04:58 [DEBUG] MotionStateMachine:is_ready_for_command:468 - is_ready_for_command(): 狀態寄存器=1100, Ready位=False
2025-07-17 01:04:58 [DEBUG] MotionStateMachine:is_ready_for_command:468 - is_ready_for_command(): 狀態寄存器=1100, Ready位=False
2025-07-17 01:04:58 [DEBUG] MotionStateMachine:is_ready_for_command:468 - is_ready_for_command(): 狀態寄存器=1100, Ready位=False
2025-07-17 01:04:58 [DEBUG] MotionStateMachine:is_ready_for_command:468 - is_ready_for_command(): 狀態寄存器=1100, Ready位=False
2025-07-17 01:04:58 [DEBUG] MotionStateMachine:is_ready_for_command:468 - is_ready_for_command(): 狀態寄存器=1100, Ready位=False
2025-07-17 01:04:58 [DEBUG] MotionStateMachine:is_ready_for_command:468 - is_ready_for_command(): 狀態寄存器=1100, Ready位=False
2025-07-17 01:04:58 [DEBUG] MotionStateMachine:is_ready_for_command:468 - is_ready_for_command(): 狀態寄存器=1100, Ready位=False
2025-07-17 01:04:58 [DEBUG] MotionStateMachine:is_ready_for_command:468 - is_ready_for_command(): 狀態寄存器=1100, Ready位=False
2025-07-17 01:04:58 [DEBUG] MotionStateMachine:is_ready_for_command:468 - is_ready_for_command(): 狀態寄存器=1100, Ready位=False
2025-07-17 01:04:58 [DEBUG] MotionStateMachine:is_ready_for_command:468 - is_ready_for_command(): 狀態寄存器=1100, Ready位=False
2025-07-17 01:04:58 [DEBUG] MotionStateMachine:is_ready_for_command:468 - is_ready_for_command(): 狀態寄存器=1100, Ready位=False
2025-07-17 01:04:58 [DEBUG] MotionStateMachine:is_ready_for_command:468 - is_ready_for_command(): 狀態寄存器=1100, Ready位=False
2025-07-17 01:04:58 [DEBUG] MotionStateMachine:is_ready_for_command:468 - is_ready_for_command(): 狀態寄存器=1100, Ready位=False
2025-07-17 01:04:58 [DEBUG] MotionStateMachine:is_ready_for_command:468 - is_ready_for_command(): 狀態寄存器=1100, Ready位=False
2025-07-17 01:04:58 [DEBUG] MotionStateMachine:is_ready_for_command:468 - is_ready_for_command(): 狀態寄存器=1100, Ready位=False
2025-07-17 01:04:58 [DEBUG] MotionStateMachine:is_ready_for_command:468 - is_ready_for_command(): 狀態寄存器=1100, Ready位=False
2025-07-17 01:04:58 [DEBUG] MotionStateMachine:is_ready_for_command:468 - is_ready_for_command(): 狀態寄存器=1100, Ready位=False
2025-07-17 01:04:58 [DEBUG] MotionStateMachine:is_ready_for_command:468 - is_ready_for_command(): 狀態寄存器=1100, Ready位=False
2025-07-17 01:04:58 [DEBUG] MotionStateMachine:is_ready_for_command:468 - is_ready_for_command(): 狀態寄存器=1100, Ready位=False
2025-07-17 01:04:58 [DEBUG] MotionStateMachine:is_ready_for_command:468 - is_ready_for_command(): 狀態寄存器=1100, Ready位=False
2025-07-17 01:04:58 [DEBUG] MotionStateMachine:is_ready_for_command:468 - is_ready_for_command(): 狀態寄存器=1100, Ready位=False
2025-07-17 01:04:58 [DEBUG] MotionStateMachine:is_ready_for_command:468 - is_ready_for_command(): 狀態寄存器=1100, Ready位=False
2025-07-17 01:04:58 [DEBUG] MotionStateMachine:is_ready_for_command:468 - is_ready_for_command(): 狀態寄存器=1100, Ready位=False
2025-07-17 01:04:59 [DEBUG] MotionStateMachine:is_ready_for_command:468 - is_ready_for_command(): 狀態寄存器=1100, Ready位=False
2025-07-17 01:04:59 [DEBUG] MotionStateMachine:is_ready_for_command:468 - is_ready_for_command(): 狀態寄存器=1100, Ready位=False
2025-07-17 01:04:59 [DEBUG] MotionStateMachine:is_ready_for_command:468 - is_ready_for_command(): 狀態寄存器=1100, Ready位=False
2025-07-17 01:04:59 [DEBUG] MotionStateMachine:is_ready_for_command:468 - is_ready_for_command(): 狀態寄存器=1100, Ready位=False
2025-07-17 01:04:59 [DEBUG] MotionStateMachine:is_ready_for_command:468 - is_ready_for_command(): 狀態寄存器=1100, Ready位=False
2025-07-17 01:04:59 [DEBUG] MotionStateMachine:is_ready_for_command:468 - is_ready_for_command(): 狀態寄存器=1100, Ready位=False
2025-07-17 01:04:59 [DEBUG] MotionStateMachine:is_ready_for_command:468 - is_ready_for_command(): 狀態寄存器=1100, Ready位=False
2025-07-17 01:04:59 [DEBUG] MotionStateMachine:is_ready_for_command:468 - is_ready_for_command(): 狀態寄存器=1100, Ready位=False
2025-07-17 01:04:59 [DEBUG] MotionStateMachine:is_ready_for_command:468 - is_ready_for_command(): 狀態寄存器=1100, Ready位=False
2025-07-17 01:04:59 [DEBUG] MotionStateMachine:is_ready_for_command:468 - is_ready_for_command(): 狀態寄存器=1100, Ready位=False
2025-07-17 01:04:59 [DEBUG] MotionStateMachine:is_ready_for_command:468 - is_ready_for_command(): 狀態寄存器=1100, Ready位=False
2025-07-17 01:04:59 [DEBUG] MotionStateMachine:is_ready_for_command:468 - is_ready_for_command(): 狀態寄存器=1100, Ready位=False
2025-07-17 01:04:59 [DEBUG] MotionStateMachine:is_ready_for_command:468 - is_ready_for_command(): 狀態寄存器=1100, Ready位=False
2025-07-17 01:04:59 [DEBUG] MotionStateMachine:is_ready_for_command:468 - is_ready_for_command(): 狀態寄存器=1100, Ready位=False
2025-07-17 01:04:59 [DEBUG] MotionStateMachine:is_ready_for_command:468 - is_ready_for_command(): 狀態寄存器=1100, Ready位=False
2025-07-17 01:04:59 [DEBUG] MotionStateMachine:is_ready_for_command:468 - is_ready_for_command(): 狀態寄存器=1100, Ready位=False
2025-07-17 01:04:59 [DEBUG] MotionStateMachine:is_ready_for_command:468 - is_ready_for_command(): 狀態寄存器=1100, Ready位=False
2025-07-17 01:04:59 [DEBUG] MotionStateMachine:is_ready_for_command:468 - is_ready_for_command(): 狀態寄存器=1100, Ready位=False
2025-07-17 01:04:59 [DEBUG] MotionStateMachine:is_ready_for_command:468 - is_ready_for_command(): 狀態寄存器=1100, Ready位=False
2025-07-17 01:04:59 [DEBUG] MotionStateMachine:is_ready_for_command:468 - is_ready_for_command(): 狀態寄存器=1100, Ready位=False
2025-07-17 01:04:59 [DEBUG] MotionStateMachine:is_ready_for_command:468 - is_ready_for_command(): 狀態寄存器=1100, Ready位=False
2025-07-17 01:04:59 [DEBUG] MotionStateMachine:is_ready_for_command:468 - is_ready_for_command(): 狀態寄存器=1100, Ready位=False
2025-07-17 01:04:59 [DEBUG] MotionStateMachine:is_ready_for_command:468 - is_ready_for_command(): 狀態寄存器=1100, Ready位=False
2025-07-17 01:04:59 [DEBUG] MotionStateMachine:is_ready_for_command:468 - is_ready_for_command(): 狀態寄存器=1100, Ready位=False
2025-07-17 01:04:59 [DEBUG] MotionStateMachine:is_ready_for_command:468 - is_ready_for_command(): 狀態寄存器=1100, Ready位=False
2025-07-17 01:04:59 [DEBUG] MotionStateMachine:is_ready_for_command:468 - is_ready_for_command(): 狀態寄存器=1100, Ready位=False
2025-07-17 01:05:00 [DEBUG] MotionStateMachine:is_ready_for_command:468 - is_ready_for_command(): 狀態寄存器=1100, Ready位=False
2025-07-17 01:05:00 [DEBUG] MotionStateMachine:is_ready_for_command:468 - is_ready_for_command(): 狀態寄存器=1100, Ready位=False
2025-07-17 01:05:00 [DEBUG] MotionStateMachine:is_ready_for_command:468 - is_ready_for_command(): 狀態寄存器=1100, Ready位=False
2025-07-17 01:05:00 [DEBUG] MotionStateMachine:is_ready_for_command:468 - is_ready_for_command(): 狀態寄存器=1100, Ready位=False
2025-07-17 01:05:00 [DEBUG] MotionStateMachine:is_ready_for_command:468 - is_ready_for_command(): 狀態寄存器=1100, Ready位=False
2025-07-17 01:05:00 [DEBUG] MotionStateMachine:is_ready_for_command:468 - is_ready_for_command(): 狀態寄存器=1100, Ready位=False
2025-07-17 01:05:00 [DEBUG] MotionStateMachine:is_ready_for_command:468 - is_ready_for_command(): 狀態寄存器=1100, Ready位=False
2025-07-17 01:05:00 [DEBUG] MotionStateMachine:is_ready_for_command:468 - is_ready_for_command(): 狀態寄存器=1100, Ready位=False
2025-07-17 01:05:00 [DEBUG] MotionStateMachine:is_ready_for_command:468 - is_ready_for_command(): 狀態寄存器=1100, Ready位=False
2025-07-17 01:05:00 [DEBUG] MotionStateMachine:is_ready_for_command:468 - is_ready_for_command(): 狀態寄存器=1100, Ready位=False
2025-07-17 01:05:00 [DEBUG] MotionStateMachine:is_ready_for_command:468 - is_ready_for_command(): 狀態寄存器=1100, Ready位=False
2025-07-17 01:05:00 [DEBUG] MotionStateMachine:is_ready_for_command:468 - is_ready_for_command(): 狀態寄存器=1100, Ready位=False
2025-07-17 01:05:00 [DEBUG] MotionStateMachine:is_ready_for_command:468 - is_ready_for_command(): 狀態寄存器=1100, Ready位=False
2025-07-17 01:05:00 [DEBUG] MotionStateMachine:is_ready_for_command:468 - is_ready_for_command(): 狀態寄存器=1100, Ready位=False
2025-07-17 01:05:00 [DEBUG] MotionStateMachine:is_ready_for_command:468 - is_ready_for_command(): 狀態寄存器=1100, Ready位=False
2025-07-17 01:05:00 [DEBUG] MotionStateMachine:is_ready_for_command:468 - is_ready_for_command(): 狀態寄存器=1100, Ready位=False
2025-07-17 01:05:00 [DEBUG] MotionStateMachine:is_ready_for_command:468 - is_ready_for_command(): 狀態寄存器=1100, Ready位=False
2025-07-17 01:05:00 [DEBUG] MotionStateMachine:is_ready_for_command:468 - is_ready_for_command(): 狀態寄存器=1100, Ready位=False
2025-07-17 01:05:00 [DEBUG] MotionStateMachine:is_ready_for_command:468 - is_ready_for_command(): 狀態寄存器=1100, Ready位=False
2025-07-17 01:05:00 [DEBUG] MotionStateMachine:is_ready_for_command:468 - is_ready_for_command(): 狀態寄存器=1100, Ready位=False
2025-07-17 01:05:00 [DEBUG] MotionStateMachine:is_ready_for_command:468 - is_ready_for_command(): 狀態寄存器=1100, Ready位=False
2025-07-17 01:05:00 [DEBUG] MotionStateMachine:is_ready_for_command:468 - is_ready_for_command(): 狀態寄存器=1100, Ready位=False
2025-07-17 01:05:00 [DEBUG] MotionStateMachine:is_ready_for_command:468 - is_ready_for_command(): 狀態寄存器=1100, Ready位=False
2025-07-17 01:05:00 [DEBUG] MotionStateMachine:is_ready_for_command:468 - is_ready_for_command(): 狀態寄存器=1100, Ready位=False
2025-07-17 01:05:00 [DEBUG] MotionStateMachine:is_ready_for_command:468 - is_ready_for_command(): 狀態寄存器=1100, Ready位=False
2025-07-17 01:05:00 [DEBUG] MotionStateMachine:is_ready_for_command:468 - is_ready_for_command(): 狀態寄存器=1100, Ready位=False
2025-07-17 01:05:00 [DEBUG] MotionStateMachine:is_ready_for_command:468 - is_ready_for_command(): 狀態寄存器=1100, Ready位=False
2025-07-17 01:05:00 [DEBUG] MotionStateMachine:is_ready_for_command:468 - is_ready_for_command(): 狀態寄存器=1100, Ready位=False
2025-07-17 01:05:00 [DEBUG] MotionStateMachine:is_ready_for_command:468 - is_ready_for_command(): 狀態寄存器=1100, Ready位=False
2025-07-17 01:05:00 [DEBUG] MotionStateMachine:is_ready_for_command:468 - is_ready_for_command(): 狀態寄存器=1100, Ready位=False
2025-07-17 01:05:00 [DEBUG] MotionStateMachine:is_ready_for_command:468 - is_ready_for_command(): 狀態寄存器=1100, Ready位=False
2025-07-17 01:05:00 [DEBUG] MotionStateMachine:is_ready_for_command:468 - is_ready_for_command(): 狀態寄存器=1100, Ready位=False
2025-07-17 01:05:00 [DEBUG] MotionStateMachine:is_ready_for_command:468 - is_ready_for_command(): 狀態寄存器=1100, Ready位=False
2025-07-17 01:05:01 [DEBUG] MotionStateMachine:is_ready_for_command:468 - is_ready_for_command(): 狀態寄存器=1100, Ready位=False
2025-07-17 01:05:01 [DEBUG] MotionStateMachine:is_ready_for_command:468 - is_ready_for_command(): 狀態寄存器=1100, Ready位=False
2025-07-17 01:05:01 [DEBUG] MotionStateMachine:is_ready_for_command:468 - is_ready_for_command(): 狀態寄存器=1100, Ready位=False
2025-07-17 01:05:01 [DEBUG] MotionStateMachine:is_ready_for_command:468 - is_ready_for_command(): 狀態寄存器=1100, Ready位=False
2025-07-17 01:05:01 [DEBUG] MotionStateMachine:is_ready_for_command:468 - is_ready_for_command(): 狀態寄存器=1100, Ready位=False
2025-07-17 01:05:01 [DEBUG] MotionStateMachine:is_ready_for_command:468 - is_ready_for_command(): 狀態寄存器=1100, Ready位=False
2025-07-17 01:05:01 [DEBUG] MotionStateMachine:is_ready_for_command:468 - is_ready_for_command(): 狀態寄存器=1100, Ready位=False
2025-07-17 01:05:01 [DEBUG] MotionStateMachine:is_ready_for_command:468 - is_ready_for_command(): 狀態寄存器=1100, Ready位=False
2025-07-17 01:05:01 [DEBUG] MotionStateMachine:is_ready_for_command:468 - is_ready_for_command(): 狀態寄存器=1100, Ready位=False
2025-07-17 01:05:01 [DEBUG] MotionStateMachine:is_ready_for_command:468 - is_ready_for_command(): 狀態寄存器=1100, Ready位=False
2025-07-17 01:05:01 [DEBUG] MotionStateMachine:is_ready_for_command:468 - is_ready_for_command(): 狀態寄存器=1100, Ready位=False
2025-07-17 01:05:01 [DEBUG] MotionStateMachine:is_ready_for_command:468 - is_ready_for_command(): 狀態寄存器=1100, Ready位=False
2025-07-17 01:05:01 [DEBUG] MotionStateMachine:is_ready_for_command:468 - is_ready_for_command(): 狀態寄存器=1100, Ready位=False
2025-07-17 01:05:01 [DEBUG] MotionStateMachine:is_ready_for_command:468 - is_ready_for_command(): 狀態寄存器=1100, Ready位=False
2025-07-17 01:05:01 [DEBUG] MotionStateMachine:is_ready_for_command:468 - is_ready_for_command(): 狀態寄存器=1100, Ready位=False
2025-07-17 01:05:01 [DEBUG] MotionStateMachine:is_ready_for_command:468 - is_ready_for_command(): 狀態寄存器=1100, Ready位=False
2025-07-17 01:05:01 [DEBUG] MotionStateMachine:is_ready_for_command:468 - is_ready_for_command(): 狀態寄存器=1100, Ready位=False
2025-07-17 01:05:01 [DEBUG] MotionStateMachine:is_ready_for_command:468 - is_ready_for_command(): 狀態寄存器=1100, Ready位=False
2025-07-17 01:05:01 [DEBUG] MotionStateMachine:is_ready_for_command:468 - is_ready_for_command(): 狀態寄存器=1100, Ready位=False
2025-07-17 01:05:01 [DEBUG] MotionStateMachine:is_ready_for_command:468 - is_ready_for_command(): 狀態寄存器=1100, Ready位=False
2025-07-17 01:05:01 [DEBUG] MotionStateMachine:is_ready_for_command:468 - is_ready_for_command(): 狀態寄存器=1100, Ready位=False
2025-07-17 01:05:01 [DEBUG] MotionStateMachine:is_ready_for_command:468 - is_ready_for_command(): 狀態寄存器=1100, Ready位=False
2025-07-17 01:05:01 [DEBUG] MotionStateMachine:is_ready_for_command:468 - is_ready_for_command(): 狀態寄存器=1100, Ready位=False
2025-07-17 01:05:01 [DEBUG] MotionStateMachine:is_ready_for_command:468 - is_ready_for_command(): 狀態寄存器=1100, Ready位=False
2025-07-17 01:05:01 [DEBUG] MotionStateMachine:is_ready_for_command:468 - is_ready_for_command(): 狀態寄存器=1100, Ready位=False
2025-07-17 01:05:01 [DEBUG] MotionStateMachine:is_ready_for_command:468 - is_ready_for_command(): 狀態寄存器=1100, Ready位=False
2025-07-17 01:05:01 [DEBUG] MotionStateMachine:is_ready_for_command:468 - is_ready_for_command(): 狀態寄存器=1100, Ready位=False
2025-07-17 01:05:01 [DEBUG] MotionStateMachine:is_ready_for_command:468 - is_ready_for_command(): 狀態寄存器=1100, Ready位=False
2025-07-17 01:05:01 [DEBUG] MotionStateMachine:is_ready_for_command:468 - is_ready_for_command(): 狀態寄存器=1100, Ready位=False
2025-07-17 01:05:01 [DEBUG] MotionStateMachine:is_ready_for_command:468 - is_ready_for_command(): 狀態寄存器=1100, Ready位=False
2025-07-17 01:05:02 [DEBUG] MotionStateMachine:is_ready_for_command:468 - is_ready_for_command(): 狀態寄存器=1100, Ready位=False
2025-07-17 01:05:02 [DEBUG] MotionStateMachine:is_ready_for_command:468 - is_ready_for_command(): 狀態寄存器=1100, Ready位=False
2025-07-17 01:05:02 [DEBUG] MotionStateMachine:is_ready_for_command:468 - is_ready_for_command(): 狀態寄存器=1100, Ready位=False
2025-07-17 01:05:02 [DEBUG] MotionStateMachine:is_ready_for_command:468 - is_ready_for_command(): 狀態寄存器=1100, Ready位=False
2025-07-17 01:05:02 [DEBUG] MotionStateMachine:is_ready_for_command:468 - is_ready_for_command(): 狀態寄存器=1100, Ready位=False
2025-07-17 01:05:02 [DEBUG] MotionStateMachine:is_ready_for_command:468 - is_ready_for_command(): 狀態寄存器=1100, Ready位=False
2025-07-17 01:05:02 [DEBUG] MotionStateMachine:is_ready_for_command:468 - is_ready_for_command(): 狀態寄存器=1100, Ready位=False
2025-07-17 01:05:02 [DEBUG] MotionStateMachine:is_ready_for_command:468 - is_ready_for_command(): 狀態寄存器=1100, Ready位=False
2025-07-17 01:05:02 [DEBUG] MotionStateMachine:is_ready_for_command:468 - is_ready_for_command(): 狀態寄存器=1100, Ready位=False
2025-07-17 01:05:02 [DEBUG] MotionStateMachine:is_ready_for_command:468 - is_ready_for_command(): 狀態寄存器=1100, Ready位=False
2025-07-17 01:05:02 [DEBUG] MotionStateMachine:is_ready_for_command:468 - is_ready_for_command(): 狀態寄存器=1100, Ready位=False
2025-07-17 01:05:02 [DEBUG] MotionStateMachine:is_ready_for_command:468 - is_ready_for_command(): 狀態寄存器=1100, Ready位=False
2025-07-17 01:05:02 [DEBUG] MotionStateMachine:is_ready_for_command:468 - is_ready_for_command(): 狀態寄存器=1100, Ready位=False
2025-07-17 01:05:02 [DEBUG] MotionStateMachine:is_ready_for_command:468 - is_ready_for_command(): 狀態寄存器=1100, Ready位=False
2025-07-17 01:05:02 [DEBUG] MotionStateMachine:is_ready_for_command:468 - is_ready_for_command(): 狀態寄存器=1100, Ready位=False
2025-07-17 01:05:02 [DEBUG] MotionStateMachine:is_ready_for_command:468 - is_ready_for_command(): 狀態寄存器=1100, Ready位=False
2025-07-17 01:05:02 [DEBUG] MotionStateMachine:is_ready_for_command:468 - is_ready_for_command(): 狀態寄存器=1100, Ready位=False
2025-07-17 01:05:02 [DEBUG] MotionStateMachine:is_ready_for_command:468 - is_ready_for_command(): 狀態寄存器=1100, Ready位=False
2025-07-17 01:05:02 [DEBUG] MotionStateMachine:is_ready_for_command:468 - is_ready_for_command(): 狀態寄存器=1100, Ready位=False
2025-07-17 01:05:02 [DEBUG] MotionStateMachine:is_ready_for_command:468 - is_ready_for_command(): 狀態寄存器=1100, Ready位=False
2025-07-17 01:05:02 [DEBUG] MotionStateMachine:is_ready_for_command:468 - is_ready_for_command(): 狀態寄存器=1100, Ready位=False
2025-07-17 01:05:02 [DEBUG] MotionStateMachine:is_ready_for_command:468 - is_ready_for_command(): 狀態寄存器=1100, Ready位=False
2025-07-17 01:05:02 [DEBUG] MotionStateMachine:is_ready_for_command:468 - is_ready_for_command(): 狀態寄存器=1100, Ready位=False
2025-07-17 01:05:02 [DEBUG] MotionStateMachine:is_ready_for_command:468 - is_ready_for_command(): 狀態寄存器=1100, Ready位=False
2025-07-17 01:05:02 [DEBUG] MotionStateMachine:is_ready_for_command:468 - is_ready_for_command(): 狀態寄存器=1100, Ready位=False
2025-07-17 01:05:02 [DEBUG] MotionStateMachine:is_ready_for_command:468 - is_ready_for_command(): 狀態寄存器=1100, Ready位=False
2025-07-17 01:05:02 [DEBUG] MotionStateMachine:is_ready_for_command:468 - is_ready_for_command(): 狀態寄存器=1100, Ready位=False
2025-07-17 01:05:03 [DEBUG] MotionStateMachine:is_ready_for_command:468 - is_ready_for_command(): 狀態寄存器=1100, Ready位=False
2025-07-17 01:05:03 [DEBUG] MotionStateMachine:is_ready_for_command:468 - is_ready_for_command(): 狀態寄存器=1100, Ready位=False
2025-07-17 01:05:03 [DEBUG] MotionStateMachine:is_ready_for_command:468 - is_ready_for_command(): 狀態寄存器=1100, Ready位=False
2025-07-17 01:05:03 [DEBUG] MotionStateMachine:is_ready_for_command:468 - is_ready_for_command(): 狀態寄存器=1100, Ready位=False
2025-07-17 01:05:03 [DEBUG] MotionStateMachine:is_ready_for_command:468 - is_ready_for_command(): 狀態寄存器=1100, Ready位=False
2025-07-17 01:05:03 [DEBUG] MotionStateMachine:is_ready_for_command:468 - is_ready_for_command(): 狀態寄存器=1100, Ready位=False
2025-07-17 01:05:03 [DEBUG] MotionStateMachine:is_ready_for_command:468 - is_ready_for_command(): 狀態寄存器=1100, Ready位=False
2025-07-17 01:05:03 [DEBUG] MotionStateMachine:is_ready_for_command:468 - is_ready_for_command(): 狀態寄存器=1100, Ready位=False
2025-07-17 01:05:03 [DEBUG] MotionStateMachine:is_ready_for_command:468 - is_ready_for_command(): 狀態寄存器=1100, Ready位=False
2025-07-17 01:05:03 [DEBUG] MotionStateMachine:is_ready_for_command:468 - is_ready_for_command(): 狀態寄存器=1100, Ready位=False
2025-07-17 01:05:03 [DEBUG] MotionStateMachine:is_ready_for_command:468 - is_ready_for_command(): 狀態寄存器=1100, Ready位=False
2025-07-17 01:05:03 [DEBUG] MotionStateMachine:is_ready_for_command:468 - is_ready_for_command(): 狀態寄存器=1100, Ready位=False
2025-07-17 01:05:03 [DEBUG] MotionStateMachine:is_ready_for_command:468 - is_ready_for_command(): 狀態寄存器=1100, Ready位=False
2025-07-17 01:05:03 [DEBUG] MotionStateMachine:is_ready_for_command:468 - is_ready_for_command(): 狀態寄存器=1100, Ready位=False
2025-07-17 01:05:03 [DEBUG] MotionStateMachine:is_ready_for_command:468 - is_ready_for_command(): 狀態寄存器=1100, Ready位=False
2025-07-17 01:05:03 [DEBUG] MotionStateMachine:is_ready_for_command:468 - is_ready_for_command(): 狀態寄存器=1100, Ready位=False
2025-07-17 01:05:03 [DEBUG] MotionStateMachine:is_ready_for_command:468 - is_ready_for_command(): 狀態寄存器=1100, Ready位=False
2025-07-17 01:05:03 [DEBUG] MotionStateMachine:is_ready_for_command:468 - is_ready_for_command(): 狀態寄存器=1100, Ready位=False
2025-07-17 01:05:03 [DEBUG] MotionStateMachine:is_ready_for_command:468 - is_ready_for_command(): 狀態寄存器=1100, Ready位=False
2025-07-17 01:05:03 [DEBUG] MotionStateMachine:is_ready_for_command:468 - is_ready_for_command(): 狀態寄存器=1100, Ready位=False
2025-07-17 01:05:03 [DEBUG] MotionStateMachine:is_ready_for_command:468 - is_ready_for_command(): 狀態寄存器=1100, Ready位=False
2025-07-17 01:05:03 [DEBUG] MotionStateMachine:is_ready_for_command:468 - is_ready_for_command(): 狀態寄存器=1100, Ready位=False
2025-07-17 01:05:03 [DEBUG] MotionStateMachine:is_ready_for_command:468 - is_ready_for_command(): 狀態寄存器=1100, Ready位=False
2025-07-17 01:05:03 [DEBUG] MotionStateMachine:is_ready_for_command:468 - is_ready_for_command(): 狀態寄存器=1100, Ready位=False
2025-07-17 01:05:03 [DEBUG] MotionStateMachine:is_ready_for_command:468 - is_ready_for_command(): 狀態寄存器=1100, Ready位=False
2025-07-17 01:05:03 [DEBUG] MotionStateMachine:is_ready_for_command:468 - is_ready_for_command(): 狀態寄存器=1100, Ready位=False
2025-07-17 01:05:03 [DEBUG] MotionStateMachine:is_ready_for_command:468 - is_ready_for_command(): 狀態寄存器=1100, Ready位=False
2025-07-17 01:05:04 [DEBUG] MotionStateMachine:is_ready_for_command:468 - is_ready_for_command(): 狀態寄存器=1100, Ready位=False
2025-07-17 01:05:04 [DEBUG] MotionStateMachine:is_ready_for_command:468 - is_ready_for_command(): 狀態寄存器=1100, Ready位=False
2025-07-17 01:05:04 [DEBUG] MotionStateMachine:is_ready_for_command:468 - is_ready_for_command(): 狀態寄存器=1100, Ready位=False
2025-07-17 01:05:04 [DEBUG] MotionStateMachine:is_ready_for_command:468 - is_ready_for_command(): 狀態寄存器=1100, Ready位=False
2025-07-17 01:05:04 [DEBUG] MotionStateMachine:is_ready_for_command:468 - is_ready_for_command(): 狀態寄存器=1100, Ready位=False
2025-07-17 01:05:04 [DEBUG] MotionStateMachine:is_ready_for_command:468 - is_ready_for_command(): 狀態寄存器=1100, Ready位=False
2025-07-17 01:05:04 [DEBUG] MotionStateMachine:is_ready_for_command:468 - is_ready_for_command(): 狀態寄存器=1100, Ready位=False
2025-07-17 01:05:04 [DEBUG] MotionStateMachine:is_ready_for_command:468 - is_ready_for_command(): 狀態寄存器=1100, Ready位=False
2025-07-17 01:05:04 [DEBUG] MotionStateMachine:is_ready_for_command:468 - is_ready_for_command(): 狀態寄存器=1100, Ready位=False
2025-07-17 01:05:04 [DEBUG] MotionStateMachine:is_ready_for_command:468 - is_ready_for_command(): 狀態寄存器=1100, Ready位=False
2025-07-17 01:05:04 [DEBUG] MotionStateMachine:is_ready_for_command:468 - is_ready_for_command(): 狀態寄存器=1100, Ready位=False
2025-07-17 01:05:04 [DEBUG] MotionStateMachine:is_ready_for_command:468 - is_ready_for_command(): 狀態寄存器=1100, Ready位=False
2025-07-17 01:05:04 [DEBUG] MotionStateMachine:is_ready_for_command:468 - is_ready_for_command(): 狀態寄存器=1100, Ready位=False
2025-07-17 01:05:04 [DEBUG] MotionStateMachine:is_ready_for_command:468 - is_ready_for_command(): 狀態寄存器=1100, Ready位=False
2025-07-17 01:05:04 [DEBUG] MotionStateMachine:is_ready_for_command:468 - is_ready_for_command(): 狀態寄存器=1100, Ready位=False
2025-07-17 01:05:04 [DEBUG] MotionStateMachine:is_ready_for_command:468 - is_ready_for_command(): 狀態寄存器=1100, Ready位=False
2025-07-17 01:05:04 [DEBUG] MotionStateMachine:is_ready_for_command:468 - is_ready_for_command(): 狀態寄存器=1100, Ready位=False
2025-07-17 01:05:04 [DEBUG] MotionStateMachine:is_ready_for_command:468 - is_ready_for_command(): 狀態寄存器=1100, Ready位=False
2025-07-17 01:05:04 [DEBUG] MotionStateMachine:is_ready_for_command:468 - is_ready_for_command(): 狀態寄存器=1100, Ready位=False
2025-07-17 01:05:04 [DEBUG] MotionStateMachine:is_ready_for_command:468 - is_ready_for_command(): 狀態寄存器=1100, Ready位=False
2025-07-17 01:05:04 [DEBUG] MotionStateMachine:is_ready_for_command:468 - is_ready_for_command(): 狀態寄存器=1100, Ready位=False
2025-07-17 01:05:04 [DEBUG] MotionStateMachine:is_ready_for_command:468 - is_ready_for_command(): 狀態寄存器=1100, Ready位=False
2025-07-17 01:05:04 [DEBUG] MotionStateMachine:is_ready_for_command:468 - is_ready_for_command(): 狀態寄存器=1100, Ready位=False
2025-07-17 01:05:04 [DEBUG] MotionStateMachine:is_ready_for_command:468 - is_ready_for_command(): 狀態寄存器=1100, Ready位=False
2025-07-17 01:05:04 [DEBUG] MotionStateMachine:is_ready_for_command:468 - is_ready_for_command(): 狀態寄存器=1100, Ready位=False
2025-07-17 01:05:04 [DEBUG] MotionStateMachine:is_ready_for_command:468 - is_ready_for_command(): 狀態寄存器=1100, Ready位=False
2025-07-17 01:05:04 [DEBUG] MotionStateMachine:is_ready_for_command:468 - is_ready_for_command(): 狀態寄存器=1100, Ready位=False
2025-07-17 01:05:04 [DEBUG] MotionStateMachine:is_ready_for_command:468 - is_ready_for_command(): 狀態寄存器=1100, Ready位=False
2025-07-17 01:05:04 [DEBUG] MotionStateMachine:is_ready_for_command:468 - is_ready_for_command(): 狀態寄存器=1100, Ready位=False
2025-07-17 01:05:04 [DEBUG] MotionStateMachine:is_ready_for_command:468 - is_ready_for_command(): 狀態寄存器=1100, Ready位=False
2025-07-17 01:05:04 [DEBUG] MotionStateMachine:is_ready_for_command:468 - is_ready_for_command(): 狀態寄存器=1100, Ready位=False
2025-07-17 01:05:04 [DEBUG] MotionStateMachine:is_ready_for_command:468 - is_ready_for_command(): 狀態寄存器=1100, Ready位=False
2025-07-17 01:05:05 [DEBUG] MotionStateMachine:is_ready_for_command:468 - is_ready_for_command(): 狀態寄存器=1100, Ready位=False
2025-07-17 01:05:05 [DEBUG] MotionStateMachine:is_ready_for_command:468 - is_ready_for_command(): 狀態寄存器=1100, Ready位=False
2025-07-17 01:05:05 [DEBUG] MotionStateMachine:is_ready_for_command:468 - is_ready_for_command(): 狀態寄存器=1100, Ready位=False
2025-07-17 01:05:05 [DEBUG] MotionStateMachine:is_ready_for_command:468 - is_ready_for_command(): 狀態寄存器=1100, Ready位=False
2025-07-17 01:05:05 [DEBUG] MotionStateMachine:is_ready_for_command:468 - is_ready_for_command(): 狀態寄存器=1100, Ready位=False
2025-07-17 01:05:05 [DEBUG] MotionStateMachine:is_ready_for_command:468 - is_ready_for_command(): 狀態寄存器=1100, Ready位=False
2025-07-17 01:05:05 [DEBUG] MotionStateMachine:is_ready_for_command:468 - is_ready_for_command(): 狀態寄存器=1100, Ready位=False
2025-07-17 01:05:05 [DEBUG] MotionStateMachine:is_ready_for_command:468 - is_ready_for_command(): 狀態寄存器=1100, Ready位=False
2025-07-17 01:05:05 [DEBUG] MotionStateMachine:is_ready_for_command:468 - is_ready_for_command(): 狀態寄存器=1100, Ready位=False
2025-07-17 01:05:05 [DEBUG] MotionStateMachine:is_ready_for_command:468 - is_ready_for_command(): 狀態寄存器=1100, Ready位=False
2025-07-17 01:05:05 [DEBUG] MotionStateMachine:is_ready_for_command:468 - is_ready_for_command(): 狀態寄存器=1100, Ready位=False
2025-07-17 01:05:05 [DEBUG] MotionStateMachine:is_ready_for_command:468 - is_ready_for_command(): 狀態寄存器=1100, Ready位=False
2025-07-17 01:05:05 [DEBUG] MotionStateMachine:is_ready_for_command:468 - is_ready_for_command(): 狀態寄存器=1100, Ready位=False
2025-07-17 01:05:05 [DEBUG] MotionStateMachine:is_ready_for_command:468 - is_ready_for_command(): 狀態寄存器=1100, Ready位=False
2025-07-17 01:05:05 [DEBUG] MotionStateMachine:is_ready_for_command:468 - is_ready_for_command(): 狀態寄存器=1100, Ready位=False
2025-07-17 01:05:05 [DEBUG] MotionStateMachine:is_ready_for_command:468 - is_ready_for_command(): 狀態寄存器=1100, Ready位=False
2025-07-17 01:05:05 [DEBUG] MotionStateMachine:is_ready_for_command:468 - is_ready_for_command(): 狀態寄存器=1100, Ready位=False
2025-07-17 01:05:05 [DEBUG] MotionStateMachine:is_ready_for_command:468 - is_ready_for_command(): 狀態寄存器=1100, Ready位=False
2025-07-17 01:05:05 [DEBUG] MotionStateMachine:is_ready_for_command:468 - is_ready_for_command(): 狀態寄存器=1100, Ready位=False
2025-07-17 01:05:05 [DEBUG] MotionStateMachine:is_ready_for_command:468 - is_ready_for_command(): 狀態寄存器=1100, Ready位=False
2025-07-17 01:05:05 [DEBUG] MotionStateMachine:is_ready_for_command:468 - is_ready_for_command(): 狀態寄存器=1100, Ready位=False
2025-07-17 01:05:05 [DEBUG] MotionStateMachine:is_ready_for_command:468 - is_ready_for_command(): 狀態寄存器=1100, Ready位=False
2025-07-17 01:05:05 [DEBUG] MotionStateMachine:is_ready_for_command:468 - is_ready_for_command(): 狀態寄存器=1100, Ready位=False
2025-07-17 01:05:05 [DEBUG] MotionStateMachine:is_ready_for_command:468 - is_ready_for_command(): 狀態寄存器=1100, Ready位=False
2025-07-17 01:05:05 [DEBUG] MotionStateMachine:is_ready_for_command:468 - is_ready_for_command(): 狀態寄存器=1100, Ready位=False
2025-07-17 01:05:05 [DEBUG] MotionStateMachine:is_ready_for_command:468 - is_ready_for_command(): 狀態寄存器=1100, Ready位=False
2025-07-17 01:05:06 [DEBUG] MotionStateMachine:is_ready_for_command:468 - is_ready_for_command(): 狀態寄存器=1100, Ready位=False
2025-07-17 01:05:06 [DEBUG] MotionStateMachine:is_ready_for_command:468 - is_ready_for_command(): 狀態寄存器=1100, Ready位=False
2025-07-17 01:05:06 [DEBUG] MotionStateMachine:is_ready_for_command:468 - is_ready_for_command(): 狀態寄存器=1100, Ready位=False
2025-07-17 01:05:06 [DEBUG] MotionStateMachine:is_ready_for_command:468 - is_ready_for_command(): 狀態寄存器=1100, Ready位=False
2025-07-17 01:05:06 [DEBUG] MotionStateMachine:is_ready_for_command:468 - is_ready_for_command(): 狀態寄存器=1100, Ready位=False
2025-07-17 01:05:06 [DEBUG] MotionStateMachine:is_ready_for_command:468 - is_ready_for_command(): 狀態寄存器=1100, Ready位=False
2025-07-17 01:05:06 [DEBUG] MotionStateMachine:is_ready_for_command:468 - is_ready_for_command(): 狀態寄存器=1100, Ready位=False
2025-07-17 01:05:06 [DEBUG] MotionStateMachine:is_ready_for_command:468 - is_ready_for_command(): 狀態寄存器=1100, Ready位=False
2025-07-17 01:05:06 [DEBUG] MotionStateMachine:is_ready_for_command:468 - is_ready_for_command(): 狀態寄存器=1100, Ready位=False
2025-07-17 01:05:06 [DEBUG] MotionStateMachine:is_ready_for_command:468 - is_ready_for_command(): 狀態寄存器=1100, Ready位=False
2025-07-17 01:05:06 [DEBUG] MotionStateMachine:is_ready_for_command:468 - is_ready_for_command(): 狀態寄存器=1100, Ready位=False
2025-07-17 01:05:06 [DEBUG] MotionStateMachine:is_ready_for_command:468 - is_ready_for_command(): 狀態寄存器=1100, Ready位=False
2025-07-17 01:05:06 [DEBUG] MotionStateMachine:is_ready_for_command:468 - is_ready_for_command(): 狀態寄存器=1100, Ready位=False
2025-07-17 01:05:06 [DEBUG] MotionStateMachine:is_ready_for_command:468 - is_ready_for_command(): 狀態寄存器=1100, Ready位=False
2025-07-17 01:05:06 [DEBUG] MotionStateMachine:is_ready_for_command:468 - is_ready_for_command(): 狀態寄存器=1100, Ready位=False
2025-07-17 01:05:06 [DEBUG] MotionStateMachine:is_ready_for_command:468 - is_ready_for_command(): 狀態寄存器=1100, Ready位=False
2025-07-17 01:05:06 [DEBUG] MotionStateMachine:is_ready_for_command:468 - is_ready_for_command(): 狀態寄存器=1100, Ready位=False
2025-07-17 01:05:06 [DEBUG] MotionStateMachine:is_ready_for_command:468 - is_ready_for_command(): 狀態寄存器=1100, Ready位=False
2025-07-17 01:05:06 [DEBUG] MotionStateMachine:is_ready_for_command:468 - is_ready_for_command(): 狀態寄存器=1100, Ready位=False
2025-07-17 01:05:06 [DEBUG] MotionStateMachine:is_ready_for_command:468 - is_ready_for_command(): 狀態寄存器=1100, Ready位=False
2025-07-17 01:05:06 [DEBUG] MotionStateMachine:is_ready_for_command:468 - is_ready_for_command(): 狀態寄存器=1100, Ready位=False
2025-07-17 01:05:06 [DEBUG] MotionStateMachine:is_ready_for_command:468 - is_ready_for_command(): 狀態寄存器=1100, Ready位=False
2025-07-17 01:05:06 [DEBUG] MotionStateMachine:is_ready_for_command:468 - is_ready_for_command(): 狀態寄存器=1100, Ready位=False
2025-07-17 01:05:06 [DEBUG] MotionStateMachine:is_ready_for_command:468 - is_ready_for_command(): 狀態寄存器=1100, Ready位=False
2025-07-17 01:05:06 [DEBUG] MotionStateMachine:is_ready_for_command:468 - is_ready_for_command(): 狀態寄存器=1100, Ready位=False
2025-07-17 01:05:06 [DEBUG] MotionStateMachine:is_ready_for_command:468 - is_ready_for_command(): 狀態寄存器=1100, Ready位=False
2025-07-17 01:05:07 [DEBUG] MotionStateMachine:is_ready_for_command:468 - is_ready_for_command(): 狀態寄存器=1100, Ready位=False
2025-07-17 01:05:07 [DEBUG] MotionStateMachine:is_ready_for_command:468 - is_ready_for_command(): 狀態寄存器=1100, Ready位=False
2025-07-17 01:05:07 [DEBUG] MotionStateMachine:is_ready_for_command:468 - is_ready_for_command(): 狀態寄存器=1100, Ready位=False
2025-07-17 01:05:07 [DEBUG] MotionStateMachine:is_ready_for_command:468 - is_ready_for_command(): 狀態寄存器=1100, Ready位=False
2025-07-17 01:05:07 [DEBUG] MotionStateMachine:is_ready_for_command:468 - is_ready_for_command(): 狀態寄存器=1100, Ready位=False
2025-07-17 01:05:07 [DEBUG] MotionStateMachine:is_ready_for_command:468 - is_ready_for_command(): 狀態寄存器=1100, Ready位=False
2025-07-17 01:05:07 [DEBUG] MotionStateMachine:is_ready_for_command:468 - is_ready_for_command(): 狀態寄存器=1100, Ready位=False
2025-07-17 01:05:07 [DEBUG] MotionStateMachine:is_ready_for_command:468 - is_ready_for_command(): 狀態寄存器=1100, Ready位=False
2025-07-17 01:05:07 [DEBUG] MotionStateMachine:is_ready_for_command:468 - is_ready_for_command(): 狀態寄存器=1100, Ready位=False
2025-07-17 01:05:07 [DEBUG] MotionStateMachine:is_ready_for_command:468 - is_ready_for_command(): 狀態寄存器=1100, Ready位=False
2025-07-17 01:05:07 [DEBUG] MotionStateMachine:is_ready_for_command:468 - is_ready_for_command(): 狀態寄存器=1100, Ready位=False
2025-07-17 01:05:07 [DEBUG] MotionStateMachine:is_ready_for_command:468 - is_ready_for_command(): 狀態寄存器=1100, Ready位=False
2025-07-17 01:05:07 [DEBUG] MotionStateMachine:is_ready_for_command:468 - is_ready_for_command(): 狀態寄存器=1100, Ready位=False
2025-07-17 01:05:07 [DEBUG] MotionStateMachine:is_ready_for_command:468 - is_ready_for_command(): 狀態寄存器=1100, Ready位=False
2025-07-17 01:05:07 [DEBUG] MotionStateMachine:is_ready_for_command:468 - is_ready_for_command(): 狀態寄存器=1100, Ready位=False
2025-07-17 01:05:07 [DEBUG] MotionStateMachine:is_ready_for_command:468 - is_ready_for_command(): 狀態寄存器=1100, Ready位=False
2025-07-17 01:05:07 [DEBUG] MotionStateMachine:is_ready_for_command:468 - is_ready_for_command(): 狀態寄存器=1100, Ready位=False
2025-07-17 01:05:07 [DEBUG] MotionStateMachine:is_ready_for_command:468 - is_ready_for_command(): 狀態寄存器=1100, Ready位=False
2025-07-17 01:05:07 [DEBUG] MotionStateMachine:is_ready_for_command:468 - is_ready_for_command(): 狀態寄存器=1100, Ready位=False
2025-07-17 01:05:07 [DEBUG] MotionStateMachine:is_ready_for_command:468 - is_ready_for_command(): 狀態寄存器=1100, Ready位=False
2025-07-17 01:05:07 [DEBUG] MotionStateMachine:is_ready_for_command:468 - is_ready_for_command(): 狀態寄存器=1100, Ready位=False
2025-07-17 01:05:07 [DEBUG] MotionStateMachine:is_ready_for_command:468 - is_ready_for_command(): 狀態寄存器=1100, Ready位=False
2025-07-17 01:05:07 [DEBUG] MotionStateMachine:is_ready_for_command:468 - is_ready_for_command(): 狀態寄存器=1100, Ready位=False
2025-07-17 01:05:07 [DEBUG] MotionStateMachine:is_ready_for_command:468 - is_ready_for_command(): 狀態寄存器=1100, Ready位=False
2025-07-17 01:05:07 [DEBUG] MotionStateMachine:is_ready_for_command:468 - is_ready_for_command(): 狀態寄存器=1100, Ready位=False
2025-07-17 01:05:07 [DEBUG] MotionStateMachine:is_ready_for_command:468 - is_ready_for_command(): 狀態寄存器=1100, Ready位=False
2025-07-17 01:05:07 [DEBUG] MotionStateMachine:is_ready_for_command:468 - is_ready_for_command(): 狀態寄存器=1100, Ready位=False
2025-07-17 01:05:07 [DEBUG] MotionStateMachine:is_ready_for_command:468 - is_ready_for_command(): 狀態寄存器=1100, Ready位=False
2025-07-17 01:05:07 [DEBUG] MotionStateMachine:is_ready_for_command:468 - is_ready_for_command(): 狀態寄存器=1100, Ready位=False
2025-07-17 01:05:07 [DEBUG] MotionStateMachine:is_ready_for_command:468 - is_ready_for_command(): 狀態寄存器=1100, Ready位=False
2025-07-17 01:05:07 [DEBUG] MotionStateMachine:is_ready_for_command:468 - is_ready_for_command(): 狀態寄存器=1100, Ready位=False
2025-07-17 01:05:07 [DEBUG] MotionStateMachine:is_ready_for_command:468 - is_ready_for_command(): 狀態寄存器=1100, Ready位=False
2025-07-17 01:05:08 [DEBUG] MotionStateMachine:is_ready_for_command:468 - is_ready_for_command(): 狀態寄存器=1100, Ready位=False
2025-07-17 01:05:08 [DEBUG] MotionStateMachine:is_ready_for_command:468 - is_ready_for_command(): 狀態寄存器=1100, Ready位=False
2025-07-17 01:05:08 [DEBUG] MotionStateMachine:is_ready_for_command:468 - is_ready_for_command(): 狀態寄存器=1100, Ready位=False
2025-07-17 01:05:08 [DEBUG] MotionStateMachine:is_ready_for_command:468 - is_ready_for_command(): 狀態寄存器=1100, Ready位=False
2025-07-17 01:05:08 [DEBUG] MotionStateMachine:is_ready_for_command:468 - is_ready_for_command(): 狀態寄存器=1100, Ready位=False
2025-07-17 01:05:08 [DEBUG] MotionStateMachine:is_ready_for_command:468 - is_ready_for_command(): 狀態寄存器=1100, Ready位=False
2025-07-17 01:05:08 [DEBUG] MotionStateMachine:is_ready_for_command:468 - is_ready_for_command(): 狀態寄存器=1100, Ready位=False
2025-07-17 01:05:08 [DEBUG] MotionStateMachine:is_ready_for_command:468 - is_ready_for_command(): 狀態寄存器=1100, Ready位=False
2025-07-17 01:05:08 [DEBUG] MotionStateMachine:is_ready_for_command:468 - is_ready_for_command(): 狀態寄存器=1100, Ready位=False
2025-07-17 01:05:08 [DEBUG] MotionStateMachine:is_ready_for_command:468 - is_ready_for_command(): 狀態寄存器=1100, Ready位=False
2025-07-17 01:05:08 [DEBUG] MotionStateMachine:is_ready_for_command:468 - is_ready_for_command(): 狀態寄存器=1100, Ready位=False
2025-07-17 01:05:08 [DEBUG] MotionStateMachine:is_ready_for_command:468 - is_ready_for_command(): 狀態寄存器=1100, Ready位=False
2025-07-17 01:05:08 [DEBUG] MotionStateMachine:is_ready_for_command:468 - is_ready_for_command(): 狀態寄存器=1100, Ready位=False
2025-07-17 01:05:08 [DEBUG] MotionStateMachine:is_ready_for_command:468 - is_ready_for_command(): 狀態寄存器=1100, Ready位=False
2025-07-17 01:05:08 [DEBUG] MotionStateMachine:is_ready_for_command:468 - is_ready_for_command(): 狀態寄存器=1100, Ready位=False
2025-07-17 01:05:08 [DEBUG] MotionStateMachine:is_ready_for_command:468 - is_ready_for_command(): 狀態寄存器=1100, Ready位=False
2025-07-17 01:05:08 [DEBUG] MotionStateMachine:is_ready_for_command:468 - is_ready_for_command(): 狀態寄存器=1100, Ready位=False
2025-07-17 01:05:08 [DEBUG] MotionStateMachine:is_ready_for_command:468 - is_ready_for_command(): 狀態寄存器=1100, Ready位=False
2025-07-17 01:05:08 [DEBUG] MotionStateMachine:is_ready_for_command:468 - is_ready_for_command(): 狀態寄存器=1100, Ready位=False
2025-07-17 01:05:08 [DEBUG] MotionStateMachine:is_ready_for_command:468 - is_ready_for_command(): 狀態寄存器=1100, Ready位=False
2025-07-17 01:05:08 [DEBUG] MotionStateMachine:is_ready_for_command:468 - is_ready_for_command(): 狀態寄存器=1100, Ready位=False
2025-07-17 01:05:08 [DEBUG] MotionStateMachine:is_ready_for_command:468 - is_ready_for_command(): 狀態寄存器=1100, Ready位=False
2025-07-17 01:05:08 [DEBUG] MotionStateMachine:is_ready_for_command:468 - is_ready_for_command(): 狀態寄存器=1100, Ready位=False
2025-07-17 01:05:08 [DEBUG] MotionStateMachine:is_ready_for_command:468 - is_ready_for_command(): 狀態寄存器=1100, Ready位=False
2025-07-17 01:05:08 [DEBUG] MotionStateMachine:is_ready_for_command:468 - is_ready_for_command(): 狀態寄存器=1100, Ready位=False
2025-07-17 01:05:08 [DEBUG] MotionStateMachine:is_ready_for_command:468 - is_ready_for_command(): 狀態寄存器=1100, Ready位=False
2025-07-17 01:05:08 [DEBUG] MotionStateMachine:is_ready_for_command:468 - is_ready_for_command(): 狀態寄存器=1100, Ready位=False
2025-07-17 01:05:08 [DEBUG] MotionStateMachine:is_ready_for_command:468 - is_ready_for_command(): 狀態寄存器=1100, Ready位=False
2025-07-17 01:05:08 [DEBUG] MotionStateMachine:is_ready_for_command:468 - is_ready_for_command(): 狀態寄存器=1100, Ready位=False
2025-07-17 01:05:08 [DEBUG] MotionStateMachine:is_ready_for_command:468 - is_ready_for_command(): 狀態寄存器=1100, Ready位=False
2025-07-17 01:05:09 [DEBUG] MotionStateMachine:is_ready_for_command:468 - is_ready_for_command(): 狀態寄存器=1100, Ready位=False
2025-07-17 01:05:09 [DEBUG] MotionStateMachine:is_ready_for_command:468 - is_ready_for_command(): 狀態寄存器=1100, Ready位=False
2025-07-17 01:05:09 [DEBUG] MotionStateMachine:is_ready_for_command:468 - is_ready_for_command(): 狀態寄存器=1100, Ready位=False
2025-07-17 01:05:09 [DEBUG] MotionStateMachine:is_ready_for_command:468 - is_ready_for_command(): 狀態寄存器=1100, Ready位=False
2025-07-17 01:05:09 [DEBUG] MotionStateMachine:is_ready_for_command:468 - is_ready_for_command(): 狀態寄存器=1100, Ready位=False
2025-07-17 01:05:09 [DEBUG] MotionStateMachine:is_ready_for_command:468 - is_ready_for_command(): 狀態寄存器=1100, Ready位=False
2025-07-17 01:05:09 [DEBUG] MotionStateMachine:is_ready_for_command:468 - is_ready_for_command(): 狀態寄存器=1100, Ready位=False
2025-07-17 01:05:09 [DEBUG] MotionStateMachine:is_ready_for_command:468 - is_ready_for_command(): 狀態寄存器=1100, Ready位=False
2025-07-17 01:05:09 [DEBUG] MotionStateMachine:is_ready_for_command:468 - is_ready_for_command(): 狀態寄存器=1100, Ready位=False
2025-07-17 01:05:09 [DEBUG] MotionStateMachine:is_ready_for_command:468 - is_ready_for_command(): 狀態寄存器=1100, Ready位=False
2025-07-17 01:05:09 [DEBUG] MotionStateMachine:is_ready_for_command:468 - is_ready_for_command(): 狀態寄存器=1100, Ready位=False
2025-07-17 01:05:09 [DEBUG] MotionStateMachine:is_ready_for_command:468 - is_ready_for_command(): 狀態寄存器=1100, Ready位=False
2025-07-17 01:05:09 [DEBUG] MotionStateMachine:is_ready_for_command:468 - is_ready_for_command(): 狀態寄存器=1100, Ready位=False
2025-07-17 01:05:09 [DEBUG] MotionStateMachine:is_ready_for_command:468 - is_ready_for_command(): 狀態寄存器=1100, Ready位=False
2025-07-17 01:05:09 [DEBUG] MotionStateMachine:is_ready_for_command:468 - is_ready_for_command(): 狀態寄存器=1100, Ready位=False
2025-07-17 01:05:09 [DEBUG] MotionStateMachine:is_ready_for_command:468 - is_ready_for_command(): 狀態寄存器=1100, Ready位=False
2025-07-17 01:05:09 [DEBUG] MotionStateMachine:is_ready_for_command:468 - is_ready_for_command(): 狀態寄存器=1100, Ready位=False
2025-07-17 01:05:09 [DEBUG] MotionStateMachine:is_ready_for_command:468 - is_ready_for_command(): 狀態寄存器=1100, Ready位=False
2025-07-17 01:05:09 [DEBUG] MotionStateMachine:is_ready_for_command:468 - is_ready_for_command(): 狀態寄存器=1100, Ready位=False
2025-07-17 01:05:09 [DEBUG] MotionStateMachine:is_ready_for_command:468 - is_ready_for_command(): 狀態寄存器=1100, Ready位=False
2025-07-17 01:05:09 [DEBUG] MotionStateMachine:is_ready_for_command:468 - is_ready_for_command(): 狀態寄存器=1100, Ready位=False
2025-07-17 01:05:09 [DEBUG] MotionStateMachine:is_ready_for_command:468 - is_ready_for_command(): 狀態寄存器=1100, Ready位=False
2025-07-17 01:05:09 [DEBUG] MotionStateMachine:is_ready_for_command:468 - is_ready_for_command(): 狀態寄存器=1100, Ready位=False
2025-07-17 01:05:09 [DEBUG] MotionStateMachine:is_ready_for_command:468 - is_ready_for_command(): 狀態寄存器=1100, Ready位=False
2025-07-17 01:05:09 [DEBUG] MotionStateMachine:is_ready_for_command:468 - is_ready_for_command(): 狀態寄存器=1100, Ready位=False
2025-07-17 01:05:09 [DEBUG] MotionStateMachine:is_ready_for_command:468 - is_ready_for_command(): 狀態寄存器=1100, Ready位=False
2025-07-17 01:05:10 [DEBUG] MotionStateMachine:is_ready_for_command:468 - is_ready_for_command(): 狀態寄存器=1100, Ready位=False
2025-07-17 01:05:10 [DEBUG] MotionStateMachine:is_ready_for_command:468 - is_ready_for_command(): 狀態寄存器=1100, Ready位=False
2025-07-17 01:05:10 [DEBUG] MotionStateMachine:is_ready_for_command:468 - is_ready_for_command(): 狀態寄存器=1100, Ready位=False
2025-07-17 01:05:10 [DEBUG] MotionStateMachine:is_ready_for_command:468 - is_ready_for_command(): 狀態寄存器=1100, Ready位=False
2025-07-17 01:05:10 [DEBUG] MotionStateMachine:is_ready_for_command:468 - is_ready_for_command(): 狀態寄存器=1100, Ready位=False
2025-07-17 01:05:10 [DEBUG] MotionStateMachine:is_ready_for_command:468 - is_ready_for_command(): 狀態寄存器=1100, Ready位=False
2025-07-17 01:05:10 [DEBUG] MotionStateMachine:is_ready_for_command:468 - is_ready_for_command(): 狀態寄存器=1100, Ready位=False
2025-07-17 01:05:10 [DEBUG] MotionStateMachine:is_ready_for_command:468 - is_ready_for_command(): 狀態寄存器=1100, Ready位=False
2025-07-17 01:05:10 [DEBUG] MotionStateMachine:is_ready_for_command:468 - is_ready_for_command(): 狀態寄存器=1100, Ready位=False
2025-07-17 01:05:10 [DEBUG] MotionStateMachine:is_ready_for_command:468 - is_ready_for_command(): 狀態寄存器=1100, Ready位=False
2025-07-17 01:05:10 [DEBUG] MotionStateMachine:is_ready_for_command:468 - is_ready_for_command(): 狀態寄存器=1100, Ready位=False
2025-07-17 01:05:10 [DEBUG] MotionStateMachine:is_ready_for_command:468 - is_ready_for_command(): 狀態寄存器=1100, Ready位=False
2025-07-17 01:05:10 [DEBUG] MotionStateMachine:is_ready_for_command:468 - is_ready_for_command(): 狀態寄存器=1100, Ready位=False
2025-07-17 01:05:10 [DEBUG] MotionStateMachine:is_ready_for_command:468 - is_ready_for_command(): 狀態寄存器=1100, Ready位=False
2025-07-17 01:05:10 [DEBUG] MotionStateMachine:is_ready_for_command:468 - is_ready_for_command(): 狀態寄存器=1100, Ready位=False
2025-07-17 01:05:10 [DEBUG] MotionStateMachine:is_ready_for_command:468 - is_ready_for_command(): 狀態寄存器=1100, Ready位=False
2025-07-17 01:05:10 [DEBUG] MotionStateMachine:is_ready_for_command:468 - is_ready_for_command(): 狀態寄存器=1100, Ready位=False
2025-07-17 01:05:10 [DEBUG] MotionStateMachine:is_ready_for_command:468 - is_ready_for_command(): 狀態寄存器=1100, Ready位=False
2025-07-17 01:05:10 [DEBUG] MotionStateMachine:is_ready_for_command:468 - is_ready_for_command(): 狀態寄存器=1100, Ready位=False
2025-07-17 01:05:10 [DEBUG] MotionStateMachine:is_ready_for_command:468 - is_ready_for_command(): 狀態寄存器=1100, Ready位=False
2025-07-17 01:05:10 [DEBUG] MotionStateMachine:is_ready_for_command:468 - is_ready_for_command(): 狀態寄存器=1100, Ready位=False
2025-07-17 01:05:10 [DEBUG] MotionStateMachine:is_ready_for_command:468 - is_ready_for_command(): 狀態寄存器=1100, Ready位=False
2025-07-17 01:05:10 [DEBUG] MotionStateMachine:is_ready_for_command:468 - is_ready_for_command(): 狀態寄存器=1100, Ready位=False
2025-07-17 01:05:10 [DEBUG] MotionStateMachine:is_ready_for_command:468 - is_ready_for_command(): 狀態寄存器=1100, Ready位=False
2025-07-17 01:05:10 [DEBUG] MotionStateMachine:is_ready_for_command:468 - is_ready_for_command(): 狀態寄存器=1100, Ready位=False
2025-07-17 01:05:10 [DEBUG] MotionStateMachine:is_ready_for_command:468 - is_ready_for_command(): 狀態寄存器=1100, Ready位=False
2025-07-17 01:05:10 [DEBUG] MotionStateMachine:is_ready_for_command:468 - is_ready_for_command(): 狀態寄存器=1100, Ready位=False
2025-07-17 01:05:10 [DEBUG] MotionStateMachine:is_ready_for_command:468 - is_ready_for_command(): 狀態寄存器=1100, Ready位=False
2025-07-17 01:05:11 [DEBUG] MotionStateMachine:is_ready_for_command:468 - is_ready_for_command(): 狀態寄存器=1100, Ready位=False
2025-07-17 01:05:11 [DEBUG] MotionStateMachine:is_ready_for_command:468 - is_ready_for_command(): 狀態寄存器=1100, Ready位=False
2025-07-17 01:05:11 [DEBUG] MotionStateMachine:is_ready_for_command:468 - is_ready_for_command(): 狀態寄存器=1100, Ready位=False
2025-07-17 01:05:11 [DEBUG] MotionStateMachine:is_ready_for_command:468 - is_ready_for_command(): 狀態寄存器=1100, Ready位=False
2025-07-17 01:05:11 [DEBUG] MotionStateMachine:is_ready_for_command:468 - is_ready_for_command(): 狀態寄存器=1100, Ready位=False
2025-07-17 01:05:11 [DEBUG] MotionStateMachine:is_ready_for_command:468 - is_ready_for_command(): 狀態寄存器=1100, Ready位=False
2025-07-17 01:05:11 [DEBUG] MotionStateMachine:is_ready_for_command:468 - is_ready_for_command(): 狀態寄存器=1100, Ready位=False
2025-07-17 01:05:11 [DEBUG] MotionStateMachine:is_ready_for_command:468 - is_ready_for_command(): 狀態寄存器=1100, Ready位=False
2025-07-17 01:05:11 [DEBUG] MotionStateMachine:is_ready_for_command:468 - is_ready_for_command(): 狀態寄存器=1100, Ready位=False
2025-07-17 01:05:11 [DEBUG] MotionStateMachine:is_ready_for_command:468 - is_ready_for_command(): 狀態寄存器=1100, Ready位=False
2025-07-17 01:05:11 [DEBUG] MotionStateMachine:is_ready_for_command:468 - is_ready_for_command(): 狀態寄存器=1100, Ready位=False
2025-07-17 01:05:11 [DEBUG] MotionStateMachine:is_ready_for_command:468 - is_ready_for_command(): 狀態寄存器=1100, Ready位=False
2025-07-17 01:05:11 [DEBUG] MotionStateMachine:is_ready_for_command:468 - is_ready_for_command(): 狀態寄存器=1100, Ready位=False
2025-07-17 01:05:11 [DEBUG] MotionStateMachine:is_ready_for_command:468 - is_ready_for_command(): 狀態寄存器=1100, Ready位=False
2025-07-17 01:05:11 [DEBUG] MotionStateMachine:is_ready_for_command:468 - is_ready_for_command(): 狀態寄存器=1100, Ready位=False
2025-07-17 01:05:11 [DEBUG] MotionStateMachine:is_ready_for_command:468 - is_ready_for_command(): 狀態寄存器=1100, Ready位=False
2025-07-17 01:05:11 [DEBUG] MotionStateMachine:is_ready_for_command:468 - is_ready_for_command(): 狀態寄存器=1100, Ready位=False
2025-07-17 01:05:11 [DEBUG] MotionStateMachine:is_ready_for_command:468 - is_ready_for_command(): 狀態寄存器=1100, Ready位=False
2025-07-17 01:05:11 [DEBUG] MotionStateMachine:is_ready_for_command:468 - is_ready_for_command(): 狀態寄存器=1100, Ready位=False
2025-07-17 01:05:11 [DEBUG] MotionStateMachine:is_ready_for_command:468 - is_ready_for_command(): 狀態寄存器=1100, Ready位=False
2025-07-17 01:05:11 [DEBUG] MotionStateMachine:is_ready_for_command:468 - is_ready_for_command(): 狀態寄存器=1100, Ready位=False
2025-07-17 01:05:11 [DEBUG] MotionStateMachine:is_ready_for_command:468 - is_ready_for_command(): 狀態寄存器=1100, Ready位=False
2025-07-17 01:05:11 [DEBUG] MotionStateMachine:is_ready_for_command:468 - is_ready_for_command(): 狀態寄存器=1100, Ready位=False
2025-07-17 01:05:11 [DEBUG] MotionStateMachine:is_ready_for_command:468 - is_ready_for_command(): 狀態寄存器=1100, Ready位=False
2025-07-17 01:05:11 [DEBUG] MotionStateMachine:is_ready_for_command:468 - is_ready_for_command(): 狀態寄存器=1100, Ready位=False
2025-07-17 01:05:11 [DEBUG] MotionStateMachine:is_ready_for_command:468 - is_ready_for_command(): 狀態寄存器=1100, Ready位=False
2025-07-17 01:05:11 [DEBUG] MotionStateMachine:is_ready_for_command:468 - is_ready_for_command(): 狀態寄存器=1100, Ready位=False
2025-07-17 01:05:11 [DEBUG] MotionStateMachine:is_ready_for_command:468 - is_ready_for_command(): 狀態寄存器=1100, Ready位=False
2025-07-17 01:05:11 [DEBUG] MotionStateMachine:is_ready_for_command:468 - is_ready_for_command(): 狀態寄存器=1100, Ready位=False
2025-07-17 01:05:11 [DEBUG] MotionStateMachine:is_ready_for_command:468 - is_ready_for_command(): 狀態寄存器=1100, Ready位=False
2025-07-17 01:05:11 [DEBUG] MotionStateMachine:is_ready_for_command:468 - is_ready_for_command(): 狀態寄存器=1100, Ready位=False
2025-07-17 01:05:11 [DEBUG] MotionStateMachine:is_ready_for_command:468 - is_ready_for_command(): 狀態寄存器=1100, Ready位=False
2025-07-17 01:05:11 [DEBUG] MotionStateMachine:is_ready_for_command:468 - is_ready_for_command(): 狀態寄存器=1100, Ready位=False
2025-07-17 01:05:12 [DEBUG] MotionStateMachine:is_ready_for_command:468 - is_ready_for_command(): 狀態寄存器=1100, Ready位=False
2025-07-17 01:05:12 [DEBUG] MotionStateMachine:is_ready_for_command:468 - is_ready_for_command(): 狀態寄存器=1100, Ready位=False
2025-07-17 01:05:12 [DEBUG] MotionStateMachine:is_ready_for_command:468 - is_ready_for_command(): 狀態寄存器=1100, Ready位=False
2025-07-17 01:05:12 [DEBUG] MotionStateMachine:is_ready_for_command:468 - is_ready_for_command(): 狀態寄存器=1100, Ready位=False
2025-07-17 01:05:12 [DEBUG] MotionStateMachine:is_ready_for_command:468 - is_ready_for_command(): 狀態寄存器=1100, Ready位=False
2025-07-17 01:05:12 [DEBUG] MotionStateMachine:is_ready_for_command:468 - is_ready_for_command(): 狀態寄存器=1100, Ready位=False
2025-07-17 01:05:12 [DEBUG] MotionStateMachine:is_ready_for_command:468 - is_ready_for_command(): 狀態寄存器=1100, Ready位=False
2025-07-17 01:05:12 [DEBUG] MotionStateMachine:is_ready_for_command:468 - is_ready_for_command(): 狀態寄存器=1100, Ready位=False
2025-07-17 01:05:12 [DEBUG] MotionStateMachine:is_ready_for_command:468 - is_ready_for_command(): 狀態寄存器=1100, Ready位=False
2025-07-17 01:05:12 [DEBUG] MotionStateMachine:is_ready_for_command:468 - is_ready_for_command(): 狀態寄存器=1100, Ready位=False
2025-07-17 01:05:12 [DEBUG] MotionStateMachine:is_ready_for_command:468 - is_ready_for_command(): 狀態寄存器=1100, Ready位=False
2025-07-17 01:05:12 [DEBUG] MotionStateMachine:is_ready_for_command:468 - is_ready_for_command(): 狀態寄存器=1100, Ready位=False
2025-07-17 01:05:12 [DEBUG] MotionStateMachine:is_ready_for_command:468 - is_ready_for_command(): 狀態寄存器=1100, Ready位=False
2025-07-17 01:05:12 [DEBUG] MotionStateMachine:is_ready_for_command:468 - is_ready_for_command(): 狀態寄存器=1100, Ready位=False
2025-07-17 01:05:12 [DEBUG] MotionStateMachine:is_ready_for_command:468 - is_ready_for_command(): 狀態寄存器=1100, Ready位=False
2025-07-17 01:05:12 [DEBUG] MotionStateMachine:is_ready_for_command:468 - is_ready_for_command(): 狀態寄存器=1100, Ready位=False
2025-07-17 01:05:12 [DEBUG] MotionStateMachine:is_ready_for_command:468 - is_ready_for_command(): 狀態寄存器=1100, Ready位=False
2025-07-17 01:05:12 [DEBUG] MotionStateMachine:is_ready_for_command:468 - is_ready_for_command(): 狀態寄存器=1100, Ready位=False
2025-07-17 01:05:12 [DEBUG] MotionStateMachine:is_ready_for_command:468 - is_ready_for_command(): 狀態寄存器=1100, Ready位=False
2025-07-17 01:05:12 [DEBUG] MotionStateMachine:is_ready_for_command:468 - is_ready_for_command(): 狀態寄存器=1100, Ready位=False
2025-07-17 01:05:12 [DEBUG] MotionStateMachine:is_ready_for_command:468 - is_ready_for_command(): 狀態寄存器=1100, Ready位=False
2025-07-17 01:05:12 [DEBUG] MotionStateMachine:is_ready_for_command:468 - is_ready_for_command(): 狀態寄存器=1100, Ready位=False
2025-07-17 01:05:12 [DEBUG] MotionStateMachine:is_ready_for_command:468 - is_ready_for_command(): 狀態寄存器=1100, Ready位=False
2025-07-17 01:05:12 [DEBUG] MotionStateMachine:is_ready_for_command:468 - is_ready_for_command(): 狀態寄存器=1100, Ready位=False
2025-07-17 01:05:12 [DEBUG] MotionStateMachine:is_ready_for_command:468 - is_ready_for_command(): 狀態寄存器=1100, Ready位=False
2025-07-17 01:05:12 [DEBUG] MotionStateMachine:is_ready_for_command:468 - is_ready_for_command(): 狀態寄存器=1100, Ready位=False
2025-07-17 01:05:12 [DEBUG] MotionStateMachine:is_ready_for_command:468 - is_ready_for_command(): 狀態寄存器=1100, Ready位=False
2025-07-17 01:05:12 [DEBUG] MotionStateMachine:is_ready_for_command:468 - is_ready_for_command(): 狀態寄存器=1100, Ready位=False
2025-07-17 01:05:13 [DEBUG] MotionStateMachine:is_ready_for_command:468 - is_ready_for_command(): 狀態寄存器=1100, Ready位=False
2025-07-17 01:05:13 [DEBUG] MotionStateMachine:is_ready_for_command:468 - is_ready_for_command(): 狀態寄存器=1100, Ready位=False
2025-07-17 01:05:13 [DEBUG] MotionStateMachine:is_ready_for_command:468 - is_ready_for_command(): 狀態寄存器=1100, Ready位=False
2025-07-17 01:05:13 [DEBUG] MotionStateMachine:is_ready_for_command:468 - is_ready_for_command(): 狀態寄存器=1100, Ready位=False
2025-07-17 01:05:13 [DEBUG] MotionStateMachine:is_ready_for_command:468 - is_ready_for_command(): 狀態寄存器=1100, Ready位=False
2025-07-17 01:05:13 [DEBUG] MotionStateMachine:is_ready_for_command:468 - is_ready_for_command(): 狀態寄存器=1100, Ready位=False
2025-07-17 01:05:13 [DEBUG] MotionStateMachine:is_ready_for_command:468 - is_ready_for_command(): 狀態寄存器=1100, Ready位=False
2025-07-17 01:05:13 [DEBUG] MotionStateMachine:is_ready_for_command:468 - is_ready_for_command(): 狀態寄存器=1100, Ready位=False
2025-07-17 01:05:13 [DEBUG] MotionStateMachine:is_ready_for_command:468 - is_ready_for_command(): 狀態寄存器=1100, Ready位=False
2025-07-17 01:05:13 [DEBUG] MotionStateMachine:is_ready_for_command:468 - is_ready_for_command(): 狀態寄存器=1100, Ready位=False
2025-07-17 01:05:13 [DEBUG] MotionStateMachine:is_ready_for_command:468 - is_ready_for_command(): 狀態寄存器=1100, Ready位=False
2025-07-17 01:05:13 [DEBUG] MotionStateMachine:is_ready_for_command:468 - is_ready_for_command(): 狀態寄存器=1100, Ready位=False
2025-07-17 01:05:13 [DEBUG] MotionStateMachine:is_ready_for_command:468 - is_ready_for_command(): 狀態寄存器=1100, Ready位=False
2025-07-17 01:05:13 [DEBUG] MotionStateMachine:is_ready_for_command:468 - is_ready_for_command(): 狀態寄存器=1100, Ready位=False
2025-07-17 01:05:13 [DEBUG] MotionStateMachine:is_ready_for_command:468 - is_ready_for_command(): 狀態寄存器=1100, Ready位=False
2025-07-17 01:05:13 [DEBUG] MotionStateMachine:is_ready_for_command:468 - is_ready_for_command(): 狀態寄存器=1100, Ready位=False
2025-07-17 01:05:13 [DEBUG] MotionStateMachine:is_ready_for_command:468 - is_ready_for_command(): 狀態寄存器=1100, Ready位=False
2025-07-17 01:05:13 [DEBUG] MotionStateMachine:is_ready_for_command:468 - is_ready_for_command(): 狀態寄存器=1100, Ready位=False
2025-07-17 01:05:13 [DEBUG] MotionStateMachine:is_ready_for_command:468 - is_ready_for_command(): 狀態寄存器=1100, Ready位=False
2025-07-17 01:05:13 [DEBUG] MotionStateMachine:is_ready_for_command:468 - is_ready_for_command(): 狀態寄存器=1100, Ready位=False
2025-07-17 01:05:13 [DEBUG] MotionStateMachine:is_ready_for_command:468 - is_ready_for_command(): 狀態寄存器=1100, Ready位=False
2025-07-17 01:05:13 [DEBUG] MotionStateMachine:is_ready_for_command:468 - is_ready_for_command(): 狀態寄存器=1100, Ready位=False
2025-07-17 01:05:13 [DEBUG] MotionStateMachine:is_ready_for_command:468 - is_ready_for_command(): 狀態寄存器=1100, Ready位=False
2025-07-17 01:05:13 [DEBUG] MotionStateMachine:is_ready_for_command:468 - is_ready_for_command(): 狀態寄存器=1100, Ready位=False
2025-07-17 01:05:13 [DEBUG] MotionStateMachine:is_ready_for_command:468 - is_ready_for_command(): 狀態寄存器=1100, Ready位=False
2025-07-17 01:05:13 [DEBUG] MotionStateMachine:is_ready_for_command:468 - is_ready_for_command(): 狀態寄存器=1100, Ready位=False
2025-07-17 01:05:14 [DEBUG] MotionStateMachine:is_ready_for_command:468 - is_ready_for_command(): 狀態寄存器=1100, Ready位=False
2025-07-17 01:05:14 [DEBUG] MotionStateMachine:is_ready_for_command:468 - is_ready_for_command(): 狀態寄存器=1100, Ready位=False
2025-07-17 01:05:14 [DEBUG] MotionStateMachine:is_ready_for_command:468 - is_ready_for_command(): 狀態寄存器=1100, Ready位=False
2025-07-17 01:05:14 [DEBUG] MotionStateMachine:is_ready_for_command:468 - is_ready_for_command(): 狀態寄存器=1100, Ready位=False
2025-07-17 01:05:14 [DEBUG] MotionStateMachine:is_ready_for_command:468 - is_ready_for_command(): 狀態寄存器=1100, Ready位=False
2025-07-17 01:05:14 [DEBUG] MotionStateMachine:is_ready_for_command:468 - is_ready_for_command(): 狀態寄存器=1100, Ready位=False
2025-07-17 01:05:14 [DEBUG] MotionStateMachine:is_ready_for_command:468 - is_ready_for_command(): 狀態寄存器=1100, Ready位=False
2025-07-17 01:05:14 [DEBUG] MotionStateMachine:is_ready_for_command:468 - is_ready_for_command(): 狀態寄存器=1100, Ready位=False
2025-07-17 01:05:14 [DEBUG] MotionStateMachine:is_ready_for_command:468 - is_ready_for_command(): 狀態寄存器=1100, Ready位=False
2025-07-17 01:05:14 [DEBUG] MotionStateMachine:is_ready_for_command:468 - is_ready_for_command(): 狀態寄存器=1100, Ready位=False
2025-07-17 01:05:14 [DEBUG] MotionStateMachine:is_ready_for_command:468 - is_ready_for_command(): 狀態寄存器=1100, Ready位=False
2025-07-17 01:05:14 [DEBUG] MotionStateMachine:is_ready_for_command:468 - is_ready_for_command(): 狀態寄存器=1100, Ready位=False
2025-07-17 01:05:14 [DEBUG] MotionStateMachine:is_ready_for_command:468 - is_ready_for_command(): 狀態寄存器=1100, Ready位=False
2025-07-17 01:05:14 [DEBUG] MotionStateMachine:is_ready_for_command:468 - is_ready_for_command(): 狀態寄存器=1100, Ready位=False
2025-07-17 01:05:14 [DEBUG] MotionStateMachine:is_ready_for_command:468 - is_ready_for_command(): 狀態寄存器=1100, Ready位=False
2025-07-17 01:05:14 [DEBUG] MotionStateMachine:is_ready_for_command:468 - is_ready_for_command(): 狀態寄存器=1100, Ready位=False
2025-07-17 01:05:14 [DEBUG] MotionStateMachine:is_ready_for_command:468 - is_ready_for_command(): 狀態寄存器=1100, Ready位=False
2025-07-17 01:05:14 [DEBUG] MotionStateMachine:is_ready_for_command:468 - is_ready_for_command(): 狀態寄存器=1100, Ready位=False
2025-07-17 01:05:14 [DEBUG] MotionStateMachine:is_ready_for_command:468 - is_ready_for_command(): 狀態寄存器=1100, Ready位=False
2025-07-17 01:05:14 [DEBUG] MotionStateMachine:is_ready_for_command:468 - is_ready_for_command(): 狀態寄存器=1100, Ready位=False
2025-07-17 01:05:14 [DEBUG] MotionStateMachine:is_ready_for_command:468 - is_ready_for_command(): 狀態寄存器=1100, Ready位=False
2025-07-17 01:05:14 [DEBUG] MotionStateMachine:is_ready_for_command:468 - is_ready_for_command(): 狀態寄存器=1100, Ready位=False
2025-07-17 01:05:14 [DEBUG] MotionStateMachine:is_ready_for_command:468 - is_ready_for_command(): 狀態寄存器=1100, Ready位=False
2025-07-17 01:05:14 [DEBUG] MotionStateMachine:is_ready_for_command:468 - is_ready_for_command(): 狀態寄存器=1100, Ready位=False
2025-07-17 01:05:14 [DEBUG] MotionStateMachine:is_ready_for_command:468 - is_ready_for_command(): 狀態寄存器=1100, Ready位=False
2025-07-17 01:05:14 [DEBUG] MotionStateMachine:is_ready_for_command:468 - is_ready_for_command(): 狀態寄存器=1100, Ready位=False
2025-07-17 01:05:14 [DEBUG] MotionStateMachine:is_ready_for_command:468 - is_ready_for_command(): 狀態寄存器=1100, Ready位=False
2025-07-17 01:05:14 [DEBUG] MotionStateMachine:is_ready_for_command:468 - is_ready_for_command(): 狀態寄存器=1100, Ready位=False
2025-07-17 01:05:14 [DEBUG] MotionStateMachine:is_ready_for_command:468 - is_ready_for_command(): 狀態寄存器=1100, Ready位=False
2025-07-17 01:05:14 [DEBUG] MotionStateMachine:is_ready_for_command:468 - is_ready_for_command(): 狀態寄存器=1100, Ready位=False
2025-07-17 01:05:14 [DEBUG] MotionStateMachine:is_ready_for_command:468 - is_ready_for_command(): 狀態寄存器=1100, Ready位=False
2025-07-17 01:05:15 [DEBUG] MotionStateMachine:is_ready_for_command:468 - is_ready_for_command(): 狀態寄存器=1100, Ready位=False
2025-07-17 01:05:15 [DEBUG] MotionStateMachine:is_ready_for_command:468 - is_ready_for_command(): 狀態寄存器=1100, Ready位=False
2025-07-17 01:05:15 [DEBUG] MotionStateMachine:is_ready_for_command:468 - is_ready_for_command(): 狀態寄存器=1100, Ready位=False
2025-07-17 01:05:15 [DEBUG] MotionStateMachine:is_ready_for_command:468 - is_ready_for_command(): 狀態寄存器=1100, Ready位=False
2025-07-17 01:05:15 [DEBUG] MotionStateMachine:is_ready_for_command:468 - is_ready_for_command(): 狀態寄存器=1100, Ready位=False
2025-07-17 01:05:15 [DEBUG] MotionStateMachine:is_ready_for_command:468 - is_ready_for_command(): 狀態寄存器=1100, Ready位=False
2025-07-17 01:05:15 [DEBUG] MotionStateMachine:is_ready_for_command:468 - is_ready_for_command(): 狀態寄存器=1100, Ready位=False
2025-07-17 01:05:15 [DEBUG] MotionStateMachine:is_ready_for_command:468 - is_ready_for_command(): 狀態寄存器=1100, Ready位=False
2025-07-17 01:05:15 [DEBUG] MotionStateMachine:is_ready_for_command:468 - is_ready_for_command(): 狀態寄存器=1100, Ready位=False
2025-07-17 01:05:15 [DEBUG] MotionStateMachine:is_ready_for_command:468 - is_ready_for_command(): 狀態寄存器=1100, Ready位=False
2025-07-17 01:05:15 [DEBUG] MotionStateMachine:is_ready_for_command:468 - is_ready_for_command(): 狀態寄存器=1100, Ready位=False
2025-07-17 01:05:15 [DEBUG] MotionStateMachine:is_ready_for_command:468 - is_ready_for_command(): 狀態寄存器=1100, Ready位=False
2025-07-17 01:05:15 [DEBUG] MotionStateMachine:is_ready_for_command:468 - is_ready_for_command(): 狀態寄存器=1100, Ready位=False
2025-07-17 01:05:15 [DEBUG] MotionStateMachine:is_ready_for_command:468 - is_ready_for_command(): 狀態寄存器=1100, Ready位=False
2025-07-17 01:05:15 [DEBUG] MotionStateMachine:is_ready_for_command:468 - is_ready_for_command(): 狀態寄存器=1100, Ready位=False
2025-07-17 01:05:15 [DEBUG] MotionStateMachine:is_ready_for_command:468 - is_ready_for_command(): 狀態寄存器=1100, Ready位=False
2025-07-17 01:05:15 [DEBUG] MotionStateMachine:is_ready_for_command:468 - is_ready_for_command(): 狀態寄存器=1100, Ready位=False
2025-07-17 01:05:15 [DEBUG] MotionStateMachine:is_ready_for_command:468 - is_ready_for_command(): 狀態寄存器=1100, Ready位=False
2025-07-17 01:05:15 [DEBUG] MotionStateMachine:is_ready_for_command:468 - is_ready_for_command(): 狀態寄存器=1100, Ready位=False
2025-07-17 01:05:15 [DEBUG] MotionStateMachine:is_ready_for_command:468 - is_ready_for_command(): 狀態寄存器=1100, Ready位=False
2025-07-17 01:05:15 [DEBUG] MotionStateMachine:is_ready_for_command:468 - is_ready_for_command(): 狀態寄存器=1100, Ready位=False
2025-07-17 01:05:15 [DEBUG] MotionStateMachine:is_ready_for_command:468 - is_ready_for_command(): 狀態寄存器=1100, Ready位=False
2025-07-17 01:05:15 [DEBUG] MotionStateMachine:is_ready_for_command:468 - is_ready_for_command(): 狀態寄存器=1100, Ready位=False
2025-07-17 01:05:15 [DEBUG] MotionStateMachine:is_ready_for_command:468 - is_ready_for_command(): 狀態寄存器=1100, Ready位=False
2025-07-17 01:05:15 [DEBUG] MotionStateMachine:is_ready_for_command:468 - is_ready_for_command(): 狀態寄存器=1100, Ready位=False
2025-07-17 01:05:15 [DEBUG] MotionStateMachine:is_ready_for_command:468 - is_ready_for_command(): 狀態寄存器=1100, Ready位=False
2025-07-17 01:05:15 [DEBUG] MotionStateMachine:is_ready_for_command:468 - is_ready_for_command(): 狀態寄存器=1100, Ready位=False
2025-07-17 01:05:15 [DEBUG] MotionStateMachine:is_ready_for_command:468 - is_ready_for_command(): 狀態寄存器=1100, Ready位=False
2025-07-17 01:05:15 [DEBUG] MotionStateMachine:is_ready_for_command:468 - is_ready_for_command(): 狀態寄存器=1100, Ready位=False
2025-07-17 01:05:15 [DEBUG] MotionStateMachine:is_ready_for_command:468 - is_ready_for_command(): 狀態寄存器=1100, Ready位=False
2025-07-17 01:05:15 [DEBUG] MotionStateMachine:is_ready_for_command:468 - is_ready_for_command(): 狀態寄存器=1100, Ready位=False
2025-07-17 01:05:15 [DEBUG] MotionStateMachine:is_ready_for_command:468 - is_ready_for_command(): 狀態寄存器=1100, Ready位=False
2025-07-17 01:05:16 [DEBUG] MotionStateMachine:is_ready_for_command:468 - is_ready_for_command(): 狀態寄存器=1100, Ready位=False
2025-07-17 01:05:16 [DEBUG] MotionStateMachine:is_ready_for_command:468 - is_ready_for_command(): 狀態寄存器=1100, Ready位=False
2025-07-17 01:05:16 [DEBUG] MotionStateMachine:is_ready_for_command:468 - is_ready_for_command(): 狀態寄存器=1100, Ready位=False
2025-07-17 01:05:16 [DEBUG] MotionStateMachine:is_ready_for_command:468 - is_ready_for_command(): 狀態寄存器=1100, Ready位=False
2025-07-17 01:05:16 [DEBUG] MotionStateMachine:is_ready_for_command:468 - is_ready_for_command(): 狀態寄存器=1100, Ready位=False
2025-07-17 01:05:16 [DEBUG] MotionStateMachine:is_ready_for_command:468 - is_ready_for_command(): 狀態寄存器=1100, Ready位=False
2025-07-17 01:05:16 [DEBUG] MotionStateMachine:is_ready_for_command:468 - is_ready_for_command(): 狀態寄存器=1100, Ready位=False
2025-07-17 01:05:16 [DEBUG] MotionStateMachine:is_ready_for_command:468 - is_ready_for_command(): 狀態寄存器=1100, Ready位=False
2025-07-17 01:05:16 [DEBUG] MotionStateMachine:is_ready_for_command:468 - is_ready_for_command(): 狀態寄存器=1100, Ready位=False
2025-07-17 01:05:16 [DEBUG] MotionStateMachine:is_ready_for_command:468 - is_ready_for_command(): 狀態寄存器=1100, Ready位=False
2025-07-17 01:05:16 [DEBUG] MotionStateMachine:is_ready_for_command:468 - is_ready_for_command(): 狀態寄存器=1100, Ready位=False
2025-07-17 01:05:16 [DEBUG] MotionStateMachine:is_ready_for_command:468 - is_ready_for_command(): 狀態寄存器=1100, Ready位=False
2025-07-17 01:05:16 [DEBUG] MotionStateMachine:is_ready_for_command:468 - is_ready_for_command(): 狀態寄存器=1100, Ready位=False
2025-07-17 01:05:16 [DEBUG] MotionStateMachine:is_ready_for_command:468 - is_ready_for_command(): 狀態寄存器=1100, Ready位=False
2025-07-17 01:05:16 [DEBUG] MotionStateMachine:is_ready_for_command:468 - is_ready_for_command(): 狀態寄存器=1100, Ready位=False
2025-07-17 01:05:16 [DEBUG] MotionStateMachine:is_ready_for_command:468 - is_ready_for_command(): 狀態寄存器=1100, Ready位=False
2025-07-17 01:05:16 [DEBUG] MotionStateMachine:is_ready_for_command:468 - is_ready_for_command(): 狀態寄存器=1100, Ready位=False
2025-07-17 01:05:16 [DEBUG] MotionStateMachine:is_ready_for_command:468 - is_ready_for_command(): 狀態寄存器=1100, Ready位=False
2025-07-17 01:05:16 [DEBUG] MotionStateMachine:is_ready_for_command:468 - is_ready_for_command(): 狀態寄存器=1100, Ready位=False
2025-07-17 01:05:16 [DEBUG] MotionStateMachine:is_ready_for_command:468 - is_ready_for_command(): 狀態寄存器=1100, Ready位=False
2025-07-17 01:05:16 [DEBUG] MotionStateMachine:is_ready_for_command:468 - is_ready_for_command(): 狀態寄存器=1100, Ready位=False
2025-07-17 01:05:16 [DEBUG] MotionStateMachine:is_ready_for_command:468 - is_ready_for_command(): 狀態寄存器=1100, Ready位=False
2025-07-17 01:05:16 [DEBUG] MotionStateMachine:is_ready_for_command:468 - is_ready_for_command(): 狀態寄存器=1100, Ready位=False
2025-07-17 01:05:16 [DEBUG] MotionStateMachine:is_ready_for_command:468 - is_ready_for_command(): 狀態寄存器=1100, Ready位=False
2025-07-17 01:05:16 [DEBUG] MotionStateMachine:is_ready_for_command:468 - is_ready_for_command(): 狀態寄存器=1100, Ready位=False
2025-07-17 01:05:17 [DEBUG] MotionStateMachine:is_ready_for_command:468 - is_ready_for_command(): 狀態寄存器=1100, Ready位=False
2025-07-17 01:05:17 [DEBUG] MotionStateMachine:is_ready_for_command:468 - is_ready_for_command(): 狀態寄存器=1100, Ready位=False
2025-07-17 01:05:17 [DEBUG] MotionStateMachine:is_ready_for_command:468 - is_ready_for_command(): 狀態寄存器=1100, Ready位=False
2025-07-17 01:05:17 [DEBUG] MotionStateMachine:is_ready_for_command:468 - is_ready_for_command(): 狀態寄存器=1100, Ready位=False
2025-07-17 01:05:17 [DEBUG] MotionStateMachine:is_ready_for_command:468 - is_ready_for_command(): 狀態寄存器=1100, Ready位=False
2025-07-17 01:05:17 [DEBUG] MotionStateMachine:is_ready_for_command:468 - is_ready_for_command(): 狀態寄存器=1100, Ready位=False
2025-07-17 01:05:17 [DEBUG] MotionStateMachine:is_ready_for_command:468 - is_ready_for_command(): 狀態寄存器=1100, Ready位=False
2025-07-17 01:05:17 [DEBUG] MotionStateMachine:is_ready_for_command:468 - is_ready_for_command(): 狀態寄存器=1100, Ready位=False
2025-07-17 01:05:17 [DEBUG] MotionStateMachine:is_ready_for_command:468 - is_ready_for_command(): 狀態寄存器=1100, Ready位=False
2025-07-17 01:05:17 [DEBUG] MotionStateMachine:is_ready_for_command:468 - is_ready_for_command(): 狀態寄存器=1100, Ready位=False
2025-07-17 01:05:17 [DEBUG] MotionStateMachine:is_ready_for_command:468 - is_ready_for_command(): 狀態寄存器=1100, Ready位=False
2025-07-17 01:05:17 [DEBUG] MotionStateMachine:is_ready_for_command:468 - is_ready_for_command(): 狀態寄存器=1100, Ready位=False
2025-07-17 01:05:17 [DEBUG] MotionStateMachine:is_ready_for_command:468 - is_ready_for_command(): 狀態寄存器=1100, Ready位=False
2025-07-17 01:05:17 [DEBUG] MotionStateMachine:is_ready_for_command:468 - is_ready_for_command(): 狀態寄存器=1100, Ready位=False
2025-07-17 01:05:17 [DEBUG] MotionStateMachine:is_ready_for_command:468 - is_ready_for_command(): 狀態寄存器=1100, Ready位=False
2025-07-17 01:05:17 [DEBUG] MotionStateMachine:is_ready_for_command:468 - is_ready_for_command(): 狀態寄存器=1100, Ready位=False
2025-07-17 01:05:17 [DEBUG] MotionStateMachine:is_ready_for_command:468 - is_ready_for_command(): 狀態寄存器=1100, Ready位=False
2025-07-17 01:05:17 [DEBUG] MotionStateMachine:is_ready_for_command:468 - is_ready_for_command(): 狀態寄存器=1100, Ready位=False
2025-07-17 01:05:17 [DEBUG] MotionStateMachine:is_ready_for_command:468 - is_ready_for_command(): 狀態寄存器=1100, Ready位=False
2025-07-17 01:05:17 [DEBUG] MotionStateMachine:is_ready_for_command:468 - is_ready_for_command(): 狀態寄存器=1100, Ready位=False
2025-07-17 01:05:17 [DEBUG] MotionStateMachine:is_ready_for_command:468 - is_ready_for_command(): 狀態寄存器=1100, Ready位=False
2025-07-17 01:05:17 [DEBUG] MotionStateMachine:is_ready_for_command:468 - is_ready_for_command(): 狀態寄存器=1100, Ready位=False
2025-07-17 01:05:17 [DEBUG] MotionStateMachine:is_ready_for_command:468 - is_ready_for_command(): 狀態寄存器=1100, Ready位=False
2025-07-17 01:05:17 [DEBUG] MotionStateMachine:is_ready_for_command:468 - is_ready_for_command(): 狀態寄存器=1100, Ready位=False
2025-07-17 01:05:17 [DEBUG] MotionStateMachine:is_ready_for_command:468 - is_ready_for_command(): 狀態寄存器=1100, Ready位=False
2025-07-17 01:05:17 [DEBUG] MotionStateMachine:is_ready_for_command:468 - is_ready_for_command(): 狀態寄存器=1100, Ready位=False
2025-07-17 01:05:17 [DEBUG] MotionStateMachine:is_ready_for_command:468 - is_ready_for_command(): 狀態寄存器=1100, Ready位=False
